Purchasing Organisation,Payment date,Voucher number (internal classification),Payment number,Supplier name,Service Area,Amount (£),Purpose,Supplier Type (internal classification),Invoice type (internal classification),Cost centre number,Directorate
RBC Legal Entity,2021/08/04,4553010,165,TRANSPARENT LANGUAGE INC,General Reference,3617,Computer Consumables,Third Party Supplier,STANDARD,1454,KAAA-Directorate of Economic Growth and Neighbourhood Services
RBC Legal Entity,2021/08/04,4573766,166,LUCID SOFTWARE INC,IT Management,3135,Software Licences,Third Party Supplier,STANDARD,2300,LAAA-Directorate of Resources
RBC Legal Entity,2021/08/02,4577191,254914,GS ECOLOGY LTD,Planning,420,TPP  Contract,SUPPLIER,STANDARD,4700,KAAA-Directorate of Economic Growth and Neighbourhood Services
RBC Legal Entity,2021/08/02,4577192,254914,GS ECOLOGY LTD,Planning,910,TPP  Contract,SUPPLIER,STANDARD,4700,KAAA-Directorate of Economic Growth and Neighbourhood Services
RBC Legal Entity,2021/08/02,4579784,254919,CREATIVE SUPPORT LTD,LD Community Services,4335.51,Purchased Care,Third Party Supplier,STANDARD,5741,JAAA-Directorate of Social Care and Health Services
RBC Legal Entity,2021/08/02,4579842,254919,CREATIVE SUPPORT LTD,LD Community Services,1836.46,Purchased Care,Third Party Supplier,STANDARD,5741,JAAA-Directorate of Social Care and Health Services
RBC Legal Entity,2021/08/02,4579843,254919,CREATIVE SUPPORT LTD,LD Community Services,1327.22,Purchased Care,Third Party Supplier,STANDARD,5741,JAAA-Directorate of Social Care and Health Services
RBC Legal Entity,2021/08/02,4579844,254919,CREATIVE SUPPORT LTD,LD Community Services,933.42,Purchased Care,Third Party Supplier,STANDARD,5741,JAAA-Directorate of Social Care and Health Services
RBC Legal Entity,2021/08/02,4579930,254919,CREATIVE SUPPORT LTD,LD Community Services,3475.5,Purchased Care,Third Party Supplier,STANDARD,5741,JAAA-Directorate of Social Care and Health Services
RBC Legal Entity,2021/08/02,4579931,254919,CREATIVE SUPPORT LTD,LD Community Services,3260.35,Purchased Care,Third Party Supplier,STANDARD,5741,JAAA-Directorate of Social Care and Health Services
RBC Legal Entity,2021/08/02,4576405,254920,CANSFORD LABORATORIES LIMITED,JLT Disbursements,100,Misc. Legal Expenses,SUPPLIER,STANDARD,2407,LAAA-Directorate of Resources
RBC Legal Entity,2021/08/02,4576405,254920,CANSFORD LABORATORIES LIMITED,JLT Disbursements,110,Misc. Legal Expenses,SUPPLIER,STANDARD,2407,LAAA-Directorate of Resources
RBC Legal Entity,2021/08/02,4576405,254920,CANSFORD LABORATORIES LIMITED,JLT Disbursements,264,Misc. Legal Expenses,SUPPLIER,STANDARD,2407,LAAA-Directorate of Resources
RBC Legal Entity,2021/08/02,4574412,254921,FCC RECYCLING (UK) LTD,Refuse Collection,6656.15,Tipping Charge,SUPPLIER,STANDARD,4561,KAAA-Directorate of Economic Growth and Neighbourhood Services
RBC Legal Entity,2021/08/02,4574753,254921,FCC RECYCLING (UK) LTD,Refuse Collection,6077.47,Tipping Charge,SUPPLIER,STANDARD,4561,KAAA-Directorate of Economic Growth and Neighbourhood Services
RBC Legal Entity,2021/08/02,4576333,254923,READING HAMPSHIRE PROPERTY PARTNERSHIP LIMITED,Blagdon Nursery,104.85,External Fees  Misc.,Third Party Supplier,STANDARD,8246,ZZZC-Capital
RBC Legal Entity,2021/08/02,4576333,254923,READING HAMPSHIRE PROPERTY PARTNERSHIP LIMITED,Holy Brook,104.85,External Fees  Misc.,Third Party Supplier,STANDARD,8263,ZZZC-Capital
RBC Legal Entity,2021/08/02,4576333,254923,READING HAMPSHIRE PROPERTY PARTNERSHIP LIMITED,Holy Brook,104.85,External Fees  Misc.,Third Party Supplier,STANDARD,8263,ZZZC-Capital
RBC Legal Entity,2021/08/02,4576333,254923,READING HAMPSHIRE PROPERTY PARTNERSHIP LIMITED,Blagrave Nursery,104.85,External Fees  Misc.,Third Party Supplier,STANDARD,8247,ZZZC-Capital
RBC Legal Entity,2021/08/02,4576333,254923,READING HAMPSHIRE PROPERTY PARTNERSHIP LIMITED,Thameside Primary,104.85,External Fees  Misc.,Third Party Supplier,STANDARD,8231,ZZZC-Capital
RBC Legal Entity,2021/08/02,4576333,254923,READING HAMPSHIRE PROPERTY PARTNERSHIP LIMITED,Caversham Primary,104.85,External Fees  Misc.,Third Party Supplier,STANDARD,8209,ZZZC-Capital
RBC Legal Entity,2021/08/02,4576333,254923,READING HAMPSHIRE PROPERTY PARTNERSHIP LIMITED,Coley Primary,104.85,External Fees  Misc.,Third Party Supplier,STANDARD,8212,ZZZC-Capital
RBC Legal Entity,2021/08/02,4576333,254923,READING HAMPSHIRE PROPERTY PARTNERSHIP LIMITED,Nrcot Nursery,104.85,External Fees  Misc.,Third Party Supplier,STANDARD,8250,ZZZC-Capital
RBC Legal Entity,2021/08/02,4576333,254923,READING HAMPSHIRE PROPERTY PARTNERSHIP LIMITED,Micklands Primary,235.92,External Fees  Misc.,Third Party Supplier,STANDARD,8221,ZZZC-Capital
RBC Legal Entity,2021/08/02,4576333,254923,READING HAMPSHIRE PROPERTY PARTNERSHIP LIMITED,Southcote Primary,235.92,External Fees  Misc.,Third Party Supplier,STANDARD,8229,ZZZC-Capital
RBC Legal Entity,2021/08/02,4576333,254923,READING HAMPSHIRE PROPERTY PARTNERSHIP LIMITED,Southcote Primary,235.92,External Fees  Misc.,Third Party Supplier,STANDARD,8229,ZZZC-Capital
RBC Legal Entity,2021/08/02,4576333,254923,READING HAMPSHIRE PROPERTY PARTNERSHIP LIMITED,Micklands Primary,314.56,External Fees  Misc.,Third Party Supplier,STANDARD,8221,ZZZC-Capital
RBC Legal Entity,2021/08/02,4576333,254923,READING HAMPSHIRE PROPERTY PARTNERSHIP LIMITED,St Michael's Primary,314.56,External Fees  Misc.,Third Party Supplier,STANDARD,8230,ZZZC-Capital
RBC Legal Entity,2021/08/02,4576333,254923,READING HAMPSHIRE PROPERTY PARTNERSHIP LIMITED,The Hill Primary,314.56,External Fees  Misc.,Third Party Supplier,STANDARD,8218,ZZZC-Capital
RBC Legal Entity,2021/08/02,4576333,254923,READING HAMPSHIRE PROPERTY PARTNERSHIP LIMITED,Moorlands Primary,314.56,External Fees  Misc.,Third Party Supplier,STANDARD,8222,ZZZC-Capital
RBC Legal Entity,2021/08/02,4576333,254923,READING HAMPSHIRE PROPERTY PARTNERSHIP LIMITED,Alfred Sutton Primary,314.56,External Fees  Misc.,Third Party Supplier,STANDARD,8207,ZZZC-Capital
RBC Legal Entity,2021/08/02,4576333,254923,READING HAMPSHIRE PROPERTY PARTNERSHIP LIMITED,Geoffrey Field Infant,393.2,External Fees  Misc.,Third Party Supplier,STANDARD,8215,ZZZC-Capital
RBC Legal Entity,2021/08/02,4576333,254923,READING HAMPSHIRE PROPERTY PARTNERSHIP LIMITED,Caversham Park Primary,393.2,External Fees  Misc.,Third Party Supplier,STANDARD,8210,ZZZC-Capital
RBC Legal Entity,2021/08/02,4576334,254923,READING HAMPSHIRE PROPERTY PARTNERSHIP LIMITED,Sport and Culture,1365.54,Consultancy Fees,Third Party Supplier,STANDARD,1300,KAAA-Directorate of Economic Growth and Neighbourhood Services
RBC Legal Entity,2021/08/02,4576334,254923,READING HAMPSHIRE PROPERTY PARTNERSHIP LIMITED,Multi_School Expenditure,1365.54,External Fees  Misc.,Third Party Supplier,STANDARD,8200,ZZZC-Capital
RBC Legal Entity,2021/08/02,4576343,254923,READING HAMPSHIRE PROPERTY PARTNERSHIP LIMITED,Oxford Road Primary,436.31,External Fees  Misc.,Third Party Supplier,STANDARD,8224,ZZZC-Capital
RBC Legal Entity,2021/08/02,4576343,254923,READING HAMPSHIRE PROPERTY PARTNERSHIP LIMITED,Park Lane Primary,436.31,External Fees  Misc.,Third Party Supplier,STANDARD,8225,ZZZC-Capital
RBC Legal Entity,2021/08/02,4576343,254923,READING HAMPSHIRE PROPERTY PARTNERSHIP LIMITED,Wilson Primary,799.91,External Fees  Misc.,Third Party Supplier,STANDARD,8235,ZZZC-Capital
RBC Legal Entity,2021/08/02,4576343,254923,READING HAMPSHIRE PROPERTY PARTNERSHIP LIMITED,Katesgrove Primary,1745.26,External Fees  Misc.,Third Party Supplier,STANDARD,8219,ZZZC-Capital
RBC Legal Entity,2021/08/02,4576343,254923,READING HAMPSHIRE PROPERTY PARTNERSHIP LIMITED,Emmer Green Primary,2181.57,External Fees  Misc.,Third Party Supplier,STANDARD,8214,ZZZC-Capital
RBC Legal Entity,2021/08/02,4576343,254923,READING HAMPSHIRE PROPERTY PARTNERSHIP LIMITED,The Hill Primary,3197,External Fees  Misc.,Third Party Supplier,STANDARD,8218,ZZZC-Capital
RBC Legal Entity,2021/08/02,4576343,254923,READING HAMPSHIRE PROPERTY PARTNERSHIP LIMITED,Whitley Park Infant,5817.52,External Fees  Misc.,Third Party Supplier,STANDARD,8233,ZZZC-Capital
RBC Legal Entity,2021/08/02,4576349,254923,READING HAMPSHIRE PROPERTY PARTNERSHIP LIMITED,Thameside Primary,1016.44,External Fees  Misc.,Third Party Supplier,STANDARD,8231,ZZZC-Capital
RBC Legal Entity,2021/08/02,4576526,254924,RNIB (ROYAL NATIONAL INSTITUTE OF BLIND PEOPLE),ASC Short Term Team,541.75,Aids + Appliances,Third Party Supplier,STANDARD,5722,JAAA-Directorate of Social Care and Health Services
RBC Legal Entity,2021/08/02,4576497,254926,JUSTINE RAMSDEN,JLT Disbursements,550,Misc. Legal Expenses,SUPPLIER,STANDARD,2407,LAAA-Directorate of Resources
RBC Legal Entity,2021/08/02,4582583,254928,CABINET OFFICE,Corporate Miscellaneous,3900,Professional Fees,GOVERNMENT,STANDARD,2855,MAAA-Corporate Codes
RBC Legal Entity,2021/08/02,4580030,254930,CARE4U WE LTD,LD Community Services,10010,Purchased Care,Third Party Supplier,STANDARD,5741,JAAA-Directorate of Social Care and Health Services
RBC Legal Entity,2021/08/02,4582239,254930,CARE4U WE LTD,Mental Health Community Services,828.64,Purchased Care,Third Party Supplier,STANDARD,5731,JAAA-Directorate of Social Care and Health Services
RBC Legal Entity,2021/08/02,4577967,254931,DONNA PRICE,JLT Disbursements,520.65,Misc. Legal Expenses,SUPPLIER,STANDARD,2407,LAAA-Directorate of Resources
RBC Legal Entity,2021/08/02,4582429,254932,PILON LTD,Repairs,5238.22,Roofs + Structural,SUB-CONTRACTOR,STANDARD,5970,HAAA-Housing Revenue Account
RBC Legal Entity,2021/08/02,4576113,254935,ORION MEDICAL SUPPLIES LTD,Drug Treatment Crime and Harm Reduction Grant,500,Payments to Operators,SUPPLIER,STANDARD,2070,JAAA-Directorate of Social Care and Health Services
RBC Legal Entity,2021/08/02,4581860,254938,EW BEARD LIMITED,HRA portfolio expansion,96515.48,External Fees  Misc.,SUB-CONTRACTOR,STANDARD,8518,ZZZC-Capital
RBC Legal Entity,2021/08/02,4581860,254938,EW BEARD LIMITED,HRA portfolio expansion,120694.89,External Fees  Misc.,SUB-CONTRACTOR,STANDARD,8518,ZZZC-Capital
RBC Legal Entity,2021/08/02,4576590,254941,CORALEDGE LTD,UTMC / ITS,1500,Contractors,SUPPLIER,STANDARD,8850,ZZZC-Capital
RBC Legal Entity,2021/08/02,4581012,254944,MATTHEW DALE-HARRIS,Planning,500,Misc. Legal Expenses,SUPPLIER,STANDARD,4700,KAAA-Directorate of Economic Growth and Neighbourhood Services
RBC Legal Entity,2021/08/02,4581012,254944,MATTHEW DALE-HARRIS,Planning,2500,Misc. Legal Expenses,SUPPLIER,STANDARD,4700,KAAA-Directorate of Economic Growth and Neighbourhood Services
RBC Legal Entity,2021/08/02,4577214,254945,WEST BERKSHIRE COUNCIL,Partnership Equipment Group,197955.75,Aids + Appliances,GOVERNMENT,STANDARD,5110,JAAA-Directorate of Social Care and Health Services
RBC Legal Entity,2021/08/02,4576188,254946,M&R SERVICES,Housing Management,1140,Special Measures Expenses,SUB-CONTRACTOR,STANDARD,5920,HAAA-Housing Revenue Account
RBC Legal Entity,2021/08/02,4576186,254947,CAPITA BUSINESS SERVICES LTD,Housing Benefits,530.4,TPP  Contract,Third Party Supplier,STANDARD,2265,LAAA-Directorate of Resources
RBC Legal Entity,2021/08/02,4576186,254947,CAPITA BUSINESS SERVICES LTD,Housing Benefits,2280,TPP  Contract,Third Party Supplier,STANDARD,2265,LAAA-Directorate of Resources
RBC Legal Entity,2021/08/02,4576186,254947,CAPITA BUSINESS SERVICES LTD,Housing Benefits,3630,TPP  Contract,Third Party Supplier,STANDARD,2265,LAAA-Directorate of Resources
RBC Legal Entity,2021/08/02,4576186,254947,CAPITA BUSINESS SERVICES LTD,Housing Benefits,22628.11,TPP  Contract,Third Party Supplier,STANDARD,2265,LAAA-Directorate of Resources
RBC Legal Entity,2021/08/02,4576105,254949,BELLSTAN LIMITED,Special Parking Area,5.4,Equipment Purchase & Repair,SUB-CONTRACTOR,STANDARD,4724,KAAA-Directorate of Economic Growth and Neighbourhood Services
RBC Legal Entity,2021/08/02,4576105,254949,BELLSTAN LIMITED,Special Parking Area,8.64,Equipment Purchase & Repair,SUB-CONTRACTOR,STANDARD,4724,KAAA-Directorate of Economic Growth and Neighbourhood Services
RBC Legal Entity,2021/08/02,4576105,254949,BELLSTAN LIMITED,Special Parking Area,62.28,Equipment Purchase & Repair,SUB-CONTRACTOR,STANDARD,4724,KAAA-Directorate of Economic Growth and Neighbourhood Services
RBC Legal Entity,2021/08/02,4576105,254949,BELLSTAN LIMITED,Special Parking Area,529.2,Equipment Purchase & Repair,SUB-CONTRACTOR,STANDARD,4724,KAAA-Directorate of Economic Growth and Neighbourhood Services
RBC Legal Entity,2021/08/02,4576106,254949,BELLSTAN LIMITED,Civil Engineering,7.58,H.M.Road Markings,SUB-CONTRACTOR,STANDARD,4550,KAAA-Directorate of Economic Growth and Neighbourhood Services
RBC Legal Entity,2021/08/02,4576106,254949,BELLSTAN LIMITED,Civil Engineering,7.58,H.M.Road Markings,SUB-CONTRACTOR,STANDARD,4550,KAAA-Directorate of Economic Growth and Neighbourhood Services
RBC Legal Entity,2021/08/02,4576106,254949,BELLSTAN LIMITED,Civil Engineering,12.42,H.M.Road Markings,SUB-CONTRACTOR,STANDARD,4550,KAAA-Directorate of Economic Growth and Neighbourhood Services
RBC Legal Entity,2021/08/02,4576106,254949,BELLSTAN LIMITED,Civil Engineering,12.42,H.M.Road Markings,SUB-CONTRACTOR,STANDARD,4550,KAAA-Directorate of Economic Growth and Neighbourhood Services
RBC Legal Entity,2021/08/02,4576106,254949,BELLSTAN LIMITED,Civil Engineering,18.96,H.M.Road Markings,SUB-CONTRACTOR,STANDARD,4550,KAAA-Directorate of Economic Growth and Neighbourhood Services
RBC Legal Entity,2021/08/02,4576106,254949,BELLSTAN LIMITED,Civil Engineering,21.7,H.M.Road Markings,SUB-CONTRACTOR,STANDARD,4550,KAAA-Directorate of Economic Growth and Neighbourhood Services
RBC Legal Entity,2021/08/02,4576106,254949,BELLSTAN LIMITED,Civil Engineering,25.59,H.M.Road Markings,SUB-CONTRACTOR,STANDARD,4550,KAAA-Directorate of Economic Growth and Neighbourhood Services
RBC Legal Entity,2021/08/02,4576106,254949,BELLSTAN LIMITED,Civil Engineering,49.92,H.M.Road Markings,SUB-CONTRACTOR,STANDARD,4550,KAAA-Directorate of Economic Growth and Neighbourhood Services
RBC Legal Entity,2021/08/02,4576106,254949,BELLSTAN LIMITED,Civil Engineering,81.88,H.M.Road Markings,SUB-CONTRACTOR,STANDARD,4550,KAAA-Directorate of Economic Growth and Neighbourhood Services
RBC Legal Entity,2021/08/02,4576106,254949,BELLSTAN LIMITED,Civil Engineering,109.68,H.M.Road Markings,SUB-CONTRACTOR,STANDARD,4550,KAAA-Directorate of Economic Growth and Neighbourhood Services
RBC Legal Entity,2021/08/02,4576106,254949,BELLSTAN LIMITED,Civil Engineering,115.42,H.M.Road Markings,SUB-CONTRACTOR,STANDARD,4550,KAAA-Directorate of Economic Growth and Neighbourhood Services
RBC Legal Entity,2021/08/02,4576106,254949,BELLSTAN LIMITED,Civil Engineering,117.25,H.M.Road Markings,SUB-CONTRACTOR,STANDARD,4550,KAAA-Directorate of Economic Growth and Neighbourhood Services
RBC Legal Entity,2021/08/02,4576195,254949,BELLSTAN LIMITED,LEP Projects,1075,Contractors,SUB-CONTRACTOR,STANDARD,8806,ZZZC-Capital
RBC Legal Entity,2021/08/02,4582483,254949,BELLSTAN LIMITED,Highways,51.19,Subcontractors Labour,SUB-CONTRACTOR,STANDARD,4252,KAAA-Directorate of Economic Growth and Neighbourhood Services
RBC Legal Entity,2021/08/02,4582483,254949,BELLSTAN LIMITED,Highways,53.76,Subcontractors Labour,SUB-CONTRACTOR,STANDARD,4252,KAAA-Directorate of Economic Growth and Neighbourhood Services
RBC Legal Entity,2021/08/02,4582483,254949,BELLSTAN LIMITED,Highways,65.95,Subcontractors Labour,SUB-CONTRACTOR,STANDARD,4252,KAAA-Directorate of Economic Growth and Neighbourhood Services
RBC Legal Entity,2021/08/02,4582483,254949,BELLSTAN LIMITED,Highways,81,Subcontractors Labour,SUB-CONTRACTOR,STANDARD,4252,KAAA-Directorate of Economic Growth and Neighbourhood Services
RBC Legal Entity,2021/08/02,4582483,254949,BELLSTAN LIMITED,Highways,89.04,Subcontractors Labour,SUB-CONTRACTOR,STANDARD,4252,KAAA-Directorate of Economic Growth and Neighbourhood Services
RBC Legal Entity,2021/08/02,4582483,254949,BELLSTAN LIMITED,Highways,97.55,Subcontractors Labour,SUB-CONTRACTOR,STANDARD,4252,KAAA-Directorate of Economic Growth and Neighbourhood Services
RBC Legal Entity,2021/08/02,4582483,254949,BELLSTAN LIMITED,Highways,134.74,Subcontractors Labour,SUB-CONTRACTOR,STANDARD,4252,KAAA-Directorate of Economic Growth and Neighbourhood Services
RBC Legal Entity,2021/08/02,4582483,254949,BELLSTAN LIMITED,Highways,140.48,Subcontractors Labour,SUB-CONTRACTOR,STANDARD,4252,KAAA-Directorate of Economic Growth and Neighbourhood Services
RBC Legal Entity,2021/08/02,4582483,254949,BELLSTAN LIMITED,Highways,182.21,Subcontractors Labour,SUB-CONTRACTOR,STANDARD,4252,KAAA-Directorate of Economic Growth and Neighbourhood Services
RBC Legal Entity,2021/08/02,4582483,254949,BELLSTAN LIMITED,Highways,361.62,Subcontractors Labour,SUB-CONTRACTOR,STANDARD,4252,KAAA-Directorate of Economic Growth and Neighbourhood Services
RBC Legal Entity,2021/08/02,4580342,254950,GLASRITE LTD,Planned Maintenance Trades,585,Subcontractors Labour,SUB-CONTRACTOR,STANDARD,4040,KAAA-Directorate of Economic Growth and Neighbourhood Services
RBC Legal Entity,2021/08/02,4580402,254950,GLASRITE LTD,DLO Day to Day Trades,1345,Subcontractors Labour,SUB-CONTRACTOR,STANDARD,4010,KAAA-Directorate of Economic Growth and Neighbourhood Services
RBC Legal Entity,2021/08/02,4580403,254950,GLASRITE LTD,DLO Planned Maintenance Trades,1100,Subcontractors Labour,SUB-CONTRACTOR,STANDARD,4030,KAAA-Directorate of Economic Growth and Neighbourhood Services
RBC Legal Entity,2021/08/02,4582244,254951,ABSOLUTE CARE UK LTD,PS Acquired Community Services,2394,Purchased Care,Third Party Supplier,STANDARD,5771,JAAA-Directorate of Social Care and Health Services
RBC Legal Entity,2021/08/02,4582245,254951,ABSOLUTE CARE UK LTD,PS Acquired Community Services,631.75,Purchased Care,Third Party Supplier,STANDARD,5771,JAAA-Directorate of Social Care and Health Services
RBC Legal Entity,2021/08/02,4582247,254951,ABSOLUTE CARE UK LTD,PS Acquired Community Services,874,Purchased Care,Third Party Supplier,STANDARD,5771,JAAA-Directorate of Social Care and Health Services
RBC Legal Entity,2021/08/02,4582248,254951,ABSOLUTE CARE UK LTD,PS Acquired Community Services,2660,Purchased Care,Third Party Supplier,STANDARD,5771,JAAA-Directorate of Social Care and Health Services
RBC Legal Entity,2021/08/02,4582250,254951,ABSOLUTE CARE UK LTD,PS Acquired Community Services,665,Purchased Care,Third Party Supplier,STANDARD,5771,JAAA-Directorate of Social Care and Health Services
RBC Legal Entity,2021/08/02,4582251,254951,ABSOLUTE CARE UK LTD,PS Acquired Community Services,2527,Purchased Care,Third Party Supplier,STANDARD,5771,JAAA-Directorate of Social Care and Health Services
RBC Legal Entity,2021/08/02,4582253,254951,ABSOLUTE CARE UK LTD,PS Acquired Community Services,665,Purchased Care,Third Party Supplier,STANDARD,5771,JAAA-Directorate of Social Care and Health Services
RBC Legal Entity,2021/08/02,4582259,254951,ABSOLUTE CARE UK LTD,PS Acquired Community Services,3154,Purchased Care,Third Party Supplier,STANDARD,5771,JAAA-Directorate of Social Care and Health Services
RBC Legal Entity,2021/08/02,4582261,254951,ABSOLUTE CARE UK LTD,PS Acquired Community Services,1805,Purchased Care,Third Party Supplier,STANDARD,5771,JAAA-Directorate of Social Care and Health Services
RBC Legal Entity,2021/08/02,4582263,254951,ABSOLUTE CARE UK LTD,PS Acquired Community Services,532,Purchased Care,Third Party Supplier,STANDARD,5771,JAAA-Directorate of Social Care and Health Services
RBC Legal Entity,2021/08/02,4582265,254951,ABSOLUTE CARE UK LTD,PS Acquired Community Services,646,Purchased Care,Third Party Supplier,STANDARD,5771,JAAA-Directorate of Social Care and Health Services
RBC Legal Entity,2021/08/02,4582266,254951,ABSOLUTE CARE UK LTD,PS Acquired Community Services,1729,Purchased Care,Third Party Supplier,STANDARD,5771,JAAA-Directorate of Social Care and Health Services
RBC Legal Entity,2021/08/02,4582267,254951,ABSOLUTE CARE UK LTD,PS Acquired Community Services,665,Purchased Care,Third Party Supplier,STANDARD,5771,JAAA-Directorate of Social Care and Health Services
RBC Legal Entity,2021/08/02,4582269,254951,ABSOLUTE CARE UK LTD,PS Acquired Community Services,1330,Purchased Care,Third Party Supplier,STANDARD,5771,JAAA-Directorate of Social Care and Health Services
RBC Legal Entity,2021/08/02,4582270,254951,ABSOLUTE CARE UK LTD,PS Acquired Community Services,1444,Purchased Care,Third Party Supplier,STANDARD,5771,JAAA-Directorate of Social Care and Health Services
RBC Legal Entity,2021/08/02,4582271,254951,ABSOLUTE CARE UK LTD,PS Acquired Community Services,593.75,Purchased Care,Third Party Supplier,STANDARD,5771,JAAA-Directorate of Social Care and Health Services
RBC Legal Entity,2021/08/02,4582272,254951,ABSOLUTE CARE UK LTD,PS Acquired Community Services,964.25,Purchased Care,Third Party Supplier,STANDARD,5771,JAAA-Directorate of Social Care and Health Services
RBC Legal Entity,2021/08/02,4582273,254951,ABSOLUTE CARE UK LTD,PS Acquired Community Services,1197,Purchased Care,Third Party Supplier,STANDARD,5771,JAAA-Directorate of Social Care and Health Services
RBC Legal Entity,2021/08/02,4582274,254951,ABSOLUTE CARE UK LTD,PS Acquired Community Services,1197,Purchased Care,Third Party Supplier,STANDARD,5771,JAAA-Directorate of Social Care and Health Services
RBC Legal Entity,2021/08/02,4582275,254951,ABSOLUTE CARE UK LTD,PS Acquired Community Services,1444,Purchased Care,Third Party Supplier,STANDARD,5771,JAAA-Directorate of Social Care and Health Services
RBC Legal Entity,2021/08/02,4582276,254951,ABSOLUTE CARE UK LTD,PS Acquired Community Services,698.25,Purchased Care,Third Party Supplier,STANDARD,5771,JAAA-Directorate of Social Care and Health Services
RBC Legal Entity,2021/08/02,4582277,254951,ABSOLUTE CARE UK LTD,PS Acquired Community Services,665,Purchased Care,Third Party Supplier,STANDARD,5771,JAAA-Directorate of Social Care and Health Services
RBC Legal Entity,2021/08/02,4582278,254951,ABSOLUTE CARE UK LTD,PS Acquired Community Services,4256,Purchased Care,Third Party Supplier,STANDARD,5771,JAAA-Directorate of Social Care and Health Services
RBC Legal Entity,2021/08/02,4580317,254952,TREVAL CLEANING SERVICES,South Street Performances,1827,Office Cleaning,SUPPLIER,STANDARD,1243,KAAA-Directorate of Economic Growth and Neighbourhood Services
RBC Legal Entity,2021/08/02,4580423,254954,AMBLEGLOW,Parking Strategy,1510,Advertising Costs,Third Party Supplier,STANDARD,8847,ZZZC-Capital
RBC Legal Entity,2021/08/02,4580536,254956,I.V CARE LTD,PS Acquired Community Services,931,Purchased Care,Third Party Supplier,STANDARD,5771,JAAA-Directorate of Social Care and Health Services
RBC Legal Entity,2021/08/02,4580537,254956,I.V CARE LTD,PS Acquired Community Services,954.75,Purchased Care,Third Party Supplier,STANDARD,5771,JAAA-Directorate of Social Care and Health Services
RBC Legal Entity,2021/08/02,4580538,254956,I.V CARE LTD,Mental Health Community Services,2128,Purchased Care,Third Party Supplier,STANDARD,5731,JAAA-Directorate of Social Care and Health Services
RBC Legal Entity,2021/08/02,4580539,254956,I.V CARE LTD,PS Acquired Community Services,1843,Purchased Care,Third Party Supplier,STANDARD,5771,JAAA-Directorate of Social Care and Health Services
RBC Legal Entity,2021/08/02,4580540,254956,I.V CARE LTD,PS Acquired Community Services,2128,Purchased Care,Third Party Supplier,STANDARD,5771,JAAA-Directorate of Social Care and Health Services
RBC Legal Entity,2021/08/02,4580541,254956,I.V CARE LTD,PS Acquired Community Services,2660,Purchased Care,Third Party Supplier,STANDARD,5771,JAAA-Directorate of Social Care and Health Services
RBC Legal Entity,2021/08/02,4580542,254956,I.V CARE LTD,PS Acquired Community Services,978.5,Purchased Care,Third Party Supplier,STANDARD,5771,JAAA-Directorate of Social Care and Health Services
RBC Legal Entity,2021/08/02,4580368,254957,CITY & GUILDS,New Directions,1059.78,Examination Fees,SUPPLIER,STANDARD,3340,KAAA-Directorate of Economic Growth and Neighbourhood Services
RBC Legal Entity,2021/08/02,4576417,254959,IPACS (UK) LTD,JLT Disbursements,1116,Misc. Legal Expenses,SUPPLIER,STANDARD,2407,LAAA-Directorate of Resources
RBC Legal Entity,2021/08/02,4577215,254960,ISG CONSTRUCTION LTD,Phoenix College (Reading Alternative),781310.36,Building Works,SUB-CONTRACTOR,STANDARD,8264,ZZZC-Capital
RBC Legal Entity,2021/08/02,4576198,254963,VICTIM SUPPORT BERKSHIRE,ASC Voluntary Grants,3296,GrantsVolunt.Organ.,SUPPLIER,STANDARD,5300,JAAA-Directorate of Social Care and Health Services
RBC Legal Entity,2021/08/02,4580410,254964,UNITED LIVING SOUTH LTD,MRA Account,21251.49,Mains Services & Plumbing,SUB-CONTRACTOR,STANDARD,5975,HAAA-Housing Revenue Account
RBC Legal Entity,2021/08/02,4580410,254964,UNITED LIVING SOUTH LTD,MRA Account,57392.66,Mains Services & Plumbing,SUB-CONTRACTOR,STANDARD,5975,HAAA-Housing Revenue Account
RBC Legal Entity,2021/08/02,4577895,254965,BERKSHIRE ROOMS,Bed and Breakfast,665,Rents,SUPPLIER,STANDARD,5871,KAAA-Directorate of Economic Growth and Neighbourhood Services
RBC Legal Entity,2021/08/02,4577905,254965,BERKSHIRE ROOMS,Bed and Breakfast,133,Rents,SUPPLIER,STANDARD,5871,KAAA-Directorate of Economic Growth and Neighbourhood Services
RBC Legal Entity,2021/08/02,4577905,254965,BERKSHIRE ROOMS,Bed and Breakfast,532,Rents,SUPPLIER,STANDARD,5871,KAAA-Directorate of Economic Growth and Neighbourhood Services
RBC Legal Entity,2021/08/02,4580371,254968,CITY & GUILDS,New Directions,756.7,Examination Fees,SUPPLIER,STANDARD,3340,KAAA-Directorate of Economic Growth and Neighbourhood Services
RBC Legal Entity,2021/08/02,4568917,254970,STUART DIGGENS BUILDING & ROOFING LTD,Town Hall - Museum,240,Display/Museum Exhibits,SUB-CONTRACTOR,STANDARD,1255,KAAA-Directorate of Economic Growth and Neighbourhood Services
RBC Legal Entity,2021/08/02,4568917,254970,STUART DIGGENS BUILDING & ROOFING LTD,Town Hall - Museum,440,Display/Museum Exhibits,SUB-CONTRACTOR,STANDARD,1255,KAAA-Directorate of Economic Growth and Neighbourhood Services
RBC Legal Entity,2021/08/02,4568918,254970,STUART DIGGENS BUILDING & ROOFING LTD,Town Hall - Museum,350,Display/Museum Exhibits,SUB-CONTRACTOR,STANDARD,1255,KAAA-Directorate of Economic Growth and Neighbourhood Services
RBC Legal Entity,2021/08/02,4568918,254970,STUART DIGGENS BUILDING & ROOFING LTD,Town Hall - Museum,800,Display/Museum Exhibits,SUB-CONTRACTOR,STANDARD,1255,KAAA-Directorate of Economic Growth and Neighbourhood Services
RBC Legal Entity,2021/08/02,4576184,254972,CIPFA,Corporate Miscellaneous,4995,Subscriptions,Third Party Supplier,STANDARD,2855,MAAA-Corporate Codes
RBC Legal Entity,2021/08/02,4580176,254973,READING HOTEL,Bed and Breakfast,2795,Rents,SUPPLIER,STANDARD,5871,KAAA-Directorate of Economic Growth and Neighbourhood Services
RBC Legal Entity,2021/08/02,4576187,254974,GEESINK NORBA LTD,Fleet Management,45.3,Vehicle Maintenance,SUPPLIER,STANDARD,4552,KAAA-Directorate of Economic Growth and Neighbourhood Services
RBC Legal Entity,2021/08/02,4576187,254974,GEESINK NORBA LTD,Fleet Management,50.3,Vehicle Maintenance,SUPPLIER,STANDARD,4552,KAAA-Directorate of Economic Growth and Neighbourhood Services
RBC Legal Entity,2021/08/02,4576187,254974,GEESINK NORBA LTD,Fleet Management,50.3,Vehicle Maintenance,SUPPLIER,STANDARD,4552,KAAA-Directorate of Economic Growth and Neighbourhood Services
RBC Legal Entity,2021/08/02,4576187,254974,GEESINK NORBA LTD,Fleet Management,62.34,Unfair Wear + Tear Costs,SUPPLIER,STANDARD,4552,KAAA-Directorate of Economic Growth and Neighbourhood Services
RBC Legal Entity,2021/08/02,4576187,254974,GEESINK NORBA LTD,Fleet Management,67.95,Vehicle Maintenance,SUPPLIER,STANDARD,4552,KAAA-Directorate of Economic Growth and Neighbourhood Services
RBC Legal Entity,2021/08/02,4576187,254974,GEESINK NORBA LTD,Fleet Management,199.62,Unfair Wear + Tear Costs,SUPPLIER,STANDARD,4552,KAAA-Directorate of Economic Growth and Neighbourhood Services
RBC Legal Entity,2021/08/02,4576187,254974,GEESINK NORBA LTD,Fleet Management,323.2,Unfair Wear + Tear Costs,SUPPLIER,STANDARD,4552,KAAA-Directorate of Economic Growth and Neighbourhood Services
RBC Legal Entity,2021/08/02,4576187,254974,GEESINK NORBA LTD,Fleet Management,575.63,Vehicle Maintenance,SUPPLIER,STANDARD,4552,KAAA-Directorate of Economic Growth and Neighbourhood Services
RBC Legal Entity,2021/08/02,4576187,254974,GEESINK NORBA LTD,Fleet Management,578.25,Unfair Wear + Tear Costs,SUPPLIER,STANDARD,4552,KAAA-Directorate of Economic Growth and Neighbourhood Services
RBC Legal Entity,2021/08/02,4576187,254974,GEESINK NORBA LTD,Fleet Management,784.42,Vehicle Maintenance,SUPPLIER,STANDARD,4552,KAAA-Directorate of Economic Growth and Neighbourhood Services
RBC Legal Entity,2021/08/02,4557834,254975,APSE,Street Cleansing,157.5,Materials from Store,Third Party Supplier,STANDARD,4566,KAAA-Directorate of Economic Growth and Neighbourhood Services
RBC Legal Entity,2021/08/02,4557834,254975,APSE,Grounds Maintenance,157.5,Consultancy Fees,Third Party Supplier,STANDARD,1306,KAAA-Directorate of Economic Growth and Neighbourhood Services
RBC Legal Entity,2021/08/02,4557834,254975,APSE,Street Cleansing,787.5,Materials from Store,Third Party Supplier,STANDARD,4566,KAAA-Directorate of Economic Growth and Neighbourhood Services
RBC Legal Entity,2021/08/02,4557834,254975,APSE,Grounds Maintenance,787.5,Consultancy Fees,Third Party Supplier,STANDARD,1306,KAAA-Directorate of Economic Growth and Neighbourhood Services
RBC Legal Entity,2021/08/02,4576574,254976,WILLS BROS CIVIL ENGINEERING LTD,LEP Projects,314443.04,Contractors,SUB-CONTRACTOR,STANDARD,8806,ZZZC-Capital
RBC Legal Entity,2021/08/02,4577454,254977,WESSEX PETROLEUM T/A WP GROUP,Corporate FM - Office Buildings,33197.11,Fuel + Oil,Third Party Supplier,STANDARD,3738,KAAA-Directorate of Economic Growth and Neighbourhood Services
RBC Legal Entity,2021/08/02,4580484,254979,AMHERST READING,Housing GF General Charges,350,Preventive+SupportiveServ,Third Party Supplier,STANDARD,5810,KAAA-Directorate of Economic Growth and Neighbourhood Services
RBC Legal Entity,2021/08/02,4580484,254979,AMHERST READING,Housing GF General Charges,350,Preventive+SupportiveServ,Third Party Supplier,STANDARD,5810,KAAA-Directorate of Economic Growth and Neighbourhood Services
RBC Legal Entity,2021/08/02,4576258,254981,AGILISYS LIMITED,Local Elections,3375,Elections,SUPPLIER,STANDARD,2425,LAAA-Directorate of Resources
RBC Legal Entity,2021/08/02,4576258,254981,AGILISYS LIMITED,Parliamentary Elections,3375,Elections,SUPPLIER,STANDARD,2430,LAAA-Directorate of Resources
RBC Legal Entity,2021/08/02,4577067,254982,VICTORIA PUTNAM,JLT Disbursements,1500,Misc. Legal Expenses,SUPPLIER,STANDARD,2407,LAAA-Directorate of Resources
RBC Legal Entity,2021/08/02,4577086,254982,VICTORIA PUTNAM,JLT Disbursements,700,Misc. Legal Expenses,SUPPLIER,STANDARD,2407,LAAA-Directorate of Resources
RBC Legal Entity,2021/08/02,4577873,254982,VICTORIA PUTNAM,JLT Disbursements,550,Misc. Legal Expenses,SUPPLIER,STANDARD,2407,LAAA-Directorate of Resources
RBC Legal Entity,2021/08/02,4577874,254982,VICTORIA PUTNAM,JLT Disbursements,550,Misc. Legal Expenses,SUPPLIER,STANDARD,2407,LAAA-Directorate of Resources
RBC Legal Entity,2021/08/02,4579407,254985,CONTRACT OPTIONS LTD,LEP Projects,684.44,Contractors,Third Party Supplier,STANDARD,8806,ZZZC-Capital
RBC Legal Entity,2021/08/02,4576203,254986,TOTAL COMPUTER NETWORKS LTD,IT Management,10380,Computer Consumables,Third Party Supplier,STANDARD,2300,LAAA-Directorate of Resources
RBC Legal Entity,2021/08/02,4577534,254986,TOTAL COMPUTER NETWORKS LTD,ASC Short Term Team,2076,PurchaseComputer Equipt,Third Party Supplier,STANDARD,5722,JAAA-Directorate of Social Care and Health Services
RBC Legal Entity,2021/08/02,4577206,254988,ZOE GIBSON,South Street Operations,500,Professional Fees,Third Party Supplier,STANDARD,1220,KAAA-Directorate of Economic Growth and Neighbourhood Services
RBC Legal Entity,2021/08/02,4376675,254989,BERKSHIRE HEALTHCARE NHS TRUST,DECs Contracts,212520.8,GrantsVolunt.Organ.,Third Party Supplier,STANDARD,3590,JAAA-Directorate of Social Care and Health Services
RBC Legal Entity,2021/08/02,4376676,254989,BERKSHIRE HEALTHCARE NHS TRUST,DECs Contracts,56979.1,GrantsVolunt.Organ.,Third Party Supplier,STANDARD,3590,JAAA-Directorate of Social Care and Health Services
RBC Legal Entity,2021/08/02,4376677,254989,BERKSHIRE HEALTHCARE NHS TRUST,DECs Contracts,22220,GrantsVolunt.Organ.,Third Party Supplier,STANDARD,3590,JAAA-Directorate of Social Care and Health Services
RBC Legal Entity,2021/08/02,4376678,254989,BERKSHIRE HEALTHCARE NHS TRUST,DECs Contracts,21252.08,GrantsVolunt.Organ.,Third Party Supplier,STANDARD,3590,JAAA-Directorate of Social Care and Health Services
RBC Legal Entity,2021/08/02,4376679,254989,BERKSHIRE HEALTHCARE NHS TRUST,DECs Contracts,5697.91,GrantsVolunt.Organ.,Third Party Supplier,STANDARD,3590,JAAA-Directorate of Social Care and Health Services
RBC Legal Entity,2021/08/02,4376680,254989,BERKSHIRE HEALTHCARE NHS TRUST,DECs Contracts,22220,GrantsVolunt.Organ.,Third Party Supplier,STANDARD,3590,JAAA-Directorate of Social Care and Health Services
RBC Legal Entity,2021/08/02,4376681,254989,BERKSHIRE HEALTHCARE NHS TRUST,DECs Contracts,21252.08,GrantsVolunt.Organ.,Third Party Supplier,STANDARD,3590,JAAA-Directorate of Social Care and Health Services
RBC Legal Entity,2021/08/02,4376682,254989,BERKSHIRE HEALTHCARE NHS TRUST,DECs Contracts,5697.91,GrantsVolunt.Organ.,Third Party Supplier,STANDARD,3590,JAAA-Directorate of Social Care and Health Services
RBC Legal Entity,2021/08/02,4376683,254989,BERKSHIRE HEALTHCARE NHS TRUST,DECs Contracts,2222,GrantsVolunt.Organ.,Third Party Supplier,STANDARD,3590,JAAA-Directorate of Social Care and Health Services
RBC Legal Entity,2021/08/02,4376684,254989,BERKSHIRE HEALTHCARE NHS TRUST,DECs Contracts,-19998,GrantsVolunt.Organ.,Third Party Supplier,CREDIT,3590,JAAA-Directorate of Social Care and Health Services
RBC Legal Entity,2021/08/02,4376685,254989,BERKSHIRE HEALTHCARE NHS TRUST,DECs Contracts,-350063.88,GrantsVolunt.Organ.,Third Party Supplier,CREDIT,3590,JAAA-Directorate of Social Care and Health Services
RBC Legal Entity,2021/08/02,4576474,254989,BERKSHIRE HEALTHCARE NHS TRUST,Public Health Team Costs,-829.58,NHS Trusts,Third Party Supplier,CREDIT,2065,JAAA-Directorate of Social Care and Health Services
RBC Legal Entity,2021/08/02,4576501,254989,BERKSHIRE HEALTHCARE NHS TRUST,Public Health Team Costs,236666.67,NHS Trusts,Third Party Supplier,STANDARD,2065,JAAA-Directorate of Social Care and Health Services
RBC Legal Entity,2021/08/02,4577510,254990,REED,ASC Locality Team,4.5,Agency Staff,SUPPLIER,STANDARD,5721,JAAA-Directorate of Social Care and Health Services
RBC Legal Entity,2021/08/02,4577510,254990,REED,ASC Short Term Team,5.4,Agency Staff,SUPPLIER,STANDARD,5722,JAAA-Directorate of Social Care and Health Services
RBC Legal Entity,2021/08/02,4577510,254990,REED,ASC Locality Team,5.85,Agency Staff,SUPPLIER,STANDARD,5721,JAAA-Directorate of Social Care and Health Services
RBC Legal Entity,2021/08/02,4577510,254990,REED,Mental Health Team,9,Agency Staff,SUPPLIER,STANDARD,5253,JAAA-Directorate of Social Care and Health Services
RBC Legal Entity,2021/08/02,4577510,254990,REED,Community Re-ablement Team,13.5,Agency Staff,SUPPLIER,STANDARD,5205,JAAA-Directorate of Social Care and Health Services
RBC Legal Entity,2021/08/02,4577510,254990,REED,Community Re-ablement Team,15.75,Agency Staff,SUPPLIER,STANDARD,5205,JAAA-Directorate of Social Care and Health Services
RBC Legal Entity,2021/08/02,4577510,254990,REED,Community Re-ablement Team,15.75,Agency Staff,SUPPLIER,STANDARD,5205,JAAA-Directorate of Social Care and Health Services
RBC Legal Entity,2021/08/02,4577510,254990,REED,Community Re-ablement Team,17.1,Agency Staff,SUPPLIER,STANDARD,5205,JAAA-Directorate of Social Care and Health Services
RBC Legal Entity,2021/08/02,4577510,254990,REED,BFFC Agency Staff (Rechargeable),20.25,Agency Staff,SUPPLIER,STANDARD,2008,LAAA-Directorate of Resources
RBC Legal Entity,2021/08/02,4577510,254990,REED,BFFC Agency Staff (Rechargeable),22.5,Agency Staff,SUPPLIER,STANDARD,2008,LAAA-Directorate of Resources
RBC Legal Entity,2021/08/02,4577510,254990,REED,BFFC Agency Staff (Rechargeable),30.6,Agency Staff,SUPPLIER,STANDARD,2008,LAAA-Directorate of Resources
RBC Legal Entity,2021/08/02,4577510,254990,REED,BFFC Agency Staff (Rechargeable),43.2,Agency Staff,SUPPLIER,STANDARD,2008,LAAA-Directorate of Resources
RBC Legal Entity,2021/08/02,4577510,254990,REED,ASC Short Term Team,53.55,Agency Staff,SUPPLIER,STANDARD,5722,JAAA-Directorate of Social Care and Health Services
RBC Legal Entity,2021/08/02,4577510,254990,REED,BFFC Agency Staff (Rechargeable),65.31,Agency Staff,SUPPLIER,STANDARD,2008,LAAA-Directorate of Resources
RBC Legal Entity,2021/08/02,4577510,254990,REED,Community Re-ablement Team,75.6,Agency Staff,SUPPLIER,STANDARD,5205,JAAA-Directorate of Social Care and Health Services
RBC Legal Entity,2021/08/02,4577510,254990,REED,ASC Short Term Team,75.6,Agency Staff,SUPPLIER,STANDARD,5722,JAAA-Directorate of Social Care and Health Services
RBC Legal Entity,2021/08/02,4577510,254990,REED,BFFC Agency Staff (Rechargeable),77.67,Agency Staff,SUPPLIER,STANDARD,2008,LAAA-Directorate of Resources
RBC Legal Entity,2021/08/02,4577510,254990,REED,Community Re-ablement Team,86.85,Agency Staff,SUPPLIER,STANDARD,5205,JAAA-Directorate of Social Care and Health Services
RBC Legal Entity,2021/08/02,4577510,254990,REED,Refuse Collection,87.93,Agency Staff,SUPPLIER,STANDARD,4561,KAAA-Directorate of Economic Growth and Neighbourhood Services
RBC Legal Entity,2021/08/02,4577510,254990,REED,BFFC Agency Staff (Rechargeable),92.7,Agency Staff,SUPPLIER,STANDARD,2008,LAAA-Directorate of Resources
RBC Legal Entity,2021/08/02,4577510,254990,REED,BFFC Agency Staff (Rechargeable),93.15,Agency Staff,SUPPLIER,STANDARD,2008,LAAA-Directorate of Resources
RBC Legal Entity,2021/08/02,4577510,254990,REED,Community Re-ablement Team,124.97,Agency Staff,SUPPLIER,STANDARD,5205,JAAA-Directorate of Social Care and Health Services
RBC Legal Entity,2021/08/02,4577510,254990,REED,Community Re-ablement Team,124.97,Agency Staff,SUPPLIER,STANDARD,5205,JAAA-Directorate of Social Care and Health Services
RBC Legal Entity,2021/08/02,4577510,254990,REED,Community Re-ablement Team,124.97,Agency Staff,SUPPLIER,STANDARD,5205,JAAA-Directorate of Social Care and Health Services
RBC Legal Entity,2021/08/02,4577510,254990,REED,Community Re-ablement Team,124.97,Agency Staff,SUPPLIER,STANDARD,5205,JAAA-Directorate of Social Care and Health Services
RBC Legal Entity,2021/08/02,4577510,254990,REED,Pinecroft Home,133.88,Agency Staff,SUPPLIER,STANDARD,5435,NAAA-Former Directorate of Education and Childrens Services
RBC Legal Entity,2021/08/02,4577510,254990,REED,BFFC Agency Staff (Rechargeable),180,Agency Staff,SUPPLIER,STANDARD,2008,LAAA-Directorate of Resources
RBC Legal Entity,2021/08/02,4577510,254990,REED,BFFC Agency Staff (Rechargeable),223.65,Agency Staff,SUPPLIER,STANDARD,2008,LAAA-Directorate of Resources
RBC Legal Entity,2021/08/02,4577510,254990,REED,Pinecroft Home,224.5,Agency Staff,SUPPLIER,STANDARD,5435,NAAA-Former Directorate of Education and Childrens Services
RBC Legal Entity,2021/08/02,4577510,254990,REED,Refuse Collection,238.52,Agency Staff,SUPPLIER,STANDARD,4561,KAAA-Directorate of Economic Growth and Neighbourhood Services
RBC Legal Entity,2021/08/02,4577510,254990,REED,Lateral Flow Testing,290.28,Agency Staff,SUPPLIER,STANDARD,2701,LAAA-Directorate of Resources
RBC Legal Entity,2021/08/02,4577510,254990,REED,Refuse Collection,297.93,Agency Staff,SUPPLIER,STANDARD,4561,KAAA-Directorate of Economic Growth and Neighbourhood Services
RBC Legal Entity,2021/08/02,4577510,254990,REED,Pinecroft Home,317.39,Agency Staff,SUPPLIER,STANDARD,5435,NAAA-Former Directorate of Education and Childrens Services
RBC Legal Entity,2021/08/02,4577510,254990,REED,Street Cleansing,319.12,Agency Staff,SUPPLIER,STANDARD,4566,KAAA-Directorate of Economic Growth and Neighbourhood Services
RBC Legal Entity,2021/08/02,4577510,254990,REED,BFFC Agency Staff (Rechargeable),339.11,Agency Staff,SUPPLIER,STANDARD,2008,LAAA-Directorate of Resources
RBC Legal Entity,2021/08/02,4577510,254990,REED,Lateral Flow Testing,357.26,Agency Staff,SUPPLIER,STANDARD,2701,LAAA-Directorate of Resources
RBC Legal Entity,2021/08/02,4577510,254990,REED,Commissioning Team,360.19,Agency Staff,SUPPLIER,STANDARD,3452,JAAA-Directorate of Social Care and Health Services
RBC Legal Entity,2021/08/02,4577510,254990,REED,BFFC Agency Staff (Rechargeable),384.31,Agency Staff,SUPPLIER,STANDARD,2008,LAAA-Directorate of Resources
RBC Legal Entity,2021/08/02,4577510,254990,REED,Street Cleansing,425.49,Agency Staff,SUPPLIER,STANDARD,4566,KAAA-Directorate of Economic Growth and Neighbourhood Services
RBC Legal Entity,2021/08/02,4577510,254990,REED,Lateral Flow Testing,463.9,Agency Staff,SUPPLIER,STANDARD,2701,LAAA-Directorate of Resources
RBC Legal Entity,2021/08/02,4577510,254990,REED,Lateral Flow Testing,463.9,Agency Staff,SUPPLIER,STANDARD,2701,LAAA-Directorate of Resources
RBC Legal Entity,2021/08/02,4577510,254990,REED,Refuse Collection,480.23,Agency Staff,SUPPLIER,STANDARD,4561,KAAA-Directorate of Economic Growth and Neighbourhood Services
RBC Legal Entity,2021/08/02,4577510,254990,REED,Lateral Flow Testing,483.79,Agency Staff,SUPPLIER,STANDARD,2701,LAAA-Directorate of Resources
RBC Legal Entity,2021/08/02,4577510,254990,REED,Accountancy,489.96,Agency Staff,SUPPLIER,STANDARD,2200,LAAA-Directorate of Resources
RBC Legal Entity,2021/08/02,4577510,254990,REED,Accountancy,489.96,Agency Staff,SUPPLIER,STANDARD,2200,LAAA-Directorate of Resources
RBC Legal Entity,2021/08/02,4577510,254990,REED,Street Cleansing,531.86,Agency Staff,SUPPLIER,STANDARD,4566,KAAA-Directorate of Economic Growth and Neighbourhood Services
RBC Legal Entity,2021/08/02,4577510,254990,REED,Customer Services - Reception,531.86,Agency Staff,SUPPLIER,STANDARD,2595,LAAA-Directorate of Resources
RBC Legal Entity,2021/08/02,4577510,254990,REED,Lateral Flow Testing,535.27,Agency Staff,SUPPLIER,STANDARD,2701,LAAA-Directorate of Resources
RBC Legal Entity,2021/08/02,4577510,254990,REED,Lateral Flow Testing,535.27,Agency Staff,SUPPLIER,STANDARD,2701,LAAA-Directorate of Resources
RBC Legal Entity,2021/08/02,4577510,254990,REED,Lateral Flow Testing,542.95,Agency Staff,SUPPLIER,STANDARD,2701,LAAA-Directorate of Resources
RBC Legal Entity,2021/08/02,4577510,254990,REED,Procurement Services,557.39,Agency Staff,SUPPLIER,STANDARD,2402,LAAA-Directorate of Resources
RBC Legal Entity,2021/08/02,4577510,254990,REED,Procurement Services,557.39,Agency Staff,SUPPLIER,STANDARD,2402,LAAA-Directorate of Resources
RBC Legal Entity,2021/08/02,4577510,254990,REED,Lateral Flow Testing,579.88,Agency Staff,SUPPLIER,STANDARD,2701,LAAA-Directorate of Resources
RBC Legal Entity,2021/08/02,4577510,254990,REED,Lateral Flow Testing,579.88,Agency Staff,SUPPLIER,STANDARD,2701,LAAA-Directorate of Resources
RBC Legal Entity,2021/08/02,4577510,254990,REED,Lateral Flow Testing,579.88,Agency Staff,SUPPLIER,STANDARD,2701,LAAA-Directorate of Resources
RBC Legal Entity,2021/08/02,4577510,254990,REED,Refuse Collection,583.04,Agency Staff,SUPPLIER,STANDARD,4561,KAAA-Directorate of Economic Growth and Neighbourhood Services
RBC Legal Entity,2021/08/02,4577510,254990,REED,Refuse Collection,591.61,Agency Staff,SUPPLIER,STANDARD,4561,KAAA-Directorate of Economic Growth and Neighbourhood Services
RBC Legal Entity,2021/08/02,4577510,254990,REED,Grounds Maintenance,624.31,Agency Staff,SUPPLIER,STANDARD,1306,KAAA-Directorate of Economic Growth and Neighbourhood Services
RBC Legal Entity,2021/08/02,4577510,254990,REED,Buildings Payroll,626.11,Agency Staff,SUPPLIER,STANDARD,3390,KAAA-Directorate of Economic Growth and Neighbourhood Services
RBC Legal Entity,2021/08/02,4577510,254990,REED,BFFC Agency Staff (Rechargeable),628.5,Agency Staff,SUPPLIER,STANDARD,2008,LAAA-Directorate of Resources
RBC Legal Entity,2021/08/02,4577510,254990,REED,Street Cleansing,630.24,Agency Staff,SUPPLIER,STANDARD,4566,KAAA-Directorate of Economic Growth and Neighbourhood Services
RBC Legal Entity,2021/08/02,4577510,254990,REED,Street Cleansing,630.24,Agency Staff,SUPPLIER,STANDARD,4566,KAAA-Directorate of Economic Growth and Neighbourhood Services
RBC Legal Entity,2021/08/02,4577510,254990,REED,Refuse Collection,631.44,Agency Staff,SUPPLIER,STANDARD,4561,KAAA-Directorate of Economic Growth and Neighbourhood Services
RBC Legal Entity,2021/08/02,4577510,254990,REED,Refuse Collection,632.31,Agency Staff,SUPPLIER,STANDARD,4561,KAAA-Directorate of Economic Growth and Neighbourhood Services
RBC Legal Entity,2021/08/02,4577510,254990,REED,Street Cleansing,638.22,Agency Staff,SUPPLIER,STANDARD,4566,KAAA-Directorate of Economic Growth and Neighbourhood Services
RBC Legal Entity,2021/08/02,4577510,254990,REED,Grounds Maintenance,640.33,Agency Staff,SUPPLIER,STANDARD,1306,KAAA-Directorate of Economic Growth and Neighbourhood Services
RBC Legal Entity,2021/08/02,4577510,254990,REED,BFFC Agency Staff (Rechargeable),664.45,Agency Staff,SUPPLIER,STANDARD,2008,LAAA-Directorate of Resources
RBC Legal Entity,2021/08/02,4577510,254990,REED,BFFC Agency Staff (Rechargeable),664.45,Agency Staff,SUPPLIER,STANDARD,2008,LAAA-Directorate of Resources
RBC Legal Entity,2021/08/02,4577510,254990,REED,Lateral Flow Testing,686.94,Agency Staff,SUPPLIER,STANDARD,2701,LAAA-Directorate of Resources
RBC Legal Entity,2021/08/02,4577510,254990,REED,Public Health Team Costs,704.15,Agency Staff,SUPPLIER,STANDARD,2065,JAAA-Directorate of Social Care and Health Services
RBC Legal Entity,2021/08/02,4577510,254990,REED,Refuse Collection,728.36,Agency Staff,SUPPLIER,STANDARD,4561,KAAA-Directorate of Economic Growth and Neighbourhood Services
RBC Legal Entity,2021/08/02,4577510,254990,REED,Lateral Flow Testing,737.24,Agency Staff,SUPPLIER,STANDARD,2701,LAAA-Directorate of Resources
RBC Legal Entity,2021/08/02,4577510,254990,REED,Lateral Flow Testing,737.24,Agency Staff,SUPPLIER,STANDARD,2701,LAAA-Directorate of Resources
RBC Legal Entity,2021/08/02,4577510,254990,REED,Lateral Flow Testing,743.49,Agency Staff,SUPPLIER,STANDARD,2701,LAAA-Directorate of Resources
RBC Legal Entity,2021/08/02,4577510,254990,REED,Lateral Flow Testing,745.09,Agency Staff,SUPPLIER,STANDARD,2701,LAAA-Directorate of Resources
RBC Legal Entity,2021/08/02,4577510,254990,REED,Community Re-ablement Team,749.77,Agency Staff,SUPPLIER,STANDARD,5205,JAAA-Directorate of Social Care and Health Services
RBC Legal Entity,2021/08/02,4577510,254990,REED,BFFC Agency Staff (Rechargeable),797.63,Agency Staff,SUPPLIER,STANDARD,2008,LAAA-Directorate of Resources
RBC Legal Entity,2021/08/02,4577510,254990,REED,ASC Locality Team,845.45,Agency Staff,SUPPLIER,STANDARD,5721,JAAA-Directorate of Social Care and Health Services
RBC Legal Entity,2021/08/02,4577510,254990,REED,ASC Senior Management Team,870.4,Agency Staff,SUPPLIER,STANDARD,5700,JAAA-Directorate of Social Care and Health Services
RBC Legal Entity,2021/08/02,4577510,254990,REED,BFFC Agency Staff (Rechargeable),871.8,Agency Staff,SUPPLIER,STANDARD,2008,LAAA-Directorate of Resources
RBC Legal Entity,2021/08/02,4577510,254990,REED,Community Re-ablement Team,874.72,Agency Staff,SUPPLIER,STANDARD,5205,JAAA-Directorate of Social Care and Health Services
RBC Legal Entity,2021/08/02,4577510,254990,REED,Lateral Flow Testing,877.78,Agency Staff,SUPPLIER,STANDARD,2701,LAAA-Directorate of Resources
RBC Legal Entity,2021/08/02,4577510,254990,REED,Civil Engineering,906.87,Agency Staff,SUPPLIER,STANDARD,4550,KAAA-Directorate of Economic Growth and Neighbourhood Services
RBC Legal Entity,2021/08/02,4577510,254990,REED,Lateral Flow Testing,923.03,Agency Staff,SUPPLIER,STANDARD,2701,LAAA-Directorate of Resources
RBC Legal Entity,2021/08/02,4577510,254990,REED,Housing Advice,938.43,Agency Staff,SUPPLIER,STANDARD,5820,KAAA-Directorate of Economic Growth and Neighbourhood Services
RBC Legal Entity,2021/08/02,4577510,254990,REED,Lateral Flow Testing,968.61,Agency Staff,SUPPLIER,STANDARD,2701,LAAA-Directorate of Resources
RBC Legal Entity,2021/08/02,4577510,254990,REED,ASC Locality Team,1040.7,Agency Staff,SUPPLIER,STANDARD,5721,JAAA-Directorate of Social Care and Health Services
RBC Legal Entity,2021/08/02,4577510,254990,REED,Legal Services,1066.5,Agency Staff,SUPPLIER,STANDARD,2400,LAAA-Directorate of Resources
RBC Legal Entity,2021/08/02,4577510,254990,REED,Legal Services,1135.23,Agency Staff,SUPPLIER,STANDARD,2400,LAAA-Directorate of Resources
RBC Legal Entity,2021/08/02,4577510,254990,REED,BFFC Agency Staff (Rechargeable),1184.8,Agency Staff,SUPPLIER,STANDARD,2008,LAAA-Directorate of Resources
RBC Legal Entity,2021/08/02,4577510,254990,REED,Lateral Flow Testing,1231.02,Agency Staff,SUPPLIER,STANDARD,2701,LAAA-Directorate of Resources
RBC Legal Entity,2021/08/02,4577510,254990,REED,ASC Short Term Team,1236.8,Agency Staff,SUPPLIER,STANDARD,5722,JAAA-Directorate of Social Care and Health Services
RBC Legal Entity,2021/08/02,4577510,254990,REED,BFFC Agency Staff (Rechargeable),1257,Agency Staff,SUPPLIER,STANDARD,2008,LAAA-Directorate of Resources
RBC Legal Entity,2021/08/02,4577510,254990,REED,ASC Short Term Team,1300.73,Agency Staff,SUPPLIER,STANDARD,5722,JAAA-Directorate of Social Care and Health Services
RBC Legal Entity,2021/08/02,4577510,254990,REED,IT Management,1301,Agency Staff,SUPPLIER,STANDARD,2300,LAAA-Directorate of Resources
RBC Legal Entity,2021/08/02,4577510,254990,REED,ASC Short Term Team,1313.5,Agency Staff,SUPPLIER,STANDARD,5722,JAAA-Directorate of Social Care and Health Services
RBC Legal Entity,2021/08/02,4577510,254990,REED,Safeguarding Adults,1328.3,Agency Staff,SUPPLIER,STANDARD,5158,JAAA-Directorate of Social Care and Health Services
RBC Legal Entity,2021/08/02,4577510,254990,REED,Safeguarding Adults,1328.3,Agency Staff,SUPPLIER,STANDARD,5158,JAAA-Directorate of Social Care and Health Services
RBC Legal Entity,2021/08/02,4577510,254990,REED,ASC Short Term Team,1328.3,Agency Staff,SUPPLIER,STANDARD,5722,JAAA-Directorate of Social Care and Health Services
RBC Legal Entity,2021/08/02,4577510,254990,REED,ASC Locality Team,1328.3,Agency Staff,SUPPLIER,STANDARD,5721,JAAA-Directorate of Social Care and Health Services
RBC Legal Entity,2021/08/02,4577510,254990,REED,ASC Locality Team,1328.3,Agency Staff,SUPPLIER,STANDARD,5721,JAAA-Directorate of Social Care and Health Services
RBC Legal Entity,2021/08/02,4577510,254990,REED,Housing Management,1348.83,Agency Staff,SUPPLIER,STANDARD,5920,HAAA-Housing Revenue Account
RBC Legal Entity,2021/08/02,4577510,254990,REED,ASC Locality Team,1365.3,Agency Staff,SUPPLIER,STANDARD,5721,JAAA-Directorate of Social Care and Health Services
RBC Legal Entity,2021/08/02,4577510,254990,REED,Corporate Management Team,1401.6,Agency Staff,SUPPLIER,STANDARD,2001,EAAA-Chief Executive
RBC Legal Entity,2021/08/02,4577510,254990,REED,Corporate Management Team,1401.6,Agency Staff,SUPPLIER,STANDARD,2001,EAAA-Chief Executive
RBC Legal Entity,2021/08/02,4577510,254990,REED,Corporate Management Team,1401.6,Agency Staff,SUPPLIER,STANDARD,2001,EAAA-Chief Executive
RBC Legal Entity,2021/08/02,4577510,254990,REED,Corporate Management Team,1401.6,Agency Staff,SUPPLIER,STANDARD,2001,EAAA-Chief Executive
RBC Legal Entity,2021/08/02,4577510,254990,REED,Corporate Management Team,1401.6,Agency Staff,SUPPLIER,STANDARD,2001,EAAA-Chief Executive
RBC Legal Entity,2021/08/02,4577510,254990,REED,Safeguarding Adults,1402.3,Agency Staff,SUPPLIER,STANDARD,5158,JAAA-Directorate of Social Care and Health Services
RBC Legal Entity,2021/08/02,4577510,254990,REED,ASC Short Term Team,1402.3,Agency Staff,SUPPLIER,STANDARD,5722,JAAA-Directorate of Social Care and Health Services
RBC Legal Entity,2021/08/02,4577510,254990,REED,BFFC Agency Staff (Rechargeable),1412.32,Agency Staff,SUPPLIER,STANDARD,2008,LAAA-Directorate of Resources
RBC Legal Entity,2021/08/02,4577510,254990,REED,BFFC Agency Staff (Rechargeable),1412.32,Agency Staff,SUPPLIER,STANDARD,2008,LAAA-Directorate of Resources
RBC Legal Entity,2021/08/02,4577510,254990,REED,BFFC Agency Staff (Rechargeable),1412.32,Agency Staff,SUPPLIER,STANDARD,2008,LAAA-Directorate of Resources
RBC Legal Entity,2021/08/02,4577510,254990,REED,ASC Short Term Team,1430.05,Agency Staff,SUPPLIER,STANDARD,5722,JAAA-Directorate of Social Care and Health Services
RBC Legal Entity,2021/08/02,4577510,254990,REED,Mental Health Team,1439.3,Agency Staff,SUPPLIER,STANDARD,5253,JAAA-Directorate of Social Care and Health Services
RBC Legal Entity,2021/08/02,4577510,254990,REED,Mental Health Team,1439.3,Agency Staff,SUPPLIER,STANDARD,5253,JAAA-Directorate of Social Care and Health Services
RBC Legal Entity,2021/08/02,4577510,254990,REED,ASC Locality Team,1439.3,Agency Staff,SUPPLIER,STANDARD,5721,JAAA-Directorate of Social Care and Health Services
RBC Legal Entity,2021/08/02,4577510,254990,REED,ASC Locality Team,1439.3,Agency Staff,SUPPLIER,STANDARD,5721,JAAA-Directorate of Social Care and Health Services
RBC Legal Entity,2021/08/02,4577510,254990,REED,ASC Locality Team,1492.6,Agency Staff,SUPPLIER,STANDARD,5721,JAAA-Directorate of Social Care and Health Services
RBC Legal Entity,2021/08/02,4577510,254990,REED,ASC Locality Team,1508.4,Agency Staff,SUPPLIER,STANDARD,5721,JAAA-Directorate of Social Care and Health Services
RBC Legal Entity,2021/08/02,4577510,254990,REED,ASC Locality Team,1508.4,Agency Staff,SUPPLIER,STANDARD,5721,JAAA-Directorate of Social Care and Health Services
RBC Legal Entity,2021/08/02,4577510,254990,REED,BFFC Agency Staff (Rechargeable),1513.3,Agency Staff,SUPPLIER,STANDARD,2008,LAAA-Directorate of Resources
RBC Legal Entity,2021/08/02,4577510,254990,REED,BFFC Agency Staff (Rechargeable),1550.3,Agency Staff,SUPPLIER,STANDARD,2008,LAAA-Directorate of Resources
RBC Legal Entity,2021/08/02,4577510,254990,REED,BFFC Agency Staff (Rechargeable),1550.3,Agency Staff,SUPPLIER,STANDARD,2008,LAAA-Directorate of Resources
RBC Legal Entity,2021/08/02,4577510,254990,REED,BFFC Agency Staff (Rechargeable),1550.3,Agency Staff,SUPPLIER,STANDARD,2008,LAAA-Directorate of Resources
RBC Legal Entity,2021/08/02,4577510,254990,REED,BFFC Agency Staff (Rechargeable),1550.3,Agency Staff,SUPPLIER,STANDARD,2008,LAAA-Directorate of Resources
RBC Legal Entity,2021/08/02,4577510,254990,REED,BFFC Agency Staff (Rechargeable),1550.3,Agency Staff,SUPPLIER,STANDARD,2008,LAAA-Directorate of Resources
RBC Legal Entity,2021/08/02,4577510,254990,REED,BFFC Agency Staff (Rechargeable),1550.3,Agency Staff,SUPPLIER,STANDARD,2008,LAAA-Directorate of Resources
RBC Legal Entity,2021/08/02,4577510,254990,REED,BFFC Agency Staff (Rechargeable),1550.3,Agency Staff,SUPPLIER,STANDARD,2008,LAAA-Directorate of Resources
RBC Legal Entity,2021/08/02,4577510,254990,REED,BFFC Agency Staff (Rechargeable),1550.3,Agency Staff,SUPPLIER,STANDARD,2008,LAAA-Directorate of Resources
RBC Legal Entity,2021/08/02,4577510,254990,REED,BFFC Agency Staff (Rechargeable),1550.3,Agency Staff,SUPPLIER,STANDARD,2008,LAAA-Directorate of Resources
RBC Legal Entity,2021/08/02,4577510,254990,REED,BFFC Agency Staff (Rechargeable),1559.55,Agency Staff,SUPPLIER,STANDARD,2008,LAAA-Directorate of Resources
RBC Legal Entity,2021/08/02,4577510,254990,REED,BFFC Agency Staff (Rechargeable),1624.3,Agency Staff,SUPPLIER,STANDARD,2008,LAAA-Directorate of Resources
RBC Legal Entity,2021/08/02,4577510,254990,REED,BFFC Agency Staff (Rechargeable),1624.3,Agency Staff,SUPPLIER,STANDARD,2008,LAAA-Directorate of Resources
RBC Legal Entity,2021/08/02,4577510,254990,REED,BFFC Agency Staff (Rechargeable),1624.3,Agency Staff,SUPPLIER,STANDARD,2008,LAAA-Directorate of Resources
RBC Legal Entity,2021/08/02,4577510,254990,REED,BFFC Agency Staff (Rechargeable),1624.3,Agency Staff,SUPPLIER,STANDARD,2008,LAAA-Directorate of Resources
RBC Legal Entity,2021/08/02,4577510,254990,REED,BFFC Agency Staff (Rechargeable),1624.3,Agency Staff,SUPPLIER,STANDARD,2008,LAAA-Directorate of Resources
RBC Legal Entity,2021/08/02,4577510,254990,REED,BFFC Agency Staff (Rechargeable),1624.3,Agency Staff,SUPPLIER,STANDARD,2008,LAAA-Directorate of Resources
RBC Legal Entity,2021/08/02,4577510,254990,REED,BFFC Agency Staff (Rechargeable),1624.3,Agency Staff,SUPPLIER,STANDARD,2008,LAAA-Directorate of Resources
RBC Legal Entity,2021/08/02,4577510,254990,REED,BFFC Agency Staff (Rechargeable),1624.3,Agency Staff,SUPPLIER,STANDARD,2008,LAAA-Directorate of Resources
RBC Legal Entity,2021/08/02,4577510,254990,REED,BFFC Agency Staff (Rechargeable),1624.3,Agency Staff,SUPPLIER,STANDARD,2008,LAAA-Directorate of Resources
RBC Legal Entity,2021/08/02,4577510,254990,REED,BFFC Agency Staff (Rechargeable),1628.78,Agency Staff,SUPPLIER,STANDARD,2008,LAAA-Directorate of Resources
RBC Legal Entity,2021/08/02,4577510,254990,REED,BFFC Agency Staff (Rechargeable),1656,Agency Staff,SUPPLIER,STANDARD,2008,LAAA-Directorate of Resources
RBC Legal Entity,2021/08/02,4577510,254990,REED,BFFC Agency Staff (Rechargeable),1672.9,Agency Staff,SUPPLIER,STANDARD,2008,LAAA-Directorate of Resources
RBC Legal Entity,2021/08/02,4577510,254990,REED,BFFC Agency Staff (Rechargeable),1672.9,Agency Staff,SUPPLIER,STANDARD,2008,LAAA-Directorate of Resources
RBC Legal Entity,2021/08/02,4577510,254990,REED,Legal Services,1684.95,Agency Staff,SUPPLIER,STANDARD,2400,LAAA-Directorate of Resources
RBC Legal Entity,2021/08/02,4577510,254990,REED,BFFC Agency Staff (Rechargeable),1685.93,Agency Staff,SUPPLIER,STANDARD,2008,LAAA-Directorate of Resources
RBC Legal Entity,2021/08/02,4577510,254990,REED,Accountancy,1740.8,Agency Staff,SUPPLIER,STANDARD,2200,LAAA-Directorate of Resources
RBC Legal Entity,2021/08/02,4577510,254990,REED,BFFC Agency Staff (Rechargeable),1743.6,Agency Staff,SUPPLIER,STANDARD,2008,LAAA-Directorate of Resources
RBC Legal Entity,2021/08/02,4577510,254990,REED,ASC Short Term Team,1792.32,Agency Staff,SUPPLIER,STANDARD,5722,JAAA-Directorate of Social Care and Health Services
RBC Legal Entity,2021/08/02,4577510,254990,REED,BFFC Agency Staff (Rechargeable),1809.3,Agency Staff,SUPPLIER,STANDARD,2008,LAAA-Directorate of Resources
RBC Legal Entity,2021/08/02,4577510,254990,REED,Joint Legal Team,2031.3,Agency Staff,SUPPLIER,STANDARD,2405,LAAA-Directorate of Resources
RBC Legal Entity,2021/08/02,4577510,254990,REED,BFFC Agency Staff (Rechargeable),2126.64,Agency Staff,SUPPLIER,STANDARD,2008,LAAA-Directorate of Resources
RBC Legal Entity,2021/08/02,4577510,254990,REED,Legal Services,2148.2,Agency Staff,SUPPLIER,STANDARD,2400,LAAA-Directorate of Resources
RBC Legal Entity,2021/08/02,4577510,254990,REED,Joint Legal Team,2196,Agency Staff,SUPPLIER,STANDARD,2405,LAAA-Directorate of Resources
RBC Legal Entity,2021/08/02,4577510,254990,REED,Joint Legal Team,2225.16,Agency Staff,SUPPLIER,STANDARD,2405,LAAA-Directorate of Resources
RBC Legal Entity,2021/08/02,4577510,254990,REED,BFFC Agency Staff (Rechargeable),2276,Agency Staff,SUPPLIER,STANDARD,2008,LAAA-Directorate of Resources
RBC Legal Entity,2021/08/02,4577510,254990,REED,Valuation,2304.7,Agency Staff,SUPPLIER,STANDARD,2100,KAAA-Directorate of Economic Growth and Neighbourhood Services
RBC Legal Entity,2021/08/02,4577510,254990,REED,BFFC Agency Staff (Rechargeable),2336,Agency Staff,SUPPLIER,STANDARD,2008,LAAA-Directorate of Resources
RBC Legal Entity,2021/08/02,4577510,254990,REED,Accountancy,2370.4,Agency Staff,SUPPLIER,STANDARD,2200,LAAA-Directorate of Resources
RBC Legal Entity,2021/08/02,4577510,254990,REED,Test and Trace,2478.5,Agency Staff,SUPPLIER,STANDARD,2068,JAAA-Directorate of Social Care and Health Services
RBC Legal Entity,2021/08/02,4577510,254990,REED,Accountancy,2676,Agency Staff,SUPPLIER,STANDARD,2200,LAAA-Directorate of Resources
RBC Legal Entity,2021/08/02,4577510,254990,REED,Accountancy,2801,Agency Staff,SUPPLIER,STANDARD,2200,LAAA-Directorate of Resources
RBC Legal Entity,2021/08/02,4577510,254990,REED,BFFC Agency Staff (Rechargeable),2801,Agency Staff,SUPPLIER,STANDARD,2008,LAAA-Directorate of Resources
RBC Legal Entity,2021/08/02,4577510,254990,REED,BFFC Agency Staff (Rechargeable),2835.52,Agency Staff,SUPPLIER,STANDARD,2008,LAAA-Directorate of Resources
RBC Legal Entity,2021/08/02,4577510,254990,REED,Accountancy,2963,Agency Staff,SUPPLIER,STANDARD,2200,LAAA-Directorate of Resources
RBC Legal Entity,2021/08/02,4577510,254990,REED,Accountancy,2963,Agency Staff,SUPPLIER,STANDARD,2200,LAAA-Directorate of Resources
RBC Legal Entity,2021/08/02,4577510,254990,REED,IT Management,3191,Agency Staff,SUPPLIER,STANDARD,2300,LAAA-Directorate of Resources
RBC Legal Entity,2021/08/02,4577510,254990,REED,Accountancy,3196,Agency Staff,SUPPLIER,STANDARD,2200,LAAA-Directorate of Resources
RBC Legal Entity,2021/08/02,4577510,254990,REED,BFFC Agency Staff (Rechargeable),3446,Agency Staff,SUPPLIER,STANDARD,2008,LAAA-Directorate of Resources
RBC Legal Entity,2021/08/02,4577510,254990,REED,BFFC Agency Staff (Rechargeable),3461.2,Agency Staff,SUPPLIER,STANDARD,2008,LAAA-Directorate of Resources
RBC Legal Entity,2021/08/02,4577510,254990,REED,BFFC Agency Staff (Rechargeable),3461.2,Agency Staff,SUPPLIER,STANDARD,2008,LAAA-Directorate of Resources
RBC Legal Entity,2021/08/02,4577510,254990,REED,BFFC Agency Staff (Rechargeable),3461.2,Agency Staff,SUPPLIER,STANDARD,2008,LAAA-Directorate of Resources
RBC Legal Entity,2021/08/02,4577510,254990,REED,BFFC Agency Staff (Rechargeable),3461.2,Agency Staff,SUPPLIER,STANDARD,2008,LAAA-Directorate of Resources
RBC Legal Entity,2021/08/02,4577510,254990,REED,BFFC Agency Staff (Rechargeable),3461.2,Agency Staff,SUPPLIER,STANDARD,2008,LAAA-Directorate of Resources
RBC Legal Entity,2021/08/02,4577510,254990,REED,BFFC Agency Staff (Rechargeable),3544.4,Agency Staff,SUPPLIER,STANDARD,2008,LAAA-Directorate of Resources
RBC Legal Entity,2021/08/02,4577510,254990,REED,BFFC Agency Staff (Rechargeable),3544.4,Agency Staff,SUPPLIER,STANDARD,2008,LAAA-Directorate of Resources
RBC Legal Entity,2021/08/02,4577510,254990,REED,BFFC Agency Staff (Rechargeable),3544.4,Agency Staff,SUPPLIER,STANDARD,2008,LAAA-Directorate of Resources
RBC Legal Entity,2021/08/02,4577510,254990,REED,BFFC Agency Staff (Rechargeable),3544.4,Agency Staff,SUPPLIER,STANDARD,2008,LAAA-Directorate of Resources
RBC Legal Entity,2021/08/02,4577510,254990,REED,Valuation,3618.5,Agency Staff,SUPPLIER,STANDARD,2100,KAAA-Directorate of Economic Growth and Neighbourhood Services
RBC Legal Entity,2021/08/02,4577510,254990,REED,ASC Senior Management Team,3937.25,Agency Staff,SUPPLIER,STANDARD,5700,JAAA-Directorate of Social Care and Health Services
RBC Legal Entity,2021/08/02,4576336,254991,CIVICA UK LTD,Financial Services - Financial Systems Team,1210,Software Licences,Third Party Supplier,STANDARD,2202,LAAA-Directorate of Resources
RBC Legal Entity,2021/08/02,4576336,254991,CIVICA UK LTD,Accountancy,2740,Software Licences,Third Party Supplier,STANDARD,2200,LAAA-Directorate of Resources
RBC Legal Entity,2021/08/02,4576128,254992,DSI BILLING SERVICES LTD,Council Tax & Business Rates,1527.07,Postage Carriage Stamp Duty,SUPPLIER,STANDARD,2250,LAAA-Directorate of Resources
RBC Legal Entity,2021/08/02,4582496,254993,WILLIAM MCVICKER,Town Hall - Concert Hall Events,874,Professional Fees,SUPPLIER,STANDARD,1213,KAAA-Directorate of Economic Growth and Neighbourhood Services
RBC Legal Entity,2021/08/02,4577880,254994,SANDS SECURITY LTD,South Street Operations,588,Security Charges,SUPPLIER,STANDARD,1220,KAAA-Directorate of Economic Growth and Neighbourhood Services
RBC Legal Entity,2021/08/02,4574773,254998,MR EDWARD KIRKWOOD,JLT Disbursements,60,Misc. Legal Expenses,Third Party Supplier,STANDARD,2407,LAAA-Directorate of Resources
RBC Legal Entity,2021/08/02,4574773,254998,MR EDWARD KIRKWOOD,JLT Disbursements,120,Misc. Legal Expenses,Third Party Supplier,STANDARD,2407,LAAA-Directorate of Resources
RBC Legal Entity,2021/08/02,4574773,254998,MR EDWARD KIRKWOOD,JLT Disbursements,800,Misc. Legal Expenses,Third Party Supplier,STANDARD,2407,LAAA-Directorate of Resources
RBC Legal Entity,2021/08/02,4574773,254998,MR EDWARD KIRKWOOD,JLT Disbursements,800,Misc. Legal Expenses,Third Party Supplier,STANDARD,2407,LAAA-Directorate of Resources
RBC Legal Entity,2021/08/02,4574773,254998,MR EDWARD KIRKWOOD,JLT Disbursements,800,Misc. Legal Expenses,Third Party Supplier,STANDARD,2407,LAAA-Directorate of Resources
RBC Legal Entity,2021/08/02,4574773,254998,MR EDWARD KIRKWOOD,JLT Disbursements,800,Misc. Legal Expenses,Third Party Supplier,STANDARD,2407,LAAA-Directorate of Resources
RBC Legal Entity,2021/08/02,4574773,254998,MR EDWARD KIRKWOOD,JLT Disbursements,800,Misc. Legal Expenses,Third Party Supplier,STANDARD,2407,LAAA-Directorate of Resources
RBC Legal Entity,2021/08/02,4574773,254998,MR EDWARD KIRKWOOD,JLT Disbursements,800,Misc. Legal Expenses,Third Party Supplier,STANDARD,2407,LAAA-Directorate of Resources
RBC Legal Entity,2021/08/02,4574773,254998,MR EDWARD KIRKWOOD,JLT Disbursements,800,Misc. Legal Expenses,Third Party Supplier,STANDARD,2407,LAAA-Directorate of Resources
RBC Legal Entity,2021/08/02,4574773,254998,MR EDWARD KIRKWOOD,JLT Disbursements,800,Misc. Legal Expenses,Third Party Supplier,STANDARD,2407,LAAA-Directorate of Resources
RBC Legal Entity,2021/08/02,4574773,254998,MR EDWARD KIRKWOOD,JLT Disbursements,4000,Misc. Legal Expenses,Third Party Supplier,STANDARD,2407,LAAA-Directorate of Resources
RBC Legal Entity,2021/08/02,4576201,254998,MR EDWARD KIRKWOOD,JLT Disbursements,2560,Misc. Legal Expenses,Third Party Supplier,STANDARD,2407,LAAA-Directorate of Resources
RBC Legal Entity,2021/08/04,4582840,255001,M&R SERVICES,Housing Management,515,Office Cleaning,SUB-CONTRACTOR,STANDARD,5920,HAAA-Housing Revenue Account
RBC Legal Entity,2021/08/04,4582536,255002,EE LIMITED,IT Management,472,Mobile Phones,SUPPLIER,STANDARD,2300,LAAA-Directorate of Resources
RBC Legal Entity,2021/08/04,4580514,255004,ACTIVE ASSISTANCE,PS Acquired Community Services,634.34,Purchased Care,SUPPLIER,STANDARD,5771,JAAA-Directorate of Social Care and Health Services
RBC Legal Entity,2021/08/04,4578000,255005,BIDVEST FOODSERVICE (BIDFOOD),Hexagon Catering,613.2,Purchases - Stock Provisions,SUPPLIER,STANDARD,1241,KAAA-Directorate of Economic Growth and Neighbourhood Services
RBC Legal Entity,2021/08/04,4578004,255005,BIDVEST FOODSERVICE (BIDFOOD),Hexagon Catering,231.35,Purchases - Stock Provisions,SUPPLIER,STANDARD,1241,KAAA-Directorate of Economic Growth and Neighbourhood Services
RBC Legal Entity,2021/08/04,4578004,255005,BIDVEST FOODSERVICE (BIDFOOD),Hexagon Catering,1534.48,Purchases - Stock Provisions,SUPPLIER,STANDARD,1241,KAAA-Directorate of Economic Growth and Neighbourhood Services
RBC Legal Entity,2021/08/04,4582735,255007,HOBART UK,Corporate Maintenance Services,10.87,TPP  Contract,SUPPLIER,STANDARD,4080,KAAA-Directorate of Economic Growth and Neighbourhood Services
RBC Legal Entity,2021/08/04,4582735,255007,HOBART UK,Corporate Maintenance Services,21.77,TPP  Contract,SUPPLIER,STANDARD,4080,KAAA-Directorate of Economic Growth and Neighbourhood Services
RBC Legal Entity,2021/08/04,4582735,255007,HOBART UK,Corporate Maintenance Services,35.1,TPP  Contract,SUPPLIER,STANDARD,4080,KAAA-Directorate of Economic Growth and Neighbourhood Services
RBC Legal Entity,2021/08/04,4582735,255007,HOBART UK,Corporate Maintenance Services,37.25,TPP  Contract,SUPPLIER,STANDARD,4080,KAAA-Directorate of Economic Growth and Neighbourhood Services
RBC Legal Entity,2021/08/04,4582735,255007,HOBART UK,Corporate Maintenance Services,59.42,TPP  Contract,SUPPLIER,STANDARD,4080,KAAA-Directorate of Economic Growth and Neighbourhood Services
RBC Legal Entity,2021/08/04,4582735,255007,HOBART UK,Corporate Maintenance Services,84.91,TPP  Contract,SUPPLIER,STANDARD,4080,KAAA-Directorate of Economic Growth and Neighbourhood Services
RBC Legal Entity,2021/08/04,4582735,255007,HOBART UK,Corporate Maintenance Services,90.24,TPP  Contract,SUPPLIER,STANDARD,4080,KAAA-Directorate of Economic Growth and Neighbourhood Services
RBC Legal Entity,2021/08/04,4582735,255007,HOBART UK,Corporate Maintenance Services,138.14,TPP  Contract,SUPPLIER,STANDARD,4080,KAAA-Directorate of Economic Growth and Neighbourhood Services
RBC Legal Entity,2021/08/04,4582735,255007,HOBART UK,Corporate Maintenance Services,233.45,TPP  Contract,SUPPLIER,STANDARD,4080,KAAA-Directorate of Economic Growth and Neighbourhood Services
RBC Legal Entity,2021/08/04,4577091,255009,GLASRITE LTD,Repairs,1825,Roofs + Structural,SUB-CONTRACTOR,STANDARD,5970,HAAA-Housing Revenue Account
RBC Legal Entity,2021/08/04,4577516,255013,BOWAK LTD,Hexagon Operations,7.1,Stock Purchase,SUPPLIER,STANDARD,1200,KAAA-Directorate of Economic Growth and Neighbourhood Services
RBC Legal Entity,2021/08/04,4577516,255013,BOWAK LTD,Hexagon Operations,22.8,Stock Purchase,SUPPLIER,STANDARD,1200,KAAA-Directorate of Economic Growth and Neighbourhood Services
RBC Legal Entity,2021/08/04,4577516,255013,BOWAK LTD,Hexagon Operations,33.68,Stock Purchase,SUPPLIER,STANDARD,1200,KAAA-Directorate of Economic Growth and Neighbourhood Services
RBC Legal Entity,2021/08/04,4577516,255013,BOWAK LTD,Hexagon Operations,43.72,Stock Purchase,SUPPLIER,STANDARD,1200,KAAA-Directorate of Economic Growth and Neighbourhood Services
RBC Legal Entity,2021/08/04,4577516,255013,BOWAK LTD,Hexagon Operations,54.9,Stock Purchase,SUPPLIER,STANDARD,1200,KAAA-Directorate of Economic Growth and Neighbourhood Services
RBC Legal Entity,2021/08/04,4577516,255013,BOWAK LTD,Hexagon Operations,94.48,Stock Purchase,SUPPLIER,STANDARD,1200,KAAA-Directorate of Economic Growth and Neighbourhood Services
RBC Legal Entity,2021/08/04,4577516,255013,BOWAK LTD,Hexagon Operations,111.84,Stock Purchase,SUPPLIER,STANDARD,1200,KAAA-Directorate of Economic Growth and Neighbourhood Services
RBC Legal Entity,2021/08/04,4577516,255013,BOWAK LTD,Hexagon Operations,121.05,Stock Purchase,SUPPLIER,STANDARD,1200,KAAA-Directorate of Economic Growth and Neighbourhood Services
RBC Legal Entity,2021/08/04,4579074,255013,BOWAK LTD,Building Cleaning,517.7,Materials from Store,SUPPLIER,STANDARD,4351,KAAA-Directorate of Economic Growth and Neighbourhood Services
RBC Legal Entity,2021/08/04,4582115,255017,ROWVALE HOTELS LTD T/A BOW GUEST HOUSE,Bed and Breakfast,525,Rents,Third Party Supplier,STANDARD,5871,KAAA-Directorate of Economic Growth and Neighbourhood Services
RBC Legal Entity,2021/08/04,4582143,255017,ROWVALE HOTELS LTD T/A BOW GUEST HOUSE,Single Homelessness Grants,623,Preventive+SupportiveServ,Third Party Supplier,STANDARD,5860,KAAA-Directorate of Economic Growth and Neighbourhood Services
RBC Legal Entity,2021/08/04,4582457,255020,ROYAL MAIL GROUP LTD,IT Management,1091.89,Service Charges,SUPPLIER,STANDARD,2300,LAAA-Directorate of Resources
RBC Legal Entity,2021/08/04,4581987,255026,SIMONE SURVEYS LTD,UTMC / ITS,1890,Contractors,SUB-CONTRACTOR,STANDARD,8850,ZZZC-Capital
RBC Legal Entity,2021/08/04,4582973,255027,FAMILY FUTURES CIC,JLT Disbursements,2460,Misc. Legal Expenses,Third Party Supplier,STANDARD,2407,LAAA-Directorate of Resources
RBC Legal Entity,2021/08/04,4580439,255032,CLOVER LEAF,Sheltered Housing,525,Other Office Expenses,Third Party Supplier,STANDARD,5940,HAAA-Housing Revenue Account
RBC Legal Entity,2021/08/04,4582164,255036,ROYAL PHILHARMONIC ORCHESTRA,Hexagon Operations,-1648.64,Ticket SalesPerformances,SUPPLIER,CREDIT,1200,KAAA-Directorate of Economic Growth and Neighbourhood Services
RBC Legal Entity,2021/08/04,4582164,255036,ROYAL PHILHARMONIC ORCHESTRA,Hexagon Operations,-288,Administration Charges,SUPPLIER,CREDIT,1200,KAAA-Directorate of Economic Growth and Neighbourhood Services
RBC Legal Entity,2021/08/04,4582164,255036,ROYAL PHILHARMONIC ORCHESTRA,Hexagon Catering,-175.58,Sales  Food,SUPPLIER,CREDIT,1241,KAAA-Directorate of Economic Growth and Neighbourhood Services
RBC Legal Entity,2021/08/04,4582164,255036,ROYAL PHILHARMONIC ORCHESTRA,Hexagon Operations,-81.35,Royalties,SUPPLIER,CREDIT,1200,KAAA-Directorate of Economic Growth and Neighbourhood Services
RBC Legal Entity,2021/08/04,4582164,255036,ROYAL PHILHARMONIC ORCHESTRA,Hexagon Operations,-53.51,Credit Card Commission,SUPPLIER,CREDIT,1200,KAAA-Directorate of Economic Growth and Neighbourhood Services
RBC Legal Entity,2021/08/04,4582164,255036,ROYAL PHILHARMONIC ORCHESTRA,Hexagon Performances,2247.08,Ticket SalesPerformances,SUPPLIER,STANDARD,1202,KAAA-Directorate of Economic Growth and Neighbourhood Services
RBC Legal Entity,2021/08/04,4582164,255036,ROYAL PHILHARMONIC ORCHESTRA,Hexagon Operations,4665.96,Professional Fees,SUPPLIER,STANDARD,1200,KAAA-Directorate of Economic Growth and Neighbourhood Services
RBC Legal Entity,2021/08/04,4563442,255045,MIRUS PROJECTS LIMITED,Repairs,560,Special Adaptions,SUB-CONTRACTOR,STANDARD,5970,HAAA-Housing Revenue Account
RBC Legal Entity,2021/08/04,4563442,255045,MIRUS PROJECTS LIMITED,Repairs,4096,Special Adaptions,SUB-CONTRACTOR,STANDARD,5970,HAAA-Housing Revenue Account
RBC Legal Entity,2021/08/04,4582667,255047,AGE UK BERKSHIRE,ASC Voluntary Grants,5125,GrantsVolunt.Organ.,SUPPLIER,STANDARD,5300,JAAA-Directorate of Social Care and Health Services
RBC Legal Entity,2021/08/04,4576528,255048,AIRWAVE SOLUTIONS LTD,Emergency Planning,1978.38,Mobile Phones,SUPPLIER,STANDARD,2030,LAAA-Directorate of Resources
RBC Legal Entity,2021/08/04,4576584,255050,HYDRO HEATING SOLUTIONS,Oxford Road Primary,13415.71,External Fees  Misc.,SUB-CONTRACTOR,STANDARD,8224,ZZZC-Capital
RBC Legal Entity,2021/08/04,4576587,255050,HYDRO HEATING SOLUTIONS,Manor Primary,17928.07,External Fees  Misc.,SUB-CONTRACTOR,STANDARD,8220,ZZZC-Capital
RBC Legal Entity,2021/08/04,4578119,255051,MEADEE FLOORING LTD,Void Property Management,885,Office Cleaning,SUB-CONTRACTOR,STANDARD,5921,HAAA-Housing Revenue Account
RBC Legal Entity,2021/08/04,4580469,255051,MEADEE FLOORING LTD,DLO Wokingham Trades,100,Subcontractors Labour,SUB-CONTRACTOR,STANDARD,4050,KAAA-Directorate of Economic Growth and Neighbourhood Services
RBC Legal Entity,2021/08/04,4580469,255051,MEADEE FLOORING LTD,DLO Wokingham Trades,562,Subcontractors Labour,SUB-CONTRACTOR,STANDARD,4050,KAAA-Directorate of Economic Growth and Neighbourhood Services
RBC Legal Entity,2021/08/04,4580470,255051,MEADEE FLOORING LTD,DLO Wokingham Trades,100,Subcontractors Labour,SUB-CONTRACTOR,STANDARD,4050,KAAA-Directorate of Economic Growth and Neighbourhood Services
RBC Legal Entity,2021/08/04,4580470,255051,MEADEE FLOORING LTD,DLO Wokingham Trades,490,Subcontractors Labour,SUB-CONTRACTOR,STANDARD,4050,KAAA-Directorate of Economic Growth and Neighbourhood Services
RBC Legal Entity,2021/08/04,4580473,255051,MEADEE FLOORING LTD,DLO Day to Day Trades,100,Subcontractors Labour,SUB-CONTRACTOR,STANDARD,4010,KAAA-Directorate of Economic Growth and Neighbourhood Services
RBC Legal Entity,2021/08/04,4580473,255051,MEADEE FLOORING LTD,DLO Day to Day Trades,490,Subcontractors Labour,SUB-CONTRACTOR,STANDARD,4010,KAAA-Directorate of Economic Growth and Neighbourhood Services
RBC Legal Entity,2021/08/04,4580474,255051,MEADEE FLOORING LTD,DLO Day to Day Trades,130,Subcontractors Labour,SUB-CONTRACTOR,STANDARD,4010,KAAA-Directorate of Economic Growth and Neighbourhood Services
RBC Legal Entity,2021/08/04,4580474,255051,MEADEE FLOORING LTD,DLO Day to Day Trades,665,Subcontractors Labour,SUB-CONTRACTOR,STANDARD,4010,KAAA-Directorate of Economic Growth and Neighbourhood Services
RBC Legal Entity,2021/08/04,4580475,255051,MEADEE FLOORING LTD,DLO Day to Day Trades,90,Subcontractors Labour,SUB-CONTRACTOR,STANDARD,4010,KAAA-Directorate of Economic Growth and Neighbourhood Services
RBC Legal Entity,2021/08/04,4580475,255051,MEADEE FLOORING LTD,DLO Day to Day Trades,406,Subcontractors Labour,SUB-CONTRACTOR,STANDARD,4010,KAAA-Directorate of Economic Growth and Neighbourhood Services
RBC Legal Entity,2021/08/04,4580478,255051,MEADEE FLOORING LTD,DLO Day to Day Trades,140,Subcontractors Labour,SUB-CONTRACTOR,STANDARD,4010,KAAA-Directorate of Economic Growth and Neighbourhood Services
RBC Legal Entity,2021/08/04,4580478,255051,MEADEE FLOORING LTD,DLO Day to Day Trades,497,Subcontractors Labour,SUB-CONTRACTOR,STANDARD,4010,KAAA-Directorate of Economic Growth and Neighbourhood Services
RBC Legal Entity,2021/08/04,4580480,255051,MEADEE FLOORING LTD,DLO Day to Day Trades,80,Subcontractors Labour,SUB-CONTRACTOR,STANDARD,4010,KAAA-Directorate of Economic Growth and Neighbourhood Services
RBC Legal Entity,2021/08/04,4580480,255051,MEADEE FLOORING LTD,DLO Day to Day Trades,370,Subcontractors Labour,SUB-CONTRACTOR,STANDARD,4010,KAAA-Directorate of Economic Growth and Neighbourhood Services
RBC Legal Entity,2021/08/04,4580481,255051,MEADEE FLOORING LTD,DLO Day to Day Trades,90,Subcontractors Labour,SUB-CONTRACTOR,STANDARD,4010,KAAA-Directorate of Economic Growth and Neighbourhood Services
RBC Legal Entity,2021/08/04,4580481,255051,MEADEE FLOORING LTD,DLO Day to Day Trades,360,Subcontractors Labour,SUB-CONTRACTOR,STANDARD,4010,KAAA-Directorate of Economic Growth and Neighbourhood Services
RBC Legal Entity,2021/08/04,4580487,255051,MEADEE FLOORING LTD,DLO Voids Trades,140,Subcontractors Labour,SUB-CONTRACTOR,STANDARD,4020,KAAA-Directorate of Economic Growth and Neighbourhood Services
RBC Legal Entity,2021/08/04,4580487,255051,MEADEE FLOORING LTD,DLO Voids Trades,814,Subcontractors Labour,SUB-CONTRACTOR,STANDARD,4020,KAAA-Directorate of Economic Growth and Neighbourhood Services
RBC Legal Entity,2021/08/04,4580488,255051,MEADEE FLOORING LTD,DLO Voids Trades,140,Subcontractors Labour,SUB-CONTRACTOR,STANDARD,4020,KAAA-Directorate of Economic Growth and Neighbourhood Services
RBC Legal Entity,2021/08/04,4580488,255051,MEADEE FLOORING LTD,DLO Voids Trades,814,Subcontractors Labour,SUB-CONTRACTOR,STANDARD,4020,KAAA-Directorate of Economic Growth and Neighbourhood Services
RBC Legal Entity,2021/08/04,4580489,255051,MEADEE FLOORING LTD,DLO Day to Day Trades,100,Subcontractors Labour,SUB-CONTRACTOR,STANDARD,4010,KAAA-Directorate of Economic Growth and Neighbourhood Services
RBC Legal Entity,2021/08/04,4580489,255051,MEADEE FLOORING LTD,DLO Day to Day Trades,490,Subcontractors Labour,SUB-CONTRACTOR,STANDARD,4010,KAAA-Directorate of Economic Growth and Neighbourhood Services
RBC Legal Entity,2021/08/04,4580506,255051,MEADEE FLOORING LTD,DLO Day to Day Trades,130,Subcontractors Labour,SUB-CONTRACTOR,STANDARD,4010,KAAA-Directorate of Economic Growth and Neighbourhood Services
RBC Legal Entity,2021/08/04,4580506,255051,MEADEE FLOORING LTD,DLO Day to Day Trades,306,Subcontractors Labour,SUB-CONTRACTOR,STANDARD,4010,KAAA-Directorate of Economic Growth and Neighbourhood Services
RBC Legal Entity,2021/08/04,4580879,255051,MEADEE FLOORING LTD,DLO Voids Trades,140,Subcontractors Labour,SUB-CONTRACTOR,STANDARD,4020,KAAA-Directorate of Economic Growth and Neighbourhood Services
RBC Legal Entity,2021/08/04,4580879,255051,MEADEE FLOORING LTD,DLO Voids Trades,748,Subcontractors Labour,SUB-CONTRACTOR,STANDARD,4020,KAAA-Directorate of Economic Growth and Neighbourhood Services
RBC Legal Entity,2021/08/04,4580888,255051,MEADEE FLOORING LTD,DLO Voids Trades,130,Subcontractors Labour,SUB-CONTRACTOR,STANDARD,4020,KAAA-Directorate of Economic Growth and Neighbourhood Services
RBC Legal Entity,2021/08/04,4580888,255051,MEADEE FLOORING LTD,DLO Voids Trades,413.5,Subcontractors Labour,SUB-CONTRACTOR,STANDARD,4020,KAAA-Directorate of Economic Growth and Neighbourhood Services
RBC Legal Entity,2021/08/04,4580889,255051,MEADEE FLOORING LTD,DLO Voids Trades,140,Subcontractors Labour,SUB-CONTRACTOR,STANDARD,4020,KAAA-Directorate of Economic Growth and Neighbourhood Services
RBC Legal Entity,2021/08/04,4580889,255051,MEADEE FLOORING LTD,DLO Voids Trades,840,Subcontractors Labour,SUB-CONTRACTOR,STANDARD,4020,KAAA-Directorate of Economic Growth and Neighbourhood Services
RBC Legal Entity,2021/08/04,4580897,255051,MEADEE FLOORING LTD,DLO Voids Trades,130,Subcontractors Labour,SUB-CONTRACTOR,STANDARD,4020,KAAA-Directorate of Economic Growth and Neighbourhood Services
RBC Legal Entity,2021/08/04,4580897,255051,MEADEE FLOORING LTD,DLO Voids Trades,568.46,Subcontractors Labour,SUB-CONTRACTOR,STANDARD,4020,KAAA-Directorate of Economic Growth and Neighbourhood Services
RBC Legal Entity,2021/08/04,4580899,255051,MEADEE FLOORING LTD,DLO Voids Trades,180,Subcontractors Labour,SUB-CONTRACTOR,STANDARD,4020,KAAA-Directorate of Economic Growth and Neighbourhood Services
RBC Legal Entity,2021/08/04,4580899,255051,MEADEE FLOORING LTD,DLO Voids Trades,1329.5,Subcontractors Labour,SUB-CONTRACTOR,STANDARD,4020,KAAA-Directorate of Economic Growth and Neighbourhood Services
RBC Legal Entity,2021/08/04,4580900,255051,MEADEE FLOORING LTD,DLO Voids Trades,180,Subcontractors Labour,SUB-CONTRACTOR,STANDARD,4020,KAAA-Directorate of Economic Growth and Neighbourhood Services
RBC Legal Entity,2021/08/04,4580900,255051,MEADEE FLOORING LTD,DLO Voids Trades,1316,Subcontractors Labour,SUB-CONTRACTOR,STANDARD,4020,KAAA-Directorate of Economic Growth and Neighbourhood Services
RBC Legal Entity,2021/08/04,4580901,255051,MEADEE FLOORING LTD,DLO Voids Trades,180,Subcontractors Labour,SUB-CONTRACTOR,STANDARD,4020,KAAA-Directorate of Economic Growth and Neighbourhood Services
RBC Legal Entity,2021/08/04,4580901,255051,MEADEE FLOORING LTD,DLO Voids Trades,1247,Subcontractors Labour,SUB-CONTRACTOR,STANDARD,4020,KAAA-Directorate of Economic Growth and Neighbourhood Services
RBC Legal Entity,2021/08/04,4580903,255051,MEADEE FLOORING LTD,DLO Voids Trades,140,Subcontractors Labour,SUB-CONTRACTOR,STANDARD,4020,KAAA-Directorate of Economic Growth and Neighbourhood Services
RBC Legal Entity,2021/08/04,4580903,255051,MEADEE FLOORING LTD,DLO Voids Trades,669.6,Subcontractors Labour,SUB-CONTRACTOR,STANDARD,4020,KAAA-Directorate of Economic Growth and Neighbourhood Services
RBC Legal Entity,2021/08/04,4580905,255051,MEADEE FLOORING LTD,DLO Voids Trades,140,Subcontractors Labour,SUB-CONTRACTOR,STANDARD,4020,KAAA-Directorate of Economic Growth and Neighbourhood Services
RBC Legal Entity,2021/08/04,4580905,255051,MEADEE FLOORING LTD,DLO Voids Trades,753,Subcontractors Labour,SUB-CONTRACTOR,STANDARD,4020,KAAA-Directorate of Economic Growth and Neighbourhood Services
RBC Legal Entity,2021/08/04,4580906,255051,MEADEE FLOORING LTD,DLO Voids Trades,180,Subcontractors Labour,SUB-CONTRACTOR,STANDARD,4020,KAAA-Directorate of Economic Growth and Neighbourhood Services
RBC Legal Entity,2021/08/04,4580906,255051,MEADEE FLOORING LTD,DLO Voids Trades,1435,Subcontractors Labour,SUB-CONTRACTOR,STANDARD,4020,KAAA-Directorate of Economic Growth and Neighbourhood Services
RBC Legal Entity,2021/08/04,4580907,255051,MEADEE FLOORING LTD,DLO Voids Trades,180,Subcontractors Labour,SUB-CONTRACTOR,STANDARD,4020,KAAA-Directorate of Economic Growth and Neighbourhood Services
RBC Legal Entity,2021/08/04,4580907,255051,MEADEE FLOORING LTD,DLO Voids Trades,1232,Subcontractors Labour,SUB-CONTRACTOR,STANDARD,4020,KAAA-Directorate of Economic Growth and Neighbourhood Services
RBC Legal Entity,2021/08/04,4580909,255051,MEADEE FLOORING LTD,DLO Voids Trades,140,Subcontractors Labour,SUB-CONTRACTOR,STANDARD,4020,KAAA-Directorate of Economic Growth and Neighbourhood Services
RBC Legal Entity,2021/08/04,4580909,255051,MEADEE FLOORING LTD,DLO Voids Trades,840,Subcontractors Labour,SUB-CONTRACTOR,STANDARD,4020,KAAA-Directorate of Economic Growth and Neighbourhood Services
RBC Legal Entity,2021/08/04,4580911,255051,MEADEE FLOORING LTD,DLO Voids Trades,140,Subcontractors Labour,SUB-CONTRACTOR,STANDARD,4020,KAAA-Directorate of Economic Growth and Neighbourhood Services
RBC Legal Entity,2021/08/04,4580911,255051,MEADEE FLOORING LTD,DLO Voids Trades,840,Subcontractors Labour,SUB-CONTRACTOR,STANDARD,4020,KAAA-Directorate of Economic Growth and Neighbourhood Services
RBC Legal Entity,2021/08/04,4580912,255051,MEADEE FLOORING LTD,DLO Voids Trades,140,Subcontractors Labour,SUB-CONTRACTOR,STANDARD,4020,KAAA-Directorate of Economic Growth and Neighbourhood Services
RBC Legal Entity,2021/08/04,4580912,255051,MEADEE FLOORING LTD,DLO Voids Trades,594,Subcontractors Labour,SUB-CONTRACTOR,STANDARD,4020,KAAA-Directorate of Economic Growth and Neighbourhood Services
RBC Legal Entity,2021/08/04,4580913,255051,MEADEE FLOORING LTD,DLO Voids Trades,140,Subcontractors Labour,SUB-CONTRACTOR,STANDARD,4020,KAAA-Directorate of Economic Growth and Neighbourhood Services
RBC Legal Entity,2021/08/04,4580913,255051,MEADEE FLOORING LTD,DLO Voids Trades,801,Subcontractors Labour,SUB-CONTRACTOR,STANDARD,4020,KAAA-Directorate of Economic Growth and Neighbourhood Services
RBC Legal Entity,2021/08/04,4580914,255051,MEADEE FLOORING LTD,DLO Voids Trades,140,Subcontractors Labour,SUB-CONTRACTOR,STANDARD,4020,KAAA-Directorate of Economic Growth and Neighbourhood Services
RBC Legal Entity,2021/08/04,4580914,255051,MEADEE FLOORING LTD,DLO Voids Trades,776.5,Subcontractors Labour,SUB-CONTRACTOR,STANDARD,4020,KAAA-Directorate of Economic Growth and Neighbourhood Services
RBC Legal Entity,2021/08/04,4580929,255051,MEADEE FLOORING LTD,DLO Voids Trades,140,Subcontractors Labour,SUB-CONTRACTOR,STANDARD,4020,KAAA-Directorate of Economic Growth and Neighbourhood Services
RBC Legal Entity,2021/08/04,4580929,255051,MEADEE FLOORING LTD,DLO Voids Trades,766,Subcontractors Labour,SUB-CONTRACTOR,STANDARD,4020,KAAA-Directorate of Economic Growth and Neighbourhood Services
RBC Legal Entity,2021/08/04,4580930,255051,MEADEE FLOORING LTD,DLO Voids Trades,140,Subcontractors Labour,SUB-CONTRACTOR,STANDARD,4020,KAAA-Directorate of Economic Growth and Neighbourhood Services
RBC Legal Entity,2021/08/04,4580930,255051,MEADEE FLOORING LTD,DLO Voids Trades,695,Subcontractors Labour,SUB-CONTRACTOR,STANDARD,4020,KAAA-Directorate of Economic Growth and Neighbourhood Services
RBC Legal Entity,2021/08/04,4580931,255051,MEADEE FLOORING LTD,DLO Voids Trades,140,Subcontractors Labour,SUB-CONTRACTOR,STANDARD,4020,KAAA-Directorate of Economic Growth and Neighbourhood Services
RBC Legal Entity,2021/08/04,4580931,255051,MEADEE FLOORING LTD,DLO Voids Trades,695,Subcontractors Labour,SUB-CONTRACTOR,STANDARD,4020,KAAA-Directorate of Economic Growth and Neighbourhood Services
RBC Legal Entity,2021/08/04,4580932,255051,MEADEE FLOORING LTD,DLO Voids Trades,140,Subcontractors Labour,SUB-CONTRACTOR,STANDARD,4020,KAAA-Directorate of Economic Growth and Neighbourhood Services
RBC Legal Entity,2021/08/04,4580932,255051,MEADEE FLOORING LTD,DLO Voids Trades,695,Subcontractors Labour,SUB-CONTRACTOR,STANDARD,4020,KAAA-Directorate of Economic Growth and Neighbourhood Services
RBC Legal Entity,2021/08/04,4580934,255051,MEADEE FLOORING LTD,DLO Voids Trades,130,Subcontractors Labour,SUB-CONTRACTOR,STANDARD,4020,KAAA-Directorate of Economic Growth and Neighbourhood Services
RBC Legal Entity,2021/08/04,4580934,255051,MEADEE FLOORING LTD,DLO Voids Trades,465,Subcontractors Labour,SUB-CONTRACTOR,STANDARD,4020,KAAA-Directorate of Economic Growth and Neighbourhood Services
RBC Legal Entity,2021/08/04,4580935,255051,MEADEE FLOORING LTD,DLO Voids Trades,140,Subcontractors Labour,SUB-CONTRACTOR,STANDARD,4020,KAAA-Directorate of Economic Growth and Neighbourhood Services
RBC Legal Entity,2021/08/04,4580935,255051,MEADEE FLOORING LTD,DLO Voids Trades,898.5,Subcontractors Labour,SUB-CONTRACTOR,STANDARD,4020,KAAA-Directorate of Economic Growth and Neighbourhood Services
RBC Legal Entity,2021/08/04,4580936,255051,MEADEE FLOORING LTD,DLO Voids Trades,140,Subcontractors Labour,SUB-CONTRACTOR,STANDARD,4020,KAAA-Directorate of Economic Growth and Neighbourhood Services
RBC Legal Entity,2021/08/04,4580936,255051,MEADEE FLOORING LTD,DLO Voids Trades,870.5,Subcontractors Labour,SUB-CONTRACTOR,STANDARD,4020,KAAA-Directorate of Economic Growth and Neighbourhood Services
RBC Legal Entity,2021/08/04,4580937,255051,MEADEE FLOORING LTD,DLO Kitchen & Bathroom Trades,140,Subcontractors Labour,SUB-CONTRACTOR,STANDARD,4042,KAAA-Directorate of Economic Growth and Neighbourhood Services
RBC Legal Entity,2021/08/04,4580937,255051,MEADEE FLOORING LTD,DLO Kitchen & Bathroom Trades,647,Subcontractors Labour,SUB-CONTRACTOR,STANDARD,4042,KAAA-Directorate of Economic Growth and Neighbourhood Services
RBC Legal Entity,2021/08/04,4580939,255051,MEADEE FLOORING LTD,DLO Voids Trades,140,Subcontractors Labour,SUB-CONTRACTOR,STANDARD,4020,KAAA-Directorate of Economic Growth and Neighbourhood Services
RBC Legal Entity,2021/08/04,4580939,255051,MEADEE FLOORING LTD,DLO Voids Trades,748,Subcontractors Labour,SUB-CONTRACTOR,STANDARD,4020,KAAA-Directorate of Economic Growth and Neighbourhood Services
RBC Legal Entity,2021/08/04,4580940,255051,MEADEE FLOORING LTD,DLO Voids Trades,140,Subcontractors Labour,SUB-CONTRACTOR,STANDARD,4020,KAAA-Directorate of Economic Growth and Neighbourhood Services
RBC Legal Entity,2021/08/04,4580940,255051,MEADEE FLOORING LTD,DLO Voids Trades,695,Subcontractors Labour,SUB-CONTRACTOR,STANDARD,4020,KAAA-Directorate of Economic Growth and Neighbourhood Services
RBC Legal Entity,2021/08/04,4580941,255051,MEADEE FLOORING LTD,DLO Voids Trades,140,Subcontractors Labour,SUB-CONTRACTOR,STANDARD,4020,KAAA-Directorate of Economic Growth and Neighbourhood Services
RBC Legal Entity,2021/08/04,4580941,255051,MEADEE FLOORING LTD,DLO Voids Trades,887,Subcontractors Labour,SUB-CONTRACTOR,STANDARD,4020,KAAA-Directorate of Economic Growth and Neighbourhood Services
RBC Legal Entity,2021/08/04,4580942,255051,MEADEE FLOORING LTD,DLO Voids Trades,140,Subcontractors Labour,SUB-CONTRACTOR,STANDARD,4020,KAAA-Directorate of Economic Growth and Neighbourhood Services
RBC Legal Entity,2021/08/04,4580942,255051,MEADEE FLOORING LTD,DLO Voids Trades,887,Subcontractors Labour,SUB-CONTRACTOR,STANDARD,4020,KAAA-Directorate of Economic Growth and Neighbourhood Services
RBC Legal Entity,2021/08/04,4580943,255051,MEADEE FLOORING LTD,DLO Voids Trades,140,Subcontractors Labour,SUB-CONTRACTOR,STANDARD,4020,KAAA-Directorate of Economic Growth and Neighbourhood Services
RBC Legal Entity,2021/08/04,4580943,255051,MEADEE FLOORING LTD,DLO Voids Trades,887,Subcontractors Labour,SUB-CONTRACTOR,STANDARD,4020,KAAA-Directorate of Economic Growth and Neighbourhood Services
RBC Legal Entity,2021/08/04,4580944,255051,MEADEE FLOORING LTD,DLO Voids Trades,140,Subcontractors Labour,SUB-CONTRACTOR,STANDARD,4020,KAAA-Directorate of Economic Growth and Neighbourhood Services
RBC Legal Entity,2021/08/04,4580944,255051,MEADEE FLOORING LTD,DLO Voids Trades,887,Subcontractors Labour,SUB-CONTRACTOR,STANDARD,4020,KAAA-Directorate of Economic Growth and Neighbourhood Services
RBC Legal Entity,2021/08/04,4580965,255051,MEADEE FLOORING LTD,DLO Voids Trades,140,Subcontractors Labour,SUB-CONTRACTOR,STANDARD,4020,KAAA-Directorate of Economic Growth and Neighbourhood Services
RBC Legal Entity,2021/08/04,4580965,255051,MEADEE FLOORING LTD,DLO Voids Trades,887,Subcontractors Labour,SUB-CONTRACTOR,STANDARD,4020,KAAA-Directorate of Economic Growth and Neighbourhood Services
RBC Legal Entity,2021/08/04,4580967,255051,MEADEE FLOORING LTD,DLO Voids Trades,150,Subcontractors Labour,SUB-CONTRACTOR,STANDARD,4020,KAAA-Directorate of Economic Growth and Neighbourhood Services
RBC Legal Entity,2021/08/04,4580967,255051,MEADEE FLOORING LTD,DLO Voids Trades,1105,Subcontractors Labour,SUB-CONTRACTOR,STANDARD,4020,KAAA-Directorate of Economic Growth and Neighbourhood Services
RBC Legal Entity,2021/08/04,4580968,255051,MEADEE FLOORING LTD,DLO Voids Trades,150,Subcontractors Labour,SUB-CONTRACTOR,STANDARD,4020,KAAA-Directorate of Economic Growth and Neighbourhood Services
RBC Legal Entity,2021/08/04,4580968,255051,MEADEE FLOORING LTD,DLO Voids Trades,1105,Subcontractors Labour,SUB-CONTRACTOR,STANDARD,4020,KAAA-Directorate of Economic Growth and Neighbourhood Services
RBC Legal Entity,2021/08/04,4580972,255051,MEADEE FLOORING LTD,DLO Voids Trades,140,Subcontractors Labour,SUB-CONTRACTOR,STANDARD,4020,KAAA-Directorate of Economic Growth and Neighbourhood Services
RBC Legal Entity,2021/08/04,4580972,255051,MEADEE FLOORING LTD,DLO Voids Trades,840,Subcontractors Labour,SUB-CONTRACTOR,STANDARD,4020,KAAA-Directorate of Economic Growth and Neighbourhood Services
RBC Legal Entity,2021/08/04,4580973,255051,MEADEE FLOORING LTD,DLO Voids Trades,140,Subcontractors Labour,SUB-CONTRACTOR,STANDARD,4020,KAAA-Directorate of Economic Growth and Neighbourhood Services
RBC Legal Entity,2021/08/04,4580973,255051,MEADEE FLOORING LTD,DLO Voids Trades,840,Subcontractors Labour,SUB-CONTRACTOR,STANDARD,4020,KAAA-Directorate of Economic Growth and Neighbourhood Services
RBC Legal Entity,2021/08/04,4580974,255051,MEADEE FLOORING LTD,DLO Voids Trades,140,Subcontractors Labour,SUB-CONTRACTOR,STANDARD,4020,KAAA-Directorate of Economic Growth and Neighbourhood Services
RBC Legal Entity,2021/08/04,4580974,255051,MEADEE FLOORING LTD,DLO Voids Trades,806,Subcontractors Labour,SUB-CONTRACTOR,STANDARD,4020,KAAA-Directorate of Economic Growth and Neighbourhood Services
RBC Legal Entity,2021/08/04,4580975,255051,MEADEE FLOORING LTD,DLO Voids Trades,140,Subcontractors Labour,SUB-CONTRACTOR,STANDARD,4020,KAAA-Directorate of Economic Growth and Neighbourhood Services
RBC Legal Entity,2021/08/04,4580975,255051,MEADEE FLOORING LTD,DLO Voids Trades,748,Subcontractors Labour,SUB-CONTRACTOR,STANDARD,4020,KAAA-Directorate of Economic Growth and Neighbourhood Services
RBC Legal Entity,2021/08/04,4580977,255051,MEADEE FLOORING LTD,DLO Voids Trades,140,Subcontractors Labour,SUB-CONTRACTOR,STANDARD,4020,KAAA-Directorate of Economic Growth and Neighbourhood Services
RBC Legal Entity,2021/08/04,4580977,255051,MEADEE FLOORING LTD,DLO Voids Trades,928.08,Subcontractors Labour,SUB-CONTRACTOR,STANDARD,4020,KAAA-Directorate of Economic Growth and Neighbourhood Services
RBC Legal Entity,2021/08/04,4580996,255051,MEADEE FLOORING LTD,DLO Voids Trades,180,Subcontractors Labour,SUB-CONTRACTOR,STANDARD,4020,KAAA-Directorate of Economic Growth and Neighbourhood Services
RBC Legal Entity,2021/08/04,4580996,255051,MEADEE FLOORING LTD,DLO Voids Trades,1241,Subcontractors Labour,SUB-CONTRACTOR,STANDARD,4020,KAAA-Directorate of Economic Growth and Neighbourhood Services
RBC Legal Entity,2021/08/04,4580997,255051,MEADEE FLOORING LTD,DLO Voids Trades,170,Subcontractors Labour,SUB-CONTRACTOR,STANDARD,4020,KAAA-Directorate of Economic Growth and Neighbourhood Services
RBC Legal Entity,2021/08/04,4580997,255051,MEADEE FLOORING LTD,DLO Voids Trades,1205,Subcontractors Labour,SUB-CONTRACTOR,STANDARD,4020,KAAA-Directorate of Economic Growth and Neighbourhood Services
RBC Legal Entity,2021/08/04,4580998,255051,MEADEE FLOORING LTD,DLO Voids Trades,150,Subcontractors Labour,SUB-CONTRACTOR,STANDARD,4020,KAAA-Directorate of Economic Growth and Neighbourhood Services
RBC Legal Entity,2021/08/04,4580998,255051,MEADEE FLOORING LTD,DLO Voids Trades,1140,Subcontractors Labour,SUB-CONTRACTOR,STANDARD,4020,KAAA-Directorate of Economic Growth and Neighbourhood Services
RBC Legal Entity,2021/08/04,4581000,255051,MEADEE FLOORING LTD,DLO Voids Trades,150,Subcontractors Labour,SUB-CONTRACTOR,STANDARD,4020,KAAA-Directorate of Economic Growth and Neighbourhood Services
RBC Legal Entity,2021/08/04,4581000,255051,MEADEE FLOORING LTD,DLO Voids Trades,1082,Subcontractors Labour,SUB-CONTRACTOR,STANDARD,4020,KAAA-Directorate of Economic Growth and Neighbourhood Services
RBC Legal Entity,2021/08/04,4581002,255051,MEADEE FLOORING LTD,DLO Voids Trades,140,Subcontractors Labour,SUB-CONTRACTOR,STANDARD,4020,KAAA-Directorate of Economic Growth and Neighbourhood Services
RBC Legal Entity,2021/08/04,4581002,255051,MEADEE FLOORING LTD,DLO Voids Trades,928,Subcontractors Labour,SUB-CONTRACTOR,STANDARD,4020,KAAA-Directorate of Economic Growth and Neighbourhood Services
RBC Legal Entity,2021/08/04,4581004,255051,MEADEE FLOORING LTD,DLO Voids Trades,130,Subcontractors Labour,SUB-CONTRACTOR,STANDARD,4020,KAAA-Directorate of Economic Growth and Neighbourhood Services
RBC Legal Entity,2021/08/04,4581004,255051,MEADEE FLOORING LTD,DLO Voids Trades,445,Subcontractors Labour,SUB-CONTRACTOR,STANDARD,4020,KAAA-Directorate of Economic Growth and Neighbourhood Services
RBC Legal Entity,2021/08/04,4581005,255051,MEADEE FLOORING LTD,DLO Voids Trades,180,Subcontractors Labour,SUB-CONTRACTOR,STANDARD,4020,KAAA-Directorate of Economic Growth and Neighbourhood Services
RBC Legal Entity,2021/08/04,4581005,255051,MEADEE FLOORING LTD,DLO Voids Trades,1217.5,Subcontractors Labour,SUB-CONTRACTOR,STANDARD,4020,KAAA-Directorate of Economic Growth and Neighbourhood Services
RBC Legal Entity,2021/08/04,4581852,255051,MEADEE FLOORING LTD,DLO Voids Trades,170,Subcontractors Labour,SUB-CONTRACTOR,STANDARD,4020,KAAA-Directorate of Economic Growth and Neighbourhood Services
RBC Legal Entity,2021/08/04,4581852,255051,MEADEE FLOORING LTD,DLO Voids Trades,1150,Subcontractors Labour,SUB-CONTRACTOR,STANDARD,4020,KAAA-Directorate of Economic Growth and Neighbourhood Services
RBC Legal Entity,2021/08/04,4581853,255051,MEADEE FLOORING LTD,DLO Voids Trades,160,Subcontractors Labour,SUB-CONTRACTOR,STANDARD,4020,KAAA-Directorate of Economic Growth and Neighbourhood Services
RBC Legal Entity,2021/08/04,4581853,255051,MEADEE FLOORING LTD,DLO Voids Trades,1145,Subcontractors Labour,SUB-CONTRACTOR,STANDARD,4020,KAAA-Directorate of Economic Growth and Neighbourhood Services
RBC Legal Entity,2021/08/04,4581854,255051,MEADEE FLOORING LTD,DLO Voids Trades,140,Subcontractors Labour,SUB-CONTRACTOR,STANDARD,4020,KAAA-Directorate of Economic Growth and Neighbourhood Services
RBC Legal Entity,2021/08/04,4581854,255051,MEADEE FLOORING LTD,DLO Voids Trades,824,Subcontractors Labour,SUB-CONTRACTOR,STANDARD,4020,KAAA-Directorate of Economic Growth and Neighbourhood Services
RBC Legal Entity,2021/08/04,4581856,255051,MEADEE FLOORING LTD,DLO Voids Trades,130,Subcontractors Labour,SUB-CONTRACTOR,STANDARD,4020,KAAA-Directorate of Economic Growth and Neighbourhood Services
RBC Legal Entity,2021/08/04,4581856,255051,MEADEE FLOORING LTD,DLO Voids Trades,720,Subcontractors Labour,SUB-CONTRACTOR,STANDARD,4020,KAAA-Directorate of Economic Growth and Neighbourhood Services
RBC Legal Entity,2021/08/04,4576396,255055,FCC RECYCLING (UK) LTD,Refuse Collection,10836.07,Tipping Charge,SUPPLIER,STANDARD,4561,KAAA-Directorate of Economic Growth and Neighbourhood Services
RBC Legal Entity,2021/08/04,4576408,255055,FCC RECYCLING (UK) LTD,Grounds Maintenance,3084.27,Parks Tipping,SUPPLIER,STANDARD,1306,KAAA-Directorate of Economic Growth and Neighbourhood Services
RBC Legal Entity,2021/08/04,4576414,255055,FCC RECYCLING (UK) LTD,Grounds Maintenance,686.15,Parks Tipping,SUPPLIER,STANDARD,1306,KAAA-Directorate of Economic Growth and Neighbourhood Services
RBC Legal Entity,2021/08/04,4582700,255060,ADVANCED HEALTH & CARE LTD,Community Re-ablement Team,588,Comp.Software  Purchases,Direct Payments,STANDARD,5205,JAAA-Directorate of Social Care and Health Services
RBC Legal Entity,2021/08/04,4582701,255060,ADVANCED HEALTH & CARE LTD,Community Re-ablement Team,536.25,Comp.Software  Purchases,Direct Payments,STANDARD,5205,JAAA-Directorate of Social Care and Health Services
RBC Legal Entity,2021/08/04,4582703,255060,ADVANCED HEALTH & CARE LTD,Community Re-ablement Team,1170,Comp.Software  Purchases,Direct Payments,STANDARD,5205,JAAA-Directorate of Social Care and Health Services
RBC Legal Entity,2021/08/04,4582675,255064,TUVIDA,ASC Voluntary Grants,4053.4,Payments to Operators,Third Party Supplier,STANDARD,5300,JAAA-Directorate of Social Care and Health Services
RBC Legal Entity,2021/08/04,4577115,255066,ARUSHA LTD,Bed and Breakfast,3418.8,Rents,Third Party Supplier,STANDARD,5871,KAAA-Directorate of Economic Growth and Neighbourhood Services
RBC Legal Entity,2021/08/04,4580049,255066,ARUSHA LTD,Single Homelessness Grants,1709.4,Preventive+SupportiveServ,Third Party Supplier,STANDARD,5860,KAAA-Directorate of Economic Growth and Neighbourhood Services
RBC Legal Entity,2021/08/04,4577581,255067,RE3 LTD,Waste Disposal,1903079.48,Household Waste,SUPPLIER,STANDARD,4562,KAAA-Directorate of Economic Growth and Neighbourhood Services
RBC Legal Entity,2021/08/04,4579939,255069,REHABILITY UK COMMUNITY LTD,LD Community Services,5224.8,Purchased Care,Third Party Supplier,STANDARD,5741,JAAA-Directorate of Social Care and Health Services
RBC Legal Entity,2021/08/04,4579940,255069,REHABILITY UK COMMUNITY LTD,LD Community Services,1555,Purchased Care,Third Party Supplier,STANDARD,5741,JAAA-Directorate of Social Care and Health Services
RBC Legal Entity,2021/08/04,4579941,255069,REHABILITY UK COMMUNITY LTD,Mental Health Community Services,2457,Purchased Care,Third Party Supplier,STANDARD,5731,JAAA-Directorate of Social Care and Health Services
RBC Legal Entity,2021/08/04,4579942,255069,REHABILITY UK COMMUNITY LTD,LD Community Services,1461.8,Purchased Care,Third Party Supplier,STANDARD,5741,JAAA-Directorate of Social Care and Health Services
RBC Legal Entity,2021/08/04,4579943,255069,REHABILITY UK COMMUNITY LTD,LD Community Services,5224.8,Purchased Care,Third Party Supplier,STANDARD,5741,JAAA-Directorate of Social Care and Health Services
RBC Legal Entity,2021/08/04,4579944,255069,REHABILITY UK COMMUNITY LTD,LD Community Services,3048,Purchased Care,Third Party Supplier,STANDARD,5741,JAAA-Directorate of Social Care and Health Services
RBC Legal Entity,2021/08/04,4580509,255069,REHABILITY UK COMMUNITY LTD,LD Community Services,1213,Purchased Care,Third Party Supplier,STANDARD,5741,JAAA-Directorate of Social Care and Health Services
RBC Legal Entity,2021/08/04,4572788,255070,STORUM LTD T/A METAFENCE,Repairs,24848.64,Decent Neighbourhood Funding,SUB-CONTRACTOR,STANDARD,5970,HAAA-Housing Revenue Account
RBC Legal Entity,2021/08/04,4583519,255071,DEELAND LTD T/A SERVICEMASTER,Private Sector Grants,705.6,Grants (Paid out by RBC),SUPPLIER,STANDARD,8500,ZZZC-Capital
RBC Legal Entity,2021/08/04,4580031,255074,CARE4U WE LTD,Mental Health Community Services,2117.53,Purchased Care,Third Party Supplier,STANDARD,5731,JAAA-Directorate of Social Care and Health Services
RBC Legal Entity,2021/08/04,4580032,255074,CARE4U WE LTD,LD Community Services,3597.08,Purchased Care,Third Party Supplier,STANDARD,5741,JAAA-Directorate of Social Care and Health Services
RBC Legal Entity,2021/08/04,4580033,255074,CARE4U WE LTD,LD Community Services,3595.76,Purchased Care,Third Party Supplier,STANDARD,5741,JAAA-Directorate of Social Care and Health Services
RBC Legal Entity,2021/08/04,4580034,255074,CARE4U WE LTD,PS Acquired Community Services,3088.6,Purchased Care,Third Party Supplier,STANDARD,5771,JAAA-Directorate of Social Care and Health Services
RBC Legal Entity,2021/08/04,4580035,255074,CARE4U WE LTD,LD Community Services,4137.34,Purchased Care,Third Party Supplier,STANDARD,5741,JAAA-Directorate of Social Care and Health Services
RBC Legal Entity,2021/08/04,4580036,255074,CARE4U WE LTD,Mental Health Community Services,1893.2,Purchased Care,Third Party Supplier,STANDARD,5731,JAAA-Directorate of Social Care and Health Services
RBC Legal Entity,2021/08/04,4580037,255074,CARE4U WE LTD,Mental Health Community Services,1893.2,Purchased Care,Third Party Supplier,STANDARD,5731,JAAA-Directorate of Social Care and Health Services
RBC Legal Entity,2021/08/04,4580038,255074,CARE4U WE LTD,Mental Health Community Services,2211,Purchased Care,Third Party Supplier,STANDARD,5731,JAAA-Directorate of Social Care and Health Services
RBC Legal Entity,2021/08/04,4580039,255074,CARE4U WE LTD,Mental Health Community Services,2707.2,Purchased Care,Third Party Supplier,STANDARD,5731,JAAA-Directorate of Social Care and Health Services
RBC Legal Entity,2021/08/04,4580040,255074,CARE4U WE LTD,Mental Health Community Services,1702.52,Purchased Care,Third Party Supplier,STANDARD,5731,JAAA-Directorate of Social Care and Health Services
RBC Legal Entity,2021/08/04,4580587,255074,CARE4U WE LTD,LD Community Services,2465.26,Purchased Care,Third Party Supplier,STANDARD,5741,JAAA-Directorate of Social Care and Health Services
RBC Legal Entity,2021/08/04,4580588,255074,CARE4U WE LTD,LD Community Services,2211,Purchased Care,Third Party Supplier,STANDARD,5741,JAAA-Directorate of Social Care and Health Services
RBC Legal Entity,2021/08/04,4580589,255074,CARE4U WE LTD,PS Acquired Community Services,2707.24,Purchased Care,Third Party Supplier,STANDARD,5771,JAAA-Directorate of Social Care and Health Services
RBC Legal Entity,2021/08/04,4580590,255074,CARE4U WE LTD,LD Community Services,2814.84,Purchased Care,Third Party Supplier,STANDARD,5741,JAAA-Directorate of Social Care and Health Services
RBC Legal Entity,2021/08/04,4580591,255074,CARE4U WE LTD,LD Community Services,3444.64,Purchased Care,Third Party Supplier,STANDARD,5741,JAAA-Directorate of Social Care and Health Services
RBC Legal Entity,2021/08/04,4580592,255074,CARE4U WE LTD,PS Acquired Community Services,2961.49,Purchased Care,Third Party Supplier,STANDARD,5771,JAAA-Directorate of Social Care and Health Services
RBC Legal Entity,2021/08/04,4580593,255074,CARE4U WE LTD,LD Community Services,2744.48,Purchased Care,Third Party Supplier,STANDARD,5741,JAAA-Directorate of Social Care and Health Services
RBC Legal Entity,2021/08/04,4580594,255074,CARE4U WE LTD,Mental Health Community Services,2707.24,Purchased Care,Third Party Supplier,STANDARD,5731,JAAA-Directorate of Social Care and Health Services
RBC Legal Entity,2021/08/04,4580595,255074,CARE4U WE LTD,LD Community Services,3402.76,Purchased Care,Third Party Supplier,STANDARD,5741,JAAA-Directorate of Social Care and Health Services
RBC Legal Entity,2021/08/04,4580600,255074,CARE4U WE LTD,LD Community Services,635.6,Purchased Care,Third Party Supplier,STANDARD,5741,JAAA-Directorate of Social Care and Health Services
RBC Legal Entity,2021/08/04,4580601,255074,CARE4U WE LTD,Mental Health Community Services,2453.01,Purchased Care,Third Party Supplier,STANDARD,5731,JAAA-Directorate of Social Care and Health Services
RBC Legal Entity,2021/08/04,4580602,255074,CARE4U WE LTD,LD Community Services,2242.8,Purchased Care,Third Party Supplier,STANDARD,5741,JAAA-Directorate of Social Care and Health Services
RBC Legal Entity,2021/08/04,4580603,255074,CARE4U WE LTD,LD Community Services,2119.32,Purchased Care,Third Party Supplier,STANDARD,5741,JAAA-Directorate of Social Care and Health Services
RBC Legal Entity,2021/08/04,4580604,255074,CARE4U WE LTD,LD Community Services,3189.4,Purchased Care,Third Party Supplier,STANDARD,5741,JAAA-Directorate of Social Care and Health Services
RBC Legal Entity,2021/08/04,4580605,255074,CARE4U WE LTD,LD Community Services,2809.04,Purchased Care,Third Party Supplier,STANDARD,5741,JAAA-Directorate of Social Care and Health Services
RBC Legal Entity,2021/08/04,4580606,255074,CARE4U WE LTD,LD Community Services,4741.16,Purchased Care,Third Party Supplier,STANDARD,5741,JAAA-Directorate of Social Care and Health Services
RBC Legal Entity,2021/08/04,4580607,255074,CARE4U WE LTD,Mental Health Community Services,2707.24,Purchased Care,Third Party Supplier,STANDARD,5731,JAAA-Directorate of Social Care and Health Services
RBC Legal Entity,2021/08/04,4580608,255074,CARE4U WE LTD,LD Community Services,3444.64,Purchased Care,Third Party Supplier,STANDARD,5741,JAAA-Directorate of Social Care and Health Services
RBC Legal Entity,2021/08/04,4582919,255078,Brighter Futures for Children,Safer Community Unit,19600.56,Special Activities,Internal,STANDARD,5365,KAAA-Directorate of Economic Growth and Neighbourhood Services
RBC Legal Entity,2021/08/04,4576404,255080,DR GRANGE & ASSOCIATES,JLT Disbursements,553.8,Misc. Legal Expenses,Third Party Supplier,STANDARD,2407,LAAA-Directorate of Resources
RBC Legal Entity,2021/08/04,4580778,255082,LONDON CARE,PS Acquired Community Services,9235.52,Purchased Care,Third Party Supplier,STANDARD,5771,JAAA-Directorate of Social Care and Health Services
RBC Legal Entity,2021/08/04,4580779,255082,LONDON CARE,PS Acquired Community Services,1701.28,Purchased Care,Third Party Supplier,STANDARD,5771,JAAA-Directorate of Social Care and Health Services
RBC Legal Entity,2021/08/04,4580785,255082,LONDON CARE,PS Acquired Community Services,1336.72,Purchased Care,Third Party Supplier,STANDARD,5771,JAAA-Directorate of Social Care and Health Services
RBC Legal Entity,2021/08/04,4580786,255082,LONDON CARE,PS Acquired Community Services,911.4,Purchased Care,Third Party Supplier,STANDARD,5771,JAAA-Directorate of Social Care and Health Services
RBC Legal Entity,2021/08/04,4580787,255082,LONDON CARE,PS Acquired Community Services,1354.08,Purchased Care,Third Party Supplier,STANDARD,5771,JAAA-Directorate of Social Care and Health Services
RBC Legal Entity,2021/08/04,4577471,255084,STL ARCHITECTURE LTD,Sundry Properties,1300,Consultancy Fees,SUPPLIER,STANDARD,2125,KAAA-Directorate of Economic Growth and Neighbourhood Services
RBC Legal Entity,2021/08/04,4582829,255085,AMBER ATHILL,Legal Services,518.33,Misc. Legal Expenses,SUPPLIER,STANDARD,2400,LAAA-Directorate of Resources
RBC Legal Entity,2021/08/04,4580252,255087,ETHICAL READING,ASC Senior Management Team,2490,Project Fees,Third Party Supplier,STANDARD,5700,JAAA-Directorate of Social Care and Health Services
RBC Legal Entity,2021/08/04,4582727,255089,BERKSHIRE ROOMS,Bed and Breakfast,196,Rents,SUPPLIER,STANDARD,5871,KAAA-Directorate of Economic Growth and Neighbourhood Services
RBC Legal Entity,2021/08/04,4582727,255089,BERKSHIRE ROOMS,Bed and Breakfast,784,Rents,SUPPLIER,STANDARD,5871,KAAA-Directorate of Economic Growth and Neighbourhood Services
RBC Legal Entity,2021/08/04,4582983,255091,IMRAN TUFAIL,Housing Advice,523.91,Responsive Repairs,SUPPLIER,STANDARD,5820,KAAA-Directorate of Economic Growth and Neighbourhood Services
RBC Legal Entity,2021/08/04,4582499,255093,LEGIONELLA CONTROL INTERNATIONAL LTD,SHGs _ Social Housing Grants,6800,External Fees  Misc.,SUPPLIER,STANDARD,8501,ZZZC-Capital
RBC Legal Entity,2021/08/04,4582842,255095,INTEGRA BUILDINGS LTD,Repairs,59782.12,Feasibility Studies,CONTRACTOR,STANDARD,5970,HAAA-Housing Revenue Account
RBC Legal Entity,2021/08/04,4580464,255096,BLAKEDOWN SPORT & PLAY LTD,Multi_School Expenditure,641.55,Building Works,SUB-CONTRACTOR,STANDARD,8200,ZZZC-Capital
RBC Legal Entity,2021/08/04,4578061,255097,ACCESS TALENT GROUP,Food and Safety,4536,Consultancy Fees,Third Party Supplier,STANDARD,4614,KAAA-Directorate of Economic Growth and Neighbourhood Services
RBC Legal Entity,2021/08/04,4582827,255098,DUNCAN MILNE,Legal Services,500,Misc. Legal Expenses,Third Party Supplier,STANDARD,2400,LAAA-Directorate of Resources
RBC Legal Entity,2021/08/04,4578046,255099,APPLE TRANSCRIPTION LTD,JLT Disbursements,589.29,Misc. Legal Expenses,Third Party Supplier,STANDARD,2407,LAAA-Directorate of Resources
RBC Legal Entity,2021/08/04,4582170,255105,AG FAMILY SUPPORT LTD,JLT Disbursements,6631.5,Misc. Legal Expenses,Third Party Supplier,STANDARD,2407,LAAA-Directorate of Resources
RBC Legal Entity,2021/08/05,4576484,255139,BELLSTAN LIMITED,Road Resurfacing,2925,Contractors,SUB-CONTRACTOR,STANDARD,8870,ZZZC-Capital
RBC Legal Entity,2021/08/05,4576508,255140,AGRICULTURAL & ESTATE SERVICES,Grounds Maintenance,12720,TPP to Others,SUB-CONTRACTOR,STANDARD,1306,KAAA-Directorate of Economic Growth and Neighbourhood Services
RBC Legal Entity,2021/08/05,4576523,255140,AGRICULTURAL & ESTATE SERVICES,Grounds Maintenance,2180,CPG Maintenance,SUB-CONTRACTOR,STANDARD,1306,KAAA-Directorate of Economic Growth and Neighbourhood Services
RBC Legal Entity,2021/08/05,4583952,255143,PURLEY PARK TRUST LTD,LD Community Services,3912.6,Purchased Care,Third Party Supplier,STANDARD,5741,JAAA-Directorate of Social Care and Health Services
RBC Legal Entity,2021/08/05,4583953,255143,PURLEY PARK TRUST LTD,LD Community Services,3912.6,Purchased Care,Third Party Supplier,STANDARD,5741,JAAA-Directorate of Social Care and Health Services
RBC Legal Entity,2021/08/05,4583956,255143,PURLEY PARK TRUST LTD,LD Community Services,3323.28,Purchased Care,Third Party Supplier,STANDARD,5741,JAAA-Directorate of Social Care and Health Services
RBC Legal Entity,2021/08/05,4583957,255143,PURLEY PARK TRUST LTD,LD Community Services,3323.28,Purchased Care,Third Party Supplier,STANDARD,5741,JAAA-Directorate of Social Care and Health Services
RBC Legal Entity,2021/08/05,4545724,255144,PEARSON GROUP,New Directions,-592.67,Examination Fees,SUPPLIER,CREDIT,3340,KAAA-Directorate of Economic Growth and Neighbourhood Services
RBC Legal Entity,2021/08/05,4577850,255144,PEARSON GROUP,New Directions,521.42,Examination Fees,SUPPLIER,STANDARD,3340,KAAA-Directorate of Economic Growth and Neighbourhood Services
RBC Legal Entity,2021/08/05,4583529,255150,READING HOTEL,Bed and Breakfast,2795,Rents,SUPPLIER,STANDARD,5871,KAAA-Directorate of Economic Growth and Neighbourhood Services
RBC Legal Entity,2021/08/05,4580791,255151,TONNA CARE SERVICES LTD,M&C Acquired Community Services,1102.93,Purchased Care,Third Party Supplier,STANDARD,5751,JAAA-Directorate of Social Care and Health Services
RBC Legal Entity,2021/08/05,4580799,255151,TONNA CARE SERVICES LTD,LD Community Services,7639.68,Purchased Care,Third Party Supplier,STANDARD,5741,JAAA-Directorate of Social Care and Health Services
RBC Legal Entity,2021/08/05,4580801,255151,TONNA CARE SERVICES LTD,Social Support,879.3,Purchased Care,Third Party Supplier,STANDARD,5790,JAAA-Directorate of Social Care and Health Services
RBC Legal Entity,2021/08/05,4580803,255151,TONNA CARE SERVICES LTD,LD Community Services,3577.3,Purchased Care,Third Party Supplier,STANDARD,5741,JAAA-Directorate of Social Care and Health Services
RBC Legal Entity,2021/08/05,4580804,255151,TONNA CARE SERVICES LTD,LD Community Services,753.6,Purchased Care,Third Party Supplier,STANDARD,5741,JAAA-Directorate of Social Care and Health Services
RBC Legal Entity,2021/08/05,4580806,255151,TONNA CARE SERVICES LTD,LD Community Services,942,Purchased Care,Third Party Supplier,STANDARD,5741,JAAA-Directorate of Social Care and Health Services
RBC Legal Entity,2021/08/05,4580807,255151,TONNA CARE SERVICES LTD,LD Community Services,2135.2,Purchased Care,Third Party Supplier,STANDARD,5741,JAAA-Directorate of Social Care and Health Services
RBC Legal Entity,2021/08/05,4580808,255151,TONNA CARE SERVICES LTD,PS Acquired Community Services,3374.64,Purchased Care,Third Party Supplier,STANDARD,5771,JAAA-Directorate of Social Care and Health Services
RBC Legal Entity,2021/08/05,4580809,255151,TONNA CARE SERVICES LTD,Mental Health Community Services,121.68,Purchased Care,Third Party Supplier,STANDARD,5731,JAAA-Directorate of Social Care and Health Services
RBC Legal Entity,2021/08/05,4580809,255151,TONNA CARE SERVICES LTD,Mental Health Community Services,404.27,S28A Purchased Care,Third Party Supplier,STANDARD,5731,JAAA-Directorate of Social Care and Health Services
RBC Legal Entity,2021/08/05,4580810,255151,TONNA CARE SERVICES LTD,LD Community Services,5996.54,Purchased Care,Third Party Supplier,STANDARD,5741,JAAA-Directorate of Social Care and Health Services
RBC Legal Entity,2021/08/05,4580811,255151,TONNA CARE SERVICES LTD,LD Community Services,5400.8,Purchased Care,Third Party Supplier,STANDARD,5741,JAAA-Directorate of Social Care and Health Services
RBC Legal Entity,2021/08/05,4580814,255151,TONNA CARE SERVICES LTD,LD Community Services,4167.34,Purchased Care,Third Party Supplier,STANDARD,5741,JAAA-Directorate of Social Care and Health Services
RBC Legal Entity,2021/08/05,4580816,255151,TONNA CARE SERVICES LTD,LD Community Services,1884,Purchased Care,Third Party Supplier,STANDARD,5741,JAAA-Directorate of Social Care and Health Services
RBC Legal Entity,2021/08/05,4580817,255151,TONNA CARE SERVICES LTD,LD Community Services,1507.2,Purchased Care,Third Party Supplier,STANDARD,5741,JAAA-Directorate of Social Care and Health Services
RBC Legal Entity,2021/08/05,4580821,255151,TONNA CARE SERVICES LTD,PS Acquired Community Services,628,Purchased Care,Third Party Supplier,STANDARD,5771,JAAA-Directorate of Social Care and Health Services
RBC Legal Entity,2021/08/05,4580822,255151,TONNA CARE SERVICES LTD,Social Support,502.4,Purchased Care,Third Party Supplier,STANDARD,5790,JAAA-Directorate of Social Care and Health Services
RBC Legal Entity,2021/08/05,4580823,255151,TONNA CARE SERVICES LTD,LD Community Services,659.4,Purchased Care,Third Party Supplier,STANDARD,5741,JAAA-Directorate of Social Care and Health Services
RBC Legal Entity,2021/08/05,4580824,255151,TONNA CARE SERVICES LTD,LD Community Services,4041.74,Purchased Care,Third Party Supplier,STANDARD,5741,JAAA-Directorate of Social Care and Health Services
RBC Legal Entity,2021/08/05,4580825,255151,TONNA CARE SERVICES LTD,LD Community Services,879.2,Purchased Care,Third Party Supplier,STANDARD,5741,JAAA-Directorate of Social Care and Health Services
RBC Legal Entity,2021/08/05,4580827,255151,TONNA CARE SERVICES LTD,LD Community Services,628,Purchased Care,Third Party Supplier,STANDARD,5741,JAAA-Directorate of Social Care and Health Services
RBC Legal Entity,2021/08/05,4580828,255151,TONNA CARE SERVICES LTD,Mental Health Community Services,628,Purchased Care,Third Party Supplier,STANDARD,5731,JAAA-Directorate of Social Care and Health Services
RBC Legal Entity,2021/08/05,4580832,255151,TONNA CARE SERVICES LTD,LD Community Services,502.4,Purchased Care,Third Party Supplier,STANDARD,5741,JAAA-Directorate of Social Care and Health Services
RBC Legal Entity,2021/08/05,4580835,255151,TONNA CARE SERVICES LTD,LD Community Services,565.2,Purchased Care,Third Party Supplier,STANDARD,5741,JAAA-Directorate of Social Care and Health Services
RBC Legal Entity,2021/08/05,4580836,255151,TONNA CARE SERVICES LTD,LD Community Services,753.6,Purchased Care,Third Party Supplier,STANDARD,5741,JAAA-Directorate of Social Care and Health Services
RBC Legal Entity,2021/08/05,4583872,255152,DIMENSIONS (UK) LTD,LD Community Services,1357.53,Purchased Care,Third Party Supplier,STANDARD,5741,JAAA-Directorate of Social Care and Health Services
RBC Legal Entity,2021/08/05,4583873,255152,DIMENSIONS (UK) LTD,LD Community Services,510.9,Purchased Care,Third Party Supplier,STANDARD,5741,JAAA-Directorate of Social Care and Health Services
RBC Legal Entity,2021/08/05,4577917,255153,NEIL CURTIS FUNERAL CONTRACTOR,Grounds Maintenance,285,TPP to Others,SUPPLIER,STANDARD,1306,KAAA-Directorate of Economic Growth and Neighbourhood Services
RBC Legal Entity,2021/08/05,4577917,255153,NEIL CURTIS FUNERAL CONTRACTOR,Grounds Maintenance,285,TPP to Others,SUPPLIER,STANDARD,1306,KAAA-Directorate of Economic Growth and Neighbourhood Services
RBC Legal Entity,2021/08/05,4577917,255153,NEIL CURTIS FUNERAL CONTRACTOR,Grounds Maintenance,285,TPP to Others,SUPPLIER,STANDARD,1306,KAAA-Directorate of Economic Growth and Neighbourhood Services
RBC Legal Entity,2021/08/05,4577917,255153,NEIL CURTIS FUNERAL CONTRACTOR,Grounds Maintenance,285,TPP to Others,SUPPLIER,STANDARD,1306,KAAA-Directorate of Economic Growth and Neighbourhood Services
RBC Legal Entity,2021/08/05,4577917,255153,NEIL CURTIS FUNERAL CONTRACTOR,Grounds Maintenance,570,TPP to Others,SUPPLIER,STANDARD,1306,KAAA-Directorate of Economic Growth and Neighbourhood Services
RBC Legal Entity,2021/08/05,4579067,255154,CPA HORTICULTURE,Grounds Maintenance,3195,CPG Maintenance,SUPPLIER,STANDARD,1306,KAAA-Directorate of Economic Growth and Neighbourhood Services
RBC Legal Entity,2021/08/05,4576498,255155,CIVICA UK LTD,Reading Libraries,2550,Software Licences,Third Party Supplier,STANDARD,1400,KAAA-Directorate of Economic Growth and Neighbourhood Services
RBC Legal Entity,2021/08/05,4583986,255156,GRIFFITHS ROBERTSON SOLICITORS,JLT Disbursements,1053,Misc. Legal Expenses,Third Party Supplier,STANDARD,2407,LAAA-Directorate of Resources
RBC Legal Entity,2021/08/05,4583994,255156,GRIFFITHS ROBERTSON SOLICITORS,JLT Disbursements,800,Misc. Legal Expenses,Third Party Supplier,STANDARD,2407,LAAA-Directorate of Resources
RBC Legal Entity,2021/08/05,4583864,255158,VOYAGE CARE,LD Community Services,507.2,Purchased Care,Third Party Supplier,STANDARD,5741,JAAA-Directorate of Social Care and Health Services
RBC Legal Entity,2021/08/05,4583865,255158,VOYAGE CARE,LD Community Services,2845.59,Purchased Care,Third Party Supplier,STANDARD,5741,JAAA-Directorate of Social Care and Health Services
RBC Legal Entity,2021/08/05,4583866,255158,VOYAGE CARE,Mental Health Community Services,4736.72,Purchased Care,Third Party Supplier,STANDARD,5731,JAAA-Directorate of Social Care and Health Services
RBC Legal Entity,2021/08/05,4583867,255158,VOYAGE CARE,LD Community Services,532.8,Purchased Care,Third Party Supplier,STANDARD,5741,JAAA-Directorate of Social Care and Health Services
RBC Legal Entity,2021/08/05,4583868,255158,VOYAGE CARE,LD Community Services,3289.44,Purchased Care,Third Party Supplier,STANDARD,5741,JAAA-Directorate of Social Care and Health Services
RBC Legal Entity,2021/08/05,4583869,255158,VOYAGE CARE,LD Community Services,602.32,Purchased Care,Third Party Supplier,STANDARD,5741,JAAA-Directorate of Social Care and Health Services
RBC Legal Entity,2021/08/05,4583870,255158,VOYAGE CARE,LD Community Services,3709.45,Purchased Care,Third Party Supplier,STANDARD,5741,JAAA-Directorate of Social Care and Health Services
RBC Legal Entity,2021/08/05,4583871,255158,VOYAGE CARE,LD Community Services,4166.04,Purchased Care,Third Party Supplier,STANDARD,5741,JAAA-Directorate of Social Care and Health Services
RBC Legal Entity,2021/08/05,4577943,255162,DRAIN & ABLE,Corporate Maintenance Services,2700,Leasing Costs,Third Party Supplier,STANDARD,4080,KAAA-Directorate of Economic Growth and Neighbourhood Services
RBC Legal Entity,2021/08/05,4577103,255165,IMPERIAL COLLEGE PROJECTS LTD,Coroner,25,Medical Fees,SUPPLIER,STANDARD,4605,KAAA-Directorate of Economic Growth and Neighbourhood Services
RBC Legal Entity,2021/08/05,4577103,255165,IMPERIAL COLLEGE PROJECTS LTD,Coroner,55,Medical Fees,SUPPLIER,STANDARD,4605,KAAA-Directorate of Economic Growth and Neighbourhood Services
RBC Legal Entity,2021/08/05,4577103,255165,IMPERIAL COLLEGE PROJECTS LTD,Coroner,155,Medical Fees,SUPPLIER,STANDARD,4605,KAAA-Directorate of Economic Growth and Neighbourhood Services
RBC Legal Entity,2021/08/05,4577103,255165,IMPERIAL COLLEGE PROJECTS LTD,Coroner,200,Medical Fees,SUPPLIER,STANDARD,4605,KAAA-Directorate of Economic Growth and Neighbourhood Services
RBC Legal Entity,2021/08/05,4577103,255165,IMPERIAL COLLEGE PROJECTS LTD,Coroner,210,Medical Fees,SUPPLIER,STANDARD,4605,KAAA-Directorate of Economic Growth and Neighbourhood Services
RBC Legal Entity,2021/08/05,4577110,255165,IMPERIAL COLLEGE PROJECTS LTD,Coroner,100,Medical Fees,SUPPLIER,STANDARD,4605,KAAA-Directorate of Economic Growth and Neighbourhood Services
RBC Legal Entity,2021/08/05,4577110,255165,IMPERIAL COLLEGE PROJECTS LTD,Coroner,120,Medical Fees,SUPPLIER,STANDARD,4605,KAAA-Directorate of Economic Growth and Neighbourhood Services
RBC Legal Entity,2021/08/05,4577110,255165,IMPERIAL COLLEGE PROJECTS LTD,Coroner,120,Medical Fees,SUPPLIER,STANDARD,4605,KAAA-Directorate of Economic Growth and Neighbourhood Services
RBC Legal Entity,2021/08/05,4577110,255165,IMPERIAL COLLEGE PROJECTS LTD,Coroner,210,Medical Fees,SUPPLIER,STANDARD,4605,KAAA-Directorate of Economic Growth and Neighbourhood Services
RBC Legal Entity,2021/08/05,4581006,255165,IMPERIAL COLLEGE PROJECTS LTD,Coroner,55,Medical Fees,SUPPLIER,STANDARD,4605,KAAA-Directorate of Economic Growth and Neighbourhood Services
RBC Legal Entity,2021/08/05,4581006,255165,IMPERIAL COLLEGE PROJECTS LTD,Coroner,120,Medical Fees,SUPPLIER,STANDARD,4605,KAAA-Directorate of Economic Growth and Neighbourhood Services
RBC Legal Entity,2021/08/05,4581006,255165,IMPERIAL COLLEGE PROJECTS LTD,Coroner,155,Medical Fees,SUPPLIER,STANDARD,4605,KAAA-Directorate of Economic Growth and Neighbourhood Services
RBC Legal Entity,2021/08/05,4581006,255165,IMPERIAL COLLEGE PROJECTS LTD,Coroner,200,Medical Fees,SUPPLIER,STANDARD,4605,KAAA-Directorate of Economic Growth and Neighbourhood Services
RBC Legal Entity,2021/08/05,4581006,255165,IMPERIAL COLLEGE PROJECTS LTD,Coroner,210,Medical Fees,SUPPLIER,STANDARD,4605,KAAA-Directorate of Economic Growth and Neighbourhood Services
RBC Legal Entity,2021/08/05,4581013,255165,IMPERIAL COLLEGE PROJECTS LTD,Coroner,55,Medical Fees,SUPPLIER,STANDARD,4605,KAAA-Directorate of Economic Growth and Neighbourhood Services
RBC Legal Entity,2021/08/05,4581013,255165,IMPERIAL COLLEGE PROJECTS LTD,Coroner,100,Medical Fees,SUPPLIER,STANDARD,4605,KAAA-Directorate of Economic Growth and Neighbourhood Services
RBC Legal Entity,2021/08/05,4581013,255165,IMPERIAL COLLEGE PROJECTS LTD,Coroner,120,Medical Fees,SUPPLIER,STANDARD,4605,KAAA-Directorate of Economic Growth and Neighbourhood Services
RBC Legal Entity,2021/08/05,4581013,255165,IMPERIAL COLLEGE PROJECTS LTD,Coroner,120,Medical Fees,SUPPLIER,STANDARD,4605,KAAA-Directorate of Economic Growth and Neighbourhood Services
RBC Legal Entity,2021/08/05,4581013,255165,IMPERIAL COLLEGE PROJECTS LTD,Coroner,140,Medical Fees,SUPPLIER,STANDARD,4605,KAAA-Directorate of Economic Growth and Neighbourhood Services
RBC Legal Entity,2021/08/05,4581013,255165,IMPERIAL COLLEGE PROJECTS LTD,Coroner,155,Medical Fees,SUPPLIER,STANDARD,4605,KAAA-Directorate of Economic Growth and Neighbourhood Services
RBC Legal Entity,2021/08/05,4581013,255165,IMPERIAL COLLEGE PROJECTS LTD,Coroner,210,Medical Fees,SUPPLIER,STANDARD,4605,KAAA-Directorate of Economic Growth and Neighbourhood Services
RBC Legal Entity,2021/08/05,4580788,255166,REALCARE+ LIMITED,PS Acquired Community Services,608,Purchased Care,Third Party Supplier,STANDARD,5771,JAAA-Directorate of Social Care and Health Services
RBC Legal Entity,2021/08/05,4580468,255167,MEADEE FLOORING LTD,DLO Day to Day Trades,120,Subcontractors Labour,SUB-CONTRACTOR,STANDARD,4010,KAAA-Directorate of Economic Growth and Neighbourhood Services
RBC Legal Entity,2021/08/05,4580468,255167,MEADEE FLOORING LTD,DLO Day to Day Trades,635,Subcontractors Labour,SUB-CONTRACTOR,STANDARD,4010,KAAA-Directorate of Economic Growth and Neighbourhood Services
RBC Legal Entity,2021/08/05,4580476,255167,MEADEE FLOORING LTD,DLO Day to Day Trades,90,Subcontractors Labour,SUB-CONTRACTOR,STANDARD,4010,KAAA-Directorate of Economic Growth and Neighbourhood Services
RBC Legal Entity,2021/08/05,4580476,255167,MEADEE FLOORING LTD,DLO Day to Day Trades,406,Subcontractors Labour,SUB-CONTRACTOR,STANDARD,4010,KAAA-Directorate of Economic Growth and Neighbourhood Services
RBC Legal Entity,2021/08/05,4582523,255168,MR JAMES NORMAN,JLT Disbursements,850,Misc. Legal Expenses,SUPPLIER,STANDARD,2407,LAAA-Directorate of Resources
RBC Legal Entity,2021/08/05,4583531,255170,R&D CONTRACTORS,Repairs,7371.98,Special Adaptions,SUPPLIER,STANDARD,5970,HAAA-Housing Revenue Account
RBC Legal Entity,2021/08/05,4582522,255171,MISS ALISON WILLIAMS,JLT Disbursements,735,Misc. Legal Expenses,SUPPLIER,STANDARD,2407,LAAA-Directorate of Resources
RBC Legal Entity,2021/08/05,4576597,255172,MR ALEX FORBES,JLT Disbursements,675,Misc. Legal Expenses,SUPPLIER,STANDARD,2407,LAAA-Directorate of Resources
RBC Legal Entity,2021/08/05,4576602,255172,MR ALEX FORBES,JLT Disbursements,80,Misc. Legal Expenses,SUPPLIER,STANDARD,2407,LAAA-Directorate of Resources
RBC Legal Entity,2021/08/05,4576602,255172,MR ALEX FORBES,JLT Disbursements,675,Misc. Legal Expenses,SUPPLIER,STANDARD,2407,LAAA-Directorate of Resources
RBC Legal Entity,2021/08/05,4576603,255172,MR ALEX FORBES,JLT Disbursements,735,Misc. Legal Expenses,SUPPLIER,STANDARD,2407,LAAA-Directorate of Resources
RBC Legal Entity,2021/08/05,4577132,255172,MR ALEX FORBES,JLT Disbursements,735,Misc. Legal Expenses,SUPPLIER,STANDARD,2407,LAAA-Directorate of Resources
RBC Legal Entity,2021/08/05,4577140,255172,MR ALEX FORBES,JLT Disbursements,855,Misc. Legal Expenses,SUPPLIER,STANDARD,2407,LAAA-Directorate of Resources
RBC Legal Entity,2021/08/05,4580449,255172,MR ALEX FORBES,JLT Disbursements,120,Misc. Legal Expenses,SUPPLIER,STANDARD,2407,LAAA-Directorate of Resources
RBC Legal Entity,2021/08/05,4580449,255172,MR ALEX FORBES,JLT Disbursements,180,Misc. Legal Expenses,SUPPLIER,STANDARD,2407,LAAA-Directorate of Resources
RBC Legal Entity,2021/08/05,4580449,255172,MR ALEX FORBES,JLT Disbursements,360,Misc. Legal Expenses,SUPPLIER,STANDARD,2407,LAAA-Directorate of Resources
RBC Legal Entity,2021/08/05,4580449,255172,MR ALEX FORBES,JLT Disbursements,650,Misc. Legal Expenses,SUPPLIER,STANDARD,2407,LAAA-Directorate of Resources
RBC Legal Entity,2021/08/05,4580449,255172,MR ALEX FORBES,JLT Disbursements,650,Misc. Legal Expenses,SUPPLIER,STANDARD,2407,LAAA-Directorate of Resources
RBC Legal Entity,2021/08/05,4580449,255172,MR ALEX FORBES,JLT Disbursements,650,Misc. Legal Expenses,SUPPLIER,STANDARD,2407,LAAA-Directorate of Resources
RBC Legal Entity,2021/08/05,4580449,255172,MR ALEX FORBES,JLT Disbursements,650,Misc. Legal Expenses,SUPPLIER,STANDARD,2407,LAAA-Directorate of Resources
RBC Legal Entity,2021/08/05,4580449,255172,MR ALEX FORBES,JLT Disbursements,650,Misc. Legal Expenses,SUPPLIER,STANDARD,2407,LAAA-Directorate of Resources
RBC Legal Entity,2021/08/05,4580449,255172,MR ALEX FORBES,JLT Disbursements,650,Misc. Legal Expenses,SUPPLIER,STANDARD,2407,LAAA-Directorate of Resources
RBC Legal Entity,2021/08/05,4580449,255172,MR ALEX FORBES,JLT Disbursements,675,Misc. Legal Expenses,SUPPLIER,STANDARD,2407,LAAA-Directorate of Resources
RBC Legal Entity,2021/08/05,4580449,255172,MR ALEX FORBES,JLT Disbursements,675,Misc. Legal Expenses,SUPPLIER,STANDARD,2407,LAAA-Directorate of Resources
RBC Legal Entity,2021/08/05,4580449,255172,MR ALEX FORBES,JLT Disbursements,2500,Misc. Legal Expenses,SUPPLIER,STANDARD,2407,LAAA-Directorate of Resources
RBC Legal Entity,2021/08/05,4583755,255174,TOTAL HEALTH SUPPORT & TRAINING SERVICES,PS Acquired Community Services,931,Purchased Care,Third Party Supplier,STANDARD,5771,JAAA-Directorate of Social Care and Health Services
RBC Legal Entity,2021/08/05,4583757,255174,TOTAL HEALTH SUPPORT & TRAINING SERVICES,PS Acquired Community Services,665,Purchased Care,Third Party Supplier,STANDARD,5771,JAAA-Directorate of Social Care and Health Services
RBC Legal Entity,2021/08/05,4583758,255174,TOTAL HEALTH SUPPORT & TRAINING SERVICES,PS Acquired Community Services,893,Purchased Care,Third Party Supplier,STANDARD,5771,JAAA-Directorate of Social Care and Health Services
RBC Legal Entity,2021/08/05,4583759,255174,TOTAL HEALTH SUPPORT & TRAINING SERVICES,PS Acquired Community Services,950,Purchased Care,Third Party Supplier,STANDARD,5771,JAAA-Directorate of Social Care and Health Services
RBC Legal Entity,2021/08/05,4583760,255174,TOTAL HEALTH SUPPORT & TRAINING SERVICES,PS Acquired Community Services,2223,Purchased Care,Third Party Supplier,STANDARD,5771,JAAA-Directorate of Social Care and Health Services
RBC Legal Entity,2021/08/05,4583761,255174,TOTAL HEALTH SUPPORT & TRAINING SERVICES,PS Acquired Community Services,2660,Purchased Care,Third Party Supplier,STANDARD,5771,JAAA-Directorate of Social Care and Health Services
RBC Legal Entity,2021/08/05,4583762,255174,TOTAL HEALTH SUPPORT & TRAINING SERVICES,PS Acquired Community Services,1501,Purchased Care,Third Party Supplier,STANDARD,5771,JAAA-Directorate of Social Care and Health Services
RBC Legal Entity,2021/08/05,4583764,255174,TOTAL HEALTH SUPPORT & TRAINING SERVICES,LD Community Services,509.12,Purchased Care,Third Party Supplier,STANDARD,5741,JAAA-Directorate of Social Care and Health Services
RBC Legal Entity,2021/08/05,4583770,255174,TOTAL HEALTH SUPPORT & TRAINING SERVICES,PS Acquired Community Services,2394,Purchased Care,Third Party Supplier,STANDARD,5771,JAAA-Directorate of Social Care and Health Services
RBC Legal Entity,2021/08/05,4583771,255174,TOTAL HEALTH SUPPORT & TRAINING SERVICES,PS Acquired Community Services,1197,Purchased Care,Third Party Supplier,STANDARD,5771,JAAA-Directorate of Social Care and Health Services
RBC Legal Entity,2021/08/05,4583773,255174,TOTAL HEALTH SUPPORT & TRAINING SERVICES,PS Acquired Community Services,650.75,Purchased Care,Third Party Supplier,STANDARD,5771,JAAA-Directorate of Social Care and Health Services
RBC Legal Entity,2021/08/05,4583774,255174,TOTAL HEALTH SUPPORT & TRAINING SERVICES,PS Acquired Community Services,532,Purchased Care,Third Party Supplier,STANDARD,5771,JAAA-Directorate of Social Care and Health Services
RBC Legal Entity,2021/08/05,4583775,255174,TOTAL HEALTH SUPPORT & TRAINING SERVICES,PS Acquired Community Services,1197,Purchased Care,Third Party Supplier,STANDARD,5771,JAAA-Directorate of Social Care and Health Services
RBC Legal Entity,2021/08/05,4583780,255174,TOTAL HEALTH SUPPORT & TRAINING SERVICES,PS Acquired Community Services,798,Purchased Care,Third Party Supplier,STANDARD,5771,JAAA-Directorate of Social Care and Health Services
RBC Legal Entity,2021/08/05,4583782,255174,TOTAL HEALTH SUPPORT & TRAINING SERVICES,PS Acquired Community Services,665,Purchased Care,Third Party Supplier,STANDARD,5771,JAAA-Directorate of Social Care and Health Services
RBC Legal Entity,2021/08/05,4583783,255174,TOTAL HEALTH SUPPORT & TRAINING SERVICES,PS Acquired Community Services,161.5,Purchased Care,Third Party Supplier,STANDARD,5771,JAAA-Directorate of Social Care and Health Services
RBC Legal Entity,2021/08/05,4583783,255174,TOTAL HEALTH SUPPORT & TRAINING SERVICES,Sensory Support Community Services,665,Purchased Care,Third Party Supplier,STANDARD,5711,JAAA-Directorate of Social Care and Health Services
RBC Legal Entity,2021/08/05,4583785,255174,TOTAL HEALTH SUPPORT & TRAINING SERVICES,PS Acquired Community Services,1064,Purchased Care,Third Party Supplier,STANDARD,5771,JAAA-Directorate of Social Care and Health Services
RBC Legal Entity,2021/08/05,4583787,255174,TOTAL HEALTH SUPPORT & TRAINING SERVICES,M&C Acquired Community Services,2394,Purchased Care,Third Party Supplier,STANDARD,5751,JAAA-Directorate of Social Care and Health Services
RBC Legal Entity,2021/08/05,4583788,255174,TOTAL HEALTH SUPPORT & TRAINING SERVICES,M&C Acquired Community Services,1083,Purchased Care,Third Party Supplier,STANDARD,5751,JAAA-Directorate of Social Care and Health Services
RBC Legal Entity,2021/08/05,4583789,255174,TOTAL HEALTH SUPPORT & TRAINING SERVICES,LD Community Services,636.4,Purchased Care,Third Party Supplier,STANDARD,5741,JAAA-Directorate of Social Care and Health Services
RBC Legal Entity,2021/08/05,4583790,255174,TOTAL HEALTH SUPPORT & TRAINING SERVICES,PS Acquired Community Services,1140,Purchased Care,Third Party Supplier,STANDARD,5771,JAAA-Directorate of Social Care and Health Services
RBC Legal Entity,2021/08/05,4583791,255174,TOTAL HEALTH SUPPORT & TRAINING SERVICES,PS Acquired Community Services,798,Purchased Care,Third Party Supplier,STANDARD,5771,JAAA-Directorate of Social Care and Health Services
RBC Legal Entity,2021/08/05,4583792,255174,TOTAL HEALTH SUPPORT & TRAINING SERVICES,PS Acquired Community Services,931,Purchased Care,Third Party Supplier,STANDARD,5771,JAAA-Directorate of Social Care and Health Services
RBC Legal Entity,2021/08/05,4583793,255174,TOTAL HEALTH SUPPORT & TRAINING SERVICES,PS Acquired Community Services,836,Purchased Care,Third Party Supplier,STANDARD,5771,JAAA-Directorate of Social Care and Health Services
RBC Legal Entity,2021/08/05,4583794,255174,TOTAL HEALTH SUPPORT & TRAINING SERVICES,PS Acquired Community Services,1130.5,Purchased Care,Third Party Supplier,STANDARD,5771,JAAA-Directorate of Social Care and Health Services
RBC Legal Entity,2021/08/05,4583795,255174,TOTAL HEALTH SUPPORT & TRAINING SERVICES,PS Acquired Community Services,912,Purchased Care,Third Party Supplier,STANDARD,5771,JAAA-Directorate of Social Care and Health Services
RBC Legal Entity,2021/08/05,4583797,255174,TOTAL HEALTH SUPPORT & TRAINING SERVICES,PS Acquired Community Services,1235,Purchased Care,Third Party Supplier,STANDARD,5771,JAAA-Directorate of Social Care and Health Services
RBC Legal Entity,2021/08/05,4583798,255174,TOTAL HEALTH SUPPORT & TRAINING SERVICES,PS Acquired Community Services,655.5,Purchased Care,Third Party Supplier,STANDARD,5771,JAAA-Directorate of Social Care and Health Services
RBC Legal Entity,2021/08/05,4583799,255174,TOTAL HEALTH SUPPORT & TRAINING SERVICES,PS Acquired Community Services,589,Purchased Care,Third Party Supplier,STANDARD,5771,JAAA-Directorate of Social Care and Health Services
RBC Legal Entity,2021/08/05,4583800,255174,TOTAL HEALTH SUPPORT & TRAINING SERVICES,M&C Acquired Community Services,926.25,Purchased Care,Third Party Supplier,STANDARD,5751,JAAA-Directorate of Social Care and Health Services
RBC Legal Entity,2021/08/05,4583802,255174,TOTAL HEALTH SUPPORT & TRAINING SERVICES,PS Acquired Community Services,665,Purchased Care,Third Party Supplier,STANDARD,5771,JAAA-Directorate of Social Care and Health Services
RBC Legal Entity,2021/08/05,4583803,255174,TOTAL HEALTH SUPPORT & TRAINING SERVICES,Sensory Support Community Services,1197,Purchased Care,Third Party Supplier,STANDARD,5711,JAAA-Directorate of Social Care and Health Services
RBC Legal Entity,2021/08/05,4583809,255174,TOTAL HEALTH SUPPORT & TRAINING SERVICES,PS Acquired Community Services,5606.2,Purchased Care,Third Party Supplier,STANDARD,5771,JAAA-Directorate of Social Care and Health Services
RBC Legal Entity,2021/08/05,4583810,255174,TOTAL HEALTH SUPPORT & TRAINING SERVICES,PS Acquired Community Services,9452,Purchased Care,Third Party Supplier,STANDARD,5771,JAAA-Directorate of Social Care and Health Services
RBC Legal Entity,2021/08/05,4583812,255174,TOTAL HEALTH SUPPORT & TRAINING SERVICES,Mental Health Community Services,769.5,Purchased Care,Third Party Supplier,STANDARD,5731,JAAA-Directorate of Social Care and Health Services
RBC Legal Entity,2021/08/05,4582473,255175,BELL DECORATING GROUP UK,MRA Account,7716.87,Communal Flooring,SUB-CONTRACTOR,STANDARD,5975,HAAA-Housing Revenue Account
RBC Legal Entity,2021/08/05,4583742,255177,WESSEX SITE INSPECTION LTD,Phoenix College (Reading Alternative),1350,External Fees  Misc.,SUPPLIER,STANDARD,8264,ZZZC-Capital
RBC Legal Entity,2021/08/05,4583552,255178,PROVIDE SESS LTD,The Records Centre,1163.25,Security Charges,Third Party Supplier,STANDARD,1257,KAAA-Directorate of Economic Growth and Neighbourhood Services
RBC Legal Entity,2021/08/05,4563561,255179,ZENCONTROL LIMITED,Corporate Maintenance Services,1781,Leasing Costs,SUPPLIER,STANDARD,4080,KAAA-Directorate of Economic Growth and Neighbourhood Services
RBC Legal Entity,2021/08/05,4582167,255180,BERKSHIRE PSYCHOLOGY,JLT Disbursements,540.75,Misc. Legal Expenses,Third Party Supplier,STANDARD,2407,LAAA-Directorate of Resources
RBC Legal Entity,2021/08/05,4582432,255181,PILON LTD,Planned Maintenance Trades,1478.18,Subcontractors Labour,SUB-CONTRACTOR,STANDARD,4040,KAAA-Directorate of Economic Growth and Neighbourhood Services
RBC Legal Entity,2021/08/05,4576547,255183,DEELAND LTD T/A SERVICEMASTER,Void Property Management,511.75,Office Cleaning,SUPPLIER,STANDARD,5921,HAAA-Housing Revenue Account
RBC Legal Entity,2021/08/05,4583958,255184,SUPERB HEALTHCARE LTD,Mental Health Community Services,700,Purchased Care,Third Party Supplier,STANDARD,5731,JAAA-Directorate of Social Care and Health Services
RBC Legal Entity,2021/08/05,4583960,255184,SUPERB HEALTHCARE LTD,LD Community Services,700,Purchased Care,Third Party Supplier,STANDARD,5741,JAAA-Directorate of Social Care and Health Services
RBC Legal Entity,2021/08/05,4583849,255186,BACK TO BACK CARE LTD,Social Support,2970.2,Purchased Care,SUPPLIER,STANDARD,5790,JAAA-Directorate of Social Care and Health Services
RBC Legal Entity,2021/08/05,4583945,255187,CARE4U WE LTD,Mental Health Community Services,8484.84,Purchased Care,Third Party Supplier,STANDARD,5731,JAAA-Directorate of Social Care and Health Services
RBC Legal Entity,2021/08/05,4576530,255188,WORTH TECHNICAL ACCOUNTING SOLUTIONS LIMITED,Accountancy,9750,Consultancy Fees,SUPPLIER,STANDARD,2200,LAAA-Directorate of Resources
RBC Legal Entity,2021/08/05,4583982,255189,ISWP ASSESSMENT SERVICES LTD,LD Community Services,2311.5,Purchased Care,Third Party Supplier,STANDARD,5741,JAAA-Directorate of Social Care and Health Services
RBC Legal Entity,2021/08/05,4583983,255189,ISWP ASSESSMENT SERVICES LTD,LD Community Services,3312.75,Purchased Care,Third Party Supplier,STANDARD,5741,JAAA-Directorate of Social Care and Health Services
RBC Legal Entity,2021/08/05,4582920,255190,Brighter Futures for Children,DSG (RBC),17333,TPP  Contract,Internal,STANDARD,5432,NAAA-Former Directorate of Education and Childrens Services
RBC Legal Entity,2021/08/05,4582920,255190,Brighter Futures for Children,DSG (RBC),84042,TPP  Contract,Internal,STANDARD,5432,NAAA-Former Directorate of Education and Childrens Services
RBC Legal Entity,2021/08/05,4582920,255190,Brighter Futures for Children,DSG (RBC),701641,TPP  Contract,Internal,STANDARD,5432,NAAA-Former Directorate of Education and Childrens Services
RBC Legal Entity,2021/08/05,4582920,255190,Brighter Futures for Children,DSG (RBC),1713964,TPP  Contract,Internal,STANDARD,5432,NAAA-Former Directorate of Education and Childrens Services
RBC Legal Entity,2021/08/05,4582921,255190,Brighter Futures for Children,Brighter Futures for Children,184921,TPP  Contract,Internal,STANDARD,5430,NAAA-Former Directorate of Education and Childrens Services
RBC Legal Entity,2021/08/05,4582922,255190,Brighter Futures for Children,Brighter Futures for Children,3389942,TPP  Contract,Internal,STANDARD,5430,NAAA-Former Directorate of Education and Childrens Services
RBC Legal Entity,2021/08/05,4582923,255190,Brighter Futures for Children,Brighter Futures for Children,374744,TPP  Contract,Internal,STANDARD,5430,NAAA-Former Directorate of Education and Childrens Services
RBC Legal Entity,2021/08/05,4581025,255195,UNITED LIVING SOUTH LTD,MRA Account,90679.27,Mains Services & Plumbing,SUB-CONTRACTOR,STANDARD,5975,HAAA-Housing Revenue Account
RBC Legal Entity,2021/08/05,4576524,255197,TMS CONSULTANCY T/A TRAFFIC MANAGEMENT & SAFETY LIMITED,Strategic Transport & Concessionary Fares,2095,Consultancy Fees,Third Party Supplier,STANDARD,4726,KAAA-Directorate of Economic Growth and Neighbourhood Services
RBC Legal Entity,2021/08/05,4576552,255197,TMS CONSULTANCY T/A TRAFFIC MANAGEMENT & SAFETY LIMITED,Strategic Transport & Concessionary Fares,1395,Consultancy Fees,Third Party Supplier,STANDARD,4726,KAAA-Directorate of Economic Growth and Neighbourhood Services
RBC Legal Entity,2021/08/05,4576553,255197,TMS CONSULTANCY T/A TRAFFIC MANAGEMENT & SAFETY LIMITED,Strategic Transport & Concessionary Fares,1395,Consultancy Fees,Third Party Supplier,STANDARD,4726,KAAA-Directorate of Economic Growth and Neighbourhood Services
RBC Legal Entity,2021/08/06,4577148,255201,SIGNWAY SUPPLIES,Highways,451.36,Materials Direct,SUB-CONTRACTOR,STANDARD,4252,KAAA-Directorate of Economic Growth and Neighbourhood Services
RBC Legal Entity,2021/08/06,4577162,255201,SIGNWAY SUPPLIES,Local Safety Schemes,458.55,Contractors,SUB-CONTRACTOR,STANDARD,8852,ZZZC-Capital
RBC Legal Entity,2021/08/06,4584086,255202,READIBUS LTD,Strategic Transport & Concessionary Fares,16229.17,Payments for Bus Services,SUPPLIER,STANDARD,4726,KAAA-Directorate of Economic Growth and Neighbourhood Services
RBC Legal Entity,2021/08/06,4580451,255203,RNID,Customer Services - Reception,2422.35,Translat.+Interpretation,Third Party Supplier,STANDARD,2595,LAAA-Directorate of Resources
RBC Legal Entity,2021/08/06,4577124,255205,MIDLAND SOFTWARE LIMITED,HR & Payroll,1895,Software Licences,SUPPLIER,STANDARD,2600,LAAA-Directorate of Resources
RBC Legal Entity,2021/08/06,4580994,255205,MIDLAND SOFTWARE LIMITED,HR & Payroll,-607.12,Software Licences,SUPPLIER,CREDIT,2600,LAAA-Directorate of Resources
RBC Legal Entity,2021/08/06,4577497,255207,NETWORK RAIL INFRASTRUCTURE LIMITED,LEP Projects,32733.75,Contractors,SUB-CONTRACTOR,STANDARD,8806,ZZZC-Capital
RBC Legal Entity,2021/08/06,4577163,255208,BELLSTAN LIMITED,Special Parking Area,28.08,Equipment Purchase & Repair,SUB-CONTRACTOR,STANDARD,4724,KAAA-Directorate of Economic Growth and Neighbourhood Services
RBC Legal Entity,2021/08/06,4577163,255208,BELLSTAN LIMITED,Special Parking Area,548.64,Equipment Purchase & Repair,SUB-CONTRACTOR,STANDARD,4724,KAAA-Directorate of Economic Growth and Neighbourhood Services
RBC Legal Entity,2021/08/06,4577164,255208,BELLSTAN LIMITED,Civil Engineering,8.53,H.M.Road Markings,SUB-CONTRACTOR,STANDARD,4550,KAAA-Directorate of Economic Growth and Neighbourhood Services
RBC Legal Entity,2021/08/06,4577164,255208,BELLSTAN LIMITED,Civil Engineering,9.48,H.M.Road Markings,SUB-CONTRACTOR,STANDARD,4550,KAAA-Directorate of Economic Growth and Neighbourhood Services
RBC Legal Entity,2021/08/06,4577164,255208,BELLSTAN LIMITED,Civil Engineering,11.88,H.M.Road Markings,SUB-CONTRACTOR,STANDARD,4550,KAAA-Directorate of Economic Growth and Neighbourhood Services
RBC Legal Entity,2021/08/06,4577164,255208,BELLSTAN LIMITED,Civil Engineering,12.64,H.M.Road Markings,SUB-CONTRACTOR,STANDARD,4550,KAAA-Directorate of Economic Growth and Neighbourhood Services
RBC Legal Entity,2021/08/06,4577164,255208,BELLSTAN LIMITED,Civil Engineering,15.12,H.M.Road Markings,SUB-CONTRACTOR,STANDARD,4550,KAAA-Directorate of Economic Growth and Neighbourhood Services
RBC Legal Entity,2021/08/06,4577164,255208,BELLSTAN LIMITED,Civil Engineering,16.12,H.M.Road Markings,SUB-CONTRACTOR,STANDARD,4550,KAAA-Directorate of Economic Growth and Neighbourhood Services
RBC Legal Entity,2021/08/06,4577164,255208,BELLSTAN LIMITED,Civil Engineering,21.71,H.M.Road Markings,SUB-CONTRACTOR,STANDARD,4550,KAAA-Directorate of Economic Growth and Neighbourhood Services
RBC Legal Entity,2021/08/06,4577164,255208,BELLSTAN LIMITED,Civil Engineering,36.56,H.M.Road Markings,SUB-CONTRACTOR,STANDARD,4550,KAAA-Directorate of Economic Growth and Neighbourhood Services
RBC Legal Entity,2021/08/06,4577164,255208,BELLSTAN LIMITED,Civil Engineering,50.84,H.M.Road Markings,SUB-CONTRACTOR,STANDARD,4550,KAAA-Directorate of Economic Growth and Neighbourhood Services
RBC Legal Entity,2021/08/06,4577164,255208,BELLSTAN LIMITED,Civil Engineering,82.26,H.M.Road Markings,SUB-CONTRACTOR,STANDARD,4550,KAAA-Directorate of Economic Growth and Neighbourhood Services
RBC Legal Entity,2021/08/06,4577164,255208,BELLSTAN LIMITED,Civil Engineering,82.26,H.M.Road Markings,SUB-CONTRACTOR,STANDARD,4550,KAAA-Directorate of Economic Growth and Neighbourhood Services
RBC Legal Entity,2021/08/06,4577164,255208,BELLSTAN LIMITED,Civil Engineering,150.46,H.M.Road Markings,SUB-CONTRACTOR,STANDARD,4550,KAAA-Directorate of Economic Growth and Neighbourhood Services
RBC Legal Entity,2021/08/06,4577164,255208,BELLSTAN LIMITED,Civil Engineering,300.92,H.M.Road Markings,SUB-CONTRACTOR,STANDARD,4550,KAAA-Directorate of Economic Growth and Neighbourhood Services
RBC Legal Entity,2021/08/06,4579055,255209,TRANSEPT CONSULTING LTD,Strategic Transport & Concessionary Fares,675,TPP to Others,SUPPLIER,STANDARD,4726,KAAA-Directorate of Economic Growth and Neighbourhood Services
RBC Legal Entity,2021/08/06,4577123,255210,REAL TIME VIDEO LTD,HSHAZ programme,1290,Professional Fees,Third Party Supplier,STANDARD,1316,KAAA-Directorate of Economic Growth and Neighbourhood Services
RBC Legal Entity,2021/08/06,4582122,255212,ROWVALE HOTELS LTD T/A BOW GUEST HOUSE,Bed and Breakfast,525,Rents,Third Party Supplier,STANDARD,5871,KAAA-Directorate of Economic Growth and Neighbourhood Services
RBC Legal Entity,2021/08/06,4582127,255212,ROWVALE HOTELS LTD T/A BOW GUEST HOUSE,Bed and Breakfast,525,Rents,Third Party Supplier,STANDARD,5871,KAAA-Directorate of Economic Growth and Neighbourhood Services
RBC Legal Entity,2021/08/06,4582144,255212,ROWVALE HOTELS LTD T/A BOW GUEST HOUSE,Single Homelessness Grants,623,Preventive+SupportiveServ,Third Party Supplier,STANDARD,5860,KAAA-Directorate of Economic Growth and Neighbourhood Services
RBC Legal Entity,2021/08/06,4582149,255212,ROWVALE HOTELS LTD T/A BOW GUEST HOUSE,Single Homelessness Grants,525,Preventive+SupportiveServ,Third Party Supplier,STANDARD,5860,KAAA-Directorate of Economic Growth and Neighbourhood Services
RBC Legal Entity,2021/08/06,4580193,255215,SIMONE SURVEYS LTD,Traffic Management,3910,Contractors,SUB-CONTRACTOR,STANDARD,8851,ZZZC-Capital
RBC Legal Entity,2021/08/06,4582938,255215,SIMONE SURVEYS LTD,UTMC / ITS,780,Contractors,SUB-CONTRACTOR,STANDARD,8850,ZZZC-Capital
RBC Legal Entity,2021/08/06,4584024,255220,M & B ELECTRICAL SERVICES,Repairs,5022,Essential Cyclical Insp. + Mai,SUB-CONTRACTOR,STANDARD,5970,HAAA-Housing Revenue Account
RBC Legal Entity,2021/08/06,4584002,255222,SWARCO TRAFFIC LTD,Traffic,7500,TPP  Contract,SUB-CONTRACTOR,STANDARD,4703,KAAA-Directorate of Economic Growth and Neighbourhood Services
RBC Legal Entity,2021/08/06,4584002,255222,SWARCO TRAFFIC LTD,Traffic,15203.5,TPP  Contract,SUB-CONTRACTOR,STANDARD,4703,KAAA-Directorate of Economic Growth and Neighbourhood Services
RBC Legal Entity,2021/08/06,4577129,255223,MR EDWARD KIRKWOOD,JLT Disbursements,675,Misc. Legal Expenses,Third Party Supplier,STANDARD,2407,LAAA-Directorate of Resources
RBC Legal Entity,2021/08/06,4577135,255223,MR EDWARD KIRKWOOD,JLT Disbursements,735,Misc. Legal Expenses,Third Party Supplier,STANDARD,2407,LAAA-Directorate of Resources
RBC Legal Entity,2021/08/06,4577141,255223,MR EDWARD KIRKWOOD,JLT Disbursements,675,Misc. Legal Expenses,Third Party Supplier,STANDARD,2407,LAAA-Directorate of Resources
RBC Legal Entity,2021/08/06,4573989,255225,MIRUS PROJECTS LIMITED,Payroll + Payments A/c,-112,System Creditors,SUB-CONTRACTOR,CREDIT,9823,ZZZB-Balance Sheet
RBC Legal Entity,2021/08/06,4573989,255225,MIRUS PROJECTS LIMITED,Repairs,560,Special Adaptions,SUB-CONTRACTOR,STANDARD,5970,HAAA-Housing Revenue Account
RBC Legal Entity,2021/08/06,4580064,255230,CROWN LODGE GUEST HOUSE,Single Homelessness Grants,595,Preventive+SupportiveServ,Third Party Supplier,STANDARD,5860,KAAA-Directorate of Economic Growth and Neighbourhood Services
RBC Legal Entity,2021/08/06,4580908,255230,CROWN LODGE GUEST HOUSE,Single Homelessness Grants,623,Preventive+SupportiveServ,Third Party Supplier,STANDARD,5860,KAAA-Directorate of Economic Growth and Neighbourhood Services
RBC Legal Entity,2021/08/06,4580915,255230,CROWN LODGE GUEST HOUSE,Single Homelessness Grants,595,Preventive+SupportiveServ,Third Party Supplier,STANDARD,5860,KAAA-Directorate of Economic Growth and Neighbourhood Services
RBC Legal Entity,2021/08/06,4580981,255230,CROWN LODGE GUEST HOUSE,Bed and Breakfast,693,Rents,Third Party Supplier,STANDARD,5871,KAAA-Directorate of Economic Growth and Neighbourhood Services
RBC Legal Entity,2021/08/06,4580982,255230,CROWN LODGE GUEST HOUSE,Bed and Breakfast,665,Rents,Third Party Supplier,STANDARD,5871,KAAA-Directorate of Economic Growth and Neighbourhood Services
RBC Legal Entity,2021/08/06,4580989,255230,CROWN LODGE GUEST HOUSE,Bed and Breakfast,595,Rents,Third Party Supplier,STANDARD,5871,KAAA-Directorate of Economic Growth and Neighbourhood Services
RBC Legal Entity,2021/08/06,4577070,255232,READING HAMPSHIRE PROPERTY PARTNERSHIP LIMITED,Thameside Primary,43.6,External Fees  Misc.,Third Party Supplier,STANDARD,8231,ZZZC-Capital
RBC Legal Entity,2021/08/06,4577070,255232,READING HAMPSHIRE PROPERTY PARTNERSHIP LIMITED,Blagdon Nursery,43.61,External Fees  Misc.,Third Party Supplier,STANDARD,8246,ZZZC-Capital
RBC Legal Entity,2021/08/06,4577070,255232,READING HAMPSHIRE PROPERTY PARTNERSHIP LIMITED,Holy Brook,43.61,External Fees  Misc.,Third Party Supplier,STANDARD,8263,ZZZC-Capital
RBC Legal Entity,2021/08/06,4577070,255232,READING HAMPSHIRE PROPERTY PARTNERSHIP LIMITED,Holy Brook,43.61,External Fees  Misc.,Third Party Supplier,STANDARD,8263,ZZZC-Capital
RBC Legal Entity,2021/08/06,4577070,255232,READING HAMPSHIRE PROPERTY PARTNERSHIP LIMITED,Blagrave Nursery,43.61,External Fees  Misc.,Third Party Supplier,STANDARD,8247,ZZZC-Capital
RBC Legal Entity,2021/08/06,4577070,255232,READING HAMPSHIRE PROPERTY PARTNERSHIP LIMITED,Caversham Primary,43.61,External Fees  Misc.,Third Party Supplier,STANDARD,8209,ZZZC-Capital
RBC Legal Entity,2021/08/06,4577070,255232,READING HAMPSHIRE PROPERTY PARTNERSHIP LIMITED,Coley Primary,43.61,External Fees  Misc.,Third Party Supplier,STANDARD,8212,ZZZC-Capital
RBC Legal Entity,2021/08/06,4577070,255232,READING HAMPSHIRE PROPERTY PARTNERSHIP LIMITED,Nrcot Nursery,43.61,External Fees  Misc.,Third Party Supplier,STANDARD,8250,ZZZC-Capital
RBC Legal Entity,2021/08/06,4577070,255232,READING HAMPSHIRE PROPERTY PARTNERSHIP LIMITED,Southcote Primary,98.1,External Fees  Misc.,Third Party Supplier,STANDARD,8229,ZZZC-Capital
RBC Legal Entity,2021/08/06,4577070,255232,READING HAMPSHIRE PROPERTY PARTNERSHIP LIMITED,Southcote Primary,98.1,External Fees  Misc.,Third Party Supplier,STANDARD,8229,ZZZC-Capital
RBC Legal Entity,2021/08/06,4577070,255232,READING HAMPSHIRE PROPERTY PARTNERSHIP LIMITED,Micklands Primary,98.12,External Fees  Misc.,Third Party Supplier,STANDARD,8221,ZZZC-Capital
RBC Legal Entity,2021/08/06,4577070,255232,READING HAMPSHIRE PROPERTY PARTNERSHIP LIMITED,Micklands Primary,130.82,External Fees  Misc.,Third Party Supplier,STANDARD,8221,ZZZC-Capital
RBC Legal Entity,2021/08/06,4577070,255232,READING HAMPSHIRE PROPERTY PARTNERSHIP LIMITED,St Michael's Primary,130.82,External Fees  Misc.,Third Party Supplier,STANDARD,8230,ZZZC-Capital
RBC Legal Entity,2021/08/06,4577070,255232,READING HAMPSHIRE PROPERTY PARTNERSHIP LIMITED,The Hill Primary,130.82,External Fees  Misc.,Third Party Supplier,STANDARD,8218,ZZZC-Capital
RBC Legal Entity,2021/08/06,4577070,255232,READING HAMPSHIRE PROPERTY PARTNERSHIP LIMITED,Moorlands Primary,130.82,External Fees  Misc.,Third Party Supplier,STANDARD,8222,ZZZC-Capital
RBC Legal Entity,2021/08/06,4577070,255232,READING HAMPSHIRE PROPERTY PARTNERSHIP LIMITED,Alfred Sutton Primary,130.82,External Fees  Misc.,Third Party Supplier,STANDARD,8207,ZZZC-Capital
RBC Legal Entity,2021/08/06,4577070,255232,READING HAMPSHIRE PROPERTY PARTNERSHIP LIMITED,Geoffrey Field Infant,163.53,External Fees  Misc.,Third Party Supplier,STANDARD,8215,ZZZC-Capital
RBC Legal Entity,2021/08/06,4577070,255232,READING HAMPSHIRE PROPERTY PARTNERSHIP LIMITED,Caversham Park Primary,163.53,External Fees  Misc.,Third Party Supplier,STANDARD,8210,ZZZC-Capital
RBC Legal Entity,2021/08/06,4577072,255232,READING HAMPSHIRE PROPERTY PARTNERSHIP LIMITED,Oxford Road Primary,82.54,External Fees  Misc.,Third Party Supplier,STANDARD,8224,ZZZC-Capital
RBC Legal Entity,2021/08/06,4577072,255232,READING HAMPSHIRE PROPERTY PARTNERSHIP LIMITED,Park Lane Primary,82.54,External Fees  Misc.,Third Party Supplier,STANDARD,8225,ZZZC-Capital
RBC Legal Entity,2021/08/06,4577072,255232,READING HAMPSHIRE PROPERTY PARTNERSHIP LIMITED,Wilson Primary,151.32,External Fees  Misc.,Third Party Supplier,STANDARD,8235,ZZZC-Capital
RBC Legal Entity,2021/08/06,4577072,255232,READING HAMPSHIRE PROPERTY PARTNERSHIP LIMITED,Katesgrove Primary,330.13,External Fees  Misc.,Third Party Supplier,STANDARD,8219,ZZZC-Capital
RBC Legal Entity,2021/08/06,4577072,255232,READING HAMPSHIRE PROPERTY PARTNERSHIP LIMITED,Emmer Green Primary,412.68,External Fees  Misc.,Third Party Supplier,STANDARD,8214,ZZZC-Capital
RBC Legal Entity,2021/08/06,4577072,255232,READING HAMPSHIRE PROPERTY PARTNERSHIP LIMITED,The Hill Primary,604.77,External Fees  Misc.,Third Party Supplier,STANDARD,8218,ZZZC-Capital
RBC Legal Entity,2021/08/06,4577072,255232,READING HAMPSHIRE PROPERTY PARTNERSHIP LIMITED,Whitley Park Infant,1100.48,External Fees  Misc.,Third Party Supplier,STANDARD,8233,ZZZC-Capital
RBC Legal Entity,2021/08/06,4580184,255234,MR JERRY D HAWKINS,JLT Disbursements,280.8,Misc. Legal Expenses,SUPPLIER,STANDARD,2407,LAAA-Directorate of Resources
RBC Legal Entity,2021/08/06,4580184,255234,MR JERRY D HAWKINS,JLT Disbursements,924,Misc. Legal Expenses,SUPPLIER,STANDARD,2407,LAAA-Directorate of Resources
RBC Legal Entity,2021/08/06,4580184,255234,MR JERRY D HAWKINS,JLT Disbursements,1419,Misc. Legal Expenses,SUPPLIER,STANDARD,2407,LAAA-Directorate of Resources
RBC Legal Entity,2021/08/06,4577580,255235,DNA LEGAL LTD,JLT Disbursements,869,Misc. Legal Expenses,SUPPLIER,STANDARD,2407,LAAA-Directorate of Resources
RBC Legal Entity,2021/08/06,4577253,255238,PENNA PLC,Berkshire West Public Health Hub,4316,Recruitment & Interview Costs,Third Party Supplier,STANDARD,2002,JAAA-Directorate of Social Care and Health Services
RBC Legal Entity,2021/08/06,4577254,255238,PENNA PLC,Berkshire West Public Health Hub,2833,Recruitment & Interview Costs,Third Party Supplier,STANDARD,2002,JAAA-Directorate of Social Care and Health Services
RBC Legal Entity,2021/08/06,4579414,255239,RESPIRATORY PROTECTIVE ASSESSMENT LTD,DLO Housing Building Maintenance (General),570,Health + Safety,SUPPLIER,STANDARD,4005,KAAA-Directorate of Economic Growth and Neighbourhood Services
RBC Legal Entity,2021/08/06,4584076,255240,PROVIDE SESS LTD,The Records Centre,1087.5,Security Charges,Third Party Supplier,STANDARD,1257,KAAA-Directorate of Economic Growth and Neighbourhood Services
RBC Legal Entity,2021/08/06,4577118,255241,G2 RECRUITMENT SOLUTIONS LTD,Building Control,1150.2,Consultancy Fees,SUPPLIER,STANDARD,4701,KAAA-Directorate of Economic Growth and Neighbourhood Services
RBC Legal Entity,2021/08/06,4581968,255243,PILON LTD,Repairs,13445.67,Major Repairs,SUB-CONTRACTOR,STANDARD,5970,HAAA-Housing Revenue Account
RBC Legal Entity,2021/08/06,4574333,255244,JOHN DOWSETT,JLT Disbursements,660.88,Misc. Legal Expenses,INDIVIDUAL,STANDARD,2407,LAAA-Directorate of Resources
RBC Legal Entity,2021/08/06,4577445,255245,MILES MACADAM LIMITED,Road Resurfacing,148639.39,Contractors,SUB-CONTRACTOR,STANDARD,8870,ZZZC-Capital
RBC Legal Entity,2021/08/06,4577506,255246,MICHAEL AUBREY PARTNERSHIP,MRA Account,850,Roofs + Structural,SUPPLIER,STANDARD,5975,HAAA-Housing Revenue Account
RBC Legal Entity,2021/08/06,4574967,255248,READING COMMUNITY ENERGY SOCIETY LIMITED,Sustainability,4377.91,GrantsVolunt.Organ.,SUPPLIER,STANDARD,2026,KAAA-Directorate of Economic Growth and Neighbourhood Services
RBC Legal Entity,2021/08/06,4581003,255249,F M CONWAY LTD,Highways,541.83,Materials Direct,SUB-CONTRACTOR,STANDARD,4252,KAAA-Directorate of Economic Growth and Neighbourhood Services
RBC Legal Entity,2021/08/06,4582477,255250,STRICTLY THEATRE CO LIMITED,Hexagon Operations,-17608.95,Ticket SalesPerformances,SUPPLIER,CREDIT,1200,KAAA-Directorate of Economic Growth and Neighbourhood Services
RBC Legal Entity,2021/08/06,4582477,255250,STRICTLY THEATRE CO LIMITED,Hexagon Operations,-842.67,Fees + Commissions,SUPPLIER,CREDIT,1200,KAAA-Directorate of Economic Growth and Neighbourhood Services
RBC Legal Entity,2021/08/06,4582477,255250,STRICTLY THEATRE CO LIMITED,Hexagon Operations,-805.71,Administration Charges,SUPPLIER,CREDIT,1200,KAAA-Directorate of Economic Growth and Neighbourhood Services
RBC Legal Entity,2021/08/06,4582477,255250,STRICTLY THEATRE CO LIMITED,Hexagon Operations,-588.36,Credit Card Commission,SUPPLIER,CREDIT,1200,KAAA-Directorate of Economic Growth and Neighbourhood Services
RBC Legal Entity,2021/08/06,4582477,255250,STRICTLY THEATRE CO LIMITED,Hexagon Catering,-466.08,Sales  Food,SUPPLIER,CREDIT,1241,KAAA-Directorate of Economic Growth and Neighbourhood Services
RBC Legal Entity,2021/08/06,4582477,255250,STRICTLY THEATRE CO LIMITED,Hexagon Operations,-294,Security Charges,SUPPLIER,CREDIT,1200,KAAA-Directorate of Economic Growth and Neighbourhood Services
RBC Legal Entity,2021/08/06,4582477,255250,STRICTLY THEATRE CO LIMITED,Hexagon Catering,-216.67,Sales  Food,SUPPLIER,CREDIT,1241,KAAA-Directorate of Economic Growth and Neighbourhood Services
RBC Legal Entity,2021/08/06,4582477,255250,STRICTLY THEATRE CO LIMITED,Hexagon Operations,-186.78,Royalties,SUPPLIER,CREDIT,1200,KAAA-Directorate of Economic Growth and Neighbourhood Services
RBC Legal Entity,2021/08/06,4582477,255250,STRICTLY THEATRE CO LIMITED,Cultural Services Marketing,-160,Publicity & Media Work,SUPPLIER,CREDIT,1235,KAAA-Directorate of Economic Growth and Neighbourhood Services
RBC Legal Entity,2021/08/06,4582477,255250,STRICTLY THEATRE CO LIMITED,Hexagon Operations,-42.13,Royalties,SUPPLIER,CREDIT,1200,KAAA-Directorate of Economic Growth and Neighbourhood Services
RBC Legal Entity,2021/08/06,4582477,255250,STRICTLY THEATRE CO LIMITED,Hexagon Operations,-15,Sales  Surplus Equipment,SUPPLIER,CREDIT,1200,KAAA-Directorate of Economic Growth and Neighbourhood Services
RBC Legal Entity,2021/08/06,4582477,255250,STRICTLY THEATRE CO LIMITED,Hexagon Operations,1276.47,Professional Fees,SUPPLIER,STANDARD,1200,KAAA-Directorate of Economic Growth and Neighbourhood Services
RBC Legal Entity,2021/08/06,4582477,255250,STRICTLY THEATRE CO LIMITED,Hexagon Operations,12810.69,Professional Fees,SUPPLIER,STANDARD,1200,KAAA-Directorate of Economic Growth and Neighbourhood Services
RBC Legal Entity,2021/08/06,4582477,255250,STRICTLY THEATRE CO LIMITED,Hexagon Performances,19949.88,Ticket SalesPerformances,SUPPLIER,STANDARD,1202,KAAA-Directorate of Economic Growth and Neighbourhood Services
RBC Legal Entity,2021/08/06,4584023,255256,M3 HOUSING LIMITED,Repairs,3025,Software Licences,SUPPLIER,STANDARD,5970,HAAA-Housing Revenue Account
RBC Legal Entity,2021/08/06,4580104,255260,CONTRACT OPTIONS LTD,Highways,325,Subcontractors Labour,Third Party Supplier,STANDARD,4252,KAAA-Directorate of Economic Growth and Neighbourhood Services
RBC Legal Entity,2021/08/06,4580104,255260,CONTRACT OPTIONS LTD,Highways,1650,Subcontractors Labour,Third Party Supplier,STANDARD,4252,KAAA-Directorate of Economic Growth and Neighbourhood Services
RBC Legal Entity,2021/08/09,4550672,255262,RESOURCE PRODUCTIONS CIC,Park Service,2500,Contract  Other,SUPPLIER,STANDARD,1302,KAAA-Directorate of Economic Growth and Neighbourhood Services
RBC Legal Entity,2021/08/09,4577479,255263,MALLATITE LTD,Civil Engineering,50,Street Lighting,SUPPLIER,STANDARD,4550,KAAA-Directorate of Economic Growth and Neighbourhood Services
RBC Legal Entity,2021/08/09,4577479,255263,MALLATITE LTD,Civil Engineering,165,Street Lighting,SUPPLIER,STANDARD,4550,KAAA-Directorate of Economic Growth and Neighbourhood Services
RBC Legal Entity,2021/08/09,4577479,255263,MALLATITE LTD,Civil Engineering,1150,Street Lighting,SUPPLIER,STANDARD,4550,KAAA-Directorate of Economic Growth and Neighbourhood Services
RBC Legal Entity,2021/08/09,4584137,255264,IBIS STYLES READING CENTRE,Single Homelessness Grants,891.43,Preventive+SupportiveServ,Third Party Supplier,STANDARD,5860,KAAA-Directorate of Economic Growth and Neighbourhood Services
RBC Legal Entity,2021/08/09,4584138,255264,IBIS STYLES READING CENTRE,Single Homelessness Grants,1158.4,Preventive+SupportiveServ,Third Party Supplier,STANDARD,5860,KAAA-Directorate of Economic Growth and Neighbourhood Services
RBC Legal Entity,2021/08/09,4584138,255264,IBIS STYLES READING CENTRE,Single Homelessness Grants,4633.68,Preventive+SupportiveServ,Third Party Supplier,STANDARD,5860,KAAA-Directorate of Economic Growth and Neighbourhood Services
RBC Legal Entity,2021/08/09,4580922,255265,BERKSHIRE ROOMS,Bed and Breakfast,665,Rents,SUPPLIER,STANDARD,5871,KAAA-Directorate of Economic Growth and Neighbourhood Services
RBC Legal Entity,2021/08/09,4580923,255265,BERKSHIRE ROOMS,Bed and Breakfast,133,Rents,SUPPLIER,STANDARD,5871,KAAA-Directorate of Economic Growth and Neighbourhood Services
RBC Legal Entity,2021/08/09,4580923,255265,BERKSHIRE ROOMS,Bed and Breakfast,532,Rents,SUPPLIER,STANDARD,5871,KAAA-Directorate of Economic Growth and Neighbourhood Services
RBC Legal Entity,2021/08/09,4576076,255266,ELMCROFT CONSTRUCTION LTD,Wexham Park Hospital (TPOR),1295,Equipment Purchase & Repair,SUB-CONTRACTOR,STANDARD,2020,EAAA-Chief Executive
RBC Legal Entity,2021/08/09,4577474,255267,BRITISH PARKING ASSOCIATION,Special Parking Area,906,Subscriptions,SUPPLIER,STANDARD,4724,KAAA-Directorate of Economic Growth and Neighbourhood Services
RBC Legal Entity,2021/08/09,4577889,255268,TRUSTMARQUE SOLUTIONS LIMITED,Communications,2591.18,Software Licences,Third Party Supplier,STANDARD,2075,EAAA-Chief Executive
RBC Legal Entity,2021/08/09,4583970,255271,AMHERST READING,Bed and Breakfast,350,Rents,Third Party Supplier,STANDARD,5871,KAAA-Directorate of Economic Growth and Neighbourhood Services
RBC Legal Entity,2021/08/09,4583970,255271,AMHERST READING,Bed and Breakfast,350,Rents,Third Party Supplier,STANDARD,5871,KAAA-Directorate of Economic Growth and Neighbourhood Services
RBC Legal Entity,2021/08/09,4577480,255272,MR SHUYEB MUQUIT,JLT Disbursements,750,Misc. Legal Expenses,SUPPLIER,STANDARD,2407,LAAA-Directorate of Resources
RBC Legal Entity,2021/08/09,4582240,255274,SALIS CARE LTD,LD Community Services,5664.76,Purchased Care,SUPPLIER,STANDARD,5741,JAAA-Directorate of Social Care and Health Services
RBC Legal Entity,2021/08/09,4577459,255275,CAN DIGITAL SOLUTIONS LIMITED,Test and Trace,2000,Publicity & Media Work,SUPPLIER,STANDARD,2068,JAAA-Directorate of Social Care and Health Services
RBC Legal Entity,2021/08/09,4577848,255276,NEWAUTO LTD T/A MOGO,Taxi & Private Hire Licensing,12.6,Equipment Purchase & Repair,Third Party Supplier,STANDARD,4603,KAAA-Directorate of Economic Growth and Neighbourhood Services
RBC Legal Entity,2021/08/09,4577848,255276,NEWAUTO LTD T/A MOGO,Taxi & Private Hire Licensing,26.11,Equipment Purchase & Repair,Third Party Supplier,STANDARD,4603,KAAA-Directorate of Economic Growth and Neighbourhood Services
RBC Legal Entity,2021/08/09,4577848,255276,NEWAUTO LTD T/A MOGO,Taxi & Private Hire Licensing,29.84,Equipment Purchase & Repair,Third Party Supplier,STANDARD,4603,KAAA-Directorate of Economic Growth and Neighbourhood Services
RBC Legal Entity,2021/08/09,4577848,255276,NEWAUTO LTD T/A MOGO,Taxi & Private Hire Licensing,42.35,Equipment Purchase & Repair,Third Party Supplier,STANDARD,4603,KAAA-Directorate of Economic Growth and Neighbourhood Services
RBC Legal Entity,2021/08/09,4577848,255276,NEWAUTO LTD T/A MOGO,Taxi & Private Hire Licensing,46.8,Equipment Purchase & Repair,Third Party Supplier,STANDARD,4603,KAAA-Directorate of Economic Growth and Neighbourhood Services
RBC Legal Entity,2021/08/09,4577848,255276,NEWAUTO LTD T/A MOGO,Taxi & Private Hire Licensing,48.4,Equipment Purchase & Repair,Third Party Supplier,STANDARD,4603,KAAA-Directorate of Economic Growth and Neighbourhood Services
RBC Legal Entity,2021/08/09,4577848,255276,NEWAUTO LTD T/A MOGO,Taxi & Private Hire Licensing,55.95,Equipment Purchase & Repair,Third Party Supplier,STANDARD,4603,KAAA-Directorate of Economic Growth and Neighbourhood Services
RBC Legal Entity,2021/08/09,4577848,255276,NEWAUTO LTD T/A MOGO,Taxi & Private Hire Licensing,57.72,Equipment Purchase & Repair,Third Party Supplier,STANDARD,4603,KAAA-Directorate of Economic Growth and Neighbourhood Services
RBC Legal Entity,2021/08/09,4577848,255276,NEWAUTO LTD T/A MOGO,Taxi & Private Hire Licensing,58,Equipment Purchase & Repair,Third Party Supplier,STANDARD,4603,KAAA-Directorate of Economic Growth and Neighbourhood Services
RBC Legal Entity,2021/08/09,4577848,255276,NEWAUTO LTD T/A MOGO,Taxi & Private Hire Licensing,69.6,Equipment Purchase & Repair,Third Party Supplier,STANDARD,4603,KAAA-Directorate of Economic Growth and Neighbourhood Services
RBC Legal Entity,2021/08/09,4577848,255276,NEWAUTO LTD T/A MOGO,Taxi & Private Hire Licensing,98.6,Equipment Purchase & Repair,Third Party Supplier,STANDARD,4603,KAAA-Directorate of Economic Growth and Neighbourhood Services
RBC Legal Entity,2021/08/09,4577848,255276,NEWAUTO LTD T/A MOGO,Taxi & Private Hire Licensing,108.9,Equipment Purchase & Repair,Third Party Supplier,STANDARD,4603,KAAA-Directorate of Economic Growth and Neighbourhood Services
RBC Legal Entity,2021/08/09,4577848,255276,NEWAUTO LTD T/A MOGO,Taxi & Private Hire Licensing,252,Equipment Purchase & Repair,Third Party Supplier,STANDARD,4603,KAAA-Directorate of Economic Growth and Neighbourhood Services
RBC Legal Entity,2021/08/09,4580067,255277,AJANA LTD,Safeguarding Adults,500,Professional Fees,Third Party Supplier,STANDARD,5158,JAAA-Directorate of Social Care and Health Services
RBC Legal Entity,2021/08/09,4579403,255278,CONTRACT OPTIONS LTD,Highways,503,Subcontractors Labour,Third Party Supplier,STANDARD,4252,KAAA-Directorate of Economic Growth and Neighbourhood Services
RBC Legal Entity,2021/08/09,4581021,255279,BANNER GROUP LTD,Buildings Payroll,656,Stationery  Consumables,Third Party Supplier,STANDARD,3390,KAAA-Directorate of Economic Growth and Neighbourhood Services
RBC Legal Entity,2021/08/09,4580513,255280,UNIQ HEALTHCARE LTD,LD Community Services,5405.4,Purchased Care,Third Party Supplier,STANDARD,5741,JAAA-Directorate of Social Care and Health Services
RBC Legal Entity,2021/08/09,4584257,255284,THE HILL PRIMARY SCHOOL,School Grants Holding Account,44664,School Transfer Payment,SUPPLIER,STANDARD,3295,NAAA-Former Directorate of Education and Childrens Services
RBC Legal Entity,2021/08/09,4584298,255284,THE HILL PRIMARY SCHOOL,The Hill Primary,3886.86,Bank Income Holding Code,SUPPLIER,STANDARD,3116,NAAA-Former Directorate of Education and Childrens Services
RBC Legal Entity,2021/08/09,4582747,255286,HOBART UK,Corporate Maintenance Services,44.38,TPP  Contract,SUPPLIER,STANDARD,4080,KAAA-Directorate of Economic Growth and Neighbourhood Services
RBC Legal Entity,2021/08/09,4582747,255286,HOBART UK,Corporate Maintenance Services,57.92,TPP  Contract,SUPPLIER,STANDARD,4080,KAAA-Directorate of Economic Growth and Neighbourhood Services
RBC Legal Entity,2021/08/09,4582747,255286,HOBART UK,Corporate Maintenance Services,77.03,TPP  Contract,SUPPLIER,STANDARD,4080,KAAA-Directorate of Economic Growth and Neighbourhood Services
RBC Legal Entity,2021/08/09,4582747,255286,HOBART UK,Corporate Maintenance Services,104.09,TPP  Contract,SUPPLIER,STANDARD,4080,KAAA-Directorate of Economic Growth and Neighbourhood Services
RBC Legal Entity,2021/08/09,4582747,255286,HOBART UK,Corporate Maintenance Services,177.53,TPP  Contract,SUPPLIER,STANDARD,4080,KAAA-Directorate of Economic Growth and Neighbourhood Services
RBC Legal Entity,2021/08/09,4577457,255290,IRVINE GRENSON LTD,Civil Engineering,3439.32,DfT Bridges,SUB-CONTRACTOR,STANDARD,4550,KAAA-Directorate of Economic Growth and Neighbourhood Services
RBC Legal Entity,2021/08/09,4584288,255292,BLESSED HUGH FARINGDON RC SCHOOL,Blessed Hugh Faringdon,11774.31,Bank Income Holding Code,GOVERNMENT,STANDARD,3204,NAAA-Former Directorate of Education and Childrens Services
RBC Legal Entity,2021/08/09,4580422,255293,AMBLEGLOW,Parking Strategy,1312.5,Advertising Costs,Third Party Supplier,STANDARD,8847,ZZZC-Capital
RBC Legal Entity,2021/08/09,4580430,255293,AMBLEGLOW,Parking Strategy,4765.5,Advertising Costs,Third Party Supplier,STANDARD,8847,ZZZC-Capital
RBC Legal Entity,2021/08/09,4584128,255294,GREAT ORMOND STREET HOSPITAL FOR CHILDREN NHS FOUNDATION TRUST,JLT Disbursements,893.07,Misc. Legal Expenses,SUPPLIER,STANDARD,2407,LAAA-Directorate of Resources
RBC Legal Entity,2021/08/09,4582721,255296,ROWVALE HOTELS LTD T/A BOW GUEST HOUSE,Bed and Breakfast,525,Rents,Third Party Supplier,STANDARD,5871,KAAA-Directorate of Economic Growth and Neighbourhood Services
RBC Legal Entity,2021/08/09,4582722,255296,ROWVALE HOTELS LTD T/A BOW GUEST HOUSE,Bed and Breakfast,525,Rents,Third Party Supplier,STANDARD,5871,KAAA-Directorate of Economic Growth and Neighbourhood Services
RBC Legal Entity,2021/08/09,4582724,255296,ROWVALE HOTELS LTD T/A BOW GUEST HOUSE,Bed and Breakfast,525,Rents,Third Party Supplier,STANDARD,5871,KAAA-Directorate of Economic Growth and Neighbourhood Services
RBC Legal Entity,2021/08/09,4582725,255296,ROWVALE HOTELS LTD T/A BOW GUEST HOUSE,Bed and Breakfast,525,Rents,Third Party Supplier,STANDARD,5871,KAAA-Directorate of Economic Growth and Neighbourhood Services
RBC Legal Entity,2021/08/09,4583540,255296,ROWVALE HOTELS LTD T/A BOW GUEST HOUSE,Single Homelessness Grants,623,Preventive+SupportiveServ,Third Party Supplier,STANDARD,5860,KAAA-Directorate of Economic Growth and Neighbourhood Services
RBC Legal Entity,2021/08/09,4583542,255296,ROWVALE HOTELS LTD T/A BOW GUEST HOUSE,Single Homelessness Grants,560,Preventive+SupportiveServ,Third Party Supplier,STANDARD,5860,KAAA-Directorate of Economic Growth and Neighbourhood Services
RBC Legal Entity,2021/08/09,4583546,255296,ROWVALE HOTELS LTD T/A BOW GUEST HOUSE,Single Homelessness Grants,525,Preventive+SupportiveServ,Third Party Supplier,STANDARD,5860,KAAA-Directorate of Economic Growth and Neighbourhood Services
RBC Legal Entity,2021/08/09,4584235,255299,ALFRED SUTTON PRIMARY SCHOOL,School Grants Holding Account,78287,School Transfer Payment,SUPPLIER,STANDARD,3295,NAAA-Former Directorate of Education and Childrens Services
RBC Legal Entity,2021/08/09,4584284,255299,ALFRED SUTTON PRIMARY SCHOOL,Alfred Sutton Primary,9322.29,Bank Income Holding Code,SUPPLIER,STANDARD,3050,NAAA-Former Directorate of Education and Childrens Services
RBC Legal Entity,2021/08/09,4584236,255300,ALL SAINTS CE INFANTS,School Grants Holding Account,23250,School Transfer Payment,GOVERNMENT,STANDARD,3295,NAAA-Former Directorate of Education and Childrens Services
RBC Legal Entity,2021/08/09,4584285,255300,ALL SAINTS CE INFANTS,All Saints Infant School CE Aided,2412.57,Bank Income Holding Code,GOVERNMENT,STANDARD,3052,NAAA-Former Directorate of Education and Childrens Services
RBC Legal Entity,2021/08/09,4584237,255301,CAVERSHAM PARK PRIMARY,School Grants Holding Account,23546,School Transfer Payment,SUPPLIER,STANDARD,3295,NAAA-Former Directorate of Education and Childrens Services
RBC Legal Entity,2021/08/09,4584290,255301,CAVERSHAM PARK PRIMARY,Caversham Park Primary,2395.06,Bank Income Holding Code,SUPPLIER,STANDARD,3056,NAAA-Former Directorate of Education and Childrens Services
RBC Legal Entity,2021/08/09,4584238,255302,CAVERSHAM PRIMARY,School Grants Holding Account,67302,School Transfer Payment,SUPPLIER,STANDARD,3295,NAAA-Former Directorate of Education and Childrens Services
RBC Legal Entity,2021/08/09,4584291,255302,CAVERSHAM PRIMARY,Caversham Primary,3146.76,Bank Income Holding Code,SUPPLIER,STANDARD,3058,NAAA-Former Directorate of Education and Childrens Services
RBC Legal Entity,2021/08/09,4584239,255303,CHRIST THE KING RC PRIMARY,School Grants Holding Account,39570,School Transfer Payment,Third Party Supplier,STANDARD,3295,NAAA-Former Directorate of Education and Childrens Services
RBC Legal Entity,2021/08/09,4584240,255304,COLEY PRIMARY,School Grants Holding Account,22119,School Transfer Payment,SUPPLIER,STANDARD,3295,NAAA-Former Directorate of Education and Childrens Services
RBC Legal Entity,2021/08/09,4584292,255304,COLEY PRIMARY,Coley Primary,4155.54,Bank Income Holding Code,SUPPLIER,STANDARD,3068,NAAA-Former Directorate of Education and Childrens Services
RBC Legal Entity,2021/08/09,4584241,255305,E P COLLIER PRIMARY,School Grants Holding Account,33160,School Transfer Payment,Third Party Supplier,STANDARD,3295,NAAA-Former Directorate of Education and Childrens Services
RBC Legal Entity,2021/08/09,4584293,255305,E P COLLIER PRIMARY,EP Collier Primary,3047.55,Bank Income Holding Code,Third Party Supplier,STANDARD,3074,NAAA-Former Directorate of Education and Childrens Services
RBC Legal Entity,2021/08/09,4584242,255306,EMMER GREEN PRIMARY,School Grants Holding Account,72934,School Transfer Payment,SUPPLIER,STANDARD,3295,NAAA-Former Directorate of Education and Childrens Services
RBC Legal Entity,2021/08/09,4584294,255306,EMMER GREEN PRIMARY,Emmer Green Primary,3154.37,Bank Income Holding Code,SUPPLIER,STANDARD,3070,NAAA-Former Directorate of Education and Childrens Services
RBC Legal Entity,2021/08/09,4584243,255307,ENGLISH MARTYRS RC PRIMARY,School Grants Holding Account,66357,School Transfer Payment,SUPPLIER,STANDARD,3295,NAAA-Former Directorate of Education and Childrens Services
RBC Legal Entity,2021/08/09,4584295,255307,ENGLISH MARTYRS RC PRIMARY,English Martyrs RC Primary,3081.77,Bank Income Holding Code,SUPPLIER,STANDARD,3072,NAAA-Former Directorate of Education and Childrens Services
RBC Legal Entity,2021/08/09,4584244,255308,GEOFFREY FIELD INFANT SCHOOL,School Grants Holding Account,72841,School Transfer Payment,SUPPLIER,STANDARD,3295,NAAA-Former Directorate of Education and Childrens Services
RBC Legal Entity,2021/08/09,4584296,255308,GEOFFREY FIELD INFANT SCHOOL,Geoffrey Field Infant,4227.07,Bank Income Holding Code,SUPPLIER,STANDARD,3076,NAAA-Former Directorate of Education and Childrens Services
RBC Legal Entity,2021/08/09,4584297,255309,GEOFFREY FIELD JUNIOR,Geoffrey Field Junior,4730.26,Bank Income Holding Code,SUPPLIER,STANDARD,3078,NAAA-Former Directorate of Education and Childrens Services
RBC Legal Entity,2021/08/09,4584245,255310,KATESGROVE PRIMARY,School Grants Holding Account,61467,School Transfer Payment,SUPPLIER,STANDARD,3295,NAAA-Former Directorate of Education and Childrens Services
RBC Legal Entity,2021/08/09,4584300,255310,KATESGROVE PRIMARY,Katesgrove Primary,3892.24,Bank Income Holding Code,SUPPLIER,STANDARD,3084,NAAA-Former Directorate of Education and Childrens Services
RBC Legal Entity,2021/08/09,4584246,255311,MANOR PRIMARY,School Grants Holding Account,10616,School Transfer Payment,SUPPLIER,STANDARD,3295,NAAA-Former Directorate of Education and Childrens Services
RBC Legal Entity,2021/08/09,4584270,255311,MANOR PRIMARY,School Grants Holding Account,6246.57,School Transfer Payment,SUPPLIER,STANDARD,3295,NAAA-Former Directorate of Education and Childrens Services
RBC Legal Entity,2021/08/09,4584301,255311,MANOR PRIMARY,Manor Primary School,7601.11,Bank Income Holding Code,SUPPLIER,STANDARD,3086,NAAA-Former Directorate of Education and Childrens Services
RBC Legal Entity,2021/08/09,4584247,255312,MICKLANDS PRIMARY,School Grants Holding Account,34346,School Transfer Payment,SUPPLIER,STANDARD,3295,NAAA-Former Directorate of Education and Childrens Services
RBC Legal Entity,2021/08/09,4584302,255312,MICKLANDS PRIMARY,Micklands Primary,2948.75,Bank Income Holding Code,SUPPLIER,STANDARD,3088,NAAA-Former Directorate of Education and Childrens Services
RBC Legal Entity,2021/08/09,4584248,255313,MOORLANDS PRIMARY,School Grants Holding Account,28529,School Transfer Payment,SUPPLIER,STANDARD,3295,NAAA-Former Directorate of Education and Childrens Services
RBC Legal Entity,2021/08/09,4584303,255313,MOORLANDS PRIMARY,Moorlands Primary,5409.47,Bank Income Holding Code,SUPPLIER,STANDARD,3090,NAAA-Former Directorate of Education and Childrens Services
RBC Legal Entity,2021/08/09,4584249,255314,OXFORD ROAD PRIMARY,School Grants Holding Account,28177,School Transfer Payment,SUPPLIER,STANDARD,3295,NAAA-Former Directorate of Education and Childrens Services
RBC Legal Entity,2021/08/09,4584306,255314,OXFORD ROAD PRIMARY,Oxford Road Primary,3497.31,Bank Income Holding Code,SUPPLIER,STANDARD,3094,NAAA-Former Directorate of Education and Childrens Services
RBC Legal Entity,2021/08/09,4584250,255315,PARK LANE PRIMARY,School Grants Holding Account,41311,School Transfer Payment,SUPPLIER,STANDARD,3295,NAAA-Former Directorate of Education and Childrens Services
RBC Legal Entity,2021/08/09,4584307,255315,PARK LANE PRIMARY,Park Lane Primary,10693.38,Bank Income Holding Code,SUPPLIER,STANDARD,3096,NAAA-Former Directorate of Education and Childrens Services
RBC Legal Entity,2021/08/09,4584251,255316,REDLANDS PRIMARY,School Grants Holding Account,29455,School Transfer Payment,SUPPLIER,STANDARD,3295,NAAA-Former Directorate of Education and Childrens Services
RBC Legal Entity,2021/08/09,4584308,255316,REDLANDS PRIMARY,Redlands Primary,3147.74,Bank Income Holding Code,SUPPLIER,STANDARD,3100,NAAA-Former Directorate of Education and Childrens Services
RBC Legal Entity,2021/08/09,4584258,255317,THE RIDGEWAY PRIMARY,School Grants Holding Account,41366,School Transfer Payment,SUPPLIER,STANDARD,3295,NAAA-Former Directorate of Education and Childrens Services
RBC Legal Entity,2021/08/09,4584309,255317,THE RIDGEWAY PRIMARY,The Ridgeway Primary,5884.64,Bank Income Holding Code,SUPPLIER,STANDARD,3118,NAAA-Former Directorate of Education and Childrens Services
RBC Legal Entity,2021/08/09,4584252,255318,SOUTHCOTE PRIMARY,School Grants Holding Account,60781,School Transfer Payment,SUPPLIER,STANDARD,3295,NAAA-Former Directorate of Education and Childrens Services
RBC Legal Entity,2021/08/09,4584310,255318,SOUTHCOTE PRIMARY,Southcote Primary,1284.83,Bank Income Holding Code,SUPPLIER,STANDARD,3102,NAAA-Former Directorate of Education and Childrens Services
RBC Legal Entity,2021/08/09,4584253,255319,ST ANNES RC PRIMARY,School Grants Holding Account,28269,School Transfer Payment,SUPPLIER,STANDARD,3295,NAAA-Former Directorate of Education and Childrens Services
RBC Legal Entity,2021/08/09,4584311,255319,ST ANNES RC PRIMARY,St Anne's RC Primary,2660.85,Bank Income Holding Code,SUPPLIER,STANDARD,3104,NAAA-Former Directorate of Education and Childrens Services
RBC Legal Entity,2021/08/09,4584254,255320,ST MARTINS RC PRIMARY,School Grants Holding Account,20323,School Transfer Payment,GOVERNMENT,STANDARD,3295,NAAA-Former Directorate of Education and Childrens Services
RBC Legal Entity,2021/08/09,4584312,255320,ST MARTINS RC PRIMARY,St Martin's RC Primary,2926.66,Bank Income Holding Code,GOVERNMENT,STANDARD,3108,NAAA-Former Directorate of Education and Childrens Services
RBC Legal Entity,2021/08/09,4584255,255321,ST MICHAELS PRIMARY,School Grants Holding Account,45999,School Transfer Payment,SUPPLIER,STANDARD,3295,NAAA-Former Directorate of Education and Childrens Services
RBC Legal Entity,2021/08/09,4584313,255321,ST MICHAELS PRIMARY,St Michael's Primary,8785.3,Bank Income Holding Code,SUPPLIER,STANDARD,3112,NAAA-Former Directorate of Education and Childrens Services
RBC Legal Entity,2021/08/09,4584256,255322,THAMESIDE PRIMARY SCHOOL,School Grants Holding Account,53316,School Transfer Payment,SUPPLIER,STANDARD,3295,NAAA-Former Directorate of Education and Childrens Services
RBC Legal Entity,2021/08/09,4584314,255322,THAMESIDE PRIMARY SCHOOL,Thameside Primary,4324.91,Bank Income Holding Code,SUPPLIER,STANDARD,3114,NAAA-Former Directorate of Education and Childrens Services
RBC Legal Entity,2021/08/09,4584260,255323,WILSON PRIMARY,School Grants Holding Account,52352,School Transfer Payment,SUPPLIER,STANDARD,3295,NAAA-Former Directorate of Education and Childrens Services
RBC Legal Entity,2021/08/09,4584316,255323,WILSON PRIMARY,Wilson Primary,2077.27,Bank Income Holding Code,SUPPLIER,STANDARD,3126,NAAA-Former Directorate of Education and Childrens Services
RBC Legal Entity,2021/08/09,4584299,255324,THE HOLY BROOK SCHOOL,The Holy Brook,1162.27,Bank Income Holding Code,SUPPLIER,STANDARD,3254,NAAA-Former Directorate of Education and Childrens Services
RBC Legal Entity,2021/08/09,4584287,255326,BLAGRAVE NURSERY,Blagrave Nursery,943.54,Bank Income Holding Code,Third Party Supplier,STANDARD,3002,NAAA-Former Directorate of Education and Childrens Services
RBC Legal Entity,2021/08/09,4584289,255327,CAVERSHAM NURSERY,Caversham Nursery,1673.74,Bank Income Holding Code,SUPPLIER,STANDARD,3004,NAAA-Former Directorate of Education and Childrens Services
RBC Legal Entity,2021/08/09,4584304,255328,NEW BRIDGE NURSERY SCHOOL,New Bridge Nursery,813.31,Bank Income Holding Code,SUPPLIER,STANDARD,3006,NAAA-Former Directorate of Education and Childrens Services
RBC Legal Entity,2021/08/09,4584305,255329,NORCOT EARLY YEARS CENTRE,Norcot Nursery,4009.79,Bank Income Holding Code,SUPPLIER,STANDARD,3010,NAAA-Former Directorate of Education and Childrens Services
RBC Legal Entity,2021/08/09,4582114,255331,READING HOTEL,Bed and Breakfast,420,Rents,SUPPLIER,STANDARD,5871,KAAA-Directorate of Economic Growth and Neighbourhood Services
RBC Legal Entity,2021/08/09,4582114,255331,READING HOTEL,Bed and Breakfast,455,Rents,SUPPLIER,STANDARD,5871,KAAA-Directorate of Economic Growth and Neighbourhood Services
RBC Legal Entity,2021/08/09,4582114,255331,READING HOTEL,Bed and Breakfast,455,Rents,SUPPLIER,STANDARD,5871,KAAA-Directorate of Economic Growth and Neighbourhood Services
RBC Legal Entity,2021/08/09,4582114,255331,READING HOTEL,Bed and Breakfast,490,Rents,SUPPLIER,STANDARD,5871,KAAA-Directorate of Economic Growth and Neighbourhood Services
RBC Legal Entity,2021/08/09,4582114,255331,READING HOTEL,Bed and Breakfast,490,Rents,SUPPLIER,STANDARD,5871,KAAA-Directorate of Economic Growth and Neighbourhood Services
RBC Legal Entity,2021/08/09,4582114,255331,READING HOTEL,Bed and Breakfast,490,Rents,SUPPLIER,STANDARD,5871,KAAA-Directorate of Economic Growth and Neighbourhood Services
RBC Legal Entity,2021/08/09,4581979,255332,SIMONE SURVEYS LTD,Traffic,540,Leasing Costs,SUB-CONTRACTOR,STANDARD,4703,KAAA-Directorate of Economic Growth and Neighbourhood Services
RBC Legal Entity,2021/08/09,4583846,255334,JIGSAW CREATIVE CARE LIMITED,LD Community Services,19034.4,Purchased Care,Third Party Supplier,STANDARD,5741,JAAA-Directorate of Social Care and Health Services
RBC Legal Entity,2021/08/09,4577507,255335,GEESINK NORBA LTD,Fleet Management,45.3,Unfair Wear + Tear Costs,SUPPLIER,STANDARD,4552,KAAA-Directorate of Economic Growth and Neighbourhood Services
RBC Legal Entity,2021/08/09,4577507,255335,GEESINK NORBA LTD,Fleet Management,58.23,Unfair Wear + Tear Costs,SUPPLIER,STANDARD,4552,KAAA-Directorate of Economic Growth and Neighbourhood Services
RBC Legal Entity,2021/08/09,4577507,255335,GEESINK NORBA LTD,Fleet Management,67.95,Unfair Wear + Tear Costs,SUPPLIER,STANDARD,4552,KAAA-Directorate of Economic Growth and Neighbourhood Services
RBC Legal Entity,2021/08/09,4577507,255335,GEESINK NORBA LTD,Fleet Management,100.6,Unfair Wear + Tear Costs,SUPPLIER,STANDARD,4552,KAAA-Directorate of Economic Growth and Neighbourhood Services
RBC Legal Entity,2021/08/09,4577507,255335,GEESINK NORBA LTD,Fleet Management,102.06,Unfair Wear + Tear Costs,SUPPLIER,STANDARD,4552,KAAA-Directorate of Economic Growth and Neighbourhood Services
RBC Legal Entity,2021/08/09,4577507,255335,GEESINK NORBA LTD,Fleet Management,111.83,Unfair Wear + Tear Costs,SUPPLIER,STANDARD,4552,KAAA-Directorate of Economic Growth and Neighbourhood Services
RBC Legal Entity,2021/08/09,4577507,255335,GEESINK NORBA LTD,Fleet Management,220.02,Unfair Wear + Tear Costs,SUPPLIER,STANDARD,4552,KAAA-Directorate of Economic Growth and Neighbourhood Services
RBC Legal Entity,2021/08/09,4577507,255335,GEESINK NORBA LTD,Fleet Management,235.73,Unfair Wear + Tear Costs,SUPPLIER,STANDARD,4552,KAAA-Directorate of Economic Growth and Neighbourhood Services
RBC Legal Entity,2021/08/09,4577507,255335,GEESINK NORBA LTD,Fleet Management,467.88,Unfair Wear + Tear Costs,SUPPLIER,STANDARD,4552,KAAA-Directorate of Economic Growth and Neighbourhood Services
RBC Legal Entity,2021/08/09,4577507,255335,GEESINK NORBA LTD,Fleet Management,656.85,Unfair Wear + Tear Costs,SUPPLIER,STANDARD,4552,KAAA-Directorate of Economic Growth and Neighbourhood Services
RBC Legal Entity,2021/08/09,4577507,255335,GEESINK NORBA LTD,Fleet Management,735.54,Unfair Wear + Tear Costs,SUPPLIER,STANDARD,4552,KAAA-Directorate of Economic Growth and Neighbourhood Services
RBC Legal Entity,2021/08/09,4580358,255336,SMS ENVIRONMENTAL LTD,Corporate Offices,3976,Plant,SUB-CONTRACTOR,STANDARD,8602,ZZZC-Capital
RBC Legal Entity,2021/08/09,4580360,255336,SMS ENVIRONMENTAL LTD,Repairs,1015,Asbestos,SUB-CONTRACTOR,STANDARD,5970,HAAA-Housing Revenue Account
RBC Legal Entity,2021/08/09,4580361,255336,SMS ENVIRONMENTAL LTD,Corporate Maintenance Services,998,Precepts,SUB-CONTRACTOR,STANDARD,4080,KAAA-Directorate of Economic Growth and Neighbourhood Services
RBC Legal Entity,2021/08/09,4580362,255336,SMS ENVIRONMENTAL LTD,Repairs,1917.5,Asbestos,SUB-CONTRACTOR,STANDARD,5970,HAAA-Housing Revenue Account
RBC Legal Entity,2021/08/09,4582645,255337,REED,ASC Short Term Team,5.4,Agency Staff,SUPPLIER,STANDARD,5722,JAAA-Directorate of Social Care and Health Services
RBC Legal Entity,2021/08/09,4582645,255337,REED,ASC Locality Team,5.4,Agency Staff,SUPPLIER,STANDARD,5721,JAAA-Directorate of Social Care and Health Services
RBC Legal Entity,2021/08/09,4582645,255337,REED,ASC Locality Team,8.55,Agency Staff,SUPPLIER,STANDARD,5721,JAAA-Directorate of Social Care and Health Services
RBC Legal Entity,2021/08/09,4582645,255337,REED,ASC Short Term Team,9.45,Agency Staff,SUPPLIER,STANDARD,5722,JAAA-Directorate of Social Care and Health Services
RBC Legal Entity,2021/08/09,4582645,255337,REED,BFFC Agency Staff (Rechargeable),37.35,Agency Staff,SUPPLIER,STANDARD,2008,LAAA-Directorate of Resources
RBC Legal Entity,2021/08/09,4582645,255337,REED,Mental Health Team,42.75,Agency Staff,SUPPLIER,STANDARD,5253,JAAA-Directorate of Social Care and Health Services
RBC Legal Entity,2021/08/09,4582645,255337,REED,BFFC Agency Staff (Rechargeable),43.99,Agency Staff,SUPPLIER,STANDARD,2008,LAAA-Directorate of Resources
RBC Legal Entity,2021/08/09,4582645,255337,REED,ASC Short Term Team,44.1,Agency Staff,SUPPLIER,STANDARD,5722,JAAA-Directorate of Social Care and Health Services
RBC Legal Entity,2021/08/09,4582645,255337,REED,BFFC Agency Staff (Rechargeable),50.92,Agency Staff,SUPPLIER,STANDARD,2008,LAAA-Directorate of Resources
RBC Legal Entity,2021/08/09,4582645,255337,REED,BFFC Agency Staff (Rechargeable),78.3,Agency Staff,SUPPLIER,STANDARD,2008,LAAA-Directorate of Resources
RBC Legal Entity,2021/08/09,4582645,255337,REED,BFFC Agency Staff (Rechargeable),79.65,Agency Staff,SUPPLIER,STANDARD,2008,LAAA-Directorate of Resources
RBC Legal Entity,2021/08/09,4582645,255337,REED,Pinecroft Home,92.9,Agency Staff,SUPPLIER,STANDARD,5435,NAAA-Former Directorate of Education and Childrens Services
RBC Legal Entity,2021/08/09,4582645,255337,REED,Pinecroft Home,100.42,Agency Staff,SUPPLIER,STANDARD,5435,NAAA-Former Directorate of Education and Childrens Services
RBC Legal Entity,2021/08/09,4582645,255337,REED,Pinecroft Home,100.42,Agency Staff,SUPPLIER,STANDARD,5435,NAAA-Former Directorate of Education and Childrens Services
RBC Legal Entity,2021/08/09,4582645,255337,REED,Pinecroft Home,100.42,Agency Staff,SUPPLIER,STANDARD,5435,NAAA-Former Directorate of Education and Childrens Services
RBC Legal Entity,2021/08/09,4582645,255337,REED,Pinecroft Home,108.37,Agency Staff,SUPPLIER,STANDARD,5435,NAAA-Former Directorate of Education and Childrens Services
RBC Legal Entity,2021/08/09,4582645,255337,REED,Pinecroft Home,154.82,Agency Staff,SUPPLIER,STANDARD,5435,NAAA-Former Directorate of Education and Childrens Services
RBC Legal Entity,2021/08/09,4582645,255337,REED,Pinecroft Home,162.58,Agency Staff,SUPPLIER,STANDARD,5435,NAAA-Former Directorate of Education and Childrens Services
RBC Legal Entity,2021/08/09,4582645,255337,REED,Pinecroft Home,178.06,Agency Staff,SUPPLIER,STANDARD,5435,NAAA-Former Directorate of Education and Childrens Services
RBC Legal Entity,2021/08/09,4582645,255337,REED,Pinecroft Home,184.1,Agency Staff,SUPPLIER,STANDARD,5435,NAAA-Former Directorate of Education and Childrens Services
RBC Legal Entity,2021/08/09,4582645,255337,REED,Pinecroft Home,185.79,Agency Staff,SUPPLIER,STANDARD,5435,NAAA-Former Directorate of Education and Childrens Services
RBC Legal Entity,2021/08/09,4582645,255337,REED,Pinecroft Home,200.84,Agency Staff,SUPPLIER,STANDARD,5435,NAAA-Former Directorate of Education and Childrens Services
RBC Legal Entity,2021/08/09,4582645,255337,REED,Street Cleansing,212.75,Agency Staff,SUPPLIER,STANDARD,4566,KAAA-Directorate of Economic Growth and Neighbourhood Services
RBC Legal Entity,2021/08/09,4582645,255337,REED,BFFC Agency Staff (Rechargeable),222.3,Agency Staff,SUPPLIER,STANDARD,2008,LAAA-Directorate of Resources
RBC Legal Entity,2021/08/09,4582645,255337,REED,BFFC Agency Staff (Rechargeable),290.6,Agency Staff,SUPPLIER,STANDARD,2008,LAAA-Directorate of Resources
RBC Legal Entity,2021/08/09,4582645,255337,REED,BFFC Agency Staff (Rechargeable),299.6,Agency Staff,SUPPLIER,STANDARD,2008,LAAA-Directorate of Resources
RBC Legal Entity,2021/08/09,4582645,255337,REED,BFFC Agency Staff (Rechargeable),303.65,Agency Staff,SUPPLIER,STANDARD,2008,LAAA-Directorate of Resources
RBC Legal Entity,2021/08/09,4582645,255337,REED,Pinecroft Home,317.97,Agency Staff,SUPPLIER,STANDARD,5435,NAAA-Former Directorate of Education and Childrens Services
RBC Legal Entity,2021/08/09,4582645,255337,REED,Pinecroft Home,322.18,Agency Staff,SUPPLIER,STANDARD,5435,NAAA-Former Directorate of Education and Childrens Services
RBC Legal Entity,2021/08/09,4582645,255337,REED,Pinecroft Home,325.13,Agency Staff,SUPPLIER,STANDARD,5435,NAAA-Former Directorate of Education and Childrens Services
RBC Legal Entity,2021/08/09,4582645,255337,REED,Lateral Flow Testing,387.03,Agency Staff,SUPPLIER,STANDARD,2701,LAAA-Directorate of Resources
RBC Legal Entity,2021/08/09,4582645,255337,REED,Street Cleansing,425.49,Agency Staff,SUPPLIER,STANDARD,4566,KAAA-Directorate of Economic Growth and Neighbourhood Services
RBC Legal Entity,2021/08/09,4582645,255337,REED,BFFC Agency Staff (Rechargeable),461.55,Agency Staff,SUPPLIER,STANDARD,2008,LAAA-Directorate of Resources
RBC Legal Entity,2021/08/09,4582645,255337,REED,Lateral Flow Testing,463.9,Agency Staff,SUPPLIER,STANDARD,2701,LAAA-Directorate of Resources
RBC Legal Entity,2021/08/09,4582645,255337,REED,Lateral Flow Testing,463.9,Agency Staff,SUPPLIER,STANDARD,2701,LAAA-Directorate of Resources
RBC Legal Entity,2021/08/09,4582645,255337,REED,Accountancy,489.96,Agency Staff,SUPPLIER,STANDARD,2200,LAAA-Directorate of Resources
RBC Legal Entity,2021/08/09,4582645,255337,REED,Refuse Collection,496.26,Agency Staff,SUPPLIER,STANDARD,4561,KAAA-Directorate of Economic Growth and Neighbourhood Services
RBC Legal Entity,2021/08/09,4582645,255337,REED,Accountancy,506.56,Agency Staff,SUPPLIER,STANDARD,2200,LAAA-Directorate of Resources
RBC Legal Entity,2021/08/09,4582645,255337,REED,Grounds Maintenance,512.26,Agency Staff,SUPPLIER,STANDARD,1306,KAAA-Directorate of Economic Growth and Neighbourhood Services
RBC Legal Entity,2021/08/09,4582645,255337,REED,IT Management,520.4,Agency Staff,SUPPLIER,STANDARD,2300,LAAA-Directorate of Resources
RBC Legal Entity,2021/08/09,4582645,255337,REED,Street Cleansing,525.2,Agency Staff,SUPPLIER,STANDARD,4566,KAAA-Directorate of Economic Growth and Neighbourhood Services
RBC Legal Entity,2021/08/09,4582645,255337,REED,Street Cleansing,531.86,Agency Staff,SUPPLIER,STANDARD,4566,KAAA-Directorate of Economic Growth and Neighbourhood Services
RBC Legal Entity,2021/08/09,4582645,255337,REED,Street Cleansing,531.86,Agency Staff,SUPPLIER,STANDARD,4566,KAAA-Directorate of Economic Growth and Neighbourhood Services
RBC Legal Entity,2021/08/09,4582645,255337,REED,Customer Services - Reception,531.86,Agency Staff,SUPPLIER,STANDARD,2595,LAAA-Directorate of Resources
RBC Legal Entity,2021/08/09,4582645,255337,REED,Lateral Flow Testing,535.27,Agency Staff,SUPPLIER,STANDARD,2701,LAAA-Directorate of Resources
RBC Legal Entity,2021/08/09,4582645,255337,REED,Lateral Flow Testing,535.27,Agency Staff,SUPPLIER,STANDARD,2701,LAAA-Directorate of Resources
RBC Legal Entity,2021/08/09,4582645,255337,REED,Lateral Flow Testing,542.95,Agency Staff,SUPPLIER,STANDARD,2701,LAAA-Directorate of Resources
RBC Legal Entity,2021/08/09,4582645,255337,REED,Procurement Services,557.39,Agency Staff,SUPPLIER,STANDARD,2402,LAAA-Directorate of Resources
RBC Legal Entity,2021/08/09,4582645,255337,REED,ASC Locality Team,559.03,Agency Staff,SUPPLIER,STANDARD,5721,JAAA-Directorate of Social Care and Health Services
RBC Legal Entity,2021/08/09,4582645,255337,REED,Lateral Flow Testing,579.88,Agency Staff,SUPPLIER,STANDARD,2701,LAAA-Directorate of Resources
RBC Legal Entity,2021/08/09,4582645,255337,REED,Lateral Flow Testing,579.88,Agency Staff,SUPPLIER,STANDARD,2701,LAAA-Directorate of Resources
RBC Legal Entity,2021/08/09,4582645,255337,REED,Lateral Flow Testing,579.88,Agency Staff,SUPPLIER,STANDARD,2701,LAAA-Directorate of Resources
RBC Legal Entity,2021/08/09,4582645,255337,REED,Refuse Collection,583.72,Agency Staff,SUPPLIER,STANDARD,4561,KAAA-Directorate of Economic Growth and Neighbourhood Services
RBC Legal Entity,2021/08/09,4582645,255337,REED,Refuse Collection,583.72,Agency Staff,SUPPLIER,STANDARD,4561,KAAA-Directorate of Economic Growth and Neighbourhood Services
RBC Legal Entity,2021/08/09,4582645,255337,REED,Lateral Flow Testing,585.04,Agency Staff,SUPPLIER,STANDARD,2701,LAAA-Directorate of Resources
RBC Legal Entity,2021/08/09,4582645,255337,REED,Refuse Collection,591.61,Agency Staff,SUPPLIER,STANDARD,4561,KAAA-Directorate of Economic Growth and Neighbourhood Services
RBC Legal Entity,2021/08/09,4582645,255337,REED,Refuse Collection,602.59,Agency Staff,SUPPLIER,STANDARD,4561,KAAA-Directorate of Economic Growth and Neighbourhood Services
RBC Legal Entity,2021/08/09,4582645,255337,REED,Buildings Payroll,626.11,Agency Staff,SUPPLIER,STANDARD,3390,KAAA-Directorate of Economic Growth and Neighbourhood Services
RBC Legal Entity,2021/08/09,4582645,255337,REED,BFFC Agency Staff (Rechargeable),628.5,Agency Staff,SUPPLIER,STANDARD,2008,LAAA-Directorate of Resources
RBC Legal Entity,2021/08/09,4582645,255337,REED,Refuse Collection,640.33,Agency Staff,SUPPLIER,STANDARD,4561,KAAA-Directorate of Economic Growth and Neighbourhood Services
RBC Legal Entity,2021/08/09,4582645,255337,REED,Lateral Flow Testing,686.94,Agency Staff,SUPPLIER,STANDARD,2701,LAAA-Directorate of Resources
RBC Legal Entity,2021/08/09,4582645,255337,REED,Lateral Flow Testing,686.94,Agency Staff,SUPPLIER,STANDARD,2701,LAAA-Directorate of Resources
RBC Legal Entity,2021/08/09,4582645,255337,REED,Refuse Collection,708.35,Agency Staff,SUPPLIER,STANDARD,4561,KAAA-Directorate of Economic Growth and Neighbourhood Services
RBC Legal Entity,2021/08/09,4582645,255337,REED,Lateral Flow Testing,723.94,Agency Staff,SUPPLIER,STANDARD,2701,LAAA-Directorate of Resources
RBC Legal Entity,2021/08/09,4582645,255337,REED,Lateral Flow Testing,737.24,Agency Staff,SUPPLIER,STANDARD,2701,LAAA-Directorate of Resources
RBC Legal Entity,2021/08/09,4582645,255337,REED,Public Health Team Costs,739.36,Agency Staff,SUPPLIER,STANDARD,2065,JAAA-Directorate of Social Care and Health Services
RBC Legal Entity,2021/08/09,4582645,255337,REED,Lateral Flow Testing,745.09,Agency Staff,SUPPLIER,STANDARD,2701,LAAA-Directorate of Resources
RBC Legal Entity,2021/08/09,4582645,255337,REED,Lateral Flow Testing,767.64,Agency Staff,SUPPLIER,STANDARD,2701,LAAA-Directorate of Resources
RBC Legal Entity,2021/08/09,4582645,255337,REED,Lateral Flow Testing,769.2,Agency Staff,SUPPLIER,STANDARD,2701,LAAA-Directorate of Resources
RBC Legal Entity,2021/08/09,4582645,255337,REED,BFFC Agency Staff (Rechargeable),797.63,Agency Staff,SUPPLIER,STANDARD,2008,LAAA-Directorate of Resources
RBC Legal Entity,2021/08/09,4582645,255337,REED,BFFC Agency Staff (Rechargeable),800.1,Agency Staff,SUPPLIER,STANDARD,2008,LAAA-Directorate of Resources
RBC Legal Entity,2021/08/09,4582645,255337,REED,BFFC Agency Staff (Rechargeable),816.2,Agency Staff,SUPPLIER,STANDARD,2008,LAAA-Directorate of Resources
RBC Legal Entity,2021/08/09,4582645,255337,REED,BFFC Agency Staff (Rechargeable),816.2,Agency Staff,SUPPLIER,STANDARD,2008,LAAA-Directorate of Resources
RBC Legal Entity,2021/08/09,4582645,255337,REED,Civil Engineering,906.87,Agency Staff,SUPPLIER,STANDARD,4550,KAAA-Directorate of Economic Growth and Neighbourhood Services
RBC Legal Entity,2021/08/09,4582645,255337,REED,BFFC Agency Staff (Rechargeable),942.75,Agency Staff,SUPPLIER,STANDARD,2008,LAAA-Directorate of Resources
RBC Legal Entity,2021/08/09,4582645,255337,REED,BFFC Agency Staff (Rechargeable),942.75,Agency Staff,SUPPLIER,STANDARD,2008,LAAA-Directorate of Resources
RBC Legal Entity,2021/08/09,4582645,255337,REED,Lateral Flow Testing,968.61,Agency Staff,SUPPLIER,STANDARD,2701,LAAA-Directorate of Resources
RBC Legal Entity,2021/08/09,4582645,255337,REED,ASC Short Term Team,985.4,Agency Staff,SUPPLIER,STANDARD,5722,JAAA-Directorate of Social Care and Health Services
RBC Legal Entity,2021/08/09,4582645,255337,REED,ASC Short Term Team,1137,Agency Staff,SUPPLIER,STANDARD,5722,JAAA-Directorate of Social Care and Health Services
RBC Legal Entity,2021/08/09,4582645,255337,REED,Legal Services,1147.7,Agency Staff,SUPPLIER,STANDARD,2400,LAAA-Directorate of Resources
RBC Legal Entity,2021/08/09,4582645,255337,REED,Housing Advice,1157.4,Agency Staff,SUPPLIER,STANDARD,5820,KAAA-Directorate of Economic Growth and Neighbourhood Services
RBC Legal Entity,2021/08/09,4582645,255337,REED,BFFC Agency Staff (Rechargeable),1184.8,Agency Staff,SUPPLIER,STANDARD,2008,LAAA-Directorate of Resources
RBC Legal Entity,2021/08/09,4582645,255337,REED,ASC Locality Team,1256.5,Agency Staff,SUPPLIER,STANDARD,5721,JAAA-Directorate of Social Care and Health Services
RBC Legal Entity,2021/08/09,4582645,255337,REED,ASC Locality Team,1283.53,Agency Staff,SUPPLIER,STANDARD,5721,JAAA-Directorate of Social Care and Health Services
RBC Legal Entity,2021/08/09,4582645,255337,REED,Safeguarding Adults,1328.3,Agency Staff,SUPPLIER,STANDARD,5158,JAAA-Directorate of Social Care and Health Services
RBC Legal Entity,2021/08/09,4582645,255337,REED,Safeguarding Adults,1328.3,Agency Staff,SUPPLIER,STANDARD,5158,JAAA-Directorate of Social Care and Health Services
RBC Legal Entity,2021/08/09,4582645,255337,REED,ASC Short Term Team,1328.3,Agency Staff,SUPPLIER,STANDARD,5722,JAAA-Directorate of Social Care and Health Services
RBC Legal Entity,2021/08/09,4582645,255337,REED,ASC Short Term Team,1328.3,Agency Staff,SUPPLIER,STANDARD,5722,JAAA-Directorate of Social Care and Health Services
RBC Legal Entity,2021/08/09,4582645,255337,REED,ASC Short Term Team,1365.3,Agency Staff,SUPPLIER,STANDARD,5722,JAAA-Directorate of Social Care and Health Services
RBC Legal Entity,2021/08/09,4582645,255337,REED,ASC Locality Team,1365.3,Agency Staff,SUPPLIER,STANDARD,5721,JAAA-Directorate of Social Care and Health Services
RBC Legal Entity,2021/08/09,4582645,255337,REED,Housing Management,1373.65,Agency Staff,SUPPLIER,STANDARD,5920,HAAA-Housing Revenue Account
RBC Legal Entity,2021/08/09,4582645,255337,REED,Lateral Flow Testing,1389.47,Agency Staff,SUPPLIER,STANDARD,2701,LAAA-Directorate of Resources
RBC Legal Entity,2021/08/09,4582645,255337,REED,Safeguarding Adults,1402.3,Agency Staff,SUPPLIER,STANDARD,5158,JAAA-Directorate of Social Care and Health Services
RBC Legal Entity,2021/08/09,4582645,255337,REED,Legal Services,1422,Agency Staff,SUPPLIER,STANDARD,2400,LAAA-Directorate of Resources
RBC Legal Entity,2021/08/09,4582645,255337,REED,ASC Short Term Team,1430.05,Agency Staff,SUPPLIER,STANDARD,5722,JAAA-Directorate of Social Care and Health Services
RBC Legal Entity,2021/08/09,4582645,255337,REED,Mental Health Team,1439.3,Agency Staff,SUPPLIER,STANDARD,5253,JAAA-Directorate of Social Care and Health Services
RBC Legal Entity,2021/08/09,4582645,255337,REED,Mental Health Team,1439.3,Agency Staff,SUPPLIER,STANDARD,5253,JAAA-Directorate of Social Care and Health Services
RBC Legal Entity,2021/08/09,4582645,255337,REED,ASC Locality Team,1439.3,Agency Staff,SUPPLIER,STANDARD,5721,JAAA-Directorate of Social Care and Health Services
RBC Legal Entity,2021/08/09,4582645,255337,REED,ASC Locality Team,1439.3,Agency Staff,SUPPLIER,STANDARD,5721,JAAA-Directorate of Social Care and Health Services
RBC Legal Entity,2021/08/09,4582645,255337,REED,BFFC Agency Staff (Rechargeable),1453,Agency Staff,SUPPLIER,STANDARD,2008,LAAA-Directorate of Resources
RBC Legal Entity,2021/08/09,4582645,255337,REED,ASC Locality Team,1508.4,Agency Staff,SUPPLIER,STANDARD,5721,JAAA-Directorate of Social Care and Health Services
RBC Legal Entity,2021/08/09,4582645,255337,REED,ASC Locality Team,1508.4,Agency Staff,SUPPLIER,STANDARD,5721,JAAA-Directorate of Social Care and Health Services
RBC Legal Entity,2021/08/09,4582645,255337,REED,BFFC Agency Staff (Rechargeable),1513.3,Agency Staff,SUPPLIER,STANDARD,2008,LAAA-Directorate of Resources
RBC Legal Entity,2021/08/09,4582645,255337,REED,BFFC Agency Staff (Rechargeable),1550.3,Agency Staff,SUPPLIER,STANDARD,2008,LAAA-Directorate of Resources
RBC Legal Entity,2021/08/09,4582645,255337,REED,BFFC Agency Staff (Rechargeable),1550.3,Agency Staff,SUPPLIER,STANDARD,2008,LAAA-Directorate of Resources
RBC Legal Entity,2021/08/09,4582645,255337,REED,BFFC Agency Staff (Rechargeable),1550.3,Agency Staff,SUPPLIER,STANDARD,2008,LAAA-Directorate of Resources
RBC Legal Entity,2021/08/09,4582645,255337,REED,BFFC Agency Staff (Rechargeable),1550.3,Agency Staff,SUPPLIER,STANDARD,2008,LAAA-Directorate of Resources
RBC Legal Entity,2021/08/09,4582645,255337,REED,BFFC Agency Staff (Rechargeable),1550.3,Agency Staff,SUPPLIER,STANDARD,2008,LAAA-Directorate of Resources
RBC Legal Entity,2021/08/09,4582645,255337,REED,BFFC Agency Staff (Rechargeable),1550.3,Agency Staff,SUPPLIER,STANDARD,2008,LAAA-Directorate of Resources
RBC Legal Entity,2021/08/09,4582645,255337,REED,BFFC Agency Staff (Rechargeable),1550.3,Agency Staff,SUPPLIER,STANDARD,2008,LAAA-Directorate of Resources
RBC Legal Entity,2021/08/09,4582645,255337,REED,BFFC Agency Staff (Rechargeable),1550.3,Agency Staff,SUPPLIER,STANDARD,2008,LAAA-Directorate of Resources
RBC Legal Entity,2021/08/09,4582645,255337,REED,BFFC Agency Staff (Rechargeable),1550.3,Agency Staff,SUPPLIER,STANDARD,2008,LAAA-Directorate of Resources
RBC Legal Entity,2021/08/09,4582645,255337,REED,BFFC Agency Staff (Rechargeable),1550.3,Agency Staff,SUPPLIER,STANDARD,2008,LAAA-Directorate of Resources
RBC Legal Entity,2021/08/09,4582645,255337,REED,BFFC Agency Staff (Rechargeable),1550.3,Agency Staff,SUPPLIER,STANDARD,2008,LAAA-Directorate of Resources
RBC Legal Entity,2021/08/09,4582645,255337,REED,BFFC Agency Staff (Rechargeable),1550.3,Agency Staff,SUPPLIER,STANDARD,2008,LAAA-Directorate of Resources
RBC Legal Entity,2021/08/09,4582645,255337,REED,BFFC Agency Staff (Rechargeable),1559.55,Agency Staff,SUPPLIER,STANDARD,2008,LAAA-Directorate of Resources
RBC Legal Entity,2021/08/09,4582645,255337,REED,Legal Services,1562.75,Agency Staff,SUPPLIER,STANDARD,2400,LAAA-Directorate of Resources
RBC Legal Entity,2021/08/09,4582645,255337,REED,ASC Locality Team,1624.3,Agency Staff,SUPPLIER,STANDARD,5721,JAAA-Directorate of Social Care and Health Services
RBC Legal Entity,2021/08/09,4582645,255337,REED,BFFC Agency Staff (Rechargeable),1624.3,Agency Staff,SUPPLIER,STANDARD,2008,LAAA-Directorate of Resources
RBC Legal Entity,2021/08/09,4582645,255337,REED,BFFC Agency Staff (Rechargeable),1624.3,Agency Staff,SUPPLIER,STANDARD,2008,LAAA-Directorate of Resources
RBC Legal Entity,2021/08/09,4582645,255337,REED,BFFC Agency Staff (Rechargeable),1624.3,Agency Staff,SUPPLIER,STANDARD,2008,LAAA-Directorate of Resources
RBC Legal Entity,2021/08/09,4582645,255337,REED,BFFC Agency Staff (Rechargeable),1624.3,Agency Staff,SUPPLIER,STANDARD,2008,LAAA-Directorate of Resources
RBC Legal Entity,2021/08/09,4582645,255337,REED,BFFC Agency Staff (Rechargeable),1624.3,Agency Staff,SUPPLIER,STANDARD,2008,LAAA-Directorate of Resources
RBC Legal Entity,2021/08/09,4582645,255337,REED,BFFC Agency Staff (Rechargeable),1624.3,Agency Staff,SUPPLIER,STANDARD,2008,LAAA-Directorate of Resources
RBC Legal Entity,2021/08/09,4582645,255337,REED,BFFC Agency Staff (Rechargeable),1624.3,Agency Staff,SUPPLIER,STANDARD,2008,LAAA-Directorate of Resources
RBC Legal Entity,2021/08/09,4582645,255337,REED,BFFC Agency Staff (Rechargeable),1624.3,Agency Staff,SUPPLIER,STANDARD,2008,LAAA-Directorate of Resources
RBC Legal Entity,2021/08/09,4582645,255337,REED,BFFC Agency Staff (Rechargeable),1624.3,Agency Staff,SUPPLIER,STANDARD,2008,LAAA-Directorate of Resources
RBC Legal Entity,2021/08/09,4582645,255337,REED,BFFC Agency Staff (Rechargeable),1626.85,Agency Staff,SUPPLIER,STANDARD,2008,LAAA-Directorate of Resources
RBC Legal Entity,2021/08/09,4582645,255337,REED,BFFC Agency Staff (Rechargeable),1656,Agency Staff,SUPPLIER,STANDARD,2008,LAAA-Directorate of Resources
RBC Legal Entity,2021/08/09,4582645,255337,REED,BFFC Agency Staff (Rechargeable),1672.9,Agency Staff,SUPPLIER,STANDARD,2008,LAAA-Directorate of Resources
RBC Legal Entity,2021/08/09,4582645,255337,REED,BFFC Agency Staff (Rechargeable),1672.9,Agency Staff,SUPPLIER,STANDARD,2008,LAAA-Directorate of Resources
RBC Legal Entity,2021/08/09,4582645,255337,REED,BFFC Agency Staff (Rechargeable),1743.6,Agency Staff,SUPPLIER,STANDARD,2008,LAAA-Directorate of Resources
RBC Legal Entity,2021/08/09,4582645,255337,REED,BFFC Agency Staff (Rechargeable),1743.6,Agency Staff,SUPPLIER,STANDARD,2008,LAAA-Directorate of Resources
RBC Legal Entity,2021/08/09,4582645,255337,REED,ASC Short Term Team,1792.32,Agency Staff,SUPPLIER,STANDARD,5722,JAAA-Directorate of Social Care and Health Services
RBC Legal Entity,2021/08/09,4582645,255337,REED,BFFC Agency Staff (Rechargeable),1809.3,Agency Staff,SUPPLIER,STANDARD,2008,LAAA-Directorate of Resources
RBC Legal Entity,2021/08/09,4582645,255337,REED,BFFC Agency Staff (Rechargeable),1868.8,Agency Staff,SUPPLIER,STANDARD,2008,LAAA-Directorate of Resources
RBC Legal Entity,2021/08/09,4582645,255337,REED,Valuation,1940.8,Agency Staff,SUPPLIER,STANDARD,2100,KAAA-Directorate of Economic Growth and Neighbourhood Services
RBC Legal Entity,2021/08/09,4582645,255337,REED,Joint Legal Team,2031.3,Agency Staff,SUPPLIER,STANDARD,2405,LAAA-Directorate of Resources
RBC Legal Entity,2021/08/09,4582645,255337,REED,Legal Services,2148.2,Agency Staff,SUPPLIER,STANDARD,2400,LAAA-Directorate of Resources
RBC Legal Entity,2021/08/09,4582645,255337,REED,Accountancy,2176,Agency Staff,SUPPLIER,STANDARD,2200,LAAA-Directorate of Resources
RBC Legal Entity,2021/08/09,4582645,255337,REED,ASC Senior Management Team,2176,Agency Staff,SUPPLIER,STANDARD,5700,JAAA-Directorate of Social Care and Health Services
RBC Legal Entity,2021/08/09,4582645,255337,REED,Joint Legal Team,2183.57,Agency Staff,SUPPLIER,STANDARD,2405,LAAA-Directorate of Resources
RBC Legal Entity,2021/08/09,4582645,255337,REED,Joint Legal Team,2196,Agency Staff,SUPPLIER,STANDARD,2405,LAAA-Directorate of Resources
RBC Legal Entity,2021/08/09,4582645,255337,REED,BFFC Agency Staff (Rechargeable),2276,Agency Staff,SUPPLIER,STANDARD,2008,LAAA-Directorate of Resources
RBC Legal Entity,2021/08/09,4582645,255337,REED,Valuation,2304.7,Agency Staff,SUPPLIER,STANDARD,2100,KAAA-Directorate of Economic Growth and Neighbourhood Services
RBC Legal Entity,2021/08/09,4582645,255337,REED,Accountancy,2390.6,Agency Staff,SUPPLIER,STANDARD,2200,LAAA-Directorate of Resources
RBC Legal Entity,2021/08/09,4582645,255337,REED,BFFC Agency Staff (Rechargeable),2602.96,Agency Staff,SUPPLIER,STANDARD,2008,LAAA-Directorate of Resources
RBC Legal Entity,2021/08/09,4582645,255337,REED,Accountancy,2676,Agency Staff,SUPPLIER,STANDARD,2200,LAAA-Directorate of Resources
RBC Legal Entity,2021/08/09,4582645,255337,REED,Accountancy,2801,Agency Staff,SUPPLIER,STANDARD,2200,LAAA-Directorate of Resources
RBC Legal Entity,2021/08/09,4582645,255337,REED,Accountancy,2835.52,Agency Staff,SUPPLIER,STANDARD,2200,LAAA-Directorate of Resources
RBC Legal Entity,2021/08/09,4582645,255337,REED,IT Management,3191,Agency Staff,SUPPLIER,STANDARD,2300,LAAA-Directorate of Resources
RBC Legal Entity,2021/08/09,4582645,255337,REED,Valuation,3256.65,Agency Staff,SUPPLIER,STANDARD,2100,KAAA-Directorate of Economic Growth and Neighbourhood Services
RBC Legal Entity,2021/08/09,4582645,255337,REED,BFFC Agency Staff (Rechargeable),3446,Agency Staff,SUPPLIER,STANDARD,2008,LAAA-Directorate of Resources
RBC Legal Entity,2021/08/09,4582645,255337,REED,Accountancy,3544.4,Agency Staff,SUPPLIER,STANDARD,2200,LAAA-Directorate of Resources
RBC Legal Entity,2021/08/09,4582645,255337,REED,Accountancy,3544.4,Agency Staff,SUPPLIER,STANDARD,2200,LAAA-Directorate of Resources
RBC Legal Entity,2021/08/09,4582645,255337,REED,Accountancy,3544.4,Agency Staff,SUPPLIER,STANDARD,2200,LAAA-Directorate of Resources
RBC Legal Entity,2021/08/09,4582645,255337,REED,ASC Senior Management Team,3937.25,Agency Staff,SUPPLIER,STANDARD,5700,JAAA-Directorate of Social Care and Health Services
RBC Legal Entity,2021/08/09,4577567,255339,DSI BILLING SERVICES LTD,Council Tax & Business Rates,1369.56,Postage Carriage Stamp Duty,SUPPLIER,STANDARD,2250,LAAA-Directorate of Resources
RBC Legal Entity,2021/08/09,4580374,255340,SANDS SECURITY LTD,Hexagon Operations,588,Security Charges,SUPPLIER,STANDARD,1200,KAAA-Directorate of Economic Growth and Neighbourhood Services
RBC Legal Entity,2021/08/09,4582685,255343,J H CRESSWELL & SONS LTD,Civil Engineering,11952.46,Winter Maintenance,SUB-CONTRACTOR,STANDARD,4550,KAAA-Directorate of Economic Growth and Neighbourhood Services
RBC Legal Entity,2021/08/09,4582524,255344,SIMON MILLER,JLT Disbursements,675,Misc. Legal Expenses,SUPPLIER,STANDARD,2407,LAAA-Directorate of Resources
RBC Legal Entity,2021/08/09,4577862,255345,MR EDWARD KIRKWOOD,JLT Disbursements,660,Misc. Legal Expenses,Third Party Supplier,STANDARD,2407,LAAA-Directorate of Resources
RBC Legal Entity,2021/08/09,4582594,255350,THRIVE,LD Community Services,80.08,Purchased Care,SUPPLIER,STANDARD,5741,JAAA-Directorate of Social Care and Health Services
RBC Legal Entity,2021/08/09,4582594,255350,THRIVE,LD Community Services,569.52,Purchased Care,SUPPLIER,STANDARD,5741,JAAA-Directorate of Social Care and Health Services
RBC Legal Entity,2021/08/09,4582596,255350,THRIVE,LD Community Services,171.36,Purchased Care,SUPPLIER,STANDARD,5741,JAAA-Directorate of Social Care and Health Services
RBC Legal Entity,2021/08/09,4582596,255350,THRIVE,LD Community Services,228.48,Purchased Care,SUPPLIER,STANDARD,5741,JAAA-Directorate of Social Care and Health Services
RBC Legal Entity,2021/08/09,4582596,255350,THRIVE,LD Community Services,228.48,Purchased Care,SUPPLIER,STANDARD,5741,JAAA-Directorate of Social Care and Health Services
RBC Legal Entity,2021/08/09,4582634,255350,THRIVE,LD Community Services,628.32,Purchased Care,SUPPLIER,STANDARD,5741,JAAA-Directorate of Social Care and Health Services
RBC Legal Entity,2021/08/09,4582635,255350,THRIVE,LD Community Services,942.48,Purchased Care,SUPPLIER,STANDARD,5741,JAAA-Directorate of Social Care and Health Services
RBC Legal Entity,2021/08/09,4582636,255350,THRIVE,LD Community Services,628.32,Purchased Care,SUPPLIER,STANDARD,5741,JAAA-Directorate of Social Care and Health Services
RBC Legal Entity,2021/08/09,4582643,255350,THRIVE,LD Community Services,649.6,Purchased Care,SUPPLIER,STANDARD,5741,JAAA-Directorate of Social Care and Health Services
RBC Legal Entity,2021/08/09,4580569,255351,CREATIVE SUPPORT LTD,PS Acquired Community Services,993,Purchased Care,Third Party Supplier,STANDARD,5771,JAAA-Directorate of Social Care and Health Services
RBC Legal Entity,2021/08/09,4580570,255351,CREATIVE SUPPORT LTD,LD Community Services,993,Purchased Care,Third Party Supplier,STANDARD,5741,JAAA-Directorate of Social Care and Health Services
RBC Legal Entity,2021/08/09,4580571,255351,CREATIVE SUPPORT LTD,LD Community Services,1290.9,Purchased Care,Third Party Supplier,STANDARD,5741,JAAA-Directorate of Social Care and Health Services
RBC Legal Entity,2021/08/09,4582740,255352,MR ANDREW LEONG,JLT Disbursements,675,Misc. Legal Expenses,SUPPLIER,STANDARD,2407,LAAA-Directorate of Resources
RBC Legal Entity,2021/08/09,4584259,255354,WHITLEY PARK SCHOOL,School Grants Holding Account,41959,School Transfer Payment,SUPPLIER,STANDARD,3295,NAAA-Former Directorate of Education and Childrens Services
RBC Legal Entity,2021/08/09,4584315,255354,WHITLEY PARK SCHOOL,Whitley Park Primary,5452.86,Bank Income Holding Code,SUPPLIER,STANDARD,3123,NAAA-Former Directorate of Education and Childrens Services
RBC Legal Entity,2021/08/09,4583879,255357,ROYLE CARE LTD,PS Acquired Community Services,2365.5,Purchased Care,Third Party Supplier,STANDARD,5771,JAAA-Directorate of Social Care and Health Services
RBC Legal Entity,2021/08/09,4583881,255357,ROYLE CARE LTD,PS Acquired Community Services,2394,Purchased Care,Third Party Supplier,STANDARD,5771,JAAA-Directorate of Social Care and Health Services
RBC Legal Entity,2021/08/09,4583882,255357,ROYLE CARE LTD,PS Acquired Community Services,2137.5,Purchased Care,Third Party Supplier,STANDARD,5771,JAAA-Directorate of Social Care and Health Services
RBC Legal Entity,2021/08/09,4583884,255357,ROYLE CARE LTD,PS Acquired Community Services,2403.5,Purchased Care,Third Party Supplier,STANDARD,5771,JAAA-Directorate of Social Care and Health Services
RBC Legal Entity,2021/08/09,4583885,255357,ROYLE CARE LTD,PS Acquired Community Services,560.5,Purchased Care,Third Party Supplier,STANDARD,5771,JAAA-Directorate of Social Care and Health Services
RBC Legal Entity,2021/08/09,4583888,255357,ROYLE CARE LTD,PS Acquired Community Services,1852.5,Purchased Care,Third Party Supplier,STANDARD,5771,JAAA-Directorate of Social Care and Health Services
RBC Legal Entity,2021/08/09,4583889,255357,ROYLE CARE LTD,Mental Health Community Services,1197,Purchased Care,Third Party Supplier,STANDARD,5731,JAAA-Directorate of Social Care and Health Services
RBC Legal Entity,2021/08/09,4583891,255357,ROYLE CARE LTD,PS Acquired Community Services,532,Purchased Care,Third Party Supplier,STANDARD,5771,JAAA-Directorate of Social Care and Health Services
RBC Legal Entity,2021/08/09,4583892,255357,ROYLE CARE LTD,PS Acquired Community Services,855,Purchased Care,Third Party Supplier,STANDARD,5771,JAAA-Directorate of Social Care and Health Services
RBC Legal Entity,2021/08/09,4583894,255357,ROYLE CARE LTD,PS Acquired Community Services,655.5,Purchased Care,Third Party Supplier,STANDARD,5771,JAAA-Directorate of Social Care and Health Services
RBC Legal Entity,2021/08/09,4583895,255357,ROYLE CARE LTD,PS Acquired Community Services,931,Purchased Care,Third Party Supplier,STANDARD,5771,JAAA-Directorate of Social Care and Health Services
RBC Legal Entity,2021/08/09,4583899,255357,ROYLE CARE LTD,PS Acquired Community Services,1862,Purchased Care,Third Party Supplier,STANDARD,5771,JAAA-Directorate of Social Care and Health Services
RBC Legal Entity,2021/08/09,4583900,255357,ROYLE CARE LTD,PS Acquired Community Services,532,Purchased Care,Third Party Supplier,STANDARD,5771,JAAA-Directorate of Social Care and Health Services
RBC Legal Entity,2021/08/09,4583904,255357,ROYLE CARE LTD,PS Acquired Community Services,2394,Purchased Care,Third Party Supplier,STANDARD,5771,JAAA-Directorate of Social Care and Health Services
RBC Legal Entity,2021/08/09,4583905,255357,ROYLE CARE LTD,PS Acquired Community Services,2394,Purchased Care,Third Party Supplier,STANDARD,5771,JAAA-Directorate of Social Care and Health Services
RBC Legal Entity,2021/08/09,4583906,255357,ROYLE CARE LTD,PS Acquired Community Services,2384.5,Purchased Care,Third Party Supplier,STANDARD,5771,JAAA-Directorate of Social Care and Health Services
RBC Legal Entity,2021/08/09,4583907,255357,ROYLE CARE LTD,PS Acquired Community Services,779,Purchased Care,Third Party Supplier,STANDARD,5771,JAAA-Directorate of Social Care and Health Services
RBC Legal Entity,2021/08/09,4583908,255357,ROYLE CARE LTD,PS Acquired Community Services,2394,Purchased Care,Third Party Supplier,STANDARD,5771,JAAA-Directorate of Social Care and Health Services
RBC Legal Entity,2021/08/09,4583909,255357,ROYLE CARE LTD,PS Acquired Community Services,2128,Purchased Care,Third Party Supplier,STANDARD,5771,JAAA-Directorate of Social Care and Health Services
RBC Legal Entity,2021/08/09,4583916,255357,ROYLE CARE LTD,PS Acquired Community Services,959.5,Purchased Care,Third Party Supplier,STANDARD,5771,JAAA-Directorate of Social Care and Health Services
RBC Legal Entity,2021/08/09,4583918,255357,ROYLE CARE LTD,PS Acquired Community Services,1824,Purchased Care,Third Party Supplier,STANDARD,5771,JAAA-Directorate of Social Care and Health Services
RBC Legal Entity,2021/08/09,4583919,255357,ROYLE CARE LTD,PS Acquired Community Services,665,Purchased Care,Third Party Supplier,STANDARD,5771,JAAA-Directorate of Social Care and Health Services
RBC Legal Entity,2021/08/09,4583920,255357,ROYLE CARE LTD,PS Acquired Community Services,2394,Purchased Care,Third Party Supplier,STANDARD,5771,JAAA-Directorate of Social Care and Health Services
RBC Legal Entity,2021/08/09,4583921,255357,ROYLE CARE LTD,PS Acquired Community Services,2394,Purchased Care,Third Party Supplier,STANDARD,5771,JAAA-Directorate of Social Care and Health Services
RBC Legal Entity,2021/08/09,4583923,255357,ROYLE CARE LTD,PS Acquired Community Services,2394,Purchased Care,Third Party Supplier,STANDARD,5771,JAAA-Directorate of Social Care and Health Services
RBC Legal Entity,2021/08/09,4583924,255357,ROYLE CARE LTD,PS Acquired Community Services,2759.75,Purchased Care,Third Party Supplier,STANDARD,5771,JAAA-Directorate of Social Care and Health Services
RBC Legal Entity,2021/08/09,4583925,255357,ROYLE CARE LTD,PS Acquired Community Services,874,Purchased Care,Third Party Supplier,STANDARD,5771,JAAA-Directorate of Social Care and Health Services
RBC Legal Entity,2021/08/09,4583927,255357,ROYLE CARE LTD,PS Acquired Community Services,665,Purchased Care,Third Party Supplier,STANDARD,5771,JAAA-Directorate of Social Care and Health Services
RBC Legal Entity,2021/08/09,4583928,255357,ROYLE CARE LTD,PS Acquired Community Services,636.5,Purchased Care,Third Party Supplier,STANDARD,5771,JAAA-Directorate of Social Care and Health Services
RBC Legal Entity,2021/08/09,4583929,255357,ROYLE CARE LTD,PS Acquired Community Services,1064,Purchased Care,Third Party Supplier,STANDARD,5771,JAAA-Directorate of Social Care and Health Services
RBC Legal Entity,2021/08/09,4583930,255357,ROYLE CARE LTD,PS Acquired Community Services,1862,Purchased Care,Third Party Supplier,STANDARD,5771,JAAA-Directorate of Social Care and Health Services
RBC Legal Entity,2021/08/09,4583931,255357,ROYLE CARE LTD,PS Acquired Community Services,1292,Purchased Care,Third Party Supplier,STANDARD,5771,JAAA-Directorate of Social Care and Health Services
RBC Legal Entity,2021/08/09,4583933,255357,ROYLE CARE LTD,PS Acquired Community Services,1662.5,Purchased Care,Third Party Supplier,STANDARD,5771,JAAA-Directorate of Social Care and Health Services
RBC Legal Entity,2021/08/09,4583934,255357,ROYLE CARE LTD,PS Acquired Community Services,2394,Purchased Care,Third Party Supplier,STANDARD,5771,JAAA-Directorate of Social Care and Health Services
RBC Legal Entity,2021/08/09,4583935,255357,ROYLE CARE LTD,PS Acquired Community Services,2674.25,Purchased Care,Third Party Supplier,STANDARD,5771,JAAA-Directorate of Social Care and Health Services
RBC Legal Entity,2021/08/09,4583937,255357,ROYLE CARE LTD,PS Acquired Community Services,693.5,Purchased Care,Third Party Supplier,STANDARD,5771,JAAA-Directorate of Social Care and Health Services
RBC Legal Entity,2021/08/09,4583938,255357,ROYLE CARE LTD,PS Acquired Community Services,2403.5,Purchased Care,Third Party Supplier,STANDARD,5771,JAAA-Directorate of Social Care and Health Services
RBC Legal Entity,2021/08/09,4578090,255358,TOTAL ECLIPSE TRAINING SOLUTIONS LTD,DACHS Training,293.08,Training & Development Costs,SUPPLIER,STANDARD,5705,JAAA-Directorate of Social Care and Health Services
RBC Legal Entity,2021/08/09,4578090,255358,TOTAL ECLIPSE TRAINING SOLUTIONS LTD,DACHS Training,586.16,Training & Development Costs,SUPPLIER,STANDARD,5705,JAAA-Directorate of Social Care and Health Services
RBC Legal Entity,2021/08/09,4584126,255360,YMCA READING,Housing GF General Charges,26530.25,Preventive+SupportiveServ,SUPPLIER,STANDARD,5810,KAAA-Directorate of Economic Growth and Neighbourhood Services
RBC Legal Entity,2021/08/09,4581829,255361,SOLUTIONS FOR HEALTH AND SOCIAL CARE,Customer Relations & Information Governance,2100,Consultancy Fees,Third Party Supplier,STANDARD,2058,LAAA-Directorate of Resources
RBC Legal Entity,2021/08/09,4580186,255362,MR JERRY D HAWKINS,JLT Disbursements,147.6,Misc. Legal Expenses,SUPPLIER,STANDARD,2407,LAAA-Directorate of Resources
RBC Legal Entity,2021/08/09,4580186,255362,MR JERRY D HAWKINS,JLT Disbursements,445.5,Misc. Legal Expenses,SUPPLIER,STANDARD,2407,LAAA-Directorate of Resources
RBC Legal Entity,2021/08/09,4580186,255362,MR JERRY D HAWKINS,JLT Disbursements,792,Misc. Legal Expenses,SUPPLIER,STANDARD,2407,LAAA-Directorate of Resources
RBC Legal Entity,2021/08/09,4578053,255364,GARY WILLMOTT,JLT Disbursements,500,Misc. Legal Expenses,Third Party Supplier,STANDARD,2407,LAAA-Directorate of Resources
RBC Legal Entity,2021/08/09,4577579,255366,OLIVER POWELL,JLT Disbursements,633.33,Misc. Legal Expenses,SUPPLIER,STANDARD,2407,LAAA-Directorate of Resources
RBC Legal Entity,2021/08/09,4578045,255366,OLIVER POWELL,JLT Disbursements,666.67,Misc. Legal Expenses,SUPPLIER,STANDARD,2407,LAAA-Directorate of Resources
RBC Legal Entity,2021/08/09,4578054,255366,OLIVER POWELL,JLT Disbursements,550,Misc. Legal Expenses,SUPPLIER,STANDARD,2407,LAAA-Directorate of Resources
RBC Legal Entity,2021/08/09,4584109,255368,NEWSQUEST MEDIA GROUP LTD,Events & Engagement,986,Advertising - General,SUPPLIER,STANDARD,2080,EAAA-Chief Executive
RBC Legal Entity,2021/08/09,4584207,255368,NEWSQUEST MEDIA GROUP LTD,Events & Engagement,739.52,Advertising - General,SUPPLIER,STANDARD,2080,EAAA-Chief Executive
RBC Legal Entity,2021/08/09,4577860,255371,JACK ANDERSON,JLT Disbursements,300,Misc. Legal Expenses,SUPPLIER,STANDARD,2407,LAAA-Directorate of Resources
RBC Legal Entity,2021/08/09,4577860,255371,JACK ANDERSON,JLT Disbursements,1500,Misc. Legal Expenses,SUPPLIER,STANDARD,2407,LAAA-Directorate of Resources
RBC Legal Entity,2021/08/09,4577252,255372,PITCH MAINTENANCE SERVICES LTD,Grounds Maintenance,2190,CPG Maintenance,SUPPLIER,STANDARD,1306,KAAA-Directorate of Economic Growth and Neighbourhood Services
RBC Legal Entity,2021/08/09,4577883,255373,F M CONWAY LTD,Highways,460,Materials Direct,SUB-CONTRACTOR,STANDARD,4252,KAAA-Directorate of Economic Growth and Neighbourhood Services
RBC Legal Entity,2021/08/09,4577884,255373,F M CONWAY LTD,Highways,718.8,Materials Direct,SUB-CONTRACTOR,STANDARD,4252,KAAA-Directorate of Economic Growth and Neighbourhood Services
RBC Legal Entity,2021/08/09,4580220,255373,F M CONWAY LTD,Highways,808.65,Materials Direct,SUB-CONTRACTOR,STANDARD,4252,KAAA-Directorate of Economic Growth and Neighbourhood Services
RBC Legal Entity,2021/08/09,4582173,255374,CARE4U WE LTD,LD Community Services,3443.64,Purchased Care,Third Party Supplier,STANDARD,5741,JAAA-Directorate of Social Care and Health Services
RBC Legal Entity,2021/08/09,4582238,255374,CARE4U WE LTD,Mental Health Community Services,1310.24,Purchased Care,Third Party Supplier,STANDARD,5731,JAAA-Directorate of Social Care and Health Services
RBC Legal Entity,2021/08/09,4577957,255377,MARIE MARAIS,Transformation,7337.6,Agency Staff,SUPPLIER,STANDARD,5289,JAAA-Directorate of Social Care and Health Services
RBC Legal Entity,2021/08/09,4577529,255379,BTU (INSTALLATION & MAINTENANCE) LTD,Repairs,659.02,Essential Cyclical Insp. + Mai,SUB-CONTRACTOR,STANDARD,5970,HAAA-Housing Revenue Account
RBC Legal Entity,2021/08/09,4577529,255379,BTU (INSTALLATION & MAINTENANCE) LTD,Corporate Maintenance Services,723.17,TPP  Contract,SUB-CONTRACTOR,STANDARD,4080,KAAA-Directorate of Economic Growth and Neighbourhood Services
RBC Legal Entity,2021/08/09,4577529,255379,BTU (INSTALLATION & MAINTENANCE) LTD,Corporate Maintenance Services,1663.47,TPP  Contract,SUB-CONTRACTOR,STANDARD,4080,KAAA-Directorate of Economic Growth and Neighbourhood Services
RBC Legal Entity,2021/08/09,4577529,255379,BTU (INSTALLATION & MAINTENANCE) LTD,Corporate Maintenance Services,4903.94,Leasing Costs,SUB-CONTRACTOR,STANDARD,4080,KAAA-Directorate of Economic Growth and Neighbourhood Services
RBC Legal Entity,2021/08/09,4577529,255379,BTU (INSTALLATION & MAINTENANCE) LTD,Repairs,5275.9,Essential Cyclical Insp. + Mai,SUB-CONTRACTOR,STANDARD,5970,HAAA-Housing Revenue Account
RBC Legal Entity,2021/08/09,4577529,255379,BTU (INSTALLATION & MAINTENANCE) LTD,Corporate Maintenance Services,7000.14,Leasing Costs,SUB-CONTRACTOR,STANDARD,4080,KAAA-Directorate of Economic Growth and Neighbourhood Services
RBC Legal Entity,2021/08/09,4577529,255379,BTU (INSTALLATION & MAINTENANCE) LTD,Corporate Maintenance Services,7692.98,Precepts,SUB-CONTRACTOR,STANDARD,4080,KAAA-Directorate of Economic Growth and Neighbourhood Services
RBC Legal Entity,2021/08/10,4584420,255382,THE HILL PRIMARY SCHOOL,The Hill Primary,9034.38,Bank Income Holding Code,SUPPLIER,STANDARD,3116,NAAA-Former Directorate of Education and Childrens Services
RBC Legal Entity,2021/08/10,4584435,255383,ASKEWS & HOLTS LIBRARY SERVICES LTD,General Reference,1573.13,Adult Non Fiction Books,SUPPLIER,STANDARD,1454,KAAA-Directorate of Economic Growth and Neighbourhood Services
RBC Legal Entity,2021/08/10,4580845,255389,RADIS COMMUNITY CARE,Mental Health Community Services,931,Purchased Care,Third Party Supplier,STANDARD,5731,JAAA-Directorate of Social Care and Health Services
RBC Legal Entity,2021/08/10,4580846,255389,RADIS COMMUNITY CARE,PS Acquired Community Services,517.44,Purchased Care,Third Party Supplier,STANDARD,5771,JAAA-Directorate of Social Care and Health Services
RBC Legal Entity,2021/08/10,4580847,255389,RADIS COMMUNITY CARE,PS Acquired Community Services,1463,Purchased Care,Third Party Supplier,STANDARD,5771,JAAA-Directorate of Social Care and Health Services
RBC Legal Entity,2021/08/10,4580848,255389,RADIS COMMUNITY CARE,PS Acquired Community Services,931,Purchased Care,Third Party Supplier,STANDARD,5771,JAAA-Directorate of Social Care and Health Services
RBC Legal Entity,2021/08/10,4580849,255389,RADIS COMMUNITY CARE,PS Acquired Community Services,1064,Purchased Care,Third Party Supplier,STANDARD,5771,JAAA-Directorate of Social Care and Health Services
RBC Legal Entity,2021/08/10,4580850,255389,RADIS COMMUNITY CARE,PS Acquired Community Services,1168.5,Purchased Care,Third Party Supplier,STANDARD,5771,JAAA-Directorate of Social Care and Health Services
RBC Legal Entity,2021/08/10,4580851,255389,RADIS COMMUNITY CARE,PS Acquired Community Services,722,Purchased Care,Third Party Supplier,STANDARD,5771,JAAA-Directorate of Social Care and Health Services
RBC Legal Entity,2021/08/10,4580854,255389,RADIS COMMUNITY CARE,PS Lifelong Community Services,583.68,Purchased Care,Third Party Supplier,STANDARD,5781,JAAA-Directorate of Social Care and Health Services
RBC Legal Entity,2021/08/10,4580856,255389,RADIS COMMUNITY CARE,PS Acquired Community Services,532,Purchased Care,Third Party Supplier,STANDARD,5771,JAAA-Directorate of Social Care and Health Services
RBC Legal Entity,2021/08/10,4580858,255389,RADIS COMMUNITY CARE,PS Acquired Community Services,532,Purchased Care,Third Party Supplier,STANDARD,5771,JAAA-Directorate of Social Care and Health Services
RBC Legal Entity,2021/08/10,4580859,255389,RADIS COMMUNITY CARE,M&C Acquired Community Services,583.68,Purchased Care,Third Party Supplier,STANDARD,5751,JAAA-Directorate of Social Care and Health Services
RBC Legal Entity,2021/08/10,4580861,255389,RADIS COMMUNITY CARE,PS Acquired Community Services,570,Purchased Care,Third Party Supplier,STANDARD,5771,JAAA-Directorate of Social Care and Health Services
RBC Legal Entity,2021/08/10,4580862,255389,RADIS COMMUNITY CARE,M&C Acquired Community Services,1197,Purchased Care,Third Party Supplier,STANDARD,5751,JAAA-Directorate of Social Care and Health Services
RBC Legal Entity,2021/08/10,4580863,255389,RADIS COMMUNITY CARE,PS Acquired Community Services,2352.96,Purchased Care,Third Party Supplier,STANDARD,5771,JAAA-Directorate of Social Care and Health Services
RBC Legal Entity,2021/08/10,4580864,255389,RADIS COMMUNITY CARE,PS Acquired Community Services,931,Purchased Care,Third Party Supplier,STANDARD,5771,JAAA-Directorate of Social Care and Health Services
RBC Legal Entity,2021/08/10,4580865,255389,RADIS COMMUNITY CARE,PS Acquired Community Services,1064,Purchased Care,Third Party Supplier,STANDARD,5771,JAAA-Directorate of Social Care and Health Services
RBC Legal Entity,2021/08/10,4580869,255389,RADIS COMMUNITY CARE,PS Acquired Community Services,1064,Purchased Care,Third Party Supplier,STANDARD,5771,JAAA-Directorate of Social Care and Health Services
RBC Legal Entity,2021/08/10,4580871,255389,RADIS COMMUNITY CARE,PS Acquired Community Services,1185.6,Purchased Care,Third Party Supplier,STANDARD,5771,JAAA-Directorate of Social Care and Health Services
RBC Legal Entity,2021/08/10,4580874,255389,RADIS COMMUNITY CARE,PS Acquired Community Services,1064,Purchased Care,Third Party Supplier,STANDARD,5771,JAAA-Directorate of Social Care and Health Services
RBC Legal Entity,2021/08/10,4580875,255389,RADIS COMMUNITY CARE,LD Community Services,1634,Purchased Care,Third Party Supplier,STANDARD,5741,JAAA-Directorate of Social Care and Health Services
RBC Legal Entity,2021/08/10,4580876,255389,RADIS COMMUNITY CARE,PS Acquired Community Services,1596,Purchased Care,Third Party Supplier,STANDARD,5771,JAAA-Directorate of Social Care and Health Services
RBC Legal Entity,2021/08/10,4580877,255389,RADIS COMMUNITY CARE,PS Acquired Community Services,665,Purchased Care,Third Party Supplier,STANDARD,5771,JAAA-Directorate of Social Care and Health Services
RBC Legal Entity,2021/08/10,4583743,255389,RADIS COMMUNITY CARE,PS Acquired Community Services,2470,Purchased Care,Third Party Supplier,STANDARD,5771,JAAA-Directorate of Social Care and Health Services
RBC Legal Entity,2021/08/10,4583550,255391,ROWVALE HOTELS LTD T/A BOW GUEST HOUSE,Single Homelessness Grants,480,Preventive+SupportiveServ,Third Party Supplier,STANDARD,5860,KAAA-Directorate of Economic Growth and Neighbourhood Services
RBC Legal Entity,2021/08/10,4584412,255395,ALFRED SUTTON PRIMARY SCHOOL,Alfred Sutton Primary,11486.88,Bank Income Holding Code,SUPPLIER,STANDARD,3050,NAAA-Former Directorate of Education and Childrens Services
RBC Legal Entity,2021/08/10,4584430,255396,CAVERSHAM PARK PRIMARY,Caversham Park Primary,6193.75,Bank Income Holding Code,SUPPLIER,STANDARD,3056,NAAA-Former Directorate of Education and Childrens Services
RBC Legal Entity,2021/08/10,4584413,255397,CAVERSHAM PRIMARY,Caversham Primary,8702.5,Bank Income Holding Code,SUPPLIER,STANDARD,3058,NAAA-Former Directorate of Education and Childrens Services
RBC Legal Entity,2021/08/10,4584414,255398,COLEY PRIMARY,Coley Primary,6809.12,Bank Income Holding Code,SUPPLIER,STANDARD,3068,NAAA-Former Directorate of Education and Childrens Services
RBC Legal Entity,2021/08/10,4584415,255399,E P COLLIER PRIMARY,EP Collier Primary,7807,Bank Income Holding Code,Third Party Supplier,STANDARD,3074,NAAA-Former Directorate of Education and Childrens Services
RBC Legal Entity,2021/08/10,4584424,255400,EMMER GREEN PRIMARY,Emmer Green Primary,8668.75,Bank Income Holding Code,SUPPLIER,STANDARD,3070,NAAA-Former Directorate of Education and Childrens Services
RBC Legal Entity,2021/08/10,4584417,255401,GEOFFREY FIELD INFANT SCHOOL,Geoffrey Field Infant,7377.25,Bank Income Holding Code,SUPPLIER,STANDARD,3076,NAAA-Former Directorate of Education and Childrens Services
RBC Legal Entity,2021/08/10,4584416,255402,GEOFFREY FIELD JUNIOR,Geoffrey Field Junior,8027.5,Bank Income Holding Code,SUPPLIER,STANDARD,3078,NAAA-Former Directorate of Education and Childrens Services
RBC Legal Entity,2021/08/10,4584429,255403,KATESGROVE PRIMARY,Katesgrove Primary,11155,Bank Income Holding Code,SUPPLIER,STANDARD,3084,NAAA-Former Directorate of Education and Childrens Services
RBC Legal Entity,2021/08/10,4584432,255404,MANOR PRIMARY,Manor Primary School,7478.27,Bank Income Holding Code,SUPPLIER,STANDARD,3086,NAAA-Former Directorate of Education and Childrens Services
RBC Legal Entity,2021/08/10,4584431,255405,MICKLANDS PRIMARY,Micklands Primary,8308.75,Bank Income Holding Code,SUPPLIER,STANDARD,3088,NAAA-Former Directorate of Education and Childrens Services
RBC Legal Entity,2021/08/10,4584427,255406,MOORLANDS PRIMARY,Moorlands Primary,8662,Bank Income Holding Code,SUPPLIER,STANDARD,3090,NAAA-Former Directorate of Education and Childrens Services
RBC Legal Entity,2021/08/10,4584418,255407,OXFORD ROAD PRIMARY,Oxford Road Primary,6633.62,Bank Income Holding Code,SUPPLIER,STANDARD,3094,NAAA-Former Directorate of Education and Childrens Services
RBC Legal Entity,2021/08/10,4584422,255408,PARK LANE PRIMARY,Park Lane Primary,8640.62,Bank Income Holding Code,SUPPLIER,STANDARD,3096,NAAA-Former Directorate of Education and Childrens Services
RBC Legal Entity,2021/08/10,4584419,255409,REDLANDS PRIMARY,Redlands Primary,6576.25,Bank Income Holding Code,SUPPLIER,STANDARD,3100,NAAA-Former Directorate of Education and Childrens Services
RBC Legal Entity,2021/08/10,4584421,255410,THE RIDGEWAY PRIMARY,The Ridgeway Primary,8866.75,Bank Income Holding Code,SUPPLIER,STANDARD,3118,NAAA-Former Directorate of Education and Childrens Services
RBC Legal Entity,2021/08/10,4584425,255411,SOUTHCOTE PRIMARY,Southcote Primary,10851.25,Bank Income Holding Code,SUPPLIER,STANDARD,3102,NAAA-Former Directorate of Education and Childrens Services
RBC Legal Entity,2021/08/10,4584426,255412,ST MICHAELS PRIMARY,St Michael's Primary,8680,Bank Income Holding Code,SUPPLIER,STANDARD,3112,NAAA-Former Directorate of Education and Childrens Services
RBC Legal Entity,2021/08/10,4584428,255413,THAMESIDE PRIMARY SCHOOL,Thameside Primary,8533.75,Bank Income Holding Code,SUPPLIER,STANDARD,3114,NAAA-Former Directorate of Education and Childrens Services
RBC Legal Entity,2021/08/10,4584423,255414,WILSON PRIMARY,Wilson Primary,9020.42,Bank Income Holding Code,SUPPLIER,STANDARD,3126,NAAA-Former Directorate of Education and Childrens Services
RBC Legal Entity,2021/08/10,4584433,255415,THE HOLY BROOK SCHOOL,The Holy Brook,5620,Bank Income Holding Code,SUPPLIER,STANDARD,3254,NAAA-Former Directorate of Education and Childrens Services
RBC Legal Entity,2021/08/10,4584407,255416,BLAGDON NURSERY,Blagdon Nursery,5444.5,Bank Income Holding Code,SUPPLIER,STANDARD,3000,NAAA-Former Directorate of Education and Childrens Services
RBC Legal Entity,2021/08/10,4584408,255417,BLAGRAVE NURSERY,Blagrave Nursery,4540,Bank Income Holding Code,Third Party Supplier,STANDARD,3002,NAAA-Former Directorate of Education and Childrens Services
RBC Legal Entity,2021/08/10,4584409,255418,CAVERSHAM NURSERY,Caversham Nursery,4513,Bank Income Holding Code,SUPPLIER,STANDARD,3004,NAAA-Former Directorate of Education and Childrens Services
RBC Legal Entity,2021/08/10,4584411,255419,NEW BRIDGE NURSERY SCHOOL,New Bridge Nursery,4715.5,Bank Income Holding Code,SUPPLIER,STANDARD,3006,NAAA-Former Directorate of Education and Childrens Services
RBC Legal Entity,2021/08/10,4584410,255420,NORCOT EARLY YEARS CENTRE,Norcot Nursery,5008.45,Bank Income Holding Code,SUPPLIER,STANDARD,3010,NAAA-Former Directorate of Education and Childrens Services
RBC Legal Entity,2021/08/10,4584347,255422,M & B ELECTRICAL SERVICES,MRA Account,14970,Lifts,SUB-CONTRACTOR,STANDARD,5975,HAAA-Housing Revenue Account
RBC Legal Entity,2021/08/10,4584434,255424,WHITLEY PARK SCHOOL,Whitley Park Primary,10402.38,Bank Income Holding Code,SUPPLIER,STANDARD,3123,NAAA-Former Directorate of Education and Childrens Services
RBC Legal Entity,2021/08/10,4579402,255425,BOLINDA UK LTD,Reading Libraries,1500,Software Licences,SUPPLIER,STANDARD,1400,KAAA-Directorate of Economic Growth and Neighbourhood Services
RBC Legal Entity,2021/08/10,4582979,255428,DNA LEGAL LTD,JLT Disbursements,566,Misc. Legal Expenses,SUPPLIER,STANDARD,2407,LAAA-Directorate of Resources
RBC Legal Entity,2021/08/10,4582241,255429,DIAMOND QUALITY CARE,LD Community Services,1826.08,Purchased Care,SUPPLIER,STANDARD,5741,JAAA-Directorate of Social Care and Health Services
RBC Legal Entity,2021/08/10,4583744,255430,SYLVIANCARE LTD,Sensory Support Community Services,1064,Purchased Care,Third Party Supplier,STANDARD,5711,JAAA-Directorate of Social Care and Health Services
RBC Legal Entity,2021/08/10,4583745,255430,SYLVIANCARE LTD,PS Acquired Community Services,2394,Purchased Care,Third Party Supplier,STANDARD,5771,JAAA-Directorate of Social Care and Health Services
RBC Legal Entity,2021/08/10,4583746,255430,SYLVIANCARE LTD,PS Acquired Community Services,1225.5,Purchased Care,Third Party Supplier,STANDARD,5771,JAAA-Directorate of Social Care and Health Services
RBC Legal Entity,2021/08/10,4583747,255430,SYLVIANCARE LTD,PS Acquired Community Services,744.8,Purchased Care,Third Party Supplier,STANDARD,5771,JAAA-Directorate of Social Care and Health Services
RBC Legal Entity,2021/08/10,4583748,255430,SYLVIANCARE LTD,PS Acquired Community Services,2128,Purchased Care,Third Party Supplier,STANDARD,5771,JAAA-Directorate of Social Care and Health Services
RBC Legal Entity,2021/08/10,4583749,255430,SYLVIANCARE LTD,PS Acquired Community Services,1026,Purchased Care,Third Party Supplier,STANDARD,5771,JAAA-Directorate of Social Care and Health Services
RBC Legal Entity,2021/08/10,4583750,255430,SYLVIANCARE LTD,PS Acquired Community Services,2346.5,Purchased Care,Third Party Supplier,STANDARD,5771,JAAA-Directorate of Social Care and Health Services
RBC Legal Entity,2021/08/10,4583751,255430,SYLVIANCARE LTD,Mental Health Community Services,864.5,Purchased Care,Third Party Supplier,STANDARD,5731,JAAA-Directorate of Social Care and Health Services
RBC Legal Entity,2021/08/10,4583959,255431,SUPERB HEALTHCARE LTD,Mental Health Community Services,900,Purchased Care,Third Party Supplier,STANDARD,5731,JAAA-Directorate of Social Care and Health Services
RBC Legal Entity,2021/08/10,4583961,255431,SUPERB HEALTHCARE LTD,LD Community Services,900,Purchased Care,Third Party Supplier,STANDARD,5741,JAAA-Directorate of Social Care and Health Services
RBC Legal Entity,2021/08/10,4582236,255432,CARE4U WE LTD,Mental Health Community Services,2707.24,Purchased Care,Third Party Supplier,STANDARD,5731,JAAA-Directorate of Social Care and Health Services
RBC Legal Entity,2021/08/10,4582237,255432,CARE4U WE LTD,LD Community Services,3125.84,Purchased Care,Third Party Supplier,STANDARD,5741,JAAA-Directorate of Social Care and Health Services
RBC Legal Entity,2021/08/10,4584350,255433,MODUS CONSTRUCTION LTD,Corporate Maintenance Services,1340,Leasing Costs,SUB-CONTRACTOR,STANDARD,4080,KAAA-Directorate of Economic Growth and Neighbourhood Services
RBC Legal Entity,2021/08/10,4584351,255433,MODUS CONSTRUCTION LTD,Corporate Maintenance Services,45,NNDR Pool,SUB-CONTRACTOR,STANDARD,4080,KAAA-Directorate of Economic Growth and Neighbourhood Services
RBC Legal Entity,2021/08/10,4584351,255433,MODUS CONSTRUCTION LTD,Corporate Maintenance Services,90,NNDR Pool,SUB-CONTRACTOR,STANDARD,4080,KAAA-Directorate of Economic Growth and Neighbourhood Services
RBC Legal Entity,2021/08/10,4584351,255433,MODUS CONSTRUCTION LTD,Corporate Maintenance Services,90,NNDR Pool,SUB-CONTRACTOR,STANDARD,4080,KAAA-Directorate of Economic Growth and Neighbourhood Services
RBC Legal Entity,2021/08/10,4584351,255433,MODUS CONSTRUCTION LTD,Corporate Maintenance Services,120,NNDR Pool,SUB-CONTRACTOR,STANDARD,4080,KAAA-Directorate of Economic Growth and Neighbourhood Services
RBC Legal Entity,2021/08/10,4584351,255433,MODUS CONSTRUCTION LTD,Corporate Maintenance Services,160,NNDR Pool,SUB-CONTRACTOR,STANDARD,4080,KAAA-Directorate of Economic Growth and Neighbourhood Services
RBC Legal Entity,2021/08/10,4584351,255433,MODUS CONSTRUCTION LTD,Corporate Maintenance Services,280,NNDR Pool,SUB-CONTRACTOR,STANDARD,4080,KAAA-Directorate of Economic Growth and Neighbourhood Services
RBC Legal Entity,2021/08/10,4584351,255433,MODUS CONSTRUCTION LTD,Corporate Maintenance Services,550,NNDR Pool,SUB-CONTRACTOR,STANDARD,4080,KAAA-Directorate of Economic Growth and Neighbourhood Services
RBC Legal Entity,2021/08/10,4584351,255433,MODUS CONSTRUCTION LTD,Corporate Maintenance Services,660,NNDR Pool,SUB-CONTRACTOR,STANDARD,4080,KAAA-Directorate of Economic Growth and Neighbourhood Services
RBC Legal Entity,2021/08/10,4584351,255433,MODUS CONSTRUCTION LTD,Corporate Maintenance Services,964,NNDR Pool,SUB-CONTRACTOR,STANDARD,4080,KAAA-Directorate of Economic Growth and Neighbourhood Services
RBC Legal Entity,2021/08/10,4584362,255433,MODUS CONSTRUCTION LTD,Corporate Maintenance Services,418,NNDR Pool,SUB-CONTRACTOR,STANDARD,4080,KAAA-Directorate of Economic Growth and Neighbourhood Services
RBC Legal Entity,2021/08/10,4582658,255435,WILLIAMS COMMERCE LTD,Cultural Services Marketing,750,PurchaseComputer Equipt,SUPPLIER,STANDARD,1235,KAAA-Directorate of Economic Growth and Neighbourhood Services
RBC Legal Entity,2021/08/10,4582658,255435,WILLIAMS COMMERCE LTD,Town Hall Operations,750,PurchaseComputer Equipt,SUPPLIER,STANDARD,1210,KAAA-Directorate of Economic Growth and Neighbourhood Services
RBC Legal Entity,2021/08/10,4584334,255437,JETT TRADE LTD,Refuse Collection,4000,Household Waste,Third Party Supplier,STANDARD,4561,KAAA-Directorate of Economic Growth and Neighbourhood Services
RBC Legal Entity,2021/08/10,4584336,255437,JETT TRADE LTD,Refuse Collection,8900,Household Waste,Third Party Supplier,STANDARD,4561,KAAA-Directorate of Economic Growth and Neighbourhood Services
RBC Legal Entity,2021/08/10,4584339,255437,JETT TRADE LTD,Refuse Collection,4000,Household Waste,Third Party Supplier,STANDARD,4561,KAAA-Directorate of Economic Growth and Neighbourhood Services
RBC Legal Entity,2021/08/10,4584340,255437,JETT TRADE LTD,Refuse Collection,2000,Household Waste,Third Party Supplier,STANDARD,4561,KAAA-Directorate of Economic Growth and Neighbourhood Services
RBC Legal Entity,2021/08/10,4560746,255440,SERVELEC SOCIAL CARE LIMITED,Future ICT operating model,4500,IT - Costs/Equipment,Third Party Supplier,STANDARD,8636,ZZZC-Capital
RBC Legal Entity,2021/08/10,4584376,255442,RICHMOND FELLOWSHIP,JLT Disbursements,3600,Misc. Legal Expenses,Third Party Supplier,STANDARD,2407,LAAA-Directorate of Resources
RBC Legal Entity,2021/08/11,4577942,255443,DRAIN & ABLE,Corporate Maintenance Services,620,Leasing Costs,Third Party Supplier,STANDARD,4080,KAAA-Directorate of Economic Growth and Neighbourhood Services
RBC Legal Entity,2021/08/11,4582898,255444,D J TAYLOR SERVICES LTD,Repairs,572.46,Special Adaptions,Third Party Supplier,STANDARD,5970,HAAA-Housing Revenue Account
RBC Legal Entity,2021/08/11,4584655,255444,D J TAYLOR SERVICES LTD,Private Sector Grants,13483.22,Grants (Paid out by RBC),Third Party Supplier,STANDARD,8500,ZZZC-Capital
RBC Legal Entity,2021/08/11,4582804,255445,MI HUB LIMITED T/AS ALEXANDRA,Community Re-ablement Team,246.21,Uniforms,SUPPLIER,STANDARD,5205,JAAA-Directorate of Social Care and Health Services
RBC Legal Entity,2021/08/11,4582804,255445,MI HUB LIMITED T/AS ALEXANDRA,Community Re-ablement Team,331.11,Uniforms,SUPPLIER,STANDARD,5205,JAAA-Directorate of Social Care and Health Services
RBC Legal Entity,2021/08/11,4582805,255445,MI HUB LIMITED T/AS ALEXANDRA,Community Re-ablement Team,8.49,Uniforms,SUPPLIER,STANDARD,5205,JAAA-Directorate of Social Care and Health Services
RBC Legal Entity,2021/08/11,4582805,255445,MI HUB LIMITED T/AS ALEXANDRA,Community Re-ablement Team,16.98,Uniforms,SUPPLIER,STANDARD,5205,JAAA-Directorate of Social Care and Health Services
RBC Legal Entity,2021/08/11,4582805,255445,MI HUB LIMITED T/AS ALEXANDRA,Community Re-ablement Team,84.9,Uniforms,SUPPLIER,STANDARD,5205,JAAA-Directorate of Social Care and Health Services
RBC Legal Entity,2021/08/11,4582805,255445,MI HUB LIMITED T/AS ALEXANDRA,Community Re-ablement Team,84.9,Uniforms,SUPPLIER,STANDARD,5205,JAAA-Directorate of Social Care and Health Services
RBC Legal Entity,2021/08/11,4582805,255445,MI HUB LIMITED T/AS ALEXANDRA,Community Re-ablement Team,93.39,Uniforms,SUPPLIER,STANDARD,5205,JAAA-Directorate of Social Care and Health Services
RBC Legal Entity,2021/08/11,4582805,255445,MI HUB LIMITED T/AS ALEXANDRA,Community Re-ablement Team,161.31,Uniforms,SUPPLIER,STANDARD,5205,JAAA-Directorate of Social Care and Health Services
RBC Legal Entity,2021/08/11,4582671,255446,AGE UK BERKSHIRE,ASC Voluntary Grants,750,GrantsVolunt.Organ.,SUPPLIER,STANDARD,5300,JAAA-Directorate of Social Care and Health Services
RBC Legal Entity,2021/08/11,4580516,255447,CREATIVE SUPPORT LTD,PS Acquired Community Services,2261,Purchased Care,Third Party Supplier,STANDARD,5771,JAAA-Directorate of Social Care and Health Services
RBC Legal Entity,2021/08/11,4580517,255447,CREATIVE SUPPORT LTD,PS Acquired Community Services,2244,Purchased Care,Third Party Supplier,STANDARD,5771,JAAA-Directorate of Social Care and Health Services
RBC Legal Entity,2021/08/11,4580518,255447,CREATIVE SUPPORT LTD,LD Community Services,561,Purchased Care,Third Party Supplier,STANDARD,5741,JAAA-Directorate of Social Care and Health Services
RBC Legal Entity,2021/08/11,4580520,255447,CREATIVE SUPPORT LTD,PS Acquired Community Services,833,Purchased Care,Third Party Supplier,STANDARD,5771,JAAA-Directorate of Social Care and Health Services
RBC Legal Entity,2021/08/11,4580521,255447,CREATIVE SUPPORT LTD,PS Acquired Community Services,3060,Purchased Care,Third Party Supplier,STANDARD,5771,JAAA-Directorate of Social Care and Health Services
RBC Legal Entity,2021/08/11,4580522,255447,CREATIVE SUPPORT LTD,PS Acquired Community Services,578,Purchased Care,Third Party Supplier,STANDARD,5771,JAAA-Directorate of Social Care and Health Services
RBC Legal Entity,2021/08/11,4580523,255447,CREATIVE SUPPORT LTD,PS Acquired Community Services,837.25,Purchased Care,Third Party Supplier,STANDARD,5771,JAAA-Directorate of Social Care and Health Services
RBC Legal Entity,2021/08/11,4580524,255447,CREATIVE SUPPORT LTD,PS Acquired Community Services,748,Purchased Care,Third Party Supplier,STANDARD,5771,JAAA-Directorate of Social Care and Health Services
RBC Legal Entity,2021/08/11,4580525,255447,CREATIVE SUPPORT LTD,PS Acquired Community Services,595,Purchased Care,Third Party Supplier,STANDARD,5771,JAAA-Directorate of Social Care and Health Services
RBC Legal Entity,2021/08/11,4580526,255447,CREATIVE SUPPORT LTD,PS Acquired Community Services,2023,Purchased Care,Third Party Supplier,STANDARD,5771,JAAA-Directorate of Social Care and Health Services
RBC Legal Entity,2021/08/11,4580527,255447,CREATIVE SUPPORT LTD,PS Acquired Community Services,552.5,Purchased Care,Third Party Supplier,STANDARD,5771,JAAA-Directorate of Social Care and Health Services
RBC Legal Entity,2021/08/11,4580528,255447,CREATIVE SUPPORT LTD,PS Acquired Community Services,1071,Purchased Care,Third Party Supplier,STANDARD,5771,JAAA-Directorate of Social Care and Health Services
RBC Legal Entity,2021/08/11,4580529,255447,CREATIVE SUPPORT LTD,PS Acquired Community Services,1428,Purchased Care,Third Party Supplier,STANDARD,5771,JAAA-Directorate of Social Care and Health Services
RBC Legal Entity,2021/08/11,4580530,255447,CREATIVE SUPPORT LTD,PS Acquired Community Services,1164.5,Purchased Care,Third Party Supplier,STANDARD,5771,JAAA-Directorate of Social Care and Health Services
RBC Legal Entity,2021/08/11,4580544,255447,CREATIVE SUPPORT LTD,PS Acquired Community Services,629,Purchased Care,Third Party Supplier,STANDARD,5771,JAAA-Directorate of Social Care and Health Services
RBC Legal Entity,2021/08/11,4580545,255447,CREATIVE SUPPORT LTD,PS Acquired Community Services,1110,Purchased Care,Third Party Supplier,STANDARD,5771,JAAA-Directorate of Social Care and Health Services
RBC Legal Entity,2021/08/11,4580546,255447,CREATIVE SUPPORT LTD,PS Acquired Community Services,592,Purchased Care,Third Party Supplier,STANDARD,5771,JAAA-Directorate of Social Care and Health Services
RBC Legal Entity,2021/08/11,4580549,255447,CREATIVE SUPPORT LTD,PS Acquired Community Services,2886,Purchased Care,Third Party Supplier,STANDARD,5771,JAAA-Directorate of Social Care and Health Services
RBC Legal Entity,2021/08/11,4580550,255447,CREATIVE SUPPORT LTD,PS Acquired Community Services,1604.88,Purchased Care,Third Party Supplier,STANDARD,5771,JAAA-Directorate of Social Care and Health Services
RBC Legal Entity,2021/08/11,4580552,255447,CREATIVE SUPPORT LTD,Mental Health Community Services,758.5,Purchased Care,Third Party Supplier,STANDARD,5731,JAAA-Directorate of Social Care and Health Services
RBC Legal Entity,2021/08/11,4580553,255447,CREATIVE SUPPORT LTD,PS Acquired Community Services,2534.5,Purchased Care,Third Party Supplier,STANDARD,5771,JAAA-Directorate of Social Care and Health Services
RBC Legal Entity,2021/08/11,4580554,255447,CREATIVE SUPPORT LTD,PS Acquired Community Services,906.5,Purchased Care,Third Party Supplier,STANDARD,5771,JAAA-Directorate of Social Care and Health Services
RBC Legal Entity,2021/08/11,4580556,255447,CREATIVE SUPPORT LTD,PS Acquired Community Services,2460.5,Purchased Care,Third Party Supplier,STANDARD,5771,JAAA-Directorate of Social Care and Health Services
RBC Legal Entity,2021/08/11,4580557,255447,CREATIVE SUPPORT LTD,PS Acquired Community Services,4662,Purchased Care,Third Party Supplier,STANDARD,5771,JAAA-Directorate of Social Care and Health Services
RBC Legal Entity,2021/08/11,4580558,255447,CREATIVE SUPPORT LTD,PS Acquired Community Services,2275.5,Purchased Care,Third Party Supplier,STANDARD,5771,JAAA-Directorate of Social Care and Health Services
RBC Legal Entity,2021/08/11,4580560,255447,CREATIVE SUPPORT LTD,Mental Health Community Services,906.5,Purchased Care,Third Party Supplier,STANDARD,5731,JAAA-Directorate of Social Care and Health Services
RBC Legal Entity,2021/08/11,4580561,255447,CREATIVE SUPPORT LTD,PS Acquired Community Services,888,Purchased Care,Third Party Supplier,STANDARD,5771,JAAA-Directorate of Social Care and Health Services
RBC Legal Entity,2021/08/11,4580562,255447,CREATIVE SUPPORT LTD,PS Acquired Community Services,906.5,Purchased Care,Third Party Supplier,STANDARD,5771,JAAA-Directorate of Social Care and Health Services
RBC Legal Entity,2021/08/11,4580563,255447,CREATIVE SUPPORT LTD,PS Acquired Community Services,518,Purchased Care,Third Party Supplier,STANDARD,5771,JAAA-Directorate of Social Care and Health Services
RBC Legal Entity,2021/08/11,4580457,255448,MISS CECILIA BARRETT,JLT Disbursements,675,Misc. Legal Expenses,SUPPLIER,STANDARD,2407,LAAA-Directorate of Resources
RBC Legal Entity,2021/08/11,4581017,255449,IMPERIAL COLLEGE PROJECTS LTD,Coroner,510,Medical Fees,SUPPLIER,STANDARD,4605,KAAA-Directorate of Economic Growth and Neighbourhood Services
RBC Legal Entity,2021/08/11,4584505,255450,TEAM (ENERGY AUDITING AGENCY LTD),Sustainability,7084.45,Software Support,SUPPLIER,STANDARD,2026,KAAA-Directorate of Economic Growth and Neighbourhood Services
RBC Legal Entity,2021/08/11,4583816,255451,CAREMARK (WEST BERKSHIRE & READING),PS Acquired Community Services,532,Purchased Care,Third Party Supplier,STANDARD,5771,JAAA-Directorate of Social Care and Health Services
RBC Legal Entity,2021/08/11,4583817,255451,CAREMARK (WEST BERKSHIRE & READING),PS Acquired Community Services,665,Purchased Care,Third Party Supplier,STANDARD,5771,JAAA-Directorate of Social Care and Health Services
RBC Legal Entity,2021/08/11,4583819,255451,CAREMARK (WEST BERKSHIRE & READING),PS Acquired Community Services,1482,Purchased Care,Third Party Supplier,STANDARD,5771,JAAA-Directorate of Social Care and Health Services
RBC Legal Entity,2021/08/11,4583820,255451,CAREMARK (WEST BERKSHIRE & READING),PS Acquired Community Services,2660,Purchased Care,Third Party Supplier,STANDARD,5771,JAAA-Directorate of Social Care and Health Services
RBC Legal Entity,2021/08/11,4583821,255451,CAREMARK (WEST BERKSHIRE & READING),PS Acquired Community Services,897.75,Purchased Care,Third Party Supplier,STANDARD,5771,JAAA-Directorate of Social Care and Health Services
RBC Legal Entity,2021/08/11,4583822,255451,CAREMARK (WEST BERKSHIRE & READING),PS Acquired Community Services,2128,Purchased Care,Third Party Supplier,STANDARD,5771,JAAA-Directorate of Social Care and Health Services
RBC Legal Entity,2021/08/11,4583823,255451,CAREMARK (WEST BERKSHIRE & READING),PS Acquired Community Services,2128,Purchased Care,Third Party Supplier,STANDARD,5771,JAAA-Directorate of Social Care and Health Services
RBC Legal Entity,2021/08/11,4583824,255451,CAREMARK (WEST BERKSHIRE & READING),Social Support,1330,Purchased Care,Third Party Supplier,STANDARD,5790,JAAA-Directorate of Social Care and Health Services
RBC Legal Entity,2021/08/11,4583825,255451,CAREMARK (WEST BERKSHIRE & READING),PS Acquired Community Services,798,Purchased Care,Third Party Supplier,STANDARD,5771,JAAA-Directorate of Social Care and Health Services
RBC Legal Entity,2021/08/11,4583829,255451,CAREMARK (WEST BERKSHIRE & READING),PS Acquired Community Services,1349,Purchased Care,Third Party Supplier,STANDARD,5771,JAAA-Directorate of Social Care and Health Services
RBC Legal Entity,2021/08/11,4583830,255451,CAREMARK (WEST BERKSHIRE & READING),PS Acquired Community Services,627,Purchased Care,Third Party Supplier,STANDARD,5771,JAAA-Directorate of Social Care and Health Services
RBC Legal Entity,2021/08/11,4583831,255451,CAREMARK (WEST BERKSHIRE & READING),PS Acquired Community Services,2698,Purchased Care,Third Party Supplier,STANDARD,5771,JAAA-Directorate of Social Care and Health Services
RBC Legal Entity,2021/08/11,4583832,255451,CAREMARK (WEST BERKSHIRE & READING),PS Acquired Community Services,1216,Purchased Care,Third Party Supplier,STANDARD,5771,JAAA-Directorate of Social Care and Health Services
RBC Legal Entity,2021/08/11,4583833,255451,CAREMARK (WEST BERKSHIRE & READING),Mental Health Community Services,1121,Purchased Care,Third Party Supplier,STANDARD,5731,JAAA-Directorate of Social Care and Health Services
RBC Legal Entity,2021/08/11,4583834,255451,CAREMARK (WEST BERKSHIRE & READING),PS Acquired Community Services,2470,Purchased Care,Third Party Supplier,STANDARD,5771,JAAA-Directorate of Social Care and Health Services
RBC Legal Entity,2021/08/11,4583835,255451,CAREMARK (WEST BERKSHIRE & READING),PS Acquired Community Services,665,Purchased Care,Third Party Supplier,STANDARD,5771,JAAA-Directorate of Social Care and Health Services
RBC Legal Entity,2021/08/11,4583836,255451,CAREMARK (WEST BERKSHIRE & READING),PS Acquired Community Services,2650.5,Purchased Care,Third Party Supplier,STANDARD,5771,JAAA-Directorate of Social Care and Health Services
RBC Legal Entity,2021/08/11,4583837,255451,CAREMARK (WEST BERKSHIRE & READING),PS Acquired Community Services,1591.25,Purchased Care,Third Party Supplier,STANDARD,5771,JAAA-Directorate of Social Care and Health Services
RBC Legal Entity,2021/08/11,4583838,255451,CAREMARK (WEST BERKSHIRE & READING),PS Acquired Community Services,931,Purchased Care,Third Party Supplier,STANDARD,5771,JAAA-Directorate of Social Care and Health Services
RBC Legal Entity,2021/08/11,4583839,255451,CAREMARK (WEST BERKSHIRE & READING),PS Acquired Community Services,798,Purchased Care,Third Party Supplier,STANDARD,5771,JAAA-Directorate of Social Care and Health Services
RBC Legal Entity,2021/08/11,4583840,255451,CAREMARK (WEST BERKSHIRE & READING),PS Acquired Community Services,2698,Purchased Care,Third Party Supplier,STANDARD,5771,JAAA-Directorate of Social Care and Health Services
RBC Legal Entity,2021/08/11,4583841,255451,CAREMARK (WEST BERKSHIRE & READING),PS Acquired Community Services,1463,Purchased Care,Third Party Supplier,STANDARD,5771,JAAA-Directorate of Social Care and Health Services
RBC Legal Entity,2021/08/11,4583842,255451,CAREMARK (WEST BERKSHIRE & READING),PS Acquired Community Services,931,Purchased Care,Third Party Supplier,STANDARD,5771,JAAA-Directorate of Social Care and Health Services
RBC Legal Entity,2021/08/11,4583843,255451,CAREMARK (WEST BERKSHIRE & READING),PS Acquired Community Services,1862,Purchased Care,Third Party Supplier,STANDARD,5771,JAAA-Directorate of Social Care and Health Services
RBC Legal Entity,2021/08/11,4583844,255451,CAREMARK (WEST BERKSHIRE & READING),PS Acquired Community Services,532,Purchased Care,Third Party Supplier,STANDARD,5771,JAAA-Directorate of Social Care and Health Services
RBC Legal Entity,2021/08/11,4584543,255452,WHITLEY PARK SCHOOL,School Grants Holding Account,66732.5,School Transfer Payment,SUPPLIER,STANDARD,3295,NAAA-Former Directorate of Education and Childrens Services
RBC Legal Entity,2021/08/11,4577952,255453,FCC RECYCLING (UK) LTD,Grounds Maintenance,560.17,Parks Tipping,SUPPLIER,STANDARD,1306,KAAA-Directorate of Economic Growth and Neighbourhood Services
RBC Legal Entity,2021/08/11,4577958,255453,FCC RECYCLING (UK) LTD,Refuse Collection,1094.3,Tipping Charge,SUPPLIER,STANDARD,4561,KAAA-Directorate of Economic Growth and Neighbourhood Services
RBC Legal Entity,2021/08/11,4577958,255453,FCC RECYCLING (UK) LTD,Refuse Collection,11859.63,Tipping Charge,SUPPLIER,STANDARD,4561,KAAA-Directorate of Economic Growth and Neighbourhood Services
RBC Legal Entity,2021/08/11,4577959,255453,FCC RECYCLING (UK) LTD,Grounds Maintenance,2802.28,Parks Tipping,SUPPLIER,STANDARD,1306,KAAA-Directorate of Economic Growth and Neighbourhood Services
RBC Legal Entity,2021/08/11,4582952,255455,IMAGE BOX DESIGN LTD,Events & Engagement,750,Special Activities,Third Party Supplier,STANDARD,2080,EAAA-Chief Executive
RBC Legal Entity,2021/08/11,4582171,255456,M&D SERVICES,Grounds Maintenance,665,TPP to Others,SUB-CONTRACTOR,STANDARD,1306,KAAA-Directorate of Economic Growth and Neighbourhood Services
RBC Legal Entity,2021/08/11,4582171,255456,M&D SERVICES,Grounds Maintenance,790,TPP to Others,SUB-CONTRACTOR,STANDARD,1306,KAAA-Directorate of Economic Growth and Neighbourhood Services
RBC Legal Entity,2021/08/11,4577923,255459,NLC NOVA LIFT CO LTD,FM R&M Car Parks,73.09,Subcontractors Labour,SUB-CONTRACTOR,STANDARD,4081,KAAA-Directorate of Economic Growth and Neighbourhood Services
RBC Legal Entity,2021/08/11,4577923,255459,NLC NOVA LIFT CO LTD,FM R&M Car Parks,92.83,Subcontractors Labour,SUB-CONTRACTOR,STANDARD,4081,KAAA-Directorate of Economic Growth and Neighbourhood Services
RBC Legal Entity,2021/08/11,4577923,255459,NLC NOVA LIFT CO LTD,Corporate Maintenance Services,93.59,Leasing Costs,SUB-CONTRACTOR,STANDARD,4080,KAAA-Directorate of Economic Growth and Neighbourhood Services
RBC Legal Entity,2021/08/11,4577923,255459,NLC NOVA LIFT CO LTD,Corporate Maintenance Services,594.29,Precepts,SUB-CONTRACTOR,STANDARD,4080,KAAA-Directorate of Economic Growth and Neighbourhood Services
RBC Legal Entity,2021/08/11,4577923,255459,NLC NOVA LIFT CO LTD,Corporate Maintenance Services,703.51,Leasing Costs,SUB-CONTRACTOR,STANDARD,4080,KAAA-Directorate of Economic Growth and Neighbourhood Services
RBC Legal Entity,2021/08/11,4577923,255459,NLC NOVA LIFT CO LTD,Repairs,1392.06,Essential Cyclical Insp. + Mai,SUB-CONTRACTOR,STANDARD,5970,HAAA-Housing Revenue Account
RBC Legal Entity,2021/08/11,4577923,255459,NLC NOVA LIFT CO LTD,Repairs,2104.28,Essential Cyclical Insp. + Mai,SUB-CONTRACTOR,STANDARD,5970,HAAA-Housing Revenue Account
RBC Legal Entity,2021/08/11,4577933,255459,NLC NOVA LIFT CO LTD,FM R&M Car Parks,96.91,Subcontractors Labour,SUB-CONTRACTOR,STANDARD,4081,KAAA-Directorate of Economic Growth and Neighbourhood Services
RBC Legal Entity,2021/08/11,4577933,255459,NLC NOVA LIFT CO LTD,FM R&M Car Parks,123.08,Subcontractors Labour,SUB-CONTRACTOR,STANDARD,4081,KAAA-Directorate of Economic Growth and Neighbourhood Services
RBC Legal Entity,2021/08/11,4577933,255459,NLC NOVA LIFT CO LTD,Corporate Maintenance Services,124.09,Leasing Costs,SUB-CONTRACTOR,STANDARD,4080,KAAA-Directorate of Economic Growth and Neighbourhood Services
RBC Legal Entity,2021/08/11,4577933,255459,NLC NOVA LIFT CO LTD,Corporate Maintenance Services,787.97,Precepts,SUB-CONTRACTOR,STANDARD,4080,KAAA-Directorate of Economic Growth and Neighbourhood Services
RBC Legal Entity,2021/08/11,4577933,255459,NLC NOVA LIFT CO LTD,Corporate Maintenance Services,932.78,Leasing Costs,SUB-CONTRACTOR,STANDARD,4080,KAAA-Directorate of Economic Growth and Neighbourhood Services
RBC Legal Entity,2021/08/11,4577933,255459,NLC NOVA LIFT CO LTD,Repairs,1845.74,Essential Cyclical Insp. + Mai,SUB-CONTRACTOR,STANDARD,5970,HAAA-Housing Revenue Account
RBC Legal Entity,2021/08/11,4577933,255459,NLC NOVA LIFT CO LTD,Repairs,2790.06,Essential Cyclical Insp. + Mai,SUB-CONTRACTOR,STANDARD,5970,HAAA-Housing Revenue Account
RBC Legal Entity,2021/08/11,4580453,255462,OLIVER POWELL,JLT Disbursements,650,Misc. Legal Expenses,SUPPLIER,STANDARD,2407,LAAA-Directorate of Resources
RBC Legal Entity,2021/08/11,4580326,255463,BK SAFETY & WORKWEAR LTD,Grounds Maintenance,577.02,Uniforms,SUPPLIER,STANDARD,1306,KAAA-Directorate of Economic Growth and Neighbourhood Services
RBC Legal Entity,2021/08/11,4584631,255469,OLUKEMI ILELABOYE,Guaranteed Rent Scheme,783.77,Rents,SUPPLIER,STANDARD,5872,KAAA-Directorate of Economic Growth and Neighbourhood Services
RBC Legal Entity,2021/08/11,4584623,255472,JUAN D'COSTA,Guaranteed Rent Scheme,880.53,Rents,SUPPLIER,STANDARD,5872,KAAA-Directorate of Economic Growth and Neighbourhood Services
RBC Legal Entity,2021/08/11,4584619,255473,P J CHANCE,Guaranteed Rent Scheme,694.59,Rents,Landlord,STANDARD,5872,KAAA-Directorate of Economic Growth and Neighbourhood Services
RBC Legal Entity,2021/08/11,4582381,255474,VINYL GRAPHICS LIMITED,Test and Trace,1218,Publicity & Media Work,SUPPLIER,STANDARD,2068,JAAA-Directorate of Social Care and Health Services
RBC Legal Entity,2021/08/11,4581862,255475,WELCOME TRANSLATION EXPERTS LTD,JLT Disbursements,1600,Misc. Legal Expenses,Third Party Supplier,STANDARD,2407,LAAA-Directorate of Resources
RBC Legal Entity,2021/08/11,4584626,255476,SAMIDHA MALHOTRA,Guaranteed Rent Scheme,962.47,Rents,Landlord,STANDARD,5872,KAAA-Directorate of Economic Growth and Neighbourhood Services
RBC Legal Entity,2021/08/11,4574776,255477,NETWORK MERCHANTS LIMITED,Parking & Enforcement,661.35,Credit Card Commission,SUPPLIER,STANDARD,4725,KAAA-Directorate of Economic Growth and Neighbourhood Services
RBC Legal Entity,2021/08/11,4574776,255477,NETWORK MERCHANTS LIMITED,Parking & Enforcement,661.35,Credit Card Commission,SUPPLIER,STANDARD,4725,KAAA-Directorate of Economic Growth and Neighbourhood Services
RBC Legal Entity,2021/08/11,4584632,255480,FINEWAYS PROPERTY LTD,Guaranteed Rent Scheme,1236.1,Rents,Landlord,STANDARD,5872,KAAA-Directorate of Economic Growth and Neighbourhood Services
RBC Legal Entity,2021/08/11,4580612,255482,NEW BEGINNINGS NORTH EAST LTD,LD Community Services,4560.24,Purchased Care,Third Party Supplier,STANDARD,5741,JAAA-Directorate of Social Care and Health Services
RBC Legal Entity,2021/08/11,4578118,255487,NOMINET UK,IT Management,5,Contract  Other,Third Party Supplier,STANDARD,2300,LAAA-Directorate of Resources
RBC Legal Entity,2021/08/11,4578118,255487,NOMINET UK,IT Management,69.63,Contract  Other,Third Party Supplier,STANDARD,2300,LAAA-Directorate of Resources
RBC Legal Entity,2021/08/11,4578118,255487,NOMINET UK,IT Management,691.31,Contract  Other,Third Party Supplier,STANDARD,2300,LAAA-Directorate of Resources
RBC Legal Entity,2021/08/11,4584627,255488,BRIJ BHARATI AND ALKA BAHUGUNA,Guaranteed Rent Scheme,870.86,Rents,Landlord,STANDARD,5872,KAAA-Directorate of Economic Growth and Neighbourhood Services
RBC Legal Entity,2021/08/11,4584541,255491,THE HILL PRIMARY SCHOOL,School Grants Holding Account,8820,School Transfer Payment,SUPPLIER,STANDARD,3295,NAAA-Former Directorate of Education and Childrens Services
RBC Legal Entity,2021/08/11,4564514,255493,M&R SERVICES,Repairs,780,Roofs + Structural,SUB-CONTRACTOR,STANDARD,5970,HAAA-Housing Revenue Account
RBC Legal Entity,2021/08/11,4582568,255494,ROBINSON TRANSPORT & REMOVALS LTD,Repairs,740,Feasibility Studies,SUPPLIER,STANDARD,5970,HAAA-Housing Revenue Account
RBC Legal Entity,2021/08/11,4584233,255495,PITNEY BOWES LTD,Post Room,22,Postage Carriage Stamp Duty,SUPPLIER,STANDARD,2585,KAAA-Directorate of Economic Growth and Neighbourhood Services
RBC Legal Entity,2021/08/11,4584233,255495,PITNEY BOWES LTD,Post Room,9670.3,Postage Carriage Stamp Duty,SUPPLIER,STANDARD,2585,KAAA-Directorate of Economic Growth and Neighbourhood Services
RBC Legal Entity,2021/08/11,4579540,255496,ACTIVE ASSISTANCE,PS Acquired Community Services,634.34,Purchased Care,SUPPLIER,STANDARD,5771,JAAA-Directorate of Social Care and Health Services
RBC Legal Entity,2021/08/11,4584565,255497,WSP UK LTD,LEP Projects,4186.45,Contractors,SUPPLIER,STANDARD,8806,ZZZC-Capital
RBC Legal Entity,2021/08/11,4584566,255497,WSP UK LTD,LEP Projects,2880.75,Contractors,SUPPLIER,STANDARD,8806,ZZZC-Capital
RBC Legal Entity,2021/08/11,4584372,255499,ASKEWS & HOLTS LIBRARY SERVICES LTD,General Reference,289.21,Adult Non Fiction Books,SUPPLIER,STANDARD,1454,KAAA-Directorate of Economic Growth and Neighbourhood Services
RBC Legal Entity,2021/08/11,4584372,255499,ASKEWS & HOLTS LIBRARY SERVICES LTD,General Reference,432.03,Childrens Stock,SUPPLIER,STANDARD,1454,KAAA-Directorate of Economic Growth and Neighbourhood Services
RBC Legal Entity,2021/08/11,4584372,255499,ASKEWS & HOLTS LIBRARY SERVICES LTD,General Reference,525.01,Adult Fiction Books,SUPPLIER,STANDARD,1454,KAAA-Directorate of Economic Growth and Neighbourhood Services
RBC Legal Entity,2021/08/11,4582110,255500,BELLSTAN LIMITED,Civil Engineering,1872.93,H.M.Road Markings,SUB-CONTRACTOR,STANDARD,4550,KAAA-Directorate of Economic Growth and Neighbourhood Services
RBC Legal Entity,2021/08/11,4584488,255503,GAS CALL SERVICES LTD,MRA Account,121270.92,Feasibility Studies,SUB-CONTRACTOR,STANDARD,5975,HAAA-Housing Revenue Account
RBC Legal Entity,2021/08/11,4584630,255504,MARK COOMBES,Guaranteed Rent Scheme,664.06,Rents,Landlord,STANDARD,5872,KAAA-Directorate of Economic Growth and Neighbourhood Services
RBC Legal Entity,2021/08/11,4584625,255505,ANDY MEIGHEN,Guaranteed Rent Scheme,694.59,Rents,Landlord,STANDARD,5872,KAAA-Directorate of Economic Growth and Neighbourhood Services
RBC Legal Entity,2021/08/11,4584387,255506,DR DUNCAN HARRIS,JLT Disbursements,1260,Misc. Legal Expenses,INDIVIDUAL,STANDARD,2407,LAAA-Directorate of Resources
RBC Legal Entity,2021/08/11,4584519,255509,BLESSED HUGH FARINGDON RC SCHOOL,School Grants Holding Account,37006.25,School Transfer Payment,GOVERNMENT,STANDARD,3295,NAAA-Former Directorate of Education and Childrens Services
RBC Legal Entity,2021/08/11,4582954,255515,PANGBOURNE PLANT HIRE LTD,Plaza West,2243,Equipment,SUB-CONTRACTOR,STANDARD,8626,ZZZC-Capital
RBC Legal Entity,2021/08/11,4584517,255516,ALFRED SUTTON PRIMARY SCHOOL,School Grants Holding Account,34875,School Transfer Payment,SUPPLIER,STANDARD,3295,NAAA-Former Directorate of Education and Childrens Services
RBC Legal Entity,2021/08/11,4584518,255517,ALL SAINTS CE INFANTS,School Grants Holding Account,1508.75,School Transfer Payment,GOVERNMENT,STANDARD,3295,NAAA-Former Directorate of Education and Childrens Services
RBC Legal Entity,2021/08/11,4584520,255518,CAVERSHAM PARK PRIMARY,School Grants Holding Account,6052.5,School Transfer Payment,SUPPLIER,STANDARD,3295,NAAA-Former Directorate of Education and Childrens Services
RBC Legal Entity,2021/08/11,4584521,255519,CAVERSHAM PRIMARY,School Grants Holding Account,7638.75,School Transfer Payment,SUPPLIER,STANDARD,3295,NAAA-Former Directorate of Education and Childrens Services
RBC Legal Entity,2021/08/11,4584522,255522,CHRIST THE KING RC PRIMARY,School Grants Holding Account,27236.25,School Transfer Payment,Third Party Supplier,STANDARD,3295,NAAA-Former Directorate of Education and Childrens Services
RBC Legal Entity,2021/08/11,4584523,255523,COLEY PRIMARY,School Grants Holding Account,20252.5,School Transfer Payment,SUPPLIER,STANDARD,3295,NAAA-Former Directorate of Education and Childrens Services
RBC Legal Entity,2021/08/11,4584524,255524,E P COLLIER PRIMARY,School Grants Holding Account,24115,School Transfer Payment,Third Party Supplier,STANDARD,3295,NAAA-Former Directorate of Education and Childrens Services
RBC Legal Entity,2021/08/11,4584525,255525,EMMER GREEN PRIMARY,School Grants Holding Account,9156.25,School Transfer Payment,SUPPLIER,STANDARD,3295,NAAA-Former Directorate of Education and Childrens Services
RBC Legal Entity,2021/08/11,4584526,255526,ENGLISH MARTYRS RC PRIMARY,School Grants Holding Account,20321.25,School Transfer Payment,SUPPLIER,STANDARD,3295,NAAA-Former Directorate of Education and Childrens Services
RBC Legal Entity,2021/08/11,4584527,255527,GEOFFREY FIELD INFANT SCHOOL,School Grants Holding Account,27563.75,School Transfer Payment,SUPPLIER,STANDARD,3295,NAAA-Former Directorate of Education and Childrens Services
RBC Legal Entity,2021/08/11,4584528,255528,GEOFFREY FIELD JUNIOR,School Grants Holding Account,46643.75,School Transfer Payment,SUPPLIER,STANDARD,3295,NAAA-Former Directorate of Education and Childrens Services
RBC Legal Entity,2021/08/11,4584529,255529,KATESGROVE PRIMARY,School Grants Holding Account,31521.25,School Transfer Payment,SUPPLIER,STANDARD,3295,NAAA-Former Directorate of Education and Childrens Services
RBC Legal Entity,2021/08/11,4584530,255530,MANOR PRIMARY,School Grants Holding Account,39168.75,School Transfer Payment,SUPPLIER,STANDARD,3295,NAAA-Former Directorate of Education and Childrens Services
RBC Legal Entity,2021/08/11,4584531,255531,MICKLANDS PRIMARY,School Grants Holding Account,28822.5,School Transfer Payment,SUPPLIER,STANDARD,3295,NAAA-Former Directorate of Education and Childrens Services
RBC Legal Entity,2021/08/11,4584532,255532,MOORLANDS PRIMARY,School Grants Holding Account,56231.25,School Transfer Payment,SUPPLIER,STANDARD,3295,NAAA-Former Directorate of Education and Childrens Services
RBC Legal Entity,2021/08/11,4584533,255533,OXFORD ROAD PRIMARY,School Grants Holding Account,17312.5,School Transfer Payment,SUPPLIER,STANDARD,3295,NAAA-Former Directorate of Education and Childrens Services
RBC Legal Entity,2021/08/11,4584534,255534,PARK LANE PRIMARY,School Grants Holding Account,33185,School Transfer Payment,SUPPLIER,STANDARD,3295,NAAA-Former Directorate of Education and Childrens Services
RBC Legal Entity,2021/08/11,4584535,255535,REDLANDS PRIMARY,School Grants Holding Account,13018.75,School Transfer Payment,SUPPLIER,STANDARD,3295,NAAA-Former Directorate of Education and Childrens Services
RBC Legal Entity,2021/08/11,4584542,255536,THE RIDGEWAY PRIMARY,School Grants Holding Account,49506.25,School Transfer Payment,SUPPLIER,STANDARD,3295,NAAA-Former Directorate of Education and Childrens Services
RBC Legal Entity,2021/08/11,4584536,255537,SOUTHCOTE PRIMARY,School Grants Holding Account,26900,School Transfer Payment,SUPPLIER,STANDARD,3295,NAAA-Former Directorate of Education and Childrens Services
RBC Legal Entity,2021/08/11,4584537,255538,ST ANNES RC PRIMARY,School Grants Holding Account,10923.75,School Transfer Payment,SUPPLIER,STANDARD,3295,NAAA-Former Directorate of Education and Childrens Services
RBC Legal Entity,2021/08/11,4584538,255539,ST MARTINS RC PRIMARY,School Grants Holding Account,2690,School Transfer Payment,GOVERNMENT,STANDARD,3295,NAAA-Former Directorate of Education and Childrens Services
RBC Legal Entity,2021/08/11,4584539,255540,ST MICHAELS PRIMARY,School Grants Holding Account,42263.75,School Transfer Payment,SUPPLIER,STANDARD,3295,NAAA-Former Directorate of Education and Childrens Services
RBC Legal Entity,2021/08/11,4584540,255541,THAMESIDE PRIMARY SCHOOL,School Grants Holding Account,29926.25,School Transfer Payment,SUPPLIER,STANDARD,3295,NAAA-Former Directorate of Education and Childrens Services
RBC Legal Entity,2021/08/11,4584544,255542,WILSON PRIMARY,School Grants Holding Account,25882.5,School Transfer Payment,SUPPLIER,STANDARD,3295,NAAA-Former Directorate of Education and Childrens Services
RBC Legal Entity,2021/08/11,4584545,255543,THE HOLY BROOK SCHOOL,School Grants Holding Account,6975,School Transfer Payment,SUPPLIER,STANDARD,3295,NAAA-Former Directorate of Education and Childrens Services
RBC Legal Entity,2021/08/11,4583593,255544,HAGS-SMP LIMITED,Parks + Open Spaces,26,Contractors,SUB-CONTRACTOR,STANDARD,8003,ZZZC-Capital
RBC Legal Entity,2021/08/11,4583593,255544,HAGS-SMP LIMITED,Parks + Open Spaces,156,Contractors,SUB-CONTRACTOR,STANDARD,8003,ZZZC-Capital
RBC Legal Entity,2021/08/11,4583593,255544,HAGS-SMP LIMITED,Parks + Open Spaces,158,Contractors,SUB-CONTRACTOR,STANDARD,8003,ZZZC-Capital
RBC Legal Entity,2021/08/11,4583593,255544,HAGS-SMP LIMITED,Parks + Open Spaces,176.62,Contractors,SUB-CONTRACTOR,STANDARD,8003,ZZZC-Capital
RBC Legal Entity,2021/08/11,4583593,255544,HAGS-SMP LIMITED,Parks + Open Spaces,252.3,Contractors,SUB-CONTRACTOR,STANDARD,8003,ZZZC-Capital
RBC Legal Entity,2021/08/11,4583593,255544,HAGS-SMP LIMITED,Parks + Open Spaces,255.11,Contractors,SUB-CONTRACTOR,STANDARD,8003,ZZZC-Capital
RBC Legal Entity,2021/08/11,4583593,255544,HAGS-SMP LIMITED,Parks + Open Spaces,276,Contractors,SUB-CONTRACTOR,STANDARD,8003,ZZZC-Capital
RBC Legal Entity,2021/08/11,4583593,255544,HAGS-SMP LIMITED,Parks + Open Spaces,386.87,Contractors,SUB-CONTRACTOR,STANDARD,8003,ZZZC-Capital
RBC Legal Entity,2021/08/11,4583593,255544,HAGS-SMP LIMITED,Parks + Open Spaces,400,Contractors,SUB-CONTRACTOR,STANDARD,8003,ZZZC-Capital
RBC Legal Entity,2021/08/11,4583593,255544,HAGS-SMP LIMITED,Parks + Open Spaces,94576.68,Contractors,SUB-CONTRACTOR,STANDARD,8003,ZZZC-Capital
RBC Legal Entity,2021/08/11,4583593,255544,HAGS-SMP LIMITED,Parks + Open Spaces,97913.1,Contractors,SUB-CONTRACTOR,STANDARD,8003,ZZZC-Capital
RBC Legal Entity,2021/08/11,4584507,255545,APSE,Sustainability,2280,Subscriptions,Third Party Supplier,STANDARD,2026,KAAA-Directorate of Economic Growth and Neighbourhood Services
RBC Legal Entity,2021/08/11,4560607,255546,DIGNITY FUNERALS LTD,Crematorium,1182,TPP to Others,SUPPLIER,STANDARD,4606,LAAA-Directorate of Resources
RBC Legal Entity,2021/08/11,4579410,255547,MCH HANDLING,Plaza West,1845,Equipment,SUPPLIER,STANDARD,8626,ZZZC-Capital
RBC Legal Entity,2021/08/11,4546988,255550,MAIDEN ERLEGH TRUST ,Primary School Delegated Budget (DSG),14666,School Transfer Payment,Third Party Supplier,STANDARD,3140,NAAA-Former Directorate of Education and Childrens Services
RBC Legal Entity,2021/08/11,4577888,255552,COUNTY PUMPS LTD,Corporate Maintenance Services,600.8,Leasing Costs,SUPPLIER,STANDARD,4080,KAAA-Directorate of Economic Growth and Neighbourhood Services
RBC Legal Entity,2021/08/11,4582365,255553,TROWERS & HAMLINS,SHGs _ Social Housing Grants,1026,External Fees  Misc.,SUPPLIER,STANDARD,8501,ZZZC-Capital
RBC Legal Entity,2021/08/11,4584628,255554,RNR PROPERTIES LTD,Guaranteed Rent Scheme,1373.44,Rents,SUPPLIER,STANDARD,5872,KAAA-Directorate of Economic Growth and Neighbourhood Services
RBC Legal Entity,2021/08/11,4584629,255555,HARISH RAICHURA,Guaranteed Rent Scheme,641.16,Rents,Landlord,STANDARD,5872,KAAA-Directorate of Economic Growth and Neighbourhood Services
RBC Legal Entity,2021/08/11,4577940,255557,NSL LIMITED,On Street Pay and Display,905.2,Equipment Purchase & Repair,Third Party Supplier,STANDARD,4727,KAAA-Directorate of Economic Growth and Neighbourhood Services
RBC Legal Entity,2021/08/12,4578104,255561,M&R SERVICES,Repairs,520,Estate Maintenance,SUB-CONTRACTOR,STANDARD,5970,HAAA-Housing Revenue Account
RBC Legal Entity,2021/08/12,4582532,255562,EE LIMITED,IT Management,472,Mobile Phones,SUPPLIER,STANDARD,2300,LAAA-Directorate of Resources
RBC Legal Entity,2021/08/12,4584888,255564,ACTIVE ASSISTANCE,PS Acquired Community Services,952.83,Purchased Care,SUPPLIER,STANDARD,5771,JAAA-Directorate of Social Care and Health Services
RBC Legal Entity,2021/08/12,4584889,255564,ACTIVE ASSISTANCE,PS Acquired Community Services,952.83,Purchased Care,SUPPLIER,STANDARD,5771,JAAA-Directorate of Social Care and Health Services
RBC Legal Entity,2021/08/12,4584890,255564,ACTIVE ASSISTANCE,PS Acquired Community Services,634.34,Purchased Care,SUPPLIER,STANDARD,5771,JAAA-Directorate of Social Care and Health Services
RBC Legal Entity,2021/08/12,4584891,255564,ACTIVE ASSISTANCE,PS Acquired Community Services,634.34,Purchased Care,SUPPLIER,STANDARD,5771,JAAA-Directorate of Social Care and Health Services
RBC Legal Entity,2021/08/12,4584894,255564,ACTIVE ASSISTANCE,PS Acquired Community Services,634.34,Purchased Care,SUPPLIER,STANDARD,5771,JAAA-Directorate of Social Care and Health Services
RBC Legal Entity,2021/08/12,4584895,255564,ACTIVE ASSISTANCE,PS Acquired Community Services,634.34,Purchased Care,SUPPLIER,STANDARD,5771,JAAA-Directorate of Social Care and Health Services
RBC Legal Entity,2021/08/12,4584896,255564,ACTIVE ASSISTANCE,PS Acquired Community Services,634.34,Purchased Care,SUPPLIER,STANDARD,5771,JAAA-Directorate of Social Care and Health Services
RBC Legal Entity,2021/08/12,4584897,255564,ACTIVE ASSISTANCE,PS Acquired Community Services,634.34,Purchased Care,SUPPLIER,STANDARD,5771,JAAA-Directorate of Social Care and Health Services
RBC Legal Entity,2021/08/12,4584898,255564,ACTIVE ASSISTANCE,PS Acquired Community Services,634.34,Purchased Care,SUPPLIER,STANDARD,5771,JAAA-Directorate of Social Care and Health Services
RBC Legal Entity,2021/08/12,4584899,255564,ACTIVE ASSISTANCE,PS Acquired Community Services,634.34,Purchased Care,SUPPLIER,STANDARD,5771,JAAA-Directorate of Social Care and Health Services
RBC Legal Entity,2021/08/12,4584900,255564,ACTIVE ASSISTANCE,PS Acquired Community Services,634.34,Purchased Care,SUPPLIER,STANDARD,5771,JAAA-Directorate of Social Care and Health Services
RBC Legal Entity,2021/08/12,4584909,255564,ACTIVE ASSISTANCE,Assets _ General,-90.62,Payments in Advance,SUPPLIER,CREDIT,9885,ZZZB-Balance Sheet
RBC Legal Entity,2021/08/12,4584909,255564,ACTIVE ASSISTANCE,PS Acquired Community Services,634.34,Purchased Care,SUPPLIER,STANDARD,5771,JAAA-Directorate of Social Care and Health Services
RBC Legal Entity,2021/08/12,4584954,255564,ACTIVE ASSISTANCE,PS Acquired Community Services,634.34,Purchased Care,SUPPLIER,STANDARD,5771,JAAA-Directorate of Social Care and Health Services
RBC Legal Entity,2021/08/12,4584955,255564,ACTIVE ASSISTANCE,PS Acquired Community Services,634.34,Purchased Care,SUPPLIER,STANDARD,5771,JAAA-Directorate of Social Care and Health Services
RBC Legal Entity,2021/08/12,4584956,255564,ACTIVE ASSISTANCE,PS Acquired Community Services,634.34,Purchased Care,SUPPLIER,STANDARD,5771,JAAA-Directorate of Social Care and Health Services
RBC Legal Entity,2021/08/12,4584957,255564,ACTIVE ASSISTANCE,PS Acquired Community Services,952.83,Purchased Care,SUPPLIER,STANDARD,5771,JAAA-Directorate of Social Care and Health Services
RBC Legal Entity,2021/08/12,4584958,255564,ACTIVE ASSISTANCE,PS Acquired Community Services,634.34,Purchased Care,SUPPLIER,STANDARD,5771,JAAA-Directorate of Social Care and Health Services
RBC Legal Entity,2021/08/12,4584959,255564,ACTIVE ASSISTANCE,PS Acquired Community Services,952.83,Purchased Care,SUPPLIER,STANDARD,5771,JAAA-Directorate of Social Care and Health Services
RBC Legal Entity,2021/08/12,4584961,255564,ACTIVE ASSISTANCE,PS Acquired Community Services,952.83,Purchased Care,SUPPLIER,STANDARD,5771,JAAA-Directorate of Social Care and Health Services
RBC Legal Entity,2021/08/12,4584962,255564,ACTIVE ASSISTANCE,PS Acquired Community Services,544.47,Purchased Care,SUPPLIER,STANDARD,5771,JAAA-Directorate of Social Care and Health Services
RBC Legal Entity,2021/08/12,4584963,255564,ACTIVE ASSISTANCE,PS Acquired Community Services,634.34,Purchased Care,SUPPLIER,STANDARD,5771,JAAA-Directorate of Social Care and Health Services
RBC Legal Entity,2021/08/12,4584964,255564,ACTIVE ASSISTANCE,PS Acquired Community Services,952.83,Purchased Care,SUPPLIER,STANDARD,5771,JAAA-Directorate of Social Care and Health Services
RBC Legal Entity,2021/08/12,4584965,255564,ACTIVE ASSISTANCE,PS Acquired Community Services,952.83,Purchased Care,SUPPLIER,STANDARD,5771,JAAA-Directorate of Social Care and Health Services
RBC Legal Entity,2021/08/12,4584966,255564,ACTIVE ASSISTANCE,PS Acquired Community Services,952.83,Purchased Care,SUPPLIER,STANDARD,5771,JAAA-Directorate of Social Care and Health Services
RBC Legal Entity,2021/08/12,4584967,255564,ACTIVE ASSISTANCE,PS Acquired Community Services,952.83,Purchased Care,SUPPLIER,STANDARD,5771,JAAA-Directorate of Social Care and Health Services
RBC Legal Entity,2021/08/12,4584968,255564,ACTIVE ASSISTANCE,PS Acquired Community Services,952.83,Purchased Care,SUPPLIER,STANDARD,5771,JAAA-Directorate of Social Care and Health Services
RBC Legal Entity,2021/08/12,4584970,255564,ACTIVE ASSISTANCE,PS Acquired Community Services,634.34,Purchased Care,SUPPLIER,STANDARD,5771,JAAA-Directorate of Social Care and Health Services
RBC Legal Entity,2021/08/12,4584971,255564,ACTIVE ASSISTANCE,PS Acquired Community Services,952.83,Purchased Care,SUPPLIER,STANDARD,5771,JAAA-Directorate of Social Care and Health Services
RBC Legal Entity,2021/08/12,4584972,255564,ACTIVE ASSISTANCE,PS Acquired Community Services,952.83,Purchased Care,SUPPLIER,STANDARD,5771,JAAA-Directorate of Social Care and Health Services
RBC Legal Entity,2021/08/12,4584973,255564,ACTIVE ASSISTANCE,PS Acquired Community Services,952.83,Purchased Care,SUPPLIER,STANDARD,5771,JAAA-Directorate of Social Care and Health Services
RBC Legal Entity,2021/08/12,4584974,255564,ACTIVE ASSISTANCE,PS Acquired Community Services,952.83,Purchased Care,SUPPLIER,STANDARD,5771,JAAA-Directorate of Social Care and Health Services
RBC Legal Entity,2021/08/12,4584975,255564,ACTIVE ASSISTANCE,PS Acquired Community Services,952.83,Purchased Care,SUPPLIER,STANDARD,5771,JAAA-Directorate of Social Care and Health Services
RBC Legal Entity,2021/08/12,4584976,255564,ACTIVE ASSISTANCE,PS Acquired Community Services,952.83,Purchased Care,SUPPLIER,STANDARD,5771,JAAA-Directorate of Social Care and Health Services
RBC Legal Entity,2021/08/12,4584977,255564,ACTIVE ASSISTANCE,PS Acquired Community Services,952.83,Purchased Care,SUPPLIER,STANDARD,5771,JAAA-Directorate of Social Care and Health Services
RBC Legal Entity,2021/08/12,4584978,255564,ACTIVE ASSISTANCE,PS Acquired Community Services,932.48,Purchased Care,SUPPLIER,STANDARD,5771,JAAA-Directorate of Social Care and Health Services
RBC Legal Entity,2021/08/12,4576507,255567,AGRICULTURAL & ESTATE SERVICES,Grounds Maintenance,1145,CPG Maintenance,SUB-CONTRACTOR,STANDARD,1306,KAAA-Directorate of Economic Growth and Neighbourhood Services
RBC Legal Entity,2021/08/12,4583558,255568,LAPLACE BUILDING SOLUTIONS (SOUTH) LIMITED,Repairs,9.22,Essential Cyclical Insp. + Mai,SUB-CONTRACTOR,STANDARD,5970,HAAA-Housing Revenue Account
RBC Legal Entity,2021/08/12,4583558,255568,LAPLACE BUILDING SOLUTIONS (SOUTH) LIMITED,Repairs,9.22,Essential Cyclical Insp. + Mai,SUB-CONTRACTOR,STANDARD,5970,HAAA-Housing Revenue Account
RBC Legal Entity,2021/08/12,4583558,255568,LAPLACE BUILDING SOLUTIONS (SOUTH) LIMITED,Repairs,9.22,Essential Cyclical Insp. + Mai,SUB-CONTRACTOR,STANDARD,5970,HAAA-Housing Revenue Account
RBC Legal Entity,2021/08/12,4583558,255568,LAPLACE BUILDING SOLUTIONS (SOUTH) LIMITED,Repairs,9.22,Essential Cyclical Insp. + Mai,SUB-CONTRACTOR,STANDARD,5970,HAAA-Housing Revenue Account
RBC Legal Entity,2021/08/12,4583558,255568,LAPLACE BUILDING SOLUTIONS (SOUTH) LIMITED,Repairs,18.44,Essential Cyclical Insp. + Mai,SUB-CONTRACTOR,STANDARD,5970,HAAA-Housing Revenue Account
RBC Legal Entity,2021/08/12,4583558,255568,LAPLACE BUILDING SOLUTIONS (SOUTH) LIMITED,Repairs,18.44,Essential Cyclical Insp. + Mai,SUB-CONTRACTOR,STANDARD,5970,HAAA-Housing Revenue Account
RBC Legal Entity,2021/08/12,4583558,255568,LAPLACE BUILDING SOLUTIONS (SOUTH) LIMITED,Repairs,19.24,Essential Cyclical Insp. + Mai,SUB-CONTRACTOR,STANDARD,5970,HAAA-Housing Revenue Account
RBC Legal Entity,2021/08/12,4583558,255568,LAPLACE BUILDING SOLUTIONS (SOUTH) LIMITED,Repairs,46.1,Essential Cyclical Insp. + Mai,SUB-CONTRACTOR,STANDARD,5970,HAAA-Housing Revenue Account
RBC Legal Entity,2021/08/12,4583558,255568,LAPLACE BUILDING SOLUTIONS (SOUTH) LIMITED,Corporate Maintenance Services,67.94,Leasing Costs,SUB-CONTRACTOR,STANDARD,4080,KAAA-Directorate of Economic Growth and Neighbourhood Services
RBC Legal Entity,2021/08/12,4583558,255568,LAPLACE BUILDING SOLUTIONS (SOUTH) LIMITED,Corporate Maintenance Services,67.94,Leasing Costs,SUB-CONTRACTOR,STANDARD,4080,KAAA-Directorate of Economic Growth and Neighbourhood Services
RBC Legal Entity,2021/08/12,4583558,255568,LAPLACE BUILDING SOLUTIONS (SOUTH) LIMITED,Corporate Maintenance Services,67.94,Leasing Costs,SUB-CONTRACTOR,STANDARD,4080,KAAA-Directorate of Economic Growth and Neighbourhood Services
RBC Legal Entity,2021/08/12,4583558,255568,LAPLACE BUILDING SOLUTIONS (SOUTH) LIMITED,Corporate Maintenance Services,67.94,Leasing Costs,SUB-CONTRACTOR,STANDARD,4080,KAAA-Directorate of Economic Growth and Neighbourhood Services
RBC Legal Entity,2021/08/12,4583558,255568,LAPLACE BUILDING SOLUTIONS (SOUTH) LIMITED,Corporate Maintenance Services,120.06,Precepts,SUB-CONTRACTOR,STANDARD,4080,KAAA-Directorate of Economic Growth and Neighbourhood Services
RBC Legal Entity,2021/08/12,4583558,255568,LAPLACE BUILDING SOLUTIONS (SOUTH) LIMITED,Corporate Maintenance Services,120.06,Precepts,SUB-CONTRACTOR,STANDARD,4080,KAAA-Directorate of Economic Growth and Neighbourhood Services
RBC Legal Entity,2021/08/12,4583558,255568,LAPLACE BUILDING SOLUTIONS (SOUTH) LIMITED,Corporate Maintenance Services,120.06,Precepts,SUB-CONTRACTOR,STANDARD,4080,KAAA-Directorate of Economic Growth and Neighbourhood Services
RBC Legal Entity,2021/08/12,4583558,255568,LAPLACE BUILDING SOLUTIONS (SOUTH) LIMITED,Corporate Maintenance Services,120.06,Precepts,SUB-CONTRACTOR,STANDARD,4080,KAAA-Directorate of Economic Growth and Neighbourhood Services
RBC Legal Entity,2021/08/12,4583558,255568,LAPLACE BUILDING SOLUTIONS (SOUTH) LIMITED,Corporate Maintenance Services,135.88,Leasing Costs,SUB-CONTRACTOR,STANDARD,4080,KAAA-Directorate of Economic Growth and Neighbourhood Services
RBC Legal Entity,2021/08/12,4583558,255568,LAPLACE BUILDING SOLUTIONS (SOUTH) LIMITED,Corporate Maintenance Services,135.88,Leasing Costs,SUB-CONTRACTOR,STANDARD,4080,KAAA-Directorate of Economic Growth and Neighbourhood Services
RBC Legal Entity,2021/08/12,4583558,255568,LAPLACE BUILDING SOLUTIONS (SOUTH) LIMITED,Corporate Maintenance Services,141.8,Leasing Costs,SUB-CONTRACTOR,STANDARD,4080,KAAA-Directorate of Economic Growth and Neighbourhood Services
RBC Legal Entity,2021/08/12,4583558,255568,LAPLACE BUILDING SOLUTIONS (SOUTH) LIMITED,Corporate Maintenance Services,240.12,Precepts,SUB-CONTRACTOR,STANDARD,4080,KAAA-Directorate of Economic Growth and Neighbourhood Services
RBC Legal Entity,2021/08/12,4583558,255568,LAPLACE BUILDING SOLUTIONS (SOUTH) LIMITED,Corporate Maintenance Services,240.12,Precepts,SUB-CONTRACTOR,STANDARD,4080,KAAA-Directorate of Economic Growth and Neighbourhood Services
RBC Legal Entity,2021/08/12,4583558,255568,LAPLACE BUILDING SOLUTIONS (SOUTH) LIMITED,Corporate Maintenance Services,250.59,Precepts,SUB-CONTRACTOR,STANDARD,4080,KAAA-Directorate of Economic Growth and Neighbourhood Services
RBC Legal Entity,2021/08/12,4583558,255568,LAPLACE BUILDING SOLUTIONS (SOUTH) LIMITED,Corporate Maintenance Services,339.69,Leasing Costs,SUB-CONTRACTOR,STANDARD,4080,KAAA-Directorate of Economic Growth and Neighbourhood Services
RBC Legal Entity,2021/08/12,4583558,255568,LAPLACE BUILDING SOLUTIONS (SOUTH) LIMITED,Corporate Maintenance Services,600.31,Precepts,SUB-CONTRACTOR,STANDARD,4080,KAAA-Directorate of Economic Growth and Neighbourhood Services
RBC Legal Entity,2021/08/12,4580231,255569,GLENDINING SIGNS LTD,Corporate FM - Office Buildings,3,Equipment Purchase & Repair,SUPPLIER,STANDARD,3738,KAAA-Directorate of Economic Growth and Neighbourhood Services
RBC Legal Entity,2021/08/12,4580231,255569,GLENDINING SIGNS LTD,Corporate FM - Office Buildings,3.3,Equipment Purchase & Repair,SUPPLIER,STANDARD,3738,KAAA-Directorate of Economic Growth and Neighbourhood Services
RBC Legal Entity,2021/08/12,4580231,255569,GLENDINING SIGNS LTD,Corporate FM - Office Buildings,9.75,Equipment Purchase & Repair,SUPPLIER,STANDARD,3738,KAAA-Directorate of Economic Growth and Neighbourhood Services
RBC Legal Entity,2021/08/12,4580231,255569,GLENDINING SIGNS LTD,Corporate FM - Office Buildings,178.74,Equipment Purchase & Repair,SUPPLIER,STANDARD,3738,KAAA-Directorate of Economic Growth and Neighbourhood Services
RBC Legal Entity,2021/08/12,4580231,255569,GLENDINING SIGNS LTD,Corporate FM - Office Buildings,357.48,Equipment Purchase & Repair,SUPPLIER,STANDARD,3738,KAAA-Directorate of Economic Growth and Neighbourhood Services
RBC Legal Entity,2021/08/12,4577914,255576,VODAFONE LIMITED,IT Management,-1160.58,"Internet Connections, etc",SUB-CONTRACTOR,CREDIT,2300,LAAA-Directorate of Resources
RBC Legal Entity,2021/08/12,4577915,255576,VODAFONE LIMITED,IT Management,-448.67,"Internet Connections, etc",SUB-CONTRACTOR,CREDIT,2300,LAAA-Directorate of Resources
RBC Legal Entity,2021/08/12,4584659,255576,VODAFONE LIMITED,IT Management,2059.53,"Internet Connections, etc",SUB-CONTRACTOR,STANDARD,2300,LAAA-Directorate of Resources
RBC Legal Entity,2021/08/12,4584730,255576,VODAFONE LIMITED,IT Management,3613.86,"Internet Connections, etc",SUB-CONTRACTOR,STANDARD,2300,LAAA-Directorate of Resources
RBC Legal Entity,2021/08/12,4578040,255583,CIPFA,Organisational Change Delivery Unit,5850,Consultancy Fees,Third Party Supplier,STANDARD,2005,LAAA-Directorate of Resources
RBC Legal Entity,2021/08/12,4584862,255585,VOYAGE CARE,LD Community Services,2191.36,Purchased Care,Third Party Supplier,STANDARD,5741,JAAA-Directorate of Social Care and Health Services
RBC Legal Entity,2021/08/12,4584863,255585,VOYAGE CARE,LD Community Services,2191.36,Purchased Care,Third Party Supplier,STANDARD,5741,JAAA-Directorate of Social Care and Health Services
RBC Legal Entity,2021/08/12,4584864,255585,VOYAGE CARE,LD Community Services,2191.36,Purchased Care,Third Party Supplier,STANDARD,5741,JAAA-Directorate of Social Care and Health Services
RBC Legal Entity,2021/08/12,4580299,255587,ASRS PRESERVATION LTD,MRA Account,150,Roofs + Structural,SUB-CONTRACTOR,STANDARD,5975,HAAA-Housing Revenue Account
RBC Legal Entity,2021/08/12,4580299,255587,ASRS PRESERVATION LTD,MRA Account,855,Roofs + Structural,SUB-CONTRACTOR,STANDARD,5975,HAAA-Housing Revenue Account
RBC Legal Entity,2021/08/12,4583574,255588,SIMON MILLER,JLT Disbursements,675,Misc. Legal Expenses,SUPPLIER,STANDARD,2407,LAAA-Directorate of Resources
RBC Legal Entity,2021/08/12,4578099,255589,NSL LIMITED,Residents Parking,1776.96,Printing + Duplicating,Third Party Supplier,STANDARD,4723,KAAA-Directorate of Economic Growth and Neighbourhood Services
RBC Legal Entity,2021/08/12,4578099,255589,NSL LIMITED,Bus Lane Enforcement,2909.88,Leasing Costs,Third Party Supplier,STANDARD,4722,KAAA-Directorate of Economic Growth and Neighbourhood Services
RBC Legal Entity,2021/08/12,4578099,255589,NSL LIMITED,Special Parking Area,4259.07,Leasing Costs,Third Party Supplier,STANDARD,4724,KAAA-Directorate of Economic Growth and Neighbourhood Services
RBC Legal Entity,2021/08/12,4578099,255589,NSL LIMITED,Special Parking Area,5573.66,Leasing Costs,Third Party Supplier,STANDARD,4724,KAAA-Directorate of Economic Growth and Neighbourhood Services
RBC Legal Entity,2021/08/12,4578099,255589,NSL LIMITED,Special Parking Area,7293.98,Leasing Costs,Third Party Supplier,STANDARD,4724,KAAA-Directorate of Economic Growth and Neighbourhood Services
RBC Legal Entity,2021/08/12,4578099,255589,NSL LIMITED,Bus Lane Enforcement,8157.95,Leasing Costs,Third Party Supplier,STANDARD,4722,KAAA-Directorate of Economic Growth and Neighbourhood Services
RBC Legal Entity,2021/08/12,4578099,255589,NSL LIMITED,Bus Lane Enforcement,17007.71,Leasing Costs,Third Party Supplier,STANDARD,4722,KAAA-Directorate of Economic Growth and Neighbourhood Services
RBC Legal Entity,2021/08/12,4578101,255589,NSL LIMITED,Special Parking Area,6148.76,Leasing Costs,Third Party Supplier,STANDARD,4724,KAAA-Directorate of Economic Growth and Neighbourhood Services
RBC Legal Entity,2021/08/12,4578101,255589,NSL LIMITED,Bus Lane Enforcement,8999.69,Leasing Costs,Third Party Supplier,STANDARD,4722,KAAA-Directorate of Economic Growth and Neighbourhood Services
RBC Legal Entity,2021/08/12,4578103,255589,NSL LIMITED,Parking & Enforcement,2852.9,Courier/Cash Collection Serv.,Third Party Supplier,STANDARD,4725,KAAA-Directorate of Economic Growth and Neighbourhood Services
RBC Legal Entity,2021/08/12,4578103,255589,NSL LIMITED,On Street Pay and Display,9679.46,Courier/Cash Collection Serv.,Third Party Supplier,STANDARD,4727,KAAA-Directorate of Economic Growth and Neighbourhood Services
RBC Legal Entity,2021/08/12,4579400,255589,NSL LIMITED,Bus Lane Enforcement,1307.47,Leasing Costs,Third Party Supplier,STANDARD,4722,KAAA-Directorate of Economic Growth and Neighbourhood Services
RBC Legal Entity,2021/08/12,4579400,255589,NSL LIMITED,Special Parking Area,1307.48,Leasing Costs,Third Party Supplier,STANDARD,4724,KAAA-Directorate of Economic Growth and Neighbourhood Services
RBC Legal Entity,2021/08/12,4579400,255589,NSL LIMITED,Residents Parking,1307.48,Leasing Costs,Third Party Supplier,STANDARD,4723,KAAA-Directorate of Economic Growth and Neighbourhood Services
RBC Legal Entity,2021/08/12,4579400,255589,NSL LIMITED,Special Parking Area,2137.76,Leasing Costs,Third Party Supplier,STANDARD,4724,KAAA-Directorate of Economic Growth and Neighbourhood Services
RBC Legal Entity,2021/08/12,4579400,255589,NSL LIMITED,On Street Pay and Display,2758.65,Courier/Cash Collection Serv.,Third Party Supplier,STANDARD,4727,KAAA-Directorate of Economic Growth and Neighbourhood Services
RBC Legal Entity,2021/08/12,4579400,255589,NSL LIMITED,On Street Pay and Display,4873.35,EquiptMaintenanceContract,Third Party Supplier,STANDARD,4727,KAAA-Directorate of Economic Growth and Neighbourhood Services
RBC Legal Entity,2021/08/12,4579401,255589,NSL LIMITED,Parking & Enforcement,234.95,Printing + Duplicating,Third Party Supplier,STANDARD,4725,KAAA-Directorate of Economic Growth and Neighbourhood Services
RBC Legal Entity,2021/08/12,4579401,255589,NSL LIMITED,Residents Parking,4921,Printing + Duplicating,Third Party Supplier,STANDARD,4723,KAAA-Directorate of Economic Growth and Neighbourhood Services
RBC Legal Entity,2021/08/12,4580486,255591,MR EDWARD KIRKWOOD,JLT Disbursements,735,Misc. Legal Expenses,Third Party Supplier,STANDARD,2407,LAAA-Directorate of Resources
RBC Legal Entity,2021/08/12,4580499,255591,MR EDWARD KIRKWOOD,JLT Disbursements,675,Misc. Legal Expenses,Third Party Supplier,STANDARD,2407,LAAA-Directorate of Resources
RBC Legal Entity,2021/08/12,4579427,255592,MIRUS PROJECTS LIMITED,Corporate Maintenance Services,446,TPP  Contract,SUB-CONTRACTOR,STANDARD,4080,KAAA-Directorate of Economic Growth and Neighbourhood Services
RBC Legal Entity,2021/08/12,4579429,255592,MIRUS PROJECTS LIMITED,Corporate Maintenance Services,3573,NNDR Pool,SUB-CONTRACTOR,STANDARD,4080,KAAA-Directorate of Economic Growth and Neighbourhood Services
RBC Legal Entity,2021/08/12,4584986,255593,BROOK HOUSE RESIDENTIAL CARE HOME LTD,Mental Health Community Services,1384.28,Purchased Care,Third Party Supplier,STANDARD,5731,JAAA-Directorate of Social Care and Health Services
RBC Legal Entity,2021/08/12,4580420,255594,MI HUB LIMITED T/AS ALEXANDRA,Community Re-ablement Team,314.13,Uniforms,SUPPLIER,STANDARD,5205,JAAA-Directorate of Social Care and Health Services
RBC Legal Entity,2021/08/12,4580420,255594,MI HUB LIMITED T/AS ALEXANDRA,Community Re-ablement Team,382.05,Uniforms,SUPPLIER,STANDARD,5205,JAAA-Directorate of Social Care and Health Services
RBC Legal Entity,2021/08/12,4583568,255596,MISS CECILIA BARRETT,JLT Disbursements,675,Misc. Legal Expenses,SUPPLIER,STANDARD,2407,LAAA-Directorate of Resources
RBC Legal Entity,2021/08/12,4578116,255598,TOTALMOBILE LTD,DLO Housing Building Maintenance (General),497.5,Software Support,Third Party Supplier,STANDARD,4005,KAAA-Directorate of Economic Growth and Neighbourhood Services
RBC Legal Entity,2021/08/12,4580492,255601,VICKY REYNOLDS,JLT Disbursements,550,Misc. Legal Expenses,SUPPLIER,STANDARD,2407,LAAA-Directorate of Resources
RBC Legal Entity,2021/08/12,4580500,255601,VICKY REYNOLDS,JLT Disbursements,600,Misc. Legal Expenses,SUPPLIER,STANDARD,2407,LAAA-Directorate of Resources
RBC Legal Entity,2021/08/12,4580918,255601,VICKY REYNOLDS,JLT Disbursements,550,Misc. Legal Expenses,SUPPLIER,STANDARD,2407,LAAA-Directorate of Resources
RBC Legal Entity,2021/08/12,4580919,255601,VICKY REYNOLDS,JLT Disbursements,200,Misc. Legal Expenses,SUPPLIER,STANDARD,2407,LAAA-Directorate of Resources
RBC Legal Entity,2021/08/12,4580919,255601,VICKY REYNOLDS,JLT Disbursements,650,Misc. Legal Expenses,SUPPLIER,STANDARD,2407,LAAA-Directorate of Resources
RBC Legal Entity,2021/08/12,4580919,255601,VICKY REYNOLDS,JLT Disbursements,650,Misc. Legal Expenses,SUPPLIER,STANDARD,2407,LAAA-Directorate of Resources
RBC Legal Entity,2021/08/12,4580919,255601,VICKY REYNOLDS,JLT Disbursements,1250,Misc. Legal Expenses,SUPPLIER,STANDARD,2407,LAAA-Directorate of Resources
RBC Legal Entity,2021/08/12,4578073,255603,TERRAIN GEOMATICS LIMITED,Local Sustainable Transport Fund (LSTF),6980,Contractors,Third Party Supplier,STANDARD,8801,ZZZC-Capital
RBC Legal Entity,2021/08/12,4584010,255604,MILES MACADAM LIMITED,Road Resurfacing,5476.5,Contractors,SUB-CONTRACTOR,STANDARD,8870,ZZZC-Capital
RBC Legal Entity,2021/08/12,4578068,255606,DEELAND LTD T/A SERVICEMASTER,Void Property Management,750,Office Cleaning,SUPPLIER,STANDARD,5921,HAAA-Housing Revenue Account
RBC Legal Entity,2021/08/12,4578074,255606,DEELAND LTD T/A SERVICEMASTER,Void Property Management,773.6,Office Cleaning,SUPPLIER,STANDARD,5921,HAAA-Housing Revenue Account
RBC Legal Entity,2021/08/12,4584875,255607,SUPERB HEALTHCARE LTD,PS Acquired Community Services,694.5,Purchased Care,Third Party Supplier,STANDARD,5771,JAAA-Directorate of Social Care and Health Services
RBC Legal Entity,2021/08/12,4579072,255608,HAVSCO LTD,DLO Housing Building Maintenance (General),25,EquiptMaintenanceContract,SUPPLIER,STANDARD,4005,KAAA-Directorate of Economic Growth and Neighbourhood Services
RBC Legal Entity,2021/08/12,4579072,255608,HAVSCO LTD,DLO Housing Building Maintenance (General),750,EquiptMaintenanceContract,SUPPLIER,STANDARD,4005,KAAA-Directorate of Economic Growth and Neighbourhood Services
RBC Legal Entity,2021/08/12,4582478,255612,PROJECT AUDIO VISUAL LTD T/A MASS MEDIA ADVERTISING,New Directions,7551.74,PurchaseComputer Equipt,Third Party Supplier,STANDARD,3340,KAAA-Directorate of Economic Growth and Neighbourhood Services
RBC Legal Entity,2021/08/12,4582479,255612,PROJECT AUDIO VISUAL LTD T/A MASS MEDIA ADVERTISING,New Directions,7551.74,PurchaseComputer Equipt,Third Party Supplier,STANDARD,3340,KAAA-Directorate of Economic Growth and Neighbourhood Services
RBC Legal Entity,2021/08/12,4582977,255613,GREGORY PSYCHOLOGICAL SERVICES LTD,JLT Disbursements,1,Misc. Legal Expenses,SUPPLIER,STANDARD,2407,LAAA-Directorate of Resources
RBC Legal Entity,2021/08/12,4582977,255613,GREGORY PSYCHOLOGICAL SERVICES LTD,JLT Disbursements,1.5,Misc. Legal Expenses,SUPPLIER,STANDARD,2407,LAAA-Directorate of Resources
RBC Legal Entity,2021/08/12,4582977,255613,GREGORY PSYCHOLOGICAL SERVICES LTD,JLT Disbursements,2,Misc. Legal Expenses,SUPPLIER,STANDARD,2407,LAAA-Directorate of Resources
RBC Legal Entity,2021/08/12,4582977,255613,GREGORY PSYCHOLOGICAL SERVICES LTD,JLT Disbursements,3,Misc. Legal Expenses,SUPPLIER,STANDARD,2407,LAAA-Directorate of Resources
RBC Legal Entity,2021/08/12,4582977,255613,GREGORY PSYCHOLOGICAL SERVICES LTD,JLT Disbursements,3,Misc. Legal Expenses,SUPPLIER,STANDARD,2407,LAAA-Directorate of Resources
RBC Legal Entity,2021/08/12,4582977,255613,GREGORY PSYCHOLOGICAL SERVICES LTD,JLT Disbursements,4,Misc. Legal Expenses,SUPPLIER,STANDARD,2407,LAAA-Directorate of Resources
RBC Legal Entity,2021/08/12,4582977,255613,GREGORY PSYCHOLOGICAL SERVICES LTD,JLT Disbursements,4,Misc. Legal Expenses,SUPPLIER,STANDARD,2407,LAAA-Directorate of Resources
RBC Legal Entity,2021/08/12,4582977,255613,GREGORY PSYCHOLOGICAL SERVICES LTD,JLT Disbursements,4,Misc. Legal Expenses,SUPPLIER,STANDARD,2407,LAAA-Directorate of Resources
RBC Legal Entity,2021/08/12,4582977,255613,GREGORY PSYCHOLOGICAL SERVICES LTD,JLT Disbursements,5,Misc. Legal Expenses,SUPPLIER,STANDARD,2407,LAAA-Directorate of Resources
RBC Legal Entity,2021/08/12,4582977,255613,GREGORY PSYCHOLOGICAL SERVICES LTD,JLT Disbursements,10,Misc. Legal Expenses,SUPPLIER,STANDARD,2407,LAAA-Directorate of Resources
RBC Legal Entity,2021/08/12,4582977,255613,GREGORY PSYCHOLOGICAL SERVICES LTD,JLT Disbursements,190,Misc. Legal Expenses,SUPPLIER,STANDARD,2407,LAAA-Directorate of Resources
RBC Legal Entity,2021/08/12,4582977,255613,GREGORY PSYCHOLOGICAL SERVICES LTD,JLT Disbursements,739.7,Misc. Legal Expenses,SUPPLIER,STANDARD,2407,LAAA-Directorate of Resources
RBC Legal Entity,2021/08/12,4582728,255620,BERKSHIRE ROOMS,Bed and Breakfast,196,Rents,SUPPLIER,STANDARD,5871,KAAA-Directorate of Economic Growth and Neighbourhood Services
RBC Legal Entity,2021/08/12,4582728,255620,BERKSHIRE ROOMS,Bed and Breakfast,784,Rents,SUPPLIER,STANDARD,5871,KAAA-Directorate of Economic Growth and Neighbourhood Services
RBC Legal Entity,2021/08/12,4583972,255621,AMHERST READING,Bed and Breakfast,350,Rents,Third Party Supplier,STANDARD,5871,KAAA-Directorate of Economic Growth and Neighbourhood Services
RBC Legal Entity,2021/08/12,4583972,255621,AMHERST READING,Bed and Breakfast,350,Rents,Third Party Supplier,STANDARD,5871,KAAA-Directorate of Economic Growth and Neighbourhood Services
RBC Legal Entity,2021/08/12,4584903,255622,ABINGTON VIEW,M&C Acquired Community Services,4368,Purchased Care,Third Party Supplier,STANDARD,5751,JAAA-Directorate of Social Care and Health Services
RBC Legal Entity,2021/08/12,4584865,255623,ENRICHED CARE SUPPORT SERVICES LTD,Mental Health Community Services,1710,Purchased Care,Third Party Supplier,STANDARD,5731,JAAA-Directorate of Social Care and Health Services
RBC Legal Entity,2021/08/12,4584866,255623,ENRICHED CARE SUPPORT SERVICES LTD,Mental Health Community Services,4960,Purchased Care,Third Party Supplier,STANDARD,5731,JAAA-Directorate of Social Care and Health Services
RBC Legal Entity,2021/08/12,4584867,255623,ENRICHED CARE SUPPORT SERVICES LTD,Mental Health Community Services,4960,Purchased Care,Third Party Supplier,STANDARD,5731,JAAA-Directorate of Social Care and Health Services
RBC Legal Entity,2021/08/12,4584868,255623,ENRICHED CARE SUPPORT SERVICES LTD,Mental Health Community Services,4960,Purchased Care,Third Party Supplier,STANDARD,5731,JAAA-Directorate of Social Care and Health Services
RBC Legal Entity,2021/08/12,4584953,255623,ENRICHED CARE SUPPORT SERVICES LTD,Mental Health Community Services,2570,Purchased Care,Third Party Supplier,STANDARD,5731,JAAA-Directorate of Social Care and Health Services
RBC Legal Entity,2021/08/12,4584979,255623,ENRICHED CARE SUPPORT SERVICES LTD,Mental Health Community Services,2400,Purchased Care,Third Party Supplier,STANDARD,5731,JAAA-Directorate of Social Care and Health Services
RBC Legal Entity,2021/08/12,4584980,255623,ENRICHED CARE SUPPORT SERVICES LTD,Mental Health Community Services,2400,Purchased Care,Third Party Supplier,STANDARD,5731,JAAA-Directorate of Social Care and Health Services
RBC Legal Entity,2021/08/12,4584981,255623,ENRICHED CARE SUPPORT SERVICES LTD,Mental Health Community Services,2400,Purchased Care,Third Party Supplier,STANDARD,5731,JAAA-Directorate of Social Care and Health Services
RBC Legal Entity,2021/08/12,4584982,255623,ENRICHED CARE SUPPORT SERVICES LTD,Mental Health Community Services,1840,Purchased Care,Third Party Supplier,STANDARD,5731,JAAA-Directorate of Social Care and Health Services
RBC Legal Entity,2021/08/12,4584983,255623,ENRICHED CARE SUPPORT SERVICES LTD,Mental Health Community Services,1840,Purchased Care,Third Party Supplier,STANDARD,5731,JAAA-Directorate of Social Care and Health Services
RBC Legal Entity,2021/08/12,4584984,255623,ENRICHED CARE SUPPORT SERVICES LTD,Mental Health Community Services,1840,Purchased Care,Third Party Supplier,STANDARD,5731,JAAA-Directorate of Social Care and Health Services
RBC Legal Entity,2021/08/12,4584985,255623,ENRICHED CARE SUPPORT SERVICES LTD,Mental Health Community Services,3600,Purchased Care,Third Party Supplier,STANDARD,5731,JAAA-Directorate of Social Care and Health Services
RBC Legal Entity,2021/08/12,4575513,255625,CORRIGENDA LTD,Katesgrove Primary,2974.55,External Fees  Misc.,SUB-CONTRACTOR,STANDARD,8219,ZZZC-Capital
RBC Legal Entity,2021/08/12,4583595,255626,GLENMAN CORPORATION LTD,HRA portfolio expansion,598882.85,External Fees  Misc.,SUB-CONTRACTOR,STANDARD,8518,ZZZC-Capital
RBC Legal Entity,2021/08/12,4582181,255629,GRACE EYRE FOUNDATION,LD Community Services,120130.84,Purchased Care,Third Party Supplier,STANDARD,5741,JAAA-Directorate of Social Care and Health Services
RBC Legal Entity,2021/08/13,4582821,255630,CORRECT CONTRACT SERVICES LTD,DLO Planned Maintenance Trades,1736.64,Subcontractors Labour,SUB-CONTRACTOR,STANDARD,4030,KAAA-Directorate of Economic Growth and Neighbourhood Services
RBC Legal Entity,2021/08/13,4582832,255630,CORRECT CONTRACT SERVICES LTD,DLO Planned Maintenance Trades,2204.1,Subcontractors Labour,SUB-CONTRACTOR,STANDARD,4030,KAAA-Directorate of Economic Growth and Neighbourhood Services
RBC Legal Entity,2021/08/13,4585028,255631,VJ CARERS LIMITED,PS Acquired Community Services,2660,Purchased Care,Third Party Supplier,STANDARD,5771,JAAA-Directorate of Social Care and Health Services
RBC Legal Entity,2021/08/13,4585029,255631,VJ CARERS LIMITED,PS Acquired Community Services,2660,Purchased Care,Third Party Supplier,STANDARD,5771,JAAA-Directorate of Social Care and Health Services
RBC Legal Entity,2021/08/13,4585030,255631,VJ CARERS LIMITED,Mental Health Community Services,2622,Purchased Care,Third Party Supplier,STANDARD,5731,JAAA-Directorate of Social Care and Health Services
RBC Legal Entity,2021/08/13,4585031,255631,VJ CARERS LIMITED,PS Acquired Community Services,1824,Purchased Care,Third Party Supplier,STANDARD,5771,JAAA-Directorate of Social Care and Health Services
RBC Legal Entity,2021/08/13,4585032,255631,VJ CARERS LIMITED,PS Acquired Community Services,1862,Purchased Care,Third Party Supplier,STANDARD,5771,JAAA-Directorate of Social Care and Health Services
RBC Legal Entity,2021/08/13,4585033,255631,VJ CARERS LIMITED,PS Acquired Community Services,1273,Purchased Care,Third Party Supplier,STANDARD,5771,JAAA-Directorate of Social Care and Health Services
RBC Legal Entity,2021/08/13,4585034,255631,VJ CARERS LIMITED,PS Acquired Community Services,1596,Purchased Care,Third Party Supplier,STANDARD,5771,JAAA-Directorate of Social Care and Health Services
RBC Legal Entity,2021/08/13,4585035,255631,VJ CARERS LIMITED,PS Acquired Community Services,2660,Purchased Care,Third Party Supplier,STANDARD,5771,JAAA-Directorate of Social Care and Health Services
RBC Legal Entity,2021/08/13,4585036,255631,VJ CARERS LIMITED,PS Acquired Community Services,2394,Purchased Care,Third Party Supplier,STANDARD,5771,JAAA-Directorate of Social Care and Health Services
RBC Legal Entity,2021/08/13,4585037,255631,VJ CARERS LIMITED,PS Acquired Community Services,2394,Purchased Care,Third Party Supplier,STANDARD,5771,JAAA-Directorate of Social Care and Health Services
RBC Legal Entity,2021/08/13,4585038,255631,VJ CARERS LIMITED,PS Acquired Community Services,969,Purchased Care,Third Party Supplier,STANDARD,5771,JAAA-Directorate of Social Care and Health Services
RBC Legal Entity,2021/08/13,4585039,255631,VJ CARERS LIMITED,PS Acquired Community Services,1596,Purchased Care,Third Party Supplier,STANDARD,5771,JAAA-Directorate of Social Care and Health Services
RBC Legal Entity,2021/08/13,4585040,255631,VJ CARERS LIMITED,PS Acquired Community Services,1330,Purchased Care,Third Party Supplier,STANDARD,5771,JAAA-Directorate of Social Care and Health Services
RBC Legal Entity,2021/08/13,4585041,255631,VJ CARERS LIMITED,PS Acquired Community Services,1358.5,Purchased Care,Third Party Supplier,STANDARD,5771,JAAA-Directorate of Social Care and Health Services
RBC Legal Entity,2021/08/13,4585042,255631,VJ CARERS LIMITED,PS Acquired Community Services,798,Purchased Care,Third Party Supplier,STANDARD,5771,JAAA-Directorate of Social Care and Health Services
RBC Legal Entity,2021/08/13,4585043,255631,VJ CARERS LIMITED,PS Acquired Community Services,1064,Purchased Care,Third Party Supplier,STANDARD,5771,JAAA-Directorate of Social Care and Health Services
RBC Legal Entity,2021/08/13,4585044,255631,VJ CARERS LIMITED,PS Acquired Community Services,760,Purchased Care,Third Party Supplier,STANDARD,5771,JAAA-Directorate of Social Care and Health Services
RBC Legal Entity,2021/08/13,4585045,255631,VJ CARERS LIMITED,PS Acquired Community Services,1064,Purchased Care,Third Party Supplier,STANDARD,5771,JAAA-Directorate of Social Care and Health Services
RBC Legal Entity,2021/08/13,4585046,255631,VJ CARERS LIMITED,PS Acquired Community Services,1197,Purchased Care,Third Party Supplier,STANDARD,5771,JAAA-Directorate of Social Care and Health Services
RBC Legal Entity,2021/08/13,4585047,255631,VJ CARERS LIMITED,PS Acquired Community Services,1197,Purchased Care,Third Party Supplier,STANDARD,5771,JAAA-Directorate of Social Care and Health Services
RBC Legal Entity,2021/08/13,4585048,255631,VJ CARERS LIMITED,PS Acquired Community Services,1197,Purchased Care,Third Party Supplier,STANDARD,5771,JAAA-Directorate of Social Care and Health Services
RBC Legal Entity,2021/08/13,4585049,255631,VJ CARERS LIMITED,PS Acquired Community Services,570,Purchased Care,Third Party Supplier,STANDARD,5771,JAAA-Directorate of Social Care and Health Services
RBC Legal Entity,2021/08/13,4585050,255631,VJ CARERS LIMITED,PS Acquired Community Services,665,Purchased Care,Third Party Supplier,STANDARD,5771,JAAA-Directorate of Social Care and Health Services
RBC Legal Entity,2021/08/13,4585051,255631,VJ CARERS LIMITED,PS Acquired Community Services,608,Purchased Care,Third Party Supplier,STANDARD,5771,JAAA-Directorate of Social Care and Health Services
RBC Legal Entity,2021/08/13,4585052,255631,VJ CARERS LIMITED,PS Acquired Community Services,817,Purchased Care,Third Party Supplier,STANDARD,5771,JAAA-Directorate of Social Care and Health Services
RBC Legal Entity,2021/08/13,4585053,255631,VJ CARERS LIMITED,PS Acquired Community Services,798,Purchased Care,Third Party Supplier,STANDARD,5771,JAAA-Directorate of Social Care and Health Services
RBC Legal Entity,2021/08/13,4585055,255631,VJ CARERS LIMITED,PS Acquired Community Services,665,Purchased Care,Third Party Supplier,STANDARD,5771,JAAA-Directorate of Social Care and Health Services
RBC Legal Entity,2021/08/13,4585056,255631,VJ CARERS LIMITED,PS Lifelong Community Services,2660,Purchased Care,Third Party Supplier,STANDARD,5781,JAAA-Directorate of Social Care and Health Services
RBC Legal Entity,2021/08/13,4585057,255631,VJ CARERS LIMITED,PS Acquired Community Services,1068.75,Purchased Care,Third Party Supplier,STANDARD,5771,JAAA-Directorate of Social Care and Health Services
RBC Legal Entity,2021/08/13,4585058,255631,VJ CARERS LIMITED,PS Acquired Community Services,2394,Purchased Care,Third Party Supplier,STANDARD,5771,JAAA-Directorate of Social Care and Health Services
RBC Legal Entity,2021/08/13,4585059,255631,VJ CARERS LIMITED,LD Community Services,1862,Purchased Care,Third Party Supplier,STANDARD,5741,JAAA-Directorate of Social Care and Health Services
RBC Legal Entity,2021/08/13,4585060,255631,VJ CARERS LIMITED,M&C Acquired Community Services,817,Purchased Care,Third Party Supplier,STANDARD,5751,JAAA-Directorate of Social Care and Health Services
RBC Legal Entity,2021/08/13,4585063,255631,VJ CARERS LIMITED,PS Acquired Community Services,665,Purchased Care,Third Party Supplier,STANDARD,5771,JAAA-Directorate of Social Care and Health Services
RBC Legal Entity,2021/08/13,4585069,255631,VJ CARERS LIMITED,PS Acquired Community Services,2660,Purchased Care,Third Party Supplier,STANDARD,5771,JAAA-Directorate of Social Care and Health Services
RBC Legal Entity,2021/08/13,4585070,255631,VJ CARERS LIMITED,PS Acquired Community Services,2660,Purchased Care,Third Party Supplier,STANDARD,5771,JAAA-Directorate of Social Care and Health Services
RBC Legal Entity,2021/08/13,4580991,255633,ANNIE SAYERS,JLT Disbursements,550,Misc. Legal Expenses,SUPPLIER,STANDARD,2407,LAAA-Directorate of Resources
RBC Legal Entity,2021/08/13,4585195,255634,WARGRAVE PRACTICE,Berkshire West Public Health Hub,1935.5,NHS Trusts,Third Party Supplier,STANDARD,2002,JAAA-Directorate of Social Care and Health Services
RBC Legal Entity,2021/08/13,4580990,255635,DNA LEGAL LTD,JLT Disbursements,463,Misc. Legal Expenses,SUPPLIER,STANDARD,2407,LAAA-Directorate of Resources
RBC Legal Entity,2021/08/13,4585192,255636,THATCHAM MEDICAL PRACTICE,Berkshire West Public Health Hub,3980,NHS Trusts,Third Party Supplier,STANDARD,2002,JAAA-Directorate of Social Care and Health Services
RBC Legal Entity,2021/08/13,4585189,255637,MORTIMER SURGERY,Berkshire West Public Health Hub,1072.5,NHS Trusts,Third Party Supplier,STANDARD,2002,JAAA-Directorate of Social Care and Health Services
RBC Legal Entity,2021/08/13,4582863,255638,CREAM DESIGN LTD,Parking & Enforcement,5000,Consultancy Fees,SUPPLIER,STANDARD,4725,KAAA-Directorate of Economic Growth and Neighbourhood Services
RBC Legal Entity,2021/08/13,4580442,255639,BK SAFETY & WORKWEAR LTD,Refuse Collection,120,Uniforms,SUPPLIER,STANDARD,4561,KAAA-Directorate of Economic Growth and Neighbourhood Services
RBC Legal Entity,2021/08/13,4580442,255639,BK SAFETY & WORKWEAR LTD,Refuse Collection,1096.51,Uniforms,SUPPLIER,STANDARD,4561,KAAA-Directorate of Economic Growth and Neighbourhood Services
RBC Legal Entity,2021/08/13,4585174,255640,WOKINGHAM MEDICAL CENTRE,Berkshire West Public Health Hub,3481,NHS Trusts,Third Party Supplier,STANDARD,2002,JAAA-Directorate of Social Care and Health Services
RBC Legal Entity,2021/08/13,4580614,255641,TUVIDA,Sensory Support Community Services,882,Respite Care,Third Party Supplier,STANDARD,5711,JAAA-Directorate of Social Care and Health Services
RBC Legal Entity,2021/08/13,4580623,255641,TUVIDA,PS Acquired Community Services,661.5,Purchased Care,Third Party Supplier,STANDARD,5771,JAAA-Directorate of Social Care and Health Services
RBC Legal Entity,2021/08/13,4581891,255643,JO SPICER,JLT Disbursements,2342.15,Misc. Legal Expenses,SUPPLIER,STANDARD,2407,LAAA-Directorate of Resources
RBC Legal Entity,2021/08/13,4581892,255643,JO SPICER,JLT Disbursements,2397.1,Misc. Legal Expenses,SUPPLIER,STANDARD,2407,LAAA-Directorate of Resources
RBC Legal Entity,2021/08/13,4583861,255644,SYLVIANCARE LTD,PS Acquired Community Services,1064,Purchased Care,Third Party Supplier,STANDARD,5771,JAAA-Directorate of Social Care and Health Services
RBC Legal Entity,2021/08/13,4583862,255644,SYLVIANCARE LTD,PS Acquired Community Services,2128,Purchased Care,Third Party Supplier,STANDARD,5771,JAAA-Directorate of Social Care and Health Services
RBC Legal Entity,2021/08/13,4583863,255644,SYLVIANCARE LTD,PS Acquired Community Services,1197,Purchased Care,Third Party Supplier,STANDARD,5771,JAAA-Directorate of Social Care and Health Services
RBC Legal Entity,2021/08/13,4566983,255645,RH ENVIRONMENTAL LIMITED,Safer Community Unit,1762.9,Special Measures Expenses,SUPPLIER,STANDARD,5365,KAAA-Directorate of Economic Growth and Neighbourhood Services
RBC Legal Entity,2021/08/13,4580152,255646,F M CONWAY LTD,Highways,517.5,Materials Direct,SUB-CONTRACTOR,STANDARD,4252,KAAA-Directorate of Economic Growth and Neighbourhood Services
RBC Legal Entity,2021/08/13,4582492,255647,SAFESITE FENCING LTD,Payroll + Payments A/c,-40,System Creditors,SUB-CONTRACTOR,CREDIT,9823,ZZZB-Balance Sheet
RBC Legal Entity,2021/08/13,4582492,255647,SAFESITE FENCING LTD,Corporate Maintenance Services,200,NNDR Pool,SUB-CONTRACTOR,STANDARD,4080,KAAA-Directorate of Economic Growth and Neighbourhood Services
RBC Legal Entity,2021/08/13,4582492,255647,SAFESITE FENCING LTD,Corporate Maintenance Services,392,NNDR Pool,SUB-CONTRACTOR,STANDARD,4080,KAAA-Directorate of Economic Growth and Neighbourhood Services
RBC Legal Entity,2021/08/13,4580027,255648,CARE4U WE LTD,LD Community Services,9936.28,Purchased Care,Third Party Supplier,STANDARD,5741,JAAA-Directorate of Social Care and Health Services
RBC Legal Entity,2021/08/13,4585188,255650,LAMBOURN SURGERY,Berkshire West Public Health Hub,2029,NHS Trusts,Third Party Supplier,STANDARD,2002,JAAA-Directorate of Social Care and Health Services
RBC Legal Entity,2021/08/13,4585183,255651,BURDWOOD SURGERY,Berkshire West Public Health Hub,24,NHS Trusts,Third Party Supplier,STANDARD,2002,JAAA-Directorate of Social Care and Health Services
RBC Legal Entity,2021/08/13,4585183,255651,BURDWOOD SURGERY,Berkshire West Public Health Hub,2904.5,NHS Trusts,Third Party Supplier,STANDARD,2002,JAAA-Directorate of Social Care and Health Services
RBC Legal Entity,2021/08/13,4583594,255652,EW BEARD LIMITED,HRA portfolio expansion,309132.13,External Fees  Misc.,SUB-CONTRACTOR,STANDARD,8518,ZZZC-Capital
RBC Legal Entity,2021/08/13,4582174,255655,GLENHOLME HEALTHCARE (NGC) LTD,LD Community Services,7378.44,Purchased Care,Third Party Supplier,STANDARD,5741,JAAA-Directorate of Social Care and Health Services
RBC Legal Entity,2021/08/13,4584174,255656,PPC TRANSPORT LIMITED,Wexham Park Hospital (TPOR),456,Equipment Hire,Third Party Supplier,STANDARD,2020,EAAA-Chief Executive
RBC Legal Entity,2021/08/13,4585165,255657,Brighter Futures for Children,Primary School Delegated Budget (DSG),468,School Transfer Payment,Internal,STANDARD,3140,NAAA-Former Directorate of Education and Childrens Services
RBC Legal Entity,2021/08/13,4585165,255657,Brighter Futures for Children,Primary School Delegated Budget (DSG),748.2,School Transfer Payment,Internal,STANDARD,3140,NAAA-Former Directorate of Education and Childrens Services
RBC Legal Entity,2021/08/13,4585165,255657,Brighter Futures for Children,Primary School Delegated Budget (DSG),1216.8,School Transfer Payment,Internal,STANDARD,3140,NAAA-Former Directorate of Education and Childrens Services
RBC Legal Entity,2021/08/13,4585165,255657,Brighter Futures for Children,Primary School Delegated Budget (DSG),1411.8,School Transfer Payment,Internal,STANDARD,3140,NAAA-Former Directorate of Education and Childrens Services
RBC Legal Entity,2021/08/13,4585165,255657,Brighter Futures for Children,Primary School Delegated Budget (DSG),1443,School Transfer Payment,Internal,STANDARD,3140,NAAA-Former Directorate of Education and Childrens Services
RBC Legal Entity,2021/08/13,4585165,255657,Brighter Futures for Children,Primary School Delegated Budget (DSG),1606.8,School Transfer Payment,Internal,STANDARD,3140,NAAA-Former Directorate of Education and Childrens Services
RBC Legal Entity,2021/08/13,4585165,255657,Brighter Futures for Children,Primary School Delegated Budget (DSG),1622.4,School Transfer Payment,Internal,STANDARD,3140,NAAA-Former Directorate of Education and Childrens Services
RBC Legal Entity,2021/08/13,4585165,255657,Brighter Futures for Children,Primary School Delegated Budget (DSG),1731.6,School Transfer Payment,Internal,STANDARD,3140,NAAA-Former Directorate of Education and Childrens Services
RBC Legal Entity,2021/08/13,4585165,255657,Brighter Futures for Children,Primary School Delegated Budget (DSG),1945.32,School Transfer Payment,Internal,STANDARD,3140,NAAA-Former Directorate of Education and Childrens Services
RBC Legal Entity,2021/08/13,4585165,255657,Brighter Futures for Children,Primary School Delegated Budget (DSG),2067,School Transfer Payment,Internal,STANDARD,3140,NAAA-Former Directorate of Education and Childrens Services
RBC Legal Entity,2021/08/13,4585165,255657,Brighter Futures for Children,Primary School Delegated Budget (DSG),2082.6,School Transfer Payment,Internal,STANDARD,3140,NAAA-Former Directorate of Education and Childrens Services
RBC Legal Entity,2021/08/13,4585165,255657,Brighter Futures for Children,Primary School Delegated Budget (DSG),2257.07,School Transfer Payment,Internal,STANDARD,3140,NAAA-Former Directorate of Education and Childrens Services
RBC Legal Entity,2021/08/13,4585165,255657,Brighter Futures for Children,Primary School Delegated Budget (DSG),2306.95,School Transfer Payment,Internal,STANDARD,3140,NAAA-Former Directorate of Education and Childrens Services
RBC Legal Entity,2021/08/13,4585165,255657,Brighter Futures for Children,Primary School Delegated Budget (DSG),2324.4,School Transfer Payment,Internal,STANDARD,3140,NAAA-Former Directorate of Education and Childrens Services
RBC Legal Entity,2021/08/13,4585165,255657,Brighter Futures for Children,Primary School Delegated Budget (DSG),2402.4,School Transfer Payment,Internal,STANDARD,3140,NAAA-Former Directorate of Education and Childrens Services
RBC Legal Entity,2021/08/13,4585165,255657,Brighter Futures for Children,Primary School Delegated Budget (DSG),2568.82,School Transfer Payment,Internal,STANDARD,3140,NAAA-Former Directorate of Education and Childrens Services
RBC Legal Entity,2021/08/13,4585165,255657,Brighter Futures for Children,Primary School Delegated Budget (DSG),2593.76,School Transfer Payment,Internal,STANDARD,3140,NAAA-Former Directorate of Education and Childrens Services
RBC Legal Entity,2021/08/13,4585165,255657,Brighter Futures for Children,Primary School Delegated Budget (DSG),2714.4,School Transfer Payment,Internal,STANDARD,3140,NAAA-Former Directorate of Education and Childrens Services
RBC Legal Entity,2021/08/13,4585165,255657,Brighter Futures for Children,Primary School Delegated Budget (DSG),2768.34,School Transfer Payment,Internal,STANDARD,3140,NAAA-Former Directorate of Education and Childrens Services
RBC Legal Entity,2021/08/13,4585165,255657,Brighter Futures for Children,Primary School Delegated Budget (DSG),2831.4,School Transfer Payment,Internal,STANDARD,3140,NAAA-Former Directorate of Education and Childrens Services
RBC Legal Entity,2021/08/13,4585165,255657,Brighter Futures for Children,Primary School Delegated Budget (DSG),2901.6,School Transfer Payment,Internal,STANDARD,3140,NAAA-Former Directorate of Education and Childrens Services
RBC Legal Entity,2021/08/13,4585165,255657,Brighter Futures for Children,Primary School Delegated Budget (DSG),3065.4,School Transfer Payment,Internal,STANDARD,3140,NAAA-Former Directorate of Education and Childrens Services
RBC Legal Entity,2021/08/13,4585165,255657,Brighter Futures for Children,Primary School Delegated Budget (DSG),3151.2,School Transfer Payment,Internal,STANDARD,3140,NAAA-Former Directorate of Education and Childrens Services
RBC Legal Entity,2021/08/13,4585165,255657,Brighter Futures for Children,Primary School Delegated Budget (DSG),3166.8,School Transfer Payment,Internal,STANDARD,3140,NAAA-Former Directorate of Education and Childrens Services
RBC Legal Entity,2021/08/13,4585165,255657,Brighter Futures for Children,Primary School Delegated Budget (DSG),3166.8,School Transfer Payment,Internal,STANDARD,3140,NAAA-Former Directorate of Education and Childrens Services
RBC Legal Entity,2021/08/13,4585165,255657,Brighter Futures for Children,Primary School Delegated Budget (DSG),3166.8,School Transfer Payment,Internal,STANDARD,3140,NAAA-Former Directorate of Education and Childrens Services
RBC Legal Entity,2021/08/13,4585165,255657,Brighter Futures for Children,Primary School Delegated Budget (DSG),3182.4,School Transfer Payment,Internal,STANDARD,3140,NAAA-Former Directorate of Education and Childrens Services
RBC Legal Entity,2021/08/13,4585165,255657,Brighter Futures for Children,Primary School Delegated Budget (DSG),3213.6,School Transfer Payment,Internal,STANDARD,3140,NAAA-Former Directorate of Education and Childrens Services
RBC Legal Entity,2021/08/13,4585165,255657,Brighter Futures for Children,Primary School Delegated Budget (DSG),3229.2,School Transfer Payment,Internal,STANDARD,3140,NAAA-Former Directorate of Education and Childrens Services
RBC Legal Entity,2021/08/13,4585165,255657,Brighter Futures for Children,Primary School Delegated Budget (DSG),3283.8,School Transfer Payment,Internal,STANDARD,3140,NAAA-Former Directorate of Education and Childrens Services
RBC Legal Entity,2021/08/13,4585165,255657,Brighter Futures for Children,Primary School Delegated Budget (DSG),3304.55,School Transfer Payment,Internal,STANDARD,3140,NAAA-Former Directorate of Education and Childrens Services
RBC Legal Entity,2021/08/13,4585165,255657,Brighter Futures for Children,Primary School Delegated Budget (DSG),3329.49,School Transfer Payment,Internal,STANDARD,3140,NAAA-Former Directorate of Education and Childrens Services
RBC Legal Entity,2021/08/13,4585165,255657,Brighter Futures for Children,Primary School Delegated Budget (DSG),3716.06,School Transfer Payment,Internal,STANDARD,3140,NAAA-Former Directorate of Education and Childrens Services
RBC Legal Entity,2021/08/13,4585165,255657,Brighter Futures for Children,Primary School Delegated Budget (DSG),3840.76,School Transfer Payment,Internal,STANDARD,3140,NAAA-Former Directorate of Education and Childrens Services
RBC Legal Entity,2021/08/13,4585165,255657,Brighter Futures for Children,Primary School Delegated Budget (DSG),4048.2,School Transfer Payment,Internal,STANDARD,3140,NAAA-Former Directorate of Education and Childrens Services
RBC Legal Entity,2021/08/13,4585165,255657,Brighter Futures for Children,Primary School Delegated Budget (DSG),4339.56,School Transfer Payment,Internal,STANDARD,3140,NAAA-Former Directorate of Education and Childrens Services
RBC Legal Entity,2021/08/13,4585165,255657,Brighter Futures for Children,Primary School Delegated Budget (DSG),4526.61,School Transfer Payment,Internal,STANDARD,3140,NAAA-Former Directorate of Education and Childrens Services
RBC Legal Entity,2021/08/13,4585165,255657,Brighter Futures for Children,Primary School Delegated Budget (DSG),4586.4,School Transfer Payment,Internal,STANDARD,3140,NAAA-Former Directorate of Education and Childrens Services
RBC Legal Entity,2021/08/13,4585165,255657,Brighter Futures for Children,Primary School Delegated Budget (DSG),4638.84,School Transfer Payment,Internal,STANDARD,3140,NAAA-Former Directorate of Education and Childrens Services
RBC Legal Entity,2021/08/13,4585165,255657,Brighter Futures for Children,Primary School Delegated Budget (DSG),4656.6,School Transfer Payment,Internal,STANDARD,3140,NAAA-Former Directorate of Education and Childrens Services
RBC Legal Entity,2021/08/13,4585165,255657,Brighter Futures for Children,Primary School Delegated Budget (DSG),4828.2,School Transfer Payment,Internal,STANDARD,3140,NAAA-Former Directorate of Education and Childrens Services
RBC Legal Entity,2021/08/13,4585165,255657,Brighter Futures for Children,Primary School Delegated Budget (DSG),4900.71,School Transfer Payment,Internal,STANDARD,3140,NAAA-Former Directorate of Education and Childrens Services
RBC Legal Entity,2021/08/13,4585165,255657,Brighter Futures for Children,Primary School Delegated Budget (DSG),5037.88,School Transfer Payment,Internal,STANDARD,3140,NAAA-Former Directorate of Education and Childrens Services
RBC Legal Entity,2021/08/13,4585165,255657,Brighter Futures for Children,Primary School Delegated Budget (DSG),5062.82,School Transfer Payment,Internal,STANDARD,3140,NAAA-Former Directorate of Education and Childrens Services
RBC Legal Entity,2021/08/13,4585165,255657,Brighter Futures for Children,Primary School Delegated Budget (DSG),5062.82,School Transfer Payment,Internal,STANDARD,3140,NAAA-Former Directorate of Education and Childrens Services
RBC Legal Entity,2021/08/13,4585165,255657,Brighter Futures for Children,Primary School Delegated Budget (DSG),5062.82,School Transfer Payment,Internal,STANDARD,3140,NAAA-Former Directorate of Education and Childrens Services
RBC Legal Entity,2021/08/13,4585165,255657,Brighter Futures for Children,Primary School Delegated Budget (DSG),5087.76,School Transfer Payment,Internal,STANDARD,3140,NAAA-Former Directorate of Education and Childrens Services
RBC Legal Entity,2021/08/13,4585165,255657,Brighter Futures for Children,Primary School Delegated Budget (DSG),5137.64,School Transfer Payment,Internal,STANDARD,3140,NAAA-Former Directorate of Education and Childrens Services
RBC Legal Entity,2021/08/13,4585165,255657,Brighter Futures for Children,Primary School Delegated Budget (DSG),5162.58,School Transfer Payment,Internal,STANDARD,3140,NAAA-Former Directorate of Education and Childrens Services
RBC Legal Entity,2021/08/13,4585165,255657,Brighter Futures for Children,Primary School Delegated Budget (DSG),5249.87,School Transfer Payment,Internal,STANDARD,3140,NAAA-Former Directorate of Education and Childrens Services
RBC Legal Entity,2021/08/13,4585165,255657,Brighter Futures for Children,Primary School Delegated Budget (DSG),6466.2,School Transfer Payment,Internal,STANDARD,3140,NAAA-Former Directorate of Education and Childrens Services
RBC Legal Entity,2021/08/13,4585165,255657,Brighter Futures for Children,Primary School Delegated Budget (DSG),6471.93,School Transfer Payment,Internal,STANDARD,3140,NAAA-Former Directorate of Education and Childrens Services
RBC Legal Entity,2021/08/13,4585165,255657,Brighter Futures for Children,Primary School Delegated Budget (DSG),7332.36,School Transfer Payment,Internal,STANDARD,3140,NAAA-Former Directorate of Education and Childrens Services
RBC Legal Entity,2021/08/13,4585165,255657,Brighter Futures for Children,Primary School Delegated Budget (DSG),7444.59,School Transfer Payment,Internal,STANDARD,3140,NAAA-Former Directorate of Education and Childrens Services
RBC Legal Entity,2021/08/13,4585165,255657,Brighter Futures for Children,Primary School Delegated Budget (DSG),7718.93,School Transfer Payment,Internal,STANDARD,3140,NAAA-Former Directorate of Education and Childrens Services
RBC Legal Entity,2021/08/13,4585165,255657,Brighter Futures for Children,Primary School Delegated Budget (DSG),10337.6,School Transfer Payment,Internal,STANDARD,3140,NAAA-Former Directorate of Education and Childrens Services
RBC Legal Entity,2021/08/13,4579415,255658,SWIFTPAK,Street Cleansing,2880.81,Materials from Store,SUPPLIER,STANDARD,4566,KAAA-Directorate of Economic Growth and Neighbourhood Services
RBC Legal Entity,2021/08/13,4579415,255658,SWIFTPAK,Street Cleansing,3259.19,Materials from Store,SUPPLIER,STANDARD,4566,KAAA-Directorate of Economic Growth and Neighbourhood Services
RBC Legal Entity,2021/08/13,4582147,255659,SAUNDERS PARTNERSHIP LTD,HRA portfolio expansion,1250,External Fees  Misc.,SUPPLIER,STANDARD,8518,ZZZC-Capital
RBC Legal Entity,2021/08/13,4581863,255661,TULLY FORENSIC PSYCHOLOGY LTD,JLT Disbursements,2544.55,Misc. Legal Expenses,Third Party Supplier,STANDARD,2407,LAAA-Directorate of Resources
RBC Legal Entity,2021/08/13,4579103,255662,BIG BLUE DOOR LTD,IT Management,1245,Software Support,SUPPLIER,STANDARD,2300,LAAA-Directorate of Resources
RBC Legal Entity,2021/08/13,4580504,255666,AGILISYS LIMITED,IT Management,25544.45,TPP  Contract,SUPPLIER,STANDARD,2300,LAAA-Directorate of Resources
RBC Legal Entity,2021/08/13,4580504,255666,AGILISYS LIMITED,IT Management,56458.53,TPP  Contract,SUPPLIER,STANDARD,2300,LAAA-Directorate of Resources
RBC Legal Entity,2021/08/13,4585170,255669,FINCHAMPSTEAD SURGERY,Berkshire West Public Health Hub,63,NHS Trusts,Third Party Supplier,STANDARD,2002,JAAA-Directorate of Social Care and Health Services
RBC Legal Entity,2021/08/13,4585170,255669,FINCHAMPSTEAD SURGERY,Berkshire West Public Health Hub,2993,NHS Trusts,Third Party Supplier,STANDARD,2002,JAAA-Directorate of Social Care and Health Services
RBC Legal Entity,2021/08/13,4585171,255670,LODDON VALE PRACTICE,Berkshire West Public Health Hub,4380,NHS Trusts,Third Party Supplier,STANDARD,2002,JAAA-Directorate of Social Care and Health Services
RBC Legal Entity,2021/08/13,4585193,255671,PARKSIDE FAMILY PRACTICE,Berkshire West Public Health Hub,3396,NHS Trusts,Third Party Supplier,STANDARD,2002,JAAA-Directorate of Social Care and Health Services
RBC Legal Entity,2021/08/13,4585173,255672,SHINFIELD GROUP MEDICAL PRACTICE,Berkshire West Public Health Hub,337.5,NHS Trusts,Third Party Supplier,STANDARD,2002,JAAA-Directorate of Social Care and Health Services
RBC Legal Entity,2021/08/13,4585173,255672,SHINFIELD GROUP MEDICAL PRACTICE,Berkshire West Public Health Hub,1097,NHS Trusts,Third Party Supplier,STANDARD,2002,JAAA-Directorate of Social Care and Health Services
RBC Legal Entity,2021/08/13,4585194,255673,SWALLOWFIELD MEDICAL PRACTICE,Berkshire West Public Health Hub,1493.5,NHS Trusts,Third Party Supplier,STANDARD,2002,JAAA-Directorate of Social Care and Health Services
RBC Legal Entity,2021/08/13,4582588,255676,BIDVEST FOODSERVICE (BIDFOOD),Hexagon Catering,54.39,Purchases - Stock Provisions,SUPPLIER,STANDARD,1241,KAAA-Directorate of Economic Growth and Neighbourhood Services
RBC Legal Entity,2021/08/13,4582588,255676,BIDVEST FOODSERVICE (BIDFOOD),Hexagon Catering,948.59,Purchases - Stock Provisions,SUPPLIER,STANDARD,1241,KAAA-Directorate of Economic Growth and Neighbourhood Services
RBC Legal Entity,2021/08/13,4584574,255677,WSP UK LTD,LEP Projects,1037.04,Contractors,SUPPLIER,STANDARD,8806,ZZZC-Capital
RBC Legal Entity,2021/08/13,4584574,255677,WSP UK LTD,LEP Projects,3077.54,Contractors,SUPPLIER,STANDARD,8806,ZZZC-Capital
RBC Legal Entity,2021/08/13,4580446,255678,PRESERVATION EQUIPMENT LTD,Town Hall - Museum,419,Display/Museum Exhibits,Third Party Supplier,STANDARD,1255,KAAA-Directorate of Economic Growth and Neighbourhood Services
RBC Legal Entity,2021/08/13,4579396,255680,AGRICULTURAL & ESTATE SERVICES,Grounds Maintenance,1785,CPG Maintenance,SUB-CONTRACTOR,STANDARD,1306,KAAA-Directorate of Economic Growth and Neighbourhood Services
RBC Legal Entity,2021/08/13,4579406,255680,AGRICULTURAL & ESTATE SERVICES,Grounds Maintenance,3868,CPG Maintenance,SUB-CONTRACTOR,STANDARD,1306,KAAA-Directorate of Economic Growth and Neighbourhood Services
RBC Legal Entity,2021/08/13,4555283,255681,LAPLACE BUILDING SOLUTIONS (SOUTH) LIMITED,Repairs,55.31,Essential Cyclical Insp. + Mai,SUB-CONTRACTOR,STANDARD,5970,HAAA-Housing Revenue Account
RBC Legal Entity,2021/08/13,4555283,255681,LAPLACE BUILDING SOLUTIONS (SOUTH) LIMITED,Corporate Maintenance Services,407.63,Leasing Costs,SUB-CONTRACTOR,STANDARD,4080,KAAA-Directorate of Economic Growth and Neighbourhood Services
RBC Legal Entity,2021/08/13,4555283,255681,LAPLACE BUILDING SOLUTIONS (SOUTH) LIMITED,Corporate Maintenance Services,720.38,Precepts,SUB-CONTRACTOR,STANDARD,4080,KAAA-Directorate of Economic Growth and Neighbourhood Services
RBC Legal Entity,2021/08/13,4575572,255681,LAPLACE BUILDING SOLUTIONS (SOUTH) LIMITED,Repairs,9.22,Essential Cyclical Insp. + Mai,SUB-CONTRACTOR,STANDARD,5970,HAAA-Housing Revenue Account
RBC Legal Entity,2021/08/13,4575572,255681,LAPLACE BUILDING SOLUTIONS (SOUTH) LIMITED,Repairs,22.51,Essential Cyclical Insp. + Mai,SUB-CONTRACTOR,STANDARD,5970,HAAA-Housing Revenue Account
RBC Legal Entity,2021/08/13,4575572,255681,LAPLACE BUILDING SOLUTIONS (SOUTH) LIMITED,Repairs,44.86,Essential Cyclical Insp. + Mai,SUB-CONTRACTOR,STANDARD,5970,HAAA-Housing Revenue Account
RBC Legal Entity,2021/08/13,4575572,255681,LAPLACE BUILDING SOLUTIONS (SOUTH) LIMITED,Corporate Maintenance Services,67.94,Leasing Costs,SUB-CONTRACTOR,STANDARD,4080,KAAA-Directorate of Economic Growth and Neighbourhood Services
RBC Legal Entity,2021/08/13,4575572,255681,LAPLACE BUILDING SOLUTIONS (SOUTH) LIMITED,Repairs,73.75,Essential Cyclical Insp. + Mai,SUB-CONTRACTOR,STANDARD,5970,HAAA-Housing Revenue Account
RBC Legal Entity,2021/08/13,4575572,255681,LAPLACE BUILDING SOLUTIONS (SOUTH) LIMITED,Corporate Maintenance Services,120.06,Precepts,SUB-CONTRACTOR,STANDARD,4080,KAAA-Directorate of Economic Growth and Neighbourhood Services
RBC Legal Entity,2021/08/13,4575572,255681,LAPLACE BUILDING SOLUTIONS (SOUTH) LIMITED,Corporate Maintenance Services,165.89,Leasing Costs,SUB-CONTRACTOR,STANDARD,4080,KAAA-Directorate of Economic Growth and Neighbourhood Services
RBC Legal Entity,2021/08/13,4575572,255681,LAPLACE BUILDING SOLUTIONS (SOUTH) LIMITED,Corporate Maintenance Services,293.17,Precepts,SUB-CONTRACTOR,STANDARD,4080,KAAA-Directorate of Economic Growth and Neighbourhood Services
RBC Legal Entity,2021/08/13,4575572,255681,LAPLACE BUILDING SOLUTIONS (SOUTH) LIMITED,Corporate Maintenance Services,330.6,Leasing Costs,SUB-CONTRACTOR,STANDARD,4080,KAAA-Directorate of Economic Growth and Neighbourhood Services
RBC Legal Entity,2021/08/13,4575572,255681,LAPLACE BUILDING SOLUTIONS (SOUTH) LIMITED,Corporate Maintenance Services,543.51,Leasing Costs,SUB-CONTRACTOR,STANDARD,4080,KAAA-Directorate of Economic Growth and Neighbourhood Services
RBC Legal Entity,2021/08/13,4575572,255681,LAPLACE BUILDING SOLUTIONS (SOUTH) LIMITED,Corporate Maintenance Services,584.24,Precepts,SUB-CONTRACTOR,STANDARD,4080,KAAA-Directorate of Economic Growth and Neighbourhood Services
RBC Legal Entity,2021/08/13,4575572,255681,LAPLACE BUILDING SOLUTIONS (SOUTH) LIMITED,Corporate Maintenance Services,960.5,Precepts,SUB-CONTRACTOR,STANDARD,4080,KAAA-Directorate of Economic Growth and Neighbourhood Services
RBC Legal Entity,2021/08/13,4546903,255683,BLESSED HUGH FARINGDON RC SCHOOL,Primary School Delegated Budget (DSG),375450.55,School Transfer Payment,GOVERNMENT,STANDARD,3140,NAAA-Former Directorate of Education and Childrens Services
RBC Legal Entity,2021/08/13,4546904,255683,BLESSED HUGH FARINGDON RC SCHOOL,Primary School Delegated Budget (DSG),-795.2,School Transfer Payment,GOVERNMENT,CREDIT,3140,NAAA-Former Directorate of Education and Childrens Services
RBC Legal Entity,2021/08/13,4579384,255685,EARTH ANCHORS LTD,Parks + Open Spaces,15.5,Furniture,Third Party Supplier,STANDARD,8003,ZZZC-Capital
RBC Legal Entity,2021/08/13,4579384,255685,EARTH ANCHORS LTD,Parks + Open Spaces,15.5,Furniture,Third Party Supplier,STANDARD,8003,ZZZC-Capital
RBC Legal Entity,2021/08/13,4579384,255685,EARTH ANCHORS LTD,Parks + Open Spaces,31,Furniture,Third Party Supplier,STANDARD,8003,ZZZC-Capital
RBC Legal Entity,2021/08/13,4579384,255685,EARTH ANCHORS LTD,Parks + Open Spaces,290,Furniture,Third Party Supplier,STANDARD,8003,ZZZC-Capital
RBC Legal Entity,2021/08/13,4579384,255685,EARTH ANCHORS LTD,Parks + Open Spaces,290,Furniture,Third Party Supplier,STANDARD,8003,ZZZC-Capital
RBC Legal Entity,2021/08/13,4579384,255685,EARTH ANCHORS LTD,Parks + Open Spaces,580,Furniture,Third Party Supplier,STANDARD,8003,ZZZC-Capital
RBC Legal Entity,2021/08/13,4585172,255686,NEW WOKINGHAM RD SURGERY,Berkshire West Public Health Hub,874.5,NHS Trusts,Third Party Supplier,STANDARD,2002,JAAA-Directorate of Social Care and Health Services
RBC Legal Entity,2021/08/13,4585175,255687,WOOSEHILL PRACTICE,Berkshire West Public Health Hub,1519.5,NHS Trusts,Third Party Supplier,STANDARD,2002,JAAA-Directorate of Social Care and Health Services
RBC Legal Entity,2021/08/13,4585175,255687,WOOSEHILL PRACTICE,Berkshire West Public Health Hub,2943,NHS Trusts,Third Party Supplier,STANDARD,2002,JAAA-Directorate of Social Care and Health Services
RBC Legal Entity,2021/08/13,4585185,255688,THE DOWNLAND PRACTICE,Berkshire West Public Health Hub,428,NHS Trusts,Third Party Supplier,STANDARD,2002,JAAA-Directorate of Social Care and Health Services
RBC Legal Entity,2021/08/13,4585185,255688,THE DOWNLAND PRACTICE,Berkshire West Public Health Hub,3160,NHS Trusts,Third Party Supplier,STANDARD,2002,JAAA-Directorate of Social Care and Health Services
RBC Legal Entity,2021/08/13,4585184,255689,THE BUCKLEBURY PRACTICE (CHAPEL ROW),Berkshire West Public Health Hub,452,NHS Trusts,Third Party Supplier,STANDARD,2002,JAAA-Directorate of Social Care and Health Services
RBC Legal Entity,2021/08/13,4585184,255689,THE BUCKLEBURY PRACTICE (CHAPEL ROW),Berkshire West Public Health Hub,1417,NHS Trusts,Third Party Supplier,STANDARD,2002,JAAA-Directorate of Social Care and Health Services
RBC Legal Entity,2021/08/13,4585190,255690,THE BOATHOUSE SURGERY,Berkshire West Public Health Hub,540,NHS Trusts,Third Party Supplier,STANDARD,2002,JAAA-Directorate of Social Care and Health Services
RBC Legal Entity,2021/08/13,4585190,255690,THE BOATHOUSE SURGERY,Berkshire West Public Health Hub,2984.5,NHS Trusts,Third Party Supplier,STANDARD,2002,JAAA-Directorate of Social Care and Health Services
RBC Legal Entity,2021/08/13,4585191,255691,STRAWBERRY HILL MEDICAL CENTRE,Berkshire West Public Health Hub,5243.5,NHS Trusts,Third Party Supplier,STANDARD,2002,JAAA-Directorate of Social Care and Health Services
RBC Legal Entity,2021/08/13,4585186,255692,FALKLAND SURGERY,Berkshire West Public Health Hub,3984,NHS Trusts,Third Party Supplier,STANDARD,2002,JAAA-Directorate of Social Care and Health Services
RBC Legal Entity,2021/08/13,4585160,255695,LOK 'N' STORE LTD,The Records Centre,552.69,Other Office Expenses,Third Party Supplier,STANDARD,1257,KAAA-Directorate of Economic Growth and Neighbourhood Services
RBC Legal Entity,2021/08/13,4585160,255695,LOK 'N' STORE LTD,The Records Centre,630.82,Other Office Expenses,Third Party Supplier,STANDARD,1257,KAAA-Directorate of Economic Growth and Neighbourhood Services
RBC Legal Entity,2021/08/13,4584379,255697,ISABELLE WATSON,JLT Disbursements,5200,Misc. Legal Expenses,SUPPLIER,STANDARD,2407,LAAA-Directorate of Resources
RBC Legal Entity,2021/08/13,4579380,255699,N A BROWN LTD T/A ROADBRUSHES,Fleet Management,503,Vehicle Maintenance,Third Party Supplier,STANDARD,4552,KAAA-Directorate of Economic Growth and Neighbourhood Services
RBC Legal Entity,2021/08/13,4579380,255699,N A BROWN LTD T/A ROADBRUSHES,Fleet Management,972.9,Vehicle Maintenance,Third Party Supplier,STANDARD,4552,KAAA-Directorate of Economic Growth and Neighbourhood Services
RBC Legal Entity,2021/08/13,4585187,255700,HUNGERFORD SURGERY,Berkshire West Public Health Hub,2021.5,NHS Trusts,Third Party Supplier,STANDARD,2002,JAAA-Directorate of Social Care and Health Services
RBC Legal Entity,2021/08/13,4582484,255701,WILLIAM MCVICKER,Town Hall - Concert Hall Events,874,Professional Fees,SUPPLIER,STANDARD,1213,KAAA-Directorate of Economic Growth and Neighbourhood Services
RBC Legal Entity,2021/08/13,4580047,255709,EIBE PLAY LTD (EIBEPLAY LIMITED),Grounds Maintenance,430.56,CPG Maintenance,Third Party Supplier,STANDARD,1306,KAAA-Directorate of Economic Growth and Neighbourhood Services
RBC Legal Entity,2021/08/13,4582414,255710,IMPERIAL COLLEGE PROJECTS LTD,Coroner,50,Medical Fees,SUPPLIER,STANDARD,4605,KAAA-Directorate of Economic Growth and Neighbourhood Services
RBC Legal Entity,2021/08/13,4582414,255710,IMPERIAL COLLEGE PROJECTS LTD,Coroner,55,Medical Fees,SUPPLIER,STANDARD,4605,KAAA-Directorate of Economic Growth and Neighbourhood Services
RBC Legal Entity,2021/08/13,4582414,255710,IMPERIAL COLLEGE PROJECTS LTD,Coroner,120,Medical Fees,SUPPLIER,STANDARD,4605,KAAA-Directorate of Economic Growth and Neighbourhood Services
RBC Legal Entity,2021/08/13,4582414,255710,IMPERIAL COLLEGE PROJECTS LTD,Coroner,155,Medical Fees,SUPPLIER,STANDARD,4605,KAAA-Directorate of Economic Growth and Neighbourhood Services
RBC Legal Entity,2021/08/13,4582414,255710,IMPERIAL COLLEGE PROJECTS LTD,Coroner,210,Medical Fees,SUPPLIER,STANDARD,4605,KAAA-Directorate of Economic Growth and Neighbourhood Services
RBC Legal Entity,2021/08/13,4582742,255711,CROWN LODGE GUEST HOUSE,Bed and Breakfast,595,Rents,Third Party Supplier,STANDARD,5871,KAAA-Directorate of Economic Growth and Neighbourhood Services
RBC Legal Entity,2021/08/13,4582751,255711,CROWN LODGE GUEST HOUSE,Bed and Breakfast,693,Rents,Third Party Supplier,STANDARD,5871,KAAA-Directorate of Economic Growth and Neighbourhood Services
RBC Legal Entity,2021/08/13,4582752,255711,CROWN LODGE GUEST HOUSE,Bed and Breakfast,665,Rents,Third Party Supplier,STANDARD,5871,KAAA-Directorate of Economic Growth and Neighbourhood Services
RBC Legal Entity,2021/08/13,4583543,255711,CROWN LODGE GUEST HOUSE,Single Homelessness Grants,595,Preventive+SupportiveServ,Third Party Supplier,STANDARD,5860,KAAA-Directorate of Economic Growth and Neighbourhood Services
RBC Legal Entity,2021/08/16,4582589,255713,NATASHA MILLER,JLT Disbursements,600,Misc. Legal Expenses,SUPPLIER,STANDARD,2407,LAAA-Directorate of Resources
RBC Legal Entity,2021/08/16,4582779,255714,ATHENA FORENSICS LTD,JLT Disbursements,864,Misc. Legal Expenses,Third Party Supplier,STANDARD,2407,LAAA-Directorate of Resources
RBC Legal Entity,2021/08/16,4582651,255718,DANIEL TILLER (MY NAME IS DAN),Test and Trace,500,Publicity & Media Work,SUPPLIER,STANDARD,2068,JAAA-Directorate of Social Care and Health Services
RBC Legal Entity,2021/08/16,4582929,255719,MAVIS AMONOO-ACQUAH,JLT Disbursements,625,Misc. Legal Expenses,SUPPLIER,STANDARD,2407,LAAA-Directorate of Resources
RBC Legal Entity,2021/08/16,4580142,255720,STANTEC UK LIMITED,LEP Projects,7000,Contractors,Third Party Supplier,STANDARD,8806,ZZZC-Capital
RBC Legal Entity,2021/08/16,4580316,255720,STANTEC UK LIMITED,Bridge Maintenance,2716.68,Contractors,Third Party Supplier,STANDARD,8873,ZZZC-Capital
RBC Legal Entity,2021/08/16,4580340,255720,STANTEC UK LIMITED,Civil Engineering,1064,TPP  Contract,Third Party Supplier,STANDARD,4550,KAAA-Directorate of Economic Growth and Neighbourhood Services
RBC Legal Entity,2021/08/16,4580345,255720,STANTEC UK LIMITED,Civil Engineering,2546,TPP  Contract,Third Party Supplier,STANDARD,4550,KAAA-Directorate of Economic Growth and Neighbourhood Services
RBC Legal Entity,2021/08/16,4580880,255720,STANTEC UK LIMITED,Civil Engineering,1500,TPP  Contract,Third Party Supplier,STANDARD,4550,KAAA-Directorate of Economic Growth and Neighbourhood Services
RBC Legal Entity,2021/08/16,4580887,255720,STANTEC UK LIMITED,Bridge Maintenance,2000,Contractors,Third Party Supplier,STANDARD,8873,ZZZC-Capital
RBC Legal Entity,2021/08/16,4580904,255720,STANTEC UK LIMITED,Civil Engineering,1200,TPP  Contract,Third Party Supplier,STANDARD,4550,KAAA-Directorate of Economic Growth and Neighbourhood Services
RBC Legal Entity,2021/08/16,4582723,255721,BERKSHIRE ROOMS,Bed and Breakfast,600,Rents,SUPPLIER,STANDARD,5871,KAAA-Directorate of Economic Growth and Neighbourhood Services
RBC Legal Entity,2021/08/16,4582726,255721,BERKSHIRE ROOMS,Bed and Breakfast,133,Rents,SUPPLIER,STANDARD,5871,KAAA-Directorate of Economic Growth and Neighbourhood Services
RBC Legal Entity,2021/08/16,4582726,255721,BERKSHIRE ROOMS,Bed and Breakfast,532,Rents,SUPPLIER,STANDARD,5871,KAAA-Directorate of Economic Growth and Neighbourhood Services
RBC Legal Entity,2021/08/16,4584474,255721,BERKSHIRE ROOMS,Bed and Breakfast,57,Rents,SUPPLIER,STANDARD,5871,KAAA-Directorate of Economic Growth and Neighbourhood Services
RBC Legal Entity,2021/08/16,4584474,255721,BERKSHIRE ROOMS,Bed and Breakfast,228,Rents,SUPPLIER,STANDARD,5871,KAAA-Directorate of Economic Growth and Neighbourhood Services
RBC Legal Entity,2021/08/16,4584474,255721,BERKSHIRE ROOMS,Bed and Breakfast,380,Rents,SUPPLIER,STANDARD,5871,KAAA-Directorate of Economic Growth and Neighbourhood Services
RBC Legal Entity,2021/08/16,4582869,255722,MISCHA TYTEL,Bed and Breakfast,2790,Rents,SUPPLIER,STANDARD,5871,KAAA-Directorate of Economic Growth and Neighbourhood Services
RBC Legal Entity,2021/08/16,4584032,255723,AMHERST READING,Bed and Breakfast,700,Rents,Third Party Supplier,STANDARD,5871,KAAA-Directorate of Economic Growth and Neighbourhood Services
RBC Legal Entity,2021/08/16,4581899,255726,CALVIN MUYENDESI,Safeguarding Adults,1000,Professional Fees,CONTRACTOR,STANDARD,5158,JAAA-Directorate of Social Care and Health Services
RBC Legal Entity,2021/08/16,4580389,255728,MARSH AND JLT SPECIALTY,Insurance CEC,21224,Insurances  Central,Third Party Supplier,STANDARD,2205,LAAA-Directorate of Resources
RBC Legal Entity,2021/08/16,4582649,255730,CONTRACT OPTIONS LTD,Road Resurfacing,41894.16,Contractors,Third Party Supplier,STANDARD,8870,ZZZC-Capital
RBC Legal Entity,2021/08/16,4582694,255732,MASS MEDIA OUTDOOR LTD,Test and Trace,1850,Publicity & Media Work,Third Party Supplier,STANDARD,2068,JAAA-Directorate of Social Care and Health Services
RBC Legal Entity,2021/08/16,4580307,255733,CHARTERHOUSE MULLER UK LTD,IT Management,2051.25,Waste Disposal,Third Party Supplier,STANDARD,2300,LAAA-Directorate of Resources
RBC Legal Entity,2021/08/16,4583462,255735,SOLUTIONS 4 HEALTH LTD,Berkshire West Public Health Hub,8333.33,Payments to Operators,Third Party Supplier,STANDARD,2002,JAAA-Directorate of Social Care and Health Services
RBC Legal Entity,2021/08/16,4583462,255735,SOLUTIONS 4 HEALTH LTD,Berkshire West Public Health Hub,8333.33,Payments to Operators,Third Party Supplier,STANDARD,2002,JAAA-Directorate of Social Care and Health Services
RBC Legal Entity,2021/08/16,4583462,255735,SOLUTIONS 4 HEALTH LTD,Berkshire West Public Health Hub,8333.34,Payments to Operators,Third Party Supplier,STANDARD,2002,JAAA-Directorate of Social Care and Health Services
RBC Legal Entity,2021/08/16,4580171,255813,READIBUS LTD,Strategic Transport & Concessionary Fares,112500,Payments to Operators,SUPPLIER,STANDARD,4726,KAAA-Directorate of Economic Growth and Neighbourhood Services
RBC Legal Entity,2021/08/16,4583520,255814,DR J SUMITRA,Crematorium,20,Medical Fees,SUPPLIER,STANDARD,4606,LAAA-Directorate of Resources
RBC Legal Entity,2021/08/16,4583520,255814,DR J SUMITRA,Crematorium,1461.5,Medical Fees,SUPPLIER,STANDARD,4606,LAAA-Directorate of Resources
RBC Legal Entity,2021/08/16,4582411,255815,BOUCHIER FENCING LIMITED,Highways,72.6,Materials Direct,SUPPLIER,STANDARD,4252,KAAA-Directorate of Economic Growth and Neighbourhood Services
RBC Legal Entity,2021/08/16,4582411,255815,BOUCHIER FENCING LIMITED,Highways,177.2,Materials Direct,SUPPLIER,STANDARD,4252,KAAA-Directorate of Economic Growth and Neighbourhood Services
RBC Legal Entity,2021/08/16,4582411,255815,BOUCHIER FENCING LIMITED,Highways,266.4,Materials Direct,SUPPLIER,STANDARD,4252,KAAA-Directorate of Economic Growth and Neighbourhood Services
RBC Legal Entity,2021/08/16,4582676,255816,THE HILL PRIMARY SCHOOL,Reading Play Services,2467.5,Hire of halls,SUPPLIER,STANDARD,3820,KAAA-Directorate of Economic Growth and Neighbourhood Services
RBC Legal Entity,2021/08/16,4585197,255817,DAVID F COX,Town Hall,525,Building Works,SUPPLIER,STANDARD,8019,ZZZC-Capital
RBC Legal Entity,2021/08/16,4580346,255819,MIDLAND SOFTWARE LIMITED,HR & Payroll,607.12,Software Licences,SUPPLIER,STANDARD,2600,LAAA-Directorate of Resources
RBC Legal Entity,2021/08/16,4580267,255822,BELLSTAN LIMITED,Special Parking Area,5.94,Equipment Purchase & Repair,SUB-CONTRACTOR,STANDARD,4724,KAAA-Directorate of Economic Growth and Neighbourhood Services
RBC Legal Entity,2021/08/16,4580267,255822,BELLSTAN LIMITED,Special Parking Area,6.48,Equipment Purchase & Repair,SUB-CONTRACTOR,STANDARD,4724,KAAA-Directorate of Economic Growth and Neighbourhood Services
RBC Legal Entity,2021/08/16,4580267,255822,BELLSTAN LIMITED,Special Parking Area,10.11,Equipment Purchase & Repair,SUB-CONTRACTOR,STANDARD,4724,KAAA-Directorate of Economic Growth and Neighbourhood Services
RBC Legal Entity,2021/08/16,4580267,255822,BELLSTAN LIMITED,Special Parking Area,14.17,Equipment Purchase & Repair,SUB-CONTRACTOR,STANDARD,4724,KAAA-Directorate of Economic Growth and Neighbourhood Services
RBC Legal Entity,2021/08/16,4580267,255822,BELLSTAN LIMITED,Special Parking Area,28.38,Equipment Purchase & Repair,SUB-CONTRACTOR,STANDARD,4724,KAAA-Directorate of Economic Growth and Neighbourhood Services
RBC Legal Entity,2021/08/16,4580267,255822,BELLSTAN LIMITED,Special Parking Area,50.76,Equipment Purchase & Repair,SUB-CONTRACTOR,STANDARD,4724,KAAA-Directorate of Economic Growth and Neighbourhood Services
RBC Legal Entity,2021/08/16,4580267,255822,BELLSTAN LIMITED,Special Parking Area,51.9,Equipment Purchase & Repair,SUB-CONTRACTOR,STANDARD,4724,KAAA-Directorate of Economic Growth and Neighbourhood Services
RBC Legal Entity,2021/08/16,4580267,255822,BELLSTAN LIMITED,Special Parking Area,64.61,Equipment Purchase & Repair,SUB-CONTRACTOR,STANDARD,4724,KAAA-Directorate of Economic Growth and Neighbourhood Services
RBC Legal Entity,2021/08/16,4580267,255822,BELLSTAN LIMITED,Special Parking Area,84.24,Equipment Purchase & Repair,SUB-CONTRACTOR,STANDARD,4724,KAAA-Directorate of Economic Growth and Neighbourhood Services
RBC Legal Entity,2021/08/16,4580267,255822,BELLSTAN LIMITED,Special Parking Area,236.52,Equipment Purchase & Repair,SUB-CONTRACTOR,STANDARD,4724,KAAA-Directorate of Economic Growth and Neighbourhood Services
RBC Legal Entity,2021/08/16,4580412,255825,AMBLEGLOW,Traffic,830,Traffic Orders,Third Party Supplier,STANDARD,4703,KAAA-Directorate of Economic Growth and Neighbourhood Services
RBC Legal Entity,2021/08/16,4580966,255825,AMBLEGLOW,Traffic Management,820,Contractors,Third Party Supplier,STANDARD,8851,ZZZC-Capital
RBC Legal Entity,2021/08/16,4584461,255826,CITY & GUILDS,New Directions,648.6,Examination Fees,SUPPLIER,STANDARD,3340,KAAA-Directorate of Economic Growth and Neighbourhood Services
RBC Legal Entity,2021/08/16,4580304,255829,J MOULD (READING),HRA portfolio expansion,8891.05,External Fees  Misc.,SUB-CONTRACTOR,STANDARD,8518,ZZZC-Capital
RBC Legal Entity,2021/08/16,4580304,255829,J MOULD (READING),HRA portfolio expansion,9390.13,External Fees  Misc.,SUB-CONTRACTOR,STANDARD,8518,ZZZC-Capital
RBC Legal Entity,2021/08/16,4582823,255830,A2 DOMINION GROUP,Charles Clore Court,3647.25,Rents,SUPPLIER,STANDARD,5157,JAAA-Directorate of Social Care and Health Services
RBC Legal Entity,2021/08/16,4582824,255830,A2 DOMINION GROUP,Charles Clore Court,3639.27,Rents,SUPPLIER,STANDARD,5157,JAAA-Directorate of Social Care and Health Services
RBC Legal Entity,2021/08/16,4582825,255830,A2 DOMINION GROUP,Charles Clore Court,3614.97,Rents,SUPPLIER,STANDARD,5157,JAAA-Directorate of Social Care and Health Services
RBC Legal Entity,2021/08/16,4583533,255831,READING HOTEL,Single Homelessness Grants,1125,Preventive+SupportiveServ,SUPPLIER,STANDARD,5860,KAAA-Directorate of Economic Growth and Neighbourhood Services
RBC Legal Entity,2021/08/16,4580427,255832,HAGS-SMP LIMITED,Grounds Maintenance,746,CPG Maintenance,SUB-CONTRACTOR,STANDARD,1306,KAAA-Directorate of Economic Growth and Neighbourhood Services
RBC Legal Entity,2021/08/16,4582433,255834,NEIL CURTIS FUNERAL CONTRACTOR,Grounds Maintenance,1425,TPP to Others,SUPPLIER,STANDARD,1306,KAAA-Directorate of Economic Growth and Neighbourhood Services
RBC Legal Entity,2021/08/16,4584215,255835,BERKSHIRE MS THERAPY CENTRE,ASC Voluntary Grants,1950,GrantsVolunt.Organ.,SUPPLIER,STANDARD,5300,JAAA-Directorate of Social Care and Health Services
RBC Legal Entity,2021/08/16,4582677,255836,BOSLEY BUILDERS,DLO Voids Trades,692.27,Subcontractors Labour,SUB-CONTRACTOR,STANDARD,4020,KAAA-Directorate of Economic Growth and Neighbourhood Services
RBC Legal Entity,2021/08/16,4582684,255836,BOSLEY BUILDERS,DLO Voids Trades,444.94,Subcontractors Labour,SUB-CONTRACTOR,STANDARD,4020,KAAA-Directorate of Economic Growth and Neighbourhood Services
RBC Legal Entity,2021/08/16,4582866,255836,BOSLEY BUILDERS,DLO Day to Day Trades,8463.97,Subcontractors Labour,SUB-CONTRACTOR,STANDARD,4010,KAAA-Directorate of Economic Growth and Neighbourhood Services
RBC Legal Entity,2021/08/16,4584007,255837,REED,ASC Short Term Team,4.95,Agency Staff,SUPPLIER,STANDARD,5722,JAAA-Directorate of Social Care and Health Services
RBC Legal Entity,2021/08/16,4584007,255837,REED,ASC Locality Team,4.95,Agency Staff,SUPPLIER,STANDARD,5721,JAAA-Directorate of Social Care and Health Services
RBC Legal Entity,2021/08/16,4584007,255837,REED,ASC Locality Team,5.4,Agency Staff,SUPPLIER,STANDARD,5721,JAAA-Directorate of Social Care and Health Services
RBC Legal Entity,2021/08/16,4584007,255837,REED,BFFC Agency Staff (Rechargeable),7.2,Agency Staff,SUPPLIER,STANDARD,2008,LAAA-Directorate of Resources
RBC Legal Entity,2021/08/16,4584007,255837,REED,ASC Short Term Team,7.65,Agency Staff,SUPPLIER,STANDARD,5722,JAAA-Directorate of Social Care and Health Services
RBC Legal Entity,2021/08/16,4584007,255837,REED,BFFC Agency Staff (Rechargeable),9.45,Agency Staff,SUPPLIER,STANDARD,2008,LAAA-Directorate of Resources
RBC Legal Entity,2021/08/16,4584007,255837,REED,BFFC Agency Staff (Rechargeable),11,Agency Staff,SUPPLIER,STANDARD,2008,LAAA-Directorate of Resources
RBC Legal Entity,2021/08/16,4584007,255837,REED,BFFC Agency Staff (Rechargeable),18.9,Agency Staff,SUPPLIER,STANDARD,2008,LAAA-Directorate of Resources
RBC Legal Entity,2021/08/16,4584007,255837,REED,BFFC Agency Staff (Rechargeable),24.3,Agency Staff,SUPPLIER,STANDARD,2008,LAAA-Directorate of Resources
RBC Legal Entity,2021/08/16,4584007,255837,REED,BFFC Agency Staff (Rechargeable),26.1,Agency Staff,SUPPLIER,STANDARD,2008,LAAA-Directorate of Resources
RBC Legal Entity,2021/08/16,4584007,255837,REED,BFFC Agency Staff (Rechargeable),27.9,Agency Staff,SUPPLIER,STANDARD,2008,LAAA-Directorate of Resources
RBC Legal Entity,2021/08/16,4584007,255837,REED,BFFC Agency Staff (Rechargeable),35.1,Agency Staff,SUPPLIER,STANDARD,2008,LAAA-Directorate of Resources
RBC Legal Entity,2021/08/16,4584007,255837,REED,BFFC Agency Staff (Rechargeable),42.3,Agency Staff,SUPPLIER,STANDARD,2008,LAAA-Directorate of Resources
RBC Legal Entity,2021/08/16,4584007,255837,REED,ASC Short Term Team,54.9,Agency Staff,SUPPLIER,STANDARD,5722,JAAA-Directorate of Social Care and Health Services
RBC Legal Entity,2021/08/16,4584007,255837,REED,BFFC Agency Staff (Rechargeable),57.15,Agency Staff,SUPPLIER,STANDARD,2008,LAAA-Directorate of Resources
RBC Legal Entity,2021/08/16,4584007,255837,REED,BFFC Agency Staff (Rechargeable),86,Agency Staff,SUPPLIER,STANDARD,2008,LAAA-Directorate of Resources
RBC Legal Entity,2021/08/16,4584007,255837,REED,Lateral Flow Testing,108.6,Agency Staff,SUPPLIER,STANDARD,2701,LAAA-Directorate of Resources
RBC Legal Entity,2021/08/16,4584007,255837,REED,BFFC Agency Staff (Rechargeable),122.4,Agency Staff,SUPPLIER,STANDARD,2008,LAAA-Directorate of Resources
RBC Legal Entity,2021/08/16,4584007,255837,REED,BFFC Agency Staff (Rechargeable),148.2,Agency Staff,SUPPLIER,STANDARD,2008,LAAA-Directorate of Resources
RBC Legal Entity,2021/08/16,4584007,255837,REED,BFFC Agency Staff (Rechargeable),158.76,Agency Staff,SUPPLIER,STANDARD,2008,LAAA-Directorate of Resources
RBC Legal Entity,2021/08/16,4584007,255837,REED,Customer Services - Reception,195.11,Agency Staff,SUPPLIER,STANDARD,2595,LAAA-Directorate of Resources
RBC Legal Entity,2021/08/16,4584007,255837,REED,BFFC Agency Staff (Rechargeable),239.4,Agency Staff,SUPPLIER,STANDARD,2008,LAAA-Directorate of Resources
RBC Legal Entity,2021/08/16,4584007,255837,REED,Refuse Collection,378.63,Agency Staff,SUPPLIER,STANDARD,4561,KAAA-Directorate of Economic Growth and Neighbourhood Services
RBC Legal Entity,2021/08/16,4584007,255837,REED,Grounds Maintenance,384.21,Agency Staff,SUPPLIER,STANDARD,1306,KAAA-Directorate of Economic Growth and Neighbourhood Services
RBC Legal Entity,2021/08/16,4584007,255837,REED,BFFC Agency Staff (Rechargeable),398.66,Agency Staff,SUPPLIER,STANDARD,2008,LAAA-Directorate of Resources
RBC Legal Entity,2021/08/16,4584007,255837,REED,Procurement Services,444.42,Agency Staff,SUPPLIER,STANDARD,2402,LAAA-Directorate of Resources
RBC Legal Entity,2021/08/16,4584007,255837,REED,Lateral Flow Testing,446.06,Agency Staff,SUPPLIER,STANDARD,2701,LAAA-Directorate of Resources
RBC Legal Entity,2021/08/16,4584007,255837,REED,Accountancy,465.04,Agency Staff,SUPPLIER,STANDARD,2200,LAAA-Directorate of Resources
RBC Legal Entity,2021/08/16,4584007,255837,REED,Refuse Collection,481.19,Agency Staff,SUPPLIER,STANDARD,4561,KAAA-Directorate of Economic Growth and Neighbourhood Services
RBC Legal Entity,2021/08/16,4584007,255837,REED,Lateral Flow Testing,483.79,Agency Staff,SUPPLIER,STANDARD,2701,LAAA-Directorate of Resources
RBC Legal Entity,2021/08/16,4584007,255837,REED,Accountancy,489.96,Agency Staff,SUPPLIER,STANDARD,2200,LAAA-Directorate of Resources
RBC Legal Entity,2021/08/16,4584007,255837,REED,Refuse Collection,520.93,Agency Staff,SUPPLIER,STANDARD,4561,KAAA-Directorate of Economic Growth and Neighbourhood Services
RBC Legal Entity,2021/08/16,4584007,255837,REED,Street Cleansing,525.2,Agency Staff,SUPPLIER,STANDARD,4566,KAAA-Directorate of Economic Growth and Neighbourhood Services
RBC Legal Entity,2021/08/16,4584007,255837,REED,Street Cleansing,525.2,Agency Staff,SUPPLIER,STANDARD,4566,KAAA-Directorate of Economic Growth and Neighbourhood Services
RBC Legal Entity,2021/08/16,4584007,255837,REED,Street Cleansing,531.86,Agency Staff,SUPPLIER,STANDARD,4566,KAAA-Directorate of Economic Growth and Neighbourhood Services
RBC Legal Entity,2021/08/16,4584007,255837,REED,Street Cleansing,531.86,Agency Staff,SUPPLIER,STANDARD,4566,KAAA-Directorate of Economic Growth and Neighbourhood Services
RBC Legal Entity,2021/08/16,4584007,255837,REED,Street Cleansing,531.86,Agency Staff,SUPPLIER,STANDARD,4566,KAAA-Directorate of Economic Growth and Neighbourhood Services
RBC Legal Entity,2021/08/16,4584007,255837,REED,Street Cleansing,531.86,Agency Staff,SUPPLIER,STANDARD,4566,KAAA-Directorate of Economic Growth and Neighbourhood Services
RBC Legal Entity,2021/08/16,4584007,255837,REED,Lateral Flow Testing,535.27,Agency Staff,SUPPLIER,STANDARD,2701,LAAA-Directorate of Resources
RBC Legal Entity,2021/08/16,4584007,255837,REED,Lateral Flow Testing,535.27,Agency Staff,SUPPLIER,STANDARD,2701,LAAA-Directorate of Resources
RBC Legal Entity,2021/08/16,4584007,255837,REED,ASC Locality Team,538.5,Agency Staff,SUPPLIER,STANDARD,5721,JAAA-Directorate of Social Care and Health Services
RBC Legal Entity,2021/08/16,4584007,255837,REED,ASC Locality Team,544.58,Agency Staff,SUPPLIER,STANDARD,5721,JAAA-Directorate of Social Care and Health Services
RBC Legal Entity,2021/08/16,4584007,255837,REED,Lateral Flow Testing,579.88,Agency Staff,SUPPLIER,STANDARD,2701,LAAA-Directorate of Resources
RBC Legal Entity,2021/08/16,4584007,255837,REED,Lateral Flow Testing,579.88,Agency Staff,SUPPLIER,STANDARD,2701,LAAA-Directorate of Resources
RBC Legal Entity,2021/08/16,4584007,255837,REED,Lateral Flow Testing,579.88,Agency Staff,SUPPLIER,STANDARD,2701,LAAA-Directorate of Resources
RBC Legal Entity,2021/08/16,4584007,255837,REED,BFFC Agency Staff (Rechargeable),581.2,Agency Staff,SUPPLIER,STANDARD,2008,LAAA-Directorate of Resources
RBC Legal Entity,2021/08/16,4584007,255837,REED,Refuse Collection,597.13,Agency Staff,SUPPLIER,STANDARD,4561,KAAA-Directorate of Economic Growth and Neighbourhood Services
RBC Legal Entity,2021/08/16,4584007,255837,REED,Refuse Collection,616.31,Agency Staff,SUPPLIER,STANDARD,4561,KAAA-Directorate of Economic Growth and Neighbourhood Services
RBC Legal Entity,2021/08/16,4584007,255837,REED,Refuse Collection,620.5,Agency Staff,SUPPLIER,STANDARD,4561,KAAA-Directorate of Economic Growth and Neighbourhood Services
RBC Legal Entity,2021/08/16,4584007,255837,REED,Buildings Payroll,626.11,Agency Staff,SUPPLIER,STANDARD,3390,KAAA-Directorate of Economic Growth and Neighbourhood Services
RBC Legal Entity,2021/08/16,4584007,255837,REED,Street Cleansing,638.22,Agency Staff,SUPPLIER,STANDARD,4566,KAAA-Directorate of Economic Growth and Neighbourhood Services
RBC Legal Entity,2021/08/16,4584007,255837,REED,ASC Locality Team,644.3,Agency Staff,SUPPLIER,STANDARD,5721,JAAA-Directorate of Social Care and Health Services
RBC Legal Entity,2021/08/16,4584007,255837,REED,Refuse Collection,656.33,Agency Staff,SUPPLIER,STANDARD,4561,KAAA-Directorate of Economic Growth and Neighbourhood Services
RBC Legal Entity,2021/08/16,4584007,255837,REED,BFFC Agency Staff (Rechargeable),658.5,Agency Staff,SUPPLIER,STANDARD,2008,LAAA-Directorate of Resources
RBC Legal Entity,2021/08/16,4584007,255837,REED,Lateral Flow Testing,686.94,Agency Staff,SUPPLIER,STANDARD,2701,LAAA-Directorate of Resources
RBC Legal Entity,2021/08/16,4584007,255837,REED,Lateral Flow Testing,686.94,Agency Staff,SUPPLIER,STANDARD,2701,LAAA-Directorate of Resources
RBC Legal Entity,2021/08/16,4584007,255837,REED,Lateral Flow Testing,737.24,Agency Staff,SUPPLIER,STANDARD,2701,LAAA-Directorate of Resources
RBC Legal Entity,2021/08/16,4584007,255837,REED,Refuse Collection,744.38,Agency Staff,SUPPLIER,STANDARD,4561,KAAA-Directorate of Economic Growth and Neighbourhood Services
RBC Legal Entity,2021/08/16,4584007,255837,REED,Lateral Flow Testing,745.09,Agency Staff,SUPPLIER,STANDARD,2701,LAAA-Directorate of Resources
RBC Legal Entity,2021/08/16,4584007,255837,REED,Public Health Team Costs,765.77,Agency Staff,SUPPLIER,STANDARD,2065,JAAA-Directorate of Social Care and Health Services
RBC Legal Entity,2021/08/16,4584007,255837,REED,Lateral Flow Testing,767.64,Agency Staff,SUPPLIER,STANDARD,2701,LAAA-Directorate of Resources
RBC Legal Entity,2021/08/16,4584007,255837,REED,BFFC Agency Staff (Rechargeable),797.63,Agency Staff,SUPPLIER,STANDARD,2008,LAAA-Directorate of Resources
RBC Legal Entity,2021/08/16,4584007,255837,REED,Lateral Flow Testing,886.82,Agency Staff,SUPPLIER,STANDARD,2701,LAAA-Directorate of Resources
RBC Legal Entity,2021/08/16,4584007,255837,REED,BFFC Agency Staff (Rechargeable),888.6,Agency Staff,SUPPLIER,STANDARD,2008,LAAA-Directorate of Resources
RBC Legal Entity,2021/08/16,4584007,255837,REED,Civil Engineering,906.87,Agency Staff,SUPPLIER,STANDARD,4550,KAAA-Directorate of Economic Growth and Neighbourhood Services
RBC Legal Entity,2021/08/16,4584007,255837,REED,BFFC Agency Staff (Rechargeable),921.8,Agency Staff,SUPPLIER,STANDARD,2008,LAAA-Directorate of Resources
RBC Legal Entity,2021/08/16,4584007,255837,REED,Lateral Flow Testing,941.13,Agency Staff,SUPPLIER,STANDARD,2701,LAAA-Directorate of Resources
RBC Legal Entity,2021/08/16,4584007,255837,REED,BFFC Agency Staff (Rechargeable),942.75,Agency Staff,SUPPLIER,STANDARD,2008,LAAA-Directorate of Resources
RBC Legal Entity,2021/08/16,4584007,255837,REED,Lateral Flow Testing,968.61,Agency Staff,SUPPLIER,STANDARD,2701,LAAA-Directorate of Resources
RBC Legal Entity,2021/08/16,4584007,255837,REED,ASC Short Term Team,1067.45,Agency Staff,SUPPLIER,STANDARD,5722,JAAA-Directorate of Social Care and Health Services
RBC Legal Entity,2021/08/16,4584007,255837,REED,ASC Short Term Team,1067.45,Agency Staff,SUPPLIER,STANDARD,5722,JAAA-Directorate of Social Care and Health Services
RBC Legal Entity,2021/08/16,4584007,255837,REED,Safeguarding Adults,1077,Agency Staff,SUPPLIER,STANDARD,5158,JAAA-Directorate of Social Care and Health Services
RBC Legal Entity,2021/08/16,4584007,255837,REED,Legal Services,1131.06,Agency Staff,SUPPLIER,STANDARD,2400,LAAA-Directorate of Resources
RBC Legal Entity,2021/08/16,4584007,255837,REED,ASC Short Term Team,1137,Agency Staff,SUPPLIER,STANDARD,5722,JAAA-Directorate of Social Care and Health Services
RBC Legal Entity,2021/08/16,4584007,255837,REED,Housing Advice,1157.4,Agency Staff,SUPPLIER,STANDARD,5820,KAAA-Directorate of Economic Growth and Neighbourhood Services
RBC Legal Entity,2021/08/16,4584007,255837,REED,Safeguarding Adults,1184.7,Agency Staff,SUPPLIER,STANDARD,5158,JAAA-Directorate of Social Care and Health Services
RBC Legal Entity,2021/08/16,4584007,255837,REED,BFFC Agency Staff (Rechargeable),1257,Agency Staff,SUPPLIER,STANDARD,2008,LAAA-Directorate of Resources
RBC Legal Entity,2021/08/16,4584007,255837,REED,ASC Locality Team,1283.53,Agency Staff,SUPPLIER,STANDARD,5721,JAAA-Directorate of Social Care and Health Services
RBC Legal Entity,2021/08/16,4584007,255837,REED,Housing Management,1296.41,Agency Staff,SUPPLIER,STANDARD,5920,HAAA-Housing Revenue Account
RBC Legal Entity,2021/08/16,4584007,255837,REED,ASC Short Term Team,1313.5,Agency Staff,SUPPLIER,STANDARD,5722,JAAA-Directorate of Social Care and Health Services
RBC Legal Entity,2021/08/16,4584007,255837,REED,ASC Short Term Team,1313.5,Agency Staff,SUPPLIER,STANDARD,5722,JAAA-Directorate of Social Care and Health Services
RBC Legal Entity,2021/08/16,4584007,255837,REED,ASC Short Term Team,1328.3,Agency Staff,SUPPLIER,STANDARD,5722,JAAA-Directorate of Social Care and Health Services
RBC Legal Entity,2021/08/16,4584007,255837,REED,ASC Short Term Team,1328.3,Agency Staff,SUPPLIER,STANDARD,5722,JAAA-Directorate of Social Care and Health Services
RBC Legal Entity,2021/08/16,4584007,255837,REED,ASC Locality Team,1328.3,Agency Staff,SUPPLIER,STANDARD,5721,JAAA-Directorate of Social Care and Health Services
RBC Legal Entity,2021/08/16,4584007,255837,REED,ASC Short Term Team,1364.4,Agency Staff,SUPPLIER,STANDARD,5722,JAAA-Directorate of Social Care and Health Services
RBC Legal Entity,2021/08/16,4584007,255837,REED,ASC Short Term Team,1365.3,Agency Staff,SUPPLIER,STANDARD,5722,JAAA-Directorate of Social Care and Health Services
RBC Legal Entity,2021/08/16,4584007,255837,REED,ASC Locality Team,1365.3,Agency Staff,SUPPLIER,STANDARD,5721,JAAA-Directorate of Social Care and Health Services
RBC Legal Entity,2021/08/16,4584007,255837,REED,Lateral Flow Testing,1389.47,Agency Staff,SUPPLIER,STANDARD,2701,LAAA-Directorate of Resources
RBC Legal Entity,2021/08/16,4584007,255837,REED,ASC Locality Team,1400.1,Agency Staff,SUPPLIER,STANDARD,5721,JAAA-Directorate of Social Care and Health Services
RBC Legal Entity,2021/08/16,4584007,255837,REED,Safeguarding Adults,1402.3,Agency Staff,SUPPLIER,STANDARD,5158,JAAA-Directorate of Social Care and Health Services
RBC Legal Entity,2021/08/16,4584007,255837,REED,Legal Services,1422,Agency Staff,SUPPLIER,STANDARD,2400,LAAA-Directorate of Resources
RBC Legal Entity,2021/08/16,4584007,255837,REED,ASC Short Term Team,1430.05,Agency Staff,SUPPLIER,STANDARD,5722,JAAA-Directorate of Social Care and Health Services
RBC Legal Entity,2021/08/16,4584007,255837,REED,Mental Health Team,1439.3,Agency Staff,SUPPLIER,STANDARD,5253,JAAA-Directorate of Social Care and Health Services
RBC Legal Entity,2021/08/16,4584007,255837,REED,ASC Locality Team,1439.3,Agency Staff,SUPPLIER,STANDARD,5721,JAAA-Directorate of Social Care and Health Services
RBC Legal Entity,2021/08/16,4584007,255837,REED,ASC Locality Team,1439.3,Agency Staff,SUPPLIER,STANDARD,5721,JAAA-Directorate of Social Care and Health Services
RBC Legal Entity,2021/08/16,4584007,255837,REED,Joint Legal Team,1486.08,Agency Staff,SUPPLIER,STANDARD,2405,LAAA-Directorate of Resources
RBC Legal Entity,2021/08/16,4584007,255837,REED,ASC Locality Team,1508.4,Agency Staff,SUPPLIER,STANDARD,5721,JAAA-Directorate of Social Care and Health Services
RBC Legal Entity,2021/08/16,4584007,255837,REED,ASC Locality Team,1508.4,Agency Staff,SUPPLIER,STANDARD,5721,JAAA-Directorate of Social Care and Health Services
RBC Legal Entity,2021/08/16,4584007,255837,REED,BFFC Agency Staff (Rechargeable),1513.3,Agency Staff,SUPPLIER,STANDARD,2008,LAAA-Directorate of Resources
RBC Legal Entity,2021/08/16,4584007,255837,REED,BFFC Agency Staff (Rechargeable),1550.3,Agency Staff,SUPPLIER,STANDARD,2008,LAAA-Directorate of Resources
RBC Legal Entity,2021/08/16,4584007,255837,REED,BFFC Agency Staff (Rechargeable),1550.3,Agency Staff,SUPPLIER,STANDARD,2008,LAAA-Directorate of Resources
RBC Legal Entity,2021/08/16,4584007,255837,REED,BFFC Agency Staff (Rechargeable),1550.3,Agency Staff,SUPPLIER,STANDARD,2008,LAAA-Directorate of Resources
RBC Legal Entity,2021/08/16,4584007,255837,REED,BFFC Agency Staff (Rechargeable),1550.3,Agency Staff,SUPPLIER,STANDARD,2008,LAAA-Directorate of Resources
RBC Legal Entity,2021/08/16,4584007,255837,REED,BFFC Agency Staff (Rechargeable),1550.3,Agency Staff,SUPPLIER,STANDARD,2008,LAAA-Directorate of Resources
RBC Legal Entity,2021/08/16,4584007,255837,REED,BFFC Agency Staff (Rechargeable),1550.3,Agency Staff,SUPPLIER,STANDARD,2008,LAAA-Directorate of Resources
RBC Legal Entity,2021/08/16,4584007,255837,REED,BFFC Agency Staff (Rechargeable),1550.3,Agency Staff,SUPPLIER,STANDARD,2008,LAAA-Directorate of Resources
RBC Legal Entity,2021/08/16,4584007,255837,REED,BFFC Agency Staff (Rechargeable),1550.3,Agency Staff,SUPPLIER,STANDARD,2008,LAAA-Directorate of Resources
RBC Legal Entity,2021/08/16,4584007,255837,REED,BFFC Agency Staff (Rechargeable),1550.3,Agency Staff,SUPPLIER,STANDARD,2008,LAAA-Directorate of Resources
RBC Legal Entity,2021/08/16,4584007,255837,REED,BFFC Agency Staff (Rechargeable),1550.3,Agency Staff,SUPPLIER,STANDARD,2008,LAAA-Directorate of Resources
RBC Legal Entity,2021/08/16,4584007,255837,REED,BFFC Agency Staff (Rechargeable),1550.3,Agency Staff,SUPPLIER,STANDARD,2008,LAAA-Directorate of Resources
RBC Legal Entity,2021/08/16,4584007,255837,REED,BFFC Agency Staff (Rechargeable),1550.3,Agency Staff,SUPPLIER,STANDARD,2008,LAAA-Directorate of Resources
RBC Legal Entity,2021/08/16,4584007,255837,REED,BFFC Agency Staff (Rechargeable),1559.55,Agency Staff,SUPPLIER,STANDARD,2008,LAAA-Directorate of Resources
RBC Legal Entity,2021/08/16,4584007,255837,REED,ASC Locality Team,1624.3,Agency Staff,SUPPLIER,STANDARD,5721,JAAA-Directorate of Social Care and Health Services
RBC Legal Entity,2021/08/16,4584007,255837,REED,BFFC Agency Staff (Rechargeable),1624.3,Agency Staff,SUPPLIER,STANDARD,2008,LAAA-Directorate of Resources
RBC Legal Entity,2021/08/16,4584007,255837,REED,BFFC Agency Staff (Rechargeable),1624.3,Agency Staff,SUPPLIER,STANDARD,2008,LAAA-Directorate of Resources
RBC Legal Entity,2021/08/16,4584007,255837,REED,BFFC Agency Staff (Rechargeable),1624.3,Agency Staff,SUPPLIER,STANDARD,2008,LAAA-Directorate of Resources
RBC Legal Entity,2021/08/16,4584007,255837,REED,BFFC Agency Staff (Rechargeable),1624.3,Agency Staff,SUPPLIER,STANDARD,2008,LAAA-Directorate of Resources
RBC Legal Entity,2021/08/16,4584007,255837,REED,BFFC Agency Staff (Rechargeable),1624.3,Agency Staff,SUPPLIER,STANDARD,2008,LAAA-Directorate of Resources
RBC Legal Entity,2021/08/16,4584007,255837,REED,BFFC Agency Staff (Rechargeable),1624.3,Agency Staff,SUPPLIER,STANDARD,2008,LAAA-Directorate of Resources
RBC Legal Entity,2021/08/16,4584007,255837,REED,BFFC Agency Staff (Rechargeable),1624.3,Agency Staff,SUPPLIER,STANDARD,2008,LAAA-Directorate of Resources
RBC Legal Entity,2021/08/16,4584007,255837,REED,BFFC Agency Staff (Rechargeable),1624.3,Agency Staff,SUPPLIER,STANDARD,2008,LAAA-Directorate of Resources
RBC Legal Entity,2021/08/16,4584007,255837,REED,BFFC Agency Staff (Rechargeable),1624.3,Agency Staff,SUPPLIER,STANDARD,2008,LAAA-Directorate of Resources
RBC Legal Entity,2021/08/16,4584007,255837,REED,BFFC Agency Staff (Rechargeable),1656,Agency Staff,SUPPLIER,STANDARD,2008,LAAA-Directorate of Resources
RBC Legal Entity,2021/08/16,4584007,255837,REED,BFFC Agency Staff (Rechargeable),1672.9,Agency Staff,SUPPLIER,STANDARD,2008,LAAA-Directorate of Resources
RBC Legal Entity,2021/08/16,4584007,255837,REED,BFFC Agency Staff (Rechargeable),1672.9,Agency Staff,SUPPLIER,STANDARD,2008,LAAA-Directorate of Resources
RBC Legal Entity,2021/08/16,4584007,255837,REED,BFFC Agency Staff (Rechargeable),1743.6,Agency Staff,SUPPLIER,STANDARD,2008,LAAA-Directorate of Resources
RBC Legal Entity,2021/08/16,4584007,255837,REED,ASC Short Term Team,1792.32,Agency Staff,SUPPLIER,STANDARD,5722,JAAA-Directorate of Social Care and Health Services
RBC Legal Entity,2021/08/16,4584007,255837,REED,BFFC Agency Staff (Rechargeable),1809.3,Agency Staff,SUPPLIER,STANDARD,2008,LAAA-Directorate of Resources
RBC Legal Entity,2021/08/16,4584007,255837,REED,Valuation,1940.8,Agency Staff,SUPPLIER,STANDARD,2100,KAAA-Directorate of Economic Growth and Neighbourhood Services
RBC Legal Entity,2021/08/16,4584007,255837,REED,Joint Legal Team,1946.49,Agency Staff,SUPPLIER,STANDARD,2405,LAAA-Directorate of Resources
RBC Legal Entity,2021/08/16,4584007,255837,REED,Joint Legal Team,2031.3,Agency Staff,SUPPLIER,STANDARD,2405,LAAA-Directorate of Resources
RBC Legal Entity,2021/08/16,4584007,255837,REED,Legal Services,2148.2,Agency Staff,SUPPLIER,STANDARD,2400,LAAA-Directorate of Resources
RBC Legal Entity,2021/08/16,4584007,255837,REED,Accountancy,2176,Agency Staff,SUPPLIER,STANDARD,2200,LAAA-Directorate of Resources
RBC Legal Entity,2021/08/16,4584007,255837,REED,ASC Senior Management Team,2176,Agency Staff,SUPPLIER,STANDARD,5700,JAAA-Directorate of Social Care and Health Services
RBC Legal Entity,2021/08/16,4584007,255837,REED,Joint Legal Team,2196,Agency Staff,SUPPLIER,STANDARD,2405,LAAA-Directorate of Resources
RBC Legal Entity,2021/08/16,4584007,255837,REED,BFFC Agency Staff (Rechargeable),2276,Agency Staff,SUPPLIER,STANDARD,2008,LAAA-Directorate of Resources
RBC Legal Entity,2021/08/16,4584007,255837,REED,BFFC Agency Staff (Rechargeable),2336,Agency Staff,SUPPLIER,STANDARD,2008,LAAA-Directorate of Resources
RBC Legal Entity,2021/08/16,4584007,255837,REED,Valuation,2426,Agency Staff,SUPPLIER,STANDARD,2100,KAAA-Directorate of Economic Growth and Neighbourhood Services
RBC Legal Entity,2021/08/16,4584007,255837,REED,Test and Trace,2478.5,Agency Staff,SUPPLIER,STANDARD,2068,JAAA-Directorate of Social Care and Health Services
RBC Legal Entity,2021/08/16,4584007,255837,REED,Test and Trace,2478.5,Agency Staff,SUPPLIER,STANDARD,2068,JAAA-Directorate of Social Care and Health Services
RBC Legal Entity,2021/08/16,4584007,255837,REED,BFFC Agency Staff (Rechargeable),2602.96,Agency Staff,SUPPLIER,STANDARD,2008,LAAA-Directorate of Resources
RBC Legal Entity,2021/08/16,4584007,255837,REED,Accountancy,2676,Agency Staff,SUPPLIER,STANDARD,2200,LAAA-Directorate of Resources
RBC Legal Entity,2021/08/16,4584007,255837,REED,BFFC Agency Staff (Rechargeable),2801,Agency Staff,SUPPLIER,STANDARD,2008,LAAA-Directorate of Resources
RBC Legal Entity,2021/08/16,4584007,255837,REED,IT Management,3191,Agency Staff,SUPPLIER,STANDARD,2300,LAAA-Directorate of Resources
RBC Legal Entity,2021/08/16,4584007,255837,REED,BFFC Agency Staff (Rechargeable),3446,Agency Staff,SUPPLIER,STANDARD,2008,LAAA-Directorate of Resources
RBC Legal Entity,2021/08/16,4584007,255837,REED,BFFC Agency Staff (Rechargeable),3544.4,Agency Staff,SUPPLIER,STANDARD,2008,LAAA-Directorate of Resources
RBC Legal Entity,2021/08/16,4584007,255837,REED,BFFC Agency Staff (Rechargeable),3544.4,Agency Staff,SUPPLIER,STANDARD,2008,LAAA-Directorate of Resources
RBC Legal Entity,2021/08/16,4584007,255837,REED,ASC Senior Management Team,3937.25,Agency Staff,SUPPLIER,STANDARD,5700,JAAA-Directorate of Social Care and Health Services
RBC Legal Entity,2021/08/16,4582570,255838,E-MPIRICAL LTD,New Directions,2975,Consultancy Fees,SUPPLIER,STANDARD,3340,KAAA-Directorate of Economic Growth and Neighbourhood Services
RBC Legal Entity,2021/08/16,4582495,255839,WILLIAM MCVICKER,Town Hall - Concert Hall Events,874,Professional Fees,SUPPLIER,STANDARD,1213,KAAA-Directorate of Economic Growth and Neighbourhood Services
RBC Legal Entity,2021/08/16,4582654,255840,SANDS SECURITY LTD,Hexagon Operations,504,Security Charges,SUPPLIER,STANDARD,1200,KAAA-Directorate of Economic Growth and Neighbourhood Services
RBC Legal Entity,2021/08/16,4582549,255841,CHRISTOPHERS LIMOUSINE SERVICE,Mayor,1500,Contrib.to Transp.Finance,SUPPLIER,STANDARD,2505,EAAA-Chief Executive
RBC Legal Entity,2021/08/16,4584009,255842,M & B ELECTRICAL SERVICES,Geoffrey Field Infant,24000,External Fees  Misc.,SUB-CONTRACTOR,STANDARD,8215,ZZZC-Capital
RBC Legal Entity,2021/08/16,4584012,255842,M & B ELECTRICAL SERVICES,Geoffrey Field Junior,29700,External Fees  Misc.,SUB-CONTRACTOR,STANDARD,8216,ZZZC-Capital
RBC Legal Entity,2021/08/16,4584013,255842,M & B ELECTRICAL SERVICES,Moorlands Primary,34700,External Fees  Misc.,SUB-CONTRACTOR,STANDARD,8222,ZZZC-Capital
RBC Legal Entity,2021/08/16,4584703,255842,M & B ELECTRICAL SERVICES,Energy Management,1270,External Fees  Engineers,SUB-CONTRACTOR,STANDARD,8607,ZZZC-Capital
RBC Legal Entity,2021/08/16,4585147,255843,UBIQUS,JLT Disbursements,2860,Misc. Legal Expenses,SUPPLIER,STANDARD,2407,LAAA-Directorate of Resources
RBC Legal Entity,2021/08/16,4583947,255845,CAPITAL CARS,LD Community Services,585,Booked Travel,SUPPLIER,STANDARD,5741,JAAA-Directorate of Social Care and Health Services
RBC Legal Entity,2021/08/16,4582644,255847,ENQUIN ENVIRONMENTAL LTD,Repairs,209,Asbestos,SUPPLIER,STANDARD,5970,HAAA-Housing Revenue Account
RBC Legal Entity,2021/08/16,4582644,255847,ENQUIN ENVIRONMENTAL LTD,Repairs,209,Asbestos,SUPPLIER,STANDARD,5970,HAAA-Housing Revenue Account
RBC Legal Entity,2021/08/16,4582644,255847,ENQUIN ENVIRONMENTAL LTD,Repairs,209,Asbestos,SUPPLIER,STANDARD,5970,HAAA-Housing Revenue Account
RBC Legal Entity,2021/08/16,4582644,255847,ENQUIN ENVIRONMENTAL LTD,Repairs,209,Asbestos,SUPPLIER,STANDARD,5970,HAAA-Housing Revenue Account
RBC Legal Entity,2021/08/16,4582644,255847,ENQUIN ENVIRONMENTAL LTD,Repairs,209,Asbestos,SUPPLIER,STANDARD,5970,HAAA-Housing Revenue Account
RBC Legal Entity,2021/08/16,4582644,255847,ENQUIN ENVIRONMENTAL LTD,Repairs,209,Asbestos,SUPPLIER,STANDARD,5970,HAAA-Housing Revenue Account
RBC Legal Entity,2021/08/16,4582644,255847,ENQUIN ENVIRONMENTAL LTD,Repairs,209,Asbestos,SUPPLIER,STANDARD,5970,HAAA-Housing Revenue Account
RBC Legal Entity,2021/08/16,4582644,255847,ENQUIN ENVIRONMENTAL LTD,Repairs,209,Asbestos,SUPPLIER,STANDARD,5970,HAAA-Housing Revenue Account
RBC Legal Entity,2021/08/16,4582644,255847,ENQUIN ENVIRONMENTAL LTD,Repairs,209,Asbestos,SUPPLIER,STANDARD,5970,HAAA-Housing Revenue Account
RBC Legal Entity,2021/08/16,4582644,255847,ENQUIN ENVIRONMENTAL LTD,Repairs,235,Asbestos,SUPPLIER,STANDARD,5970,HAAA-Housing Revenue Account
RBC Legal Entity,2021/08/16,4582644,255847,ENQUIN ENVIRONMENTAL LTD,Repairs,235,Asbestos,SUPPLIER,STANDARD,5970,HAAA-Housing Revenue Account
RBC Legal Entity,2021/08/16,4582644,255847,ENQUIN ENVIRONMENTAL LTD,Repairs,235,Asbestos,SUPPLIER,STANDARD,5970,HAAA-Housing Revenue Account
RBC Legal Entity,2021/08/16,4582644,255847,ENQUIN ENVIRONMENTAL LTD,Repairs,247,Asbestos,SUPPLIER,STANDARD,5970,HAAA-Housing Revenue Account
RBC Legal Entity,2021/08/16,4582644,255847,ENQUIN ENVIRONMENTAL LTD,Repairs,247,Asbestos,SUPPLIER,STANDARD,5970,HAAA-Housing Revenue Account
RBC Legal Entity,2021/08/16,4584136,255848,ST MUNGO'S COMMUNITY HOUSING ASSOCIATION LTD,Housing GF General Charges,14167,Preventive+SupportiveServ,SUPPLIER,STANDARD,5810,KAAA-Directorate of Economic Growth and Neighbourhood Services
RBC Legal Entity,2021/08/16,4582516,255849,MR EDWARD KIRKWOOD,JLT Disbursements,750,Misc. Legal Expenses,Third Party Supplier,STANDARD,2407,LAAA-Directorate of Resources
RBC Legal Entity,2021/08/16,4582585,255849,MR EDWARD KIRKWOOD,JLT Disbursements,675,Misc. Legal Expenses,Third Party Supplier,STANDARD,2407,LAAA-Directorate of Resources
RBC Legal Entity,2021/08/16,4580840,255852,CREATIVE SUPPORT LTD,LD Community Services,4335.51,Purchased Care,Third Party Supplier,STANDARD,5741,JAAA-Directorate of Social Care and Health Services
RBC Legal Entity,2021/08/16,4580841,255852,CREATIVE SUPPORT LTD,LD Community Services,1836.46,Purchased Care,Third Party Supplier,STANDARD,5741,JAAA-Directorate of Social Care and Health Services
RBC Legal Entity,2021/08/16,4580842,255852,CREATIVE SUPPORT LTD,LD Community Services,933.42,Purchased Care,Third Party Supplier,STANDARD,5741,JAAA-Directorate of Social Care and Health Services
RBC Legal Entity,2021/08/16,4580843,255852,CREATIVE SUPPORT LTD,LD Community Services,1327.22,Purchased Care,Third Party Supplier,STANDARD,5741,JAAA-Directorate of Social Care and Health Services
RBC Legal Entity,2021/08/16,4582971,255853,MR NICHOLAS GOODWIN,JLT Disbursements,4500,Misc. Legal Expenses,SUPPLIER,STANDARD,2407,LAAA-Directorate of Resources
RBC Legal Entity,2021/08/16,4580297,255855,HYDRO HEATING SOLUTIONS,Corporate Offices,11778,Plant,SUB-CONTRACTOR,STANDARD,8602,ZZZC-Capital
RBC Legal Entity,2021/08/16,4582520,255856,MISS ALISON WILLIAMS,JLT Disbursements,1310,Misc. Legal Expenses,SUPPLIER,STANDARD,2407,LAAA-Directorate of Resources
RBC Legal Entity,2021/08/16,4583521,255857,DR P MCFARLANE,Crematorium,20,Medical Fees,SUPPLIER,STANDARD,4606,LAAA-Directorate of Resources
RBC Legal Entity,2021/08/16,4583521,255857,DR P MCFARLANE,Crematorium,1054.5,Medical Fees,SUPPLIER,STANDARD,4606,LAAA-Directorate of Resources
RBC Legal Entity,2021/08/16,4585217,255859,LIFTEC LIFTS LTD,MRA Account,26635,Lifts,SUB-CONTRACTOR,STANDARD,5975,HAAA-Housing Revenue Account
RBC Legal Entity,2021/08/16,4582560,255862,M&D SERVICES,Payroll + Payments A/c,-445,System Creditors,SUB-CONTRACTOR,CREDIT,9823,ZZZB-Balance Sheet
RBC Legal Entity,2021/08/16,4582560,255862,M&D SERVICES,Parks + Open Spaces,2225,Building Works,SUB-CONTRACTOR,STANDARD,8003,ZZZC-Capital
RBC Legal Entity,2021/08/16,4582560,255862,M&D SERVICES,Parks + Open Spaces,4100,Building Works,SUB-CONTRACTOR,STANDARD,8003,ZZZC-Capital
RBC Legal Entity,2021/08/16,4580197,255863,SOUTHERN ELECTRIC,Repairs,52886.34,Feasibility Studies,SUB-CONTRACTOR,STANDARD,5970,HAAA-Housing Revenue Account
RBC Legal Entity,2021/08/16,4582563,255864,ALICIA COLLINSON,JLT Disbursements,2265,Misc. Legal Expenses,SUPPLIER,STANDARD,2407,LAAA-Directorate of Resources
RBC Legal Entity,2021/08/16,4582430,255866,PILON LTD,DLO Kitchen & Bathroom Trades,130636.6,Subcontractors Labour,SUB-CONTRACTOR,STANDARD,4042,KAAA-Directorate of Economic Growth and Neighbourhood Services
RBC Legal Entity,2021/08/16,4582100,255868,ANGEL SPRINGS LIMITED T/A WATERLOGIC,Corporate Maintenance Services,3743.02,Materials Direct,Third Party Supplier,STANDARD,4080,KAAA-Directorate of Economic Growth and Neighbourhood Services
RBC Legal Entity,2021/08/16,4584869,255869,SUPERB HEALTHCARE LTD,PS Acquired Community Services,3092.25,Purchased Care,Third Party Supplier,STANDARD,5771,JAAA-Directorate of Social Care and Health Services
RBC Legal Entity,2021/08/16,4584870,255869,SUPERB HEALTHCARE LTD,M&C Acquired Community Services,2878.5,Purchased Care,Third Party Supplier,STANDARD,5751,JAAA-Directorate of Social Care and Health Services
RBC Legal Entity,2021/08/16,4584871,255869,SUPERB HEALTHCARE LTD,PS Acquired Community Services,2650.5,Purchased Care,Third Party Supplier,STANDARD,5771,JAAA-Directorate of Social Care and Health Services
RBC Legal Entity,2021/08/16,4584872,255869,SUPERB HEALTHCARE LTD,PS Acquired Community Services,1624.5,Purchased Care,Third Party Supplier,STANDARD,5771,JAAA-Directorate of Social Care and Health Services
RBC Legal Entity,2021/08/16,4584873,255869,SUPERB HEALTHCARE LTD,PS Acquired Community Services,855,Purchased Care,Third Party Supplier,STANDARD,5771,JAAA-Directorate of Social Care and Health Services
RBC Legal Entity,2021/08/16,4584874,255869,SUPERB HEALTHCARE LTD,PS Acquired Community Services,883.5,Purchased Care,Third Party Supplier,STANDARD,5771,JAAA-Directorate of Social Care and Health Services
RBC Legal Entity,2021/08/16,4584876,255869,SUPERB HEALTHCARE LTD,PS Acquired Community Services,2052,Purchased Care,Third Party Supplier,STANDARD,5771,JAAA-Directorate of Social Care and Health Services
RBC Legal Entity,2021/08/16,4584877,255869,SUPERB HEALTHCARE LTD,PS Acquired Community Services,950,Purchased Care,Third Party Supplier,STANDARD,5771,JAAA-Directorate of Social Care and Health Services
RBC Legal Entity,2021/08/16,4580306,255870,CHANNEL 3 CONSULTING LTD,Future ICT operating model,78300,Other  Capitalisation,SUPPLIER,STANDARD,8636,ZZZC-Capital
RBC Legal Entity,2021/08/16,4580308,255870,CHANNEL 3 CONSULTING LTD,IT Management,17300,Consultancy Fees,SUPPLIER,STANDARD,2300,LAAA-Directorate of Resources
RBC Legal Entity,2021/08/16,4580953,255871,F M CONWAY LTD,Highways,460,Materials Direct,SUB-CONTRACTOR,STANDARD,4252,KAAA-Directorate of Economic Growth and Neighbourhood Services
RBC Legal Entity,2021/08/16,4583522,255872,DR LIONEL J DEAN,Crematorium,20,Medical Fees,SUPPLIER,STANDARD,4606,LAAA-Directorate of Resources
RBC Legal Entity,2021/08/16,4583522,255872,DR LIONEL J DEAN,Crematorium,2016.5,Medical Fees,SUPPLIER,STANDARD,4606,LAAA-Directorate of Resources
RBC Legal Entity,2021/08/16,4584045,255873,EMMA DRING,Legal Services,2500,Misc. Legal Expenses,SUPPLIER,STANDARD,2400,LAAA-Directorate of Resources
RBC Legal Entity,2021/08/16,4583943,255875,READING SCHOOL TRAVEL LTD,LD Community Services,2340,Booked Travel,SUPPLIER,STANDARD,5741,JAAA-Directorate of Social Care and Health Services
RBC Legal Entity,2021/08/16,4585264,255877,LETECHIA CONSULTING LTD,JLT Disbursements,1320,Misc. Legal Expenses,Third Party Supplier,STANDARD,2407,LAAA-Directorate of Resources
RBC Legal Entity,2021/08/16,4581910,255878,L C AND S PRIVATE LIMITED,Safeguarding Adults,1250,Professional Fees,SUPPLIER,STANDARD,5158,JAAA-Directorate of Social Care and Health Services
RBC Legal Entity,2021/08/16,4584114,255879,LAUNCHPAD READING,Housing GF General Charges,27500,Preventive+SupportiveServ,Third Party Supplier,STANDARD,5810,KAAA-Directorate of Economic Growth and Neighbourhood Services
RBC Legal Entity,2021/08/16,4584115,255879,LAUNCHPAD READING,Housing GF General Charges,22500,Preventive+SupportiveServ,Third Party Supplier,STANDARD,5810,KAAA-Directorate of Economic Growth and Neighbourhood Services
RBC Legal Entity,2021/08/17,4585544,255884,CLIFTON INGRAM LLP,JLT Disbursements,700,Misc. Legal Expenses,Third Party Supplier,STANDARD,2407,LAAA-Directorate of Resources
RBC Legal Entity,2021/08/17,4585740,255887,UNIVERSITY MEDICAL GROUP,Berkshire West Public Health Hub,4904.5,NHS Trusts,Third Party Supplier,STANDARD,2002,JAAA-Directorate of Social Care and Health Services
RBC Legal Entity,2021/08/17,4549974,255888,ROYAL BERKSHIRE FIRE AUTHORITY,Collection Fund Rev. A/C,380274.86,Precepts,GOVERNMENT,STANDARD,2840,MAAA-Corporate Codes
RBC Legal Entity,2021/08/17,4549984,255888,ROYAL BERKSHIRE FIRE AUTHORITY,Collection Fund Rev. A/C,128849.55,Precepts,GOVERNMENT,STANDARD,2840,MAAA-Corporate Codes
RBC Legal Entity,2021/08/17,,255891,HMRC,Payroll + Payments A/c,504,System Creditors,TAX AUTHORITY,AWT,9823,ZZZB-Balance Sheet
RBC Legal Entity,2021/08/17,,255891,HMRC,Payroll + Payments A/c,504,System Creditors,TAX AUTHORITY,AWT,9823,ZZZB-Balance Sheet
RBC Legal Entity,2021/08/17,,255891,HMRC,Payroll + Payments A/c,3000,System Creditors,TAX AUTHORITY,AWT,9823,ZZZB-Balance Sheet
RBC Legal Entity,2021/08/17,,255891,HMRC,Payroll + Payments A/c,4000,System Creditors,TAX AUTHORITY,AWT,9823,ZZZB-Balance Sheet
RBC Legal Entity,2021/08/17,4585742,255893,CIRCUIT LANE SURGERY & WESTERN ELMS,Berkshire West Public Health Hub,5488,NHS Trusts,Third Party Supplier,STANDARD,2002,JAAA-Directorate of Social Care and Health Services
RBC Legal Entity,2021/08/17,4585739,255895,MELROSE SURGERY & ELDON ROAD SURGERY,Berkshire West Public Health Hub,4280,NHS Trusts,Third Party Supplier,STANDARD,2002,JAAA-Directorate of Social Care and Health Services
RBC Legal Entity,2021/08/17,4585739,255895,MELROSE SURGERY & ELDON ROAD SURGERY,Berkshire West Public Health Hub,6297.5,NHS Trusts,Third Party Supplier,STANDARD,2002,JAAA-Directorate of Social Care and Health Services
RBC Legal Entity,2021/08/17,4585735,255896,GROVELANDS MEDICAL CENTRE,Berkshire West Public Health Hub,180,NHS Trusts,Third Party Supplier,STANDARD,2002,JAAA-Directorate of Social Care and Health Services
RBC Legal Entity,2021/08/17,4585735,255896,GROVELANDS MEDICAL CENTRE,Berkshire West Public Health Hub,3904,NHS Trusts,Third Party Supplier,STANDARD,2002,JAAA-Directorate of Social Care and Health Services
RBC Legal Entity,2021/08/17,4585737,255897,LONGBARN LANE SURGERY,Berkshire West Public Health Hub,460,NHS Trusts,Third Party Supplier,STANDARD,2002,JAAA-Directorate of Social Care and Health Services
RBC Legal Entity,2021/08/17,4585737,255897,LONGBARN LANE SURGERY,Berkshire West Public Health Hub,1863,NHS Trusts,Third Party Supplier,STANDARD,2002,JAAA-Directorate of Social Care and Health Services
RBC Legal Entity,2021/08/17,4585738,255898,PEMBROKE SURGERY,Berkshire West Public Health Hub,360,NHS Trusts,Third Party Supplier,STANDARD,2002,JAAA-Directorate of Social Care and Health Services
RBC Legal Entity,2021/08/17,4585738,255898,PEMBROKE SURGERY,Berkshire West Public Health Hub,459.5,NHS Trusts,Third Party Supplier,STANDARD,2002,JAAA-Directorate of Social Care and Health Services
RBC Legal Entity,2021/08/17,4585734,255899,WESTWOOD ROAD SURGERY,Berkshire West Public Health Hub,1000,NHS Trusts,Third Party Supplier,STANDARD,2002,JAAA-Directorate of Social Care and Health Services
RBC Legal Entity,2021/08/17,4585800,255900,EMMER GREEN SURGERY,Berkshire West Public Health Hub,693,NHS Trusts,Third Party Supplier,STANDARD,2002,JAAA-Directorate of Social Care and Health Services
RBC Legal Entity,2021/08/17,4584380,255901,STEVEN HAYDEN,JLT Disbursements,650,Misc. Legal Expenses,INDIVIDUAL,STANDARD,2407,LAAA-Directorate of Resources
RBC Legal Entity,2021/08/17,4585325,255902,PROFESSOR PETER FLEMING,JLT Disbursements,1618,Misc. Legal Expenses,INDIVIDUAL,STANDARD,2407,LAAA-Directorate of Resources
RBC Legal Entity,2021/08/17,4585128,255903,ONE.NETWORK,Traffic,6139.12,NRSWA Emergencies,Third Party Supplier,STANDARD,4703,KAAA-Directorate of Economic Growth and Neighbourhood Services
RBC Legal Entity,2021/08/17,4585139,255904,MORRIS & BLUNT,Corporate Maintenance Services,3479.04,TPP  Contract,SUB-CONTRACTOR,STANDARD,4080,KAAA-Directorate of Economic Growth and Neighbourhood Services
RBC Legal Entity,2021/08/17,4580319,255905,M&R SERVICES,Housing Management,870,Special Measures Expenses,SUB-CONTRACTOR,STANDARD,5920,HAAA-Housing Revenue Account
RBC Legal Entity,2021/08/17,4585714,255906,EE LIMITED,Traffic,1232.65,Mobile Phones,SUPPLIER,STANDARD,4703,KAAA-Directorate of Economic Growth and Neighbourhood Services
RBC Legal Entity,2021/08/17,4585714,255906,EE LIMITED,Bus Lane Enforcement,1232.66,Mobile Phones,SUPPLIER,STANDARD,4722,KAAA-Directorate of Economic Growth and Neighbourhood Services
RBC Legal Entity,2021/08/17,4549994,255907,THAMES VALLEY POLICE AUTHORITY,Collection Fund Rev. A/C,1276304.17,Precepts,SUPPLIER,STANDARD,2840,MAAA-Corporate Codes
RBC Legal Entity,2021/08/17,4585749,255908,ROYAL BOROUGH OF WINDSOR & MAIDENHEAD,Leisure Management,1650,EquiptMaintenanceContract,SUPPLIER,STANDARD,1108,KAAA-Directorate of Economic Growth and Neighbourhood Services
RBC Legal Entity,2021/08/17,4585215,255910,SSE CONTRACTING LIMITED,Civil Engineering,355.2,Street Lighting,SUB-CONTRACTOR,STANDARD,4550,KAAA-Directorate of Economic Growth and Neighbourhood Services
RBC Legal Entity,2021/08/17,4585215,255910,SSE CONTRACTING LIMITED,Civil Engineering,691.39,Street Lighting,SUB-CONTRACTOR,STANDARD,4550,KAAA-Directorate of Economic Growth and Neighbourhood Services
RBC Legal Entity,2021/08/17,4584988,255912,RADIS COMMUNITY CARE,Mental Health Community Services,545.02,Purchased Care,Third Party Supplier,STANDARD,5731,JAAA-Directorate of Social Care and Health Services
RBC Legal Entity,2021/08/17,4584989,255912,RADIS COMMUNITY CARE,LD Community Services,1254.76,Purchased Care,Third Party Supplier,STANDARD,5741,JAAA-Directorate of Social Care and Health Services
RBC Legal Entity,2021/08/17,4584990,255912,RADIS COMMUNITY CARE,Mental Health Community Services,594.36,Purchased Care,Third Party Supplier,STANDARD,5731,JAAA-Directorate of Social Care and Health Services
RBC Legal Entity,2021/08/17,4584993,255912,RADIS COMMUNITY CARE,PS Lifelong Community Services,660.4,Purchased Care,Third Party Supplier,STANDARD,5781,JAAA-Directorate of Social Care and Health Services
RBC Legal Entity,2021/08/17,4584995,255912,RADIS COMMUNITY CARE,LD Community Services,530.72,Purchased Care,Third Party Supplier,STANDARD,5741,JAAA-Directorate of Social Care and Health Services
RBC Legal Entity,2021/08/17,4585000,255912,RADIS COMMUNITY CARE,LD Community Services,2489.22,Purchased Care,Third Party Supplier,STANDARD,5741,JAAA-Directorate of Social Care and Health Services
RBC Legal Entity,2021/08/17,4583611,255914,EARTH ANCHORS LTD,Grounds Maintenance,898,Materials Direct,Third Party Supplier,STANDARD,1306,KAAA-Directorate of Economic Growth and Neighbourhood Services
RBC Legal Entity,2021/08/17,4580454,255915,READING TRANSPORT LTD,Strategic Transport & Concessionary Fares,73370,Payments for Bus Services,SUPPLIER,STANDARD,4726,KAAA-Directorate of Economic Growth and Neighbourhood Services
RBC Legal Entity,2021/08/17,4582451,255915,READING TRANSPORT LTD,Strategic Transport & Concessionary Fares,15175,Payments for Bus Services,SUPPLIER,STANDARD,4726,KAAA-Directorate of Economic Growth and Neighbourhood Services
RBC Legal Entity,2021/08/17,4584465,255916,ROWVALE HOTELS LTD T/A BOW GUEST HOUSE,Bed and Breakfast,525,Rents,Third Party Supplier,STANDARD,5871,KAAA-Directorate of Economic Growth and Neighbourhood Services
RBC Legal Entity,2021/08/17,4584551,255916,ROWVALE HOTELS LTD T/A BOW GUEST HOUSE,Single Homelessness Grants,560,Preventive+SupportiveServ,Third Party Supplier,STANDARD,5860,KAAA-Directorate of Economic Growth and Neighbourhood Services
RBC Legal Entity,2021/08/17,4584554,255916,ROWVALE HOTELS LTD T/A BOW GUEST HOUSE,Single Homelessness Grants,623,Preventive+SupportiveServ,Third Party Supplier,STANDARD,5860,KAAA-Directorate of Economic Growth and Neighbourhood Services
RBC Legal Entity,2021/08/17,4585746,255917,VIRGIN MEDIA LTD,LEP Projects,52779.34,Contractors,SUB-CONTRACTOR,STANDARD,8806,ZZZC-Capital
RBC Legal Entity,2021/08/17,4584064,255919,PANGBOURNE PLANT HIRE LTD,Plaza West,26487.5,Equipment,SUB-CONTRACTOR,STANDARD,8626,ZZZC-Capital
RBC Legal Entity,2021/08/17,4585727,255921,EXPERIAN,Revenues & Benefits Systems,3971.75,TPP  Contract,SUPPLIER,STANDARD,2266,LAAA-Directorate of Resources
RBC Legal Entity,2021/08/17,4585743,255922,THE TILEHURST SURGERY PARTNERSHIP,Berkshire West Public Health Hub,40,NHS Trusts,Third Party Supplier,STANDARD,2002,JAAA-Directorate of Social Care and Health Services
RBC Legal Entity,2021/08/17,4585743,255922,THE TILEHURST SURGERY PARTNERSHIP,Berkshire West Public Health Hub,3993,NHS Trusts,Third Party Supplier,STANDARD,2002,JAAA-Directorate of Social Care and Health Services
RBC Legal Entity,2021/08/17,4576101,255923,HEADWAY THAMES VALLEY,ASC Operational Management Team,755,Other support - not recoverabl,SUPPLIER,STANDARD,5309,JAAA-Directorate of Social Care and Health Services
RBC Legal Entity,2021/08/17,4574722,255926,BERKSHIRE WOMENS AID,Domestic Abuse Reduction,73750,Preventive+SupportiveServ,Third Party Supplier,STANDARD,5366,KAAA-Directorate of Economic Growth and Neighbourhood Services
RBC Legal Entity,2021/08/17,4574908,255926,BERKSHIRE WOMENS AID,Domestic Abuse Reduction,22500,Preventive+SupportiveServ,Third Party Supplier,STANDARD,5366,KAAA-Directorate of Economic Growth and Neighbourhood Services
RBC Legal Entity,2021/08/17,4574739,255928,LAVAT CONSULTING LTD,Legal Services,3105,Misc. Legal Expenses,SUPPLIER,STANDARD,2400,LAAA-Directorate of Resources
RBC Legal Entity,2021/08/17,4583553,255931,CROWN LODGE GUEST HOUSE,Single Homelessness Grants,623,Preventive+SupportiveServ,Third Party Supplier,STANDARD,5860,KAAA-Directorate of Economic Growth and Neighbourhood Services
RBC Legal Entity,2021/08/17,4584717,255932,TEAM (ENERGY AUDITING AGENCY LTD),Sustainability,7084.45,Software Support,SUPPLIER,STANDARD,2026,KAAA-Directorate of Economic Growth and Neighbourhood Services
RBC Legal Entity,2021/08/17,4584500,255933,IMAGINE THEATRE LTD,Hexagon Operations,9023.02,Professional Fees,SUPPLIER,STANDARD,1200,KAAA-Directorate of Economic Growth and Neighbourhood Services
RBC Legal Entity,2021/08/17,4584924,255934,SURECARE (READING & EAST BERKSHIRE),PS Acquired Community Services,1463,Purchased Care,Third Party Supplier,STANDARD,5771,JAAA-Directorate of Social Care and Health Services
RBC Legal Entity,2021/08/17,4584925,255934,SURECARE (READING & EAST BERKSHIRE),PS Acquired Community Services,1653,Purchased Care,Third Party Supplier,STANDARD,5771,JAAA-Directorate of Social Care and Health Services
RBC Legal Entity,2021/08/17,4584926,255934,SURECARE (READING & EAST BERKSHIRE),PS Acquired Community Services,760,Purchased Care,Third Party Supplier,STANDARD,5771,JAAA-Directorate of Social Care and Health Services
RBC Legal Entity,2021/08/17,4584927,255934,SURECARE (READING & EAST BERKSHIRE),PS Acquired Community Services,665,Purchased Care,Third Party Supplier,STANDARD,5771,JAAA-Directorate of Social Care and Health Services
RBC Legal Entity,2021/08/17,4584928,255934,SURECARE (READING & EAST BERKSHIRE),M&C Acquired Community Services,1187.5,Purchased Care,Third Party Supplier,STANDARD,5751,JAAA-Directorate of Social Care and Health Services
RBC Legal Entity,2021/08/17,4584930,255934,SURECARE (READING & EAST BERKSHIRE),PS Acquired Community Services,1206.5,Purchased Care,Third Party Supplier,STANDARD,5771,JAAA-Directorate of Social Care and Health Services
RBC Legal Entity,2021/08/17,4584931,255934,SURECARE (READING & EAST BERKSHIRE),PS Acquired Community Services,3382,Purchased Care,Third Party Supplier,STANDARD,5771,JAAA-Directorate of Social Care and Health Services
RBC Legal Entity,2021/08/17,4584933,255934,SURECARE (READING & EAST BERKSHIRE),PS Acquired Community Services,703,Purchased Care,Third Party Supplier,STANDARD,5771,JAAA-Directorate of Social Care and Health Services
RBC Legal Entity,2021/08/17,4584935,255934,SURECARE (READING & EAST BERKSHIRE),PS Acquired Community Services,1406,Purchased Care,Third Party Supplier,STANDARD,5771,JAAA-Directorate of Social Care and Health Services
RBC Legal Entity,2021/08/17,4584936,255934,SURECARE (READING & EAST BERKSHIRE),Mental Health Community Services,1197,Purchased Care,Third Party Supplier,STANDARD,5731,JAAA-Directorate of Social Care and Health Services
RBC Legal Entity,2021/08/17,4584937,255934,SURECARE (READING & EAST BERKSHIRE),PS Acquired Community Services,1691,Purchased Care,Third Party Supplier,STANDARD,5771,JAAA-Directorate of Social Care and Health Services
RBC Legal Entity,2021/08/17,4584939,255934,SURECARE (READING & EAST BERKSHIRE),PS Acquired Community Services,2793,Purchased Care,Third Party Supplier,STANDARD,5771,JAAA-Directorate of Social Care and Health Services
RBC Legal Entity,2021/08/17,4584940,255934,SURECARE (READING & EAST BERKSHIRE),PS Acquired Community Services,1197,Purchased Care,Third Party Supplier,STANDARD,5771,JAAA-Directorate of Social Care and Health Services
RBC Legal Entity,2021/08/17,4584941,255934,SURECARE (READING & EAST BERKSHIRE),PS Acquired Community Services,532,Purchased Care,Third Party Supplier,STANDARD,5771,JAAA-Directorate of Social Care and Health Services
RBC Legal Entity,2021/08/17,4584942,255934,SURECARE (READING & EAST BERKSHIRE),PS Acquired Community Services,950,Purchased Care,Third Party Supplier,STANDARD,5771,JAAA-Directorate of Social Care and Health Services
RBC Legal Entity,2021/08/17,4584943,255934,SURECARE (READING & EAST BERKSHIRE),PS Acquired Community Services,1410.75,Purchased Care,Third Party Supplier,STANDARD,5771,JAAA-Directorate of Social Care and Health Services
RBC Legal Entity,2021/08/17,4584944,255934,SURECARE (READING & EAST BERKSHIRE),PS Acquired Community Services,2808.83,Purchased Care,Third Party Supplier,STANDARD,5771,JAAA-Directorate of Social Care and Health Services
RBC Legal Entity,2021/08/17,4584945,255934,SURECARE (READING & EAST BERKSHIRE),PS Acquired Community Services,1258.75,Purchased Care,Third Party Supplier,STANDARD,5771,JAAA-Directorate of Social Care and Health Services
RBC Legal Entity,2021/08/17,4584946,255934,SURECARE (READING & EAST BERKSHIRE),Sensory Support Community Services,2489,Purchased Care,Third Party Supplier,STANDARD,5711,JAAA-Directorate of Social Care and Health Services
RBC Legal Entity,2021/08/17,4584948,255934,SURECARE (READING & EAST BERKSHIRE),M&C Acquired Community Services,1064,Purchased Care,Third Party Supplier,STANDARD,5751,JAAA-Directorate of Social Care and Health Services
RBC Legal Entity,2021/08/17,4584949,255934,SURECARE (READING & EAST BERKSHIRE),PS Acquired Community Services,931,Purchased Care,Third Party Supplier,STANDARD,5771,JAAA-Directorate of Social Care and Health Services
RBC Legal Entity,2021/08/17,4584950,255934,SURECARE (READING & EAST BERKSHIRE),PS Acquired Community Services,1320.5,Purchased Care,Third Party Supplier,STANDARD,5771,JAAA-Directorate of Social Care and Health Services
RBC Legal Entity,2021/08/17,4584952,255934,SURECARE (READING & EAST BERKSHIRE),PS Acquired Community Services,1064,Purchased Care,Third Party Supplier,STANDARD,5771,JAAA-Directorate of Social Care and Health Services
RBC Legal Entity,2021/08/17,4585736,255936,SOUTH READING MEDICAL PRACTICE,Berkshire West Public Health Hub,200,NHS Trusts,Third Party Supplier,STANDARD,2002,JAAA-Directorate of Social Care and Health Services
RBC Legal Entity,2021/08/17,4585736,255936,SOUTH READING MEDICAL PRACTICE,Berkshire West Public Health Hub,1110,NHS Trusts,Third Party Supplier,STANDARD,2002,JAAA-Directorate of Social Care and Health Services
RBC Legal Entity,2021/08/17,4585542,255937,READING HAMPSHIRE PROPERTY PARTNERSHIP LIMITED,Plaza West,4269.25,Equipment,Third Party Supplier,STANDARD,8626,ZZZC-Capital
RBC Legal Entity,2021/08/17,4584660,255938,LIFTEC LIFTS LTD,Repairs,9264,Lifts,SUB-CONTRACTOR,STANDARD,5970,HAAA-Housing Revenue Account
RBC Legal Entity,2021/08/17,4584388,255941,DNA LEGAL LTD,JLT Disbursements,500,Misc. Legal Expenses,SUPPLIER,STANDARD,2407,LAAA-Directorate of Resources
RBC Legal Entity,2021/08/17,4583507,255942,PROVIDE SESS LTD,Crematorium,1747,Security costs,Third Party Supplier,STANDARD,4606,LAAA-Directorate of Resources
RBC Legal Entity,2021/08/17,4583515,255942,PROVIDE SESS LTD,Public Conveniences,930,Security costs,Third Party Supplier,STANDARD,4352,KAAA-Directorate of Economic Growth and Neighbourhood Services
RBC Legal Entity,2021/08/17,4585379,255943,HEALTHWATCH READING,Advocacy,671.25,Payments to Operators,SUPPLIER,STANDARD,5303,JAAA-Directorate of Social Care and Health Services
RBC Legal Entity,2021/08/17,4585712,255943,HEALTHWATCH READING,Advocacy,12734,GrantsVolunt.Organ.,SUPPLIER,STANDARD,5303,JAAA-Directorate of Social Care and Health Services
RBC Legal Entity,2021/08/18,4576150,255944,SSE CONTRACTING LIMITED,Civil Engineering,405,Street Lighting,SUB-CONTRACTOR,STANDARD,4550,KAAA-Directorate of Economic Growth and Neighbourhood Services
RBC Legal Entity,2021/08/18,4576150,255944,SSE CONTRACTING LIMITED,Civil Engineering,432.9,Street Lighting,SUB-CONTRACTOR,STANDARD,4550,KAAA-Directorate of Economic Growth and Neighbourhood Services
RBC Legal Entity,2021/08/18,4580444,255944,SSE CONTRACTING LIMITED,Civil Engineering,640.85,Street Lighting,SUB-CONTRACTOR,STANDARD,4550,KAAA-Directorate of Economic Growth and Neighbourhood Services
RBC Legal Entity,2021/08/18,4580459,255944,SSE CONTRACTING LIMITED,Civil Engineering,1238.61,Street Lighting,SUB-CONTRACTOR,STANDARD,4550,KAAA-Directorate of Economic Growth and Neighbourhood Services
RBC Legal Entity,2021/08/18,4580462,255944,SSE CONTRACTING LIMITED,Civil Engineering,1401.08,Street Lighting,SUB-CONTRACTOR,STANDARD,4550,KAAA-Directorate of Economic Growth and Neighbourhood Services
RBC Legal Entity,2021/08/18,4586416,255945,BARCHESTER HEALTHCARE,Mental Health Nursing,2320,Purchased Care,SUPPLIER,STANDARD,5733,JAAA-Directorate of Social Care and Health Services
RBC Legal Entity,2021/08/18,4586367,255946,AUSTEN HOUSE BARCHESTER HEALTHCARE,M&C Acquired Nursing,3800,Purchased Care,Third Party Supplier,STANDARD,5753,JAAA-Directorate of Social Care and Health Services
RBC Legal Entity,2021/08/18,4586374,255946,AUSTEN HOUSE BARCHESTER HEALTHCARE,M&C Acquired Nursing,3138.8,Purchased Care,Third Party Supplier,STANDARD,5753,JAAA-Directorate of Social Care and Health Services
RBC Legal Entity,2021/08/18,4586483,255946,AUSTEN HOUSE BARCHESTER HEALTHCARE,PS Acquired Nursing,3800,Purchased Care,Third Party Supplier,STANDARD,5773,JAAA-Directorate of Social Care and Health Services
RBC Legal Entity,2021/08/18,4586492,255946,AUSTEN HOUSE BARCHESTER HEALTHCARE,Mental Health Nursing,635,Purchased Care,Third Party Supplier,STANDARD,5733,JAAA-Directorate of Social Care and Health Services
RBC Legal Entity,2021/08/18,4577144,255947,WINNERSH PLANT HIRE LTD,Highways,28.05,Hire of Plant,SUPPLIER,STANDARD,4252,KAAA-Directorate of Economic Growth and Neighbourhood Services
RBC Legal Entity,2021/08/18,4577144,255947,WINNERSH PLANT HIRE LTD,Highways,415,Hire of Plant,SUPPLIER,STANDARD,4252,KAAA-Directorate of Economic Growth and Neighbourhood Services
RBC Legal Entity,2021/08/18,4586370,255948,PURLEY PARK TRUST LTD,LD Residential,4492,Purchased Care,Third Party Supplier,STANDARD,5742,JAAA-Directorate of Social Care and Health Services
RBC Legal Entity,2021/08/18,4586371,255948,PURLEY PARK TRUST LTD,PS Lifelong Residential,4492,Purchased Care,Third Party Supplier,STANDARD,5782,JAAA-Directorate of Social Care and Health Services
RBC Legal Entity,2021/08/18,4586373,255948,PURLEY PARK TRUST LTD,LD Residential,4152,Purchased Care,Third Party Supplier,STANDARD,5742,JAAA-Directorate of Social Care and Health Services
RBC Legal Entity,2021/08/18,4586378,255948,PURLEY PARK TRUST LTD,LD Residential,-425.6,Client Contrib. Residential,Third Party Supplier,CREDIT,5742,JAAA-Directorate of Social Care and Health Services
RBC Legal Entity,2021/08/18,4586378,255948,PURLEY PARK TRUST LTD,LD Residential,4693.04,Purchased Care,Third Party Supplier,STANDARD,5742,JAAA-Directorate of Social Care and Health Services
RBC Legal Entity,2021/08/18,4586380,255948,PURLEY PARK TRUST LTD,LD Residential,-608.8,Client Contrib. Residential,Third Party Supplier,CREDIT,5742,JAAA-Directorate of Social Care and Health Services
RBC Legal Entity,2021/08/18,4586380,255948,PURLEY PARK TRUST LTD,LD Residential,4492,Purchased Care,Third Party Supplier,STANDARD,5742,JAAA-Directorate of Social Care and Health Services
RBC Legal Entity,2021/08/18,4586393,255948,PURLEY PARK TRUST LTD,LD Residential,4492,Purchased Care,Third Party Supplier,STANDARD,5742,JAAA-Directorate of Social Care and Health Services
RBC Legal Entity,2021/08/18,4586436,255948,PURLEY PARK TRUST LTD,LD Residential,4492,Purchased Care,Third Party Supplier,STANDARD,5742,JAAA-Directorate of Social Care and Health Services
RBC Legal Entity,2021/08/18,4586463,255948,PURLEY PARK TRUST LTD,LD Residential,4152,Purchased Care,Third Party Supplier,STANDARD,5742,JAAA-Directorate of Social Care and Health Services
RBC Legal Entity,2021/08/18,4586518,255948,PURLEY PARK TRUST LTD,PS Lifelong Residential,4492,Purchased Care,Third Party Supplier,STANDARD,5782,JAAA-Directorate of Social Care and Health Services
RBC Legal Entity,2021/08/18,4586521,255948,PURLEY PARK TRUST LTD,LD Residential,4492,Purchased Care,Third Party Supplier,STANDARD,5742,JAAA-Directorate of Social Care and Health Services
RBC Legal Entity,2021/08/18,4586534,255948,PURLEY PARK TRUST LTD,Mental Health Residential,1000,Purchased Care,Third Party Supplier,STANDARD,5732,JAAA-Directorate of Social Care and Health Services
RBC Legal Entity,2021/08/18,4584881,255949,THE KINGWOOD TRUST,LD Community Services,1569.04,Purchased Care,Third Party Supplier,STANDARD,5741,JAAA-Directorate of Social Care and Health Services
RBC Legal Entity,2021/08/18,4584882,255949,THE KINGWOOD TRUST,LD Community Services,1234.56,Purchased Care,Third Party Supplier,STANDARD,5741,JAAA-Directorate of Social Care and Health Services
RBC Legal Entity,2021/08/18,4584883,255949,THE KINGWOOD TRUST,LD Community Services,841.88,Purchased Care,Third Party Supplier,STANDARD,5741,JAAA-Directorate of Social Care and Health Services
RBC Legal Entity,2021/08/18,4584884,255949,THE KINGWOOD TRUST,LD Community Services,1642.2,Purchased Care,Third Party Supplier,STANDARD,5741,JAAA-Directorate of Social Care and Health Services
RBC Legal Entity,2021/08/18,4584885,255949,THE KINGWOOD TRUST,PS Acquired Community Services,928.2,Purchased Care,Third Party Supplier,STANDARD,5771,JAAA-Directorate of Social Care and Health Services
RBC Legal Entity,2021/08/18,4584886,255949,THE KINGWOOD TRUST,LD Community Services,784.52,Purchased Care,Third Party Supplier,STANDARD,5741,JAAA-Directorate of Social Care and Health Services
RBC Legal Entity,2021/08/18,4584887,255949,THE KINGWOOD TRUST,LD Community Services,1163.16,Purchased Care,Third Party Supplier,STANDARD,5741,JAAA-Directorate of Social Care and Health Services
RBC Legal Entity,2021/08/18,4586328,255950,HOLLIES CARE HOME,PS Acquired Nursing,2978.4,Purchased Care,SUPPLIER,STANDARD,5773,JAAA-Directorate of Social Care and Health Services
RBC Legal Entity,2021/08/18,4586494,255950,HOLLIES CARE HOME,PS Acquired Residential,3000,Purchased Care,SUPPLIER,STANDARD,5772,JAAA-Directorate of Social Care and Health Services
RBC Legal Entity,2021/08/18,4586452,255951,DUNRAVEN HOUSE,M&C Acquired Residential,-608.8,Client Contrib. Residential,SUPPLIER,CREDIT,5752,JAAA-Directorate of Social Care and Health Services
RBC Legal Entity,2021/08/18,4586452,255951,DUNRAVEN HOUSE,M&C Acquired Residential,2002.08,Purchased Care,SUPPLIER,STANDARD,5752,JAAA-Directorate of Social Care and Health Services
RBC Legal Entity,2021/08/18,4586342,255952,NORWOOD SCHOOLS LIMITED,LD Residential,8872,Purchased Care,SUPPLIER,STANDARD,5742,JAAA-Directorate of Social Care and Health Services
RBC Legal Entity,2021/08/18,4586383,255953,UNITED RESPONSE,LD Residential,-425.6,Client Contrib. Residential,Third Party Supplier,CREDIT,5742,JAAA-Directorate of Social Care and Health Services
RBC Legal Entity,2021/08/18,4586383,255953,UNITED RESPONSE,LD Residential,5469.4,Purchased Care,Third Party Supplier,STANDARD,5742,JAAA-Directorate of Social Care and Health Services
RBC Legal Entity,2021/08/18,4586319,255954,SENSE,LD Residential,-425.6,Client Contrib. Residential,SUPPLIER,CREDIT,5742,JAAA-Directorate of Social Care and Health Services
RBC Legal Entity,2021/08/18,4586319,255954,SENSE,LD Residential,7558,Purchased Care,SUPPLIER,STANDARD,5742,JAAA-Directorate of Social Care and Health Services
RBC Legal Entity,2021/08/18,4582452,255955,READING TRANSPORT LTD,Strategic Transport & Concessionary Fares,9221.56,Payments for Bus Services,SUPPLIER,STANDARD,4726,KAAA-Directorate of Economic Growth and Neighbourhood Services
RBC Legal Entity,2021/08/18,4586345,255956,NORTHCOURT LODGE CARE HOME LTD,PS Acquired Nursing,3468,Purchased Care,SUPPLIER,STANDARD,5773,JAAA-Directorate of Social Care and Health Services
RBC Legal Entity,2021/08/18,4586349,255956,NORTHCOURT LODGE CARE HOME LTD,PS Acquired Nursing,3468,Purchased Care,SUPPLIER,STANDARD,5773,JAAA-Directorate of Social Care and Health Services
RBC Legal Entity,2021/08/18,4586358,255956,NORTHCOURT LODGE CARE HOME LTD,PS Acquired Nursing,3520,Purchased Care,SUPPLIER,STANDARD,5773,JAAA-Directorate of Social Care and Health Services
RBC Legal Entity,2021/08/18,4586486,255956,NORTHCOURT LODGE CARE HOME LTD,PS Acquired Nursing,3520,Purchased Care,SUPPLIER,STANDARD,5773,JAAA-Directorate of Social Care and Health Services
RBC Legal Entity,2021/08/18,4586548,255956,NORTHCOURT LODGE CARE HOME LTD,PS Acquired Nursing,3468,Purchased Care,SUPPLIER,STANDARD,5773,JAAA-Directorate of Social Care and Health Services
RBC Legal Entity,2021/08/18,4586554,255956,NORTHCOURT LODGE CARE HOME LTD,M&C Acquired Nursing,3400,Purchased Care,SUPPLIER,STANDARD,5753,JAAA-Directorate of Social Care and Health Services
RBC Legal Entity,2021/08/18,4584562,255957,WOKINGHAM TOOL CO LTD,DLO Planned Maintenance Trades,1000,Equipment Purchase & Repair,SUPPLIER,STANDARD,4030,KAAA-Directorate of Economic Growth and Neighbourhood Services
RBC Legal Entity,2021/08/18,4586417,255959,THE MOUNT CARE HOME,PS Acquired Nursing,3600,Purchased Care,SUPPLIER,STANDARD,5773,JAAA-Directorate of Social Care and Health Services
RBC Legal Entity,2021/08/18,4586427,255959,THE MOUNT CARE HOME,Mental Health Nursing,2070,Purchased Care,SUPPLIER,STANDARD,5733,JAAA-Directorate of Social Care and Health Services
RBC Legal Entity,2021/08/18,4582242,255963,PARITY FOR DISABILITY,LD Community Services,2296.6,Purchased Care,Third Party Supplier,STANDARD,5741,JAAA-Directorate of Social Care and Health Services
RBC Legal Entity,2021/08/18,4586320,255965,STROUD COURT COMMUNITY TRUST,LD Residential,-595.8,Client Contrib. Residential,SUPPLIER,CREDIT,5742,JAAA-Directorate of Social Care and Health Services
RBC Legal Entity,2021/08/18,4586320,255965,STROUD COURT COMMUNITY TRUST,LD Residential,5504.12,Purchased Care,SUPPLIER,STANDARD,5742,JAAA-Directorate of Social Care and Health Services
RBC Legal Entity,2021/08/18,4586314,255966,LANDLACE CAREHOMES LTD,LD Residential,4437.12,Purchased Care,SUPPLIER,STANDARD,5742,JAAA-Directorate of Social Care and Health Services
RBC Legal Entity,2021/08/18,4586382,255967,TCM PARTNERSHIP,LD Residential,-425.6,Client Contrib. Residential,SUPPLIER,CREDIT,5742,JAAA-Directorate of Social Care and Health Services
RBC Legal Entity,2021/08/18,4586382,255967,TCM PARTNERSHIP,LD Residential,8322.24,Purchased Care,SUPPLIER,STANDARD,5742,JAAA-Directorate of Social Care and Health Services
RBC Legal Entity,2021/08/18,4584710,255968,VERMATECH PEST CONTROL,Corporate Maintenance Services,480,TPP  Contract,SUPPLIER,STANDARD,4080,KAAA-Directorate of Economic Growth and Neighbourhood Services
RBC Legal Entity,2021/08/18,4584674,255970,READING HOTEL,Bed and Breakfast,65,Rents,SUPPLIER,STANDARD,5871,KAAA-Directorate of Economic Growth and Neighbourhood Services
RBC Legal Entity,2021/08/18,4584674,255970,READING HOTEL,Bed and Breakfast,70,Rents,SUPPLIER,STANDARD,5871,KAAA-Directorate of Economic Growth and Neighbourhood Services
RBC Legal Entity,2021/08/18,4584674,255970,READING HOTEL,Bed and Breakfast,140,Rents,SUPPLIER,STANDARD,5871,KAAA-Directorate of Economic Growth and Neighbourhood Services
RBC Legal Entity,2021/08/18,4584674,255970,READING HOTEL,Bed and Breakfast,390,Rents,SUPPLIER,STANDARD,5871,KAAA-Directorate of Economic Growth and Neighbourhood Services
RBC Legal Entity,2021/08/18,4584674,255970,READING HOTEL,Bed and Breakfast,420,Rents,SUPPLIER,STANDARD,5871,KAAA-Directorate of Economic Growth and Neighbourhood Services
RBC Legal Entity,2021/08/18,4584674,255970,READING HOTEL,Bed and Breakfast,455,Rents,SUPPLIER,STANDARD,5871,KAAA-Directorate of Economic Growth and Neighbourhood Services
RBC Legal Entity,2021/08/18,4584674,255970,READING HOTEL,Bed and Breakfast,490,Rents,SUPPLIER,STANDARD,5871,KAAA-Directorate of Economic Growth and Neighbourhood Services
RBC Legal Entity,2021/08/18,4549355,255971,SIMONE SURVEYS LTD,Traffic,540,Leasing Costs,SUB-CONTRACTOR,STANDARD,4703,KAAA-Directorate of Economic Growth and Neighbourhood Services
RBC Legal Entity,2021/08/18,4582362,255971,SIMONE SURVEYS LTD,UTMC / ITS,350,Contractors,SUB-CONTRACTOR,STANDARD,8850,ZZZC-Capital
RBC Legal Entity,2021/08/18,4582362,255971,SIMONE SURVEYS LTD,UTMC / ITS,1260,Contractors,SUB-CONTRACTOR,STANDARD,8850,ZZZC-Capital
RBC Legal Entity,2021/08/18,4582940,255971,SIMONE SURVEYS LTD,UTMC / ITS,1890,Contractors,SUB-CONTRACTOR,STANDARD,8850,ZZZC-Capital
RBC Legal Entity,2021/08/18,4576403,255972,HEADWAY THAMES VALLEY,ASC Operational Management Team,755,Other support - not recoverabl,SUPPLIER,STANDARD,5309,JAAA-Directorate of Social Care and Health Services
RBC Legal Entity,2021/08/18,4583569,255973,DR A J WILKINS,JLT Disbursements,675,Misc. Legal Expenses,SUPPLIER,STANDARD,2407,LAAA-Directorate of Resources
RBC Legal Entity,2021/08/18,4582611,255975,EVERYCARE READING,Charles Clore Court,3828.37,Agency Staff,SUPPLIER,STANDARD,5157,JAAA-Directorate of Social Care and Health Services
RBC Legal Entity,2021/08/18,4586346,255977,BUPA CARE SERVICES,Mental Health Nursing,3797.76,Purchased Care,SUPPLIER,STANDARD,5733,JAAA-Directorate of Social Care and Health Services
RBC Legal Entity,2021/08/18,4586482,255977,BUPA CARE SERVICES,Social Support,4028,Purchased Care,SUPPLIER,STANDARD,5790,JAAA-Directorate of Social Care and Health Services
RBC Legal Entity,2021/08/18,4586565,255977,BUPA CARE SERVICES,PS Acquired Nursing,5135.32,Purchased Care,SUPPLIER,STANDARD,5773,JAAA-Directorate of Social Care and Health Services
RBC Legal Entity,2021/08/18,4586566,255977,BUPA CARE SERVICES,PS Acquired Nursing,5135.32,Purchased Care,SUPPLIER,STANDARD,5773,JAAA-Directorate of Social Care and Health Services
RBC Legal Entity,2021/08/18,4586567,255977,BUPA CARE SERVICES,PS Lifelong Nursing,5135.32,Purchased Care,SUPPLIER,STANDARD,5783,JAAA-Directorate of Social Care and Health Services
RBC Legal Entity,2021/08/18,4586572,255977,BUPA CARE SERVICES,PS Acquired Nursing,-7152.77,Purchased Care,SUPPLIER,CREDIT,5773,JAAA-Directorate of Social Care and Health Services
RBC Legal Entity,2021/08/18,4586574,255977,BUPA CARE SERVICES,PS Acquired Nursing,5135.32,Purchased Care,SUPPLIER,STANDARD,5773,JAAA-Directorate of Social Care and Health Services
RBC Legal Entity,2021/08/18,4586577,255977,BUPA CARE SERVICES,Mental Health Nursing,5135.32,Purchased Care,SUPPLIER,STANDARD,5733,JAAA-Directorate of Social Care and Health Services
RBC Legal Entity,2021/08/18,4586594,255977,BUPA CARE SERVICES,PS Acquired Nursing,5135.32,Purchased Care,SUPPLIER,STANDARD,5773,JAAA-Directorate of Social Care and Health Services
RBC Legal Entity,2021/08/18,4586595,255977,BUPA CARE SERVICES,PS Acquired Nursing,5135.32,Purchased Care,SUPPLIER,STANDARD,5773,JAAA-Directorate of Social Care and Health Services
RBC Legal Entity,2021/08/18,4586598,255977,BUPA CARE SERVICES,PS Acquired Nursing,5135.32,Purchased Care,SUPPLIER,STANDARD,5773,JAAA-Directorate of Social Care and Health Services
RBC Legal Entity,2021/08/18,4586600,255977,BUPA CARE SERVICES,PS Acquired Nursing,5135.32,Purchased Care,SUPPLIER,STANDARD,5773,JAAA-Directorate of Social Care and Health Services
RBC Legal Entity,2021/08/18,4586603,255977,BUPA CARE SERVICES,Mental Health Nursing,1080,Purchased Care,SUPPLIER,STANDARD,5733,JAAA-Directorate of Social Care and Health Services
RBC Legal Entity,2021/08/18,4586607,255977,BUPA CARE SERVICES,PS Acquired Nursing,5135.32,Purchased Care,SUPPLIER,STANDARD,5773,JAAA-Directorate of Social Care and Health Services
RBC Legal Entity,2021/08/18,4586608,255977,BUPA CARE SERVICES,PS Acquired Nursing,-8620,Purchased Care,SUPPLIER,CREDIT,5773,JAAA-Directorate of Social Care and Health Services
RBC Legal Entity,2021/08/18,4586610,255977,BUPA CARE SERVICES,PS Acquired Nursing,5135.32,Purchased Care,SUPPLIER,STANDARD,5773,JAAA-Directorate of Social Care and Health Services
RBC Legal Entity,2021/08/18,4586621,255977,BUPA CARE SERVICES,PS Acquired Nursing,-92674.4,Free Nursing Care,SUPPLIER,CREDIT,5773,JAAA-Directorate of Social Care and Health Services
RBC Legal Entity,2021/08/18,4586626,255977,BUPA CARE SERVICES,PS Acquired Nursing,10620,Purchased Care,SUPPLIER,STANDARD,5773,JAAA-Directorate of Social Care and Health Services
RBC Legal Entity,2021/08/18,4586656,255977,BUPA CARE SERVICES,PS Acquired Nursing,1670.6,Enhanced Care,SUPPLIER,STANDARD,5773,JAAA-Directorate of Social Care and Health Services
RBC Legal Entity,2021/08/18,4586656,255977,BUPA CARE SERVICES,PS Acquired Nursing,110283.12,Purchased Care,SUPPLIER,STANDARD,5773,JAAA-Directorate of Social Care and Health Services
RBC Legal Entity,2021/08/18,4586659,255977,BUPA CARE SERVICES,PS Acquired Nursing,5135.32,Purchased Care,SUPPLIER,STANDARD,5773,JAAA-Directorate of Social Care and Health Services
RBC Legal Entity,2021/08/18,4586660,255977,BUPA CARE SERVICES,PS Acquired Nursing,5135.32,Purchased Care,SUPPLIER,STANDARD,5773,JAAA-Directorate of Social Care and Health Services
RBC Legal Entity,2021/08/18,4586662,255977,BUPA CARE SERVICES,PS Acquired Nursing,5135.32,Purchased Care,SUPPLIER,STANDARD,5773,JAAA-Directorate of Social Care and Health Services
RBC Legal Entity,2021/08/18,4586668,255977,BUPA CARE SERVICES,Mental Health Nursing,1738.4,Purchased Care,SUPPLIER,STANDARD,5733,JAAA-Directorate of Social Care and Health Services
RBC Legal Entity,2021/08/18,4586680,255977,BUPA CARE SERVICES,PS Acquired Nursing,-73164,Free Nursing Care,SUPPLIER,CREDIT,5773,JAAA-Directorate of Social Care and Health Services
RBC Legal Entity,2021/08/18,4587262,255978,APSE,Civil Engineering,1074.25,Software Licences,Third Party Supplier,STANDARD,4550,KAAA-Directorate of Economic Growth and Neighbourhood Services
RBC Legal Entity,2021/08/18,4587262,255978,APSE,Street Cleansing,1074.25,Software Licences,Third Party Supplier,STANDARD,4566,KAAA-Directorate of Economic Growth and Neighbourhood Services
RBC Legal Entity,2021/08/18,4587262,255978,APSE,Refuse Collection,2148.5,Subscriptions,Third Party Supplier,STANDARD,4561,KAAA-Directorate of Economic Growth and Neighbourhood Services
RBC Legal Entity,2021/08/18,4580452,255979,MR STEPHEN CRISPIN,JLT Disbursements,600,Misc. Legal Expenses,SUPPLIER,STANDARD,2407,LAAA-Directorate of Resources
RBC Legal Entity,2021/08/18,4585858,255980,BLACKBURN IT SERVICES LIMITED,Street Cleansing,7500,TPP to Others,SUPPLIER,STANDARD,4566,KAAA-Directorate of Economic Growth and Neighbourhood Services
RBC Legal Entity,2021/08/18,4586473,255981,DIVINE CARE SOLUTIONS,LD Residential,3184.44,Purchased Care,SUPPLIER,STANDARD,5742,JAAA-Directorate of Social Care and Health Services
RBC Legal Entity,2021/08/18,4586250,255982,PAYCOLL PAYROLL,LD Community Services,4893.76,Purchased Care,Third Party Supplier,STANDARD,5741,JAAA-Directorate of Social Care and Health Services
RBC Legal Entity,2021/08/18,4586189,255983,PAYCOLL PAYROLL,LD Community Services,-128.4,Fairer charging charges,Third Party Supplier,CREDIT,5741,JAAA-Directorate of Social Care and Health Services
RBC Legal Entity,2021/08/18,4586189,255983,PAYCOLL PAYROLL,LD Community Services,2361.56,Purchased Care,Third Party Supplier,STANDARD,5741,JAAA-Directorate of Social Care and Health Services
RBC Legal Entity,2021/08/18,4586171,255984,PAYCOLL PAYROLL,PS Acquired Community Services,-979.2,Fairer charging charges,Third Party Supplier,CREDIT,5771,JAAA-Directorate of Social Care and Health Services
RBC Legal Entity,2021/08/18,4586171,255984,PAYCOLL PAYROLL,PS Acquired Community Services,1894,Purchased Care,Third Party Supplier,STANDARD,5771,JAAA-Directorate of Social Care and Health Services
RBC Legal Entity,2021/08/18,4586318,255986,LIVABILITY,LD Residential,4003.24,Purchased Care,Third Party Supplier,STANDARD,5742,JAAA-Directorate of Social Care and Health Services
RBC Legal Entity,2021/08/18,4586324,255986,LIVABILITY,LD Residential,-608.8,Client Contrib. Residential,Third Party Supplier,CREDIT,5742,JAAA-Directorate of Social Care and Health Services
RBC Legal Entity,2021/08/18,4586324,255986,LIVABILITY,LD Residential,4448,Purchased Care,Third Party Supplier,STANDARD,5742,JAAA-Directorate of Social Care and Health Services
RBC Legal Entity,2021/08/18,4586438,255986,LIVABILITY,PS Lifelong Residential,4836.68,Purchased Care,Third Party Supplier,STANDARD,5782,JAAA-Directorate of Social Care and Health Services
RBC Legal Entity,2021/08/18,4586519,255986,LIVABILITY,PS Acquired Residential,4836.68,Purchased Care,Third Party Supplier,STANDARD,5772,JAAA-Directorate of Social Care and Health Services
RBC Legal Entity,2021/08/18,4584652,255987,HORSEMAN COACHES LTD,Meadway Leisure Centre,2030,Booked Travel,SUPPLIER,STANDARD,1101,KAAA-Directorate of Economic Growth and Neighbourhood Services
RBC Legal Entity,2021/08/18,4586353,255988,THE BOLTONS,M&C Acquired Residential,3182.4,Purchased Care,SUPPLIER,STANDARD,5752,JAAA-Directorate of Social Care and Health Services
RBC Legal Entity,2021/08/18,4586354,255988,THE BOLTONS,M&C Acquired Residential,3182.4,Purchased Care,SUPPLIER,STANDARD,5752,JAAA-Directorate of Social Care and Health Services
RBC Legal Entity,2021/08/18,4586355,255988,THE BOLTONS,Mental Health Residential,3468,Purchased Care,SUPPLIER,STANDARD,5732,JAAA-Directorate of Social Care and Health Services
RBC Legal Entity,2021/08/18,4586359,255988,THE BOLTONS,PS Acquired Residential,3366,Purchased Care,SUPPLIER,STANDARD,5772,JAAA-Directorate of Social Care and Health Services
RBC Legal Entity,2021/08/18,4586390,255988,THE BOLTONS,PS Acquired Residential,3060,Purchased Care,SUPPLIER,STANDARD,5772,JAAA-Directorate of Social Care and Health Services
RBC Legal Entity,2021/08/18,4586410,255988,THE BOLTONS,Mental Health Residential,3570,Purchased Care,SUPPLIER,STANDARD,5732,JAAA-Directorate of Social Care and Health Services
RBC Legal Entity,2021/08/18,4586431,255988,THE BOLTONS,Mental Health Residential,1122,Purchased Care,SUPPLIER,STANDARD,5732,JAAA-Directorate of Social Care and Health Services
RBC Legal Entity,2021/08/18,4586435,255988,THE BOLTONS,PS Acquired Residential,2742.86,Purchased Care,SUPPLIER,STANDARD,5772,JAAA-Directorate of Social Care and Health Services
RBC Legal Entity,2021/08/18,4586461,255988,THE BOLTONS,PS Acquired Residential,3264,Purchased Care,SUPPLIER,STANDARD,5772,JAAA-Directorate of Social Care and Health Services
RBC Legal Entity,2021/08/18,4586464,255988,THE BOLTONS,Mental Health Residential,1734,Purchased Care,SUPPLIER,STANDARD,5732,JAAA-Directorate of Social Care and Health Services
RBC Legal Entity,2021/08/18,4586489,255988,THE BOLTONS,PS Acquired Residential,1360,Purchased Care,SUPPLIER,STANDARD,5772,JAAA-Directorate of Social Care and Health Services
RBC Legal Entity,2021/08/18,4586536,255988,THE BOLTONS,M&C Acquired Residential,3264,Purchased Care,SUPPLIER,STANDARD,5752,JAAA-Directorate of Social Care and Health Services
RBC Legal Entity,2021/08/18,4586541,255988,THE BOLTONS,Social Support,3468,Purchased Care,SUPPLIER,STANDARD,5790,JAAA-Directorate of Social Care and Health Services
RBC Legal Entity,2021/08/18,4586542,255988,THE BOLTONS,M&C Acquired Residential,3264,Purchased Care,SUPPLIER,STANDARD,5752,JAAA-Directorate of Social Care and Health Services
RBC Legal Entity,2021/08/18,4586546,255988,THE BOLTONS,Mental Health Residential,3182.4,Purchased Care,SUPPLIER,STANDARD,5732,JAAA-Directorate of Social Care and Health Services
RBC Legal Entity,2021/08/18,4586560,255988,THE BOLTONS,PS Acquired Residential,1578.57,Respite Care,SUPPLIER,STANDARD,5772,JAAA-Directorate of Social Care and Health Services
RBC Legal Entity,2021/08/18,4586351,255990,NAVARA LODGE,PS Acquired Residential,3016.88,Purchased Care,SUPPLIER,STANDARD,5772,JAAA-Directorate of Social Care and Health Services
RBC Legal Entity,2021/08/18,4586352,255990,NAVARA LODGE,Mental Health Residential,3182.4,Purchased Care,SUPPLIER,STANDARD,5732,JAAA-Directorate of Social Care and Health Services
RBC Legal Entity,2021/08/18,4586408,255990,NAVARA LODGE,PS Acquired Residential,3292.97,Purchased Care,SUPPLIER,STANDARD,5772,JAAA-Directorate of Social Care and Health Services
RBC Legal Entity,2021/08/18,4586475,255990,NAVARA LODGE,PS Acquired Residential,3292.97,Purchased Care,SUPPLIER,STANDARD,5772,JAAA-Directorate of Social Care and Health Services
RBC Legal Entity,2021/08/18,4586476,255990,NAVARA LODGE,PS Acquired Residential,3052.01,Purchased Care,SUPPLIER,STANDARD,5772,JAAA-Directorate of Social Care and Health Services
RBC Legal Entity,2021/08/18,4586530,255990,NAVARA LODGE,PS Acquired Residential,3182.4,Purchased Care,SUPPLIER,STANDARD,5772,JAAA-Directorate of Social Care and Health Services
RBC Legal Entity,2021/08/18,4586545,255990,NAVARA LODGE,Mental Health Residential,3182.4,Purchased Care,SUPPLIER,STANDARD,5732,JAAA-Directorate of Social Care and Health Services
RBC Legal Entity,2021/08/18,4586338,255991,MOORLANDS REST HOME,PS Acquired Residential,3141.6,Purchased Care,SUPPLIER,STANDARD,5772,JAAA-Directorate of Social Care and Health Services
RBC Legal Entity,2021/08/18,4586356,255991,MOORLANDS REST HOME,PS Acquired Residential,-1282.29,Purchased Care,SUPPLIER,CREDIT,5772,JAAA-Directorate of Social Care and Health Services
RBC Legal Entity,2021/08/18,4586396,255991,MOORLANDS REST HOME,Mental Health Residential,1929.84,Purchased Care,SUPPLIER,STANDARD,5732,JAAA-Directorate of Social Care and Health Services
RBC Legal Entity,2021/08/18,4586429,255991,MOORLANDS REST HOME,M&C Acquired Residential,3280,Purchased Care,SUPPLIER,STANDARD,5752,JAAA-Directorate of Social Care and Health Services
RBC Legal Entity,2021/08/18,4586456,255991,MOORLANDS REST HOME,Mental Health Residential,3243.6,Purchased Care,SUPPLIER,STANDARD,5732,JAAA-Directorate of Social Care and Health Services
RBC Legal Entity,2021/08/18,4586556,255991,MOORLANDS REST HOME,PS Acquired Residential,3200,Purchased Care,SUPPLIER,STANDARD,5772,JAAA-Directorate of Social Care and Health Services
RBC Legal Entity,2021/08/18,4586558,255991,MOORLANDS REST HOME,M&C Acquired Residential,3200,Purchased Care,SUPPLIER,STANDARD,5752,JAAA-Directorate of Social Care and Health Services
RBC Legal Entity,2021/08/18,4586559,255991,MOORLANDS REST HOME,M&C Acquired Residential,3520,Purchased Care,SUPPLIER,STANDARD,5752,JAAA-Directorate of Social Care and Health Services
RBC Legal Entity,2021/08/18,4586529,255992,HILLTOP HOUSE,Mental Health Residential,1989.84,Purchased Care,SUPPLIER,STANDARD,5732,JAAA-Directorate of Social Care and Health Services
RBC Legal Entity,2021/08/18,4586564,255993,MULBERRY HOUSE RESIDENTIAL CARE HOME,M&C Acquired Residential,3932.71,Purchased Care,SUPPLIER,STANDARD,5752,JAAA-Directorate of Social Care and Health Services
RBC Legal Entity,2021/08/18,4586581,255993,MULBERRY HOUSE RESIDENTIAL CARE HOME,M&C Acquired Residential,3200,Purchased Care,SUPPLIER,STANDARD,5752,JAAA-Directorate of Social Care and Health Services
RBC Legal Entity,2021/08/18,4586596,255993,MULBERRY HOUSE RESIDENTIAL CARE HOME,M&C Acquired Residential,4435.43,Purchased Care,SUPPLIER,STANDARD,5752,JAAA-Directorate of Social Care and Health Services
RBC Legal Entity,2021/08/18,4586601,255993,MULBERRY HOUSE RESIDENTIAL CARE HOME,PS Acquired Residential,3060,Purchased Care,SUPPLIER,STANDARD,5772,JAAA-Directorate of Social Care and Health Services
RBC Legal Entity,2021/08/18,4586606,255993,MULBERRY HOUSE RESIDENTIAL CARE HOME,Social Support,3060,Purchased Care,SUPPLIER,STANDARD,5790,JAAA-Directorate of Social Care and Health Services
RBC Legal Entity,2021/08/18,4586609,255993,MULBERRY HOUSE RESIDENTIAL CARE HOME,PS Acquired Residential,3300,Purchased Care,SUPPLIER,STANDARD,5772,JAAA-Directorate of Social Care and Health Services
RBC Legal Entity,2021/08/18,4586623,255993,MULBERRY HOUSE RESIDENTIAL CARE HOME,PS Acquired Residential,7657.14,Purchased Care,SUPPLIER,STANDARD,5772,JAAA-Directorate of Social Care and Health Services
RBC Legal Entity,2021/08/18,4586628,255993,MULBERRY HOUSE RESIDENTIAL CARE HOME,PS Acquired Residential,4435.43,Purchased Care,SUPPLIER,STANDARD,5772,JAAA-Directorate of Social Care and Health Services
RBC Legal Entity,2021/08/18,4586645,255993,MULBERRY HOUSE RESIDENTIAL CARE HOME,PS Acquired Residential,3200,Purchased Care,SUPPLIER,STANDARD,5772,JAAA-Directorate of Social Care and Health Services
RBC Legal Entity,2021/08/18,4586654,255993,MULBERRY HOUSE RESIDENTIAL CARE HOME,PS Acquired Residential,4435.43,Purchased Care,SUPPLIER,STANDARD,5772,JAAA-Directorate of Social Care and Health Services
RBC Legal Entity,2021/08/18,4586663,255993,MULBERRY HOUSE RESIDENTIAL CARE HOME,PS Acquired Residential,3060,Purchased Care,SUPPLIER,STANDARD,5772,JAAA-Directorate of Social Care and Health Services
RBC Legal Entity,2021/08/18,4586673,255993,MULBERRY HOUSE RESIDENTIAL CARE HOME,PS Acquired Residential,3800,Purchased Care,SUPPLIER,STANDARD,5772,JAAA-Directorate of Social Care and Health Services
RBC Legal Entity,2021/08/18,4586514,255994,LEONARD CHESHIRE SOUTH REGION,Mental Health Residential,2636.36,Purchased Care,SUPPLIER,STANDARD,5732,JAAA-Directorate of Social Care and Health Services
RBC Legal Entity,2021/08/18,4586313,255996,COLLEYCARE LIMITED,PS Acquired Residential,2856,Purchased Care,SUPPLIER,STANDARD,5772,JAAA-Directorate of Social Care and Health Services
RBC Legal Entity,2021/08/18,4586344,255996,COLLEYCARE LIMITED,PS Acquired Residential,3060,Purchased Care,SUPPLIER,STANDARD,5772,JAAA-Directorate of Social Care and Health Services
RBC Legal Entity,2021/08/18,4586364,255996,COLLEYCARE LIMITED,M&C Acquired Residential,3200,Purchased Care,SUPPLIER,STANDARD,5752,JAAA-Directorate of Social Care and Health Services
RBC Legal Entity,2021/08/18,4586403,255996,COLLEYCARE LIMITED,PS Acquired Residential,3060,Purchased Care,SUPPLIER,STANDARD,5772,JAAA-Directorate of Social Care and Health Services
RBC Legal Entity,2021/08/18,4586404,255996,COLLEYCARE LIMITED,M&C Acquired Residential,3060,Purchased Care,SUPPLIER,STANDARD,5752,JAAA-Directorate of Social Care and Health Services
RBC Legal Entity,2021/08/18,4586414,255996,COLLEYCARE LIMITED,PS Acquired Residential,3060,Purchased Care,SUPPLIER,STANDARD,5772,JAAA-Directorate of Social Care and Health Services
RBC Legal Entity,2021/08/18,4586415,255996,COLLEYCARE LIMITED,PS Acquired Residential,3980,Purchased Care,SUPPLIER,STANDARD,5772,JAAA-Directorate of Social Care and Health Services
RBC Legal Entity,2021/08/18,4586418,255996,COLLEYCARE LIMITED,PS Acquired Residential,3300,Purchased Care,SUPPLIER,STANDARD,5772,JAAA-Directorate of Social Care and Health Services
RBC Legal Entity,2021/08/18,4586421,255996,COLLEYCARE LIMITED,PS Acquired Residential,3880,Purchased Care,SUPPLIER,STANDARD,5772,JAAA-Directorate of Social Care and Health Services
RBC Legal Entity,2021/08/18,4586422,255996,COLLEYCARE LIMITED,PS Acquired Residential,3000,Purchased Care,SUPPLIER,STANDARD,5772,JAAA-Directorate of Social Care and Health Services
RBC Legal Entity,2021/08/18,4586425,255996,COLLEYCARE LIMITED,PS Acquired Residential,-1420.71,Purchased Care,SUPPLIER,CREDIT,5772,JAAA-Directorate of Social Care and Health Services
RBC Legal Entity,2021/08/18,4586426,255996,COLLEYCARE LIMITED,PS Acquired Residential,3800,Purchased Care,SUPPLIER,STANDARD,5772,JAAA-Directorate of Social Care and Health Services
RBC Legal Entity,2021/08/18,4586453,255996,COLLEYCARE LIMITED,M&C Acquired Residential,2652,Purchased Care,SUPPLIER,STANDARD,5752,JAAA-Directorate of Social Care and Health Services
RBC Legal Entity,2021/08/18,4586467,255996,COLLEYCARE LIMITED,PS Acquired Residential,3060,Purchased Care,SUPPLIER,STANDARD,5772,JAAA-Directorate of Social Care and Health Services
RBC Legal Entity,2021/08/18,4586472,255996,COLLEYCARE LIMITED,PS Acquired Residential,3060,Purchased Care,SUPPLIER,STANDARD,5772,JAAA-Directorate of Social Care and Health Services
RBC Legal Entity,2021/08/18,4586478,255996,COLLEYCARE LIMITED,Mental Health Residential,3060,Purchased Care,SUPPLIER,STANDARD,5732,JAAA-Directorate of Social Care and Health Services
RBC Legal Entity,2021/08/18,4586487,255996,COLLEYCARE LIMITED,PS Acquired Residential,3000,Purchased Care,SUPPLIER,STANDARD,5772,JAAA-Directorate of Social Care and Health Services
RBC Legal Entity,2021/08/18,4586493,255996,COLLEYCARE LIMITED,Mental Health Residential,1530,Purchased Care,SUPPLIER,STANDARD,5732,JAAA-Directorate of Social Care and Health Services
RBC Legal Entity,2021/08/18,4586540,255996,COLLEYCARE LIMITED,PS Acquired Residential,3060,Purchased Care,SUPPLIER,STANDARD,5772,JAAA-Directorate of Social Care and Health Services
RBC Legal Entity,2021/08/18,4586544,255996,COLLEYCARE LIMITED,M&C Acquired Residential,26000,EMI,SUPPLIER,STANDARD,5752,JAAA-Directorate of Social Care and Health Services
RBC Legal Entity,2021/08/18,4584906,255997,ACTIVE ASSISTANCE,PS Acquired Community Services,952.83,Purchased Care,SUPPLIER,STANDARD,5771,JAAA-Directorate of Social Care and Health Services
RBC Legal Entity,2021/08/18,4584907,255997,ACTIVE ASSISTANCE,PS Acquired Community Services,634.34,Purchased Care,SUPPLIER,STANDARD,5771,JAAA-Directorate of Social Care and Health Services
RBC Legal Entity,2021/08/18,4586381,255998,SEEABILITY,LD Residential,-425.6,Client Contrib. Residential,SUPPLIER,CREDIT,5742,JAAA-Directorate of Social Care and Health Services
RBC Legal Entity,2021/08/18,4586381,255998,SEEABILITY,LD Residential,9143.44,Purchased Care,SUPPLIER,STANDARD,5742,JAAA-Directorate of Social Care and Health Services
RBC Legal Entity,2021/08/18,4574220,255999,SUNNYSIDE AUTOS,Fleet Management,2000,Unfair Wear + Tear Costs,Third Party Supplier,STANDARD,4552,KAAA-Directorate of Economic Growth and Neighbourhood Services
RBC Legal Entity,2021/08/18,4586527,256001,LYNDHURST RESIDENTIAL HOME,PS Acquired Residential,3468,Purchased Care,SUPPLIER,STANDARD,5772,JAAA-Directorate of Social Care and Health Services
RBC Legal Entity,2021/08/18,4584560,256002,ASKEWS & HOLTS LIBRARY SERVICES LTD,General Reference,7.65,Adult Fiction Books,SUPPLIER,STANDARD,1454,KAAA-Directorate of Economic Growth and Neighbourhood Services
RBC Legal Entity,2021/08/18,4584560,256002,ASKEWS & HOLTS LIBRARY SERVICES LTD,General Reference,206.73,Adult Non Fiction Books,SUPPLIER,STANDARD,1454,KAAA-Directorate of Economic Growth and Neighbourhood Services
RBC Legal Entity,2021/08/18,4584560,256002,ASKEWS & HOLTS LIBRARY SERVICES LTD,General Reference,280.53,Adult Fiction Books,SUPPLIER,STANDARD,1454,KAAA-Directorate of Economic Growth and Neighbourhood Services
RBC Legal Entity,2021/08/18,4584560,256002,ASKEWS & HOLTS LIBRARY SERVICES LTD,General Reference,295.11,Childrens Stock,SUPPLIER,STANDARD,1454,KAAA-Directorate of Economic Growth and Neighbourhood Services
RBC Legal Entity,2021/08/18,4586508,256003,L'ARCHE,LD Residential,-1246.36,Client Contrib. Residential,SUPPLIER,CREDIT,5742,JAAA-Directorate of Social Care and Health Services
RBC Legal Entity,2021/08/18,4586508,256003,L'ARCHE,LD Residential,5034.28,Purchased Care,SUPPLIER,STANDARD,5742,JAAA-Directorate of Social Care and Health Services
RBC Legal Entity,2021/08/18,4580336,256004,BELLSTAN LIMITED,Civil Engineering,7.56,H.M.Road Markings,SUB-CONTRACTOR,STANDARD,4550,KAAA-Directorate of Economic Growth and Neighbourhood Services
RBC Legal Entity,2021/08/18,4580336,256004,BELLSTAN LIMITED,Civil Engineering,9.72,H.M.Road Markings,SUB-CONTRACTOR,STANDARD,4550,KAAA-Directorate of Economic Growth and Neighbourhood Services
RBC Legal Entity,2021/08/18,4580336,256004,BELLSTAN LIMITED,Civil Engineering,14.22,H.M.Road Markings,SUB-CONTRACTOR,STANDARD,4550,KAAA-Directorate of Economic Growth and Neighbourhood Services
RBC Legal Entity,2021/08/18,4580336,256004,BELLSTAN LIMITED,Civil Engineering,15.12,H.M.Road Markings,SUB-CONTRACTOR,STANDARD,4550,KAAA-Directorate of Economic Growth and Neighbourhood Services
RBC Legal Entity,2021/08/18,4580336,256004,BELLSTAN LIMITED,Civil Engineering,16.12,H.M.Road Markings,SUB-CONTRACTOR,STANDARD,4550,KAAA-Directorate of Economic Growth and Neighbourhood Services
RBC Legal Entity,2021/08/18,4580336,256004,BELLSTAN LIMITED,Civil Engineering,20.86,H.M.Road Markings,SUB-CONTRACTOR,STANDARD,4550,KAAA-Directorate of Economic Growth and Neighbourhood Services
RBC Legal Entity,2021/08/18,4580336,256004,BELLSTAN LIMITED,Civil Engineering,20.86,H.M.Road Markings,SUB-CONTRACTOR,STANDARD,4550,KAAA-Directorate of Economic Growth and Neighbourhood Services
RBC Legal Entity,2021/08/18,4580336,256004,BELLSTAN LIMITED,Civil Engineering,24.84,H.M.Road Markings,SUB-CONTRACTOR,STANDARD,4550,KAAA-Directorate of Economic Growth and Neighbourhood Services
RBC Legal Entity,2021/08/18,4580336,256004,BELLSTAN LIMITED,Civil Engineering,27.88,H.M.Road Markings,SUB-CONTRACTOR,STANDARD,4550,KAAA-Directorate of Economic Growth and Neighbourhood Services
RBC Legal Entity,2021/08/18,4580336,256004,BELLSTAN LIMITED,Civil Engineering,43.78,H.M.Road Markings,SUB-CONTRACTOR,STANDARD,4550,KAAA-Directorate of Economic Growth and Neighbourhood Services
RBC Legal Entity,2021/08/18,4580336,256004,BELLSTAN LIMITED,Civil Engineering,81.88,H.M.Road Markings,SUB-CONTRACTOR,STANDARD,4550,KAAA-Directorate of Economic Growth and Neighbourhood Services
RBC Legal Entity,2021/08/18,4580336,256004,BELLSTAN LIMITED,Civil Engineering,113.55,H.M.Road Markings,SUB-CONTRACTOR,STANDARD,4550,KAAA-Directorate of Economic Growth and Neighbourhood Services
RBC Legal Entity,2021/08/18,4580336,256004,BELLSTAN LIMITED,Civil Engineering,150.46,H.M.Road Markings,SUB-CONTRACTOR,STANDARD,4550,KAAA-Directorate of Economic Growth and Neighbourhood Services
RBC Legal Entity,2021/08/18,4584166,256006,GLASRITE LTD,DLO Voids Trades,725,Subcontractors Labour,SUB-CONTRACTOR,STANDARD,4020,KAAA-Directorate of Economic Growth and Neighbourhood Services
RBC Legal Entity,2021/08/18,4584196,256006,GLASRITE LTD,DLO Day to Day Trades,4547.7,Subcontractors Labour,SUB-CONTRACTOR,STANDARD,4010,KAAA-Directorate of Economic Growth and Neighbourhood Services
RBC Legal Entity,2021/08/18,4586535,256007,THE DISABILITIES TRUST,LD Residential,5219.16,Purchased Care,SUPPLIER,STANDARD,5742,JAAA-Directorate of Social Care and Health Services
RBC Legal Entity,2021/08/18,4586479,256008,THE DISABILITIES TRUST,LD Residential,7060,Purchased Care,SUPPLIER,STANDARD,5742,JAAA-Directorate of Social Care and Health Services
RBC Legal Entity,2021/08/18,4586455,256009,CHILMINGTON HOMES LIMITED,LD Residential,6995.4,Purchased Care,Third Party Supplier,STANDARD,5742,JAAA-Directorate of Social Care and Health Services
RBC Legal Entity,2021/08/18,4586522,256009,CHILMINGTON HOMES LIMITED,LD Residential,5528.2,Purchased Care,Third Party Supplier,STANDARD,5742,JAAA-Directorate of Social Care and Health Services
RBC Legal Entity,2021/08/18,4582758,256013,WELCOME TRANSLATION EXPERTS LTD,JLT Disbursements,1200,Misc. Legal Expenses,Third Party Supplier,STANDARD,2407,LAAA-Directorate of Resources
RBC Legal Entity,2021/08/18,4579090,256014,EUROPEAN ASBESTOS SERVICES LTD,Caversham Park Primary,4883.5,External Fees  Misc.,SUB-CONTRACTOR,STANDARD,8210,ZZZC-Capital
RBC Legal Entity,2021/08/18,4587257,256015,PAYCOLL PAYROLL,LD Community Services,616.2,Purchased Care,Third Party Supplier,STANDARD,5741,JAAA-Directorate of Social Care and Health Services
RBC Legal Entity,2021/08/18,4586327,256016,GRACEWELL HEALTHCARE 3 LTD,PS Acquired Nursing,3669.16,Purchased Care,SUPPLIER,STANDARD,5773,JAAA-Directorate of Social Care and Health Services
RBC Legal Entity,2021/08/18,4586179,256017,PAYCOLL PAYROLL,PS Acquired Community Services,681.44,Purchased Care,Third Party Supplier,STANDARD,5771,JAAA-Directorate of Social Care and Health Services
RBC Legal Entity,2021/08/18,4586263,256018,ENHAM TRUST,LD Community Services,1815.52,Purchased Care,Third Party Supplier,STANDARD,5741,JAAA-Directorate of Social Care and Health Services
RBC Legal Entity,2021/08/18,4586138,256019,ENHAM TRUST,LD Community Services,1097.16,Purchased Care,Third Party Supplier,STANDARD,5741,JAAA-Directorate of Social Care and Health Services
RBC Legal Entity,2021/08/18,4586343,256021,EQUINOX CARE,PS Acquired Residential,3834.2,Purchased Care,SUPPLIER,STANDARD,5772,JAAA-Directorate of Social Care and Health Services
RBC Legal Entity,2021/08/18,4583499,256023,ROSIE SCOTT,JLT Disbursements,1150,Misc. Legal Expenses,SUPPLIER,STANDARD,2407,LAAA-Directorate of Resources
RBC Legal Entity,2021/08/18,4585698,256025,ERIF (UK) LIMITED,Repairs,460,Fire Protection,SUPPLIER,STANDARD,5970,HAAA-Housing Revenue Account
RBC Legal Entity,2021/08/18,4586347,256026,ST MATTHEWS HEALTHCARE,PS Acquired Nursing,2960,Purchased Care,SUPPLIER,STANDARD,5773,JAAA-Directorate of Social Care and Health Services
RBC Legal Entity,2021/08/18,4586488,256026,ST MATTHEWS HEALTHCARE,Mental Health Residential,908.6,Purchased Care,SUPPLIER,STANDARD,5732,JAAA-Directorate of Social Care and Health Services
RBC Legal Entity,2021/08/18,4586402,256027,VALORUM CARE LTD,PS Acquired Nursing,4648.6,Purchased Care,SUPPLIER,STANDARD,5773,JAAA-Directorate of Social Care and Health Services
RBC Legal Entity,2021/08/18,4586520,256027,VALORUM CARE LTD,PS Acquired Nursing,-698.08,Client Contrib. Residential,SUPPLIER,CREDIT,5773,JAAA-Directorate of Social Care and Health Services
RBC Legal Entity,2021/08/18,4586520,256027,VALORUM CARE LTD,PS Acquired Nursing,3551.04,Purchased Care,SUPPLIER,STANDARD,5773,JAAA-Directorate of Social Care and Health Services
RBC Legal Entity,2021/08/18,4586311,256028,QUALITY CARE PROVIDERS LIMITED,LD Residential,5928.04,Purchased Care,SUPPLIER,STANDARD,5742,JAAA-Directorate of Social Care and Health Services
RBC Legal Entity,2021/08/18,4586312,256028,QUALITY CARE PROVIDERS LIMITED,LD Residential,6426,Purchased Care,SUPPLIER,STANDARD,5742,JAAA-Directorate of Social Care and Health Services
RBC Legal Entity,2021/08/18,4586372,256028,QUALITY CARE PROVIDERS LIMITED,LD Residential,9622.44,Purchased Care,SUPPLIER,STANDARD,5742,JAAA-Directorate of Social Care and Health Services
RBC Legal Entity,2021/08/18,4586405,256030,BRAMLEY HEALTH,M&C Acquired Nursing,4480,Purchased Care,SUPPLIER,STANDARD,5753,JAAA-Directorate of Social Care and Health Services
RBC Legal Entity,2021/08/18,4586423,256030,BRAMLEY HEALTH,Mental Health Residential,1848,Purchased Care,SUPPLIER,STANDARD,5732,JAAA-Directorate of Social Care and Health Services
RBC Legal Entity,2021/08/18,4586350,256031,WINDSAR CARE CENTRE LTD,PS Acquired Residential,3876,Purchased Care,Third Party Supplier,STANDARD,5772,JAAA-Directorate of Social Care and Health Services
RBC Legal Entity,2021/08/18,4586419,256031,WINDSAR CARE CENTRE LTD,Mental Health Residential,2280,Purchased Care,Third Party Supplier,STANDARD,5732,JAAA-Directorate of Social Care and Health Services
RBC Legal Entity,2021/08/18,4586543,256031,WINDSAR CARE CENTRE LTD,Mental Health Residential,2448,Purchased Care,Third Party Supplier,STANDARD,5732,JAAA-Directorate of Social Care and Health Services
RBC Legal Entity,2021/08/18,4586549,256031,WINDSAR CARE CENTRE LTD,M&C Acquired Nursing,4528.8,Purchased Care,Third Party Supplier,STANDARD,5753,JAAA-Directorate of Social Care and Health Services
RBC Legal Entity,2021/08/18,4586552,256031,WINDSAR CARE CENTRE LTD,PS Acquired Nursing,3800,Purchased Care,Third Party Supplier,STANDARD,5773,JAAA-Directorate of Social Care and Health Services
RBC Legal Entity,2021/08/18,4586432,256032,THE PINES,Mental Health Residential,2958.63,Purchased Care,SUPPLIER,STANDARD,5732,JAAA-Directorate of Social Care and Health Services
RBC Legal Entity,2021/08/18,4586145,256033,PAYCOLL PAYROLL,PS Acquired Community Services,-186.08,Fairer charging charges,Third Party Supplier,CREDIT,5771,JAAA-Directorate of Social Care and Health Services
RBC Legal Entity,2021/08/18,4586145,256033,PAYCOLL PAYROLL,PS Acquired Community Services,3042,Purchased Care,Third Party Supplier,STANDARD,5771,JAAA-Directorate of Social Care and Health Services
RBC Legal Entity,2021/08/18,4580916,256034,STRANGE STRANGE & GARDNER,Food and Safety,720,Consultancy Fees,SUPPLIER,STANDARD,4614,KAAA-Directorate of Economic Growth and Neighbourhood Services
RBC Legal Entity,2021/08/18,4586202,256035,PAYCOLL PAYROLL,PS Acquired Community Services,1982.04,Purchased Care,Third Party Supplier,STANDARD,5771,JAAA-Directorate of Social Care and Health Services
RBC Legal Entity,2021/08/18,4584575,256036,VICTIM SUPPORT BERKSHIRE,ASC Voluntary Grants,3296,GrantsVolunt.Organ.,SUPPLIER,STANDARD,5300,JAAA-Directorate of Social Care and Health Services
RBC Legal Entity,2021/08/18,4583753,256038,ACCREDO SUPPORT & DEVELOPMENT LTD,LD Community Services,4281.52,Purchased Care,Third Party Supplier,STANDARD,5741,JAAA-Directorate of Social Care and Health Services
RBC Legal Entity,2021/08/18,4583754,256038,ACCREDO SUPPORT & DEVELOPMENT LTD,Mental Health Community Services,915.75,Purchased Care,Third Party Supplier,STANDARD,5731,JAAA-Directorate of Social Care and Health Services
RBC Legal Entity,2021/08/18,4586280,256039,PAYCOLL PAYROLL,PS Acquired Community Services,702,Purchased Care,Third Party Supplier,STANDARD,5771,JAAA-Directorate of Social Care and Health Services
RBC Legal Entity,2021/08/18,4586360,256040,FIDELITY HEALTHCARE GROVE HILL LTD,PS Acquired Residential,2448,Purchased Care,SUPPLIER,STANDARD,5772,JAAA-Directorate of Social Care and Health Services
RBC Legal Entity,2021/08/18,4586555,256041,WILLIAM MORRIS COLLEGE LIMITED,LD Residential,7692,Purchased Care,SUPPLIER,STANDARD,5742,JAAA-Directorate of Social Care and Health Services
RBC Legal Entity,2021/08/18,4586281,256042,PAYCOLL PAYROLL,LD Community Services,-201.48,Fairer charging charges,Third Party Supplier,CREDIT,5741,JAAA-Directorate of Social Care and Health Services
RBC Legal Entity,2021/08/18,4586281,256042,PAYCOLL PAYROLL,LD Community Services,5711.12,Purchased Care,Third Party Supplier,STANDARD,5741,JAAA-Directorate of Social Care and Health Services
RBC Legal Entity,2021/08/18,4574652,256043,STANTEC UK LIMITED,UTMC / ITS,51.23,Contractors,Third Party Supplier,STANDARD,8850,ZZZC-Capital
RBC Legal Entity,2021/08/18,4574652,256043,STANTEC UK LIMITED,UTMC / ITS,552.21,Contractors,Third Party Supplier,STANDARD,8850,ZZZC-Capital
RBC Legal Entity,2021/08/18,4574652,256043,STANTEC UK LIMITED,UTMC / ITS,1113.42,Contractors,Third Party Supplier,STANDARD,8850,ZZZC-Capital
RBC Legal Entity,2021/08/18,4574652,256043,STANTEC UK LIMITED,UTMC / ITS,2368.47,Contractors,Third Party Supplier,STANDARD,8850,ZZZC-Capital
RBC Legal Entity,2021/08/18,4574652,256043,STANTEC UK LIMITED,UTMC / ITS,3658.27,Contractors,Third Party Supplier,STANDARD,8850,ZZZC-Capital
RBC Legal Entity,2021/08/18,4586206,256044,PAYCOLL PAYROLL,PS Acquired Community Services,-176.76,Fairer charging charges,Third Party Supplier,CREDIT,5771,JAAA-Directorate of Social Care and Health Services
RBC Legal Entity,2021/08/18,4586206,256044,PAYCOLL PAYROLL,PS Acquired Community Services,753.64,Purchased Care,Third Party Supplier,STANDARD,5771,JAAA-Directorate of Social Care and Health Services
RBC Legal Entity,2021/08/18,4586090,256046,ENHAM TRUST,PS Acquired Community Services,-128.2,Fairer charging charges,Third Party Supplier,CREDIT,5771,JAAA-Directorate of Social Care and Health Services
RBC Legal Entity,2021/08/18,4586090,256046,ENHAM TRUST,PS Acquired Community Services,4661.12,Purchased Care,Third Party Supplier,STANDARD,5771,JAAA-Directorate of Social Care and Health Services
RBC Legal Entity,2021/08/18,4586550,256047,REAL LIFE OPTIONS,LD Residential,2292,Purchased Care,SUPPLIER,STANDARD,5742,JAAA-Directorate of Social Care and Health Services
RBC Legal Entity,2021/08/18,4582980,256048,KATHERINE WILSON LIMITED,JLT Disbursements,2848.3,Misc. Legal Expenses,SUPPLIER,STANDARD,2407,LAAA-Directorate of Resources
RBC Legal Entity,2021/08/18,4586283,256049,PAYCOLL PAYROLL,PS Acquired Community Services,-312.56,Fairer charging charges,Third Party Supplier,CREDIT,5771,JAAA-Directorate of Social Care and Health Services
RBC Legal Entity,2021/08/18,4586283,256049,PAYCOLL PAYROLL,PS Acquired Community Services,9673.2,Purchased Care,Third Party Supplier,STANDARD,5771,JAAA-Directorate of Social Care and Health Services
RBC Legal Entity,2021/08/18,4586096,256050,PAYCOLL PAYROLL,PS Acquired Community Services,1042.08,Purchased Care,Third Party Supplier,STANDARD,5771,JAAA-Directorate of Social Care and Health Services
RBC Legal Entity,2021/08/18,4586210,256051,PAYCOLL PAYROLL,Mental Health Community Services,919.44,Purchased Care,Third Party Supplier,STANDARD,5731,JAAA-Directorate of Social Care and Health Services
RBC Legal Entity,2021/08/18,4586287,256052,PAYCOLL PAYROLL,PS Acquired Community Services,-1257.2,Fairer charging charges,Third Party Supplier,CREDIT,5771,JAAA-Directorate of Social Care and Health Services
RBC Legal Entity,2021/08/18,4586287,256052,PAYCOLL PAYROLL,PS Acquired Community Services,2318.52,Purchased Care,Third Party Supplier,STANDARD,5771,JAAA-Directorate of Social Care and Health Services
RBC Legal Entity,2021/08/18,4586282,256053,PAYCOLL PAYROLL,PS Acquired Community Services,-11.8,Fairer charging charges,Third Party Supplier,CREDIT,5771,JAAA-Directorate of Social Care and Health Services
RBC Legal Entity,2021/08/18,4586282,256053,PAYCOLL PAYROLL,PS Acquired Community Services,575.2,Purchased Care,Third Party Supplier,STANDARD,5771,JAAA-Directorate of Social Care and Health Services
RBC Legal Entity,2021/08/18,4585863,256054,EMPIRE GROUND CARE LTD,Street Cleansing,10500,TPP  Contract,Third Party Supplier,STANDARD,4566,KAAA-Directorate of Economic Growth and Neighbourhood Services
RBC Legal Entity,2021/08/18,4586093,256057,PAYCOLL PAYROLL,PS Acquired Community Services,-167.32,Fairer charging charges,Third Party Supplier,CREDIT,5771,JAAA-Directorate of Social Care and Health Services
RBC Legal Entity,2021/08/18,4586093,256057,PAYCOLL PAYROLL,PS Acquired Community Services,2375.52,Purchased Care,Third Party Supplier,STANDARD,5771,JAAA-Directorate of Social Care and Health Services
RBC Legal Entity,2021/08/18,4586235,256058,PAYCOLL PAYROLL,LD Community Services,-200,Fairer charging charges,Third Party Supplier,CREDIT,5741,JAAA-Directorate of Social Care and Health Services
RBC Legal Entity,2021/08/18,4586235,256058,PAYCOLL PAYROLL,LD Community Services,2498.52,Purchased Care,Third Party Supplier,STANDARD,5741,JAAA-Directorate of Social Care and Health Services
RBC Legal Entity,2021/08/18,4586165,256060,PAYCOLL PAYROLL,PS Acquired Community Services,1292.76,Purchased Care,Third Party Supplier,STANDARD,5771,JAAA-Directorate of Social Care and Health Services
RBC Legal Entity,2021/08/18,4586080,256061,PAYCOLL PAYROLL,LD Community Services,-227.04,Fairer charging charges,Third Party Supplier,CREDIT,5741,JAAA-Directorate of Social Care and Health Services
RBC Legal Entity,2021/08/18,4586080,256061,PAYCOLL PAYROLL,LD Community Services,1532.48,Purchased Care,Third Party Supplier,STANDARD,5741,JAAA-Directorate of Social Care and Health Services
RBC Legal Entity,2021/08/18,4586242,256062,PAYCOLL PAYROLL,PS Acquired Community Services,-283.68,Fairer charging charges,Third Party Supplier,CREDIT,5771,JAAA-Directorate of Social Care and Health Services
RBC Legal Entity,2021/08/18,4586242,256062,PAYCOLL PAYROLL,PS Acquired Community Services,1389.6,Purchased Care,Third Party Supplier,STANDARD,5771,JAAA-Directorate of Social Care and Health Services
RBC Legal Entity,2021/08/18,4586089,256063,PAYCOLL PAYROLL,PS Acquired Community Services,1929.56,Purchased Care,Third Party Supplier,STANDARD,5771,JAAA-Directorate of Social Care and Health Services
RBC Legal Entity,2021/08/18,4586119,256065,PAYCOLL PAYROLL,PS Acquired Community Services,-560,Fairer charging charges,Third Party Supplier,CREDIT,5771,JAAA-Directorate of Social Care and Health Services
RBC Legal Entity,2021/08/18,4586119,256065,PAYCOLL PAYROLL,PS Acquired Community Services,2353.64,Purchased Care,Third Party Supplier,STANDARD,5771,JAAA-Directorate of Social Care and Health Services
RBC Legal Entity,2021/08/18,4586114,256068,PAYCOLL PAYROLL,PS Acquired Community Services,620.96,Purchased Care,Third Party Supplier,STANDARD,5771,JAAA-Directorate of Social Care and Health Services
RBC Legal Entity,2021/08/18,4586216,256070,PAYCOLL PAYROLL,Sensory Support Community Services,505,Purchased Care,Third Party Supplier,STANDARD,5711,JAAA-Directorate of Social Care and Health Services
RBC Legal Entity,2021/08/18,4586316,256072,DOWNVIEW RESIDENTIAL CARE,LD Residential,-425.6,Client Contrib. Residential,SUPPLIER,CREDIT,5742,JAAA-Directorate of Social Care and Health Services
RBC Legal Entity,2021/08/18,4586316,256072,DOWNVIEW RESIDENTIAL CARE,LD Residential,5282.6,Purchased Care,SUPPLIER,STANDARD,5742,JAAA-Directorate of Social Care and Health Services
RBC Legal Entity,2021/08/18,4584698,256076,LIGHTSAVE LTD T/A FULLER READ,Corporate Maintenance Services,0.6,Materials Direct,SUPPLIER,STANDARD,4080,KAAA-Directorate of Economic Growth and Neighbourhood Services
RBC Legal Entity,2021/08/18,4584698,256076,LIGHTSAVE LTD T/A FULLER READ,Corporate Maintenance Services,1.2,Materials Direct,SUPPLIER,STANDARD,4080,KAAA-Directorate of Economic Growth and Neighbourhood Services
RBC Legal Entity,2021/08/18,4584698,256076,LIGHTSAVE LTD T/A FULLER READ,Corporate Maintenance Services,35.92,Materials Direct,SUPPLIER,STANDARD,4080,KAAA-Directorate of Economic Growth and Neighbourhood Services
RBC Legal Entity,2021/08/18,4584698,256076,LIGHTSAVE LTD T/A FULLER READ,Corporate Maintenance Services,465.54,Materials Direct,SUPPLIER,STANDARD,4080,KAAA-Directorate of Economic Growth and Neighbourhood Services
RBC Legal Entity,2021/08/18,4580223,256077,THE READING AGENCY,Reading Libraries,2048.5,Publicity & Media Work,SUPPLIER,STANDARD,1400,KAAA-Directorate of Economic Growth and Neighbourhood Services
RBC Legal Entity,2021/08/18,4586568,256078,JASMINE CARE LTD,PS Acquired Nursing,2851.92,Purchased Care,SUPPLIER,STANDARD,5773,JAAA-Directorate of Social Care and Health Services
RBC Legal Entity,2021/08/18,4586575,256078,JASMINE CARE LTD,PS Acquired Nursing,3060,Purchased Care,SUPPLIER,STANDARD,5773,JAAA-Directorate of Social Care and Health Services
RBC Legal Entity,2021/08/18,4586578,256078,JASMINE CARE LTD,PS Acquired Nursing,3060,Purchased Care,SUPPLIER,STANDARD,5773,JAAA-Directorate of Social Care and Health Services
RBC Legal Entity,2021/08/18,4586585,256078,JASMINE CARE LTD,Mental Health Nursing,2240,Purchased Care,SUPPLIER,STANDARD,5733,JAAA-Directorate of Social Care and Health Services
RBC Legal Entity,2021/08/18,4586589,256078,JASMINE CARE LTD,PS Acquired Nursing,3200,Purchased Care,SUPPLIER,STANDARD,5773,JAAA-Directorate of Social Care and Health Services
RBC Legal Entity,2021/08/18,4586591,256078,JASMINE CARE LTD,PS Acquired Nursing,7042.86,Purchased Care,SUPPLIER,STANDARD,5773,JAAA-Directorate of Social Care and Health Services
RBC Legal Entity,2021/08/18,4586592,256078,JASMINE CARE LTD,PS Acquired Nursing,3060,Purchased Care,SUPPLIER,STANDARD,5773,JAAA-Directorate of Social Care and Health Services
RBC Legal Entity,2021/08/18,4586599,256078,JASMINE CARE LTD,PS Acquired Nursing,-6812.14,Purchased Care,SUPPLIER,CREDIT,5773,JAAA-Directorate of Social Care and Health Services
RBC Legal Entity,2021/08/18,4586613,256078,JASMINE CARE LTD,PS Acquired Nursing,3600,Purchased Care,SUPPLIER,STANDARD,5773,JAAA-Directorate of Social Care and Health Services
RBC Legal Entity,2021/08/18,4586616,256078,JASMINE CARE LTD,PS Acquired Nursing,-3394.29,Purchased Care,SUPPLIER,CREDIT,5773,JAAA-Directorate of Social Care and Health Services
RBC Legal Entity,2021/08/18,4586617,256078,JASMINE CARE LTD,PS Acquired Nursing,3000,Purchased Care,SUPPLIER,STANDARD,5773,JAAA-Directorate of Social Care and Health Services
RBC Legal Entity,2021/08/18,4586619,256078,JASMINE CARE LTD,M&C Acquired Nursing,3400,Purchased Care,SUPPLIER,STANDARD,5753,JAAA-Directorate of Social Care and Health Services
RBC Legal Entity,2021/08/18,4586620,256078,JASMINE CARE LTD,PS Acquired Nursing,3200,Purchased Care,SUPPLIER,STANDARD,5773,JAAA-Directorate of Social Care and Health Services
RBC Legal Entity,2021/08/18,4586622,256078,JASMINE CARE LTD,PS Acquired Nursing,3400,Purchased Care,SUPPLIER,STANDARD,5773,JAAA-Directorate of Social Care and Health Services
RBC Legal Entity,2021/08/18,4586625,256078,JASMINE CARE LTD,PS Acquired Nursing,6557.14,Purchased Care,SUPPLIER,STANDARD,5773,JAAA-Directorate of Social Care and Health Services
RBC Legal Entity,2021/08/18,4586629,256078,JASMINE CARE LTD,PS Acquired Nursing,2896.8,Purchased Care,SUPPLIER,STANDARD,5773,JAAA-Directorate of Social Care and Health Services
RBC Legal Entity,2021/08/18,4586633,256078,JASMINE CARE LTD,PS Acquired Nursing,3060,Purchased Care,SUPPLIER,STANDARD,5773,JAAA-Directorate of Social Care and Health Services
RBC Legal Entity,2021/08/18,4586639,256078,JASMINE CARE LTD,M&C Acquired Nursing,3400,Purchased Care,SUPPLIER,STANDARD,5753,JAAA-Directorate of Social Care and Health Services
RBC Legal Entity,2021/08/18,4586641,256078,JASMINE CARE LTD,PS Acquired Nursing,5481,Purchased Care,SUPPLIER,STANDARD,5773,JAAA-Directorate of Social Care and Health Services
RBC Legal Entity,2021/08/18,4586646,256078,JASMINE CARE LTD,PS Acquired Nursing,7592,Purchased Care,SUPPLIER,STANDARD,5773,JAAA-Directorate of Social Care and Health Services
RBC Legal Entity,2021/08/18,4586647,256078,JASMINE CARE LTD,PS Acquired Nursing,7750,Purchased Care,SUPPLIER,STANDARD,5773,JAAA-Directorate of Social Care and Health Services
RBC Legal Entity,2021/08/18,4586648,256078,JASMINE CARE LTD,PS Acquired Nursing,10220,Purchased Care,SUPPLIER,STANDARD,5773,JAAA-Directorate of Social Care and Health Services
RBC Legal Entity,2021/08/18,4586649,256078,JASMINE CARE LTD,PS Acquired Nursing,8378.57,Purchased Care,SUPPLIER,STANDARD,5773,JAAA-Directorate of Social Care and Health Services
RBC Legal Entity,2021/08/18,4586650,256078,JASMINE CARE LTD,M&C Acquired Nursing,45030.36,Purchased Care,SUPPLIER,STANDARD,5753,JAAA-Directorate of Social Care and Health Services
RBC Legal Entity,2021/08/18,4586651,256078,JASMINE CARE LTD,PS Acquired Nursing,2100,Purchased Care,SUPPLIER,STANDARD,5773,JAAA-Directorate of Social Care and Health Services
RBC Legal Entity,2021/08/18,4586665,256078,JASMINE CARE LTD,PS Acquired Nursing,3264,Purchased Care,SUPPLIER,STANDARD,5773,JAAA-Directorate of Social Care and Health Services
RBC Legal Entity,2021/08/18,4586675,256078,JASMINE CARE LTD,PS Acquired Nursing,3520,Purchased Care,SUPPLIER,STANDARD,5773,JAAA-Directorate of Social Care and Health Services
RBC Legal Entity,2021/08/18,4586676,256078,JASMINE CARE LTD,PS Acquired Nursing,3600,Purchased Care,SUPPLIER,STANDARD,5773,JAAA-Directorate of Social Care and Health Services
RBC Legal Entity,2021/08/18,4586677,256078,JASMINE CARE LTD,PS Acquired Nursing,3800,Purchased Care,SUPPLIER,STANDARD,5773,JAAA-Directorate of Social Care and Health Services
RBC Legal Entity,2021/08/18,4584513,256080,M & B ELECTRICAL SERVICES,Geoffrey Field Junior,22470,External Fees  Misc.,SUB-CONTRACTOR,STANDARD,8216,ZZZC-Capital
RBC Legal Entity,2021/08/18,4580902,256081,FLEETWOOD GRAB SERVICES LIMITED,Highways,780,Materials Direct,Third Party Supplier,STANDARD,4252,KAAA-Directorate of Economic Growth and Neighbourhood Services
RBC Legal Entity,2021/08/18,4580902,256081,FLEETWOOD GRAB SERVICES LIMITED,Highways,840,Waste Disposal,Third Party Supplier,STANDARD,4252,KAAA-Directorate of Economic Growth and Neighbourhood Services
RBC Legal Entity,2021/08/18,4580902,256081,FLEETWOOD GRAB SERVICES LIMITED,Highways,840,Waste Disposal,Third Party Supplier,STANDARD,4252,KAAA-Directorate of Economic Growth and Neighbourhood Services
RBC Legal Entity,2021/08/18,4580902,256081,FLEETWOOD GRAB SERVICES LIMITED,Highways,840,Waste Disposal,Third Party Supplier,STANDARD,4252,KAAA-Directorate of Economic Growth and Neighbourhood Services
RBC Legal Entity,2021/08/18,4580902,256081,FLEETWOOD GRAB SERVICES LIMITED,Highways,918,Materials Direct,Third Party Supplier,STANDARD,4252,KAAA-Directorate of Economic Growth and Neighbourhood Services
RBC Legal Entity,2021/08/18,4580902,256081,FLEETWOOD GRAB SERVICES LIMITED,Highways,918,Materials Direct,Third Party Supplier,STANDARD,4252,KAAA-Directorate of Economic Growth and Neighbourhood Services
RBC Legal Entity,2021/08/18,4586217,256082,PAYCOLL PAYROLL,Mental Health Community Services,812.96,Purchased Care,Third Party Supplier,STANDARD,5731,JAAA-Directorate of Social Care and Health Services
RBC Legal Entity,2021/08/18,4586212,256085,PAYCOLL PAYROLL,LD Community Services,-251.84,Fairer charging charges,Third Party Supplier,CREDIT,5741,JAAA-Directorate of Social Care and Health Services
RBC Legal Entity,2021/08/18,4586212,256085,PAYCOLL PAYROLL,LD Community Services,8100.88,Purchased Care,Third Party Supplier,STANDARD,5741,JAAA-Directorate of Social Care and Health Services
RBC Legal Entity,2021/08/18,4586366,256086,SILVERSPRINGS RCH LTD,LD Residential,7000,Purchased Care,SUPPLIER,STANDARD,5742,JAAA-Directorate of Social Care and Health Services
RBC Legal Entity,2021/08/18,4586168,256087,PAYCOLL PAYROLL,Social Support,5923.8,Purchased Care,Third Party Supplier,STANDARD,5790,JAAA-Directorate of Social Care and Health Services
RBC Legal Entity,2021/08/18,4586294,256088,PAYCOLL PAYROLL,LD Community Services,2135.04,Purchased Care,Third Party Supplier,STANDARD,5741,JAAA-Directorate of Social Care and Health Services
RBC Legal Entity,2021/08/18,4586485,256089,BENTLEY LODGE CARE HOME LTD,PS Acquired Nursing,3000,Purchased Care,Direct Payments,STANDARD,5773,JAAA-Directorate of Social Care and Health Services
RBC Legal Entity,2021/08/18,4586365,256090,STONEHAVEN (HEALTHCARE) LTD,PS Acquired Residential,3136,Purchased Care,SUPPLIER,STANDARD,5772,JAAA-Directorate of Social Care and Health Services
RBC Legal Entity,2021/08/18,4586099,256091,PAYCOLL PAYROLL,Social Support,-527,Fairer charging charges,Third Party Supplier,CREDIT,5790,JAAA-Directorate of Social Care and Health Services
RBC Legal Entity,2021/08/18,4586099,256091,PAYCOLL PAYROLL,Social Support,9301.44,Purchased Care,Third Party Supplier,STANDARD,5790,JAAA-Directorate of Social Care and Health Services
RBC Legal Entity,2021/08/18,4585130,256098,THE MUSTARD TREE FOUNDATION,ASC Voluntary Grants,5500,GrantsVolunt.Organ.,SUPPLIER,STANDARD,5300,JAAA-Directorate of Social Care and Health Services
RBC Legal Entity,2021/08/18,4586451,256099,GLOUCESTERSHIRE GROUP HOMES,LD Residential,-425.6,Client Contrib. Residential,SUPPLIER,CREDIT,5742,JAAA-Directorate of Social Care and Health Services
RBC Legal Entity,2021/08/18,4586451,256099,GLOUCESTERSHIRE GROUP HOMES,LD Residential,7520.04,Purchased Care,SUPPLIER,STANDARD,5742,JAAA-Directorate of Social Care and Health Services
RBC Legal Entity,2021/08/18,4586340,256100,RESIDENTIAL COMMUNITY CARE,Mental Health Residential,3692.24,Purchased Care,Third Party Supplier,STANDARD,5732,JAAA-Directorate of Social Care and Health Services
RBC Legal Entity,2021/08/18,4586341,256100,RESIDENTIAL COMMUNITY CARE,LD Residential,9449.76,Purchased Care,Third Party Supplier,STANDARD,5742,JAAA-Directorate of Social Care and Health Services
RBC Legal Entity,2021/08/18,4586406,256100,RESIDENTIAL COMMUNITY CARE,LD Residential,9384,Purchased Care,Third Party Supplier,STANDARD,5742,JAAA-Directorate of Social Care and Health Services
RBC Legal Entity,2021/08/18,4586336,256102,CARETECH COMMUNITY SERVICES LTD,M&C Acquired Residential,6668,Purchased Care,SUPPLIER,STANDARD,5752,JAAA-Directorate of Social Care and Health Services
RBC Legal Entity,2021/08/18,4586376,256102,CARETECH COMMUNITY SERVICES LTD,Mental Health Residential,3149.04,Purchased Care,SUPPLIER,STANDARD,5732,JAAA-Directorate of Social Care and Health Services
RBC Legal Entity,2021/08/18,4586466,256102,CARETECH COMMUNITY SERVICES LTD,LD Residential,6668,Purchased Care,SUPPLIER,STANDARD,5742,JAAA-Directorate of Social Care and Health Services
RBC Legal Entity,2021/08/18,4586471,256102,CARETECH COMMUNITY SERVICES LTD,LD Residential,8940,Purchased Care,SUPPLIER,STANDARD,5742,JAAA-Directorate of Social Care and Health Services
RBC Legal Entity,2021/08/18,4586480,256102,CARETECH COMMUNITY SERVICES LTD,PS Acquired Residential,5975.92,Purchased Care,SUPPLIER,STANDARD,5772,JAAA-Directorate of Social Care and Health Services
RBC Legal Entity,2021/08/18,4586496,256102,CARETECH COMMUNITY SERVICES LTD,LD Residential,6276,Purchased Care,SUPPLIER,STANDARD,5742,JAAA-Directorate of Social Care and Health Services
RBC Legal Entity,2021/08/18,4586532,256102,CARETECH COMMUNITY SERVICES LTD,LD Residential,8940,Purchased Care,SUPPLIER,STANDARD,5742,JAAA-Directorate of Social Care and Health Services
RBC Legal Entity,2021/08/18,4577990,256105,ENQUIN ENVIRONMENTAL LTD,Corporate Offices,2315.23,External Fees  Surveyors,SUPPLIER,STANDARD,8602,ZZZC-Capital
RBC Legal Entity,2021/08/18,4587235,256106,IMPACT RENOVATIONS LTD,Private Sector Grants,8000,Grants (Paid out by RBC),SUB-CONTRACTOR,STANDARD,8500,ZZZC-Capital
RBC Legal Entity,2021/08/18,4586369,256107,RESIDENTIAL CARE PROVIDERS LTD,LD Residential,8226.32,Purchased Care,SUPPLIER,STANDARD,5742,JAAA-Directorate of Social Care and Health Services
RBC Legal Entity,2021/08/18,4586225,256109,PAYCOLL PAYROLL,Sensory Support Community Services,-250.28,Fairer charging charges,Third Party Supplier,CREDIT,5711,JAAA-Directorate of Social Care and Health Services
RBC Legal Entity,2021/08/18,4586225,256109,PAYCOLL PAYROLL,Sensory Support Community Services,2894.08,Purchased Care,Third Party Supplier,STANDARD,5711,JAAA-Directorate of Social Care and Health Services
RBC Legal Entity,2021/08/18,4586161,256113,PAYCOLL PAYROLL,Mental Health Community Services,2701.2,Purchased Care,Third Party Supplier,STANDARD,5731,JAAA-Directorate of Social Care and Health Services
RBC Legal Entity,2021/08/18,4586133,256114,PAYCOLL PAYROLL,LD Community Services,1618.6,Purchased Care,Third Party Supplier,STANDARD,5741,JAAA-Directorate of Social Care and Health Services
RBC Legal Entity,2021/08/18,4586304,256115,PAYCOLL PAYROLL,Mental Health Community Services,-527,Fairer charging charges,Third Party Supplier,CREDIT,5731,JAAA-Directorate of Social Care and Health Services
RBC Legal Entity,2021/08/18,4586304,256115,PAYCOLL PAYROLL,Mental Health Community Services,4422.2,Purchased Care,Third Party Supplier,STANDARD,5731,JAAA-Directorate of Social Care and Health Services
RBC Legal Entity,2021/08/18,4586299,256117,PAYCOLL PAYROLL,Mental Health Community Services,2282,Purchased Care,Third Party Supplier,STANDARD,5731,JAAA-Directorate of Social Care and Health Services
RBC Legal Entity,2021/08/18,4586104,256118,PAYCOLL PAYROLL,LD Community Services,1962,Purchased Care,Third Party Supplier,STANDARD,5741,JAAA-Directorate of Social Care and Health Services
RBC Legal Entity,2021/08/18,4586103,256119,PAYCOLL PAYROLL,Social Support,1495.87,Purchased Care,Third Party Supplier,STANDARD,5790,JAAA-Directorate of Social Care and Health Services
RBC Legal Entity,2021/08/18,4581914,256120,NATHAN GRACE HOLDINGS LTD T/A CHEVIN FLEET SOLUTIONS ,Fleet Management,452.66,Maint. of Computer Equipt,Third Party Supplier,STANDARD,4552,KAAA-Directorate of Economic Growth and Neighbourhood Services
RBC Legal Entity,2021/08/18,4586332,256123,YEW TREE LODGE,Mental Health Residential,2473.64,Purchased Care,SUPPLIER,STANDARD,5732,JAAA-Directorate of Social Care and Health Services
RBC Legal Entity,2021/08/18,4586337,256123,YEW TREE LODGE,Mental Health Residential,2160.08,Purchased Care,SUPPLIER,STANDARD,5732,JAAA-Directorate of Social Care and Health Services
RBC Legal Entity,2021/08/18,4586531,256123,YEW TREE LODGE,Mental Health Residential,2102.92,Purchased Care,SUPPLIER,STANDARD,5732,JAAA-Directorate of Social Care and Health Services
RBC Legal Entity,2021/08/18,4586501,256125,ASHAMBER HOMES LTD,Mental Health Residential,2884.4,Purchased Care,Third Party Supplier,STANDARD,5732,JAAA-Directorate of Social Care and Health Services
RBC Legal Entity,2021/08/18,4580497,256126,MR EDWARD KIRKWOOD,JLT Disbursements,735,Misc. Legal Expenses,Third Party Supplier,STANDARD,2407,LAAA-Directorate of Resources
RBC Legal Entity,2021/08/18,4587236,256128,D J TAYLOR SERVICES LTD,Private Sector Grants,3954.61,Grants (Paid out by RBC),Third Party Supplier,STANDARD,8500,ZZZC-Capital
RBC Legal Entity,2021/08/18,4580283,256130,DAVIS SCAFFOLDING,DLO Day to Day Trades,1980,Subcontractors Labour,SUB-CONTRACTOR,STANDARD,4010,KAAA-Directorate of Economic Growth and Neighbourhood Services
RBC Legal Entity,2021/08/18,4584187,256130,DAVIS SCAFFOLDING,DLO Day to Day Trades,2640,Subcontractors Labour,SUB-CONTRACTOR,STANDARD,4010,KAAA-Directorate of Economic Growth and Neighbourhood Services
RBC Legal Entity,2021/08/18,4584188,256130,DAVIS SCAFFOLDING,DLO Day to Day Trades,825,Subcontractors Labour,SUB-CONTRACTOR,STANDARD,4010,KAAA-Directorate of Economic Growth and Neighbourhood Services
RBC Legal Entity,2021/08/18,4584189,256130,DAVIS SCAFFOLDING,DLO Day to Day Trades,825,Subcontractors Labour,SUB-CONTRACTOR,STANDARD,4010,KAAA-Directorate of Economic Growth and Neighbourhood Services
RBC Legal Entity,2021/08/18,4584190,256130,DAVIS SCAFFOLDING,DLO Day to Day Trades,1100,Subcontractors Labour,SUB-CONTRACTOR,STANDARD,4010,KAAA-Directorate of Economic Growth and Neighbourhood Services
RBC Legal Entity,2021/08/18,4584191,256130,DAVIS SCAFFOLDING,DLO Day to Day Trades,990,Subcontractors Labour,SUB-CONTRACTOR,STANDARD,4010,KAAA-Directorate of Economic Growth and Neighbourhood Services
RBC Legal Entity,2021/08/18,4584192,256130,DAVIS SCAFFOLDING,DLO Wokingham Trades,660,Subcontractors Labour,SUB-CONTRACTOR,STANDARD,4050,KAAA-Directorate of Economic Growth and Neighbourhood Services
RBC Legal Entity,2021/08/18,4584193,256130,DAVIS SCAFFOLDING,DLO Day to Day Trades,990,Subcontractors Labour,SUB-CONTRACTOR,STANDARD,4010,KAAA-Directorate of Economic Growth and Neighbourhood Services
RBC Legal Entity,2021/08/18,4584194,256130,DAVIS SCAFFOLDING,DLO Day to Day Trades,825,Subcontractors Labour,SUB-CONTRACTOR,STANDARD,4010,KAAA-Directorate of Economic Growth and Neighbourhood Services
RBC Legal Entity,2021/08/18,4586474,256131,BROOK HOUSE RESIDENTIAL CARE HOME LTD,Mental Health Residential,3746.4,Purchased Care,Third Party Supplier,STANDARD,5732,JAAA-Directorate of Social Care and Health Services
RBC Legal Entity,2021/08/18,4586229,256137,PAYCOLL PAYROLL,LD Community Services,2375.44,Purchased Care,Third Party Supplier,STANDARD,5741,JAAA-Directorate of Social Care and Health Services
RBC Legal Entity,2021/08/18,4585225,256140,EMMA PRENDERGAST,South Street Operations,1000,Professional Fees,INDIVIDUAL,STANDARD,1220,KAAA-Directorate of Economic Growth and Neighbourhood Services
RBC Legal Entity,2021/08/18,4586495,256141,ABBEYFIELD DEMENTIA CARE HOME ,PS Acquired Residential,3400,Purchased Care,Direct Payments,STANDARD,5772,JAAA-Directorate of Social Care and Health Services
RBC Legal Entity,2021/08/18,4584234,256144,ADVANCED BUSINESS SOFTWARE & SOLUTIONS LTD,Finance systems Re-procurement,15307.23,Staff/Consultancy,Third Party Supplier,STANDARD,8637,ZZZC-Capital
RBC Legal Entity,2021/08/18,4586308,256145,PAYCOLL PAYROLL,LD Community Services,968.3,Purchased Care,Third Party Supplier,STANDARD,5741,JAAA-Directorate of Social Care and Health Services
RBC Legal Entity,2021/08/18,4586167,256146,PAYCOLL PAYROLL,PS Acquired Community Services,-586.84,Fairer charging charges,Third Party Supplier,CREDIT,5771,JAAA-Directorate of Social Care and Health Services
RBC Legal Entity,2021/08/18,4586167,256146,PAYCOLL PAYROLL,PS Acquired Community Services,4865.25,Purchased Care,Third Party Supplier,STANDARD,5771,JAAA-Directorate of Social Care and Health Services
RBC Legal Entity,2021/08/18,4586377,256147,OAKVIEW CARE (BERKSHIRE) LTD,LD Residential,12233.72,Purchased Care,SUPPLIER,STANDARD,5742,JAAA-Directorate of Social Care and Health Services
RBC Legal Entity,2021/08/18,4586500,256147,OAKVIEW CARE (BERKSHIRE) LTD,LD Residential,3999.24,Purchased Care,SUPPLIER,STANDARD,5742,JAAA-Directorate of Social Care and Health Services
RBC Legal Entity,2021/08/18,4582208,256148,CREATIVE SUPPORT LTD,Mental Health Community Services,633.8,Purchased Care,Third Party Supplier,STANDARD,5731,JAAA-Directorate of Social Care and Health Services
RBC Legal Entity,2021/08/18,4582209,256148,CREATIVE SUPPORT LTD,Mental Health Community Services,1101.72,Purchased Care,Third Party Supplier,STANDARD,5731,JAAA-Directorate of Social Care and Health Services
RBC Legal Entity,2021/08/18,4582210,256148,CREATIVE SUPPORT LTD,Mental Health Community Services,1167.92,Purchased Care,Third Party Supplier,STANDARD,5731,JAAA-Directorate of Social Care and Health Services
RBC Legal Entity,2021/08/18,4582211,256148,CREATIVE SUPPORT LTD,Mental Health Community Services,1050.41,Purchased Care,Third Party Supplier,STANDARD,5731,JAAA-Directorate of Social Care and Health Services
RBC Legal Entity,2021/08/18,4582212,256148,CREATIVE SUPPORT LTD,Mental Health Community Services,1134.8,Purchased Care,Third Party Supplier,STANDARD,5731,JAAA-Directorate of Social Care and Health Services
RBC Legal Entity,2021/08/18,4582213,256148,CREATIVE SUPPORT LTD,Mental Health Community Services,786.96,Purchased Care,Third Party Supplier,STANDARD,5731,JAAA-Directorate of Social Care and Health Services
RBC Legal Entity,2021/08/18,4582224,256148,CREATIVE SUPPORT LTD,Mental Health Community Services,604.56,Purchased Care,Third Party Supplier,STANDARD,5731,JAAA-Directorate of Social Care and Health Services
RBC Legal Entity,2021/08/18,4582225,256148,CREATIVE SUPPORT LTD,Mental Health Community Services,1465.8,Purchased Care,Third Party Supplier,STANDARD,5731,JAAA-Directorate of Social Care and Health Services
RBC Legal Entity,2021/08/18,4582226,256148,CREATIVE SUPPORT LTD,Mental Health Community Services,1101.72,Purchased Care,Third Party Supplier,STANDARD,5731,JAAA-Directorate of Social Care and Health Services
RBC Legal Entity,2021/08/18,4582227,256148,CREATIVE SUPPORT LTD,Mental Health Community Services,817.4,Purchased Care,Third Party Supplier,STANDARD,5731,JAAA-Directorate of Social Care and Health Services
RBC Legal Entity,2021/08/18,4582228,256148,CREATIVE SUPPORT LTD,Mental Health Community Services,590.88,Purchased Care,Third Party Supplier,STANDARD,5731,JAAA-Directorate of Social Care and Health Services
RBC Legal Entity,2021/08/18,4582231,256148,CREATIVE SUPPORT LTD,Mental Health Community Services,526.16,Purchased Care,Third Party Supplier,STANDARD,5731,JAAA-Directorate of Social Care and Health Services
RBC Legal Entity,2021/08/18,4582232,256148,CREATIVE SUPPORT LTD,Mental Health Community Services,587.84,Purchased Care,Third Party Supplier,STANDARD,5731,JAAA-Directorate of Social Care and Health Services
RBC Legal Entity,2021/08/18,4586375,256149,DOWNSHIRE HOUSE,LD Residential,5363.6,Purchased Care,SUPPLIER,STANDARD,5742,JAAA-Directorate of Social Care and Health Services
RBC Legal Entity,2021/08/18,4586469,256149,DOWNSHIRE HOUSE,LD Residential,2793.12,Purchased Care,SUPPLIER,STANDARD,5742,JAAA-Directorate of Social Care and Health Services
RBC Legal Entity,2021/08/18,4586497,256149,DOWNSHIRE HOUSE,LD Residential,4877.84,Purchased Care,SUPPLIER,STANDARD,5742,JAAA-Directorate of Social Care and Health Services
RBC Legal Entity,2021/08/18,4586517,256149,DOWNSHIRE HOUSE,LD Residential,5667.2,Purchased Care,SUPPLIER,STANDARD,5742,JAAA-Directorate of Social Care and Health Services
RBC Legal Entity,2021/08/18,4586533,256149,DOWNSHIRE HOUSE,LD Residential,3509.52,Purchased Care,SUPPLIER,STANDARD,5742,JAAA-Directorate of Social Care and Health Services
RBC Legal Entity,2021/08/18,4586561,256149,DOWNSHIRE HOUSE,LD Residential,53350,Purchased Care,SUPPLIER,STANDARD,5742,JAAA-Directorate of Social Care and Health Services
RBC Legal Entity,2021/08/18,4586457,256151,N NOTARO HOMES LTD,PS Acquired Residential,3243.6,Purchased Care,SUPPLIER,STANDARD,5772,JAAA-Directorate of Social Care and Health Services
RBC Legal Entity,2021/08/18,4586465,256151,N NOTARO HOMES LTD,PS Acquired Residential,3243.6,Purchased Care,SUPPLIER,STANDARD,5772,JAAA-Directorate of Social Care and Health Services
RBC Legal Entity,2021/08/18,4586468,256151,N NOTARO HOMES LTD,Social Support,3243.6,Purchased Care,SUPPLIER,STANDARD,5790,JAAA-Directorate of Social Care and Health Services
RBC Legal Entity,2021/08/18,4586470,256151,N NOTARO HOMES LTD,PS Acquired Residential,3386.4,Purchased Care,SUPPLIER,STANDARD,5772,JAAA-Directorate of Social Care and Health Services
RBC Legal Entity,2021/08/18,4586326,256153,CHOICE CARE GROUP,LD Residential,7835.48,Purchased Care,Third Party Supplier,STANDARD,5742,JAAA-Directorate of Social Care and Health Services
RBC Legal Entity,2021/08/18,4586444,256153,CHOICE CARE GROUP,LD Residential,7696,Purchased Care,Third Party Supplier,STANDARD,5742,JAAA-Directorate of Social Care and Health Services
RBC Legal Entity,2021/08/18,4586509,256153,CHOICE CARE GROUP,LD Residential,6692,Purchased Care,Third Party Supplier,STANDARD,5742,JAAA-Directorate of Social Care and Health Services
RBC Legal Entity,2021/08/18,4586573,256156,LIFE CARE CORPORATION LIMITED,PS Acquired Residential,3060,Purchased Care,SUPPLIER,STANDARD,5772,JAAA-Directorate of Social Care and Health Services
RBC Legal Entity,2021/08/18,4586584,256156,LIFE CARE CORPORATION LIMITED,M&C Acquired Residential,3200,Purchased Care,SUPPLIER,STANDARD,5752,JAAA-Directorate of Social Care and Health Services
RBC Legal Entity,2021/08/18,4586588,256156,LIFE CARE CORPORATION LIMITED,PS Acquired Residential,3300,Purchased Care,SUPPLIER,STANDARD,5772,JAAA-Directorate of Social Care and Health Services
RBC Legal Entity,2021/08/18,4586593,256156,LIFE CARE CORPORATION LIMITED,PS Acquired Residential,4435.43,Purchased Care,SUPPLIER,STANDARD,5772,JAAA-Directorate of Social Care and Health Services
RBC Legal Entity,2021/08/18,4586597,256156,LIFE CARE CORPORATION LIMITED,M&C Acquired Residential,4100.28,Purchased Care,SUPPLIER,STANDARD,5752,JAAA-Directorate of Social Care and Health Services
RBC Legal Entity,2021/08/18,4586611,256156,LIFE CARE CORPORATION LIMITED,PS Acquired Residential,3872,Purchased Care,SUPPLIER,STANDARD,5772,JAAA-Directorate of Social Care and Health Services
RBC Legal Entity,2021/08/18,4586630,256156,LIFE CARE CORPORATION LIMITED,PS Acquired Residential,2856,Purchased Care,SUPPLIER,STANDARD,5772,JAAA-Directorate of Social Care and Health Services
RBC Legal Entity,2021/08/18,4586631,256156,LIFE CARE CORPORATION LIMITED,PS Acquired Residential,3060,Purchased Care,SUPPLIER,STANDARD,5772,JAAA-Directorate of Social Care and Health Services
RBC Legal Entity,2021/08/18,4586644,256156,LIFE CARE CORPORATION LIMITED,PS Acquired Residential,3200,Purchased Care,SUPPLIER,STANDARD,5772,JAAA-Directorate of Social Care and Health Services
RBC Legal Entity,2021/08/18,4586657,256156,LIFE CARE CORPORATION LIMITED,PS Acquired Residential,3060,Purchased Care,SUPPLIER,STANDARD,5772,JAAA-Directorate of Social Care and Health Services
RBC Legal Entity,2021/08/18,4586661,256156,LIFE CARE CORPORATION LIMITED,PS Acquired Residential,3468,Purchased Care,SUPPLIER,STANDARD,5772,JAAA-Directorate of Social Care and Health Services
RBC Legal Entity,2021/08/18,4586557,256158,MARNEL LODGE,M&C Acquired Nursing,1620,Purchased Care,SUPPLIER,STANDARD,5753,JAAA-Directorate of Social Care and Health Services
RBC Legal Entity,2021/08/18,4586395,256159,HC-ONE OVAL LIMITED,PS Acquired Nursing,1954.32,Purchased Care,SUPPLIER,STANDARD,5773,JAAA-Directorate of Social Care and Health Services
RBC Legal Entity,2021/08/18,4586498,256160,DIMENSIONS (UK) LTD,LD Residential,6683.04,Purchased Care,Third Party Supplier,STANDARD,5742,JAAA-Directorate of Social Care and Health Services
RBC Legal Entity,2021/08/18,4586538,256160,DIMENSIONS (UK) LTD,LD Residential,9182.6,Respite Care,Third Party Supplier,STANDARD,5742,JAAA-Directorate of Social Care and Health Services
RBC Legal Entity,2021/08/18,4584688,256161,THE CITY OF OXFORD MOTOR SERVICES LTD (THAMES TRAVEL),Strategic Transport & Concessionary Fares,10176.96,Payments for Bus Services,SUPPLIER,STANDARD,4726,KAAA-Directorate of Economic Growth and Neighbourhood Services
RBC Legal Entity,2021/08/18,4584691,256161,THE CITY OF OXFORD MOTOR SERVICES LTD (THAMES TRAVEL),Strategic Transport & Concessionary Fares,316.27,Payments for Bus Services,SUPPLIER,STANDARD,4726,KAAA-Directorate of Economic Growth and Neighbourhood Services
RBC Legal Entity,2021/08/18,4584691,256161,THE CITY OF OXFORD MOTOR SERVICES LTD (THAMES TRAVEL),Strategic Transport & Concessionary Fares,582.66,Payments for Bus Services,SUPPLIER,STANDARD,4726,KAAA-Directorate of Economic Growth and Neighbourhood Services
RBC Legal Entity,2021/08/18,4584691,256161,THE CITY OF OXFORD MOTOR SERVICES LTD (THAMES TRAVEL),Strategic Transport & Concessionary Fares,4242.25,Payments for Bus Services,SUPPLIER,STANDARD,4726,KAAA-Directorate of Economic Growth and Neighbourhood Services
RBC Legal Entity,2021/08/18,4584691,256161,THE CITY OF OXFORD MOTOR SERVICES LTD (THAMES TRAVEL),Strategic Transport & Concessionary Fares,5035.78,Payments for Bus Services,SUPPLIER,STANDARD,4726,KAAA-Directorate of Economic Growth and Neighbourhood Services
RBC Legal Entity,2021/08/18,4585129,256161,THE CITY OF OXFORD MOTOR SERVICES LTD (THAMES TRAVEL),Strategic Transport & Concessionary Fares,10176.96,Payments for Bus Services,SUPPLIER,STANDARD,4726,KAAA-Directorate of Economic Growth and Neighbourhood Services
RBC Legal Entity,2021/08/18,4586528,256165,ALEXANDRA HOMES (BRISTOL) LTD,Mental Health Residential,2434.96,Purchased Care,SUPPLIER,STANDARD,5732,JAAA-Directorate of Social Care and Health Services
RBC Legal Entity,2021/08/18,4586462,256166,GLYNDERWEN HOUSE,LD Residential,9800.68,Purchased Care,SUPPLIER,STANDARD,5742,JAAA-Directorate of Social Care and Health Services
RBC Legal Entity,2021/08/18,4580491,256167,FCC RECYCLING (UK) LTD,Grounds Maintenance,4967.14,Parks Tipping,SUPPLIER,STANDARD,1306,KAAA-Directorate of Economic Growth and Neighbourhood Services
RBC Legal Entity,2021/08/18,4580494,256167,FCC RECYCLING (UK) LTD,Refuse Collection,9649.37,Tipping Charge,SUPPLIER,STANDARD,4561,KAAA-Directorate of Economic Growth and Neighbourhood Services
RBC Legal Entity,2021/08/18,4586412,256170,WOODBURY HOUSE,PS Acquired Nursing,3400,Purchased Care,SUPPLIER,STANDARD,5773,JAAA-Directorate of Social Care and Health Services
RBC Legal Entity,2021/08/18,4586428,256173,PEMBROKE LODGE,M&C Acquired Residential,3000,Purchased Care,SUPPLIER,STANDARD,5752,JAAA-Directorate of Social Care and Health Services
RBC Legal Entity,2021/08/18,4585462,256174,ARRIVA THE SHIRES LTD,Strategic Transport & Concessionary Fares,6281.03,Payments for Bus Services,SUPPLIER,STANDARD,4726,KAAA-Directorate of Economic Growth and Neighbourhood Services
RBC Legal Entity,2021/08/18,4586513,256175,ROWAN LODGE,M&C Acquired Residential,3800,Purchased Care,SUPPLIER,STANDARD,5752,JAAA-Directorate of Social Care and Health Services
RBC Legal Entity,2021/08/18,4586407,256176,APPLEHILL,PS Acquired Nursing,3774,Purchased Care,SUPPLIER,STANDARD,5773,JAAA-Directorate of Social Care and Health Services
RBC Legal Entity,2021/08/18,4586481,256176,APPLEHILL,PS Acquired Nursing,2520,Purchased Care,SUPPLIER,STANDARD,5773,JAAA-Directorate of Social Care and Health Services
RBC Legal Entity,2021/08/18,4586389,256177,REACH LTD,LD Nursing,2678.76,Purchased Care,SUPPLIER,STANDARD,5743,JAAA-Directorate of Social Care and Health Services
RBC Legal Entity,2021/08/18,4586515,256177,REACH LTD,LD Residential,6179.52,Purchased Care,SUPPLIER,STANDARD,5742,JAAA-Directorate of Social Care and Health Services
RBC Legal Entity,2021/08/18,4585741,256178,BALMORE PARK SURGERY,Berkshire West Public Health Hub,140,NHS Trusts,Third Party Supplier,STANDARD,2002,JAAA-Directorate of Social Care and Health Services
RBC Legal Entity,2021/08/18,4585741,256178,BALMORE PARK SURGERY,Berkshire West Public Health Hub,3632.5,NHS Trusts,Third Party Supplier,STANDARD,2002,JAAA-Directorate of Social Care and Health Services
RBC Legal Entity,2021/08/18,4583592,256180,M&D SERVICES,Grounds Maintenance,1100,TPP to Others,SUB-CONTRACTOR,STANDARD,1306,KAAA-Directorate of Economic Growth and Neighbourhood Services
RBC Legal Entity,2021/08/18,4584262,256183,AVANTI CYCLING,Strategic Transport & Concessionary Fares,2250,TPP to Others,SUPPLIER,STANDARD,4726,KAAA-Directorate of Economic Growth and Neighbourhood Services
RBC Legal Entity,2021/08/18,4586317,256184,CHOICE LIMITED,LD Residential,6648,Purchased Care,SUPPLIER,STANDARD,5742,JAAA-Directorate of Social Care and Health Services
RBC Legal Entity,2021/08/18,4586339,256184,CHOICE LIMITED,Mental Health Residential,2854.72,Purchased Care,SUPPLIER,STANDARD,5732,JAAA-Directorate of Social Care and Health Services
RBC Legal Entity,2021/08/18,4586348,256184,CHOICE LIMITED,LD Residential,3539.64,Purchased Care,SUPPLIER,STANDARD,5742,JAAA-Directorate of Social Care and Health Services
RBC Legal Entity,2021/08/18,4586379,256184,CHOICE LIMITED,LD Residential,7752,Purchased Care,SUPPLIER,STANDARD,5742,JAAA-Directorate of Social Care and Health Services
RBC Legal Entity,2021/08/18,4586385,256184,CHOICE LIMITED,LD Residential,9564.52,Purchased Care,SUPPLIER,STANDARD,5742,JAAA-Directorate of Social Care and Health Services
RBC Legal Entity,2021/08/18,4586388,256184,CHOICE LIMITED,LD Residential,6800,Purchased Care,SUPPLIER,STANDARD,5742,JAAA-Directorate of Social Care and Health Services
RBC Legal Entity,2021/08/18,4586394,256184,CHOICE LIMITED,LD Residential,7327.4,Purchased Care,SUPPLIER,STANDARD,5742,JAAA-Directorate of Social Care and Health Services
RBC Legal Entity,2021/08/18,4586397,256184,CHOICE LIMITED,LD Residential,7664.8,Purchased Care,SUPPLIER,STANDARD,5742,JAAA-Directorate of Social Care and Health Services
RBC Legal Entity,2021/08/18,4586398,256184,CHOICE LIMITED,LD Residential,8664.24,Purchased Care,SUPPLIER,STANDARD,5742,JAAA-Directorate of Social Care and Health Services
RBC Legal Entity,2021/08/18,4586409,256184,CHOICE LIMITED,LD Residential,-1222.87,Purchased Care,SUPPLIER,CREDIT,5742,JAAA-Directorate of Social Care and Health Services
RBC Legal Entity,2021/08/18,4586411,256184,CHOICE LIMITED,LD Residential,6998.2,Purchased Care,SUPPLIER,STANDARD,5742,JAAA-Directorate of Social Care and Health Services
RBC Legal Entity,2021/08/18,4586439,256184,CHOICE LIMITED,LD Residential,8744,Purchased Care,SUPPLIER,STANDARD,5742,JAAA-Directorate of Social Care and Health Services
RBC Legal Entity,2021/08/18,4586441,256184,CHOICE LIMITED,LD Residential,3518,Purchased Care,SUPPLIER,STANDARD,5742,JAAA-Directorate of Social Care and Health Services
RBC Legal Entity,2021/08/18,4586442,256184,CHOICE LIMITED,LD Residential,7200,Purchased Care,SUPPLIER,STANDARD,5742,JAAA-Directorate of Social Care and Health Services
RBC Legal Entity,2021/08/18,4586443,256184,CHOICE LIMITED,LD Residential,6800,Purchased Care,SUPPLIER,STANDARD,5742,JAAA-Directorate of Social Care and Health Services
RBC Legal Entity,2021/08/18,4586454,256184,CHOICE LIMITED,Mental Health Residential,6448,Purchased Care,SUPPLIER,STANDARD,5732,JAAA-Directorate of Social Care and Health Services
RBC Legal Entity,2021/08/18,4586503,256184,CHOICE LIMITED,LD Residential,7800,Purchased Care,SUPPLIER,STANDARD,5742,JAAA-Directorate of Social Care and Health Services
RBC Legal Entity,2021/08/18,4586504,256184,CHOICE LIMITED,LD Residential,7200,Purchased Care,SUPPLIER,STANDARD,5742,JAAA-Directorate of Social Care and Health Services
RBC Legal Entity,2021/08/18,4586506,256184,CHOICE LIMITED,LD Residential,6936.44,Purchased Care,SUPPLIER,STANDARD,5742,JAAA-Directorate of Social Care and Health Services
RBC Legal Entity,2021/08/18,4586507,256184,CHOICE LIMITED,LD Residential,6072,Purchased Care,SUPPLIER,STANDARD,5742,JAAA-Directorate of Social Care and Health Services
RBC Legal Entity,2021/08/18,4586510,256184,CHOICE LIMITED,LD Residential,6788,Purchased Care,SUPPLIER,STANDARD,5742,JAAA-Directorate of Social Care and Health Services
RBC Legal Entity,2021/08/18,4586525,256184,CHOICE LIMITED,Mental Health Residential,6263.2,Purchased Care,SUPPLIER,STANDARD,5732,JAAA-Directorate of Social Care and Health Services
RBC Legal Entity,2021/08/18,4586562,256184,CHOICE LIMITED,LD Residential,679.37,Purchased Care,SUPPLIER,STANDARD,5742,JAAA-Directorate of Social Care and Health Services
RBC Legal Entity,2021/08/18,4586391,256185,NORMANHURST RESIDENTIAL HOME,M&C Acquired Residential,3264,Purchased Care,SUPPLIER,STANDARD,5752,JAAA-Directorate of Social Care and Health Services
RBC Legal Entity,2021/08/18,4586484,256187,BELAMIE GABLES CARE HOME,M&C Acquired Residential,3400,Purchased Care,Direct Payments,STANDARD,5752,JAAA-Directorate of Social Care and Health Services
RBC Legal Entity,2021/08/18,4586553,256187,BELAMIE GABLES CARE HOME,PS Acquired Residential,3400,Purchased Care,Direct Payments,STANDARD,5772,JAAA-Directorate of Social Care and Health Services
RBC Legal Entity,2021/08/18,4586434,256188,WEST OAK,M&C Acquired Nursing,22528.57,Purchased Care,Third Party Supplier,STANDARD,5753,JAAA-Directorate of Social Care and Health Services
RBC Legal Entity,2021/08/18,4584617,256189,BALFOUR BEATTY CIVIL ENGINEERING LIMITED,LEP Projects,988758.74,Contractors,SUB-CONTRACTOR,STANDARD,8806,ZZZC-Capital
RBC Legal Entity,2021/08/18,4586368,256190,HUNGERFORD CARE HOME,M&C Acquired Nursing,3000,Purchased Care,SUPPLIER,STANDARD,5753,JAAA-Directorate of Social Care and Health Services
RBC Legal Entity,2021/08/18,4580496,256191,VICKY REYNOLDS,JLT Disbursements,550,Misc. Legal Expenses,SUPPLIER,STANDARD,2407,LAAA-Directorate of Resources
RBC Legal Entity,2021/08/18,4584711,256192,MEDLOCK ELECTRICAL DISTRIBUTORS,Corporate Maintenance Services,570.88,Materials Direct,Third Party Supplier,STANDARD,4080,KAAA-Directorate of Economic Growth and Neighbourhood Services
RBC Legal Entity,2021/08/18,4586361,256196,ASTON CARE LTD,LD Residential,4906.32,Purchased Care,SUPPLIER,STANDARD,5742,JAAA-Directorate of Social Care and Health Services
RBC Legal Entity,2021/08/18,4586420,256196,ASTON CARE LTD,LD Residential,12000,Purchased Care,SUPPLIER,STANDARD,5742,JAAA-Directorate of Social Care and Health Services
RBC Legal Entity,2021/08/18,4586539,256198,SALT HILL CARE CENTRE,PS Acquired Nursing,3876,Purchased Care,Third Party Supplier,STANDARD,5773,JAAA-Directorate of Social Care and Health Services
RBC Legal Entity,2021/08/18,4586526,256201,DORMY HOUSE CARE HOME WITH NURSING,PS Acquired Nursing,4000,Purchased Care,SUPPLIER,STANDARD,5773,JAAA-Directorate of Social Care and Health Services
RBC Legal Entity,2021/08/18,4584183,256203,FUNERAL SERVICES LIMITED,Coroner,7175,Special Activities,SUPPLIER,STANDARD,4605,KAAA-Directorate of Economic Growth and Neighbourhood Services
RBC Legal Entity,2021/08/18,4586329,256204,SHINFIELD LODGE CARE LIMITED,Mental Health Residential,2448,Purchased Care,SUPPLIER,STANDARD,5732,JAAA-Directorate of Social Care and Health Services
RBC Legal Entity,2021/08/18,4586253,256206,PAYCOLL PAYROLL,PS Acquired Community Services,-222.68,Fairer charging charges,Third Party Supplier,CREDIT,5771,JAAA-Directorate of Social Care and Health Services
RBC Legal Entity,2021/08/18,4586253,256206,PAYCOLL PAYROLL,PS Acquired Community Services,1162,Purchased Care,Third Party Supplier,STANDARD,5771,JAAA-Directorate of Social Care and Health Services
RBC Legal Entity,2021/08/18,4586186,256207,PAYCOLL PAYROLL,LD Community Services,-219,Fairer charging charges,Third Party Supplier,CREDIT,5741,JAAA-Directorate of Social Care and Health Services
RBC Legal Entity,2021/08/18,4586186,256207,PAYCOLL PAYROLL,LD Community Services,1223.32,Purchased Care,Third Party Supplier,STANDARD,5741,JAAA-Directorate of Social Care and Health Services
RBC Legal Entity,2021/08/18,4586256,256208,PAYCOLL PAYROLL,PS Acquired Community Services,-64.36,Fairer charging charges,Third Party Supplier,CREDIT,5771,JAAA-Directorate of Social Care and Health Services
RBC Legal Entity,2021/08/18,4586256,256208,PAYCOLL PAYROLL,PS Acquired Community Services,595,Purchased Care,Third Party Supplier,STANDARD,5771,JAAA-Directorate of Social Care and Health Services
RBC Legal Entity,2021/08/18,4586184,256209,PAYCOLL PAYROLL,PS Acquired Community Services,-91.72,Fairer charging charges,Third Party Supplier,CREDIT,5771,JAAA-Directorate of Social Care and Health Services
RBC Legal Entity,2021/08/18,4586184,256209,PAYCOLL PAYROLL,PS Acquired Community Services,1424,Purchased Care,Third Party Supplier,STANDARD,5771,JAAA-Directorate of Social Care and Health Services
RBC Legal Entity,2021/08/18,4586185,256210,PAYCOLL PAYROLL,M&C Acquired Community Services,-235.56,Fairer charging charges,Third Party Supplier,CREDIT,5751,JAAA-Directorate of Social Care and Health Services
RBC Legal Entity,2021/08/18,4586185,256210,PAYCOLL PAYROLL,M&C Acquired Community Services,3084.92,Purchased Care,Third Party Supplier,STANDARD,5751,JAAA-Directorate of Social Care and Health Services
RBC Legal Entity,2021/08/18,4586204,256212,PAYCOLL PAYROLL,LD Community Services,642,Purchased Care,Third Party Supplier,STANDARD,5741,JAAA-Directorate of Social Care and Health Services
RBC Legal Entity,2021/08/18,4586056,256213,PAYCOLL PAYROLL,Mental Health Community Services,735.24,Purchased Care,Third Party Supplier,STANDARD,5731,JAAA-Directorate of Social Care and Health Services
RBC Legal Entity,2021/08/18,4586142,256214,PAYCOLL PAYROLL,PS Lifelong Community Services,1879.36,Purchased Care,Third Party Supplier,STANDARD,5781,JAAA-Directorate of Social Care and Health Services
RBC Legal Entity,2021/08/18,4586040,256217,ALLPAY.NET.LIMITED,LD Community Services,-116.72,Fairer charging charges,Third Party Supplier,CREDIT,5741,JAAA-Directorate of Social Care and Health Services
RBC Legal Entity,2021/08/18,4586040,256217,ALLPAY.NET.LIMITED,LD Community Services,852.8,Purchased Care,Third Party Supplier,STANDARD,5741,JAAA-Directorate of Social Care and Health Services
RBC Legal Entity,2021/08/18,4586041,256217,ALLPAY.NET.LIMITED,LD Community Services,-525.08,Fairer charging charges,Third Party Supplier,CREDIT,5741,JAAA-Directorate of Social Care and Health Services
RBC Legal Entity,2021/08/18,4586041,256217,ALLPAY.NET.LIMITED,LD Community Services,8947.2,Purchased Care,Third Party Supplier,STANDARD,5741,JAAA-Directorate of Social Care and Health Services
RBC Legal Entity,2021/08/18,4586042,256217,ALLPAY.NET.LIMITED,LD Community Services,-38.64,Fairer charging charges,Third Party Supplier,CREDIT,5741,JAAA-Directorate of Social Care and Health Services
RBC Legal Entity,2021/08/18,4586042,256217,ALLPAY.NET.LIMITED,LD Community Services,1400,Purchased Care,Third Party Supplier,STANDARD,5741,JAAA-Directorate of Social Care and Health Services
RBC Legal Entity,2021/08/18,4586044,256217,ALLPAY.NET.LIMITED,PS Acquired Community Services,-464.92,Fairer charging charges,Third Party Supplier,CREDIT,5771,JAAA-Directorate of Social Care and Health Services
RBC Legal Entity,2021/08/18,4586044,256217,ALLPAY.NET.LIMITED,PS Acquired Community Services,1862,Purchased Care,Third Party Supplier,STANDARD,5771,JAAA-Directorate of Social Care and Health Services
RBC Legal Entity,2021/08/18,4586045,256217,ALLPAY.NET.LIMITED,PS Acquired Community Services,504.6,Purchased Care,Third Party Supplier,STANDARD,5771,JAAA-Directorate of Social Care and Health Services
RBC Legal Entity,2021/08/18,4586047,256217,ALLPAY.NET.LIMITED,M&C Acquired Community Services,-22.52,Fairer charging charges,Third Party Supplier,CREDIT,5751,JAAA-Directorate of Social Care and Health Services
RBC Legal Entity,2021/08/18,4586047,256217,ALLPAY.NET.LIMITED,M&C Acquired Community Services,926.68,Purchased Care,Third Party Supplier,STANDARD,5751,JAAA-Directorate of Social Care and Health Services
RBC Legal Entity,2021/08/18,4586049,256217,ALLPAY.NET.LIMITED,LD Community Services,-257.8,Fairer charging charges,Third Party Supplier,CREDIT,5741,JAAA-Directorate of Social Care and Health Services
RBC Legal Entity,2021/08/18,4586049,256217,ALLPAY.NET.LIMITED,LD Community Services,2724.36,Purchased Care,Third Party Supplier,STANDARD,5741,JAAA-Directorate of Social Care and Health Services
RBC Legal Entity,2021/08/18,4586051,256217,ALLPAY.NET.LIMITED,PS Lifelong Community Services,-52.88,Fairer charging charges,Third Party Supplier,CREDIT,5781,JAAA-Directorate of Social Care and Health Services
RBC Legal Entity,2021/08/18,4586051,256217,ALLPAY.NET.LIMITED,PS Lifelong Community Services,1300,Purchased Care,Third Party Supplier,STANDARD,5781,JAAA-Directorate of Social Care and Health Services
RBC Legal Entity,2021/08/18,4586052,256217,ALLPAY.NET.LIMITED,PS Acquired Community Services,-501.2,Fairer charging charges,Third Party Supplier,CREDIT,5771,JAAA-Directorate of Social Care and Health Services
RBC Legal Entity,2021/08/18,4586052,256217,ALLPAY.NET.LIMITED,PS Acquired Community Services,1530,Purchased Care,Third Party Supplier,STANDARD,5771,JAAA-Directorate of Social Care and Health Services
RBC Legal Entity,2021/08/18,4586053,256217,ALLPAY.NET.LIMITED,LD Community Services,1589.16,Purchased Care,Third Party Supplier,STANDARD,5741,JAAA-Directorate of Social Care and Health Services
RBC Legal Entity,2021/08/18,4586055,256217,ALLPAY.NET.LIMITED,PS Acquired Community Services,-224.48,Fairer charging charges,Third Party Supplier,CREDIT,5771,JAAA-Directorate of Social Care and Health Services
RBC Legal Entity,2021/08/18,4586055,256217,ALLPAY.NET.LIMITED,PS Acquired Community Services,1392,Purchased Care,Third Party Supplier,STANDARD,5771,JAAA-Directorate of Social Care and Health Services
RBC Legal Entity,2021/08/18,4586058,256217,ALLPAY.NET.LIMITED,PS Acquired Community Services,-157.88,Fairer charging charges,Third Party Supplier,CREDIT,5771,JAAA-Directorate of Social Care and Health Services
RBC Legal Entity,2021/08/18,4586058,256217,ALLPAY.NET.LIMITED,PS Acquired Community Services,808.8,Purchased Care,Third Party Supplier,STANDARD,5771,JAAA-Directorate of Social Care and Health Services
RBC Legal Entity,2021/08/18,4586061,256217,ALLPAY.NET.LIMITED,PS Acquired Community Services,1698.2,Purchased Care,Third Party Supplier,STANDARD,5771,JAAA-Directorate of Social Care and Health Services
RBC Legal Entity,2021/08/18,4586062,256217,ALLPAY.NET.LIMITED,PS Acquired Community Services,-441.6,Fairer charging charges,Third Party Supplier,CREDIT,5771,JAAA-Directorate of Social Care and Health Services
RBC Legal Entity,2021/08/18,4586062,256217,ALLPAY.NET.LIMITED,PS Acquired Community Services,1021.44,Purchased Care,Third Party Supplier,STANDARD,5771,JAAA-Directorate of Social Care and Health Services
RBC Legal Entity,2021/08/18,4586064,256217,ALLPAY.NET.LIMITED,LD Community Services,-63.32,Fairer charging charges,Third Party Supplier,CREDIT,5741,JAAA-Directorate of Social Care and Health Services
RBC Legal Entity,2021/08/18,4586064,256217,ALLPAY.NET.LIMITED,LD Community Services,679.2,Purchased Care,Third Party Supplier,STANDARD,5741,JAAA-Directorate of Social Care and Health Services
RBC Legal Entity,2021/08/18,4586065,256217,ALLPAY.NET.LIMITED,LD Community Services,585.77,Purchased Care,Third Party Supplier,STANDARD,5741,JAAA-Directorate of Social Care and Health Services
RBC Legal Entity,2021/08/18,4586070,256217,ALLPAY.NET.LIMITED,LD Community Services,876.12,Purchased Care,Third Party Supplier,STANDARD,5741,JAAA-Directorate of Social Care and Health Services
RBC Legal Entity,2021/08/18,4586072,256217,ALLPAY.NET.LIMITED,PS Acquired Community Services,-593.12,Fairer charging charges,Third Party Supplier,CREDIT,5771,JAAA-Directorate of Social Care and Health Services
RBC Legal Entity,2021/08/18,4586072,256217,ALLPAY.NET.LIMITED,PS Acquired Community Services,3000,Purchased Care,Third Party Supplier,STANDARD,5771,JAAA-Directorate of Social Care and Health Services
RBC Legal Entity,2021/08/18,4586073,256217,ALLPAY.NET.LIMITED,PS Acquired Community Services,-158.8,Fairer charging charges,Third Party Supplier,CREDIT,5771,JAAA-Directorate of Social Care and Health Services
RBC Legal Entity,2021/08/18,4586073,256217,ALLPAY.NET.LIMITED,PS Acquired Community Services,1122,Purchased Care,Third Party Supplier,STANDARD,5771,JAAA-Directorate of Social Care and Health Services
RBC Legal Entity,2021/08/18,4586074,256217,ALLPAY.NET.LIMITED,LD Community Services,2910.96,Purchased Care,Third Party Supplier,STANDARD,5741,JAAA-Directorate of Social Care and Health Services
RBC Legal Entity,2021/08/18,4586077,256217,ALLPAY.NET.LIMITED,LD Community Services,1310.8,Purchased Care,Third Party Supplier,STANDARD,5741,JAAA-Directorate of Social Care and Health Services
RBC Legal Entity,2021/08/18,4586078,256217,ALLPAY.NET.LIMITED,LD Community Services,-86.2,Fairer charging charges,Third Party Supplier,CREDIT,5741,JAAA-Directorate of Social Care and Health Services
RBC Legal Entity,2021/08/18,4586078,256217,ALLPAY.NET.LIMITED,LD Community Services,757.72,Purchased Care,Third Party Supplier,STANDARD,5741,JAAA-Directorate of Social Care and Health Services
RBC Legal Entity,2021/08/18,4586079,256217,ALLPAY.NET.LIMITED,LD Community Services,-175.04,Fairer charging charges,Third Party Supplier,CREDIT,5741,JAAA-Directorate of Social Care and Health Services
RBC Legal Entity,2021/08/18,4586079,256217,ALLPAY.NET.LIMITED,LD Community Services,4724,Purchased Care,Third Party Supplier,STANDARD,5741,JAAA-Directorate of Social Care and Health Services
RBC Legal Entity,2021/08/18,4586082,256217,ALLPAY.NET.LIMITED,LD Community Services,-211.24,Fairer charging charges,Third Party Supplier,CREDIT,5741,JAAA-Directorate of Social Care and Health Services
RBC Legal Entity,2021/08/18,4586082,256217,ALLPAY.NET.LIMITED,LD Community Services,3402.4,Purchased Care,Third Party Supplier,STANDARD,5741,JAAA-Directorate of Social Care and Health Services
RBC Legal Entity,2021/08/18,4586083,256217,ALLPAY.NET.LIMITED,LD Community Services,-213.08,Fairer charging charges,Third Party Supplier,CREDIT,5741,JAAA-Directorate of Social Care and Health Services
RBC Legal Entity,2021/08/18,4586083,256217,ALLPAY.NET.LIMITED,LD Community Services,4548,Purchased Care,Third Party Supplier,STANDARD,5741,JAAA-Directorate of Social Care and Health Services
RBC Legal Entity,2021/08/18,4586086,256217,ALLPAY.NET.LIMITED,PS Acquired Community Services,1243.08,Purchased Care,Third Party Supplier,STANDARD,5771,JAAA-Directorate of Social Care and Health Services
RBC Legal Entity,2021/08/18,4586087,256217,ALLPAY.NET.LIMITED,LD Community Services,640.72,Purchased Care,Third Party Supplier,STANDARD,5741,JAAA-Directorate of Social Care and Health Services
RBC Legal Entity,2021/08/18,4586088,256217,ALLPAY.NET.LIMITED,PS Acquired Community Services,-97.44,Fairer charging charges,Third Party Supplier,CREDIT,5771,JAAA-Directorate of Social Care and Health Services
RBC Legal Entity,2021/08/18,4586088,256217,ALLPAY.NET.LIMITED,PS Acquired Community Services,1389.08,Purchased Care,Third Party Supplier,STANDARD,5771,JAAA-Directorate of Social Care and Health Services
RBC Legal Entity,2021/08/18,4586094,256217,ALLPAY.NET.LIMITED,PS Acquired Community Services,-1517.92,Fairer charging charges,Third Party Supplier,CREDIT,5771,JAAA-Directorate of Social Care and Health Services
RBC Legal Entity,2021/08/18,4586094,256217,ALLPAY.NET.LIMITED,PS Acquired Community Services,5800,Purchased Care,Third Party Supplier,STANDARD,5771,JAAA-Directorate of Social Care and Health Services
RBC Legal Entity,2021/08/18,4586100,256217,ALLPAY.NET.LIMITED,PS Acquired Community Services,-1085.04,Fairer charging charges,Third Party Supplier,CREDIT,5771,JAAA-Directorate of Social Care and Health Services
RBC Legal Entity,2021/08/18,4586100,256217,ALLPAY.NET.LIMITED,PS Acquired Community Services,1852,Purchased Care,Third Party Supplier,STANDARD,5771,JAAA-Directorate of Social Care and Health Services
RBC Legal Entity,2021/08/18,4586101,256217,ALLPAY.NET.LIMITED,LD Community Services,833.76,Purchased Care,Third Party Supplier,STANDARD,5741,JAAA-Directorate of Social Care and Health Services
RBC Legal Entity,2021/08/18,4586106,256217,ALLPAY.NET.LIMITED,LD Community Services,-77.68,Fairer charging charges,Third Party Supplier,CREDIT,5741,JAAA-Directorate of Social Care and Health Services
RBC Legal Entity,2021/08/18,4586106,256217,ALLPAY.NET.LIMITED,LD Community Services,2477.04,Purchased Care,Third Party Supplier,STANDARD,5741,JAAA-Directorate of Social Care and Health Services
RBC Legal Entity,2021/08/18,4586108,256217,ALLPAY.NET.LIMITED,PS Lifelong Community Services,933.92,Purchased Care,Third Party Supplier,STANDARD,5781,JAAA-Directorate of Social Care and Health Services
RBC Legal Entity,2021/08/18,4586112,256217,ALLPAY.NET.LIMITED,PS Acquired Community Services,759.64,Purchased Care,Third Party Supplier,STANDARD,5771,JAAA-Directorate of Social Care and Health Services
RBC Legal Entity,2021/08/18,4586113,256217,ALLPAY.NET.LIMITED,PS Acquired Community Services,-428.04,Fairer charging charges,Third Party Supplier,CREDIT,5771,JAAA-Directorate of Social Care and Health Services
RBC Legal Entity,2021/08/18,4586113,256217,ALLPAY.NET.LIMITED,PS Acquired Community Services,1385.76,Purchased Care,Third Party Supplier,STANDARD,5771,JAAA-Directorate of Social Care and Health Services
RBC Legal Entity,2021/08/18,4586120,256217,ALLPAY.NET.LIMITED,PS Acquired Community Services,508,Purchased Care,Third Party Supplier,STANDARD,5771,JAAA-Directorate of Social Care and Health Services
RBC Legal Entity,2021/08/18,4586121,256217,ALLPAY.NET.LIMITED,PS Acquired Community Services,1013.56,Purchased Care,Third Party Supplier,STANDARD,5771,JAAA-Directorate of Social Care and Health Services
RBC Legal Entity,2021/08/18,4586125,256217,ALLPAY.NET.LIMITED,PS Acquired Community Services,-388,Fairer charging charges,Third Party Supplier,CREDIT,5771,JAAA-Directorate of Social Care and Health Services
RBC Legal Entity,2021/08/18,4586125,256217,ALLPAY.NET.LIMITED,PS Acquired Community Services,1814.96,Purchased Care,Third Party Supplier,STANDARD,5771,JAAA-Directorate of Social Care and Health Services
RBC Legal Entity,2021/08/18,4586127,256217,ALLPAY.NET.LIMITED,LD Community Services,756.96,Purchased Care,Third Party Supplier,STANDARD,5741,JAAA-Directorate of Social Care and Health Services
RBC Legal Entity,2021/08/18,4586130,256217,ALLPAY.NET.LIMITED,PS Acquired Community Services,-696.43,Purchased Care,Third Party Supplier,CREDIT,5771,JAAA-Directorate of Social Care and Health Services
RBC Legal Entity,2021/08/18,4586132,256217,ALLPAY.NET.LIMITED,LD Community Services,1107.68,Purchased Care,Third Party Supplier,STANDARD,5741,JAAA-Directorate of Social Care and Health Services
RBC Legal Entity,2021/08/18,4586134,256217,ALLPAY.NET.LIMITED,PS Lifelong Community Services,1762.92,Purchased Care,Third Party Supplier,STANDARD,5781,JAAA-Directorate of Social Care and Health Services
RBC Legal Entity,2021/08/18,4586135,256217,ALLPAY.NET.LIMITED,PS Acquired Community Services,-235.56,Fairer charging charges,Third Party Supplier,CREDIT,5771,JAAA-Directorate of Social Care and Health Services
RBC Legal Entity,2021/08/18,4586135,256217,ALLPAY.NET.LIMITED,PS Acquired Community Services,746,Purchased Care,Third Party Supplier,STANDARD,5771,JAAA-Directorate of Social Care and Health Services
RBC Legal Entity,2021/08/18,4586140,256217,ALLPAY.NET.LIMITED,PS Acquired Community Services,952,Purchased Care,Third Party Supplier,STANDARD,5771,JAAA-Directorate of Social Care and Health Services
RBC Legal Entity,2021/08/18,4586144,256217,ALLPAY.NET.LIMITED,Social Support,-52.96,Fairer charging charges,Third Party Supplier,CREDIT,5790,JAAA-Directorate of Social Care and Health Services
RBC Legal Entity,2021/08/18,4586144,256217,ALLPAY.NET.LIMITED,Social Support,595,Purchased Care,Third Party Supplier,STANDARD,5790,JAAA-Directorate of Social Care and Health Services
RBC Legal Entity,2021/08/18,4586147,256217,ALLPAY.NET.LIMITED,LD Community Services,605.4,Purchased Care,Third Party Supplier,STANDARD,5741,JAAA-Directorate of Social Care and Health Services
RBC Legal Entity,2021/08/18,4586148,256217,ALLPAY.NET.LIMITED,LD Community Services,-387.64,Fairer charging charges,Third Party Supplier,CREDIT,5741,JAAA-Directorate of Social Care and Health Services
RBC Legal Entity,2021/08/18,4586148,256217,ALLPAY.NET.LIMITED,LD Community Services,6305.6,Purchased Care,Third Party Supplier,STANDARD,5741,JAAA-Directorate of Social Care and Health Services
RBC Legal Entity,2021/08/18,4586149,256217,ALLPAY.NET.LIMITED,PS Acquired Community Services,-1674.6,Fairer charging charges,Third Party Supplier,CREDIT,5771,JAAA-Directorate of Social Care and Health Services
RBC Legal Entity,2021/08/18,4586149,256217,ALLPAY.NET.LIMITED,PS Acquired Community Services,4156,Purchased Care,Third Party Supplier,STANDARD,5771,JAAA-Directorate of Social Care and Health Services
RBC Legal Entity,2021/08/18,4586150,256217,ALLPAY.NET.LIMITED,PS Acquired Community Services,1140.8,Purchased Care,Third Party Supplier,STANDARD,5771,JAAA-Directorate of Social Care and Health Services
RBC Legal Entity,2021/08/18,4586151,256217,ALLPAY.NET.LIMITED,LD Community Services,880.8,Purchased Care,Third Party Supplier,STANDARD,5741,JAAA-Directorate of Social Care and Health Services
RBC Legal Entity,2021/08/18,4586152,256217,ALLPAY.NET.LIMITED,Sensory Support Community Services,1043.2,Purchased Care,Third Party Supplier,STANDARD,5711,JAAA-Directorate of Social Care and Health Services
RBC Legal Entity,2021/08/18,4586153,256217,ALLPAY.NET.LIMITED,PS Acquired Community Services,1759.72,Purchased Care,Third Party Supplier,STANDARD,5771,JAAA-Directorate of Social Care and Health Services
RBC Legal Entity,2021/08/18,4586155,256217,ALLPAY.NET.LIMITED,PS Acquired Community Services,-917.92,Fairer charging charges,Third Party Supplier,CREDIT,5771,JAAA-Directorate of Social Care and Health Services
RBC Legal Entity,2021/08/18,4586155,256217,ALLPAY.NET.LIMITED,PS Acquired Community Services,2394,Purchased Care,Third Party Supplier,STANDARD,5771,JAAA-Directorate of Social Care and Health Services
RBC Legal Entity,2021/08/18,4586156,256217,ALLPAY.NET.LIMITED,PS Acquired Community Services,-4630,Purchased Care,Third Party Supplier,CREDIT,5771,JAAA-Directorate of Social Care and Health Services
RBC Legal Entity,2021/08/18,4586162,256217,ALLPAY.NET.LIMITED,LD Community Services,11387.6,Purchased Care,Third Party Supplier,STANDARD,5741,JAAA-Directorate of Social Care and Health Services
RBC Legal Entity,2021/08/18,4586169,256217,ALLPAY.NET.LIMITED,PS Acquired Community Services,-49.92,Fairer charging charges,Third Party Supplier,CREDIT,5771,JAAA-Directorate of Social Care and Health Services
RBC Legal Entity,2021/08/18,4586169,256217,ALLPAY.NET.LIMITED,PS Acquired Community Services,665.36,Purchased Care,Third Party Supplier,STANDARD,5771,JAAA-Directorate of Social Care and Health Services
RBC Legal Entity,2021/08/18,4586175,256217,ALLPAY.NET.LIMITED,LD Community Services,-128.52,Fairer charging charges,Third Party Supplier,CREDIT,5741,JAAA-Directorate of Social Care and Health Services
RBC Legal Entity,2021/08/18,4586175,256217,ALLPAY.NET.LIMITED,LD Community Services,962.36,Purchased Care,Third Party Supplier,STANDARD,5741,JAAA-Directorate of Social Care and Health Services
RBC Legal Entity,2021/08/18,4586177,256217,ALLPAY.NET.LIMITED,LD Community Services,991.68,Purchased Care,Third Party Supplier,STANDARD,5741,JAAA-Directorate of Social Care and Health Services
RBC Legal Entity,2021/08/18,4586180,256217,ALLPAY.NET.LIMITED,PS Acquired Community Services,-12.84,Fairer charging charges,Third Party Supplier,CREDIT,5771,JAAA-Directorate of Social Care and Health Services
RBC Legal Entity,2021/08/18,4586180,256217,ALLPAY.NET.LIMITED,PS Acquired Community Services,664.52,Purchased Care,Third Party Supplier,STANDARD,5771,JAAA-Directorate of Social Care and Health Services
RBC Legal Entity,2021/08/18,4586182,256217,ALLPAY.NET.LIMITED,LD Community Services,-837.85,Fairer charging charges,Third Party Supplier,CREDIT,5741,JAAA-Directorate of Social Care and Health Services
RBC Legal Entity,2021/08/18,4586182,256217,ALLPAY.NET.LIMITED,LD Community Services,9852.28,Purchased Care,Third Party Supplier,STANDARD,5741,JAAA-Directorate of Social Care and Health Services
RBC Legal Entity,2021/08/18,4586183,256217,ALLPAY.NET.LIMITED,LD Community Services,-147.32,Fairer charging charges,Third Party Supplier,CREDIT,5741,JAAA-Directorate of Social Care and Health Services
RBC Legal Entity,2021/08/18,4586183,256217,ALLPAY.NET.LIMITED,LD Community Services,2870.76,Purchased Care,Third Party Supplier,STANDARD,5741,JAAA-Directorate of Social Care and Health Services
RBC Legal Entity,2021/08/18,4586191,256217,ALLPAY.NET.LIMITED,LD Community Services,-61.88,Fairer charging charges,Third Party Supplier,CREDIT,5741,JAAA-Directorate of Social Care and Health Services
RBC Legal Entity,2021/08/18,4586191,256217,ALLPAY.NET.LIMITED,LD Community Services,10562,Purchased Care,Third Party Supplier,STANDARD,5741,JAAA-Directorate of Social Care and Health Services
RBC Legal Entity,2021/08/18,4586192,256217,ALLPAY.NET.LIMITED,PS Acquired Community Services,600,Purchased Care,Third Party Supplier,STANDARD,5771,JAAA-Directorate of Social Care and Health Services
RBC Legal Entity,2021/08/18,4586194,256217,ALLPAY.NET.LIMITED,LD Community Services,-92.12,Fairer charging charges,Third Party Supplier,CREDIT,5741,JAAA-Directorate of Social Care and Health Services
RBC Legal Entity,2021/08/18,4586194,256217,ALLPAY.NET.LIMITED,LD Community Services,605.92,Purchased Care,Third Party Supplier,STANDARD,5741,JAAA-Directorate of Social Care and Health Services
RBC Legal Entity,2021/08/18,4586196,256217,ALLPAY.NET.LIMITED,PS Acquired Community Services,-441.6,Fairer charging charges,Third Party Supplier,CREDIT,5771,JAAA-Directorate of Social Care and Health Services
RBC Legal Entity,2021/08/18,4586196,256217,ALLPAY.NET.LIMITED,PS Acquired Community Services,2394,Purchased Care,Third Party Supplier,STANDARD,5771,JAAA-Directorate of Social Care and Health Services
RBC Legal Entity,2021/08/18,4586197,256217,ALLPAY.NET.LIMITED,PS Acquired Community Services,-320.12,Fairer charging charges,Third Party Supplier,CREDIT,5771,JAAA-Directorate of Social Care and Health Services
RBC Legal Entity,2021/08/18,4586197,256217,ALLPAY.NET.LIMITED,PS Acquired Community Services,3091.2,Purchased Care,Third Party Supplier,STANDARD,5771,JAAA-Directorate of Social Care and Health Services
RBC Legal Entity,2021/08/18,4586199,256217,ALLPAY.NET.LIMITED,LD Community Services,656.12,Purchased Care,Third Party Supplier,STANDARD,5741,JAAA-Directorate of Social Care and Health Services
RBC Legal Entity,2021/08/18,4586201,256217,ALLPAY.NET.LIMITED,PS Acquired Community Services,-560,Fairer charging charges,Third Party Supplier,CREDIT,5771,JAAA-Directorate of Social Care and Health Services
RBC Legal Entity,2021/08/18,4586201,256217,ALLPAY.NET.LIMITED,PS Acquired Community Services,1288,Purchased Care,Third Party Supplier,STANDARD,5771,JAAA-Directorate of Social Care and Health Services
RBC Legal Entity,2021/08/18,4586205,256217,ALLPAY.NET.LIMITED,PS Acquired Community Services,-172.4,Fairer charging charges,Third Party Supplier,CREDIT,5771,JAAA-Directorate of Social Care and Health Services
RBC Legal Entity,2021/08/18,4586205,256217,ALLPAY.NET.LIMITED,PS Acquired Community Services,1037.12,Purchased Care,Third Party Supplier,STANDARD,5771,JAAA-Directorate of Social Care and Health Services
RBC Legal Entity,2021/08/18,4586207,256217,ALLPAY.NET.LIMITED,PS Acquired Community Services,3248.6,Purchased Care,Third Party Supplier,STANDARD,5771,JAAA-Directorate of Social Care and Health Services
RBC Legal Entity,2021/08/18,4586209,256217,ALLPAY.NET.LIMITED,PS Acquired Community Services,606.32,Purchased Care,Third Party Supplier,STANDARD,5771,JAAA-Directorate of Social Care and Health Services
RBC Legal Entity,2021/08/18,4586219,256217,ALLPAY.NET.LIMITED,LD Community Services,-527,Fairer charging charges,Third Party Supplier,CREDIT,5741,JAAA-Directorate of Social Care and Health Services
RBC Legal Entity,2021/08/18,4586219,256217,ALLPAY.NET.LIMITED,LD Community Services,8289.32,Purchased Care,Third Party Supplier,STANDARD,5741,JAAA-Directorate of Social Care and Health Services
RBC Legal Entity,2021/08/18,4586220,256217,ALLPAY.NET.LIMITED,Social Support,1037.12,Purchased Care,Third Party Supplier,STANDARD,5790,JAAA-Directorate of Social Care and Health Services
RBC Legal Entity,2021/08/18,4586221,256217,ALLPAY.NET.LIMITED,PS Acquired Community Services,-144,Fairer charging charges,Third Party Supplier,CREDIT,5771,JAAA-Directorate of Social Care and Health Services
RBC Legal Entity,2021/08/18,4586221,256217,ALLPAY.NET.LIMITED,PS Acquired Community Services,2074.24,Purchased Care,Third Party Supplier,STANDARD,5771,JAAA-Directorate of Social Care and Health Services
RBC Legal Entity,2021/08/18,4586222,256217,ALLPAY.NET.LIMITED,LD Community Services,2108.64,Purchased Care,Third Party Supplier,STANDARD,5741,JAAA-Directorate of Social Care and Health Services
RBC Legal Entity,2021/08/18,4586226,256217,ALLPAY.NET.LIMITED,PS Acquired Community Services,980,Purchased Care,Third Party Supplier,STANDARD,5771,JAAA-Directorate of Social Care and Health Services
RBC Legal Entity,2021/08/18,4586227,256217,ALLPAY.NET.LIMITED,PS Acquired Community Services,-290.8,Fairer charging charges,Third Party Supplier,CREDIT,5771,JAAA-Directorate of Social Care and Health Services
RBC Legal Entity,2021/08/18,4586227,256217,ALLPAY.NET.LIMITED,PS Acquired Community Services,2481.68,Purchased Care,Third Party Supplier,STANDARD,5771,JAAA-Directorate of Social Care and Health Services
RBC Legal Entity,2021/08/18,4586230,256217,ALLPAY.NET.LIMITED,Social Support,-1216,Purchased Care,Third Party Supplier,CREDIT,5790,JAAA-Directorate of Social Care and Health Services
RBC Legal Entity,2021/08/18,4586232,256217,ALLPAY.NET.LIMITED,LD Community Services,784,Purchased Care,Third Party Supplier,STANDARD,5741,JAAA-Directorate of Social Care and Health Services
RBC Legal Entity,2021/08/18,4586236,256217,ALLPAY.NET.LIMITED,LD Community Services,-222.68,Fairer charging charges,Third Party Supplier,CREDIT,5741,JAAA-Directorate of Social Care and Health Services
RBC Legal Entity,2021/08/18,4586236,256217,ALLPAY.NET.LIMITED,LD Community Services,2455.2,Purchased Care,Third Party Supplier,STANDARD,5741,JAAA-Directorate of Social Care and Health Services
RBC Legal Entity,2021/08/18,4586237,256217,ALLPAY.NET.LIMITED,PS Acquired Community Services,-183.12,Fairer charging charges,Third Party Supplier,CREDIT,5771,JAAA-Directorate of Social Care and Health Services
RBC Legal Entity,2021/08/18,4586237,256217,ALLPAY.NET.LIMITED,PS Acquired Community Services,1237.96,Purchased Care,Third Party Supplier,STANDARD,5771,JAAA-Directorate of Social Care and Health Services
RBC Legal Entity,2021/08/18,4586238,256217,ALLPAY.NET.LIMITED,LD Community Services,-218.28,Fairer charging charges,Third Party Supplier,CREDIT,5741,JAAA-Directorate of Social Care and Health Services
RBC Legal Entity,2021/08/18,4586238,256217,ALLPAY.NET.LIMITED,LD Community Services,1041.2,Purchased Care,Third Party Supplier,STANDARD,5741,JAAA-Directorate of Social Care and Health Services
RBC Legal Entity,2021/08/18,4586240,256217,ALLPAY.NET.LIMITED,PS Acquired Community Services,-554.96,Fairer charging charges,Third Party Supplier,CREDIT,5771,JAAA-Directorate of Social Care and Health Services
RBC Legal Entity,2021/08/18,4586240,256217,ALLPAY.NET.LIMITED,PS Acquired Community Services,1057.28,Purchased Care,Third Party Supplier,STANDARD,5771,JAAA-Directorate of Social Care and Health Services
RBC Legal Entity,2021/08/18,4586241,256217,ALLPAY.NET.LIMITED,PS Acquired Community Services,-236.28,Fairer charging charges,Third Party Supplier,CREDIT,5771,JAAA-Directorate of Social Care and Health Services
RBC Legal Entity,2021/08/18,4586241,256217,ALLPAY.NET.LIMITED,PS Acquired Community Services,832.56,Purchased Care,Third Party Supplier,STANDARD,5771,JAAA-Directorate of Social Care and Health Services
RBC Legal Entity,2021/08/18,4586244,256217,ALLPAY.NET.LIMITED,PS Acquired Community Services,1131.6,Purchased Care,Third Party Supplier,STANDARD,5771,JAAA-Directorate of Social Care and Health Services
RBC Legal Entity,2021/08/18,4586246,256217,ALLPAY.NET.LIMITED,PS Acquired Community Services,2304.08,Purchased Care,Third Party Supplier,STANDARD,5771,JAAA-Directorate of Social Care and Health Services
RBC Legal Entity,2021/08/18,4586247,256217,ALLPAY.NET.LIMITED,PS Acquired Community Services,-427.56,Fairer charging charges,Third Party Supplier,CREDIT,5771,JAAA-Directorate of Social Care and Health Services
RBC Legal Entity,2021/08/18,4586247,256217,ALLPAY.NET.LIMITED,PS Acquired Community Services,2763.92,Purchased Care,Third Party Supplier,STANDARD,5771,JAAA-Directorate of Social Care and Health Services
RBC Legal Entity,2021/08/18,4586248,256217,ALLPAY.NET.LIMITED,PS Acquired Community Services,2550.39,Purchased Care,Third Party Supplier,STANDARD,5771,JAAA-Directorate of Social Care and Health Services
RBC Legal Entity,2021/08/18,4586249,256217,ALLPAY.NET.LIMITED,Mental Health Community Services,1065.28,Purchased Care,Third Party Supplier,STANDARD,5731,JAAA-Directorate of Social Care and Health Services
RBC Legal Entity,2021/08/18,4586251,256217,ALLPAY.NET.LIMITED,PS Acquired Community Services,-324.08,Fairer charging charges,Third Party Supplier,CREDIT,5771,JAAA-Directorate of Social Care and Health Services
RBC Legal Entity,2021/08/18,4586251,256217,ALLPAY.NET.LIMITED,PS Acquired Community Services,2087,Purchased Care,Third Party Supplier,STANDARD,5771,JAAA-Directorate of Social Care and Health Services
RBC Legal Entity,2021/08/18,4586254,256217,ALLPAY.NET.LIMITED,LD Community Services,-210.52,Fairer charging charges,Third Party Supplier,CREDIT,5741,JAAA-Directorate of Social Care and Health Services
RBC Legal Entity,2021/08/18,4586254,256217,ALLPAY.NET.LIMITED,LD Community Services,2455.68,Purchased Care,Third Party Supplier,STANDARD,5741,JAAA-Directorate of Social Care and Health Services
RBC Legal Entity,2021/08/18,4586259,256217,ALLPAY.NET.LIMITED,PS Acquired Community Services,1046.56,Purchased Care,Third Party Supplier,STANDARD,5771,JAAA-Directorate of Social Care and Health Services
RBC Legal Entity,2021/08/18,4586260,256217,ALLPAY.NET.LIMITED,PS Acquired Community Services,-39.32,Fairer charging charges,Third Party Supplier,CREDIT,5771,JAAA-Directorate of Social Care and Health Services
RBC Legal Entity,2021/08/18,4586260,256217,ALLPAY.NET.LIMITED,PS Acquired Community Services,1852,Purchased Care,Third Party Supplier,STANDARD,5771,JAAA-Directorate of Social Care and Health Services
RBC Legal Entity,2021/08/18,4586262,256217,ALLPAY.NET.LIMITED,Support to Carers,514.8,Purchased Care,Third Party Supplier,STANDARD,5301,JAAA-Directorate of Social Care and Health Services
RBC Legal Entity,2021/08/18,4586264,256217,ALLPAY.NET.LIMITED,LD Community Services,-256.16,Fairer charging charges,Third Party Supplier,CREDIT,5741,JAAA-Directorate of Social Care and Health Services
RBC Legal Entity,2021/08/18,4586264,256217,ALLPAY.NET.LIMITED,LD Community Services,1140,Purchased Care,Third Party Supplier,STANDARD,5741,JAAA-Directorate of Social Care and Health Services
RBC Legal Entity,2021/08/18,4586266,256217,ALLPAY.NET.LIMITED,PS Acquired Community Services,-336.96,Fairer charging charges,Third Party Supplier,CREDIT,5771,JAAA-Directorate of Social Care and Health Services
RBC Legal Entity,2021/08/18,4586266,256217,ALLPAY.NET.LIMITED,PS Acquired Community Services,1055.64,Purchased Care,Third Party Supplier,STANDARD,5771,JAAA-Directorate of Social Care and Health Services
RBC Legal Entity,2021/08/18,4586268,256217,ALLPAY.NET.LIMITED,LD Community Services,944,Purchased Care,Third Party Supplier,STANDARD,5741,JAAA-Directorate of Social Care and Health Services
RBC Legal Entity,2021/08/18,4586269,256217,ALLPAY.NET.LIMITED,LD Community Services,1279.76,Purchased Care,Third Party Supplier,STANDARD,5741,JAAA-Directorate of Social Care and Health Services
RBC Legal Entity,2021/08/18,4586270,256217,ALLPAY.NET.LIMITED,LD Community Services,2663.2,Purchased Care,Third Party Supplier,STANDARD,5741,JAAA-Directorate of Social Care and Health Services
RBC Legal Entity,2021/08/18,4586272,256217,ALLPAY.NET.LIMITED,PS Lifelong Community Services,2652,Purchased Care,Third Party Supplier,STANDARD,5781,JAAA-Directorate of Social Care and Health Services
RBC Legal Entity,2021/08/18,4586275,256217,ALLPAY.NET.LIMITED,PS Acquired Community Services,-304.52,Fairer charging charges,Third Party Supplier,CREDIT,5771,JAAA-Directorate of Social Care and Health Services
RBC Legal Entity,2021/08/18,4586275,256217,ALLPAY.NET.LIMITED,PS Acquired Community Services,1196,Purchased Care,Third Party Supplier,STANDARD,5771,JAAA-Directorate of Social Care and Health Services
RBC Legal Entity,2021/08/18,4586276,256217,ALLPAY.NET.LIMITED,PS Acquired Community Services,-290.8,Fairer charging charges,Third Party Supplier,CREDIT,5771,JAAA-Directorate of Social Care and Health Services
RBC Legal Entity,2021/08/18,4586276,256217,ALLPAY.NET.LIMITED,PS Acquired Community Services,833,Purchased Care,Third Party Supplier,STANDARD,5771,JAAA-Directorate of Social Care and Health Services
RBC Legal Entity,2021/08/18,4586278,256217,ALLPAY.NET.LIMITED,PS Acquired Community Services,901.6,Purchased Care,Third Party Supplier,STANDARD,5771,JAAA-Directorate of Social Care and Health Services
RBC Legal Entity,2021/08/18,4586279,256217,ALLPAY.NET.LIMITED,LD Community Services,660,Purchased Care,Third Party Supplier,STANDARD,5741,JAAA-Directorate of Social Care and Health Services
RBC Legal Entity,2021/08/18,4586284,256217,ALLPAY.NET.LIMITED,PS Acquired Community Services,-76,Fairer charging charges,Third Party Supplier,CREDIT,5771,JAAA-Directorate of Social Care and Health Services
RBC Legal Entity,2021/08/18,4586284,256217,ALLPAY.NET.LIMITED,PS Acquired Community Services,901.6,Purchased Care,Third Party Supplier,STANDARD,5771,JAAA-Directorate of Social Care and Health Services
RBC Legal Entity,2021/08/18,4586286,256217,ALLPAY.NET.LIMITED,PS Acquired Community Services,-560,Fairer charging charges,Third Party Supplier,CREDIT,5771,JAAA-Directorate of Social Care and Health Services
RBC Legal Entity,2021/08/18,4586286,256217,ALLPAY.NET.LIMITED,PS Acquired Community Services,1296.4,Purchased Care,Third Party Supplier,STANDARD,5771,JAAA-Directorate of Social Care and Health Services
RBC Legal Entity,2021/08/18,4586288,256217,ALLPAY.NET.LIMITED,LD Community Services,565.72,Purchased Care,Third Party Supplier,STANDARD,5741,JAAA-Directorate of Social Care and Health Services
RBC Legal Entity,2021/08/18,4586289,256217,ALLPAY.NET.LIMITED,PS Acquired Community Services,-412.92,Fairer charging charges,Third Party Supplier,CREDIT,5771,JAAA-Directorate of Social Care and Health Services
RBC Legal Entity,2021/08/18,4586289,256217,ALLPAY.NET.LIMITED,PS Acquired Community Services,1314.92,Purchased Care,Third Party Supplier,STANDARD,5771,JAAA-Directorate of Social Care and Health Services
RBC Legal Entity,2021/08/18,4586291,256217,ALLPAY.NET.LIMITED,LD Community Services,3370.4,Purchased Care,Third Party Supplier,STANDARD,5741,JAAA-Directorate of Social Care and Health Services
RBC Legal Entity,2021/08/18,4586292,256217,ALLPAY.NET.LIMITED,Social Support,1416.96,Purchased Care,Third Party Supplier,STANDARD,5790,JAAA-Directorate of Social Care and Health Services
RBC Legal Entity,2021/08/18,4586295,256217,ALLPAY.NET.LIMITED,Mental Health Community Services,666,Purchased Care,Third Party Supplier,STANDARD,5731,JAAA-Directorate of Social Care and Health Services
RBC Legal Entity,2021/08/18,4586297,256217,ALLPAY.NET.LIMITED,Sensory Support Community Services,-3694.74,Purchased Care,Third Party Supplier,CREDIT,5711,JAAA-Directorate of Social Care and Health Services
RBC Legal Entity,2021/08/18,4586297,256217,ALLPAY.NET.LIMITED,Sensory Support Community Services,2754.81,Fairer charging charges,Third Party Supplier,STANDARD,5711,JAAA-Directorate of Social Care and Health Services
RBC Legal Entity,2021/08/18,4586303,256217,ALLPAY.NET.LIMITED,PS Acquired Community Services,945,Purchased Care,Third Party Supplier,STANDARD,5771,JAAA-Directorate of Social Care and Health Services
RBC Legal Entity,2021/08/18,4586306,256217,ALLPAY.NET.LIMITED,LD Community Services,569.56,Purchased Care,Third Party Supplier,STANDARD,5741,JAAA-Directorate of Social Care and Health Services
RBC Legal Entity,2021/08/18,4586307,256217,ALLPAY.NET.LIMITED,PS Acquired Community Services,1330,Purchased Care,Third Party Supplier,STANDARD,5771,JAAA-Directorate of Social Care and Health Services
RBC Legal Entity,2021/08/18,4586309,256217,ALLPAY.NET.LIMITED,PS Acquired Community Services,-1793.6,Fairer charging charges,Third Party Supplier,CREDIT,5771,JAAA-Directorate of Social Care and Health Services
RBC Legal Entity,2021/08/18,4586309,256217,ALLPAY.NET.LIMITED,PS Acquired Community Services,9606.96,Purchased Care,Third Party Supplier,STANDARD,5771,JAAA-Directorate of Social Care and Health Services
RBC Legal Entity,2021/08/18,4586310,256217,ALLPAY.NET.LIMITED,LD Community Services,1664,Purchased Care,Third Party Supplier,STANDARD,5741,JAAA-Directorate of Social Care and Health Services
RBC Legal Entity,2021/08/18,4586330,256218,BASSET HOUSE CARE HOME,PS Acquired Nursing,2830.48,Purchased Care,SUPPLIER,STANDARD,5773,JAAA-Directorate of Social Care and Health Services
RBC Legal Entity,2021/08/18,4586060,256219,PAYCOLL PAYROLL,Mental Health Community Services,1252.8,Purchased Care,Third Party Supplier,STANDARD,5731,JAAA-Directorate of Social Care and Health Services
RBC Legal Entity,2021/08/18,4586523,256220,BRAMLEY HEALTH,LD Residential,6773.2,Purchased Care,SUPPLIER,STANDARD,5742,JAAA-Directorate of Social Care and Health Services
RBC Legal Entity,2021/08/18,4586524,256221,THE GROVE,PS Acquired Nursing,4460.28,Purchased Care,SUPPLIER,STANDARD,5773,JAAA-Directorate of Social Care and Health Services
RBC Legal Entity,2021/08/18,4583498,256222,F M CONWAY LTD,Highways,677.5,Materials Direct,SUB-CONTRACTOR,STANDARD,4252,KAAA-Directorate of Economic Growth and Neighbourhood Services
RBC Legal Entity,2021/08/18,4586400,256223,BARCLAY HOUSE,PS Acquired Nursing,8568,Purchased Care,SUPPLIER,STANDARD,5773,JAAA-Directorate of Social Care and Health Services
RBC Legal Entity,2021/08/18,4585814,256224,ST LUKE WITH ST BARTHOLOMEW,Local Elections,345,Hire of halls,SUPPLIER,STANDARD,2425,LAAA-Directorate of Resources
RBC Legal Entity,2021/08/18,4585814,256224,ST LUKE WITH ST BARTHOLOMEW,Parliamentary Elections,345,Hire of halls,SUPPLIER,STANDARD,2430,LAAA-Directorate of Resources
RBC Legal Entity,2021/08/18,4587237,256225,DUCTCLEAN (UK) LIMITED,Private Sector Grants,611.23,Grants (Paid out by RBC),SUB-CONTRACTOR,STANDARD,8500,ZZZC-Capital
RBC Legal Entity,2021/08/18,4586257,256226,PAYCOLL PAYROLL,LD Community Services,-209.8,Fairer charging charges,Third Party Supplier,CREDIT,5741,JAAA-Directorate of Social Care and Health Services
RBC Legal Entity,2021/08/18,4586257,256226,PAYCOLL PAYROLL,LD Community Services,1285.08,Purchased Care,Third Party Supplier,STANDARD,5741,JAAA-Directorate of Social Care and Health Services
RBC Legal Entity,2021/08/18,4586258,256227,PAYCOLL PAYROLL,PS Lifelong Community Services,-225.88,Fairer charging charges,Third Party Supplier,CREDIT,5781,JAAA-Directorate of Social Care and Health Services
RBC Legal Entity,2021/08/18,4586258,256227,PAYCOLL PAYROLL,PS Lifelong Community Services,2969.28,Purchased Care,Third Party Supplier,STANDARD,5781,JAAA-Directorate of Social Care and Health Services
RBC Legal Entity,2021/08/18,4586458,256229,AUTISM CARE WILTSHIRE,LD Residential,8453.76,Purchased Care,Direct Payments,STANDARD,5742,JAAA-Directorate of Social Care and Health Services
RBC Legal Entity,2021/08/18,4586399,256230,WELLHEAD LANE LIMITED,LD Residential,8404.72,Purchased Care,SUPPLIER,STANDARD,5742,JAAA-Directorate of Social Care and Health Services
RBC Legal Entity,2021/08/18,4586301,256231,PAYCOLL PAYROLL,LD Community Services,3438.32,Purchased Care,Third Party Supplier,STANDARD,5741,JAAA-Directorate of Social Care and Health Services
RBC Legal Entity,2021/08/18,4586413,256232,MMCG (2) LIMITED,M&C Acquired Nursing,3024.2,Purchased Care,Third Party Supplier,STANDARD,5753,JAAA-Directorate of Social Care and Health Services
RBC Legal Entity,2021/08/18,4586571,256232,MMCG (2) LIMITED,PS Acquired Nursing,3060,Purchased Care,Third Party Supplier,STANDARD,5773,JAAA-Directorate of Social Care and Health Services
RBC Legal Entity,2021/08/18,4586576,256232,MMCG (2) LIMITED,PS Acquired Nursing,3060,Purchased Care,Third Party Supplier,STANDARD,5773,JAAA-Directorate of Social Care and Health Services
RBC Legal Entity,2021/08/18,4586579,256232,MMCG (2) LIMITED,PS Acquired Nursing,2900,Purchased Care,Third Party Supplier,STANDARD,5773,JAAA-Directorate of Social Care and Health Services
RBC Legal Entity,2021/08/18,4586580,256232,MMCG (2) LIMITED,PS Acquired Nursing,79380,EMI,Third Party Supplier,STANDARD,5773,JAAA-Directorate of Social Care and Health Services
RBC Legal Entity,2021/08/18,4586582,256232,MMCG (2) LIMITED,Mental Health Nursing,2900,Purchased Care,Third Party Supplier,STANDARD,5733,JAAA-Directorate of Social Care and Health Services
RBC Legal Entity,2021/08/18,4586583,256232,MMCG (2) LIMITED,PS Acquired Nursing,2900,Purchased Care,Third Party Supplier,STANDARD,5773,JAAA-Directorate of Social Care and Health Services
RBC Legal Entity,2021/08/18,4586586,256232,MMCG (2) LIMITED,PS Acquired Nursing,3200,Purchased Care,Third Party Supplier,STANDARD,5773,JAAA-Directorate of Social Care and Health Services
RBC Legal Entity,2021/08/18,4586587,256232,MMCG (2) LIMITED,PS Acquired Nursing,2900,Purchased Care,Third Party Supplier,STANDARD,5773,JAAA-Directorate of Social Care and Health Services
RBC Legal Entity,2021/08/18,4586590,256232,MMCG (2) LIMITED,PS Acquired Nursing,2900,Purchased Care,Third Party Supplier,STANDARD,5773,JAAA-Directorate of Social Care and Health Services
RBC Legal Entity,2021/08/18,4586602,256232,MMCG (2) LIMITED,PS Acquired Nursing,4071.84,Purchased Care,Third Party Supplier,STANDARD,5773,JAAA-Directorate of Social Care and Health Services
RBC Legal Entity,2021/08/18,4586604,256232,MMCG (2) LIMITED,PS Acquired Nursing,3060,Purchased Care,Third Party Supplier,STANDARD,5773,JAAA-Directorate of Social Care and Health Services
RBC Legal Entity,2021/08/18,4586605,256232,MMCG (2) LIMITED,Mental Health Nursing,3060,Purchased Care,Third Party Supplier,STANDARD,5733,JAAA-Directorate of Social Care and Health Services
RBC Legal Entity,2021/08/18,4586612,256232,MMCG (2) LIMITED,PS Acquired Nursing,2900,Purchased Care,Third Party Supplier,STANDARD,5773,JAAA-Directorate of Social Care and Health Services
RBC Legal Entity,2021/08/18,4586614,256232,MMCG (2) LIMITED,Mental Health Nursing,3200,Purchased Care,Third Party Supplier,STANDARD,5733,JAAA-Directorate of Social Care and Health Services
RBC Legal Entity,2021/08/18,4586615,256232,MMCG (2) LIMITED,PS Acquired Nursing,3200,Purchased Care,Third Party Supplier,STANDARD,5773,JAAA-Directorate of Social Care and Health Services
RBC Legal Entity,2021/08/18,4586618,256232,MMCG (2) LIMITED,PS Acquired Nursing,2900,Purchased Care,Third Party Supplier,STANDARD,5773,JAAA-Directorate of Social Care and Health Services
RBC Legal Entity,2021/08/18,4586632,256232,MMCG (2) LIMITED,M&C Acquired Nursing,2958,Purchased Care,Third Party Supplier,STANDARD,5753,JAAA-Directorate of Social Care and Health Services
RBC Legal Entity,2021/08/18,4586634,256232,MMCG (2) LIMITED,PS Acquired Nursing,3060,Purchased Care,Third Party Supplier,STANDARD,5773,JAAA-Directorate of Social Care and Health Services
RBC Legal Entity,2021/08/18,4586635,256232,MMCG (2) LIMITED,PS Acquired Nursing,1305.6,Purchased Care,Third Party Supplier,STANDARD,5773,JAAA-Directorate of Social Care and Health Services
RBC Legal Entity,2021/08/18,4586636,256232,MMCG (2) LIMITED,M&C Acquired Nursing,3200,Purchased Care,Third Party Supplier,STANDARD,5753,JAAA-Directorate of Social Care and Health Services
RBC Legal Entity,2021/08/18,4586637,256232,MMCG (2) LIMITED,PS Acquired Nursing,2900,Purchased Care,Third Party Supplier,STANDARD,5773,JAAA-Directorate of Social Care and Health Services
RBC Legal Entity,2021/08/18,4586638,256232,MMCG (2) LIMITED,PS Acquired Nursing,2900,Purchased Care,Third Party Supplier,STANDARD,5773,JAAA-Directorate of Social Care and Health Services
RBC Legal Entity,2021/08/18,4586640,256232,MMCG (2) LIMITED,PS Acquired Nursing,2900,Purchased Care,Third Party Supplier,STANDARD,5773,JAAA-Directorate of Social Care and Health Services
RBC Legal Entity,2021/08/18,4586642,256232,MMCG (2) LIMITED,PS Acquired Residential,2900,Purchased Care,Third Party Supplier,STANDARD,5772,JAAA-Directorate of Social Care and Health Services
RBC Legal Entity,2021/08/18,4586643,256232,MMCG (2) LIMITED,PS Acquired Nursing,3400,Purchased Care,Third Party Supplier,STANDARD,5773,JAAA-Directorate of Social Care and Health Services
RBC Legal Entity,2021/08/18,4586655,256232,MMCG (2) LIMITED,M&C Acquired Nursing,40000,Purchased Care,Third Party Supplier,STANDARD,5753,JAAA-Directorate of Social Care and Health Services
RBC Legal Entity,2021/08/18,4586655,256232,MMCG (2) LIMITED,M&C Acquired Nursing,73164,Free Nursing Care,Third Party Supplier,STANDARD,5753,JAAA-Directorate of Social Care and Health Services
RBC Legal Entity,2021/08/18,4586658,256232,MMCG (2) LIMITED,Mental Health Nursing,1224,Purchased Care,Third Party Supplier,STANDARD,5733,JAAA-Directorate of Social Care and Health Services
RBC Legal Entity,2021/08/18,4586664,256232,MMCG (2) LIMITED,Mental Health Nursing,3060,Purchased Care,Third Party Supplier,STANDARD,5733,JAAA-Directorate of Social Care and Health Services
RBC Legal Entity,2021/08/18,4586666,256232,MMCG (2) LIMITED,Mental Health Nursing,2035.92,Purchased Care,Third Party Supplier,STANDARD,5733,JAAA-Directorate of Social Care and Health Services
RBC Legal Entity,2021/08/18,4586667,256232,MMCG (2) LIMITED,PS Acquired Nursing,2958,Purchased Care,Third Party Supplier,STANDARD,5773,JAAA-Directorate of Social Care and Health Services
RBC Legal Entity,2021/08/18,4586669,256232,MMCG (2) LIMITED,PS Acquired Nursing,1996,Purchased Care,Third Party Supplier,STANDARD,5773,JAAA-Directorate of Social Care and Health Services
RBC Legal Entity,2021/08/18,4586670,256232,MMCG (2) LIMITED,PS Acquired Nursing,2900,Purchased Care,Third Party Supplier,STANDARD,5773,JAAA-Directorate of Social Care and Health Services
RBC Legal Entity,2021/08/18,4586671,256232,MMCG (2) LIMITED,PS Acquired Nursing,4800,Purchased Care,Third Party Supplier,STANDARD,5773,JAAA-Directorate of Social Care and Health Services
RBC Legal Entity,2021/08/18,4586672,256232,MMCG (2) LIMITED,PS Acquired Nursing,2900,Purchased Care,Third Party Supplier,STANDARD,5773,JAAA-Directorate of Social Care and Health Services
RBC Legal Entity,2021/08/18,4586674,256232,MMCG (2) LIMITED,PS Acquired Nursing,2900,Purchased Care,Third Party Supplier,STANDARD,5773,JAAA-Directorate of Social Care and Health Services
RBC Legal Entity,2021/08/18,4586678,256232,MMCG (2) LIMITED,PS Acquired Nursing,-2692.86,Purchased Care,Third Party Supplier,CREDIT,5773,JAAA-Directorate of Social Care and Health Services
RBC Legal Entity,2021/08/18,4586679,256232,MMCG (2) LIMITED,PS Acquired Nursing,3400,Purchased Care,Third Party Supplier,STANDARD,5773,JAAA-Directorate of Social Care and Health Services
RBC Legal Entity,2021/08/18,4586681,256232,MMCG (2) LIMITED,PS Acquired Nursing,-6071.43,Purchased Care,Third Party Supplier,CREDIT,5773,JAAA-Directorate of Social Care and Health Services
RBC Legal Entity,2021/08/18,4586682,256232,MMCG (2) LIMITED,PS Acquired Residential,3400,Purchased Care,Third Party Supplier,STANDARD,5772,JAAA-Directorate of Social Care and Health Services
RBC Legal Entity,2021/08/18,4586290,256233,PAYCOLL PAYROLL,LD Community Services,537.6,Purchased Care,Third Party Supplier,STANDARD,5741,JAAA-Directorate of Social Care and Health Services
RBC Legal Entity,2021/08/18,4586459,256234,MANORHEY CARE CENTRE,Mental Health Residential,3806.64,Purchased Care,SUPPLIER,STANDARD,5732,JAAA-Directorate of Social Care and Health Services
RBC Legal Entity,2021/08/18,4586333,256237,HEREWARDS HOUSE LTD,Mental Health Residential,1326,Purchased Care,SUPPLIER,STANDARD,5732,JAAA-Directorate of Social Care and Health Services
RBC Legal Entity,2021/08/18,4586334,256239,AUTUMN DAYS CARE LIMITED T/A ROSEDALE RETIREMENT HOME,M&C Acquired Residential,2652,Purchased Care,SUPPLIER,STANDARD,5752,JAAA-Directorate of Social Care and Health Services
RBC Legal Entity,2021/08/19,4584204,256241,BIDVEST FOODSERVICE (BIDFOOD),Hexagon Catering,7.9,Purchases - Stock Provisions,SUPPLIER,STANDARD,1241,KAAA-Directorate of Economic Growth and Neighbourhood Services
RBC Legal Entity,2021/08/19,4584204,256241,BIDVEST FOODSERVICE (BIDFOOD),Hexagon Catering,1982.75,Purchases - Stock Provisions,SUPPLIER,STANDARD,1241,KAAA-Directorate of Economic Growth and Neighbourhood Services
RBC Legal Entity,2021/08/19,4587508,256242,WSP UK LTD,Strategic Transport & Concessionary Fares,6894.07,TPP to Others,SUPPLIER,STANDARD,4726,KAAA-Directorate of Economic Growth and Neighbourhood Services
RBC Legal Entity,2021/08/19,4585146,256244,LAPLACE BUILDING SOLUTIONS (SOUTH) LIMITED,Corporate Maintenance Services,120,Leasing Costs,SUB-CONTRACTOR,STANDARD,4080,KAAA-Directorate of Economic Growth and Neighbourhood Services
RBC Legal Entity,2021/08/19,4585146,256244,LAPLACE BUILDING SOLUTIONS (SOUTH) LIMITED,Corporate Maintenance Services,365,Leasing Costs,SUB-CONTRACTOR,STANDARD,4080,KAAA-Directorate of Economic Growth and Neighbourhood Services
RBC Legal Entity,2021/08/19,4582165,256247,SSE CONTRACTING LIMITED,Local Safety Schemes,1364.48,External Fees  Surveyors,SUB-CONTRACTOR,STANDARD,8852,ZZZC-Capital
RBC Legal Entity,2021/08/19,4582165,256247,SSE CONTRACTING LIMITED,Local Safety Schemes,12897.56,External Fees  Surveyors,SUB-CONTRACTOR,STANDARD,8852,ZZZC-Capital
RBC Legal Entity,2021/08/19,4587320,256249,BERKSHIRE METALS,Planned Maintenance Trades,705,Materials Direct,Third Party Supplier,STANDARD,4040,KAAA-Directorate of Economic Growth and Neighbourhood Services
RBC Legal Entity,2021/08/19,4581890,256251,AMBLEGLOW,Environmental Protection,25,Publicity & Media Work,Third Party Supplier,STANDARD,4611,KAAA-Directorate of Economic Growth and Neighbourhood Services
RBC Legal Entity,2021/08/19,4581890,256251,AMBLEGLOW,Environmental Protection,776,Publicity & Media Work,Third Party Supplier,STANDARD,4611,KAAA-Directorate of Economic Growth and Neighbourhood Services
RBC Legal Entity,2021/08/19,4584179,256253,COMMUNICARE (READING),ASC Voluntary Grants,4836.5,GrantsVolunt.Organ.,SUPPLIER,STANDARD,5300,JAAA-Directorate of Social Care and Health Services
RBC Legal Entity,2021/08/19,4584180,256253,COMMUNICARE (READING),ASC Voluntary Grants,937.5,GrantsVolunt.Organ.,SUPPLIER,STANDARD,5300,JAAA-Directorate of Social Care and Health Services
RBC Legal Entity,2021/08/19,4582427,256257,OXFORD CITY COUNCIL,Planning,600,Subscriptions,SUPPLIER,STANDARD,4700,KAAA-Directorate of Economic Growth and Neighbourhood Services
RBC Legal Entity,2021/08/19,4585249,256258,ENVIRONMENT AGENCY,Bridge Maintenance,501.25,Contractors,SUPPLIER,STANDARD,8873,ZZZC-Capital
RBC Legal Entity,2021/08/19,4585137,256260,LIGHTSAVE LTD T/A FULLER READ,Corporate Maintenance Services,17.8,Materials Direct,SUPPLIER,STANDARD,4080,KAAA-Directorate of Economic Growth and Neighbourhood Services
RBC Legal Entity,2021/08/19,4585137,256260,LIGHTSAVE LTD T/A FULLER READ,Corporate Maintenance Services,253.4,Materials Direct,SUPPLIER,STANDARD,4080,KAAA-Directorate of Economic Growth and Neighbourhood Services
RBC Legal Entity,2021/08/19,4585137,256260,LIGHTSAVE LTD T/A FULLER READ,Corporate Maintenance Services,253.4,Materials Direct,SUPPLIER,STANDARD,4080,KAAA-Directorate of Economic Growth and Neighbourhood Services
RBC Legal Entity,2021/08/19,4585163,256261,M & B ELECTRICAL SERVICES,Plaza West,4460,Equipment,SUB-CONTRACTOR,STANDARD,8626,ZZZC-Capital
RBC Legal Entity,2021/08/19,4587497,256262,UBIQUS,JLT Disbursements,443.2,Misc. Legal Expenses,SUPPLIER,STANDARD,2407,LAAA-Directorate of Resources
RBC Legal Entity,2021/08/19,4587492,256263,RNR PROPERTIES LTD,Housing Advice,1323.3,Responsive Repairs,SUPPLIER,STANDARD,5820,KAAA-Directorate of Economic Growth and Neighbourhood Services
RBC Legal Entity,2021/08/19,4583587,256266,SIMON MILLER,JLT Disbursements,60,Misc. Legal Expenses,SUPPLIER,STANDARD,2407,LAAA-Directorate of Resources
RBC Legal Entity,2021/08/19,4583587,256266,SIMON MILLER,JLT Disbursements,650,Misc. Legal Expenses,SUPPLIER,STANDARD,2407,LAAA-Directorate of Resources
RBC Legal Entity,2021/08/19,4583587,256266,SIMON MILLER,JLT Disbursements,650,Misc. Legal Expenses,SUPPLIER,STANDARD,2407,LAAA-Directorate of Resources
RBC Legal Entity,2021/08/19,4583587,256266,SIMON MILLER,JLT Disbursements,650,Misc. Legal Expenses,SUPPLIER,STANDARD,2407,LAAA-Directorate of Resources
RBC Legal Entity,2021/08/19,4583587,256266,SIMON MILLER,JLT Disbursements,650,Misc. Legal Expenses,SUPPLIER,STANDARD,2407,LAAA-Directorate of Resources
RBC Legal Entity,2021/08/19,4583587,256266,SIMON MILLER,JLT Disbursements,650,Misc. Legal Expenses,SUPPLIER,STANDARD,2407,LAAA-Directorate of Resources
RBC Legal Entity,2021/08/19,4583587,256266,SIMON MILLER,JLT Disbursements,650,Misc. Legal Expenses,SUPPLIER,STANDARD,2407,LAAA-Directorate of Resources
RBC Legal Entity,2021/08/19,4583587,256266,SIMON MILLER,JLT Disbursements,1440,Misc. Legal Expenses,SUPPLIER,STANDARD,2407,LAAA-Directorate of Resources
RBC Legal Entity,2021/08/19,4583587,256266,SIMON MILLER,JLT Disbursements,2500,Misc. Legal Expenses,SUPPLIER,STANDARD,2407,LAAA-Directorate of Resources
RBC Legal Entity,2021/08/19,4585231,256269,MARTIN REYNOLDS CONSTRUCTION,Thameside Primary,7473,External Fees  Misc.,SUB-CONTRACTOR,STANDARD,8231,ZZZC-Capital
RBC Legal Entity,2021/08/19,4584038,256270,IMPERIAL COLLEGE PROJECTS LTD,Coroner,25,Medical Fees,SUPPLIER,STANDARD,4605,KAAA-Directorate of Economic Growth and Neighbourhood Services
RBC Legal Entity,2021/08/19,4584038,256270,IMPERIAL COLLEGE PROJECTS LTD,Coroner,55,Medical Fees,SUPPLIER,STANDARD,4605,KAAA-Directorate of Economic Growth and Neighbourhood Services
RBC Legal Entity,2021/08/19,4584038,256270,IMPERIAL COLLEGE PROJECTS LTD,Coroner,55,Medical Fees,SUPPLIER,STANDARD,4605,KAAA-Directorate of Economic Growth and Neighbourhood Services
RBC Legal Entity,2021/08/19,4584038,256270,IMPERIAL COLLEGE PROJECTS LTD,Coroner,155,Medical Fees,SUPPLIER,STANDARD,4605,KAAA-Directorate of Economic Growth and Neighbourhood Services
RBC Legal Entity,2021/08/19,4584038,256270,IMPERIAL COLLEGE PROJECTS LTD,Coroner,200,Medical Fees,SUPPLIER,STANDARD,4605,KAAA-Directorate of Economic Growth and Neighbourhood Services
RBC Legal Entity,2021/08/19,4584038,256270,IMPERIAL COLLEGE PROJECTS LTD,Coroner,210,Medical Fees,SUPPLIER,STANDARD,4605,KAAA-Directorate of Economic Growth and Neighbourhood Services
RBC Legal Entity,2021/08/19,4583948,256271,REALCARE+ LIMITED,PS Acquired Community Services,608,Purchased Care,Third Party Supplier,STANDARD,5771,JAAA-Directorate of Social Care and Health Services
RBC Legal Entity,2021/08/19,4577073,256274,READING HAMPSHIRE PROPERTY PARTNERSHIP LIMITED,Meadway development,481.05,External Fees  Misc.,Third Party Supplier,STANDARD,8262,ZZZC-Capital
RBC Legal Entity,2021/08/19,4577073,256274,READING HAMPSHIRE PROPERTY PARTNERSHIP LIMITED,Meadway development,481.05,External Fees  Misc.,Third Party Supplier,STANDARD,8262,ZZZC-Capital
RBC Legal Entity,2021/08/19,4577073,256274,READING HAMPSHIRE PROPERTY PARTNERSHIP LIMITED,E P Collier Primary,1124.27,External Fees  Misc.,Third Party Supplier,STANDARD,8213,ZZZC-Capital
RBC Legal Entity,2021/08/19,4577073,256274,READING HAMPSHIRE PROPERTY PARTNERSHIP LIMITED,E P Collier Primary,1124.27,External Fees  Misc.,Third Party Supplier,STANDARD,8213,ZZZC-Capital
RBC Legal Entity,2021/08/19,4577073,256274,READING HAMPSHIRE PROPERTY PARTNERSHIP LIMITED,The Hill Primary,1180.38,External Fees  Misc.,Third Party Supplier,STANDARD,8218,ZZZC-Capital
RBC Legal Entity,2021/08/19,4577073,256274,READING HAMPSHIRE PROPERTY PARTNERSHIP LIMITED,The Hill Primary,1180.38,External Fees  Misc.,Third Party Supplier,STANDARD,8218,ZZZC-Capital
RBC Legal Entity,2021/08/19,4577073,256274,READING HAMPSHIRE PROPERTY PARTNERSHIP LIMITED,Park Lane Primary,1304.95,External Fees  Misc.,Third Party Supplier,STANDARD,8225,ZZZC-Capital
RBC Legal Entity,2021/08/19,4577073,256274,READING HAMPSHIRE PROPERTY PARTNERSHIP LIMITED,Park Lane Primary,1304.96,External Fees  Misc.,Third Party Supplier,STANDARD,8225,ZZZC-Capital
RBC Legal Entity,2021/08/19,4577073,256274,READING HAMPSHIRE PROPERTY PARTNERSHIP LIMITED,Meadway development,1383.71,External Fees  Misc.,Third Party Supplier,STANDARD,8262,ZZZC-Capital
RBC Legal Entity,2021/08/19,4577073,256274,READING HAMPSHIRE PROPERTY PARTNERSHIP LIMITED,Moorlands Primary,1383.72,External Fees  Misc.,Third Party Supplier,STANDARD,8222,ZZZC-Capital
RBC Legal Entity,2021/08/19,4577073,256274,READING HAMPSHIRE PROPERTY PARTNERSHIP LIMITED,Coley Primary,1478.95,External Fees  Misc.,Third Party Supplier,STANDARD,8212,ZZZC-Capital
RBC Legal Entity,2021/08/19,4577073,256274,READING HAMPSHIRE PROPERTY PARTNERSHIP LIMITED,Coley Primary,1478.95,External Fees  Misc.,Third Party Supplier,STANDARD,8212,ZZZC-Capital
RBC Legal Entity,2021/08/19,4577073,256274,READING HAMPSHIRE PROPERTY PARTNERSHIP LIMITED,Thameside Primary,2238.23,External Fees  Misc.,Third Party Supplier,STANDARD,8231,ZZZC-Capital
RBC Legal Entity,2021/08/19,4577073,256274,READING HAMPSHIRE PROPERTY PARTNERSHIP LIMITED,Thameside Primary,2238.23,External Fees  Misc.,Third Party Supplier,STANDARD,8231,ZZZC-Capital
RBC Legal Entity,2021/08/19,4577073,256274,READING HAMPSHIRE PROPERTY PARTNERSHIP LIMITED,Redlands Primary,2400.91,External Fees  Misc.,Third Party Supplier,STANDARD,8227,ZZZC-Capital
RBC Legal Entity,2021/08/19,4577073,256274,READING HAMPSHIRE PROPERTY PARTNERSHIP LIMITED,Redlands Primary,2400.91,External Fees  Misc.,Third Party Supplier,STANDARD,8227,ZZZC-Capital
RBC Legal Entity,2021/08/19,4577073,256274,READING HAMPSHIRE PROPERTY PARTNERSHIP LIMITED,Wilson Primary,4739.01,External Fees  Misc.,Third Party Supplier,STANDARD,8235,ZZZC-Capital
RBC Legal Entity,2021/08/19,4577073,256274,READING HAMPSHIRE PROPERTY PARTNERSHIP LIMITED,Wilson Primary,4739.02,External Fees  Misc.,Third Party Supplier,STANDARD,8235,ZZZC-Capital
RBC Legal Entity,2021/08/19,4581015,256274,READING HAMPSHIRE PROPERTY PARTNERSHIP LIMITED,Blessed Hugh Farringdon,16.26,External Fees  Misc.,Third Party Supplier,STANDARD,8260,ZZZC-Capital
RBC Legal Entity,2021/08/19,4581015,256274,READING HAMPSHIRE PROPERTY PARTNERSHIP LIMITED,Multi_School Expenditure,18,External Fees  Misc.,Third Party Supplier,STANDARD,8200,ZZZC-Capital
RBC Legal Entity,2021/08/19,4581015,256274,READING HAMPSHIRE PROPERTY PARTNERSHIP LIMITED,Multi_School Expenditure,19.75,External Fees  Misc.,Third Party Supplier,STANDARD,8200,ZZZC-Capital
RBC Legal Entity,2021/08/19,4581015,256274,READING HAMPSHIRE PROPERTY PARTNERSHIP LIMITED,Katesgrove Primary,81.4,External Fees  Misc.,Third Party Supplier,STANDARD,8219,ZZZC-Capital
RBC Legal Entity,2021/08/19,4581015,256274,READING HAMPSHIRE PROPERTY PARTNERSHIP LIMITED,Alfred Sutton Primary,88.18,External Fees  Misc.,Third Party Supplier,STANDARD,8207,ZZZC-Capital
RBC Legal Entity,2021/08/19,4581015,256274,READING HAMPSHIRE PROPERTY PARTNERSHIP LIMITED,Alfred Sutton Primary,212.64,External Fees  Misc.,Third Party Supplier,STANDARD,8207,ZZZC-Capital
RBC Legal Entity,2021/08/19,4581015,256274,READING HAMPSHIRE PROPERTY PARTNERSHIP LIMITED,Newbridge Nursery,384.94,External Fees  Misc.,Third Party Supplier,STANDARD,8249,ZZZC-Capital
RBC Legal Entity,2021/08/19,4581015,256274,READING HAMPSHIRE PROPERTY PARTNERSHIP LIMITED,Manor Primary,453.91,External Fees  Misc.,Third Party Supplier,STANDARD,8220,ZZZC-Capital
RBC Legal Entity,2021/08/19,4581015,256274,READING HAMPSHIRE PROPERTY PARTNERSHIP LIMITED,Oxford Road Primary,531.15,External Fees  Misc.,Third Party Supplier,STANDARD,8224,ZZZC-Capital
RBC Legal Entity,2021/08/19,4581015,256274,READING HAMPSHIRE PROPERTY PARTNERSHIP LIMITED,Coley Primary,531.15,External Fees  Misc.,Third Party Supplier,STANDARD,8212,ZZZC-Capital
RBC Legal Entity,2021/08/19,4581015,256274,READING HAMPSHIRE PROPERTY PARTNERSHIP LIMITED,St Michael's Primary,618.9,External Fees  Misc.,Third Party Supplier,STANDARD,8230,ZZZC-Capital
RBC Legal Entity,2021/08/19,4581015,256274,READING HAMPSHIRE PROPERTY PARTNERSHIP LIMITED,The Hill Primary,695.9,External Fees  Misc.,Third Party Supplier,STANDARD,8218,ZZZC-Capital
RBC Legal Entity,2021/08/19,4581015,256274,READING HAMPSHIRE PROPERTY PARTNERSHIP LIMITED,Park Lane Primary,825.8,External Fees  Misc.,Third Party Supplier,STANDARD,8225,ZZZC-Capital
RBC Legal Entity,2021/08/19,4581015,256274,READING HAMPSHIRE PROPERTY PARTNERSHIP LIMITED,Multi_School Expenditure,944.54,External Fees  Misc.,Third Party Supplier,STANDARD,8200,ZZZC-Capital
RBC Legal Entity,2021/08/19,4581015,256274,READING HAMPSHIRE PROPERTY PARTNERSHIP LIMITED,Building Schools for the Future,1036.1,External Fees  Misc.,Third Party Supplier,STANDARD,8292,ZZZC-Capital
RBC Legal Entity,2021/08/19,4581015,256274,READING HAMPSHIRE PROPERTY PARTNERSHIP LIMITED,Blessed Hugh Farringdon,1103.57,External Fees  Misc.,Third Party Supplier,STANDARD,8260,ZZZC-Capital
RBC Legal Entity,2021/08/19,4581015,256274,READING HAMPSHIRE PROPERTY PARTNERSHIP LIMITED,E P Collier Primary,1487.5,External Fees  Misc.,Third Party Supplier,STANDARD,8213,ZZZC-Capital
RBC Legal Entity,2021/08/19,4581015,256274,READING HAMPSHIRE PROPERTY PARTNERSHIP LIMITED,Katesgrove Primary,1794.71,External Fees  Misc.,Third Party Supplier,STANDARD,8219,ZZZC-Capital
RBC Legal Entity,2021/08/19,4581015,256274,READING HAMPSHIRE PROPERTY PARTNERSHIP LIMITED,Multi_School Expenditure,9834.33,External Fees  Misc.,Third Party Supplier,STANDARD,8200,ZZZC-Capital
RBC Legal Entity,2021/08/19,4581015,256274,READING HAMPSHIRE PROPERTY PARTNERSHIP LIMITED,Phoenix College (Reading Alternative),10022.49,External Fees  Misc.,Third Party Supplier,STANDARD,8264,ZZZC-Capital
RBC Legal Entity,2021/08/19,4582750,256276,DNA LEGAL LTD,JLT Disbursements,95,Misc. Legal Expenses,SUPPLIER,STANDARD,2407,LAAA-Directorate of Resources
RBC Legal Entity,2021/08/19,4582750,256276,DNA LEGAL LTD,JLT Disbursements,108,Misc. Legal Expenses,SUPPLIER,STANDARD,2407,LAAA-Directorate of Resources
RBC Legal Entity,2021/08/19,4582750,256276,DNA LEGAL LTD,JLT Disbursements,149,Misc. Legal Expenses,SUPPLIER,STANDARD,2407,LAAA-Directorate of Resources
RBC Legal Entity,2021/08/19,4582750,256276,DNA LEGAL LTD,JLT Disbursements,165,Misc. Legal Expenses,SUPPLIER,STANDARD,2407,LAAA-Directorate of Resources
RBC Legal Entity,2021/08/19,4582750,256276,DNA LEGAL LTD,JLT Disbursements,349,Misc. Legal Expenses,SUPPLIER,STANDARD,2407,LAAA-Directorate of Resources
RBC Legal Entity,2021/08/19,4582750,256276,DNA LEGAL LTD,JLT Disbursements,885,Misc. Legal Expenses,SUPPLIER,STANDARD,2407,LAAA-Directorate of Resources
RBC Legal Entity,2021/08/19,4585236,256276,DNA LEGAL LTD,JLT Disbursements,479,Misc. Legal Expenses,SUPPLIER,STANDARD,2407,LAAA-Directorate of Resources
RBC Legal Entity,2021/08/19,4585240,256276,DNA LEGAL LTD,JLT Disbursements,95,Misc. Legal Expenses,SUPPLIER,STANDARD,2407,LAAA-Directorate of Resources
RBC Legal Entity,2021/08/19,4585240,256276,DNA LEGAL LTD,JLT Disbursements,108,Misc. Legal Expenses,SUPPLIER,STANDARD,2407,LAAA-Directorate of Resources
RBC Legal Entity,2021/08/19,4585240,256276,DNA LEGAL LTD,JLT Disbursements,297,Misc. Legal Expenses,SUPPLIER,STANDARD,2407,LAAA-Directorate of Resources
RBC Legal Entity,2021/08/19,4582968,256277,EMMA GATLAND,JLT Disbursements,600,Misc. Legal Expenses,SUPPLIER,STANDARD,2407,LAAA-Directorate of Resources
RBC Legal Entity,2021/08/19,4582437,256278,UNIVERSITY HOSPITAL SOUTHAMPTON NHS FT,Coroner,634.17,Medical Fees,Third Party Supplier,STANDARD,4605,KAAA-Directorate of Economic Growth and Neighbourhood Services
RBC Legal Entity,2021/08/19,4581896,256279,BK SAFETY & WORKWEAR LTD,Highways,2917.8,Protective Clothing,SUPPLIER,STANDARD,4252,KAAA-Directorate of Economic Growth and Neighbourhood Services
RBC Legal Entity,2021/08/19,4581032,256280,DEELAND LTD T/A SERVICEMASTER,Void Property Management,543.11,Office Cleaning,SUPPLIER,STANDARD,5921,HAAA-Housing Revenue Account
RBC Legal Entity,2021/08/19,4581034,256280,DEELAND LTD T/A SERVICEMASTER,Void Property Management,786.96,Office Cleaning,SUPPLIER,STANDARD,5921,HAAA-Housing Revenue Account
RBC Legal Entity,2021/08/19,4581038,256280,DEELAND LTD T/A SERVICEMASTER,Void Property Management,666.15,Office Cleaning,SUPPLIER,STANDARD,5921,HAAA-Housing Revenue Account
RBC Legal Entity,2021/08/19,4581042,256280,DEELAND LTD T/A SERVICEMASTER,Single Homelessness Grants,424.42,Preventive+SupportiveServ,SUPPLIER,STANDARD,5860,KAAA-Directorate of Economic Growth and Neighbourhood Services
RBC Legal Entity,2021/08/19,4581043,256280,DEELAND LTD T/A SERVICEMASTER,Void Property Management,426.11,Office Cleaning,SUPPLIER,STANDARD,5921,HAAA-Housing Revenue Account
RBC Legal Entity,2021/08/19,4587285,256281,ONE53 LIMITED,Safeguarding Adults,1071,Professional Fees,SUPPLIER,STANDARD,5158,JAAA-Directorate of Social Care and Health Services
RBC Legal Entity,2021/08/19,4583999,256283,DR MAUREEN NUVOLONI,Safeguarding Adults,540,Professional Fees,SUPPLIER,STANDARD,5158,JAAA-Directorate of Social Care and Health Services
RBC Legal Entity,2021/08/19,4584701,256284,MODUS CONSTRUCTION LTD,Corporate Maintenance Services,651.5,Leasing Costs,SUB-CONTRACTOR,STANDARD,4080,KAAA-Directorate of Economic Growth and Neighbourhood Services
RBC Legal Entity,2021/08/19,4584716,256284,MODUS CONSTRUCTION LTD,Corporate Maintenance Services,520,Leasing Costs,SUB-CONTRACTOR,STANDARD,4080,KAAA-Directorate of Economic Growth and Neighbourhood Services
RBC Legal Entity,2021/08/19,4582967,256285,TOM TABORI,JLT Disbursements,240,Misc. Legal Expenses,SUPPLIER,STANDARD,2407,LAAA-Directorate of Resources
RBC Legal Entity,2021/08/19,4582967,256285,TOM TABORI,JLT Disbursements,1200,Misc. Legal Expenses,SUPPLIER,STANDARD,2407,LAAA-Directorate of Resources
RBC Legal Entity,2021/08/19,4585003,256286,MY HOMECARE (READING AND BRACKNELL) LTD,PS Acquired Community Services,2897.5,Purchased Care,Third Party Supplier,STANDARD,5771,JAAA-Directorate of Social Care and Health Services
RBC Legal Entity,2021/08/19,4585004,256286,MY HOMECARE (READING AND BRACKNELL) LTD,PS Acquired Community Services,1216,Purchased Care,Third Party Supplier,STANDARD,5771,JAAA-Directorate of Social Care and Health Services
RBC Legal Entity,2021/08/19,4585005,256286,MY HOMECARE (READING AND BRACKNELL) LTD,PS Acquired Community Services,574.75,Purchased Care,Third Party Supplier,STANDARD,5771,JAAA-Directorate of Social Care and Health Services
RBC Legal Entity,2021/08/19,4585006,256286,MY HOMECARE (READING AND BRACKNELL) LTD,PS Acquired Community Services,2422.5,Purchased Care,Third Party Supplier,STANDARD,5771,JAAA-Directorate of Social Care and Health Services
RBC Legal Entity,2021/08/19,4585007,256286,MY HOMECARE (READING AND BRACKNELL) LTD,PS Acquired Community Services,2660,Purchased Care,Third Party Supplier,STANDARD,5771,JAAA-Directorate of Social Care and Health Services
RBC Legal Entity,2021/08/19,4587495,256287,JUAN D'COSTA,Housing Advice,1017.83,Responsive Repairs,SUPPLIER,STANDARD,5820,KAAA-Directorate of Economic Growth and Neighbourhood Services
RBC Legal Entity,2021/08/19,4582760,256288,CORINNE BEATRICE ITEN,JLT Disbursements,836.67,Misc. Legal Expenses,SUPPLIER,STANDARD,2407,LAAA-Directorate of Resources
RBC Legal Entity,2021/08/19,4582090,256289,ALLIED PUBLICITY SERVICES,PS Acquired Other Services,521.68,Printing + Duplicating,Third Party Supplier,STANDARD,5774,JAAA-Directorate of Social Care and Health Services
RBC Legal Entity,2021/08/19,4587324,256290,SANDERSON WEATHERALL LLP,Corporate Miscellaneous,4200,Professional Fees,SUPPLIER,STANDARD,2855,MAAA-Corporate Codes
RBC Legal Entity,2021/08/19,4585697,256291,ERIF (UK) LIMITED,Repairs,2205,Fire Protection,SUPPLIER,STANDARD,5970,HAAA-Housing Revenue Account
RBC Legal Entity,2021/08/19,4582834,256294,AMBER ATHILL,Legal Services,137.5,Misc. Legal Expenses,SUPPLIER,STANDARD,2400,LAAA-Directorate of Resources
RBC Legal Entity,2021/08/19,4582834,256294,AMBER ATHILL,Legal Services,600,Misc. Legal Expenses,SUPPLIER,STANDARD,2400,LAAA-Directorate of Resources
RBC Legal Entity,2021/08/19,4587494,256295,MITCHELL AND BRADLEY PROPERTIES LTD,Housing Advice,538.5,Responsive Repairs,SUPPLIER,STANDARD,5820,KAAA-Directorate of Economic Growth and Neighbourhood Services
RBC Legal Entity,2021/08/19,4581893,256297,STANTEC UK LIMITED,LEP Projects,12600,Contractors,Third Party Supplier,STANDARD,8806,ZZZC-Capital
RBC Legal Entity,2021/08/19,4581894,256297,STANTEC UK LIMITED,LEP Projects,10150,Contractors,Third Party Supplier,STANDARD,8806,ZZZC-Capital
RBC Legal Entity,2021/08/19,4582775,256299,AL LAW ASSOCIATES,JLT Disbursements,215,Misc. Legal Expenses,Third Party Supplier,STANDARD,2407,LAAA-Directorate of Resources
RBC Legal Entity,2021/08/19,4582775,256299,AL LAW ASSOCIATES,JLT Disbursements,476,Misc. Legal Expenses,Third Party Supplier,STANDARD,2407,LAAA-Directorate of Resources
RBC Legal Entity,2021/08/19,4587483,256300,INTEGRATED SERVICES PROGRAMME,LD Community Services,814.32,Purchased Care,Third Party Supplier,STANDARD,5741,JAAA-Directorate of Social Care and Health Services
RBC Legal Entity,2021/08/19,4587484,256300,INTEGRATED SERVICES PROGRAMME,LD Community Services,814.32,Purchased Care,Third Party Supplier,STANDARD,5741,JAAA-Directorate of Social Care and Health Services
RBC Legal Entity,2021/08/19,4587485,256300,INTEGRATED SERVICES PROGRAMME,LD Community Services,1941.84,Purchased Care,Third Party Supplier,STANDARD,5741,JAAA-Directorate of Social Care and Health Services
RBC Legal Entity,2021/08/19,4587486,256300,INTEGRATED SERVICES PROGRAMME,LD Community Services,1879.2,Purchased Care,Third Party Supplier,STANDARD,5741,JAAA-Directorate of Social Care and Health Services
RBC Legal Entity,2021/08/19,4587487,256300,INTEGRATED SERVICES PROGRAMME,LD Community Services,1941.84,Purchased Care,Third Party Supplier,STANDARD,5741,JAAA-Directorate of Social Care and Health Services
RBC Legal Entity,2021/08/19,4587488,256300,INTEGRATED SERVICES PROGRAMME,LD Community Services,1879.2,Purchased Care,Third Party Supplier,STANDARD,5741,JAAA-Directorate of Social Care and Health Services
RBC Legal Entity,2021/08/19,4584373,256302,PROFESSOR JANESH GUPTA,JLT Disbursements,3261,Misc. Legal Expenses,INDIVIDUAL,STANDARD,2407,LAAA-Directorate of Resources
RBC Legal Entity,2021/08/20,4584266,256303,GLASRITE LTD,Planned Maintenance Trades,1810,Subcontractors Labour,SUB-CONTRACTOR,STANDARD,4040,KAAA-Directorate of Economic Growth and Neighbourhood Services
RBC Legal Entity,2021/08/20,4584268,256303,GLASRITE LTD,Planned Maintenance Trades,2975,Subcontractors Labour,SUB-CONTRACTOR,STANDARD,4040,KAAA-Directorate of Economic Growth and Neighbourhood Services
RBC Legal Entity,2021/08/20,4584459,256303,GLASRITE LTD,Planned Maintenance Trades,1700,Subcontractors Labour,SUB-CONTRACTOR,STANDARD,4040,KAAA-Directorate of Economic Growth and Neighbourhood Services
RBC Legal Entity,2021/08/20,4585162,256303,GLASRITE LTD,DLO Day to Day Trades,645,Subcontractors Labour,SUB-CONTRACTOR,STANDARD,4010,KAAA-Directorate of Economic Growth and Neighbourhood Services
RBC Legal Entity,2021/08/20,4582426,256304,THE UNIVERSITY OF READING,UTMC / ITS,76666.67,Contractors,Third Party Supplier,STANDARD,8850,ZZZC-Capital
RBC Legal Entity,2021/08/20,4582091,256306,AMBLEGLOW,LEP Projects,1027,Contractors,Third Party Supplier,STANDARD,8806,ZZZC-Capital
RBC Legal Entity,2021/08/20,4582132,256306,AMBLEGLOW,Traffic,698,Traffic Orders,Third Party Supplier,STANDARD,4703,KAAA-Directorate of Economic Growth and Neighbourhood Services
RBC Legal Entity,2021/08/20,4584469,256307,ROWVALE HOTELS LTD T/A BOW GUEST HOUSE,Bed and Breakfast,525,Rents,Third Party Supplier,STANDARD,5871,KAAA-Directorate of Economic Growth and Neighbourhood Services
RBC Legal Entity,2021/08/20,4584473,256307,ROWVALE HOTELS LTD T/A BOW GUEST HOUSE,Bed and Breakfast,525,Rents,Third Party Supplier,STANDARD,5871,KAAA-Directorate of Economic Growth and Neighbourhood Services
RBC Legal Entity,2021/08/20,4584559,256307,ROWVALE HOTELS LTD T/A BOW GUEST HOUSE,Single Homelessness Grants,560,Preventive+SupportiveServ,Third Party Supplier,STANDARD,5860,KAAA-Directorate of Economic Growth and Neighbourhood Services
RBC Legal Entity,2021/08/20,4587553,256310,ZENITH CANOPY STRUCTURES LTD,Events & Engagement,1190,Special Activities,SUPPLIER,STANDARD,2080,EAAA-Chief Executive
RBC Legal Entity,2021/08/20,4581996,256311,GEESINK NORBA LTD,Fleet Management,31247.36,Vehicle Maintenance,SUPPLIER,STANDARD,4552,KAAA-Directorate of Economic Growth and Neighbourhood Services
RBC Legal Entity,2021/08/20,4581983,256313,G B SPORT & LEISURE,Grounds Maintenance,804.04,CPG Maintenance,SUPPLIER,STANDARD,1306,KAAA-Directorate of Economic Growth and Neighbourhood Services
RBC Legal Entity,2021/08/20,4584094,256315,E-MPIRICAL LTD,New Directions,1101.49,PurchaseComputer Equipt,SUPPLIER,STANDARD,3340,KAAA-Directorate of Economic Growth and Neighbourhood Services
RBC Legal Entity,2021/08/20,4582444,256316,DSI BILLING SERVICES LTD,Council Tax & Business Rates,1247.51,Postage Carriage Stamp Duty,SUPPLIER,STANDARD,2250,LAAA-Directorate of Resources
RBC Legal Entity,2021/08/20,4587554,256317,PINEAPPLE CONTRACTS,Mental Health Team,109,Equipment Purchase & Repair,Third Party Supplier,STANDARD,5253,JAAA-Directorate of Social Care and Health Services
RBC Legal Entity,2021/08/20,4587554,256317,PINEAPPLE CONTRACTS,Mental Health Team,4301,Equipment Purchase & Repair,Third Party Supplier,STANDARD,5253,JAAA-Directorate of Social Care and Health Services
RBC Legal Entity,2021/08/20,4587637,256318,HARISH RAICHURA,Housing Advice,918.12,Responsive Repairs,Landlord,STANDARD,5820,KAAA-Directorate of Economic Growth and Neighbourhood Services
RBC Legal Entity,2021/08/20,4582670,256321,AGE UK BERKSHIRE,ASC Voluntary Grants,7285.5,GrantsVolunt.Organ.,SUPPLIER,STANDARD,5300,JAAA-Directorate of Social Care and Health Services
RBC Legal Entity,2021/08/20,4584471,256323,CROWN LODGE GUEST HOUSE,Bed and Breakfast,693,Rents,Third Party Supplier,STANDARD,5871,KAAA-Directorate of Economic Growth and Neighbourhood Services
RBC Legal Entity,2021/08/20,4584477,256323,CROWN LODGE GUEST HOUSE,Bed and Breakfast,665,Rents,Third Party Supplier,STANDARD,5871,KAAA-Directorate of Economic Growth and Neighbourhood Services
RBC Legal Entity,2021/08/20,4584478,256323,CROWN LODGE GUEST HOUSE,Bed and Breakfast,595,Rents,Third Party Supplier,STANDARD,5871,KAAA-Directorate of Economic Growth and Neighbourhood Services
RBC Legal Entity,2021/08/20,4584479,256323,CROWN LODGE GUEST HOUSE,Bed and Breakfast,525,Rents,Third Party Supplier,STANDARD,5871,KAAA-Directorate of Economic Growth and Neighbourhood Services
RBC Legal Entity,2021/08/20,4584563,256323,CROWN LODGE GUEST HOUSE,Single Homelessness Grants,623,Preventive+SupportiveServ,Third Party Supplier,STANDARD,5860,KAAA-Directorate of Economic Growth and Neighbourhood Services
RBC Legal Entity,2021/08/20,4584570,256323,CROWN LODGE GUEST HOUSE,Single Homelessness Grants,595,Preventive+SupportiveServ,Third Party Supplier,STANDARD,5860,KAAA-Directorate of Economic Growth and Neighbourhood Services
RBC Legal Entity,2021/08/20,4585546,256324,MR NICHOLAS GOODWIN,JLT Disbursements,12000,Misc. Legal Expenses,SUPPLIER,STANDARD,2407,LAAA-Directorate of Resources
RBC Legal Entity,2021/08/20,4584046,256327,CORRECT CONTRACT SERVICES LTD,DLO Planned Maintenance Trades,2014.92,Subcontractors Labour,SUB-CONTRACTOR,STANDARD,4030,KAAA-Directorate of Economic Growth and Neighbourhood Services
RBC Legal Entity,2021/08/20,4585241,256330,DNA LEGAL LTD,JLT Disbursements,479,Misc. Legal Expenses,SUPPLIER,STANDARD,2407,LAAA-Directorate of Resources
RBC Legal Entity,2021/08/20,4582761,256331,GARY WILLMOTT,JLT Disbursements,500,Misc. Legal Expenses,Third Party Supplier,STANDARD,2407,LAAA-Directorate of Resources
RBC Legal Entity,2021/08/20,4585156,256332,NATASHA MARCH,JLT Disbursements,750,Misc. Legal Expenses,INDIVIDUAL,STANDARD,2407,LAAA-Directorate of Resources
RBC Legal Entity,2021/08/20,4582380,256333,PENNA PLC,Accountancy,4333.33,Staff Advertising,Third Party Supplier,STANDARD,2200,LAAA-Directorate of Resources
RBC Legal Entity,2021/08/20,4582133,256334,G2 RECRUITMENT SOLUTIONS LTD,Building Control,1150.65,Consultancy Fees,SUPPLIER,STANDARD,4701,KAAA-Directorate of Economic Growth and Neighbourhood Services
RBC Legal Entity,2021/08/20,4582134,256334,G2 RECRUITMENT SOLUTIONS LTD,Building Control,1415.1,Consultancy Fees,SUPPLIER,STANDARD,4701,KAAA-Directorate of Economic Growth and Neighbourhood Services
RBC Legal Entity,2021/08/20,4585009,256338,SYLVIANCARE LTD,PS Acquired Community Services,1520,Purchased Care,Third Party Supplier,STANDARD,5771,JAAA-Directorate of Social Care and Health Services
RBC Legal Entity,2021/08/20,4585011,256338,SYLVIANCARE LTD,PS Acquired Community Services,3699.92,Purchased Care,Third Party Supplier,STANDARD,5771,JAAA-Directorate of Social Care and Health Services
RBC Legal Entity,2021/08/20,4585012,256338,SYLVIANCARE LTD,PS Acquired Community Services,4463.76,Purchased Care,Third Party Supplier,STANDARD,5771,JAAA-Directorate of Social Care and Health Services
RBC Legal Entity,2021/08/20,4585013,256338,SYLVIANCARE LTD,PS Acquired Community Services,1529.5,Purchased Care,Third Party Supplier,STANDARD,5771,JAAA-Directorate of Social Care and Health Services
RBC Legal Entity,2021/08/20,4585014,256338,SYLVIANCARE LTD,PS Acquired Community Services,931,Purchased Care,Third Party Supplier,STANDARD,5771,JAAA-Directorate of Social Care and Health Services
RBC Legal Entity,2021/08/20,4585015,256338,SYLVIANCARE LTD,PS Acquired Community Services,1862,Purchased Care,Third Party Supplier,STANDARD,5771,JAAA-Directorate of Social Care and Health Services
RBC Legal Entity,2021/08/20,4582847,256340,F M CONWAY LTD,Highways,718.8,Materials Direct,SUB-CONTRACTOR,STANDARD,4252,KAAA-Directorate of Economic Growth and Neighbourhood Services
RBC Legal Entity,2021/08/20,4583539,256343,EUROFINS FORENSIC SERVICES LIMITED,Coroner,1219.5,Medical Fees,SUPPLIER,STANDARD,4605,KAAA-Directorate of Economic Growth and Neighbourhood Services
RBC Legal Entity,2021/08/20,4582976,256344,BRONACH GORDON,JLT Disbursements,1500,Misc. Legal Expenses,SUPPLIER,STANDARD,2407,LAAA-Directorate of Resources
RBC Legal Entity,2021/08/20,4582424,256345,BTU (INSTALLATION & MAINTENANCE) LTD,Archives General,665.62,Plant Maintenance,SUB-CONTRACTOR,STANDARD,1256,KAAA-Directorate of Economic Growth and Neighbourhood Services
RBC Legal Entity,2021/08/20,4587602,256346,BUSY BEES BENEFITS LTD,Payroll + Payments A/c,18.79,Holding Code,Third Party Supplier,STANDARD,9823,ZZZB-Balance Sheet
RBC Legal Entity,2021/08/20,4587602,256346,BUSY BEES BENEFITS LTD,Payroll + Payments A/c,7517.07,Holding Code,Third Party Supplier,STANDARD,9823,ZZZB-Balance Sheet
RBC Legal Entity,2021/08/20,4587603,256346,BUSY BEES BENEFITS LTD,Payroll + Payments A/c,-503,Holding Code,Third Party Supplier,CREDIT,9823,ZZZB-Balance Sheet
RBC Legal Entity,2021/08/20,4581980,256347,SIEMENS PLC,Bus Lane Enforcement,5320.72,Other Office Expenses,SUB-CONTRACTOR,STANDARD,4722,KAAA-Directorate of Economic Growth and Neighbourhood Services
RBC Legal Entity,2021/08/20,4582145,256351,FACULTATIEVE TECHNOLOGIES LTD,Crematorium,960,Plant Maintenance,SUPPLIER,STANDARD,4606,LAAA-Directorate of Resources
RBC Legal Entity,2021/08/20,4584987,256352,SALIS CARE LTD,PS Acquired Community Services,4753.56,Purchased Care,SUPPLIER,STANDARD,5771,JAAA-Directorate of Social Care and Health Services
RBC Legal Entity,2021/08/20,4582423,256353,CLOUDBOOKING LIMITED,Corporate FM - Office Buildings,1230,Equipment Purchase & Repair,SUPPLIER,STANDARD,3738,KAAA-Directorate of Economic Growth and Neighbourhood Services
RBC Legal Entity,2021/08/20,4582497,256355,COUSINS BUILDING & REFURBISHMENT LTD,MRA Account,19137.53,Roofs + Structural,SUB-CONTRACTOR,STANDARD,5975,HAAA-Housing Revenue Account
RBC Legal Entity,2021/08/20,4582169,256359,CHARLOTTE HADFIELD,JLT Disbursements,3000,Misc. Legal Expenses,Third Party Supplier,STANDARD,2407,LAAA-Directorate of Resources
RBC Legal Entity,2021/08/20,4581997,256360,NATASHA ROBSON,HSHAZ programme,1000,Professional Fees,Third Party Supplier,STANDARD,1316,KAAA-Directorate of Economic Growth and Neighbourhood Services
RBC Legal Entity,2021/08/20,4582168,256361,MATTHEW WYARD,JLT Disbursements,2000,Misc. Legal Expenses,INDIVIDUAL,STANDARD,2407,LAAA-Directorate of Resources
RBC Legal Entity,2021/08/20,4585141,256363,AMANDA WALLACE,JLT Disbursements,650,Misc. Legal Expenses,INDIVIDUAL,STANDARD,2407,LAAA-Directorate of Resources
RBC Legal Entity,2021/08/20,4582538,256378,FLOWBIRD SMART CITY UK LTD,Parking & Enforcement,64.8,EquiptMaintenanceContract,SUPPLIER,STANDARD,4725,KAAA-Directorate of Economic Growth and Neighbourhood Services
RBC Legal Entity,2021/08/20,4582538,256378,FLOWBIRD SMART CITY UK LTD,Parking & Enforcement,156,EquiptMaintenanceContract,SUPPLIER,STANDARD,4725,KAAA-Directorate of Economic Growth and Neighbourhood Services
RBC Legal Entity,2021/08/20,4582538,256378,FLOWBIRD SMART CITY UK LTD,Parking & Enforcement,429,EquiptMaintenanceContract,SUPPLIER,STANDARD,4725,KAAA-Directorate of Economic Growth and Neighbourhood Services
RBC Legal Entity,2021/08/20,4582135,256379,BERKSHIRE HEALTHCARE NHS TRUST,Public Health Team Costs,837.85,NHS Trusts,Third Party Supplier,STANDARD,2065,JAAA-Directorate of Social Care and Health Services
RBC Legal Entity,2021/08/20,4582131,256406,SUNNYSIDE AUTOS,Fleet Management,1473.78,Unfair Wear + Tear Costs,Third Party Supplier,STANDARD,4552,KAAA-Directorate of Economic Growth and Neighbourhood Services
RBC Legal Entity,2021/08/20,4584567,256407,CHARTWELLS,Kennet Day Nursery,2043.6,Catering/Meeting Expenses,SUPPLIER,STANDARD,3555,LAAA-Directorate of Resources
RBC Legal Entity,2021/08/20,4585723,256408,SMS ENVIRONMENTAL LTD,Corporate Maintenance Services,241.82,TPP  Contract,SUB-CONTRACTOR,STANDARD,4080,KAAA-Directorate of Economic Growth and Neighbourhood Services
RBC Legal Entity,2021/08/20,4585723,256408,SMS ENVIRONMENTAL LTD,Corporate Maintenance Services,508.18,Leasing Costs,SUB-CONTRACTOR,STANDARD,4080,KAAA-Directorate of Economic Growth and Neighbourhood Services
RBC Legal Entity,2021/08/23,4585750,256409,PRESTIGE NETWORK,Customer Services - Reception,2364.65,Translat.+Interpretation,SUPPLIER,STANDARD,2595,LAAA-Directorate of Resources
RBC Legal Entity,2021/08/23,4584320,256410,SANDS SECURITY LTD,Hexagon Operations,504,Security Charges,SUPPLIER,STANDARD,1200,KAAA-Directorate of Economic Growth and Neighbourhood Services
RBC Legal Entity,2021/08/23,4583566,256411,UBIQUS,JLT Disbursements,1920,Misc. Legal Expenses,SUPPLIER,STANDARD,2407,LAAA-Directorate of Resources
RBC Legal Entity,2021/08/23,4582436,256413,OMNIBUS SOLUTIONS LTD,Strategic Transport & Concessionary Fares,2921,TPP to Others,Third Party Supplier,STANDARD,4726,KAAA-Directorate of Economic Growth and Neighbourhood Services
RBC Legal Entity,2021/08/23,4582647,256415,ENQUIN ENVIRONMENTAL LTD,Corporate Offices,994.5,External Fees  Surveyors,SUPPLIER,STANDARD,8602,ZZZC-Capital
RBC Legal Entity,2021/08/23,4582867,256415,ENQUIN ENVIRONMENTAL LTD,Parks + Open Spaces,663.08,External Fees  Surveyors,SUPPLIER,STANDARD,8003,ZZZC-Capital
RBC Legal Entity,2021/08/23,4585233,256417,HAGUE COMPUTER SUPPLIES LTD,Cultural Services Marketing,4395,Publicity & Media Work,SUPPLIER,STANDARD,1235,KAAA-Directorate of Economic Growth and Neighbourhood Services
RBC Legal Entity,2021/08/23,4584167,256418,SIMON MILLER,JLT Disbursements,675,Misc. Legal Expenses,SUPPLIER,STANDARD,2407,LAAA-Directorate of Resources
RBC Legal Entity,2021/08/23,4582800,256419,NSL LIMITED,Special Parking Area,80435.25,Leasing Costs,Third Party Supplier,STANDARD,4724,KAAA-Directorate of Economic Growth and Neighbourhood Services
RBC Legal Entity,2021/08/23,4582802,256419,NSL LIMITED,Special Parking Area,2672,External Legal Services,Third Party Supplier,STANDARD,4724,KAAA-Directorate of Economic Growth and Neighbourhood Services
RBC Legal Entity,2021/08/23,4582802,256419,NSL LIMITED,Bus Lane Enforcement,5552,External Legal Services,Third Party Supplier,STANDARD,4722,KAAA-Directorate of Economic Growth and Neighbourhood Services
RBC Legal Entity,2021/08/23,4582803,256419,NSL LIMITED,Special Parking Area,10418.47,Leasing Costs,Third Party Supplier,STANDARD,4724,KAAA-Directorate of Economic Growth and Neighbourhood Services
RBC Legal Entity,2021/08/23,4584082,256419,NSL LIMITED,Residents Parking,713.35,Postage Carriage Stamp Duty,Third Party Supplier,STANDARD,4723,KAAA-Directorate of Economic Growth and Neighbourhood Services
RBC Legal Entity,2021/08/23,4584082,256419,NSL LIMITED,Residents Parking,753.5,Postage Carriage Stamp Duty,Third Party Supplier,STANDARD,4723,KAAA-Directorate of Economic Growth and Neighbourhood Services
RBC Legal Entity,2021/08/23,4587313,256426,TRAVIS PERKINS TRADING COMPANY LTD,DLO Stock,242.02,Stock Purchase,Third Party Supplier,STANDARD,4002,KAAA-Directorate of Economic Growth and Neighbourhood Services
RBC Legal Entity,2021/08/23,4587313,256426,TRAVIS PERKINS TRADING COMPANY LTD,DLO Stock,598.94,Stock Purchase,Third Party Supplier,STANDARD,4002,KAAA-Directorate of Economic Growth and Neighbourhood Services
RBC Legal Entity,2021/08/23,4587317,256426,TRAVIS PERKINS TRADING COMPANY LTD,DLO Stock,104,Stock Purchase,Third Party Supplier,STANDARD,4002,KAAA-Directorate of Economic Growth and Neighbourhood Services
RBC Legal Entity,2021/08/23,4587317,256426,TRAVIS PERKINS TRADING COMPANY LTD,DLO Stock,82380.74,Stock Purchase,Third Party Supplier,STANDARD,4002,KAAA-Directorate of Economic Growth and Neighbourhood Services
RBC Legal Entity,2021/08/23,4587318,256426,TRAVIS PERKINS TRADING COMPANY LTD,DLO Stock,29843.32,Stock Purchase,Third Party Supplier,STANDARD,4002,KAAA-Directorate of Economic Growth and Neighbourhood Services
RBC Legal Entity,2021/08/23,4587321,256426,TRAVIS PERKINS TRADING COMPANY LTD,DLO Stock,975.19,Stock Purchase,Third Party Supplier,STANDARD,4002,KAAA-Directorate of Economic Growth and Neighbourhood Services
RBC Legal Entity,2021/08/23,4584499,256428,DRAIN & ABLE,Corporate Maintenance Services,740,Leasing Costs,Third Party Supplier,STANDARD,4080,KAAA-Directorate of Economic Growth and Neighbourhood Services
RBC Legal Entity,2021/08/23,4582673,256429,ALLPAY.NET.LIMITED,Rent Accounting,4.63,Credit Card Commission,Third Party Supplier,STANDARD,5950,HAAA-Housing Revenue Account
RBC Legal Entity,2021/08/23,4582673,256429,ALLPAY.NET.LIMITED,Rent Accounting,10,Credit Card Commission,Third Party Supplier,STANDARD,5950,HAAA-Housing Revenue Account
RBC Legal Entity,2021/08/23,4582673,256429,ALLPAY.NET.LIMITED,Rent Accounting,10.89,Credit Card Commission,Third Party Supplier,STANDARD,5950,HAAA-Housing Revenue Account
RBC Legal Entity,2021/08/23,4582673,256429,ALLPAY.NET.LIMITED,Rent Accounting,23.58,Credit Card Commission,Third Party Supplier,STANDARD,5950,HAAA-Housing Revenue Account
RBC Legal Entity,2021/08/23,4582673,256429,ALLPAY.NET.LIMITED,Rent Accounting,56.65,Credit Card Commission,Third Party Supplier,STANDARD,5950,HAAA-Housing Revenue Account
RBC Legal Entity,2021/08/23,4582673,256429,ALLPAY.NET.LIMITED,Rent Accounting,63.94,Credit Card Commission,Third Party Supplier,STANDARD,5950,HAAA-Housing Revenue Account
RBC Legal Entity,2021/08/23,4582673,256429,ALLPAY.NET.LIMITED,Rent Accounting,113.3,Credit Card Commission,Third Party Supplier,STANDARD,5950,HAAA-Housing Revenue Account
RBC Legal Entity,2021/08/23,4582673,256429,ALLPAY.NET.LIMITED,Rent Accounting,714.86,Credit Card Commission,Third Party Supplier,STANDARD,5950,HAAA-Housing Revenue Account
RBC Legal Entity,2021/08/23,4582673,256429,ALLPAY.NET.LIMITED,Rent Accounting,844.6,Credit Card Commission,Third Party Supplier,STANDARD,5950,HAAA-Housing Revenue Account
RBC Legal Entity,2021/08/23,4582699,256429,ALLPAY.NET.LIMITED,Self-serve payments,1172.12,Credit Card Commission,Third Party Supplier,STANDARD,2255,MAAA-Corporate Codes
RBC Legal Entity,2021/08/23,4582702,256429,ALLPAY.NET.LIMITED,Self-serve payments,913.66,Credit Card Commission,Third Party Supplier,STANDARD,2255,MAAA-Corporate Codes
RBC Legal Entity,2021/08/23,4584018,256429,ALLPAY.NET.LIMITED,Personal Budget Support Team,444.03,Stationery  Consumables,Third Party Supplier,STANDARD,5258,JAAA-Directorate of Social Care and Health Services
RBC Legal Entity,2021/08/23,4583572,256430,MR EDWARD KIRKWOOD,JLT Disbursements,735,Misc. Legal Expenses,Third Party Supplier,STANDARD,2407,LAAA-Directorate of Resources
RBC Legal Entity,2021/08/23,4582794,256431,MIRUS PROJECTS LIMITED,Repairs,698,Essential Cyclical Insp. + Mai,SUB-CONTRACTOR,STANDARD,5970,HAAA-Housing Revenue Account
RBC Legal Entity,2021/08/23,4582837,256434,THEBIGWORD INTERPRETING SERVICES LTD,Customer Services - Reception,1617.14,Translat.+Interpretation,SUPPLIER,STANDARD,2595,LAAA-Directorate of Resources
RBC Legal Entity,2021/08/23,4582839,256434,THEBIGWORD INTERPRETING SERVICES LTD,Customer Services - Reception,0.2,Translat.+Interpretation,SUPPLIER,STANDARD,2595,LAAA-Directorate of Resources
RBC Legal Entity,2021/08/23,4582839,256434,THEBIGWORD INTERPRETING SERVICES LTD,Customer Services - Reception,0.89,Translat.+Interpretation,SUPPLIER,STANDARD,2595,LAAA-Directorate of Resources
RBC Legal Entity,2021/08/23,4582839,256434,THEBIGWORD INTERPRETING SERVICES LTD,Customer Services - Reception,1.37,Translat.+Interpretation,SUPPLIER,STANDARD,2595,LAAA-Directorate of Resources
RBC Legal Entity,2021/08/23,4582839,256434,THEBIGWORD INTERPRETING SERVICES LTD,Customer Services - Reception,1.41,Translat.+Interpretation,SUPPLIER,STANDARD,2595,LAAA-Directorate of Resources
RBC Legal Entity,2021/08/23,4582839,256434,THEBIGWORD INTERPRETING SERVICES LTD,Customer Services - Reception,1.6,Translat.+Interpretation,SUPPLIER,STANDARD,2595,LAAA-Directorate of Resources
RBC Legal Entity,2021/08/23,4582839,256434,THEBIGWORD INTERPRETING SERVICES LTD,Customer Services - Reception,1.61,Translat.+Interpretation,SUPPLIER,STANDARD,2595,LAAA-Directorate of Resources
RBC Legal Entity,2021/08/23,4582839,256434,THEBIGWORD INTERPRETING SERVICES LTD,Customer Services - Reception,2.05,Translat.+Interpretation,SUPPLIER,STANDARD,2595,LAAA-Directorate of Resources
RBC Legal Entity,2021/08/23,4582839,256434,THEBIGWORD INTERPRETING SERVICES LTD,Customer Services - Reception,3.44,Translat.+Interpretation,SUPPLIER,STANDARD,2595,LAAA-Directorate of Resources
RBC Legal Entity,2021/08/23,4582839,256434,THEBIGWORD INTERPRETING SERVICES LTD,Customer Services - Reception,3.62,Translat.+Interpretation,SUPPLIER,STANDARD,2595,LAAA-Directorate of Resources
RBC Legal Entity,2021/08/23,4582839,256434,THEBIGWORD INTERPRETING SERVICES LTD,Customer Services - Reception,3.77,Translat.+Interpretation,SUPPLIER,STANDARD,2595,LAAA-Directorate of Resources
RBC Legal Entity,2021/08/23,4582839,256434,THEBIGWORD INTERPRETING SERVICES LTD,Customer Services - Reception,4.67,Translat.+Interpretation,SUPPLIER,STANDARD,2595,LAAA-Directorate of Resources
RBC Legal Entity,2021/08/23,4582839,256434,THEBIGWORD INTERPRETING SERVICES LTD,Customer Services - Reception,5.87,Translat.+Interpretation,SUPPLIER,STANDARD,2595,LAAA-Directorate of Resources
RBC Legal Entity,2021/08/23,4582839,256434,THEBIGWORD INTERPRETING SERVICES LTD,Customer Services - Reception,6.08,Translat.+Interpretation,SUPPLIER,STANDARD,2595,LAAA-Directorate of Resources
RBC Legal Entity,2021/08/23,4582839,256434,THEBIGWORD INTERPRETING SERVICES LTD,Customer Services - Reception,6.13,Translat.+Interpretation,SUPPLIER,STANDARD,2595,LAAA-Directorate of Resources
RBC Legal Entity,2021/08/23,4582839,256434,THEBIGWORD INTERPRETING SERVICES LTD,Customer Services - Reception,6.25,Translat.+Interpretation,SUPPLIER,STANDARD,2595,LAAA-Directorate of Resources
RBC Legal Entity,2021/08/23,4582839,256434,THEBIGWORD INTERPRETING SERVICES LTD,Customer Services - Reception,8.57,Translat.+Interpretation,SUPPLIER,STANDARD,2595,LAAA-Directorate of Resources
RBC Legal Entity,2021/08/23,4582839,256434,THEBIGWORD INTERPRETING SERVICES LTD,Customer Services - Reception,9.47,Translat.+Interpretation,SUPPLIER,STANDARD,2595,LAAA-Directorate of Resources
RBC Legal Entity,2021/08/23,4582839,256434,THEBIGWORD INTERPRETING SERVICES LTD,Customer Services - Reception,9.74,Translat.+Interpretation,SUPPLIER,STANDARD,2595,LAAA-Directorate of Resources
RBC Legal Entity,2021/08/23,4582839,256434,THEBIGWORD INTERPRETING SERVICES LTD,Customer Services - Reception,11.48,Translat.+Interpretation,SUPPLIER,STANDARD,2595,LAAA-Directorate of Resources
RBC Legal Entity,2021/08/23,4582839,256434,THEBIGWORD INTERPRETING SERVICES LTD,Customer Services - Reception,12.43,Translat.+Interpretation,SUPPLIER,STANDARD,2595,LAAA-Directorate of Resources
RBC Legal Entity,2021/08/23,4582839,256434,THEBIGWORD INTERPRETING SERVICES LTD,Customer Services - Reception,13.56,Translat.+Interpretation,SUPPLIER,STANDARD,2595,LAAA-Directorate of Resources
RBC Legal Entity,2021/08/23,4582839,256434,THEBIGWORD INTERPRETING SERVICES LTD,Customer Services - Reception,14.25,Translat.+Interpretation,SUPPLIER,STANDARD,2595,LAAA-Directorate of Resources
RBC Legal Entity,2021/08/23,4582839,256434,THEBIGWORD INTERPRETING SERVICES LTD,Customer Services - Reception,14.68,Translat.+Interpretation,SUPPLIER,STANDARD,2595,LAAA-Directorate of Resources
RBC Legal Entity,2021/08/23,4582839,256434,THEBIGWORD INTERPRETING SERVICES LTD,Customer Services - Reception,16.35,Translat.+Interpretation,SUPPLIER,STANDARD,2595,LAAA-Directorate of Resources
RBC Legal Entity,2021/08/23,4582839,256434,THEBIGWORD INTERPRETING SERVICES LTD,Customer Services - Reception,16.82,Translat.+Interpretation,SUPPLIER,STANDARD,2595,LAAA-Directorate of Resources
RBC Legal Entity,2021/08/23,4582839,256434,THEBIGWORD INTERPRETING SERVICES LTD,Customer Services - Reception,16.84,Translat.+Interpretation,SUPPLIER,STANDARD,2595,LAAA-Directorate of Resources
RBC Legal Entity,2021/08/23,4582839,256434,THEBIGWORD INTERPRETING SERVICES LTD,Customer Services - Reception,17.33,Translat.+Interpretation,SUPPLIER,STANDARD,2595,LAAA-Directorate of Resources
RBC Legal Entity,2021/08/23,4582839,256434,THEBIGWORD INTERPRETING SERVICES LTD,Customer Services - Reception,17.45,Translat.+Interpretation,SUPPLIER,STANDARD,2595,LAAA-Directorate of Resources
RBC Legal Entity,2021/08/23,4582839,256434,THEBIGWORD INTERPRETING SERVICES LTD,Customer Services - Reception,17.53,Translat.+Interpretation,SUPPLIER,STANDARD,2595,LAAA-Directorate of Resources
RBC Legal Entity,2021/08/23,4582839,256434,THEBIGWORD INTERPRETING SERVICES LTD,Customer Services - Reception,18.75,Translat.+Interpretation,SUPPLIER,STANDARD,2595,LAAA-Directorate of Resources
RBC Legal Entity,2021/08/23,4582839,256434,THEBIGWORD INTERPRETING SERVICES LTD,Customer Services - Reception,22.41,Translat.+Interpretation,SUPPLIER,STANDARD,2595,LAAA-Directorate of Resources
RBC Legal Entity,2021/08/23,4582839,256434,THEBIGWORD INTERPRETING SERVICES LTD,Customer Services - Reception,22.67,Translat.+Interpretation,SUPPLIER,STANDARD,2595,LAAA-Directorate of Resources
RBC Legal Entity,2021/08/23,4582839,256434,THEBIGWORD INTERPRETING SERVICES LTD,Customer Services - Reception,23.25,Translat.+Interpretation,SUPPLIER,STANDARD,2595,LAAA-Directorate of Resources
RBC Legal Entity,2021/08/23,4582839,256434,THEBIGWORD INTERPRETING SERVICES LTD,Customer Services - Reception,27.14,Translat.+Interpretation,SUPPLIER,STANDARD,2595,LAAA-Directorate of Resources
RBC Legal Entity,2021/08/23,4582839,256434,THEBIGWORD INTERPRETING SERVICES LTD,Customer Services - Reception,29.27,Translat.+Interpretation,SUPPLIER,STANDARD,2595,LAAA-Directorate of Resources
RBC Legal Entity,2021/08/23,4582839,256434,THEBIGWORD INTERPRETING SERVICES LTD,Customer Services - Reception,29.9,Translat.+Interpretation,SUPPLIER,STANDARD,2595,LAAA-Directorate of Resources
RBC Legal Entity,2021/08/23,4582839,256434,THEBIGWORD INTERPRETING SERVICES LTD,Customer Services - Reception,30,Translat.+Interpretation,SUPPLIER,STANDARD,2595,LAAA-Directorate of Resources
RBC Legal Entity,2021/08/23,4582839,256434,THEBIGWORD INTERPRETING SERVICES LTD,Customer Services - Reception,35.61,Translat.+Interpretation,SUPPLIER,STANDARD,2595,LAAA-Directorate of Resources
RBC Legal Entity,2021/08/23,4582839,256434,THEBIGWORD INTERPRETING SERVICES LTD,Customer Services - Reception,37.04,Translat.+Interpretation,SUPPLIER,STANDARD,2595,LAAA-Directorate of Resources
RBC Legal Entity,2021/08/23,4582839,256434,THEBIGWORD INTERPRETING SERVICES LTD,Customer Services - Reception,37.45,Translat.+Interpretation,SUPPLIER,STANDARD,2595,LAAA-Directorate of Resources
RBC Legal Entity,2021/08/23,4582839,256434,THEBIGWORD INTERPRETING SERVICES LTD,Customer Services - Reception,41.51,Translat.+Interpretation,SUPPLIER,STANDARD,2595,LAAA-Directorate of Resources
RBC Legal Entity,2021/08/23,4582839,256434,THEBIGWORD INTERPRETING SERVICES LTD,Customer Services - Reception,49.52,Translat.+Interpretation,SUPPLIER,STANDARD,2595,LAAA-Directorate of Resources
RBC Legal Entity,2021/08/23,4582839,256434,THEBIGWORD INTERPRETING SERVICES LTD,Customer Services - Reception,49.69,Translat.+Interpretation,SUPPLIER,STANDARD,2595,LAAA-Directorate of Resources
RBC Legal Entity,2021/08/23,4582839,256434,THEBIGWORD INTERPRETING SERVICES LTD,Customer Services - Reception,51.56,Translat.+Interpretation,SUPPLIER,STANDARD,2595,LAAA-Directorate of Resources
RBC Legal Entity,2021/08/23,4582839,256434,THEBIGWORD INTERPRETING SERVICES LTD,Customer Services - Reception,54.84,Translat.+Interpretation,SUPPLIER,STANDARD,2595,LAAA-Directorate of Resources
RBC Legal Entity,2021/08/23,4582839,256434,THEBIGWORD INTERPRETING SERVICES LTD,Customer Services - Reception,61.03,Translat.+Interpretation,SUPPLIER,STANDARD,2595,LAAA-Directorate of Resources
RBC Legal Entity,2021/08/23,4582839,256434,THEBIGWORD INTERPRETING SERVICES LTD,Customer Services - Reception,107.57,Translat.+Interpretation,SUPPLIER,STANDARD,2595,LAAA-Directorate of Resources
RBC Legal Entity,2021/08/23,4584639,256435,JOHN HANLON & COMPANY LTD,Fleet Management,380,Vehicle Spot Hire,SUPPLIER,STANDARD,4552,KAAA-Directorate of Economic Growth and Neighbourhood Services
RBC Legal Entity,2021/08/23,4584639,256435,JOHN HANLON & COMPANY LTD,Fleet Management,1872,Vehicle Spot Hire,SUPPLIER,STANDARD,4552,KAAA-Directorate of Economic Growth and Neighbourhood Services
RBC Legal Entity,2021/08/23,4583814,256436,CREATIVE SUPPORT LTD,LD Community Services,3475.5,Purchased Care,Third Party Supplier,STANDARD,5741,JAAA-Directorate of Social Care and Health Services
RBC Legal Entity,2021/08/23,4583858,256436,CREATIVE SUPPORT LTD,PS Acquired Community Services,993,Purchased Care,Third Party Supplier,STANDARD,5771,JAAA-Directorate of Social Care and Health Services
RBC Legal Entity,2021/08/23,4583859,256436,CREATIVE SUPPORT LTD,LD Community Services,993,Purchased Care,Third Party Supplier,STANDARD,5741,JAAA-Directorate of Social Care and Health Services
RBC Legal Entity,2021/08/23,4583860,256436,CREATIVE SUPPORT LTD,LD Community Services,1290.9,Purchased Care,Third Party Supplier,STANDARD,5741,JAAA-Directorate of Social Care and Health Services
RBC Legal Entity,2021/08/23,4582650,256437,BERKSHIRE CARS,Reading Play Services,662,Travel Expenses,Third Party Supplier,STANDARD,3820,KAAA-Directorate of Economic Growth and Neighbourhood Services
RBC Legal Entity,2021/08/23,4584264,256440,HYDRO HEATING SOLUTIONS,Manor Primary,34801.54,External Fees  Misc.,SUB-CONTRACTOR,STANDARD,8220,ZZZC-Capital
RBC Legal Entity,2021/08/23,4584265,256440,HYDRO HEATING SOLUTIONS,Manor Primary,17766.34,External Fees  Misc.,SUB-CONTRACTOR,STANDARD,8220,ZZZC-Capital
RBC Legal Entity,2021/08/23,4582663,256441,HAMBLIN WATERMAINS,DLO Planned Maintenance Trades,706.7,Subcontractors Labour,SUB-CONTRACTOR,STANDARD,4030,KAAA-Directorate of Economic Growth and Neighbourhood Services
RBC Legal Entity,2021/08/23,4582753,256443,BELLSTAN LIMITED,Local Safety Schemes,10250,External Fees  Surveyors,SUB-CONTRACTOR,STANDARD,8852,ZZZC-Capital
RBC Legal Entity,2021/08/23,4582916,256446,FENTON PLANT HIRE,Grounds Maintenance,460,Forestry,SUPPLIER,STANDARD,1306,KAAA-Directorate of Economic Growth and Neighbourhood Services
RBC Legal Entity,2021/08/23,4584150,256450,GRUNDON WASTE MANAGEMENT LIMITED,Waste Transfer Station,97.3,Payment to Grundon,SUPPLIER,STANDARD,4192,KAAA-Directorate of Economic Growth and Neighbourhood Services
RBC Legal Entity,2021/08/23,4584150,256450,GRUNDON WASTE MANAGEMENT LIMITED,Waste Transfer Station,97.3,Payment to Grundon,SUPPLIER,STANDARD,4192,KAAA-Directorate of Economic Growth and Neighbourhood Services
RBC Legal Entity,2021/08/23,4584150,256450,GRUNDON WASTE MANAGEMENT LIMITED,Waste Transfer Station,97.3,Payment to Grundon,SUPPLIER,STANDARD,4192,KAAA-Directorate of Economic Growth and Neighbourhood Services
RBC Legal Entity,2021/08/23,4584150,256450,GRUNDON WASTE MANAGEMENT LIMITED,Waste Transfer Station,97.3,Payment to Grundon,SUPPLIER,STANDARD,4192,KAAA-Directorate of Economic Growth and Neighbourhood Services
RBC Legal Entity,2021/08/23,4584150,256450,GRUNDON WASTE MANAGEMENT LIMITED,Waste Transfer Station,145.95,Payment to Grundon,SUPPLIER,STANDARD,4192,KAAA-Directorate of Economic Growth and Neighbourhood Services
RBC Legal Entity,2021/08/23,4584150,256450,GRUNDON WASTE MANAGEMENT LIMITED,Waste Transfer Station,145.95,Payment to Grundon,SUPPLIER,STANDARD,4192,KAAA-Directorate of Economic Growth and Neighbourhood Services
RBC Legal Entity,2021/08/23,4584152,256450,GRUNDON WASTE MANAGEMENT LIMITED,Refuse Collection,2331.67,TPP to Others,SUPPLIER,STANDARD,4561,KAAA-Directorate of Economic Growth and Neighbourhood Services
RBC Legal Entity,2021/08/23,4584153,256451,KEERITE (LOCKSMITH),Grounds Maintenance,8,Materials Direct,SUPPLIER,STANDARD,1306,KAAA-Directorate of Economic Growth and Neighbourhood Services
RBC Legal Entity,2021/08/23,4584153,256451,KEERITE (LOCKSMITH),Grounds Maintenance,13.5,Materials Direct,SUPPLIER,STANDARD,1306,KAAA-Directorate of Economic Growth and Neighbourhood Services
RBC Legal Entity,2021/08/23,4584153,256451,KEERITE (LOCKSMITH),Grounds Maintenance,16,Materials Direct,SUPPLIER,STANDARD,1306,KAAA-Directorate of Economic Growth and Neighbourhood Services
RBC Legal Entity,2021/08/23,4584153,256451,KEERITE (LOCKSMITH),Grounds Maintenance,40.5,Materials Direct,SUPPLIER,STANDARD,1306,KAAA-Directorate of Economic Growth and Neighbourhood Services
RBC Legal Entity,2021/08/23,4584153,256451,KEERITE (LOCKSMITH),Grounds Maintenance,44,Materials Direct,SUPPLIER,STANDARD,1306,KAAA-Directorate of Economic Growth and Neighbourhood Services
RBC Legal Entity,2021/08/23,4584153,256451,KEERITE (LOCKSMITH),Grounds Maintenance,55,Materials Direct,SUPPLIER,STANDARD,1306,KAAA-Directorate of Economic Growth and Neighbourhood Services
RBC Legal Entity,2021/08/23,4584153,256451,KEERITE (LOCKSMITH),Grounds Maintenance,110,Materials Direct,SUPPLIER,STANDARD,1306,KAAA-Directorate of Economic Growth and Neighbourhood Services
RBC Legal Entity,2021/08/23,4584153,256451,KEERITE (LOCKSMITH),Grounds Maintenance,136.5,Materials Direct,SUPPLIER,STANDARD,1306,KAAA-Directorate of Economic Growth and Neighbourhood Services
RBC Legal Entity,2021/08/23,4584153,256451,KEERITE (LOCKSMITH),Grounds Maintenance,154.5,Materials Direct,SUPPLIER,STANDARD,1306,KAAA-Directorate of Economic Growth and Neighbourhood Services
RBC Legal Entity,2021/08/23,4585106,256452,CITY & GUILDS,New Directions,683.14,Examination Fees,SUPPLIER,STANDARD,3340,KAAA-Directorate of Economic Growth and Neighbourhood Services
RBC Legal Entity,2021/08/23,4583997,256453,TYCO INTERNATIONAL LTD,Traffic,54486.93,TPP to Others,SUB-CONTRACTOR,STANDARD,4703,KAAA-Directorate of Economic Growth and Neighbourhood Services
RBC Legal Entity,2021/08/23,4583997,256453,TYCO INTERNATIONAL LTD,Bus Lane Enforcement,156841.65,EquiptMaintenanceContract,SUB-CONTRACTOR,STANDARD,4722,KAAA-Directorate of Economic Growth and Neighbourhood Services
RBC Legal Entity,2021/08/23,4585463,256454,ROWVALE HOTELS LTD T/A BOW GUEST HOUSE,Single Homelessness Grants,623,Preventive+SupportiveServ,Third Party Supplier,STANDARD,5860,KAAA-Directorate of Economic Growth and Neighbourhood Services
RBC Legal Entity,2021/08/23,4585464,256454,ROWVALE HOTELS LTD T/A BOW GUEST HOUSE,Single Homelessness Grants,525,Preventive+SupportiveServ,Third Party Supplier,STANDARD,5860,KAAA-Directorate of Economic Growth and Neighbourhood Services
RBC Legal Entity,2021/08/23,4585465,256454,ROWVALE HOTELS LTD T/A BOW GUEST HOUSE,Single Homelessness Grants,560,Preventive+SupportiveServ,Third Party Supplier,STANDARD,5860,KAAA-Directorate of Economic Growth and Neighbourhood Services
RBC Legal Entity,2021/08/23,4585958,256454,ROWVALE HOTELS LTD T/A BOW GUEST HOUSE,Bed and Breakfast,525,Rents,Third Party Supplier,STANDARD,5871,KAAA-Directorate of Economic Growth and Neighbourhood Services
RBC Legal Entity,2021/08/23,4585961,256454,ROWVALE HOTELS LTD T/A BOW GUEST HOUSE,Bed and Breakfast,525,Rents,Third Party Supplier,STANDARD,5871,KAAA-Directorate of Economic Growth and Neighbourhood Services
RBC Legal Entity,2021/08/23,4585414,256457,CORRECT CONTRACT SERVICES LTD,DLO Planned Maintenance Trades,1970.82,Subcontractors Labour,SUB-CONTRACTOR,STANDARD,4030,KAAA-Directorate of Economic Growth and Neighbourhood Services
RBC Legal Entity,2021/08/23,4582787,256458,FCC RECYCLING (UK) LTD,Grounds Maintenance,2969.71,Parks Tipping,SUPPLIER,STANDARD,1306,KAAA-Directorate of Economic Growth and Neighbourhood Services
RBC Legal Entity,2021/08/23,4582791,256458,FCC RECYCLING (UK) LTD,Refuse Collection,10060.6,Tipping Charge,SUPPLIER,STANDARD,4561,KAAA-Directorate of Economic Growth and Neighbourhood Services
RBC Legal Entity,2021/08/23,4582796,256458,FCC RECYCLING (UK) LTD,Grounds Maintenance,980.81,Parks Tipping,SUPPLIER,STANDARD,1306,KAAA-Directorate of Economic Growth and Neighbourhood Services
RBC Legal Entity,2021/08/23,4585210,256460,THE NELSON TRUST,Public Health Team Costs,2685.8,Purchased Care,Third Party Supplier,STANDARD,2065,JAAA-Directorate of Social Care and Health Services
RBC Legal Entity,2021/08/23,4584390,256461,SIGNS EXPRESS (READING),Town Hall - Museum,900,Publicity & Media Work,SUPPLIER,STANDARD,1255,KAAA-Directorate of Economic Growth and Neighbourhood Services
RBC Legal Entity,2021/08/23,4582566,256462,AKZONOBEL T/A DULUX DECORATOR CENTRE,Void Property Management,151.67,Minor Voids,Third Party Supplier,STANDARD,5921,HAAA-Housing Revenue Account
RBC Legal Entity,2021/08/23,4582566,256462,AKZONOBEL T/A DULUX DECORATOR CENTRE,Void Property Management,163.56,Minor Voids,Third Party Supplier,STANDARD,5921,HAAA-Housing Revenue Account
RBC Legal Entity,2021/08/23,4582566,256462,AKZONOBEL T/A DULUX DECORATOR CENTRE,Void Property Management,163.56,Minor Voids,Third Party Supplier,STANDARD,5921,HAAA-Housing Revenue Account
RBC Legal Entity,2021/08/23,4582566,256462,AKZONOBEL T/A DULUX DECORATOR CENTRE,Void Property Management,177.6,Minor Voids,Third Party Supplier,STANDARD,5921,HAAA-Housing Revenue Account
RBC Legal Entity,2021/08/23,4582566,256462,AKZONOBEL T/A DULUX DECORATOR CENTRE,Void Property Management,177.6,Minor Voids,Third Party Supplier,STANDARD,5921,HAAA-Housing Revenue Account
RBC Legal Entity,2021/08/23,4582566,256462,AKZONOBEL T/A DULUX DECORATOR CENTRE,Void Property Management,208.91,Minor Voids,Third Party Supplier,STANDARD,5921,HAAA-Housing Revenue Account
RBC Legal Entity,2021/08/23,4582566,256462,AKZONOBEL T/A DULUX DECORATOR CENTRE,Void Property Management,208.91,Minor Voids,Third Party Supplier,STANDARD,5921,HAAA-Housing Revenue Account
RBC Legal Entity,2021/08/23,4582566,256462,AKZONOBEL T/A DULUX DECORATOR CENTRE,Void Property Management,269.21,Minor Voids,Third Party Supplier,STANDARD,5921,HAAA-Housing Revenue Account
RBC Legal Entity,2021/08/23,4582566,256462,AKZONOBEL T/A DULUX DECORATOR CENTRE,Void Property Management,269.21,Minor Voids,Third Party Supplier,STANDARD,5921,HAAA-Housing Revenue Account
RBC Legal Entity,2021/08/23,4587906,256465,ENVIRONMENT AGENCY,Waste Transfer Station,1230.25,TPP to Others,SUPPLIER,STANDARD,4192,KAAA-Directorate of Economic Growth and Neighbourhood Services
RBC Legal Entity,2021/08/23,4582501,256467,LISTER WILDER LTD,Grounds Maintenance,15.75,Equipment Purchase & Repair,SUPPLIER,STANDARD,1306,KAAA-Directorate of Economic Growth and Neighbourhood Services
RBC Legal Entity,2021/08/23,4582501,256467,LISTER WILDER LTD,Grounds Maintenance,165.76,Equipment Purchase & Repair,SUPPLIER,STANDARD,1306,KAAA-Directorate of Economic Growth and Neighbourhood Services
RBC Legal Entity,2021/08/23,4582501,256467,LISTER WILDER LTD,Grounds Maintenance,439.88,Equipment Purchase & Repair,SUPPLIER,STANDARD,1306,KAAA-Directorate of Economic Growth and Neighbourhood Services
RBC Legal Entity,2021/08/23,4582601,256467,LISTER WILDER LTD,Grounds Maintenance,1998,Equipment Purchase & Repair,SUPPLIER,STANDARD,1306,KAAA-Directorate of Economic Growth and Neighbourhood Services
RBC Legal Entity,2021/08/23,4584672,256469,READING HOTEL,Bed and Breakfast,260,Rents,SUPPLIER,STANDARD,5871,KAAA-Directorate of Economic Growth and Neighbourhood Services
RBC Legal Entity,2021/08/23,4584672,256469,READING HOTEL,Bed and Breakfast,420,Rents,SUPPLIER,STANDARD,5871,KAAA-Directorate of Economic Growth and Neighbourhood Services
RBC Legal Entity,2021/08/23,4584672,256469,READING HOTEL,Bed and Breakfast,455,Rents,SUPPLIER,STANDARD,5871,KAAA-Directorate of Economic Growth and Neighbourhood Services
RBC Legal Entity,2021/08/23,4584672,256469,READING HOTEL,Bed and Breakfast,455,Rents,SUPPLIER,STANDARD,5871,KAAA-Directorate of Economic Growth and Neighbourhood Services
RBC Legal Entity,2021/08/23,4584672,256469,READING HOTEL,Bed and Breakfast,455,Rents,SUPPLIER,STANDARD,5871,KAAA-Directorate of Economic Growth and Neighbourhood Services
RBC Legal Entity,2021/08/23,4584672,256469,READING HOTEL,Bed and Breakfast,490,Rents,SUPPLIER,STANDARD,5871,KAAA-Directorate of Economic Growth and Neighbourhood Services
RBC Legal Entity,2021/08/23,4584071,256470,SIMONE SURVEYS LTD,Traffic,540,Leasing Costs,SUB-CONTRACTOR,STANDARD,4703,KAAA-Directorate of Economic Growth and Neighbourhood Services
RBC Legal Entity,2021/08/23,4584084,256471,HAGS-SMP LIMITED,Parks + Open Spaces,20827.64,Equipment,SUB-CONTRACTOR,STANDARD,8003,ZZZC-Capital
RBC Legal Entity,2021/08/23,4583584,256472,SIAN COX,JLT Disbursements,550,Misc. Legal Expenses,SUPPLIER,STANDARD,2407,LAAA-Directorate of Resources
RBC Legal Entity,2021/08/23,4582458,256473,ULSTER WEAVERS LTD,Town Hall - Museum,812.7,Stock Purchase,SUPPLIER,STANDARD,1255,KAAA-Directorate of Economic Growth and Neighbourhood Services
RBC Legal Entity,2021/08/23,4584080,256474,TAURUS FABRICATIONS (UK) LTD,Small Transport Schemes,2975,Contractors,Third Party Supplier,STANDARD,8879,ZZZC-Capital
RBC Legal Entity,2021/08/23,4587540,256475,ARIA BUILDING SERVICES LTD T/A ARIA CLIMATE SYSTEMS,Archives General,1168.25,Plant Maintenance,SUB-CONTRACTOR,STANDARD,1256,KAAA-Directorate of Economic Growth and Neighbourhood Services
RBC Legal Entity,2021/08/23,4582719,256476,PENNA PLC,Accountancy,60,Staff Advertising,Third Party Supplier,STANDARD,2200,LAAA-Directorate of Resources
RBC Legal Entity,2021/08/23,4582719,256476,PENNA PLC,Accountancy,785,Staff Advertising,Third Party Supplier,STANDARD,2200,LAAA-Directorate of Resources
RBC Legal Entity,2021/08/23,4582720,256476,PENNA PLC,Berkshire West Public Health Hub,4316,Recruitment & Interview Costs,Third Party Supplier,STANDARD,2002,JAAA-Directorate of Social Care and Health Services
RBC Legal Entity,2021/08/23,4584108,256477,VIVEDIA LTD,Crematorium,2680,Equipment Purchase & Repair,SUPPLIER,STANDARD,4606,LAAA-Directorate of Resources
RBC Legal Entity,2021/08/23,4583586,256479,OLIVER POWELL,JLT Disbursements,550,Misc. Legal Expenses,SUPPLIER,STANDARD,2407,LAAA-Directorate of Resources
RBC Legal Entity,2021/08/23,4583561,256480,JAMES DOVE,JLT Disbursements,1710,Misc. Legal Expenses,Third Party Supplier,STANDARD,2407,LAAA-Directorate of Resources
RBC Legal Entity,2021/08/23,4583575,256480,JAMES DOVE,JLT Disbursements,675,Misc. Legal Expenses,Third Party Supplier,STANDARD,2407,LAAA-Directorate of Resources
RBC Legal Entity,2021/08/23,4583588,256480,JAMES DOVE,JLT Disbursements,675,Misc. Legal Expenses,Third Party Supplier,STANDARD,2407,LAAA-Directorate of Resources
RBC Legal Entity,2021/08/23,4583973,256480,JAMES DOVE,JLT Disbursements,855,Misc. Legal Expenses,Third Party Supplier,STANDARD,2407,LAAA-Directorate of Resources
RBC Legal Entity,2021/08/23,4584385,256484,BERKSHIRE PSYCHOLOGY,JLT Disbursements,655.2,Misc. Legal Expenses,Third Party Supplier,STANDARD,2407,LAAA-Directorate of Resources
RBC Legal Entity,2021/08/23,4582665,256485,J2 RESEARCH LIMITED,New Directions,2357.6,Surveys,SUPPLIER,STANDARD,3340,KAAA-Directorate of Economic Growth and Neighbourhood Services
RBC Legal Entity,2021/08/23,4582461,256486,TUDOR ENVIRONMENTAL,Grounds Maintenance,77.7,Uniforms,SUPPLIER,STANDARD,1306,KAAA-Directorate of Economic Growth and Neighbourhood Services
RBC Legal Entity,2021/08/23,4582461,256486,TUDOR ENVIRONMENTAL,Grounds Maintenance,325.31,Materials Direct,SUPPLIER,STANDARD,1306,KAAA-Directorate of Economic Growth and Neighbourhood Services
RBC Legal Entity,2021/08/23,4582461,256486,TUDOR ENVIRONMENTAL,Grounds Maintenance,460.45,Equipment Purchase & Repair,SUPPLIER,STANDARD,1306,KAAA-Directorate of Economic Growth and Neighbourhood Services
RBC Legal Entity,2021/08/23,4587869,256487,VEALE WASBROUGH VIZARDS,Legal Services,700,Misc. Legal Expenses,Third Party Supplier,STANDARD,2400,LAAA-Directorate of Resources
RBC Legal Entity,2021/08/23,4582732,256489,PARADIGM PUMPS,Civil Engineering,957,Plant Maintenance,SUB-CONTRACTOR,STANDARD,4550,KAAA-Directorate of Economic Growth and Neighbourhood Services
RBC Legal Entity,2021/08/23,4582908,256492,DEELAND LTD T/A SERVICEMASTER,Void Property Management,564.8,Office Cleaning,SUPPLIER,STANDARD,5921,HAAA-Housing Revenue Account
RBC Legal Entity,2021/08/23,4582910,256492,DEELAND LTD T/A SERVICEMASTER,Void Property Management,943.94,Office Cleaning,SUPPLIER,STANDARD,5921,HAAA-Housing Revenue Account
RBC Legal Entity,2021/08/23,4582911,256492,DEELAND LTD T/A SERVICEMASTER,Void Property Management,468.79,Office Cleaning,SUPPLIER,STANDARD,5921,HAAA-Housing Revenue Account
RBC Legal Entity,2021/08/23,4584487,256492,DEELAND LTD T/A SERVICEMASTER,Void Property Management,740.47,Office Cleaning,SUPPLIER,STANDARD,5921,HAAA-Housing Revenue Account
RBC Legal Entity,2021/08/23,4584489,256492,DEELAND LTD T/A SERVICEMASTER,Housing Advice,543.75,Preventive+SupportiveServ,SUPPLIER,STANDARD,5820,KAAA-Directorate of Economic Growth and Neighbourhood Services
RBC Legal Entity,2021/08/23,4572436,256493,CHANNEL 3 CONSULTING LTD,Future ICT operating model,800,Other  Capitalisation,SUPPLIER,STANDARD,8636,ZZZC-Capital
RBC Legal Entity,2021/08/23,4583996,256495,WILLS BROS CIVIL ENGINEERING LTD,LEP Projects,272224.86,Contractors,SUB-CONTRACTOR,STANDARD,8806,ZZZC-Capital
RBC Legal Entity,2021/08/23,4582846,256496,F M CONWAY LTD,Highways,669.3,Materials Direct,SUB-CONTRACTOR,STANDARD,4252,KAAA-Directorate of Economic Growth and Neighbourhood Services
RBC Legal Entity,2021/08/23,4583962,256497,BACK TO BACK CARE LTD,Social Support,3052.34,Purchased Care,SUPPLIER,STANDARD,5790,JAAA-Directorate of Social Care and Health Services
RBC Legal Entity,2021/08/23,4583752,256499,DEAF REACH UK,Advocacy,1575,Professional Fees,Third Party Supplier,STANDARD,5303,JAAA-Directorate of Social Care and Health Services
RBC Legal Entity,2021/08/23,4582669,256500,BIERCE TECHNICAL SERVICES LIMITED,DLO Voids Trades,687.5,Subcontractors Labour,SUPPLIER,STANDARD,4020,KAAA-Directorate of Economic Growth and Neighbourhood Services
RBC Legal Entity,2021/08/23,4584640,256502,BTU (INSTALLATION & MAINTENANCE) LTD,Archives General,946.54,Plant Maintenance,SUB-CONTRACTOR,STANDARD,1256,KAAA-Directorate of Economic Growth and Neighbourhood Services
RBC Legal Entity,2021/08/23,4584319,256504,EUROPEAN ASBESTOS SERVICES LTD,Repairs,11206.46,Asbestos,SUB-CONTRACTOR,STANDARD,5970,HAAA-Housing Revenue Account
RBC Legal Entity,2021/08/23,4582693,256506,NETWORK MERCHANTS LIMITED,Parking & Enforcement,761.2,Credit Card Commission,SUPPLIER,STANDARD,4725,KAAA-Directorate of Economic Growth and Neighbourhood Services
RBC Legal Entity,2021/08/23,4582693,256506,NETWORK MERCHANTS LIMITED,Parking & Enforcement,761.2,Credit Card Commission,SUPPLIER,STANDARD,4725,KAAA-Directorate of Economic Growth and Neighbourhood Services
RBC Legal Entity,2021/08/23,4584398,256507,SANDERSON WEATHERALL LLP,Corporate Miscellaneous,14200,Professional Fees,SUPPLIER,STANDARD,2855,MAAA-Corporate Codes
RBC Legal Entity,2021/08/23,4583856,256510,SUNLIGHT HOMECARE SERVICES LIMITED,Mental Health Community Services,1406.07,Purchased Care,Third Party Supplier,STANDARD,5731,JAAA-Directorate of Social Care and Health Services
RBC Legal Entity,2021/08/23,4584457,256512,ISG CONSTRUCTION LTD,Phoenix College (Reading Alternative),675871.44,Building Works,SUB-CONTRACTOR,STANDARD,8264,ZZZC-Capital
RBC Legal Entity,2021/08/23,4583992,256513,TULLY FORENSIC PSYCHOLOGY LTD,JLT Disbursements,884.17,Misc. Legal Expenses,Third Party Supplier,STANDARD,2407,LAAA-Directorate of Resources
RBC Legal Entity,2021/08/23,4582582,256515,MAXX MEDIA LTD,Test and Trace,3444,Publicity & Media Work,SUPPLIER,STANDARD,2068,JAAA-Directorate of Social Care and Health Services
RBC Legal Entity,2021/08/23,4582537,256517,SOLENT PLASTICS,Plaza West,650,Equipment,SUPPLIER,STANDARD,8626,ZZZC-Capital
RBC Legal Entity,2021/08/23,4582537,256517,SOLENT PLASTICS,Plaza West,679,Equipment,SUPPLIER,STANDARD,8626,ZZZC-Capital
RBC Legal Entity,2021/08/23,4582537,256517,SOLENT PLASTICS,Plaza West,2279,Equipment,SUPPLIER,STANDARD,8626,ZZZC-Capital
RBC Legal Entity,2021/08/23,4583991,256518,PERFECT CIRCLE JV LTD,HRA portfolio expansion,8096.73,External Fees  Misc.,SUPPLIER,STANDARD,8518,ZZZC-Capital
RBC Legal Entity,2021/08/23,4584162,256518,PERFECT CIRCLE JV LTD,HRA portfolio expansion,15686.27,External Fees  Misc.,SUPPLIER,STANDARD,8518,ZZZC-Capital
RBC Legal Entity,2021/08/23,4584371,256519,NFC HOMES LTD,HRA portfolio expansion,103713.67,External Fees  Misc.,SUB-CONTRACTOR,STANDARD,8518,ZZZC-Capital
RBC Legal Entity,2021/08/23,4578082,256520,IBIS STYLES READING CENTRE,Bed and Breakfast,426.67,Rents,Third Party Supplier,STANDARD,5871,KAAA-Directorate of Economic Growth and Neighbourhood Services
RBC Legal Entity,2021/08/23,4578082,256520,IBIS STYLES READING CENTRE,Bed and Breakfast,623.8,Rents,Third Party Supplier,STANDARD,5871,KAAA-Directorate of Economic Growth and Neighbourhood Services
RBC Legal Entity,2021/08/23,4578082,256520,IBIS STYLES READING CENTRE,Bed and Breakfast,2495.01,Rents,Third Party Supplier,STANDARD,5871,KAAA-Directorate of Economic Growth and Neighbourhood Services
RBC Legal Entity,2021/08/23,4578086,256520,IBIS STYLES READING CENTRE,Bed and Breakfast,373.33,Rents,Third Party Supplier,STANDARD,5871,KAAA-Directorate of Economic Growth and Neighbourhood Services
RBC Legal Entity,2021/08/23,4578086,256520,IBIS STYLES READING CENTRE,Bed and Breakfast,623.8,Rents,Third Party Supplier,STANDARD,5871,KAAA-Directorate of Economic Growth and Neighbourhood Services
RBC Legal Entity,2021/08/23,4578086,256520,IBIS STYLES READING CENTRE,Bed and Breakfast,2495.01,Rents,Third Party Supplier,STANDARD,5871,KAAA-Directorate of Economic Growth and Neighbourhood Services
RBC Legal Entity,2021/08/23,4578089,256520,IBIS STYLES READING CENTRE,Bed and Breakfast,426.67,Rents,Third Party Supplier,STANDARD,5871,KAAA-Directorate of Economic Growth and Neighbourhood Services
RBC Legal Entity,2021/08/23,4578089,256520,IBIS STYLES READING CENTRE,Bed and Breakfast,623.8,Rents,Third Party Supplier,STANDARD,5871,KAAA-Directorate of Economic Growth and Neighbourhood Services
RBC Legal Entity,2021/08/23,4578089,256520,IBIS STYLES READING CENTRE,Bed and Breakfast,2495.01,Rents,Third Party Supplier,STANDARD,5871,KAAA-Directorate of Economic Growth and Neighbourhood Services
RBC Legal Entity,2021/08/23,4579073,256520,IBIS STYLES READING CENTRE,Bed and Breakfast,426.67,Rents,Third Party Supplier,STANDARD,5871,KAAA-Directorate of Economic Growth and Neighbourhood Services
RBC Legal Entity,2021/08/23,4579073,256520,IBIS STYLES READING CENTRE,Bed and Breakfast,623.8,Rents,Third Party Supplier,STANDARD,5871,KAAA-Directorate of Economic Growth and Neighbourhood Services
RBC Legal Entity,2021/08/23,4579073,256520,IBIS STYLES READING CENTRE,Bed and Breakfast,2495.01,Rents,Third Party Supplier,STANDARD,5871,KAAA-Directorate of Economic Growth and Neighbourhood Services
RBC Legal Entity,2021/08/23,4580983,256520,IBIS STYLES READING CENTRE,Bed and Breakfast,426.67,Rents,Third Party Supplier,STANDARD,5871,KAAA-Directorate of Economic Growth and Neighbourhood Services
RBC Legal Entity,2021/08/23,4580983,256520,IBIS STYLES READING CENTRE,Bed and Breakfast,623.8,Rents,Third Party Supplier,STANDARD,5871,KAAA-Directorate of Economic Growth and Neighbourhood Services
RBC Legal Entity,2021/08/23,4580983,256520,IBIS STYLES READING CENTRE,Bed and Breakfast,2495.01,Rents,Third Party Supplier,STANDARD,5871,KAAA-Directorate of Economic Growth and Neighbourhood Services
RBC Legal Entity,2021/08/23,4584467,256521,BERKSHIRE ROOMS,Bed and Breakfast,133,Rents,SUPPLIER,STANDARD,5871,KAAA-Directorate of Economic Growth and Neighbourhood Services
RBC Legal Entity,2021/08/23,4584467,256521,BERKSHIRE ROOMS,Bed and Breakfast,532,Rents,SUPPLIER,STANDARD,5871,KAAA-Directorate of Economic Growth and Neighbourhood Services
RBC Legal Entity,2021/08/23,4584468,256521,BERKSHIRE ROOMS,Bed and Breakfast,270,Rents,SUPPLIER,STANDARD,5871,KAAA-Directorate of Economic Growth and Neighbourhood Services
RBC Legal Entity,2021/08/23,4584468,256521,BERKSHIRE ROOMS,Bed and Breakfast,1080,Rents,SUPPLIER,STANDARD,5871,KAAA-Directorate of Economic Growth and Neighbourhood Services
RBC Legal Entity,2021/08/23,4584470,256521,BERKSHIRE ROOMS,Bed and Breakfast,840,Rents,SUPPLIER,STANDARD,5871,KAAA-Directorate of Economic Growth and Neighbourhood Services
RBC Legal Entity,2021/08/23,4583528,256522,JADE SECURITY SERVICES LTD,Post Room,2900,Courier/Cash Collection Serv.,SUPPLIER,STANDARD,2585,KAAA-Directorate of Economic Growth and Neighbourhood Services
RBC Legal Entity,2021/08/23,4582530,256523,TRUSTMARQUE SOLUTIONS LIMITED,Berkshire West Public Health Hub,714.4,Software Licences,Third Party Supplier,STANDARD,2002,JAAA-Directorate of Social Care and Health Services
RBC Legal Entity,2021/08/23,4585306,256524,TSG BUILDING SERVICES PLC ,MRA Account,68968.51,Boilers + Heating Systems,SUB-CONTRACTOR,STANDARD,5975,HAAA-Housing Revenue Account
RBC Legal Entity,2021/08/23,4584031,256526,CEI ELECTRICAL LTD,Katesgrove Primary,26661.34,External Fees  Misc.,SUB-CONTRACTOR,STANDARD,8219,ZZZC-Capital
RBC Legal Entity,2021/08/23,4584515,256527,AMHERST READING,Bed and Breakfast,700,Rents,Third Party Supplier,STANDARD,5871,KAAA-Directorate of Economic Growth and Neighbourhood Services
RBC Legal Entity,2021/08/23,4581830,256530,AGILISYS LIMITED,IT Management,76391.03,TPP  Contract,SUPPLIER,STANDARD,2300,LAAA-Directorate of Resources
RBC Legal Entity,2021/08/23,4581833,256530,AGILISYS LIMITED,IT Management,83680.11,TPP  Contract,SUPPLIER,STANDARD,2300,LAAA-Directorate of Resources
RBC Legal Entity,2021/08/23,4581836,256530,AGILISYS LIMITED,IT Management,80214.53,TPP  Contract,SUPPLIER,STANDARD,2300,LAAA-Directorate of Resources
RBC Legal Entity,2021/08/23,4582513,256530,AGILISYS LIMITED,Future ICT operating model,70000,IT - Costs/Equipment,SUPPLIER,STANDARD,8636,ZZZC-Capital
RBC Legal Entity,2021/08/23,4582518,256530,AGILISYS LIMITED,Future ICT operating model,1437.5,IT - Costs/Equipment,SUPPLIER,STANDARD,8636,ZZZC-Capital
RBC Legal Entity,2021/08/23,4584391,256531,CORRIGENDA LTD,Park Lane Primary,38315.44,External Fees  Misc.,SUB-CONTRACTOR,STANDARD,8225,ZZZC-Capital
RBC Legal Entity,2021/08/23,4584394,256532,CROWDENGAGE LIMITED,Cultural Services Marketing,433.31,PurchaseComputer Equipt,SUPPLIER,STANDARD,1235,KAAA-Directorate of Economic Growth and Neighbourhood Services
RBC Legal Entity,2021/08/23,4582579,256534,NEWAUTO LTD T/A MOGO,Taxi & Private Hire Licensing,8.4,Equipment Purchase & Repair,Third Party Supplier,STANDARD,4603,KAAA-Directorate of Economic Growth and Neighbourhood Services
RBC Legal Entity,2021/08/23,4582579,256534,NEWAUTO LTD T/A MOGO,Taxi & Private Hire Licensing,11.19,Equipment Purchase & Repair,Third Party Supplier,STANDARD,4603,KAAA-Directorate of Economic Growth and Neighbourhood Services
RBC Legal Entity,2021/08/23,4582579,256534,NEWAUTO LTD T/A MOGO,Taxi & Private Hire Licensing,11.19,Equipment Purchase & Repair,Third Party Supplier,STANDARD,4603,KAAA-Directorate of Economic Growth and Neighbourhood Services
RBC Legal Entity,2021/08/23,4582579,256534,NEWAUTO LTD T/A MOGO,Taxi & Private Hire Licensing,18.15,Equipment Purchase & Repair,Third Party Supplier,STANDARD,4603,KAAA-Directorate of Economic Growth and Neighbourhood Services
RBC Legal Entity,2021/08/23,4582579,256534,NEWAUTO LTD T/A MOGO,Taxi & Private Hire Licensing,18.15,Equipment Purchase & Repair,Third Party Supplier,STANDARD,4603,KAAA-Directorate of Economic Growth and Neighbourhood Services
RBC Legal Entity,2021/08/23,4582579,256534,NEWAUTO LTD T/A MOGO,Taxi & Private Hire Licensing,23.2,Equipment Purchase & Repair,Third Party Supplier,STANDARD,4603,KAAA-Directorate of Economic Growth and Neighbourhood Services
RBC Legal Entity,2021/08/23,4582579,256534,NEWAUTO LTD T/A MOGO,Taxi & Private Hire Licensing,30,Equipment Purchase & Repair,Third Party Supplier,STANDARD,4603,KAAA-Directorate of Economic Growth and Neighbourhood Services
RBC Legal Entity,2021/08/23,4582579,256534,NEWAUTO LTD T/A MOGO,Taxi & Private Hire Licensing,37,Equipment Purchase & Repair,Third Party Supplier,STANDARD,4603,KAAA-Directorate of Economic Growth and Neighbourhood Services
RBC Legal Entity,2021/08/23,4582579,256534,NEWAUTO LTD T/A MOGO,Taxi & Private Hire Licensing,52.22,Equipment Purchase & Repair,Third Party Supplier,STANDARD,4603,KAAA-Directorate of Economic Growth and Neighbourhood Services
RBC Legal Entity,2021/08/23,4582579,256534,NEWAUTO LTD T/A MOGO,Taxi & Private Hire Licensing,58,Equipment Purchase & Repair,Third Party Supplier,STANDARD,4603,KAAA-Directorate of Economic Growth and Neighbourhood Services
RBC Legal Entity,2021/08/23,4582579,256534,NEWAUTO LTD T/A MOGO,Taxi & Private Hire Licensing,63.8,Equipment Purchase & Repair,Third Party Supplier,STANDARD,4603,KAAA-Directorate of Economic Growth and Neighbourhood Services
RBC Legal Entity,2021/08/23,4582579,256534,NEWAUTO LTD T/A MOGO,Taxi & Private Hire Licensing,96.8,Equipment Purchase & Repair,Third Party Supplier,STANDARD,4603,KAAA-Directorate of Economic Growth and Neighbourhood Services
RBC Legal Entity,2021/08/23,4582579,256534,NEWAUTO LTD T/A MOGO,Taxi & Private Hire Licensing,168,Equipment Purchase & Repair,Third Party Supplier,STANDARD,4603,KAAA-Directorate of Economic Growth and Neighbourhood Services
RBC Legal Entity,2021/08/23,4587623,256535,YBC CLEANING SERVICES LTD,Building Cleaning,16218,TPP to Others,Third Party Supplier,STANDARD,4351,KAAA-Directorate of Economic Growth and Neighbourhood Services
RBC Legal Entity,2021/08/23,4587648,256535,YBC CLEANING SERVICES LTD,Building Cleaning,5228.16,TPP to Others,Third Party Supplier,STANDARD,4351,KAAA-Directorate of Economic Growth and Neighbourhood Services
RBC Legal Entity,2021/08/23,4582410,256539,PURCELL ARCHITECTURE LTD,HSHAZ programme,3177.5,Consultancy Fees,Third Party Supplier,STANDARD,1316,KAAA-Directorate of Economic Growth and Neighbourhood Services
RBC Legal Entity,2021/08/23,4582818,256541,BAUER RADIO LTD,Guaranteed Rent Scheme,1387.68,Advertising - General,Third Party Supplier,STANDARD,5872,KAAA-Directorate of Economic Growth and Neighbourhood Services
RBC Legal Entity,2021/08/23,4582819,256541,BAUER RADIO LTD,Events & Engagement,718.48,Publicity & Media Work,Third Party Supplier,STANDARD,2080,EAAA-Chief Executive
RBC Legal Entity,2021/08/23,4586006,256542,CONTENUR (UK) LTD,Refuse Collection,13373.36,Household Waste,Third Party Supplier,STANDARD,4561,KAAA-Directorate of Economic Growth and Neighbourhood Services
RBC Legal Entity,2021/08/23,4584364,256543,FRESH GROUP PRODUCTS LTD,Corporate FM - Office Buildings,276,Equipment Purchase & Repair,Third Party Supplier,STANDARD,3738,KAAA-Directorate of Economic Growth and Neighbourhood Services
RBC Legal Entity,2021/08/23,4584364,256543,FRESH GROUP PRODUCTS LTD,Corporate FM - Office Buildings,1380,Equipment Purchase & Repair,Third Party Supplier,STANDARD,3738,KAAA-Directorate of Economic Growth and Neighbourhood Services
RBC Legal Entity,2021/08/23,4587256,256545,BRENDONCARE ALTON,PS Acquired Nursing,4250,Purchased Care,Third Party Supplier,STANDARD,5773,JAAA-Directorate of Social Care and Health Services
RBC Legal Entity,2021/08/23,4587325,256551,BARRETT & THOMSON,JLT Disbursements,833.33,Misc. Legal Expenses,SUPPLIER,STANDARD,2407,LAAA-Directorate of Resources
RBC Legal Entity,2021/08/23,4582435,256552,NEIL CURTIS FUNERAL CONTRACTOR,Grounds Maintenance,1425,TPP to Others,SUPPLIER,STANDARD,1306,KAAA-Directorate of Economic Growth and Neighbourhood Services
RBC Legal Entity,2021/08/23,4585991,256553,BERKSHIRE HEALTHCARE NHS TRUST,Public Health Team Costs,28400,NHS Trusts,Third Party Supplier,STANDARD,2065,JAAA-Directorate of Social Care and Health Services
RBC Legal Entity,2021/08/23,4587866,256554,SMS ENVIRONMENTAL LTD,Corporate Maintenance Services,10758,Precepts,SUB-CONTRACTOR,STANDARD,4080,KAAA-Directorate of Economic Growth and Neighbourhood Services
RBC Legal Entity,2021/08/23,4587732,256555,GAP GROUP LTD,Grounds Maintenance,798,Horticultrl MachineryHire,SUPPLIER,STANDARD,1306,KAAA-Directorate of Economic Growth and Neighbourhood Services
RBC Legal Entity,2021/08/23,4584464,256556,REED,IT Management,1.56,Agency Staff,SUPPLIER,STANDARD,2300,LAAA-Directorate of Resources
RBC Legal Entity,2021/08/23,4584464,256556,REED,IT Management,2.08,Agency Staff,SUPPLIER,STANDARD,2300,LAAA-Directorate of Resources
RBC Legal Entity,2021/08/23,4584464,256556,REED,IT Management,2.34,Agency Staff,SUPPLIER,STANDARD,2300,LAAA-Directorate of Resources
RBC Legal Entity,2021/08/23,4584464,256556,REED,IT Management,2.34,Agency Staff,SUPPLIER,STANDARD,2300,LAAA-Directorate of Resources
RBC Legal Entity,2021/08/23,4584464,256556,REED,IT Management,2.34,Agency Staff,SUPPLIER,STANDARD,2300,LAAA-Directorate of Resources
RBC Legal Entity,2021/08/23,4584464,256556,REED,IT Management,2.6,Agency Staff,SUPPLIER,STANDARD,2300,LAAA-Directorate of Resources
RBC Legal Entity,2021/08/23,4584464,256556,REED,IT Management,2.6,Agency Staff,SUPPLIER,STANDARD,2300,LAAA-Directorate of Resources
RBC Legal Entity,2021/08/23,4584464,256556,REED,BFFC Agency Staff (Rechargeable),2.74,Agency Staff,SUPPLIER,STANDARD,2008,LAAA-Directorate of Resources
RBC Legal Entity,2021/08/23,4584464,256556,REED,IT Management,3.12,Agency Staff,SUPPLIER,STANDARD,2300,LAAA-Directorate of Resources
RBC Legal Entity,2021/08/23,4584464,256556,REED,IT Management,4,Agency Staff,SUPPLIER,STANDARD,2300,LAAA-Directorate of Resources
RBC Legal Entity,2021/08/23,4584464,256556,REED,IT Management,4,Agency Staff,SUPPLIER,STANDARD,2300,LAAA-Directorate of Resources
RBC Legal Entity,2021/08/23,4584464,256556,REED,BFFC Agency Staff (Rechargeable),4,Agency Staff,SUPPLIER,STANDARD,2008,LAAA-Directorate of Resources
RBC Legal Entity,2021/08/23,4584464,256556,REED,BFFC Agency Staff (Rechargeable),4,Agency Staff,SUPPLIER,STANDARD,2008,LAAA-Directorate of Resources
RBC Legal Entity,2021/08/23,4584464,256556,REED,BFFC Agency Staff (Rechargeable),4,Agency Staff,SUPPLIER,STANDARD,2008,LAAA-Directorate of Resources
RBC Legal Entity,2021/08/23,4584464,256556,REED,BFFC Agency Staff (Rechargeable),5,Agency Staff,SUPPLIER,STANDARD,2008,LAAA-Directorate of Resources
RBC Legal Entity,2021/08/23,4584464,256556,REED,Mental Health Team,5.4,Agency Staff,SUPPLIER,STANDARD,5253,JAAA-Directorate of Social Care and Health Services
RBC Legal Entity,2021/08/23,4584464,256556,REED,ASC Short Term Team,5.85,Agency Staff,SUPPLIER,STANDARD,5722,JAAA-Directorate of Social Care and Health Services
RBC Legal Entity,2021/08/23,4584464,256556,REED,Valuation,6.25,Agency Staff,SUPPLIER,STANDARD,2100,KAAA-Directorate of Economic Growth and Neighbourhood Services
RBC Legal Entity,2021/08/23,4584464,256556,REED,BFFC Agency Staff (Rechargeable),6.3,Agency Staff,SUPPLIER,STANDARD,2008,LAAA-Directorate of Resources
RBC Legal Entity,2021/08/23,4584464,256556,REED,Mental Health Team,6.63,Agency Staff,SUPPLIER,STANDARD,5253,JAAA-Directorate of Social Care and Health Services
RBC Legal Entity,2021/08/23,4584464,256556,REED,BFFC Agency Staff (Rechargeable),6.75,Agency Staff,SUPPLIER,STANDARD,2008,LAAA-Directorate of Resources
RBC Legal Entity,2021/08/23,4584464,256556,REED,Mental Health Team,6.88,Agency Staff,SUPPLIER,STANDARD,5253,JAAA-Directorate of Social Care and Health Services
RBC Legal Entity,2021/08/23,4584464,256556,REED,BFFC Agency Staff (Rechargeable),7.25,Agency Staff,SUPPLIER,STANDARD,2008,LAAA-Directorate of Resources
RBC Legal Entity,2021/08/23,4584464,256556,REED,BFFC Agency Staff (Rechargeable),7.41,Agency Staff,SUPPLIER,STANDARD,2008,LAAA-Directorate of Resources
RBC Legal Entity,2021/08/23,4584464,256556,REED,BFFC Agency Staff (Rechargeable),7.41,Agency Staff,SUPPLIER,STANDARD,2008,LAAA-Directorate of Resources
RBC Legal Entity,2021/08/23,4584464,256556,REED,BFFC Agency Staff (Rechargeable),7.5,Agency Staff,SUPPLIER,STANDARD,2008,LAAA-Directorate of Resources
RBC Legal Entity,2021/08/23,4584464,256556,REED,BFFC Agency Staff (Rechargeable),7.5,Agency Staff,SUPPLIER,STANDARD,2008,LAAA-Directorate of Resources
RBC Legal Entity,2021/08/23,4584464,256556,REED,BFFC Agency Staff (Rechargeable),7.5,Agency Staff,SUPPLIER,STANDARD,2008,LAAA-Directorate of Resources
RBC Legal Entity,2021/08/23,4584464,256556,REED,BFFC Agency Staff (Rechargeable),7.5,Agency Staff,SUPPLIER,STANDARD,2008,LAAA-Directorate of Resources
RBC Legal Entity,2021/08/23,4584464,256556,REED,BFFC Agency Staff (Rechargeable),7.5,Agency Staff,SUPPLIER,STANDARD,2008,LAAA-Directorate of Resources
RBC Legal Entity,2021/08/23,4584464,256556,REED,BFFC Agency Staff (Rechargeable),7.5,Agency Staff,SUPPLIER,STANDARD,2008,LAAA-Directorate of Resources
RBC Legal Entity,2021/08/23,4584464,256556,REED,ASC Short Term Team,7.65,Agency Staff,SUPPLIER,STANDARD,5722,JAAA-Directorate of Social Care and Health Services
RBC Legal Entity,2021/08/23,4584464,256556,REED,BFFC Agency Staff (Rechargeable),7.84,Agency Staff,SUPPLIER,STANDARD,2008,LAAA-Directorate of Resources
RBC Legal Entity,2021/08/23,4584464,256556,REED,BFFC Agency Staff (Rechargeable),7.84,Agency Staff,SUPPLIER,STANDARD,2008,LAAA-Directorate of Resources
RBC Legal Entity,2021/08/23,4584464,256556,REED,BFFC Agency Staff (Rechargeable),7.84,Agency Staff,SUPPLIER,STANDARD,2008,LAAA-Directorate of Resources
RBC Legal Entity,2021/08/23,4584464,256556,REED,BFFC Agency Staff (Rechargeable),7.84,Agency Staff,SUPPLIER,STANDARD,2008,LAAA-Directorate of Resources
RBC Legal Entity,2021/08/23,4584464,256556,REED,BFFC Agency Staff (Rechargeable),7.84,Agency Staff,SUPPLIER,STANDARD,2008,LAAA-Directorate of Resources
RBC Legal Entity,2021/08/23,4584464,256556,REED,BFFC Agency Staff (Rechargeable),8,Agency Staff,SUPPLIER,STANDARD,2008,LAAA-Directorate of Resources
RBC Legal Entity,2021/08/23,4584464,256556,REED,BFFC Agency Staff (Rechargeable),8,Agency Staff,SUPPLIER,STANDARD,2008,LAAA-Directorate of Resources
RBC Legal Entity,2021/08/23,4584464,256556,REED,BFFC Agency Staff (Rechargeable),8,Agency Staff,SUPPLIER,STANDARD,2008,LAAA-Directorate of Resources
RBC Legal Entity,2021/08/23,4584464,256556,REED,Test and Trace,8,Agency Staff,SUPPLIER,STANDARD,2068,JAAA-Directorate of Social Care and Health Services
RBC Legal Entity,2021/08/23,4584464,256556,REED,BFFC Agency Staff (Rechargeable),8,Agency Staff,SUPPLIER,STANDARD,2008,LAAA-Directorate of Resources
RBC Legal Entity,2021/08/23,4584464,256556,REED,Mental Health Team,8.25,Agency Staff,SUPPLIER,STANDARD,5253,JAAA-Directorate of Social Care and Health Services
RBC Legal Entity,2021/08/23,4584464,256556,REED,BFFC Agency Staff (Rechargeable),8.5,Agency Staff,SUPPLIER,STANDARD,2008,LAAA-Directorate of Resources
RBC Legal Entity,2021/08/23,4584464,256556,REED,Mental Health Team,9.25,Agency Staff,SUPPLIER,STANDARD,5253,JAAA-Directorate of Social Care and Health Services
RBC Legal Entity,2021/08/23,4584464,256556,REED,Mental Health Team,9.25,Agency Staff,SUPPLIER,STANDARD,5253,JAAA-Directorate of Social Care and Health Services
RBC Legal Entity,2021/08/23,4584464,256556,REED,Mental Health Team,9.25,Agency Staff,SUPPLIER,STANDARD,5253,JAAA-Directorate of Social Care and Health Services
RBC Legal Entity,2021/08/23,4584464,256556,REED,Mental Health Team,9.25,Agency Staff,SUPPLIER,STANDARD,5253,JAAA-Directorate of Social Care and Health Services
RBC Legal Entity,2021/08/23,4584464,256556,REED,Mental Health Team,9.25,Agency Staff,SUPPLIER,STANDARD,5253,JAAA-Directorate of Social Care and Health Services
RBC Legal Entity,2021/08/23,4584464,256556,REED,Mental Health Team,9.25,Agency Staff,SUPPLIER,STANDARD,5253,JAAA-Directorate of Social Care and Health Services
RBC Legal Entity,2021/08/23,4584464,256556,REED,Mental Health Team,9.25,Agency Staff,SUPPLIER,STANDARD,5253,JAAA-Directorate of Social Care and Health Services
RBC Legal Entity,2021/08/23,4584464,256556,REED,Mental Health Team,9.25,Agency Staff,SUPPLIER,STANDARD,5253,JAAA-Directorate of Social Care and Health Services
RBC Legal Entity,2021/08/23,4584464,256556,REED,Mental Health Team,9.25,Agency Staff,SUPPLIER,STANDARD,5253,JAAA-Directorate of Social Care and Health Services
RBC Legal Entity,2021/08/23,4584464,256556,REED,Mental Health Team,9.25,Agency Staff,SUPPLIER,STANDARD,5253,JAAA-Directorate of Social Care and Health Services
RBC Legal Entity,2021/08/23,4584464,256556,REED,BFFC Agency Staff (Rechargeable),9.25,Agency Staff,SUPPLIER,STANDARD,2008,LAAA-Directorate of Resources
RBC Legal Entity,2021/08/23,4584464,256556,REED,BFFC Agency Staff (Rechargeable),9.25,Agency Staff,SUPPLIER,STANDARD,2008,LAAA-Directorate of Resources
RBC Legal Entity,2021/08/23,4584464,256556,REED,BFFC Agency Staff (Rechargeable),9.25,Agency Staff,SUPPLIER,STANDARD,2008,LAAA-Directorate of Resources
RBC Legal Entity,2021/08/23,4584464,256556,REED,BFFC Agency Staff (Rechargeable),9.25,Agency Staff,SUPPLIER,STANDARD,2008,LAAA-Directorate of Resources
RBC Legal Entity,2021/08/23,4584464,256556,REED,BFFC Agency Staff (Rechargeable),9.25,Agency Staff,SUPPLIER,STANDARD,2008,LAAA-Directorate of Resources
RBC Legal Entity,2021/08/23,4584464,256556,REED,BFFC Agency Staff (Rechargeable),9.25,Agency Staff,SUPPLIER,STANDARD,2008,LAAA-Directorate of Resources
RBC Legal Entity,2021/08/23,4584464,256556,REED,BFFC Agency Staff (Rechargeable),9.25,Agency Staff,SUPPLIER,STANDARD,2008,LAAA-Directorate of Resources
RBC Legal Entity,2021/08/23,4584464,256556,REED,BFFC Agency Staff (Rechargeable),9.25,Agency Staff,SUPPLIER,STANDARD,2008,LAAA-Directorate of Resources
RBC Legal Entity,2021/08/23,4584464,256556,REED,BFFC Agency Staff (Rechargeable),9.25,Agency Staff,SUPPLIER,STANDARD,2008,LAAA-Directorate of Resources
RBC Legal Entity,2021/08/23,4584464,256556,REED,BFFC Agency Staff (Rechargeable),9.25,Agency Staff,SUPPLIER,STANDARD,2008,LAAA-Directorate of Resources
RBC Legal Entity,2021/08/23,4584464,256556,REED,BFFC Agency Staff (Rechargeable),9.25,Agency Staff,SUPPLIER,STANDARD,2008,LAAA-Directorate of Resources
RBC Legal Entity,2021/08/23,4584464,256556,REED,BFFC Agency Staff (Rechargeable),9.25,Agency Staff,SUPPLIER,STANDARD,2008,LAAA-Directorate of Resources
RBC Legal Entity,2021/08/23,4584464,256556,REED,BFFC Agency Staff (Rechargeable),9.25,Agency Staff,SUPPLIER,STANDARD,2008,LAAA-Directorate of Resources
RBC Legal Entity,2021/08/23,4584464,256556,REED,BFFC Agency Staff (Rechargeable),9.25,Agency Staff,SUPPLIER,STANDARD,2008,LAAA-Directorate of Resources
RBC Legal Entity,2021/08/23,4584464,256556,REED,BFFC Agency Staff (Rechargeable),9.25,Agency Staff,SUPPLIER,STANDARD,2008,LAAA-Directorate of Resources
RBC Legal Entity,2021/08/23,4584464,256556,REED,BFFC Agency Staff (Rechargeable),9.25,Agency Staff,SUPPLIER,STANDARD,2008,LAAA-Directorate of Resources
RBC Legal Entity,2021/08/23,4584464,256556,REED,BFFC Agency Staff (Rechargeable),9.25,Agency Staff,SUPPLIER,STANDARD,2008,LAAA-Directorate of Resources
RBC Legal Entity,2021/08/23,4584464,256556,REED,BFFC Agency Staff (Rechargeable),9.25,Agency Staff,SUPPLIER,STANDARD,2008,LAAA-Directorate of Resources
RBC Legal Entity,2021/08/23,4584464,256556,REED,BFFC Agency Staff (Rechargeable),9.25,Agency Staff,SUPPLIER,STANDARD,2008,LAAA-Directorate of Resources
RBC Legal Entity,2021/08/23,4584464,256556,REED,BFFC Agency Staff (Rechargeable),9.25,Agency Staff,SUPPLIER,STANDARD,2008,LAAA-Directorate of Resources
RBC Legal Entity,2021/08/23,4584464,256556,REED,BFFC Agency Staff (Rechargeable),9.25,Agency Staff,SUPPLIER,STANDARD,2008,LAAA-Directorate of Resources
RBC Legal Entity,2021/08/23,4584464,256556,REED,BFFC Agency Staff (Rechargeable),9.25,Agency Staff,SUPPLIER,STANDARD,2008,LAAA-Directorate of Resources
RBC Legal Entity,2021/08/23,4584464,256556,REED,BFFC Agency Staff (Rechargeable),9.25,Agency Staff,SUPPLIER,STANDARD,2008,LAAA-Directorate of Resources
RBC Legal Entity,2021/08/23,4584464,256556,REED,BFFC Agency Staff (Rechargeable),9.25,Agency Staff,SUPPLIER,STANDARD,2008,LAAA-Directorate of Resources
RBC Legal Entity,2021/08/23,4584464,256556,REED,BFFC Agency Staff (Rechargeable),9.25,Agency Staff,SUPPLIER,STANDARD,2008,LAAA-Directorate of Resources
RBC Legal Entity,2021/08/23,4584464,256556,REED,BFFC Agency Staff (Rechargeable),9.25,Agency Staff,SUPPLIER,STANDARD,2008,LAAA-Directorate of Resources
RBC Legal Entity,2021/08/23,4584464,256556,REED,BFFC Agency Staff (Rechargeable),9.25,Agency Staff,SUPPLIER,STANDARD,2008,LAAA-Directorate of Resources
RBC Legal Entity,2021/08/23,4584464,256556,REED,BFFC Agency Staff (Rechargeable),9.25,Agency Staff,SUPPLIER,STANDARD,2008,LAAA-Directorate of Resources
RBC Legal Entity,2021/08/23,4584464,256556,REED,BFFC Agency Staff (Rechargeable),9.25,Agency Staff,SUPPLIER,STANDARD,2008,LAAA-Directorate of Resources
RBC Legal Entity,2021/08/23,4584464,256556,REED,BFFC Agency Staff (Rechargeable),9.25,Agency Staff,SUPPLIER,STANDARD,2008,LAAA-Directorate of Resources
RBC Legal Entity,2021/08/23,4584464,256556,REED,BFFC Agency Staff (Rechargeable),9.25,Agency Staff,SUPPLIER,STANDARD,2008,LAAA-Directorate of Resources
RBC Legal Entity,2021/08/23,4584464,256556,REED,BFFC Agency Staff (Rechargeable),9.25,Agency Staff,SUPPLIER,STANDARD,2008,LAAA-Directorate of Resources
RBC Legal Entity,2021/08/23,4584464,256556,REED,BFFC Agency Staff (Rechargeable),9.25,Agency Staff,SUPPLIER,STANDARD,2008,LAAA-Directorate of Resources
RBC Legal Entity,2021/08/23,4584464,256556,REED,BFFC Agency Staff (Rechargeable),9.25,Agency Staff,SUPPLIER,STANDARD,2008,LAAA-Directorate of Resources
RBC Legal Entity,2021/08/23,4584464,256556,REED,BFFC Agency Staff (Rechargeable),9.25,Agency Staff,SUPPLIER,STANDARD,2008,LAAA-Directorate of Resources
RBC Legal Entity,2021/08/23,4584464,256556,REED,BFFC Agency Staff (Rechargeable),9.25,Agency Staff,SUPPLIER,STANDARD,2008,LAAA-Directorate of Resources
RBC Legal Entity,2021/08/23,4584464,256556,REED,BFFC Agency Staff (Rechargeable),9.25,Agency Staff,SUPPLIER,STANDARD,2008,LAAA-Directorate of Resources
RBC Legal Entity,2021/08/23,4584464,256556,REED,BFFC Agency Staff (Rechargeable),9.25,Agency Staff,SUPPLIER,STANDARD,2008,LAAA-Directorate of Resources
RBC Legal Entity,2021/08/23,4584464,256556,REED,BFFC Agency Staff (Rechargeable),9.25,Agency Staff,SUPPLIER,STANDARD,2008,LAAA-Directorate of Resources
RBC Legal Entity,2021/08/23,4584464,256556,REED,BFFC Agency Staff (Rechargeable),9.25,Agency Staff,SUPPLIER,STANDARD,2008,LAAA-Directorate of Resources
RBC Legal Entity,2021/08/23,4584464,256556,REED,BFFC Agency Staff (Rechargeable),9.25,Agency Staff,SUPPLIER,STANDARD,2008,LAAA-Directorate of Resources
RBC Legal Entity,2021/08/23,4584464,256556,REED,BFFC Agency Staff (Rechargeable),9.25,Agency Staff,SUPPLIER,STANDARD,2008,LAAA-Directorate of Resources
RBC Legal Entity,2021/08/23,4584464,256556,REED,BFFC Agency Staff (Rechargeable),9.25,Agency Staff,SUPPLIER,STANDARD,2008,LAAA-Directorate of Resources
RBC Legal Entity,2021/08/23,4584464,256556,REED,BFFC Agency Staff (Rechargeable),9.25,Agency Staff,SUPPLIER,STANDARD,2008,LAAA-Directorate of Resources
RBC Legal Entity,2021/08/23,4584464,256556,REED,BFFC Agency Staff (Rechargeable),9.25,Agency Staff,SUPPLIER,STANDARD,2008,LAAA-Directorate of Resources
RBC Legal Entity,2021/08/23,4584464,256556,REED,BFFC Agency Staff (Rechargeable),9.25,Agency Staff,SUPPLIER,STANDARD,2008,LAAA-Directorate of Resources
RBC Legal Entity,2021/08/23,4584464,256556,REED,BFFC Agency Staff (Rechargeable),9.25,Agency Staff,SUPPLIER,STANDARD,2008,LAAA-Directorate of Resources
RBC Legal Entity,2021/08/23,4584464,256556,REED,BFFC Agency Staff (Rechargeable),9.25,Agency Staff,SUPPLIER,STANDARD,2008,LAAA-Directorate of Resources
RBC Legal Entity,2021/08/23,4584464,256556,REED,BFFC Agency Staff (Rechargeable),9.25,Agency Staff,SUPPLIER,STANDARD,2008,LAAA-Directorate of Resources
RBC Legal Entity,2021/08/23,4584464,256556,REED,BFFC Agency Staff (Rechargeable),9.25,Agency Staff,SUPPLIER,STANDARD,2008,LAAA-Directorate of Resources
RBC Legal Entity,2021/08/23,4584464,256556,REED,BFFC Agency Staff (Rechargeable),9.25,Agency Staff,SUPPLIER,STANDARD,2008,LAAA-Directorate of Resources
RBC Legal Entity,2021/08/23,4584464,256556,REED,BFFC Agency Staff (Rechargeable),9.25,Agency Staff,SUPPLIER,STANDARD,2008,LAAA-Directorate of Resources
RBC Legal Entity,2021/08/23,4584464,256556,REED,BFFC Agency Staff (Rechargeable),9.25,Agency Staff,SUPPLIER,STANDARD,2008,LAAA-Directorate of Resources
RBC Legal Entity,2021/08/23,4584464,256556,REED,BFFC Agency Staff (Rechargeable),9.25,Agency Staff,SUPPLIER,STANDARD,2008,LAAA-Directorate of Resources
RBC Legal Entity,2021/08/23,4584464,256556,REED,BFFC Agency Staff (Rechargeable),9.25,Agency Staff,SUPPLIER,STANDARD,2008,LAAA-Directorate of Resources
RBC Legal Entity,2021/08/23,4584464,256556,REED,BFFC Agency Staff (Rechargeable),9.25,Agency Staff,SUPPLIER,STANDARD,2008,LAAA-Directorate of Resources
RBC Legal Entity,2021/08/23,4584464,256556,REED,BFFC Agency Staff (Rechargeable),9.8,Agency Staff,SUPPLIER,STANDARD,2008,LAAA-Directorate of Resources
RBC Legal Entity,2021/08/23,4584464,256556,REED,BFFC Agency Staff (Rechargeable),9.9,Agency Staff,SUPPLIER,STANDARD,2008,LAAA-Directorate of Resources
RBC Legal Entity,2021/08/23,4584464,256556,REED,BFFC Agency Staff (Rechargeable),10,Agency Staff,SUPPLIER,STANDARD,2008,LAAA-Directorate of Resources
RBC Legal Entity,2021/08/23,4584464,256556,REED,BFFC Agency Staff (Rechargeable),10,Agency Staff,SUPPLIER,STANDARD,2008,LAAA-Directorate of Resources
RBC Legal Entity,2021/08/23,4584464,256556,REED,BFFC Agency Staff (Rechargeable),10,Agency Staff,SUPPLIER,STANDARD,2008,LAAA-Directorate of Resources
RBC Legal Entity,2021/08/23,4584464,256556,REED,BFFC Agency Staff (Rechargeable),10,Agency Staff,SUPPLIER,STANDARD,2008,LAAA-Directorate of Resources
RBC Legal Entity,2021/08/23,4584464,256556,REED,BFFC Agency Staff (Rechargeable),10,Agency Staff,SUPPLIER,STANDARD,2008,LAAA-Directorate of Resources
RBC Legal Entity,2021/08/23,4584464,256556,REED,BFFC Agency Staff (Rechargeable),10,Agency Staff,SUPPLIER,STANDARD,2008,LAAA-Directorate of Resources
RBC Legal Entity,2021/08/23,4584464,256556,REED,BFFC Agency Staff (Rechargeable),10,Agency Staff,SUPPLIER,STANDARD,2008,LAAA-Directorate of Resources
RBC Legal Entity,2021/08/23,4584464,256556,REED,BFFC Agency Staff (Rechargeable),10,Agency Staff,SUPPLIER,STANDARD,2008,LAAA-Directorate of Resources
RBC Legal Entity,2021/08/23,4584464,256556,REED,BFFC Agency Staff (Rechargeable),10,Agency Staff,SUPPLIER,STANDARD,2008,LAAA-Directorate of Resources
RBC Legal Entity,2021/08/23,4584464,256556,REED,BFFC Agency Staff (Rechargeable),10,Agency Staff,SUPPLIER,STANDARD,2008,LAAA-Directorate of Resources
RBC Legal Entity,2021/08/23,4584464,256556,REED,BFFC Agency Staff (Rechargeable),10.35,Agency Staff,SUPPLIER,STANDARD,2008,LAAA-Directorate of Resources
RBC Legal Entity,2021/08/23,4584464,256556,REED,BFFC Agency Staff (Rechargeable),11.76,Agency Staff,SUPPLIER,STANDARD,2008,LAAA-Directorate of Resources
RBC Legal Entity,2021/08/23,4584464,256556,REED,BFFC Agency Staff (Rechargeable),12,Agency Staff,SUPPLIER,STANDARD,2008,LAAA-Directorate of Resources
RBC Legal Entity,2021/08/23,4584464,256556,REED,BFFC Agency Staff (Rechargeable),12,Agency Staff,SUPPLIER,STANDARD,2008,LAAA-Directorate of Resources
RBC Legal Entity,2021/08/23,4584464,256556,REED,BFFC Agency Staff (Rechargeable),12,Agency Staff,SUPPLIER,STANDARD,2008,LAAA-Directorate of Resources
RBC Legal Entity,2021/08/23,4584464,256556,REED,BFFC Agency Staff (Rechargeable),12,Agency Staff,SUPPLIER,STANDARD,2008,LAAA-Directorate of Resources
RBC Legal Entity,2021/08/23,4584464,256556,REED,BFFC Agency Staff (Rechargeable),12,Agency Staff,SUPPLIER,STANDARD,2008,LAAA-Directorate of Resources
RBC Legal Entity,2021/08/23,4584464,256556,REED,BFFC Agency Staff (Rechargeable),12,Agency Staff,SUPPLIER,STANDARD,2008,LAAA-Directorate of Resources
RBC Legal Entity,2021/08/23,4584464,256556,REED,BFFC Agency Staff (Rechargeable),12,Agency Staff,SUPPLIER,STANDARD,2008,LAAA-Directorate of Resources
RBC Legal Entity,2021/08/23,4584464,256556,REED,BFFC Agency Staff (Rechargeable),12,Agency Staff,SUPPLIER,STANDARD,2008,LAAA-Directorate of Resources
RBC Legal Entity,2021/08/23,4584464,256556,REED,BFFC Agency Staff (Rechargeable),12,Agency Staff,SUPPLIER,STANDARD,2008,LAAA-Directorate of Resources
RBC Legal Entity,2021/08/23,4584464,256556,REED,BFFC Agency Staff (Rechargeable),12,Agency Staff,SUPPLIER,STANDARD,2008,LAAA-Directorate of Resources
RBC Legal Entity,2021/08/23,4584464,256556,REED,BFFC Agency Staff (Rechargeable),12,Agency Staff,SUPPLIER,STANDARD,2008,LAAA-Directorate of Resources
RBC Legal Entity,2021/08/23,4584464,256556,REED,BFFC Agency Staff (Rechargeable),12,Agency Staff,SUPPLIER,STANDARD,2008,LAAA-Directorate of Resources
RBC Legal Entity,2021/08/23,4584464,256556,REED,BFFC Agency Staff (Rechargeable),12,Agency Staff,SUPPLIER,STANDARD,2008,LAAA-Directorate of Resources
RBC Legal Entity,2021/08/23,4584464,256556,REED,BFFC Agency Staff (Rechargeable),12,Agency Staff,SUPPLIER,STANDARD,2008,LAAA-Directorate of Resources
RBC Legal Entity,2021/08/23,4584464,256556,REED,BFFC Agency Staff (Rechargeable),12,Agency Staff,SUPPLIER,STANDARD,2008,LAAA-Directorate of Resources
RBC Legal Entity,2021/08/23,4584464,256556,REED,BFFC Agency Staff (Rechargeable),12,Agency Staff,SUPPLIER,STANDARD,2008,LAAA-Directorate of Resources
RBC Legal Entity,2021/08/23,4584464,256556,REED,BFFC Agency Staff (Rechargeable),12,Agency Staff,SUPPLIER,STANDARD,2008,LAAA-Directorate of Resources
RBC Legal Entity,2021/08/23,4584464,256556,REED,BFFC Agency Staff (Rechargeable),12,Agency Staff,SUPPLIER,STANDARD,2008,LAAA-Directorate of Resources
RBC Legal Entity,2021/08/23,4584464,256556,REED,BFFC Agency Staff (Rechargeable),12,Agency Staff,SUPPLIER,STANDARD,2008,LAAA-Directorate of Resources
RBC Legal Entity,2021/08/23,4584464,256556,REED,BFFC Agency Staff (Rechargeable),12,Agency Staff,SUPPLIER,STANDARD,2008,LAAA-Directorate of Resources
RBC Legal Entity,2021/08/23,4584464,256556,REED,BFFC Agency Staff (Rechargeable),12,Agency Staff,SUPPLIER,STANDARD,2008,LAAA-Directorate of Resources
RBC Legal Entity,2021/08/23,4584464,256556,REED,BFFC Agency Staff (Rechargeable),12,Agency Staff,SUPPLIER,STANDARD,2008,LAAA-Directorate of Resources
RBC Legal Entity,2021/08/23,4584464,256556,REED,BFFC Agency Staff (Rechargeable),12,Agency Staff,SUPPLIER,STANDARD,2008,LAAA-Directorate of Resources
RBC Legal Entity,2021/08/23,4584464,256556,REED,BFFC Agency Staff (Rechargeable),12,Agency Staff,SUPPLIER,STANDARD,2008,LAAA-Directorate of Resources
RBC Legal Entity,2021/08/23,4584464,256556,REED,BFFC Agency Staff (Rechargeable),12,Agency Staff,SUPPLIER,STANDARD,2008,LAAA-Directorate of Resources
RBC Legal Entity,2021/08/23,4584464,256556,REED,BFFC Agency Staff (Rechargeable),12,Agency Staff,SUPPLIER,STANDARD,2008,LAAA-Directorate of Resources
RBC Legal Entity,2021/08/23,4584464,256556,REED,BFFC Agency Staff (Rechargeable),12.5,Agency Staff,SUPPLIER,STANDARD,2008,LAAA-Directorate of Resources
RBC Legal Entity,2021/08/23,4584464,256556,REED,BFFC Agency Staff (Rechargeable),12.5,Agency Staff,SUPPLIER,STANDARD,2008,LAAA-Directorate of Resources
RBC Legal Entity,2021/08/23,4584464,256556,REED,BFFC Agency Staff (Rechargeable),12.5,Agency Staff,SUPPLIER,STANDARD,2008,LAAA-Directorate of Resources
RBC Legal Entity,2021/08/23,4584464,256556,REED,BFFC Agency Staff (Rechargeable),12.5,Agency Staff,SUPPLIER,STANDARD,2008,LAAA-Directorate of Resources
RBC Legal Entity,2021/08/23,4584464,256556,REED,BFFC Agency Staff (Rechargeable),12.5,Agency Staff,SUPPLIER,STANDARD,2008,LAAA-Directorate of Resources
RBC Legal Entity,2021/08/23,4584464,256556,REED,BFFC Agency Staff (Rechargeable),14,Agency Staff,SUPPLIER,STANDARD,2008,LAAA-Directorate of Resources
RBC Legal Entity,2021/08/23,4584464,256556,REED,Test and Trace,14,Agency Staff,SUPPLIER,STANDARD,2068,JAAA-Directorate of Social Care and Health Services
RBC Legal Entity,2021/08/23,4584464,256556,REED,BFFC Agency Staff (Rechargeable),15,Agency Staff,SUPPLIER,STANDARD,2008,LAAA-Directorate of Resources
RBC Legal Entity,2021/08/23,4584464,256556,REED,BFFC Agency Staff (Rechargeable),15,Agency Staff,SUPPLIER,STANDARD,2008,LAAA-Directorate of Resources
RBC Legal Entity,2021/08/23,4584464,256556,REED,BFFC Agency Staff (Rechargeable),15,Agency Staff,SUPPLIER,STANDARD,2008,LAAA-Directorate of Resources
RBC Legal Entity,2021/08/23,4584464,256556,REED,BFFC Agency Staff (Rechargeable),15,Agency Staff,SUPPLIER,STANDARD,2008,LAAA-Directorate of Resources
RBC Legal Entity,2021/08/23,4584464,256556,REED,BFFC Agency Staff (Rechargeable),15,Agency Staff,SUPPLIER,STANDARD,2008,LAAA-Directorate of Resources
RBC Legal Entity,2021/08/23,4584464,256556,REED,BFFC Agency Staff (Rechargeable),15,Agency Staff,SUPPLIER,STANDARD,2008,LAAA-Directorate of Resources
RBC Legal Entity,2021/08/23,4584464,256556,REED,BFFC Agency Staff (Rechargeable),15,Agency Staff,SUPPLIER,STANDARD,2008,LAAA-Directorate of Resources
RBC Legal Entity,2021/08/23,4584464,256556,REED,BFFC Agency Staff (Rechargeable),15,Agency Staff,SUPPLIER,STANDARD,2008,LAAA-Directorate of Resources
RBC Legal Entity,2021/08/23,4584464,256556,REED,BFFC Agency Staff (Rechargeable),15,Agency Staff,SUPPLIER,STANDARD,2008,LAAA-Directorate of Resources
RBC Legal Entity,2021/08/23,4584464,256556,REED,BFFC Agency Staff (Rechargeable),15,Agency Staff,SUPPLIER,STANDARD,2008,LAAA-Directorate of Resources
RBC Legal Entity,2021/08/23,4584464,256556,REED,BFFC Agency Staff (Rechargeable),15,Agency Staff,SUPPLIER,STANDARD,2008,LAAA-Directorate of Resources
RBC Legal Entity,2021/08/23,4584464,256556,REED,BFFC Agency Staff (Rechargeable),15,Agency Staff,SUPPLIER,STANDARD,2008,LAAA-Directorate of Resources
RBC Legal Entity,2021/08/23,4584464,256556,REED,BFFC Agency Staff (Rechargeable),15,Agency Staff,SUPPLIER,STANDARD,2008,LAAA-Directorate of Resources
RBC Legal Entity,2021/08/23,4584464,256556,REED,BFFC Agency Staff (Rechargeable),15,Agency Staff,SUPPLIER,STANDARD,2008,LAAA-Directorate of Resources
RBC Legal Entity,2021/08/23,4584464,256556,REED,Valuation,15.63,Agency Staff,SUPPLIER,STANDARD,2100,KAAA-Directorate of Economic Growth and Neighbourhood Services
RBC Legal Entity,2021/08/23,4584464,256556,REED,IT Management,16,Agency Staff,SUPPLIER,STANDARD,2300,LAAA-Directorate of Resources
RBC Legal Entity,2021/08/23,4584464,256556,REED,BFFC Agency Staff (Rechargeable),16,Agency Staff,SUPPLIER,STANDARD,2008,LAAA-Directorate of Resources
RBC Legal Entity,2021/08/23,4584464,256556,REED,BFFC Agency Staff (Rechargeable),16,Agency Staff,SUPPLIER,STANDARD,2008,LAAA-Directorate of Resources
RBC Legal Entity,2021/08/23,4584464,256556,REED,BFFC Agency Staff (Rechargeable),16,Agency Staff,SUPPLIER,STANDARD,2008,LAAA-Directorate of Resources
RBC Legal Entity,2021/08/23,4584464,256556,REED,BFFC Agency Staff (Rechargeable),16,Agency Staff,SUPPLIER,STANDARD,2008,LAAA-Directorate of Resources
RBC Legal Entity,2021/08/23,4584464,256556,REED,BFFC Agency Staff (Rechargeable),16,Agency Staff,SUPPLIER,STANDARD,2008,LAAA-Directorate of Resources
RBC Legal Entity,2021/08/23,4584464,256556,REED,BFFC Agency Staff (Rechargeable),16,Agency Staff,SUPPLIER,STANDARD,2008,LAAA-Directorate of Resources
RBC Legal Entity,2021/08/23,4584464,256556,REED,BFFC Agency Staff (Rechargeable),16,Agency Staff,SUPPLIER,STANDARD,2008,LAAA-Directorate of Resources
RBC Legal Entity,2021/08/23,4584464,256556,REED,BFFC Agency Staff (Rechargeable),16,Agency Staff,SUPPLIER,STANDARD,2008,LAAA-Directorate of Resources
RBC Legal Entity,2021/08/23,4584464,256556,REED,BFFC Agency Staff (Rechargeable),16,Agency Staff,SUPPLIER,STANDARD,2008,LAAA-Directorate of Resources
RBC Legal Entity,2021/08/23,4584464,256556,REED,BFFC Agency Staff (Rechargeable),16,Agency Staff,SUPPLIER,STANDARD,2008,LAAA-Directorate of Resources
RBC Legal Entity,2021/08/23,4584464,256556,REED,BFFC Agency Staff (Rechargeable),16,Agency Staff,SUPPLIER,STANDARD,2008,LAAA-Directorate of Resources
RBC Legal Entity,2021/08/23,4584464,256556,REED,Valuation,16,Agency Staff,SUPPLIER,STANDARD,2100,KAAA-Directorate of Economic Growth and Neighbourhood Services
RBC Legal Entity,2021/08/23,4584464,256556,REED,Valuation,16,Agency Staff,SUPPLIER,STANDARD,2100,KAAA-Directorate of Economic Growth and Neighbourhood Services
RBC Legal Entity,2021/08/23,4584464,256556,REED,BFFC Agency Staff (Rechargeable),16,Agency Staff,SUPPLIER,STANDARD,2008,LAAA-Directorate of Resources
RBC Legal Entity,2021/08/23,4584464,256556,REED,BFFC Agency Staff (Rechargeable),16,Agency Staff,SUPPLIER,STANDARD,2008,LAAA-Directorate of Resources
RBC Legal Entity,2021/08/23,4584464,256556,REED,BFFC Agency Staff (Rechargeable),16,Agency Staff,SUPPLIER,STANDARD,2008,LAAA-Directorate of Resources
RBC Legal Entity,2021/08/23,4584464,256556,REED,BFFC Agency Staff (Rechargeable),16,Agency Staff,SUPPLIER,STANDARD,2008,LAAA-Directorate of Resources
RBC Legal Entity,2021/08/23,4584464,256556,REED,BFFC Agency Staff (Rechargeable),16,Agency Staff,SUPPLIER,STANDARD,2008,LAAA-Directorate of Resources
RBC Legal Entity,2021/08/23,4584464,256556,REED,BFFC Agency Staff (Rechargeable),16,Agency Staff,SUPPLIER,STANDARD,2008,LAAA-Directorate of Resources
RBC Legal Entity,2021/08/23,4584464,256556,REED,BFFC Agency Staff (Rechargeable),16,Agency Staff,SUPPLIER,STANDARD,2008,LAAA-Directorate of Resources
RBC Legal Entity,2021/08/23,4584464,256556,REED,BFFC Agency Staff (Rechargeable),16,Agency Staff,SUPPLIER,STANDARD,2008,LAAA-Directorate of Resources
RBC Legal Entity,2021/08/23,4584464,256556,REED,BFFC Agency Staff (Rechargeable),16,Agency Staff,SUPPLIER,STANDARD,2008,LAAA-Directorate of Resources
RBC Legal Entity,2021/08/23,4584464,256556,REED,Test and Trace,16,Agency Staff,SUPPLIER,STANDARD,2068,JAAA-Directorate of Social Care and Health Services
RBC Legal Entity,2021/08/23,4584464,256556,REED,BFFC Agency Staff (Rechargeable),16,Agency Staff,SUPPLIER,STANDARD,2008,LAAA-Directorate of Resources
RBC Legal Entity,2021/08/23,4584464,256556,REED,BFFC Agency Staff (Rechargeable),16,Agency Staff,SUPPLIER,STANDARD,2008,LAAA-Directorate of Resources
RBC Legal Entity,2021/08/23,4584464,256556,REED,BFFC Agency Staff (Rechargeable),16,Agency Staff,SUPPLIER,STANDARD,2008,LAAA-Directorate of Resources
RBC Legal Entity,2021/08/23,4584464,256556,REED,BFFC Agency Staff (Rechargeable),16,Agency Staff,SUPPLIER,STANDARD,2008,LAAA-Directorate of Resources
RBC Legal Entity,2021/08/23,4584464,256556,REED,BFFC Agency Staff (Rechargeable),16,Agency Staff,SUPPLIER,STANDARD,2008,LAAA-Directorate of Resources
RBC Legal Entity,2021/08/23,4584464,256556,REED,BFFC Agency Staff (Rechargeable),16,Agency Staff,SUPPLIER,STANDARD,2008,LAAA-Directorate of Resources
RBC Legal Entity,2021/08/23,4584464,256556,REED,IT Management,16.5,Agency Staff,SUPPLIER,STANDARD,2300,LAAA-Directorate of Resources
RBC Legal Entity,2021/08/23,4584464,256556,REED,BFFC Agency Staff (Rechargeable),17.5,Agency Staff,SUPPLIER,STANDARD,2008,LAAA-Directorate of Resources
RBC Legal Entity,2021/08/23,4584464,256556,REED,BFFC Agency Staff (Rechargeable),17.5,Agency Staff,SUPPLIER,STANDARD,2008,LAAA-Directorate of Resources
RBC Legal Entity,2021/08/23,4584464,256556,REED,BFFC Agency Staff (Rechargeable),18,Agency Staff,SUPPLIER,STANDARD,2008,LAAA-Directorate of Resources
RBC Legal Entity,2021/08/23,4584464,256556,REED,Valuation,18.75,Agency Staff,SUPPLIER,STANDARD,2100,KAAA-Directorate of Economic Growth and Neighbourhood Services
RBC Legal Entity,2021/08/23,4584464,256556,REED,Public Health Team Costs,20,Agency Staff,SUPPLIER,STANDARD,2065,JAAA-Directorate of Social Care and Health Services
RBC Legal Entity,2021/08/23,4584464,256556,REED,BFFC Agency Staff (Rechargeable),20,Agency Staff,SUPPLIER,STANDARD,2008,LAAA-Directorate of Resources
RBC Legal Entity,2021/08/23,4584464,256556,REED,BFFC Agency Staff (Rechargeable),20,Agency Staff,SUPPLIER,STANDARD,2008,LAAA-Directorate of Resources
RBC Legal Entity,2021/08/23,4584464,256556,REED,BFFC Agency Staff (Rechargeable),20,Agency Staff,SUPPLIER,STANDARD,2008,LAAA-Directorate of Resources
RBC Legal Entity,2021/08/23,4584464,256556,REED,BFFC Agency Staff (Rechargeable),20,Agency Staff,SUPPLIER,STANDARD,2008,LAAA-Directorate of Resources
RBC Legal Entity,2021/08/23,4584464,256556,REED,BFFC Agency Staff (Rechargeable),20,Agency Staff,SUPPLIER,STANDARD,2008,LAAA-Directorate of Resources
RBC Legal Entity,2021/08/23,4584464,256556,REED,BFFC Agency Staff (Rechargeable),20,Agency Staff,SUPPLIER,STANDARD,2008,LAAA-Directorate of Resources
RBC Legal Entity,2021/08/23,4584464,256556,REED,BFFC Agency Staff (Rechargeable),20,Agency Staff,SUPPLIER,STANDARD,2008,LAAA-Directorate of Resources
RBC Legal Entity,2021/08/23,4584464,256556,REED,BFFC Agency Staff (Rechargeable),20,Agency Staff,SUPPLIER,STANDARD,2008,LAAA-Directorate of Resources
RBC Legal Entity,2021/08/23,4584464,256556,REED,BFFC Agency Staff (Rechargeable),20,Agency Staff,SUPPLIER,STANDARD,2008,LAAA-Directorate of Resources
RBC Legal Entity,2021/08/23,4584464,256556,REED,BFFC Agency Staff (Rechargeable),20,Agency Staff,SUPPLIER,STANDARD,2008,LAAA-Directorate of Resources
RBC Legal Entity,2021/08/23,4584464,256556,REED,BFFC Agency Staff (Rechargeable),20,Agency Staff,SUPPLIER,STANDARD,2008,LAAA-Directorate of Resources
RBC Legal Entity,2021/08/23,4584464,256556,REED,BFFC Agency Staff (Rechargeable),20,Agency Staff,SUPPLIER,STANDARD,2008,LAAA-Directorate of Resources
RBC Legal Entity,2021/08/23,4584464,256556,REED,BFFC Agency Staff (Rechargeable),20,Agency Staff,SUPPLIER,STANDARD,2008,LAAA-Directorate of Resources
RBC Legal Entity,2021/08/23,4584464,256556,REED,BFFC Agency Staff (Rechargeable),20,Agency Staff,SUPPLIER,STANDARD,2008,LAAA-Directorate of Resources
RBC Legal Entity,2021/08/23,4584464,256556,REED,BFFC Agency Staff (Rechargeable),20,Agency Staff,SUPPLIER,STANDARD,2008,LAAA-Directorate of Resources
RBC Legal Entity,2021/08/23,4584464,256556,REED,BFFC Agency Staff (Rechargeable),20,Agency Staff,SUPPLIER,STANDARD,2008,LAAA-Directorate of Resources
RBC Legal Entity,2021/08/23,4584464,256556,REED,BFFC Agency Staff (Rechargeable),20,Agency Staff,SUPPLIER,STANDARD,2008,LAAA-Directorate of Resources
RBC Legal Entity,2021/08/23,4584464,256556,REED,BFFC Agency Staff (Rechargeable),20,Agency Staff,SUPPLIER,STANDARD,2008,LAAA-Directorate of Resources
RBC Legal Entity,2021/08/23,4584464,256556,REED,BFFC Agency Staff (Rechargeable),20,Agency Staff,SUPPLIER,STANDARD,2008,LAAA-Directorate of Resources
RBC Legal Entity,2021/08/23,4584464,256556,REED,BFFC Agency Staff (Rechargeable),20,Agency Staff,SUPPLIER,STANDARD,2008,LAAA-Directorate of Resources
RBC Legal Entity,2021/08/23,4584464,256556,REED,BFFC Agency Staff (Rechargeable),20,Agency Staff,SUPPLIER,STANDARD,2008,LAAA-Directorate of Resources
RBC Legal Entity,2021/08/23,4584464,256556,REED,BFFC Agency Staff (Rechargeable),20,Agency Staff,SUPPLIER,STANDARD,2008,LAAA-Directorate of Resources
RBC Legal Entity,2021/08/23,4584464,256556,REED,BFFC Agency Staff (Rechargeable),20,Agency Staff,SUPPLIER,STANDARD,2008,LAAA-Directorate of Resources
RBC Legal Entity,2021/08/23,4584464,256556,REED,BFFC Agency Staff (Rechargeable),20,Agency Staff,SUPPLIER,STANDARD,2008,LAAA-Directorate of Resources
RBC Legal Entity,2021/08/23,4584464,256556,REED,BFFC Agency Staff (Rechargeable),20,Agency Staff,SUPPLIER,STANDARD,2008,LAAA-Directorate of Resources
RBC Legal Entity,2021/08/23,4584464,256556,REED,BFFC Agency Staff (Rechargeable),20,Agency Staff,SUPPLIER,STANDARD,2008,LAAA-Directorate of Resources
RBC Legal Entity,2021/08/23,4584464,256556,REED,BFFC Agency Staff (Rechargeable),20,Agency Staff,SUPPLIER,STANDARD,2008,LAAA-Directorate of Resources
RBC Legal Entity,2021/08/23,4584464,256556,REED,BFFC Agency Staff (Rechargeable),20,Agency Staff,SUPPLIER,STANDARD,2008,LAAA-Directorate of Resources
RBC Legal Entity,2021/08/23,4584464,256556,REED,BFFC Agency Staff (Rechargeable),20,Agency Staff,SUPPLIER,STANDARD,2008,LAAA-Directorate of Resources
RBC Legal Entity,2021/08/23,4584464,256556,REED,BFFC Agency Staff (Rechargeable),20,Agency Staff,SUPPLIER,STANDARD,2008,LAAA-Directorate of Resources
RBC Legal Entity,2021/08/23,4584464,256556,REED,BFFC Agency Staff (Rechargeable),20,Agency Staff,SUPPLIER,STANDARD,2008,LAAA-Directorate of Resources
RBC Legal Entity,2021/08/23,4584464,256556,REED,BFFC Agency Staff (Rechargeable),20,Agency Staff,SUPPLIER,STANDARD,2008,LAAA-Directorate of Resources
RBC Legal Entity,2021/08/23,4584464,256556,REED,BFFC Agency Staff (Rechargeable),20,Agency Staff,SUPPLIER,STANDARD,2008,LAAA-Directorate of Resources
RBC Legal Entity,2021/08/23,4584464,256556,REED,BFFC Agency Staff (Rechargeable),20,Agency Staff,SUPPLIER,STANDARD,2008,LAAA-Directorate of Resources
RBC Legal Entity,2021/08/23,4584464,256556,REED,BFFC Agency Staff (Rechargeable),20,Agency Staff,SUPPLIER,STANDARD,2008,LAAA-Directorate of Resources
RBC Legal Entity,2021/08/23,4584464,256556,REED,BFFC Agency Staff (Rechargeable),20,Agency Staff,SUPPLIER,STANDARD,2008,LAAA-Directorate of Resources
RBC Legal Entity,2021/08/23,4584464,256556,REED,BFFC Agency Staff (Rechargeable),20,Agency Staff,SUPPLIER,STANDARD,2008,LAAA-Directorate of Resources
RBC Legal Entity,2021/08/23,4584464,256556,REED,BFFC Agency Staff (Rechargeable),20,Agency Staff,SUPPLIER,STANDARD,2008,LAAA-Directorate of Resources
RBC Legal Entity,2021/08/23,4584464,256556,REED,BFFC Agency Staff (Rechargeable),20,Agency Staff,SUPPLIER,STANDARD,2008,LAAA-Directorate of Resources
RBC Legal Entity,2021/08/23,4584464,256556,REED,BFFC Agency Staff (Rechargeable),20,Agency Staff,SUPPLIER,STANDARD,2008,LAAA-Directorate of Resources
RBC Legal Entity,2021/08/23,4584464,256556,REED,BFFC Agency Staff (Rechargeable),20,Agency Staff,SUPPLIER,STANDARD,2008,LAAA-Directorate of Resources
RBC Legal Entity,2021/08/23,4584464,256556,REED,BFFC Agency Staff (Rechargeable),20,Agency Staff,SUPPLIER,STANDARD,2008,LAAA-Directorate of Resources
RBC Legal Entity,2021/08/23,4584464,256556,REED,BFFC Agency Staff (Rechargeable),20,Agency Staff,SUPPLIER,STANDARD,2008,LAAA-Directorate of Resources
RBC Legal Entity,2021/08/23,4584464,256556,REED,BFFC Agency Staff (Rechargeable),20,Agency Staff,SUPPLIER,STANDARD,2008,LAAA-Directorate of Resources
RBC Legal Entity,2021/08/23,4584464,256556,REED,BFFC Agency Staff (Rechargeable),20,Agency Staff,SUPPLIER,STANDARD,2008,LAAA-Directorate of Resources
RBC Legal Entity,2021/08/23,4584464,256556,REED,BFFC Agency Staff (Rechargeable),20,Agency Staff,SUPPLIER,STANDARD,2008,LAAA-Directorate of Resources
RBC Legal Entity,2021/08/23,4584464,256556,REED,BFFC Agency Staff (Rechargeable),20,Agency Staff,SUPPLIER,STANDARD,2008,LAAA-Directorate of Resources
RBC Legal Entity,2021/08/23,4584464,256556,REED,BFFC Agency Staff (Rechargeable),20,Agency Staff,SUPPLIER,STANDARD,2008,LAAA-Directorate of Resources
RBC Legal Entity,2021/08/23,4584464,256556,REED,BFFC Agency Staff (Rechargeable),20,Agency Staff,SUPPLIER,STANDARD,2008,LAAA-Directorate of Resources
RBC Legal Entity,2021/08/23,4584464,256556,REED,BFFC Agency Staff (Rechargeable),20,Agency Staff,SUPPLIER,STANDARD,2008,LAAA-Directorate of Resources
RBC Legal Entity,2021/08/23,4584464,256556,REED,BFFC Agency Staff (Rechargeable),20,Agency Staff,SUPPLIER,STANDARD,2008,LAAA-Directorate of Resources
RBC Legal Entity,2021/08/23,4584464,256556,REED,BFFC Agency Staff (Rechargeable),20,Agency Staff,SUPPLIER,STANDARD,2008,LAAA-Directorate of Resources
RBC Legal Entity,2021/08/23,4584464,256556,REED,BFFC Agency Staff (Rechargeable),20,Agency Staff,SUPPLIER,STANDARD,2008,LAAA-Directorate of Resources
RBC Legal Entity,2021/08/23,4584464,256556,REED,BFFC Agency Staff (Rechargeable),20,Agency Staff,SUPPLIER,STANDARD,2008,LAAA-Directorate of Resources
RBC Legal Entity,2021/08/23,4584464,256556,REED,BFFC Agency Staff (Rechargeable),20,Agency Staff,SUPPLIER,STANDARD,2008,LAAA-Directorate of Resources
RBC Legal Entity,2021/08/23,4584464,256556,REED,BFFC Agency Staff (Rechargeable),20,Agency Staff,SUPPLIER,STANDARD,2008,LAAA-Directorate of Resources
RBC Legal Entity,2021/08/23,4584464,256556,REED,BFFC Agency Staff (Rechargeable),20,Agency Staff,SUPPLIER,STANDARD,2008,LAAA-Directorate of Resources
RBC Legal Entity,2021/08/23,4584464,256556,REED,BFFC Agency Staff (Rechargeable),20,Agency Staff,SUPPLIER,STANDARD,2008,LAAA-Directorate of Resources
RBC Legal Entity,2021/08/23,4584464,256556,REED,BFFC Agency Staff (Rechargeable),20,Agency Staff,SUPPLIER,STANDARD,2008,LAAA-Directorate of Resources
RBC Legal Entity,2021/08/23,4584464,256556,REED,Test and Trace,20,Agency Staff,SUPPLIER,STANDARD,2068,JAAA-Directorate of Social Care and Health Services
RBC Legal Entity,2021/08/23,4584464,256556,REED,Test and Trace,20,Agency Staff,SUPPLIER,STANDARD,2068,JAAA-Directorate of Social Care and Health Services
RBC Legal Entity,2021/08/23,4584464,256556,REED,Test and Trace,20,Agency Staff,SUPPLIER,STANDARD,2068,JAAA-Directorate of Social Care and Health Services
RBC Legal Entity,2021/08/23,4584464,256556,REED,Test and Trace,20,Agency Staff,SUPPLIER,STANDARD,2068,JAAA-Directorate of Social Care and Health Services
RBC Legal Entity,2021/08/23,4584464,256556,REED,BFFC Agency Staff (Rechargeable),20,Agency Staff,SUPPLIER,STANDARD,2008,LAAA-Directorate of Resources
RBC Legal Entity,2021/08/23,4584464,256556,REED,BFFC Agency Staff (Rechargeable),20,Agency Staff,SUPPLIER,STANDARD,2008,LAAA-Directorate of Resources
RBC Legal Entity,2021/08/23,4584464,256556,REED,BFFC Agency Staff (Rechargeable),20,Agency Staff,SUPPLIER,STANDARD,2008,LAAA-Directorate of Resources
RBC Legal Entity,2021/08/23,4584464,256556,REED,BFFC Agency Staff (Rechargeable),20,Agency Staff,SUPPLIER,STANDARD,2008,LAAA-Directorate of Resources
RBC Legal Entity,2021/08/23,4584464,256556,REED,BFFC Agency Staff (Rechargeable),20,Agency Staff,SUPPLIER,STANDARD,2008,LAAA-Directorate of Resources
RBC Legal Entity,2021/08/23,4584464,256556,REED,BFFC Agency Staff (Rechargeable),20,Agency Staff,SUPPLIER,STANDARD,2008,LAAA-Directorate of Resources
RBC Legal Entity,2021/08/23,4584464,256556,REED,BFFC Agency Staff (Rechargeable),20,Agency Staff,SUPPLIER,STANDARD,2008,LAAA-Directorate of Resources
RBC Legal Entity,2021/08/23,4584464,256556,REED,BFFC Agency Staff (Rechargeable),20,Agency Staff,SUPPLIER,STANDARD,2008,LAAA-Directorate of Resources
RBC Legal Entity,2021/08/23,4584464,256556,REED,BFFC Agency Staff (Rechargeable),20,Agency Staff,SUPPLIER,STANDARD,2008,LAAA-Directorate of Resources
RBC Legal Entity,2021/08/23,4584464,256556,REED,BFFC Agency Staff (Rechargeable),20,Agency Staff,SUPPLIER,STANDARD,2008,LAAA-Directorate of Resources
RBC Legal Entity,2021/08/23,4584464,256556,REED,BFFC Agency Staff (Rechargeable),20,Agency Staff,SUPPLIER,STANDARD,2008,LAAA-Directorate of Resources
RBC Legal Entity,2021/08/23,4584464,256556,REED,BFFC Agency Staff (Rechargeable),20,Agency Staff,SUPPLIER,STANDARD,2008,LAAA-Directorate of Resources
RBC Legal Entity,2021/08/23,4584464,256556,REED,BFFC Agency Staff (Rechargeable),20,Agency Staff,SUPPLIER,STANDARD,2008,LAAA-Directorate of Resources
RBC Legal Entity,2021/08/23,4584464,256556,REED,BFFC Agency Staff (Rechargeable),20,Agency Staff,SUPPLIER,STANDARD,2008,LAAA-Directorate of Resources
RBC Legal Entity,2021/08/23,4584464,256556,REED,BFFC Agency Staff (Rechargeable),20,Agency Staff,SUPPLIER,STANDARD,2008,LAAA-Directorate of Resources
RBC Legal Entity,2021/08/23,4584464,256556,REED,BFFC Agency Staff (Rechargeable),20,Agency Staff,SUPPLIER,STANDARD,2008,LAAA-Directorate of Resources
RBC Legal Entity,2021/08/23,4584464,256556,REED,BFFC Agency Staff (Rechargeable),20,Agency Staff,SUPPLIER,STANDARD,2008,LAAA-Directorate of Resources
RBC Legal Entity,2021/08/23,4584464,256556,REED,BFFC Agency Staff (Rechargeable),20,Agency Staff,SUPPLIER,STANDARD,2008,LAAA-Directorate of Resources
RBC Legal Entity,2021/08/23,4584464,256556,REED,BFFC Agency Staff (Rechargeable),20,Agency Staff,SUPPLIER,STANDARD,2008,LAAA-Directorate of Resources
RBC Legal Entity,2021/08/23,4584464,256556,REED,BFFC Agency Staff (Rechargeable),20,Agency Staff,SUPPLIER,STANDARD,2008,LAAA-Directorate of Resources
RBC Legal Entity,2021/08/23,4584464,256556,REED,BFFC Agency Staff (Rechargeable),20,Agency Staff,SUPPLIER,STANDARD,2008,LAAA-Directorate of Resources
RBC Legal Entity,2021/08/23,4584464,256556,REED,BFFC Agency Staff (Rechargeable),20,Agency Staff,SUPPLIER,STANDARD,2008,LAAA-Directorate of Resources
RBC Legal Entity,2021/08/23,4584464,256556,REED,BFFC Agency Staff (Rechargeable),20,Agency Staff,SUPPLIER,STANDARD,2008,LAAA-Directorate of Resources
RBC Legal Entity,2021/08/23,4584464,256556,REED,BFFC Agency Staff (Rechargeable),20,Agency Staff,SUPPLIER,STANDARD,2008,LAAA-Directorate of Resources
RBC Legal Entity,2021/08/23,4584464,256556,REED,BFFC Agency Staff (Rechargeable),20,Agency Staff,SUPPLIER,STANDARD,2008,LAAA-Directorate of Resources
RBC Legal Entity,2021/08/23,4584464,256556,REED,BFFC Agency Staff (Rechargeable),20,Agency Staff,SUPPLIER,STANDARD,2008,LAAA-Directorate of Resources
RBC Legal Entity,2021/08/23,4584464,256556,REED,BFFC Agency Staff (Rechargeable),20,Agency Staff,SUPPLIER,STANDARD,2008,LAAA-Directorate of Resources
RBC Legal Entity,2021/08/23,4584464,256556,REED,BFFC Agency Staff (Rechargeable),20,Agency Staff,SUPPLIER,STANDARD,2008,LAAA-Directorate of Resources
RBC Legal Entity,2021/08/23,4584464,256556,REED,Test and Trace,21.25,Agency Staff,SUPPLIER,STANDARD,2068,JAAA-Directorate of Social Care and Health Services
RBC Legal Entity,2021/08/23,4584464,256556,REED,Test and Trace,21.25,Agency Staff,SUPPLIER,STANDARD,2068,JAAA-Directorate of Social Care and Health Services
RBC Legal Entity,2021/08/23,4584464,256556,REED,IT Management,22,Agency Staff,SUPPLIER,STANDARD,2300,LAAA-Directorate of Resources
RBC Legal Entity,2021/08/23,4584464,256556,REED,BFFC Agency Staff (Rechargeable),22.5,Agency Staff,SUPPLIER,STANDARD,2008,LAAA-Directorate of Resources
RBC Legal Entity,2021/08/23,4584464,256556,REED,IT Management,24.75,Agency Staff,SUPPLIER,STANDARD,2300,LAAA-Directorate of Resources
RBC Legal Entity,2021/08/23,4584464,256556,REED,BFFC Agency Staff (Rechargeable),25,Agency Staff,SUPPLIER,STANDARD,2008,LAAA-Directorate of Resources
RBC Legal Entity,2021/08/23,4584464,256556,REED,BFFC Agency Staff (Rechargeable),25,Agency Staff,SUPPLIER,STANDARD,2008,LAAA-Directorate of Resources
RBC Legal Entity,2021/08/23,4584464,256556,REED,Valuation,25,Agency Staff,SUPPLIER,STANDARD,2100,KAAA-Directorate of Economic Growth and Neighbourhood Services
RBC Legal Entity,2021/08/23,4584464,256556,REED,Valuation,25,Agency Staff,SUPPLIER,STANDARD,2100,KAAA-Directorate of Economic Growth and Neighbourhood Services
RBC Legal Entity,2021/08/23,4584464,256556,REED,Valuation,25,Agency Staff,SUPPLIER,STANDARD,2100,KAAA-Directorate of Economic Growth and Neighbourhood Services
RBC Legal Entity,2021/08/23,4584464,256556,REED,BFFC Agency Staff (Rechargeable),26.1,Agency Staff,SUPPLIER,STANDARD,2008,LAAA-Directorate of Resources
RBC Legal Entity,2021/08/23,4584464,256556,REED,IT Management,27.5,Agency Staff,SUPPLIER,STANDARD,2300,LAAA-Directorate of Resources
RBC Legal Entity,2021/08/23,4584464,256556,REED,IT Management,27.5,Agency Staff,SUPPLIER,STANDARD,2300,LAAA-Directorate of Resources
RBC Legal Entity,2021/08/23,4584464,256556,REED,IT Management,27.5,Agency Staff,SUPPLIER,STANDARD,2300,LAAA-Directorate of Resources
RBC Legal Entity,2021/08/23,4584464,256556,REED,IT Management,27.5,Agency Staff,SUPPLIER,STANDARD,2300,LAAA-Directorate of Resources
RBC Legal Entity,2021/08/23,4584464,256556,REED,IT Management,27.5,Agency Staff,SUPPLIER,STANDARD,2300,LAAA-Directorate of Resources
RBC Legal Entity,2021/08/23,4584464,256556,REED,IT Management,27.5,Agency Staff,SUPPLIER,STANDARD,2300,LAAA-Directorate of Resources
RBC Legal Entity,2021/08/23,4584464,256556,REED,IT Management,27.5,Agency Staff,SUPPLIER,STANDARD,2300,LAAA-Directorate of Resources
RBC Legal Entity,2021/08/23,4584464,256556,REED,IT Management,27.5,Agency Staff,SUPPLIER,STANDARD,2300,LAAA-Directorate of Resources
RBC Legal Entity,2021/08/23,4584464,256556,REED,IT Management,27.5,Agency Staff,SUPPLIER,STANDARD,2300,LAAA-Directorate of Resources
RBC Legal Entity,2021/08/23,4584464,256556,REED,Valuation,31.25,Agency Staff,SUPPLIER,STANDARD,2100,KAAA-Directorate of Economic Growth and Neighbourhood Services
RBC Legal Entity,2021/08/23,4584464,256556,REED,Valuation,31.25,Agency Staff,SUPPLIER,STANDARD,2100,KAAA-Directorate of Economic Growth and Neighbourhood Services
RBC Legal Entity,2021/08/23,4584464,256556,REED,Valuation,31.25,Agency Staff,SUPPLIER,STANDARD,2100,KAAA-Directorate of Economic Growth and Neighbourhood Services
RBC Legal Entity,2021/08/23,4584464,256556,REED,Valuation,31.25,Agency Staff,SUPPLIER,STANDARD,2100,KAAA-Directorate of Economic Growth and Neighbourhood Services
RBC Legal Entity,2021/08/23,4584464,256556,REED,Valuation,31.25,Agency Staff,SUPPLIER,STANDARD,2100,KAAA-Directorate of Economic Growth and Neighbourhood Services
RBC Legal Entity,2021/08/23,4584464,256556,REED,Valuation,31.25,Agency Staff,SUPPLIER,STANDARD,2100,KAAA-Directorate of Economic Growth and Neighbourhood Services
RBC Legal Entity,2021/08/23,4584464,256556,REED,ASC Short Term Team,32.4,Agency Staff,SUPPLIER,STANDARD,5722,JAAA-Directorate of Social Care and Health Services
RBC Legal Entity,2021/08/23,4584464,256556,REED,BFFC Agency Staff (Rechargeable),36,Agency Staff,SUPPLIER,STANDARD,2008,LAAA-Directorate of Resources
RBC Legal Entity,2021/08/23,4584464,256556,REED,BFFC Agency Staff (Rechargeable),45,Agency Staff,SUPPLIER,STANDARD,2008,LAAA-Directorate of Resources
RBC Legal Entity,2021/08/23,4584464,256556,REED,BFFC Agency Staff (Rechargeable),53.1,Agency Staff,SUPPLIER,STANDARD,2008,LAAA-Directorate of Resources
RBC Legal Entity,2021/08/23,4584464,256556,REED,Mental Health Team,54,Agency Staff,SUPPLIER,STANDARD,5253,JAAA-Directorate of Social Care and Health Services
RBC Legal Entity,2021/08/23,4584464,256556,REED,Street Cleansing,105.03,Agency Staff,SUPPLIER,STANDARD,4566,KAAA-Directorate of Economic Growth and Neighbourhood Services
RBC Legal Entity,2021/08/23,4584464,256556,REED,BFFC Agency Staff (Rechargeable),125.1,Agency Staff,SUPPLIER,STANDARD,2008,LAAA-Directorate of Resources
RBC Legal Entity,2021/08/23,4584464,256556,REED,BFFC Agency Staff (Rechargeable),172.9,Agency Staff,SUPPLIER,STANDARD,2008,LAAA-Directorate of Resources
RBC Legal Entity,2021/08/23,4584464,256556,REED,BFFC Agency Staff (Rechargeable),188.02,Agency Staff,SUPPLIER,STANDARD,2008,LAAA-Directorate of Resources
RBC Legal Entity,2021/08/23,4584464,256556,REED,BFFC Agency Staff (Rechargeable),215.55,Agency Staff,SUPPLIER,STANDARD,2008,LAAA-Directorate of Resources
RBC Legal Entity,2021/08/23,4584464,256556,REED,Customer Services - Reception,218.52,Agency Staff,SUPPLIER,STANDARD,2595,LAAA-Directorate of Resources
RBC Legal Entity,2021/08/23,4584464,256556,REED,Customer Services - Reception,222.81,Agency Staff,SUPPLIER,STANDARD,2595,LAAA-Directorate of Resources
RBC Legal Entity,2021/08/23,4584464,256556,REED,BFFC Agency Staff (Rechargeable),239.4,Agency Staff,SUPPLIER,STANDARD,2008,LAAA-Directorate of Resources
RBC Legal Entity,2021/08/23,4584464,256556,REED,Street Cleansing,319.12,Agency Staff,SUPPLIER,STANDARD,4566,KAAA-Directorate of Economic Growth and Neighbourhood Services
RBC Legal Entity,2021/08/23,4584464,256556,REED,Street Cleansing,388.59,Agency Staff,SUPPLIER,STANDARD,4566,KAAA-Directorate of Economic Growth and Neighbourhood Services
RBC Legal Entity,2021/08/23,4584464,256556,REED,Valuation,443.25,Agency Staff,SUPPLIER,STANDARD,2100,KAAA-Directorate of Economic Growth and Neighbourhood Services
RBC Legal Entity,2021/08/23,4584464,256556,REED,Valuation,443.25,Agency Staff,SUPPLIER,STANDARD,2100,KAAA-Directorate of Economic Growth and Neighbourhood Services
RBC Legal Entity,2021/08/23,4584464,256556,REED,Joint Legal Team,470.72,Agency Staff,SUPPLIER,STANDARD,2405,LAAA-Directorate of Resources
RBC Legal Entity,2021/08/23,4584464,256556,REED,Accountancy,489.96,Agency Staff,SUPPLIER,STANDARD,2200,LAAA-Directorate of Resources
RBC Legal Entity,2021/08/23,4584464,256556,REED,IT Management,520.4,Agency Staff,SUPPLIER,STANDARD,2300,LAAA-Directorate of Resources
RBC Legal Entity,2021/08/23,4584464,256556,REED,IT Management,520.4,Agency Staff,SUPPLIER,STANDARD,2300,LAAA-Directorate of Resources
RBC Legal Entity,2021/08/23,4584464,256556,REED,Street Cleansing,525.2,Agency Staff,SUPPLIER,STANDARD,4566,KAAA-Directorate of Economic Growth and Neighbourhood Services
RBC Legal Entity,2021/08/23,4584464,256556,REED,BFFC Agency Staff (Rechargeable),531.55,Agency Staff,SUPPLIER,STANDARD,2008,LAAA-Directorate of Resources
RBC Legal Entity,2021/08/23,4584464,256556,REED,Street Cleansing,531.86,Agency Staff,SUPPLIER,STANDARD,4566,KAAA-Directorate of Economic Growth and Neighbourhood Services
RBC Legal Entity,2021/08/23,4584464,256556,REED,Street Cleansing,531.86,Agency Staff,SUPPLIER,STANDARD,4566,KAAA-Directorate of Economic Growth and Neighbourhood Services
RBC Legal Entity,2021/08/23,4584464,256556,REED,Lateral Flow Testing,535.27,Agency Staff,SUPPLIER,STANDARD,2701,LAAA-Directorate of Resources
RBC Legal Entity,2021/08/23,4584464,256556,REED,Lateral Flow Testing,535.27,Agency Staff,SUPPLIER,STANDARD,2701,LAAA-Directorate of Resources
RBC Legal Entity,2021/08/23,4584464,256556,REED,Lateral Flow Testing,552.02,Agency Staff,SUPPLIER,STANDARD,2701,LAAA-Directorate of Resources
RBC Legal Entity,2021/08/23,4584464,256556,REED,Procurement Services,557.39,Agency Staff,SUPPLIER,STANDARD,2402,LAAA-Directorate of Resources
RBC Legal Entity,2021/08/23,4584464,256556,REED,Lateral Flow Testing,579.88,Agency Staff,SUPPLIER,STANDARD,2701,LAAA-Directorate of Resources
RBC Legal Entity,2021/08/23,4584464,256556,REED,Accountancy,581.3,Agency Staff,SUPPLIER,STANDARD,2200,LAAA-Directorate of Resources
RBC Legal Entity,2021/08/23,4584464,256556,REED,Refuse Collection,583.72,Agency Staff,SUPPLIER,STANDARD,4561,KAAA-Directorate of Economic Growth and Neighbourhood Services
RBC Legal Entity,2021/08/23,4584464,256556,REED,Valuation,591,Agency Staff,SUPPLIER,STANDARD,2100,KAAA-Directorate of Economic Growth and Neighbourhood Services
RBC Legal Entity,2021/08/23,4584464,256556,REED,Valuation,591,Agency Staff,SUPPLIER,STANDARD,2100,KAAA-Directorate of Economic Growth and Neighbourhood Services
RBC Legal Entity,2021/08/23,4584464,256556,REED,Valuation,591,Agency Staff,SUPPLIER,STANDARD,2100,KAAA-Directorate of Economic Growth and Neighbourhood Services
RBC Legal Entity,2021/08/23,4584464,256556,REED,Lateral Flow Testing,597.23,Agency Staff,SUPPLIER,STANDARD,2701,LAAA-Directorate of Resources
RBC Legal Entity,2021/08/23,4584464,256556,REED,Refuse Collection,600.41,Agency Staff,SUPPLIER,STANDARD,4561,KAAA-Directorate of Economic Growth and Neighbourhood Services
RBC Legal Entity,2021/08/23,4584464,256556,REED,Refuse Collection,604.76,Agency Staff,SUPPLIER,STANDARD,4561,KAAA-Directorate of Economic Growth and Neighbourhood Services
RBC Legal Entity,2021/08/23,4584464,256556,REED,Refuse Collection,613.66,Agency Staff,SUPPLIER,STANDARD,4561,KAAA-Directorate of Economic Growth and Neighbourhood Services
RBC Legal Entity,2021/08/23,4584464,256556,REED,Buildings Payroll,617.65,Agency Staff,SUPPLIER,STANDARD,3390,KAAA-Directorate of Economic Growth and Neighbourhood Services
RBC Legal Entity,2021/08/23,4584464,256556,REED,Refuse Collection,631.44,Agency Staff,SUPPLIER,STANDARD,4561,KAAA-Directorate of Economic Growth and Neighbourhood Services
RBC Legal Entity,2021/08/23,4584464,256556,REED,Grounds Maintenance,640.33,Agency Staff,SUPPLIER,STANDARD,1306,KAAA-Directorate of Economic Growth and Neighbourhood Services
RBC Legal Entity,2021/08/23,4584464,256556,REED,Lateral Flow Testing,686.94,Agency Staff,SUPPLIER,STANDARD,2701,LAAA-Directorate of Resources
RBC Legal Entity,2021/08/23,4584464,256556,REED,ASC Locality Team,710.63,Agency Staff,SUPPLIER,STANDARD,5721,JAAA-Directorate of Social Care and Health Services
RBC Legal Entity,2021/08/23,4584464,256556,REED,Valuation,718.75,Agency Staff,SUPPLIER,STANDARD,2100,KAAA-Directorate of Economic Growth and Neighbourhood Services
RBC Legal Entity,2021/08/23,4584464,256556,REED,Valuation,718.75,Agency Staff,SUPPLIER,STANDARD,2100,KAAA-Directorate of Economic Growth and Neighbourhood Services
RBC Legal Entity,2021/08/23,4584464,256556,REED,Valuation,718.75,Agency Staff,SUPPLIER,STANDARD,2100,KAAA-Directorate of Economic Growth and Neighbourhood Services
RBC Legal Entity,2021/08/23,4584464,256556,REED,Valuation,718.75,Agency Staff,SUPPLIER,STANDARD,2100,KAAA-Directorate of Economic Growth and Neighbourhood Services
RBC Legal Entity,2021/08/23,4584464,256556,REED,Valuation,718.75,Agency Staff,SUPPLIER,STANDARD,2100,KAAA-Directorate of Economic Growth and Neighbourhood Services
RBC Legal Entity,2021/08/23,4584464,256556,REED,Lateral Flow Testing,737.24,Agency Staff,SUPPLIER,STANDARD,2701,LAAA-Directorate of Resources
RBC Legal Entity,2021/08/23,4584464,256556,REED,Lateral Flow Testing,737.24,Agency Staff,SUPPLIER,STANDARD,2701,LAAA-Directorate of Resources
RBC Legal Entity,2021/08/23,4584464,256556,REED,Valuation,738.75,Agency Staff,SUPPLIER,STANDARD,2100,KAAA-Directorate of Economic Growth and Neighbourhood Services
RBC Legal Entity,2021/08/23,4584464,256556,REED,Valuation,738.75,Agency Staff,SUPPLIER,STANDARD,2100,KAAA-Directorate of Economic Growth and Neighbourhood Services
RBC Legal Entity,2021/08/23,4584464,256556,REED,Valuation,738.75,Agency Staff,SUPPLIER,STANDARD,2100,KAAA-Directorate of Economic Growth and Neighbourhood Services
RBC Legal Entity,2021/08/23,4584464,256556,REED,Valuation,738.75,Agency Staff,SUPPLIER,STANDARD,2100,KAAA-Directorate of Economic Growth and Neighbourhood Services
RBC Legal Entity,2021/08/23,4584464,256556,REED,Valuation,738.75,Agency Staff,SUPPLIER,STANDARD,2100,KAAA-Directorate of Economic Growth and Neighbourhood Services
RBC Legal Entity,2021/08/23,4584464,256556,REED,Valuation,738.75,Agency Staff,SUPPLIER,STANDARD,2100,KAAA-Directorate of Economic Growth and Neighbourhood Services
RBC Legal Entity,2021/08/23,4584464,256556,REED,Valuation,738.75,Agency Staff,SUPPLIER,STANDARD,2100,KAAA-Directorate of Economic Growth and Neighbourhood Services
RBC Legal Entity,2021/08/23,4584464,256556,REED,Valuation,738.75,Agency Staff,SUPPLIER,STANDARD,2100,KAAA-Directorate of Economic Growth and Neighbourhood Services
RBC Legal Entity,2021/08/23,4584464,256556,REED,Valuation,738.75,Agency Staff,SUPPLIER,STANDARD,2100,KAAA-Directorate of Economic Growth and Neighbourhood Services
RBC Legal Entity,2021/08/23,4584464,256556,REED,Valuation,738.75,Agency Staff,SUPPLIER,STANDARD,2100,KAAA-Directorate of Economic Growth and Neighbourhood Services
RBC Legal Entity,2021/08/23,4584464,256556,REED,Valuation,738.75,Agency Staff,SUPPLIER,STANDARD,2100,KAAA-Directorate of Economic Growth and Neighbourhood Services
RBC Legal Entity,2021/08/23,4584464,256556,REED,Valuation,738.75,Agency Staff,SUPPLIER,STANDARD,2100,KAAA-Directorate of Economic Growth and Neighbourhood Services
RBC Legal Entity,2021/08/23,4584464,256556,REED,Valuation,738.75,Agency Staff,SUPPLIER,STANDARD,2100,KAAA-Directorate of Economic Growth and Neighbourhood Services
RBC Legal Entity,2021/08/23,4584464,256556,REED,Valuation,738.75,Agency Staff,SUPPLIER,STANDARD,2100,KAAA-Directorate of Economic Growth and Neighbourhood Services
RBC Legal Entity,2021/08/23,4584464,256556,REED,Valuation,738.75,Agency Staff,SUPPLIER,STANDARD,2100,KAAA-Directorate of Economic Growth and Neighbourhood Services
RBC Legal Entity,2021/08/23,4584464,256556,REED,Valuation,738.75,Agency Staff,SUPPLIER,STANDARD,2100,KAAA-Directorate of Economic Growth and Neighbourhood Services
RBC Legal Entity,2021/08/23,4584464,256556,REED,Refuse Collection,740.38,Agency Staff,SUPPLIER,STANDARD,4561,KAAA-Directorate of Economic Growth and Neighbourhood Services
RBC Legal Entity,2021/08/23,4584464,256556,REED,Lateral Flow Testing,743.49,Agency Staff,SUPPLIER,STANDARD,2701,LAAA-Directorate of Resources
RBC Legal Entity,2021/08/23,4584464,256556,REED,Public Health Team Costs,756.97,Agency Staff,SUPPLIER,STANDARD,2065,JAAA-Directorate of Social Care and Health Services
RBC Legal Entity,2021/08/23,4584464,256556,REED,BFFC Agency Staff (Rechargeable),797.63,Agency Staff,SUPPLIER,STANDARD,2008,LAAA-Directorate of Resources
RBC Legal Entity,2021/08/23,4584464,256556,REED,BFFC Agency Staff (Rechargeable),816.2,Agency Staff,SUPPLIER,STANDARD,2008,LAAA-Directorate of Resources
RBC Legal Entity,2021/08/23,4584464,256556,REED,BFFC Agency Staff (Rechargeable),816.2,Agency Staff,SUPPLIER,STANDARD,2008,LAAA-Directorate of Resources
RBC Legal Entity,2021/08/23,4584464,256556,REED,Valuation,862.5,Agency Staff,SUPPLIER,STANDARD,2100,KAAA-Directorate of Economic Growth and Neighbourhood Services
RBC Legal Entity,2021/08/23,4584464,256556,REED,Lateral Flow Testing,865.37,Agency Staff,SUPPLIER,STANDARD,2701,LAAA-Directorate of Resources
RBC Legal Entity,2021/08/23,4584464,256556,REED,BFFC Agency Staff (Rechargeable),871.8,Agency Staff,SUPPLIER,STANDARD,2008,LAAA-Directorate of Resources
RBC Legal Entity,2021/08/23,4584464,256556,REED,Lateral Flow Testing,877.78,Agency Staff,SUPPLIER,STANDARD,2701,LAAA-Directorate of Resources
RBC Legal Entity,2021/08/23,4584464,256556,REED,ASC Locality Team,882.45,Agency Staff,SUPPLIER,STANDARD,5721,JAAA-Directorate of Social Care and Health Services
RBC Legal Entity,2021/08/23,4584464,256556,REED,Civil Engineering,906.87,Agency Staff,SUPPLIER,STANDARD,4550,KAAA-Directorate of Economic Growth and Neighbourhood Services
RBC Legal Entity,2021/08/23,4584464,256556,REED,Lateral Flow Testing,941.13,Agency Staff,SUPPLIER,STANDARD,2701,LAAA-Directorate of Resources
RBC Legal Entity,2021/08/23,4584464,256556,REED,BFFC Agency Staff (Rechargeable),942.75,Agency Staff,SUPPLIER,STANDARD,2008,LAAA-Directorate of Resources
RBC Legal Entity,2021/08/23,4584464,256556,REED,Valuation,953.75,Agency Staff,SUPPLIER,STANDARD,2100,KAAA-Directorate of Economic Growth and Neighbourhood Services
RBC Legal Entity,2021/08/23,4584464,256556,REED,ASC Short Term Team,1067.45,Agency Staff,SUPPLIER,STANDARD,5722,JAAA-Directorate of Social Care and Health Services
RBC Legal Entity,2021/08/23,4584464,256556,REED,Safeguarding Adults,1112.9,Agency Staff,SUPPLIER,STANDARD,5158,JAAA-Directorate of Social Care and Health Services
RBC Legal Entity,2021/08/23,4584464,256556,REED,ASC Short Term Team,1137,Agency Staff,SUPPLIER,STANDARD,5722,JAAA-Directorate of Social Care and Health Services
RBC Legal Entity,2021/08/23,4584464,256556,REED,Housing Advice,1157.4,Agency Staff,SUPPLIER,STANDARD,5820,KAAA-Directorate of Economic Growth and Neighbourhood Services
RBC Legal Entity,2021/08/23,4584464,256556,REED,Legal Services,1164.34,Agency Staff,SUPPLIER,STANDARD,2400,LAAA-Directorate of Resources
RBC Legal Entity,2021/08/23,4584464,256556,REED,BFFC Agency Staff (Rechargeable),1200.15,Agency Staff,SUPPLIER,STANDARD,2008,LAAA-Directorate of Resources
RBC Legal Entity,2021/08/23,4584464,256556,REED,BFFC Agency Staff (Rechargeable),1200.15,Agency Staff,SUPPLIER,STANDARD,2008,LAAA-Directorate of Resources
RBC Legal Entity,2021/08/23,4584464,256556,REED,ASC Short Term Team,1236.15,Agency Staff,SUPPLIER,STANDARD,5722,JAAA-Directorate of Social Care and Health Services
RBC Legal Entity,2021/08/23,4584464,256556,REED,ASC Short Term Team,1236.8,Agency Staff,SUPPLIER,STANDARD,5722,JAAA-Directorate of Social Care and Health Services
RBC Legal Entity,2021/08/23,4584464,256556,REED,Lateral Flow Testing,1255.39,Agency Staff,SUPPLIER,STANDARD,2701,LAAA-Directorate of Resources
RBC Legal Entity,2021/08/23,4584464,256556,REED,Legal Services,1279.8,Agency Staff,SUPPLIER,STANDARD,2400,LAAA-Directorate of Resources
RBC Legal Entity,2021/08/23,4584464,256556,REED,ASC Locality Team,1283.53,Agency Staff,SUPPLIER,STANDARD,5721,JAAA-Directorate of Social Care and Health Services
RBC Legal Entity,2021/08/23,4584464,256556,REED,ASC Short Term Team,1313.5,Agency Staff,SUPPLIER,STANDARD,5722,JAAA-Directorate of Social Care and Health Services
RBC Legal Entity,2021/08/23,4584464,256556,REED,ASC Short Term Team,1328.3,Agency Staff,SUPPLIER,STANDARD,5722,JAAA-Directorate of Social Care and Health Services
RBC Legal Entity,2021/08/23,4584464,256556,REED,ASC Short Term Team,1328.3,Agency Staff,SUPPLIER,STANDARD,5722,JAAA-Directorate of Social Care and Health Services
RBC Legal Entity,2021/08/23,4584464,256556,REED,ASC Locality Team,1328.3,Agency Staff,SUPPLIER,STANDARD,5721,JAAA-Directorate of Social Care and Health Services
RBC Legal Entity,2021/08/23,4584464,256556,REED,ASC Locality Team,1328.3,Agency Staff,SUPPLIER,STANDARD,5721,JAAA-Directorate of Social Care and Health Services
RBC Legal Entity,2021/08/23,4584464,256556,REED,ASC Short Term Team,1364.4,Agency Staff,SUPPLIER,STANDARD,5722,JAAA-Directorate of Social Care and Health Services
RBC Legal Entity,2021/08/23,4584464,256556,REED,ASC Locality Team,1365.3,Agency Staff,SUPPLIER,STANDARD,5721,JAAA-Directorate of Social Care and Health Services
RBC Legal Entity,2021/08/23,4584464,256556,REED,Housing Management,1390.2,Agency Staff,SUPPLIER,STANDARD,5920,HAAA-Housing Revenue Account
RBC Legal Entity,2021/08/23,4584464,256556,REED,Safeguarding Adults,1402.3,Agency Staff,SUPPLIER,STANDARD,5158,JAAA-Directorate of Social Care and Health Services
RBC Legal Entity,2021/08/23,4584464,256556,REED,ASC Short Term Team,1430.05,Agency Staff,SUPPLIER,STANDARD,5722,JAAA-Directorate of Social Care and Health Services
RBC Legal Entity,2021/08/23,4584464,256556,REED,Mental Health Team,1439.3,Agency Staff,SUPPLIER,STANDARD,5253,JAAA-Directorate of Social Care and Health Services
RBC Legal Entity,2021/08/23,4584464,256556,REED,ASC Locality Team,1439.3,Agency Staff,SUPPLIER,STANDARD,5721,JAAA-Directorate of Social Care and Health Services
RBC Legal Entity,2021/08/23,4584464,256556,REED,ASC Locality Team,1439.3,Agency Staff,SUPPLIER,STANDARD,5721,JAAA-Directorate of Social Care and Health Services
RBC Legal Entity,2021/08/23,4584464,256556,REED,Mental Health Team,1448.55,Agency Staff,SUPPLIER,STANDARD,5253,JAAA-Directorate of Social Care and Health Services
RBC Legal Entity,2021/08/23,4584464,256556,REED,ASC Locality Team,1508.4,Agency Staff,SUPPLIER,STANDARD,5721,JAAA-Directorate of Social Care and Health Services
RBC Legal Entity,2021/08/23,4584464,256556,REED,ASC Locality Team,1508.4,Agency Staff,SUPPLIER,STANDARD,5721,JAAA-Directorate of Social Care and Health Services
RBC Legal Entity,2021/08/23,4584464,256556,REED,BFFC Agency Staff (Rechargeable),1513.3,Agency Staff,SUPPLIER,STANDARD,2008,LAAA-Directorate of Resources
RBC Legal Entity,2021/08/23,4584464,256556,REED,ASC Short Term Team,1529.46,Agency Staff,SUPPLIER,STANDARD,5722,JAAA-Directorate of Social Care and Health Services
RBC Legal Entity,2021/08/23,4584464,256556,REED,BFFC Agency Staff (Rechargeable),1550.3,Agency Staff,SUPPLIER,STANDARD,2008,LAAA-Directorate of Resources
RBC Legal Entity,2021/08/23,4584464,256556,REED,BFFC Agency Staff (Rechargeable),1550.3,Agency Staff,SUPPLIER,STANDARD,2008,LAAA-Directorate of Resources
RBC Legal Entity,2021/08/23,4584464,256556,REED,BFFC Agency Staff (Rechargeable),1550.3,Agency Staff,SUPPLIER,STANDARD,2008,LAAA-Directorate of Resources
RBC Legal Entity,2021/08/23,4584464,256556,REED,BFFC Agency Staff (Rechargeable),1550.3,Agency Staff,SUPPLIER,STANDARD,2008,LAAA-Directorate of Resources
RBC Legal Entity,2021/08/23,4584464,256556,REED,BFFC Agency Staff (Rechargeable),1550.3,Agency Staff,SUPPLIER,STANDARD,2008,LAAA-Directorate of Resources
RBC Legal Entity,2021/08/23,4584464,256556,REED,BFFC Agency Staff (Rechargeable),1550.3,Agency Staff,SUPPLIER,STANDARD,2008,LAAA-Directorate of Resources
RBC Legal Entity,2021/08/23,4584464,256556,REED,BFFC Agency Staff (Rechargeable),1550.3,Agency Staff,SUPPLIER,STANDARD,2008,LAAA-Directorate of Resources
RBC Legal Entity,2021/08/23,4584464,256556,REED,BFFC Agency Staff (Rechargeable),1550.3,Agency Staff,SUPPLIER,STANDARD,2008,LAAA-Directorate of Resources
RBC Legal Entity,2021/08/23,4584464,256556,REED,BFFC Agency Staff (Rechargeable),1550.3,Agency Staff,SUPPLIER,STANDARD,2008,LAAA-Directorate of Resources
RBC Legal Entity,2021/08/23,4584464,256556,REED,BFFC Agency Staff (Rechargeable),1550.3,Agency Staff,SUPPLIER,STANDARD,2008,LAAA-Directorate of Resources
RBC Legal Entity,2021/08/23,4584464,256556,REED,BFFC Agency Staff (Rechargeable),1550.3,Agency Staff,SUPPLIER,STANDARD,2008,LAAA-Directorate of Resources
RBC Legal Entity,2021/08/23,4584464,256556,REED,BFFC Agency Staff (Rechargeable),1550.3,Agency Staff,SUPPLIER,STANDARD,2008,LAAA-Directorate of Resources
RBC Legal Entity,2021/08/23,4584464,256556,REED,BFFC Agency Staff (Rechargeable),1559.55,Agency Staff,SUPPLIER,STANDARD,2008,LAAA-Directorate of Resources
RBC Legal Entity,2021/08/23,4584464,256556,REED,BFFC Agency Staff (Rechargeable),1559.55,Agency Staff,SUPPLIER,STANDARD,2008,LAAA-Directorate of Resources
RBC Legal Entity,2021/08/23,4584464,256556,REED,Legal Services,1586.25,Agency Staff,SUPPLIER,STANDARD,2400,LAAA-Directorate of Resources
RBC Legal Entity,2021/08/23,4584464,256556,REED,ASC Locality Team,1624.3,Agency Staff,SUPPLIER,STANDARD,5721,JAAA-Directorate of Social Care and Health Services
RBC Legal Entity,2021/08/23,4584464,256556,REED,BFFC Agency Staff (Rechargeable),1624.3,Agency Staff,SUPPLIER,STANDARD,2008,LAAA-Directorate of Resources
RBC Legal Entity,2021/08/23,4584464,256556,REED,BFFC Agency Staff (Rechargeable),1624.3,Agency Staff,SUPPLIER,STANDARD,2008,LAAA-Directorate of Resources
RBC Legal Entity,2021/08/23,4584464,256556,REED,BFFC Agency Staff (Rechargeable),1624.3,Agency Staff,SUPPLIER,STANDARD,2008,LAAA-Directorate of Resources
RBC Legal Entity,2021/08/23,4584464,256556,REED,BFFC Agency Staff (Rechargeable),1624.3,Agency Staff,SUPPLIER,STANDARD,2008,LAAA-Directorate of Resources
RBC Legal Entity,2021/08/23,4584464,256556,REED,BFFC Agency Staff (Rechargeable),1624.3,Agency Staff,SUPPLIER,STANDARD,2008,LAAA-Directorate of Resources
RBC Legal Entity,2021/08/23,4584464,256556,REED,BFFC Agency Staff (Rechargeable),1624.3,Agency Staff,SUPPLIER,STANDARD,2008,LAAA-Directorate of Resources
RBC Legal Entity,2021/08/23,4584464,256556,REED,BFFC Agency Staff (Rechargeable),1624.3,Agency Staff,SUPPLIER,STANDARD,2008,LAAA-Directorate of Resources
RBC Legal Entity,2021/08/23,4584464,256556,REED,BFFC Agency Staff (Rechargeable),1624.3,Agency Staff,SUPPLIER,STANDARD,2008,LAAA-Directorate of Resources
RBC Legal Entity,2021/08/23,4584464,256556,REED,BFFC Agency Staff (Rechargeable),1624.3,Agency Staff,SUPPLIER,STANDARD,2008,LAAA-Directorate of Resources
RBC Legal Entity,2021/08/23,4584464,256556,REED,Legal Services,1629.33,Agency Staff,SUPPLIER,STANDARD,2400,LAAA-Directorate of Resources
RBC Legal Entity,2021/08/23,4584464,256556,REED,BFFC Agency Staff (Rechargeable),1633.55,Agency Staff,SUPPLIER,STANDARD,2008,LAAA-Directorate of Resources
RBC Legal Entity,2021/08/23,4584464,256556,REED,BFFC Agency Staff (Rechargeable),1656,Agency Staff,SUPPLIER,STANDARD,2008,LAAA-Directorate of Resources
RBC Legal Entity,2021/08/23,4584464,256556,REED,BFFC Agency Staff (Rechargeable),1672.9,Agency Staff,SUPPLIER,STANDARD,2008,LAAA-Directorate of Resources
RBC Legal Entity,2021/08/23,4584464,256556,REED,BFFC Agency Staff (Rechargeable),1743.6,Agency Staff,SUPPLIER,STANDARD,2008,LAAA-Directorate of Resources
RBC Legal Entity,2021/08/23,4584464,256556,REED,BFFC Agency Staff (Rechargeable),1777.34,Agency Staff,SUPPLIER,STANDARD,2008,LAAA-Directorate of Resources
RBC Legal Entity,2021/08/23,4584464,256556,REED,Joint Legal Team,1857.6,Agency Staff,SUPPLIER,STANDARD,2405,LAAA-Directorate of Resources
RBC Legal Entity,2021/08/23,4584464,256556,REED,Joint Legal Team,1976.4,Agency Staff,SUPPLIER,STANDARD,2405,LAAA-Directorate of Resources
RBC Legal Entity,2021/08/23,4584464,256556,REED,Joint Legal Team,2031.3,Agency Staff,SUPPLIER,STANDARD,2405,LAAA-Directorate of Resources
RBC Legal Entity,2021/08/23,4584464,256556,REED,Legal Services,2148.2,Agency Staff,SUPPLIER,STANDARD,2400,LAAA-Directorate of Resources
RBC Legal Entity,2021/08/23,4584464,256556,REED,Accountancy,2176,Agency Staff,SUPPLIER,STANDARD,2200,LAAA-Directorate of Resources
RBC Legal Entity,2021/08/23,4584464,256556,REED,ASC Senior Management Team,2176,Agency Staff,SUPPLIER,STANDARD,5700,JAAA-Directorate of Social Care and Health Services
RBC Legal Entity,2021/08/23,4584464,256556,REED,Valuation,2183.4,Agency Staff,SUPPLIER,STANDARD,2100,KAAA-Directorate of Economic Growth and Neighbourhood Services
RBC Legal Entity,2021/08/23,4584464,256556,REED,Valuation,2183.4,Agency Staff,SUPPLIER,STANDARD,2100,KAAA-Directorate of Economic Growth and Neighbourhood Services
RBC Legal Entity,2021/08/23,4584464,256556,REED,BFFC Agency Staff (Rechargeable),2276,Agency Staff,SUPPLIER,STANDARD,2008,LAAA-Directorate of Resources
RBC Legal Entity,2021/08/23,4584464,256556,REED,Joint Legal Team,2295.86,Agency Staff,SUPPLIER,STANDARD,2405,LAAA-Directorate of Resources
RBC Legal Entity,2021/08/23,4584464,256556,REED,Test and Trace,2478.5,Agency Staff,SUPPLIER,STANDARD,2068,JAAA-Directorate of Social Care and Health Services
RBC Legal Entity,2021/08/23,4584464,256556,REED,Accountancy,2676,Agency Staff,SUPPLIER,STANDARD,2200,LAAA-Directorate of Resources
RBC Legal Entity,2021/08/23,4584464,256556,REED,Accountancy,2801,Agency Staff,SUPPLIER,STANDARD,2200,LAAA-Directorate of Resources
RBC Legal Entity,2021/08/23,4584464,256556,REED,Accountancy,2801,Agency Staff,SUPPLIER,STANDARD,2200,LAAA-Directorate of Resources
RBC Legal Entity,2021/08/23,4584464,256556,REED,BFFC Agency Staff (Rechargeable),2801,Agency Staff,SUPPLIER,STANDARD,2008,LAAA-Directorate of Resources
RBC Legal Entity,2021/08/23,4584464,256556,REED,BFFC Agency Staff (Rechargeable),2801,Agency Staff,SUPPLIER,STANDARD,2008,LAAA-Directorate of Resources
RBC Legal Entity,2021/08/23,4584464,256556,REED,BFFC Agency Staff (Rechargeable),2835.52,Agency Staff,SUPPLIER,STANDARD,2008,LAAA-Directorate of Resources
RBC Legal Entity,2021/08/23,4584464,256556,REED,IT Management,3191,Agency Staff,SUPPLIER,STANDARD,2300,LAAA-Directorate of Resources
RBC Legal Entity,2021/08/23,4584464,256556,REED,Accountancy,3196,Agency Staff,SUPPLIER,STANDARD,2200,LAAA-Directorate of Resources
RBC Legal Entity,2021/08/23,4584464,256556,REED,Accountancy,3196,Agency Staff,SUPPLIER,STANDARD,2200,LAAA-Directorate of Resources
RBC Legal Entity,2021/08/23,4584464,256556,REED,BFFC Agency Staff (Rechargeable),3446,Agency Staff,SUPPLIER,STANDARD,2008,LAAA-Directorate of Resources
RBC Legal Entity,2021/08/23,4584464,256556,REED,ASC Senior Management Team,3937.25,Agency Staff,SUPPLIER,STANDARD,5700,JAAA-Directorate of Social Care and Health Services
RBC Legal Entity,2021/08/23,4523830,256557,CIVICA UK LTD,Accountancy,12000,Software Licences,Third Party Supplier,STANDARD,2200,LAAA-Directorate of Resources
RBC Legal Entity,2021/08/23,4584263,256557,CIVICA UK LTD,Accountancy,-12000,Software Licences,Third Party Supplier,CREDIT,2200,LAAA-Directorate of Resources
RBC Legal Entity,2021/08/23,4584112,256558,RABBITS VEHICLE HIRE LTD,Fleet Management,85.98,Vehicle Spot Hire,SUPPLIER,STANDARD,4552,KAAA-Directorate of Economic Growth and Neighbourhood Services
RBC Legal Entity,2021/08/23,4584112,256558,RABBITS VEHICLE HIRE LTD,Fleet Management,175.48,Vehicle Spot Hire,SUPPLIER,STANDARD,4552,KAAA-Directorate of Economic Growth and Neighbourhood Services
RBC Legal Entity,2021/08/23,4584112,256558,RABBITS VEHICLE HIRE LTD,Fleet Management,319.38,Vehicle Spot Hire,SUPPLIER,STANDARD,4552,KAAA-Directorate of Economic Growth and Neighbourhood Services
RBC Legal Entity,2021/08/23,4584112,256558,RABBITS VEHICLE HIRE LTD,Fleet Management,456.25,Vehicle Spot Hire,SUPPLIER,STANDARD,4552,KAAA-Directorate of Economic Growth and Neighbourhood Services
RBC Legal Entity,2021/08/23,4584112,256558,RABBITS VEHICLE HIRE LTD,Fleet Management,547.5,Vehicle Spot Hire,SUPPLIER,STANDARD,4552,KAAA-Directorate of Economic Growth and Neighbourhood Services
RBC Legal Entity,2021/08/23,4584112,256558,RABBITS VEHICLE HIRE LTD,Fleet Management,730,Vehicle Spot Hire,SUPPLIER,STANDARD,4552,KAAA-Directorate of Economic Growth and Neighbourhood Services
RBC Legal Entity,2021/08/23,4584112,256558,RABBITS VEHICLE HIRE LTD,Fleet Management,760.42,Vehicle Spot Hire,SUPPLIER,STANDARD,4552,KAAA-Directorate of Economic Growth and Neighbourhood Services
RBC Legal Entity,2021/08/23,4585124,256558,RABBITS VEHICLE HIRE LTD,Fleet Management,5320.75,Vehicle Spot Hire,SUPPLIER,STANDARD,4552,KAAA-Directorate of Economic Growth and Neighbourhood Services
RBC Legal Entity,2021/08/23,4582446,256559,LISSON GROVE BENEFITS PROGRAM LTD,IT Management,490,Software Licences,SUPPLIER,STANDARD,2300,LAAA-Directorate of Resources
RBC Legal Entity,2021/08/23,4587867,256560,M A SERGENT,Corporate Maintenance Services,500,Leasing Costs,SUB-CONTRACTOR,STANDARD,4080,KAAA-Directorate of Economic Growth and Neighbourhood Services
RBC Legal Entity,2021/08/24,4587681,256564,PENNA PLC,Berkshire West Public Health Hub,10671.5,Recruitment & Interview Costs,Third Party Supplier,STANDARD,2002,JAAA-Directorate of Social Care and Health Services
RBC Legal Entity,2021/08/24,4587686,256564,PENNA PLC,Public Health Team Costs,2833,Recruitment & Interview Costs,Third Party Supplier,STANDARD,2065,JAAA-Directorate of Social Care and Health Services
RBC Legal Entity,2021/08/24,4587987,256565,WESSEX SITE INSPECTION LTD,Phoenix College (Reading Alternative),1256.25,External Fees  Misc.,SUPPLIER,STANDARD,8264,ZZZC-Capital
RBC Legal Entity,2021/08/24,4585973,256566,PILON LTD,DLO Kitchen & Bathroom Trades,27432.81,Subcontractors Labour,SUB-CONTRACTOR,STANDARD,4042,KAAA-Directorate of Economic Growth and Neighbourhood Services
RBC Legal Entity,2021/08/24,4585974,256566,PILON LTD,DLO Kitchen & Bathroom Trades,10533.06,Subcontractors Labour,SUB-CONTRACTOR,STANDARD,4042,KAAA-Directorate of Economic Growth and Neighbourhood Services
RBC Legal Entity,2021/08/24,4587934,256569,MILES MACADAM LIMITED,Road Resurfacing,191641.94,Contractors,SUB-CONTRACTOR,STANDARD,8870,ZZZC-Capital
RBC Legal Entity,2021/08/24,4578029,256572,F M CONWAY LTD,Highways,104.64,Materials Direct,SUB-CONTRACTOR,STANDARD,4252,KAAA-Directorate of Economic Growth and Neighbourhood Services
RBC Legal Entity,2021/08/24,4578029,256572,F M CONWAY LTD,Highways,166.53,Materials Direct,SUB-CONTRACTOR,STANDARD,4252,KAAA-Directorate of Economic Growth and Neighbourhood Services
RBC Legal Entity,2021/08/24,4578029,256572,F M CONWAY LTD,Highways,418.83,Materials Direct,SUB-CONTRACTOR,STANDARD,4252,KAAA-Directorate of Economic Growth and Neighbourhood Services
RBC Legal Entity,2021/08/24,4583527,256573,SPEKTRIX LTD,Cultural Services Marketing,831,PurchaseComputer Equipt,SUPPLIER,STANDARD,1235,KAAA-Directorate of Economic Growth and Neighbourhood Services
RBC Legal Entity,2021/08/24,4583527,256573,SPEKTRIX LTD,Cultural Services Marketing,1698.63,PurchaseComputer Equipt,SUPPLIER,STANDARD,1235,KAAA-Directorate of Economic Growth and Neighbourhood Services
RBC Legal Entity,2021/08/24,4584576,256574,BIDVEST NOONAN GROUP (UK) LTD,Archives General,883.81,Office Cleaning,SUPPLIER,STANDARD,1256,KAAA-Directorate of Economic Growth and Neighbourhood Services
RBC Legal Entity,2021/08/24,4588012,256575,MATTHEW DALE-HARRIS,Planning,1500,Misc. Legal Expenses,SUPPLIER,STANDARD,4700,KAAA-Directorate of Economic Growth and Neighbourhood Services
RBC Legal Entity,2021/08/24,4582604,256576,J&R TYRES LTD,Fleet Management,516.5,Unfair Wear + Tear Costs,Third Party Supplier,STANDARD,4552,KAAA-Directorate of Economic Growth and Neighbourhood Services
RBC Legal Entity,2021/08/24,4582577,256577,TUSKERDIRECT LTD,Corporate Management Team,37.83,General & Admin & Clerical,Third Party Supplier,STANDARD,2001,EAAA-Chief Executive
RBC Legal Entity,2021/08/24,4582577,256577,TUSKERDIRECT LTD,Corporate Management Team,260.09,General & Admin & Clerical,Third Party Supplier,STANDARD,2001,EAAA-Chief Executive
RBC Legal Entity,2021/08/24,4582577,256577,TUSKERDIRECT LTD,Corporate Management Team,690.26,General & Admin & Clerical,Third Party Supplier,STANDARD,2001,EAAA-Chief Executive
RBC Legal Entity,2021/08/24,4582580,256577,TUSKERDIRECT LTD,DLO Planned Maintenance Trades,26.09,General & Admin & Clerical,Third Party Supplier,STANDARD,4030,KAAA-Directorate of Economic Growth and Neighbourhood Services
RBC Legal Entity,2021/08/24,4582580,256577,TUSKERDIRECT LTD,DLO Planned Maintenance Trades,116.03,General & Admin & Clerical,Third Party Supplier,STANDARD,4030,KAAA-Directorate of Economic Growth and Neighbourhood Services
RBC Legal Entity,2021/08/24,4582580,256577,TUSKERDIRECT LTD,DLO Planned Maintenance Trades,321,General & Admin & Clerical,Third Party Supplier,STANDARD,4030,KAAA-Directorate of Economic Growth and Neighbourhood Services
RBC Legal Entity,2021/08/24,4582592,256577,TUSKERDIRECT LTD,Exchequer Services,37.85,General & Admin & Clerical,Third Party Supplier,STANDARD,2210,LAAA-Directorate of Resources
RBC Legal Entity,2021/08/24,4582592,256577,TUSKERDIRECT LTD,Exchequer Services,117.92,General & Admin & Clerical,Third Party Supplier,STANDARD,2210,LAAA-Directorate of Resources
RBC Legal Entity,2021/08/24,4582592,256577,TUSKERDIRECT LTD,Exchequer Services,313.33,General & Admin & Clerical,Third Party Supplier,STANDARD,2210,LAAA-Directorate of Resources
RBC Legal Entity,2021/08/24,4582652,256577,TUSKERDIRECT LTD,HR & Payroll,48.96,General & Admin & Clerical,Third Party Supplier,STANDARD,2600,LAAA-Directorate of Resources
RBC Legal Entity,2021/08/24,4582652,256577,TUSKERDIRECT LTD,HR & Payroll,203.87,General & Admin & Clerical,Third Party Supplier,STANDARD,2600,LAAA-Directorate of Resources
RBC Legal Entity,2021/08/24,4582652,256577,TUSKERDIRECT LTD,HR & Payroll,608.21,General & Admin & Clerical,Third Party Supplier,STANDARD,2600,LAAA-Directorate of Resources
RBC Legal Entity,2021/08/24,4587936,256577,TUSKERDIRECT LTD,HR & Payroll,48.28,General & Admin & Clerical,Third Party Supplier,STANDARD,2600,LAAA-Directorate of Resources
RBC Legal Entity,2021/08/24,4587936,256577,TUSKERDIRECT LTD,HR & Payroll,387.68,General & Admin & Clerical,Third Party Supplier,STANDARD,2600,LAAA-Directorate of Resources
RBC Legal Entity,2021/08/24,4587937,256577,TUSKERDIRECT LTD,DLO Housing & Corporate Projects,34.96,General & Admin & Clerical,Third Party Supplier,STANDARD,4045,KAAA-Directorate of Economic Growth and Neighbourhood Services
RBC Legal Entity,2021/08/24,4587937,256577,TUSKERDIRECT LTD,DLO Housing & Corporate Projects,545.16,General & Admin & Clerical,Third Party Supplier,STANDARD,4045,KAAA-Directorate of Economic Growth and Neighbourhood Services
RBC Legal Entity,2021/08/24,4587938,256577,TUSKERDIRECT LTD,DLO Housing & Corporate Projects,34.96,General & Admin & Clerical,Third Party Supplier,STANDARD,4045,KAAA-Directorate of Economic Growth and Neighbourhood Services
RBC Legal Entity,2021/08/24,4587938,256577,TUSKERDIRECT LTD,DLO Housing & Corporate Projects,545.16,General & Admin & Clerical,Third Party Supplier,STANDARD,4045,KAAA-Directorate of Economic Growth and Neighbourhood Services
RBC Legal Entity,2021/08/24,4587939,256577,TUSKERDIRECT LTD,HR & Payroll,48.28,General & Admin & Clerical,Third Party Supplier,STANDARD,2600,LAAA-Directorate of Resources
RBC Legal Entity,2021/08/24,4587939,256577,TUSKERDIRECT LTD,HR & Payroll,387.68,General & Admin & Clerical,Third Party Supplier,STANDARD,2600,LAAA-Directorate of Resources
RBC Legal Entity,2021/08/24,4582711,256578,TELEFONICA UK LIMITED,UTMC / ITS,35139.62,Contractors,SUPPLIER,STANDARD,8850,ZZZC-Capital
RBC Legal Entity,2021/08/24,4587979,256581,OVO (S) GAS LIMITED T/A SSE ATLANTIC,Repairs,1642.59,Minor Voids,Third Party Supplier,STANDARD,5970,HAAA-Housing Revenue Account
RBC Legal Entity,2021/08/24,4587931,256584,VIVID RESOURCING,Berkshire West Public Health Hub,10500,Consultancy Fees,Third Party Supplier,STANDARD,2002,JAAA-Directorate of Social Care and Health Services
RBC Legal Entity,2021/08/24,4580108,256585,MILESTONE INFRASTRUCTURE LTD,Civil Engineering,10000,Street Lighting,SUB-CONTRACTOR,STANDARD,4550,KAAA-Directorate of Economic Growth and Neighbourhood Services
RBC Legal Entity,2021/08/24,4585234,256588,ROBINSON TRANSPORT & REMOVALS LTD,Housing Management,650,Special Measures Expenses,SUPPLIER,STANDARD,5920,HAAA-Housing Revenue Account
RBC Legal Entity,2021/08/24,4584332,256592,SOUTHERN ELECTRIC,Civil Engineering,516.02,Street Lighting,SUB-CONTRACTOR,STANDARD,4550,KAAA-Directorate of Economic Growth and Neighbourhood Services
RBC Legal Entity,2021/08/24,4587591,256593,LAPLACE BUILDING SOLUTIONS (SOUTH) LIMITED,Corporate Maintenance Services,457.88,Leasing Costs,SUB-CONTRACTOR,STANDARD,4080,KAAA-Directorate of Economic Growth and Neighbourhood Services
RBC Legal Entity,2021/08/24,4585715,256594,GLASRITE LTD,DLO Planned Maintenance Trades,1425,Subcontractors Labour,SUB-CONTRACTOR,STANDARD,4030,KAAA-Directorate of Economic Growth and Neighbourhood Services
RBC Legal Entity,2021/08/24,4584731,256597,BUNZL CLEANING & HYGIENE SUPPLIES,Local Elections,530.29,Equipment Purchase & Repair,SUPPLIER,STANDARD,2425,LAAA-Directorate of Resources
RBC Legal Entity,2021/08/24,4584731,256597,BUNZL CLEANING & HYGIENE SUPPLIES,Parliamentary Elections,530.29,Equipment Purchase & Repair,SUPPLIER,STANDARD,2430,LAAA-Directorate of Resources
RBC Legal Entity,2021/08/24,4585988,256598,STUART DIGGENS BUILDING & ROOFING LTD,Cemeteries,350,Grounds Maintenance,SUB-CONTRACTOR,STANDARD,4607,LAAA-Directorate of Resources
RBC Legal Entity,2021/08/24,4585988,256598,STUART DIGGENS BUILDING & ROOFING LTD,Cemeteries,800,Grounds Maintenance,SUB-CONTRACTOR,STANDARD,4607,LAAA-Directorate of Resources
RBC Legal Entity,2021/08/24,4587907,256600,ENVIRONMENT AGENCY,Waste Transfer Station,2875,TPP to Others,SUPPLIER,STANDARD,4192,KAAA-Directorate of Economic Growth and Neighbourhood Services
RBC Legal Entity,2021/08/24,4582407,256601,AGE UK READING,ASC Voluntary Grants,4829,GrantsVolunt.Organ.,SUPPLIER,STANDARD,5300,JAAA-Directorate of Social Care and Health Services
RBC Legal Entity,2021/08/24,4582470,256601,AGE UK READING,ASC Voluntary Grants,2875,GrantsVolunt.Organ.,SUPPLIER,STANDARD,5300,JAAA-Directorate of Social Care and Health Services
RBC Legal Entity,2021/08/24,4587551,256604,BOYES TURNER LLP,Corporate Miscellaneous,1925,Misc. Legal Expenses,Third Party Supplier,STANDARD,2855,MAAA-Corporate Codes
RBC Legal Entity,2021/08/24,4585993,256606,SMS ENVIRONMENTAL LTD,Corporate Offices,1461,Plant,SUB-CONTRACTOR,STANDARD,8602,ZZZC-Capital
RBC Legal Entity,2021/08/24,4585994,256606,SMS ENVIRONMENTAL LTD,Repairs,1054,Asbestos,SUB-CONTRACTOR,STANDARD,5970,HAAA-Housing Revenue Account
RBC Legal Entity,2021/08/24,4585995,256606,SMS ENVIRONMENTAL LTD,Repairs,828.25,Asbestos,SUB-CONTRACTOR,STANDARD,5970,HAAA-Housing Revenue Account
RBC Legal Entity,2021/08/24,4586020,256608,BERKSHIRE WOMENS AID,Domestic Abuse Reduction,49166.67,Preventive+SupportiveServ,Third Party Supplier,STANDARD,5366,KAAA-Directorate of Economic Growth and Neighbourhood Services
RBC Legal Entity,2021/08/24,4587952,256611,FORPSYCH LTD,JLT Disbursements,4650.23,Misc. Legal Expenses,SUPPLIER,STANDARD,2407,LAAA-Directorate of Resources
RBC Legal Entity,2021/08/24,4583850,256614,RESPONSE ORGANISATION,Mental Health Community Services,1818.6,Purchased Care,Third Party Supplier,STANDARD,5731,JAAA-Directorate of Social Care and Health Services
RBC Legal Entity,2021/08/24,4583851,256614,RESPONSE ORGANISATION,Mental Health Community Services,1753.71,Purchased Care,Third Party Supplier,STANDARD,5731,JAAA-Directorate of Social Care and Health Services
RBC Legal Entity,2021/08/24,4583852,256614,RESPONSE ORGANISATION,Mental Health Community Services,1818.6,Purchased Care,Third Party Supplier,STANDARD,5731,JAAA-Directorate of Social Care and Health Services
RBC Legal Entity,2021/08/24,4583853,256614,RESPONSE ORGANISATION,Mental Health Community Services,1753.71,Purchased Care,Third Party Supplier,STANDARD,5731,JAAA-Directorate of Social Care and Health Services
RBC Legal Entity,2021/08/24,4583854,256614,RESPONSE ORGANISATION,Mental Health Community Services,1753.71,Purchased Care,Third Party Supplier,STANDARD,5731,JAAA-Directorate of Social Care and Health Services
RBC Legal Entity,2021/08/24,4583855,256614,RESPONSE ORGANISATION,Mental Health Community Services,1753.71,Purchased Care,Third Party Supplier,STANDARD,5731,JAAA-Directorate of Social Care and Health Services
RBC Legal Entity,2021/08/25,4588073,256637,READIBUS LTD,Strategic Transport & Concessionary Fares,16229.17,Payments for Bus Services,SUPPLIER,STANDARD,4726,KAAA-Directorate of Economic Growth and Neighbourhood Services
RBC Legal Entity,2021/08/25,4588075,256637,READIBUS LTD,Strategic Transport & Concessionary Fares,16229.17,Payments for Bus Services,SUPPLIER,STANDARD,4726,KAAA-Directorate of Economic Growth and Neighbourhood Services
RBC Legal Entity,2021/08/25,4588056,256639,KEYLINE BUILDERS MERCHANTS LIMITED,Corporate Maintenance Services,989.71,Materials Direct,Third Party Supplier,STANDARD,4080,KAAA-Directorate of Economic Growth and Neighbourhood Services
RBC Legal Entity,2021/08/25,4585072,256640,ACTIVE ASSISTANCE,PS Acquired Community Services,634.34,Purchased Care,SUPPLIER,STANDARD,5771,JAAA-Directorate of Social Care and Health Services
RBC Legal Entity,2021/08/25,4585073,256640,ACTIVE ASSISTANCE,PS Acquired Community Services,952.83,Purchased Care,SUPPLIER,STANDARD,5771,JAAA-Directorate of Social Care and Health Services
RBC Legal Entity,2021/08/25,4588076,256641,WSP UK LTD,Traffic Management,2624.7,Contractors,SUPPLIER,STANDARD,8851,ZZZC-Capital
RBC Legal Entity,2021/08/25,4588077,256641,WSP UK LTD,Traffic Management,889.9,Contractors,SUPPLIER,STANDARD,8851,ZZZC-Capital
RBC Legal Entity,2021/08/25,4588078,256641,WSP UK LTD,Traffic Management,3571.09,Contractors,SUPPLIER,STANDARD,8851,ZZZC-Capital
RBC Legal Entity,2021/08/25,4588079,256641,WSP UK LTD,Traffic Management,758.72,Contractors,SUPPLIER,STANDARD,8851,ZZZC-Capital
RBC Legal Entity,2021/08/25,4582773,256642,ANDREW BOND,JLT Disbursements,130,Misc. Legal Expenses,Third Party Supplier,STANDARD,2407,LAAA-Directorate of Resources
RBC Legal Entity,2021/08/25,4582773,256642,ANDREW BOND,JLT Disbursements,650,Misc. Legal Expenses,Third Party Supplier,STANDARD,2407,LAAA-Directorate of Resources
RBC Legal Entity,2021/08/25,4580143,256645,STANTEC UK LIMITED,LEP Projects,3760,Contractors,Third Party Supplier,STANDARD,8806,ZZZC-Capital
RBC Legal Entity,2021/08/25,4585288,256646,BERKSHIRE ROOMS,Bed and Breakfast,196,Rents,SUPPLIER,STANDARD,5871,KAAA-Directorate of Economic Growth and Neighbourhood Services
RBC Legal Entity,2021/08/25,4585288,256646,BERKSHIRE ROOMS,Bed and Breakfast,784,Rents,SUPPLIER,STANDARD,5871,KAAA-Directorate of Economic Growth and Neighbourhood Services
RBC Legal Entity,2021/08/25,4585289,256646,BERKSHIRE ROOMS,Bed and Breakfast,133,Rents,SUPPLIER,STANDARD,5871,KAAA-Directorate of Economic Growth and Neighbourhood Services
RBC Legal Entity,2021/08/25,4585289,256646,BERKSHIRE ROOMS,Bed and Breakfast,532,Rents,SUPPLIER,STANDARD,5871,KAAA-Directorate of Economic Growth and Neighbourhood Services
RBC Legal Entity,2021/08/25,4585290,256646,BERKSHIRE ROOMS,Bed and Breakfast,133,Rents,SUPPLIER,STANDARD,5871,KAAA-Directorate of Economic Growth and Neighbourhood Services
RBC Legal Entity,2021/08/25,4585290,256646,BERKSHIRE ROOMS,Bed and Breakfast,532,Rents,SUPPLIER,STANDARD,5871,KAAA-Directorate of Economic Growth and Neighbourhood Services
RBC Legal Entity,2021/08/25,4585291,256646,BERKSHIRE ROOMS,Bed and Breakfast,182,Rents,SUPPLIER,STANDARD,5871,KAAA-Directorate of Economic Growth and Neighbourhood Services
RBC Legal Entity,2021/08/25,4585291,256646,BERKSHIRE ROOMS,Bed and Breakfast,728,Rents,SUPPLIER,STANDARD,5871,KAAA-Directorate of Economic Growth and Neighbourhood Services
RBC Legal Entity,2021/08/25,4585292,256646,BERKSHIRE ROOMS,Bed and Breakfast,665,Rents,SUPPLIER,STANDARD,5871,KAAA-Directorate of Economic Growth and Neighbourhood Services
RBC Legal Entity,2021/08/25,4585293,256646,BERKSHIRE ROOMS,Bed and Breakfast,196,Rents,SUPPLIER,STANDARD,5871,KAAA-Directorate of Economic Growth and Neighbourhood Services
RBC Legal Entity,2021/08/25,4585293,256646,BERKSHIRE ROOMS,Bed and Breakfast,784,Rents,SUPPLIER,STANDARD,5871,KAAA-Directorate of Economic Growth and Neighbourhood Services
RBC Legal Entity,2021/08/25,4588097,256647,UNISAN LTD,Events & Engagement,711,Special Activities,SUPPLIER,STANDARD,2080,EAAA-Chief Executive
RBC Legal Entity,2021/08/25,4583526,256648,BELLSTAN LIMITED,Road Resurfacing,6780,Contractors,SUB-CONTRACTOR,STANDARD,8870,ZZZC-Capital
RBC Legal Entity,2021/08/25,4566919,256653,F.G. MARSHALL LTD,Crematorium,483.73,Memorials & Commemorative Plaq,SUPPLIER,STANDARD,4606,LAAA-Directorate of Resources
RBC Legal Entity,2021/08/25,4584154,256655,GEORGE HENRY RELAY (OXFORD) LTD,Repairs,537.59,Essential Cyclical Insp. + Mai,SUB-CONTRACTOR,STANDARD,5970,HAAA-Housing Revenue Account
RBC Legal Entity,2021/08/25,4584555,256661,MULTIPLE SCLEROSIS SOCIETY,ASC Voluntary Grants,1050,GrantsVolunt.Organ.,SUPPLIER,STANDARD,5300,JAAA-Directorate of Social Care and Health Services
RBC Legal Entity,2021/08/25,4588040,256666,EASTFIELD HOUSE SURGERY,Berkshire West Public Health Hub,2116.5,NHS Trusts,Third Party Supplier,STANDARD,2002,JAAA-Directorate of Social Care and Health Services
RBC Legal Entity,2021/08/25,4588041,256667,KINTBURY & WOOLTON HILL SURGERY,Berkshire West Public Health Hub,1739.5,NHS Trusts,Third Party Supplier,STANDARD,2002,JAAA-Directorate of Social Care and Health Services
RBC Legal Entity,2021/08/25,4587848,256670,SLCNG T/A RESOLVE,Safer Community Unit,742.5,Special Measures Expenses,Third Party Supplier,STANDARD,5365,KAAA-Directorate of Economic Growth and Neighbourhood Services
RBC Legal Entity,2021/08/25,4588154,256671,POINTONE POS LTD,Hexagon Operations,19682.5,Equipment Purchase & Repair,Third Party Supplier,STANDARD,1200,KAAA-Directorate of Economic Growth and Neighbourhood Services
RBC Legal Entity,2021/08/25,4585212,256672,ARTIFAX SOFTWARE LTD,Cultural Services Marketing,3306.06,Software Support,Third Party Supplier,STANDARD,1235,KAAA-Directorate of Economic Growth and Neighbourhood Services
RBC Legal Entity,2021/08/25,4585981,256673,KEEP BRITAIN TIDY,Refuse Collection,1079.1,Miscellaneous Income,SUPPLIER,STANDARD,4561,KAAA-Directorate of Economic Growth and Neighbourhood Services
RBC Legal Entity,2021/08/25,4587642,256674,BOYES TURNER LLP,Corporate Miscellaneous,2311,Misc. Legal Expenses,Third Party Supplier,STANDARD,2855,MAAA-Corporate Codes
RBC Legal Entity,2021/08/25,4574660,256675,PORTAKABIN LTD,Wexham Park Hospital (TPOR),420.35,Equipment Purchase & Repair,SUPPLIER,STANDARD,2020,EAAA-Chief Executive
RBC Legal Entity,2021/08/25,4587587,256679,M & B ELECTRICAL SERVICES,MRA Account,12520,Lifts,SUB-CONTRACTOR,STANDARD,5975,HAAA-Housing Revenue Account
RBC Legal Entity,2021/08/25,4587913,256679,M & B ELECTRICAL SERVICES,Energy Management,14700,Equipment,SUB-CONTRACTOR,STANDARD,8607,ZZZC-Capital
RBC Legal Entity,2021/08/25,4587914,256679,M & B ELECTRICAL SERVICES,Energy Management,17400,Equipment,SUB-CONTRACTOR,STANDARD,8607,ZZZC-Capital
RBC Legal Entity,2021/08/25,4584054,256680,UBIQUS,JLT Disbursements,650,Misc. Legal Expenses,SUPPLIER,STANDARD,2407,LAAA-Directorate of Resources
RBC Legal Entity,2021/08/25,4588086,256681,DEBORAH ORR,JLT Disbursements,2238.4,Misc. Legal Expenses,SUPPLIER,STANDARD,2407,LAAA-Directorate of Resources
RBC Legal Entity,2021/08/25,4588081,256682,R&A HAINES BUILDING CONTRACTORS LTD,Repairs,4870.34,Special Adaptions,SUB-CONTRACTOR,STANDARD,5970,HAAA-Housing Revenue Account
RBC Legal Entity,2021/08/25,4582602,256683,CSCO.AUDIO,Events & Engagement,1202.5,Special Activities,SUPPLIER,STANDARD,2080,EAAA-Chief Executive
RBC Legal Entity,2021/08/25,4583939,256685,HARBOUR SUPPORTED LIVING SER LTD,Mental Health Community Services,1445.21,Purchased Care,Third Party Supplier,STANDARD,5731,JAAA-Directorate of Social Care and Health Services
RBC Legal Entity,2021/08/25,4588104,256686,MULTI CARE,LD Residential,4547.62,Purchased Care,SUPPLIER,STANDARD,5742,JAAA-Directorate of Social Care and Health Services
RBC Legal Entity,2021/08/25,4588105,256686,MULTI CARE,LD Residential,4547.62,Purchased Care,SUPPLIER,STANDARD,5742,JAAA-Directorate of Social Care and Health Services
RBC Legal Entity,2021/08/25,4588106,256686,MULTI CARE,LD Residential,4547.62,Purchased Care,SUPPLIER,STANDARD,5742,JAAA-Directorate of Social Care and Health Services
RBC Legal Entity,2021/08/25,4588141,256689,MR NICHOLAS GOODWIN,JLT Disbursements,2400,Misc. Legal Expenses,SUPPLIER,STANDARD,2407,LAAA-Directorate of Resources
RBC Legal Entity,2021/08/25,4583576,256690,DAVID MARUSZA,JLT Disbursements,475,Misc. Legal Expenses,SUPPLIER,STANDARD,2407,LAAA-Directorate of Resources
RBC Legal Entity,2021/08/25,4583562,256691,MR ALEX PERRY,JLT Disbursements,3650,Misc. Legal Expenses,SUPPLIER,STANDARD,2407,LAAA-Directorate of Resources
RBC Legal Entity,2021/08/25,4583940,256693,INDIGO ACCESS LTD,Sensory Support Community Services,450,Purchased Care,Third Party Supplier,STANDARD,5711,JAAA-Directorate of Social Care and Health Services
RBC Legal Entity,2021/08/25,4583942,256693,INDIGO ACCESS LTD,Sensory Support Community Services,540,Purchased Care,Third Party Supplier,STANDARD,5711,JAAA-Directorate of Social Care and Health Services
RBC Legal Entity,2021/08/25,4578070,256694,PESTPRO BIRD SOLUTIONS LTD,DLO Day to Day Trades,58,Subcontractors Labour,Third Party Supplier,STANDARD,4010,KAAA-Directorate of Economic Growth and Neighbourhood Services
RBC Legal Entity,2021/08/25,4578070,256694,PESTPRO BIRD SOLUTIONS LTD,DLO Day to Day Trades,290,Subcontractors Labour,Third Party Supplier,STANDARD,4010,KAAA-Directorate of Economic Growth and Neighbourhood Services
RBC Legal Entity,2021/08/25,4578070,256694,PESTPRO BIRD SOLUTIONS LTD,DLO Day to Day Trades,348,Subcontractors Labour,Third Party Supplier,STANDARD,4010,KAAA-Directorate of Economic Growth and Neighbourhood Services
RBC Legal Entity,2021/08/25,4578070,256694,PESTPRO BIRD SOLUTIONS LTD,DLO Day to Day Trades,580,Subcontractors Labour,Third Party Supplier,STANDARD,4010,KAAA-Directorate of Economic Growth and Neighbourhood Services
RBC Legal Entity,2021/08/25,4578070,256694,PESTPRO BIRD SOLUTIONS LTD,DLO Day to Day Trades,1102,Subcontractors Labour,Third Party Supplier,STANDARD,4010,KAAA-Directorate of Economic Growth and Neighbourhood Services
RBC Legal Entity,2021/08/25,4578070,256694,PESTPRO BIRD SOLUTIONS LTD,DLO Day to Day Trades,1950,Subcontractors Labour,Third Party Supplier,STANDARD,4010,KAAA-Directorate of Economic Growth and Neighbourhood Services
RBC Legal Entity,2021/08/25,4582584,256694,PESTPRO BIRD SOLUTIONS LTD,DLO Day to Day Trades,1012,Subcontractors Labour,Third Party Supplier,STANDARD,4010,KAAA-Directorate of Economic Growth and Neighbourhood Services
RBC Legal Entity,2021/08/25,4577458,256695,MEDACO,LD Day Services,572.97,Maintenance of Lifting Equipme,SUPPLIER,STANDARD,5055,JAAA-Directorate of Social Care and Health Services
RBC Legal Entity,2021/08/25,4577071,256696,READING HAMPSHIRE PROPERTY PARTNERSHIP LIMITED,Multi_School Expenditure,275.93,External Fees  Misc.,Third Party Supplier,STANDARD,8200,ZZZC-Capital
RBC Legal Entity,2021/08/25,4577071,256696,READING HAMPSHIRE PROPERTY PARTNERSHIP LIMITED,Sport and Culture,275.94,Consultancy Fees,Third Party Supplier,STANDARD,1300,KAAA-Directorate of Economic Growth and Neighbourhood Services
RBC Legal Entity,2021/08/25,4584169,256697,JUSTINE RAMSDEN,JLT Disbursements,450,Misc. Legal Expenses,SUPPLIER,STANDARD,2407,LAAA-Directorate of Resources
RBC Legal Entity,2021/08/25,4583565,256698,FRANCES HARRIS,JLT Disbursements,675,Misc. Legal Expenses,SUPPLIER,STANDARD,2407,LAAA-Directorate of Resources
RBC Legal Entity,2021/08/25,4583571,256699,VICKY REYNOLDS,JLT Disbursements,550,Misc. Legal Expenses,SUPPLIER,STANDARD,2407,LAAA-Directorate of Resources
RBC Legal Entity,2021/08/25,4583577,256699,VICKY REYNOLDS,JLT Disbursements,550,Misc. Legal Expenses,SUPPLIER,STANDARD,2407,LAAA-Directorate of Resources
RBC Legal Entity,2021/08/25,4583585,256699,VICKY REYNOLDS,JLT Disbursements,550,Misc. Legal Expenses,SUPPLIER,STANDARD,2407,LAAA-Directorate of Resources
RBC Legal Entity,2021/08/25,4587925,256701,HEALTHWATCH READING,Advocacy,7500,GrantsVolunt.Organ.,SUPPLIER,STANDARD,5303,JAAA-Directorate of Social Care and Health Services
RBC Legal Entity,2021/08/25,4584168,256702,MISS ANNA YARDE,JLT Disbursements,550,Misc. Legal Expenses,SUPPLIER,STANDARD,2407,LAAA-Directorate of Resources
RBC Legal Entity,2021/08/25,4585969,256703,PILON LTD,Repairs,4222.52,Electrical Checks,SUB-CONTRACTOR,STANDARD,5970,HAAA-Housing Revenue Account
RBC Legal Entity,2021/08/25,4582777,256706,FORENSIS LTD,JLT Disbursements,2340,Misc. Legal Expenses,SUPPLIER,STANDARD,2407,LAAA-Directorate of Resources
RBC Legal Entity,2021/08/25,4588042,256707,THE BROOKSIDE GROUP PRACTICE,Berkshire West Public Health Hub,6446,NHS Trusts,Third Party Supplier,STANDARD,2002,JAAA-Directorate of Social Care and Health Services
RBC Legal Entity,2021/08/25,4584171,256708,ELEANOR HOWARD,JLT Disbursements,550,Misc. Legal Expenses,INDIVIDUAL,STANDARD,2407,LAAA-Directorate of Resources
RBC Legal Entity,2021/08/25,4583578,256714,KATE FERGUSON,JLT Disbursements,1800,Misc. Legal Expenses,SUPPLIER,STANDARD,2407,LAAA-Directorate of Resources
RBC Legal Entity,2021/08/25,4584117,256715,CORINNE BEATRICE ITEN,JLT Disbursements,284,Misc. Legal Expenses,SUPPLIER,STANDARD,2407,LAAA-Directorate of Resources
RBC Legal Entity,2021/08/25,4584117,256715,CORINNE BEATRICE ITEN,JLT Disbursements,1420,Misc. Legal Expenses,SUPPLIER,STANDARD,2407,LAAA-Directorate of Resources
RBC Legal Entity,2021/08/26,4588222,256718,WSP UK LTD,Traffic Management,2468.63,Contractors,SUPPLIER,STANDARD,8851,ZZZC-Capital
RBC Legal Entity,2021/08/26,4588790,256718,WSP UK LTD,Strategic Transport & Concessionary Fares,8443.3,Consultancy Fees,SUPPLIER,STANDARD,4726,KAAA-Directorate of Economic Growth and Neighbourhood Services
RBC Legal Entity,2021/08/26,4588797,256718,WSP UK LTD,Strategic Transport & Concessionary Fares,11119.75,Consultancy Fees,SUPPLIER,STANDARD,4726,KAAA-Directorate of Economic Growth and Neighbourhood Services
RBC Legal Entity,2021/08/26,4583535,256719,CAPITA BUSINESS SERVICES LTD,Revenues & Benefits Systems,1282.5,TPP  Contract,Third Party Supplier,STANDARD,2266,LAAA-Directorate of Resources
RBC Legal Entity,2021/08/26,4585861,256720,LINGWOODS,Reading Libraries,651,Cleaning Materials,SUPPLIER,STANDARD,1400,KAAA-Directorate of Economic Growth and Neighbourhood Services
RBC Legal Entity,2021/08/26,4588148,256722,SSE CONTRACTING LIMITED,Local Safety Schemes,11322.56,Contractors,SUB-CONTRACTOR,STANDARD,8852,ZZZC-Capital
RBC Legal Entity,2021/08/26,4588149,256722,SSE CONTRACTING LIMITED,Local Safety Schemes,1818.48,Contractors,SUB-CONTRACTOR,STANDARD,8852,ZZZC-Capital
RBC Legal Entity,2021/08/26,4588684,256725,DUNRAVEN HOUSE,Mental Health Community Services,2457.86,Purchased Care,SUPPLIER,STANDARD,5731,JAAA-Directorate of Social Care and Health Services
RBC Legal Entity,2021/08/26,4588685,256725,DUNRAVEN HOUSE,Mental Health Community Services,2378.57,Purchased Care,SUPPLIER,STANDARD,5731,JAAA-Directorate of Social Care and Health Services
RBC Legal Entity,2021/08/26,4588686,256725,DUNRAVEN HOUSE,Mental Health Community Services,2457.86,Purchased Care,SUPPLIER,STANDARD,5731,JAAA-Directorate of Social Care and Health Services
RBC Legal Entity,2021/08/26,4588687,256725,DUNRAVEN HOUSE,Mental Health Community Services,2378.57,Purchased Care,SUPPLIER,STANDARD,5731,JAAA-Directorate of Social Care and Health Services
RBC Legal Entity,2021/08/26,4588688,256725,DUNRAVEN HOUSE,Mental Health Community Services,2457.86,Purchased Care,SUPPLIER,STANDARD,5731,JAAA-Directorate of Social Care and Health Services
RBC Legal Entity,2021/08/26,4588436,256728,OXFORDSHIRE MIND HOUSING,Mental Health Community Services,628,Purchased Care,Third Party Supplier,STANDARD,5731,JAAA-Directorate of Social Care and Health Services
RBC Legal Entity,2021/08/26,4583511,256729,ASAHI UK HOLDINGS LTD,Town Hall Operations,774.8,Purchases  Liquor,Third Party Supplier,STANDARD,1210,KAAA-Directorate of Economic Growth and Neighbourhood Services
RBC Legal Entity,2021/08/26,4585866,256730,SIMON HORSINGTON AND ASSOCIATES LIMITED,Corporate Miscellaneous,21937.5,Professional Fees,SUPPLIER,STANDARD,2855,MAAA-Corporate Codes
RBC Legal Entity,2021/08/26,4582966,256732,SIMON FREDERICK GORDON PURKIS,JLT Disbursements,150,Misc. Legal Expenses,SUPPLIER,STANDARD,2407,LAAA-Directorate of Resources
RBC Legal Entity,2021/08/26,4582966,256732,SIMON FREDERICK GORDON PURKIS,JLT Disbursements,750,Misc. Legal Expenses,SUPPLIER,STANDARD,2407,LAAA-Directorate of Resources
RBC Legal Entity,2021/08/26,4588276,256733,CHERRYTREES CARE,Mental Health Community Services,1800,Purchased Care,Third Party Supplier,STANDARD,5731,JAAA-Directorate of Social Care and Health Services
RBC Legal Entity,2021/08/26,4588399,256736,CSN CARE GROUP LTD T/A CAREWATCH,PS Acquired Community Services,1182.75,Purchased Care,Third Party Supplier,STANDARD,5771,JAAA-Directorate of Social Care and Health Services
RBC Legal Entity,2021/08/26,4588402,256736,CSN CARE GROUP LTD T/A CAREWATCH,PS Acquired Community Services,532,Purchased Care,Third Party Supplier,STANDARD,5771,JAAA-Directorate of Social Care and Health Services
RBC Legal Entity,2021/08/26,4588404,256736,CSN CARE GROUP LTD T/A CAREWATCH,PS Acquired Community Services,798,Purchased Care,Third Party Supplier,STANDARD,5771,JAAA-Directorate of Social Care and Health Services
RBC Legal Entity,2021/08/26,4588410,256736,CSN CARE GROUP LTD T/A CAREWATCH,Mental Health Community Services,584.25,Purchased Care,Third Party Supplier,STANDARD,5731,JAAA-Directorate of Social Care and Health Services
RBC Legal Entity,2021/08/26,4588412,256736,CSN CARE GROUP LTD T/A CAREWATCH,PS Acquired Community Services,1292,Purchased Care,Third Party Supplier,STANDARD,5771,JAAA-Directorate of Social Care and Health Services
RBC Legal Entity,2021/08/26,4588413,256736,CSN CARE GROUP LTD T/A CAREWATCH,PS Acquired Community Services,2926,Purchased Care,Third Party Supplier,STANDARD,5771,JAAA-Directorate of Social Care and Health Services
RBC Legal Entity,2021/08/26,4588414,256736,CSN CARE GROUP LTD T/A CAREWATCH,PS Acquired Community Services,1216,Purchased Care,Third Party Supplier,STANDARD,5771,JAAA-Directorate of Social Care and Health Services
RBC Legal Entity,2021/08/26,4588415,256736,CSN CARE GROUP LTD T/A CAREWATCH,PS Acquired Community Services,1045,Purchased Care,Third Party Supplier,STANDARD,5771,JAAA-Directorate of Social Care and Health Services
RBC Legal Entity,2021/08/26,4588416,256736,CSN CARE GROUP LTD T/A CAREWATCH,PS Acquired Community Services,532,Purchased Care,Third Party Supplier,STANDARD,5771,JAAA-Directorate of Social Care and Health Services
RBC Legal Entity,2021/08/26,4588417,256736,CSN CARE GROUP LTD T/A CAREWATCH,PS Acquired Community Services,1330,Purchased Care,Third Party Supplier,STANDARD,5771,JAAA-Directorate of Social Care and Health Services
RBC Legal Entity,2021/08/26,4588419,256736,CSN CARE GROUP LTD T/A CAREWATCH,PS Acquired Community Services,1197,Purchased Care,Third Party Supplier,STANDARD,5771,JAAA-Directorate of Social Care and Health Services
RBC Legal Entity,2021/08/26,4588420,256736,CSN CARE GROUP LTD T/A CAREWATCH,Mental Health Community Services,1844.6,Purchased Care,Third Party Supplier,STANDARD,5731,JAAA-Directorate of Social Care and Health Services
RBC Legal Entity,2021/08/26,4588423,256736,CSN CARE GROUP LTD T/A CAREWATCH,PS Acquired Community Services,655.5,Purchased Care,Third Party Supplier,STANDARD,5771,JAAA-Directorate of Social Care and Health Services
RBC Legal Entity,2021/08/26,4588424,256736,CSN CARE GROUP LTD T/A CAREWATCH,PS Lifelong Community Services,971.98,Purchased Care,Third Party Supplier,STANDARD,5781,JAAA-Directorate of Social Care and Health Services
RBC Legal Entity,2021/08/26,4588425,256736,CSN CARE GROUP LTD T/A CAREWATCH,M&C Acquired Community Services,522.5,Purchased Care,Third Party Supplier,STANDARD,5751,JAAA-Directorate of Social Care and Health Services
RBC Legal Entity,2021/08/26,4588426,256736,CSN CARE GROUP LTD T/A CAREWATCH,PS Acquired Community Services,1054.5,Purchased Care,Third Party Supplier,STANDARD,5771,JAAA-Directorate of Social Care and Health Services
RBC Legal Entity,2021/08/26,4588427,256736,CSN CARE GROUP LTD T/A CAREWATCH,PS Acquired Community Services,522.5,Purchased Care,Third Party Supplier,STANDARD,5771,JAAA-Directorate of Social Care and Health Services
RBC Legal Entity,2021/08/26,4588428,256736,CSN CARE GROUP LTD T/A CAREWATCH,PS Acquired Community Services,636.5,Purchased Care,Third Party Supplier,STANDARD,5771,JAAA-Directorate of Social Care and Health Services
RBC Legal Entity,2021/08/26,4588430,256736,CSN CARE GROUP LTD T/A CAREWATCH,PS Acquired Community Services,2394,Purchased Care,Third Party Supplier,STANDARD,5771,JAAA-Directorate of Social Care and Health Services
RBC Legal Entity,2021/08/26,4583509,256737,SOLENT PLASTICS,Plaza West,4413.5,Equipment,SUPPLIER,STANDARD,8626,ZZZC-Capital
RBC Legal Entity,2021/08/26,4584065,256739,SOCIAL STATION - PLATFORMS FOR CHANGE LTD,Transformation,2000,Consultancy Fees,Third Party Supplier,STANDARD,5289,JAAA-Directorate of Social Care and Health Services
RBC Legal Entity,2021/08/26,4582960,256740,TRUSTMARQUE SOLUTIONS LIMITED,IT Management,207,Software Licences,Third Party Supplier,STANDARD,2300,LAAA-Directorate of Resources
RBC Legal Entity,2021/08/26,4582960,256740,TRUSTMARQUE SOLUTIONS LIMITED,IT Management,303.15,Software Licences,Third Party Supplier,STANDARD,2300,LAAA-Directorate of Resources
RBC Legal Entity,2021/08/26,4582960,256740,TRUSTMARQUE SOLUTIONS LIMITED,IT Management,417.83,Software Licences,Third Party Supplier,STANDARD,2300,LAAA-Directorate of Resources
RBC Legal Entity,2021/08/26,4588275,256741,REACT SUPPORT SERVICES LTD,Mental Health Community Services,3619,Purchased Care,Third Party Supplier,STANDARD,5731,JAAA-Directorate of Social Care and Health Services
RBC Legal Entity,2021/08/26,4588221,256743,AMHERST READING,Housing GF General Charges,700,Preventive+SupportiveServ,Third Party Supplier,STANDARD,5810,KAAA-Directorate of Economic Growth and Neighbourhood Services
RBC Legal Entity,2021/08/26,4588223,256743,AMHERST READING,Housing GF General Charges,700,Preventive+SupportiveServ,Third Party Supplier,STANDARD,5810,KAAA-Directorate of Economic Growth and Neighbourhood Services
RBC Legal Entity,2021/08/26,4588238,256743,AMHERST READING,Housing GF General Charges,700,Preventive+SupportiveServ,Third Party Supplier,STANDARD,5810,KAAA-Directorate of Economic Growth and Neighbourhood Services
RBC Legal Entity,2021/08/26,4588712,256744,LOVING ANGELS CARE,PS Acquired Community Services,841.5,Purchased Care,Third Party Supplier,STANDARD,5771,JAAA-Directorate of Social Care and Health Services
RBC Legal Entity,2021/08/26,4588713,256744,LOVING ANGELS CARE,PS Acquired Community Services,1481.76,Purchased Care,Third Party Supplier,STANDARD,5771,JAAA-Directorate of Social Care and Health Services
RBC Legal Entity,2021/08/26,4588714,256744,LOVING ANGELS CARE,PS Acquired Community Services,2140.32,Purchased Care,Third Party Supplier,STANDARD,5771,JAAA-Directorate of Social Care and Health Services
RBC Legal Entity,2021/08/26,4588715,256744,LOVING ANGELS CARE,PS Acquired Community Services,4609.92,Purchased Care,Third Party Supplier,STANDARD,5771,JAAA-Directorate of Social Care and Health Services
RBC Legal Entity,2021/08/26,4588716,256744,LOVING ANGELS CARE,PS Acquired Community Services,4609.92,Purchased Care,Third Party Supplier,STANDARD,5771,JAAA-Directorate of Social Care and Health Services
RBC Legal Entity,2021/08/26,4588718,256744,LOVING ANGELS CARE,Mental Health Community Services,639.54,Purchased Care,Third Party Supplier,STANDARD,5731,JAAA-Directorate of Social Care and Health Services
RBC Legal Entity,2021/08/26,4588463,256745,SALIS CARE LTD,LD Community Services,4786.57,Purchased Care,SUPPLIER,STANDARD,5741,JAAA-Directorate of Social Care and Health Services
RBC Legal Entity,2021/08/26,4584061,256746,C M DWYER CONSULTANCY SERVICES LIMITED,JLT Disbursements,600,Misc. Legal Expenses,Third Party Supplier,STANDARD,2407,LAAA-Directorate of Resources
RBC Legal Entity,2021/08/26,4585108,256747,AJANA LTD,Safeguarding Adults,1000,Professional Fees,Third Party Supplier,STANDARD,5158,JAAA-Directorate of Social Care and Health Services
RBC Legal Entity,2021/08/26,4582931,256749,THE CURIOUS LOUNGE CIC,New Directions,4500,Hire of halls,Third Party Supplier,STANDARD,3340,KAAA-Directorate of Economic Growth and Neighbourhood Services
RBC Legal Entity,2021/08/26,4584341,256750,EE LIMITED,Mobile Telephony,11.55,Mobile Phones,SUPPLIER,STANDARD,2305,LAAA-Directorate of Resources
RBC Legal Entity,2021/08/26,4584341,256750,EE LIMITED,Mobile Telephony,3209.63,Mobile Phones,SUPPLIER,STANDARD,2305,LAAA-Directorate of Resources
RBC Legal Entity,2021/08/26,4587924,256752,A LANGHAM BUILDERS LIMITED,Repairs,8834,Special Adaptions,SUPPLIER,STANDARD,5970,HAAA-Housing Revenue Account
RBC Legal Entity,2021/08/26,4588169,256754,ROWVALE HOTELS LTD T/A BOW GUEST HOUSE,Housing GF General Charges,560,Preventive+SupportiveServ,Third Party Supplier,STANDARD,5810,KAAA-Directorate of Economic Growth and Neighbourhood Services
RBC Legal Entity,2021/08/26,4588170,256754,ROWVALE HOTELS LTD T/A BOW GUEST HOUSE,Housing GF General Charges,623,Preventive+SupportiveServ,Third Party Supplier,STANDARD,5810,KAAA-Directorate of Economic Growth and Neighbourhood Services
RBC Legal Entity,2021/08/26,4588175,256754,ROWVALE HOTELS LTD T/A BOW GUEST HOUSE,Housing GF General Charges,623,Preventive+SupportiveServ,Third Party Supplier,STANDARD,5810,KAAA-Directorate of Economic Growth and Neighbourhood Services
RBC Legal Entity,2021/08/26,4588180,256754,ROWVALE HOTELS LTD T/A BOW GUEST HOUSE,Housing GF General Charges,623,Preventive+SupportiveServ,Third Party Supplier,STANDARD,5810,KAAA-Directorate of Economic Growth and Neighbourhood Services
RBC Legal Entity,2021/08/26,4588181,256754,ROWVALE HOTELS LTD T/A BOW GUEST HOUSE,Housing GF General Charges,623,Preventive+SupportiveServ,Third Party Supplier,STANDARD,5810,KAAA-Directorate of Economic Growth and Neighbourhood Services
RBC Legal Entity,2021/08/26,4588608,256757,THE WAYS & MEANS TRUST LTD,LD Community Services,849,Purchased Care,Third Party Supplier,STANDARD,5741,JAAA-Directorate of Social Care and Health Services
RBC Legal Entity,2021/08/26,4588609,256757,THE WAYS & MEANS TRUST LTD,LD Community Services,509.4,Purchased Care,Third Party Supplier,STANDARD,5741,JAAA-Directorate of Social Care and Health Services
RBC Legal Entity,2021/08/26,4588611,256757,THE WAYS & MEANS TRUST LTD,LD Community Services,679.2,Purchased Care,Third Party Supplier,STANDARD,5741,JAAA-Directorate of Social Care and Health Services
RBC Legal Entity,2021/08/26,4588612,256757,THE WAYS & MEANS TRUST LTD,LD Community Services,509.4,Purchased Care,Third Party Supplier,STANDARD,5741,JAAA-Directorate of Social Care and Health Services
RBC Legal Entity,2021/08/26,4588614,256757,THE WAYS & MEANS TRUST LTD,LD Community Services,509.4,Purchased Care,Third Party Supplier,STANDARD,5741,JAAA-Directorate of Social Care and Health Services
RBC Legal Entity,2021/08/26,4588616,256757,THE WAYS & MEANS TRUST LTD,LD Community Services,509.4,Purchased Care,Third Party Supplier,STANDARD,5741,JAAA-Directorate of Social Care and Health Services
RBC Legal Entity,2021/08/26,4588617,256757,THE WAYS & MEANS TRUST LTD,LD Community Services,109.72,Day Care Purchases,Third Party Supplier,STANDARD,5741,JAAA-Directorate of Social Care and Health Services
RBC Legal Entity,2021/08/26,4588617,256757,THE WAYS & MEANS TRUST LTD,LD Community Services,569.48,Purchased Care,Third Party Supplier,STANDARD,5741,JAAA-Directorate of Social Care and Health Services
RBC Legal Entity,2021/08/26,4582870,256759,CIPFA,Organisational Change Delivery Unit,3900,Consultancy Fees,Third Party Supplier,STANDARD,2005,LAAA-Directorate of Resources
RBC Legal Entity,2021/08/26,4588434,256760,READING HOTEL,Social Support,455,Bed + Breakfast/Emergency Acco,SUPPLIER,STANDARD,5790,JAAA-Directorate of Social Care and Health Services
RBC Legal Entity,2021/08/26,4588028,256761,DIGNITY FUNERALS LTD,Crematorium,1182,TPP to Others,SUPPLIER,STANDARD,4606,LAAA-Directorate of Resources
RBC Legal Entity,2021/08/26,4584366,256762,BASIL & CREW MOBILE FARM,Events & Engagement,675,Special Activities,SUPPLIER,STANDARD,2080,EAAA-Chief Executive
RBC Legal Entity,2021/08/26,4587949,256763,DIMENSIONS (UK) LTD,LD Community Services,-5695.56,Purchased Care,Third Party Supplier,CREDIT,5741,JAAA-Directorate of Social Care and Health Services
RBC Legal Entity,2021/08/26,4587950,256763,DIMENSIONS (UK) LTD,LD Community Services,5397.52,Purchased Care,Third Party Supplier,STANDARD,5741,JAAA-Directorate of Social Care and Health Services
RBC Legal Entity,2021/08/26,4588440,256763,DIMENSIONS (UK) LTD,LD Community Services,6079.72,Purchased Care,Third Party Supplier,STANDARD,5741,JAAA-Directorate of Social Care and Health Services
RBC Legal Entity,2021/08/26,4588441,256763,DIMENSIONS (UK) LTD,LD Community Services,4196.92,Purchased Care,Third Party Supplier,STANDARD,5741,JAAA-Directorate of Social Care and Health Services
RBC Legal Entity,2021/08/26,4588442,256763,DIMENSIONS (UK) LTD,LD Community Services,5116.52,Purchased Care,Third Party Supplier,STANDARD,5741,JAAA-Directorate of Social Care and Health Services
RBC Legal Entity,2021/08/26,4588443,256763,DIMENSIONS (UK) LTD,LD Community Services,6649.24,Purchased Care,Third Party Supplier,STANDARD,5741,JAAA-Directorate of Social Care and Health Services
RBC Legal Entity,2021/08/26,4588444,256763,DIMENSIONS (UK) LTD,LD Community Services,5099.48,Purchased Care,Third Party Supplier,STANDARD,5741,JAAA-Directorate of Social Care and Health Services
RBC Legal Entity,2021/08/26,4588445,256763,DIMENSIONS (UK) LTD,LD Community Services,6649.24,Purchased Care,Third Party Supplier,STANDARD,5741,JAAA-Directorate of Social Care and Health Services
RBC Legal Entity,2021/08/26,4588674,256763,DIMENSIONS (UK) LTD,LD Community Services,800.52,Purchased Care,Third Party Supplier,STANDARD,5741,JAAA-Directorate of Social Care and Health Services
RBC Legal Entity,2021/08/26,4588675,256763,DIMENSIONS (UK) LTD,LD Community Services,1072.92,Purchased Care,Third Party Supplier,STANDARD,5741,JAAA-Directorate of Social Care and Health Services
RBC Legal Entity,2021/08/26,4584564,256767,IMPERIAL CIVIL ENFORCEMENT SOLUTIONS,Parking & Enforcement,1114.96,Credit Card Commission,SUPPLIER,STANDARD,4725,KAAA-Directorate of Economic Growth and Neighbourhood Services
RBC Legal Entity,2021/08/26,4588792,256768,EVERSHEDS LLP,Legal Services,2095,Misc. Legal Expenses,Third Party Supplier,STANDARD,2400,LAAA-Directorate of Resources
RBC Legal Entity,2021/08/26,4588793,256768,EVERSHEDS LLP,Legal Services,1886.2,Misc. Legal Expenses,Third Party Supplier,STANDARD,2400,LAAA-Directorate of Resources
RBC Legal Entity,2021/08/26,4588153,256770,NSL LIMITED,On Street Pay and Display,650,Equipment Purchase & Repair,Third Party Supplier,STANDARD,4727,KAAA-Directorate of Economic Growth and Neighbourhood Services
RBC Legal Entity,2021/08/26,4585158,256771,DRAIN & ABLE,Corporate Maintenance Services,2250,Leasing Costs,Third Party Supplier,STANDARD,4080,KAAA-Directorate of Economic Growth and Neighbourhood Services
RBC Legal Entity,2021/08/26,4588144,256776,CREATIVE SUPPORT LTD,Mental Health Community Services,1498.92,Purchased Care,Third Party Supplier,STANDARD,5731,JAAA-Directorate of Social Care and Health Services
RBC Legal Entity,2021/08/26,4588145,256776,CREATIVE SUPPORT LTD,Mental Health Community Services,-1498.92,Purchased Care,Third Party Supplier,CREDIT,5731,JAAA-Directorate of Social Care and Health Services
RBC Legal Entity,2021/08/26,4588146,256776,CREATIVE SUPPORT LTD,Mental Health Community Services,1498.92,Purchased Care,Third Party Supplier,STANDARD,5731,JAAA-Directorate of Social Care and Health Services
RBC Legal Entity,2021/08/26,4588147,256776,CREATIVE SUPPORT LTD,Mental Health Community Services,-1498.92,Purchased Care,Third Party Supplier,CREDIT,5731,JAAA-Directorate of Social Care and Health Services
RBC Legal Entity,2021/08/26,4588640,256776,CREATIVE SUPPORT LTD,Mental Health Community Services,633.8,Purchased Care,Third Party Supplier,STANDARD,5731,JAAA-Directorate of Social Care and Health Services
RBC Legal Entity,2021/08/26,4588652,256776,CREATIVE SUPPORT LTD,Mental Health Community Services,604.56,Purchased Care,Third Party Supplier,STANDARD,5731,JAAA-Directorate of Social Care and Health Services
RBC Legal Entity,2021/08/26,4588653,256776,CREATIVE SUPPORT LTD,Mental Health Community Services,1101.72,Purchased Care,Third Party Supplier,STANDARD,5731,JAAA-Directorate of Social Care and Health Services
RBC Legal Entity,2021/08/26,4588654,256776,CREATIVE SUPPORT LTD,Mental Health Community Services,1167.92,Purchased Care,Third Party Supplier,STANDARD,5731,JAAA-Directorate of Social Care and Health Services
RBC Legal Entity,2021/08/26,4588655,256776,CREATIVE SUPPORT LTD,Mental Health Community Services,1234.12,Purchased Care,Third Party Supplier,STANDARD,5731,JAAA-Directorate of Social Care and Health Services
RBC Legal Entity,2021/08/26,4588656,256776,CREATIVE SUPPORT LTD,Mental Health Community Services,1465.8,Purchased Care,Third Party Supplier,STANDARD,5731,JAAA-Directorate of Social Care and Health Services
RBC Legal Entity,2021/08/26,4588657,256776,CREATIVE SUPPORT LTD,Mental Health Community Services,1134.8,Purchased Care,Third Party Supplier,STANDARD,5731,JAAA-Directorate of Social Care and Health Services
RBC Legal Entity,2021/08/26,4588658,256776,CREATIVE SUPPORT LTD,Mental Health Community Services,1101.72,Purchased Care,Third Party Supplier,STANDARD,5731,JAAA-Directorate of Social Care and Health Services
RBC Legal Entity,2021/08/26,4588661,256776,CREATIVE SUPPORT LTD,Mental Health Community Services,587.84,Purchased Care,Third Party Supplier,STANDARD,5731,JAAA-Directorate of Social Care and Health Services
RBC Legal Entity,2021/08/26,4588662,256776,CREATIVE SUPPORT LTD,Mental Health Community Services,526.16,Purchased Care,Third Party Supplier,STANDARD,5731,JAAA-Directorate of Social Care and Health Services
RBC Legal Entity,2021/08/26,4588665,256776,CREATIVE SUPPORT LTD,Mental Health Community Services,590.88,Purchased Care,Third Party Supplier,STANDARD,5731,JAAA-Directorate of Social Care and Health Services
RBC Legal Entity,2021/08/26,4588666,256776,CREATIVE SUPPORT LTD,Mental Health Community Services,817.4,Purchased Care,Third Party Supplier,STANDARD,5731,JAAA-Directorate of Social Care and Health Services
RBC Legal Entity,2021/08/26,4588680,256776,CREATIVE SUPPORT LTD,Mental Health Community Services,786.96,Purchased Care,Third Party Supplier,STANDARD,5731,JAAA-Directorate of Social Care and Health Services
RBC Legal Entity,2021/08/26,4583524,256777,LAPWING,Highways,125.75,Materials Direct,SUPPLIER,STANDARD,4252,KAAA-Directorate of Economic Growth and Neighbourhood Services
RBC Legal Entity,2021/08/26,4583524,256777,LAPWING,Highways,125.75,Materials Direct,SUPPLIER,STANDARD,4252,KAAA-Directorate of Economic Growth and Neighbourhood Services
RBC Legal Entity,2021/08/26,4583524,256777,LAPWING,Highways,775,Materials Direct,SUPPLIER,STANDARD,4252,KAAA-Directorate of Economic Growth and Neighbourhood Services
RBC Legal Entity,2021/08/26,4583524,256777,LAPWING,Highways,775,Materials Direct,SUPPLIER,STANDARD,4252,KAAA-Directorate of Economic Growth and Neighbourhood Services
RBC Legal Entity,2021/08/26,4588168,256778,CROWN LODGE GUEST HOUSE,Housing GF General Charges,623,Preventive+SupportiveServ,Third Party Supplier,STANDARD,5810,KAAA-Directorate of Economic Growth and Neighbourhood Services
RBC Legal Entity,2021/08/26,4588178,256778,CROWN LODGE GUEST HOUSE,Housing GF General Charges,623,Preventive+SupportiveServ,Third Party Supplier,STANDARD,5810,KAAA-Directorate of Economic Growth and Neighbourhood Services
RBC Legal Entity,2021/08/26,4588446,256779,REALCARE+ LIMITED,PS Acquired Community Services,456,Purchased Care,Third Party Supplier,STANDARD,5771,JAAA-Directorate of Social Care and Health Services
RBC Legal Entity,2021/08/26,4588467,256779,REALCARE+ LIMITED,PS Acquired Community Services,608,Purchased Care,Third Party Supplier,STANDARD,5771,JAAA-Directorate of Social Care and Health Services
RBC Legal Entity,2021/08/26,4588497,256779,REALCARE+ LIMITED,PS Acquired Community Services,608,Purchased Care,Third Party Supplier,STANDARD,5771,JAAA-Directorate of Social Care and Health Services
RBC Legal Entity,2021/08/26,4588677,256779,REALCARE+ LIMITED,PS Acquired Community Services,608,Purchased Care,Third Party Supplier,STANDARD,5771,JAAA-Directorate of Social Care and Health Services
RBC Legal Entity,2021/08/26,4587718,256781,MR DAMIAN GARRIDO,JLT Disbursements,1200,Misc. Legal Expenses,SUPPLIER,STANDARD,2407,LAAA-Directorate of Resources
RBC Legal Entity,2021/08/26,4585690,256782,PESTPRO BIRD SOLUTIONS LTD,DLO Day to Day Trades,348,Subcontractors Labour,Third Party Supplier,STANDARD,4010,KAAA-Directorate of Economic Growth and Neighbourhood Services
RBC Legal Entity,2021/08/26,4585690,256782,PESTPRO BIRD SOLUTIONS LTD,DLO Day to Day Trades,1170,Subcontractors Labour,Third Party Supplier,STANDARD,4010,KAAA-Directorate of Economic Growth and Neighbourhood Services
RBC Legal Entity,2021/08/26,4584053,256784,MR ALEX PERRY,JLT Disbursements,550,Misc. Legal Expenses,SUPPLIER,STANDARD,2407,LAAA-Directorate of Resources
RBC Legal Entity,2021/08/26,4584057,256784,MR ALEX PERRY,JLT Disbursements,550,Misc. Legal Expenses,SUPPLIER,STANDARD,2407,LAAA-Directorate of Resources
RBC Legal Entity,2021/08/26,4583512,256786,DOWLIS INSPIRED BRANDING LTD,Kennet Day Nursery,1248.3,Uniforms,SUPPLIER,STANDARD,3555,LAAA-Directorate of Resources
RBC Legal Entity,2021/08/26,4588439,256788,DIAMOND QUALITY CARE,LD Community Services,1826.08,Purchased Care,SUPPLIER,STANDARD,5741,JAAA-Directorate of Social Care and Health Services
RBC Legal Entity,2021/08/26,4585280,256789,IMIMOBILE INTELLIGENT NETWORKS LIMITED,IT Management,1804.68,Mobile Phones,SUPPLIER,STANDARD,2300,LAAA-Directorate of Resources
RBC Legal Entity,2021/08/26,4588037,256791,GALLIFORD TRY GROUP,St John's Primary,7116.54,External Fees  Misc.,SUB-CONTRACTOR,STANDARD,8257,ZZZC-Capital
RBC Legal Entity,2021/08/26,4582930,256792,BK SAFETY & WORKWEAR LTD,Refuse Collection,26.07,Uniforms,SUPPLIER,STANDARD,4561,KAAA-Directorate of Economic Growth and Neighbourhood Services
RBC Legal Entity,2021/08/26,4582930,256792,BK SAFETY & WORKWEAR LTD,Refuse Collection,57.3,Uniforms,SUPPLIER,STANDARD,4561,KAAA-Directorate of Economic Growth and Neighbourhood Services
RBC Legal Entity,2021/08/26,4582930,256792,BK SAFETY & WORKWEAR LTD,Refuse Collection,59.94,Uniforms,SUPPLIER,STANDARD,4561,KAAA-Directorate of Economic Growth and Neighbourhood Services
RBC Legal Entity,2021/08/26,4582930,256792,BK SAFETY & WORKWEAR LTD,Refuse Collection,59.94,Uniforms,SUPPLIER,STANDARD,4561,KAAA-Directorate of Economic Growth and Neighbourhood Services
RBC Legal Entity,2021/08/26,4582930,256792,BK SAFETY & WORKWEAR LTD,Refuse Collection,59.94,Uniforms,SUPPLIER,STANDARD,4561,KAAA-Directorate of Economic Growth and Neighbourhood Services
RBC Legal Entity,2021/08/26,4582930,256792,BK SAFETY & WORKWEAR LTD,Refuse Collection,65.98,Uniforms,SUPPLIER,STANDARD,4561,KAAA-Directorate of Economic Growth and Neighbourhood Services
RBC Legal Entity,2021/08/26,4582930,256792,BK SAFETY & WORKWEAR LTD,Refuse Collection,65.98,Uniforms,SUPPLIER,STANDARD,4561,KAAA-Directorate of Economic Growth and Neighbourhood Services
RBC Legal Entity,2021/08/26,4582930,256792,BK SAFETY & WORKWEAR LTD,Refuse Collection,65.98,Uniforms,SUPPLIER,STANDARD,4561,KAAA-Directorate of Economic Growth and Neighbourhood Services
RBC Legal Entity,2021/08/26,4582930,256792,BK SAFETY & WORKWEAR LTD,Refuse Collection,70.08,Uniforms,SUPPLIER,STANDARD,4561,KAAA-Directorate of Economic Growth and Neighbourhood Services
RBC Legal Entity,2021/08/26,4582930,256792,BK SAFETY & WORKWEAR LTD,Refuse Collection,71.2,Uniforms,SUPPLIER,STANDARD,4561,KAAA-Directorate of Economic Growth and Neighbourhood Services
RBC Legal Entity,2021/08/26,4582930,256792,BK SAFETY & WORKWEAR LTD,Refuse Collection,79.95,Uniforms,SUPPLIER,STANDARD,4561,KAAA-Directorate of Economic Growth and Neighbourhood Services
RBC Legal Entity,2021/08/26,4582930,256792,BK SAFETY & WORKWEAR LTD,Refuse Collection,86.9,Uniforms,SUPPLIER,STANDARD,4561,KAAA-Directorate of Economic Growth and Neighbourhood Services
RBC Legal Entity,2021/08/26,4582930,256792,BK SAFETY & WORKWEAR LTD,Refuse Collection,95.5,Uniforms,SUPPLIER,STANDARD,4561,KAAA-Directorate of Economic Growth and Neighbourhood Services
RBC Legal Entity,2021/08/26,4582930,256792,BK SAFETY & WORKWEAR LTD,Refuse Collection,95.5,Uniforms,SUPPLIER,STANDARD,4561,KAAA-Directorate of Economic Growth and Neighbourhood Services
RBC Legal Entity,2021/08/26,4582930,256792,BK SAFETY & WORKWEAR LTD,Refuse Collection,99.9,Uniforms,SUPPLIER,STANDARD,4561,KAAA-Directorate of Economic Growth and Neighbourhood Services
RBC Legal Entity,2021/08/26,4582930,256792,BK SAFETY & WORKWEAR LTD,Refuse Collection,99.9,Uniforms,SUPPLIER,STANDARD,4561,KAAA-Directorate of Economic Growth and Neighbourhood Services
RBC Legal Entity,2021/08/26,4582930,256792,BK SAFETY & WORKWEAR LTD,Refuse Collection,99.9,Uniforms,SUPPLIER,STANDARD,4561,KAAA-Directorate of Economic Growth and Neighbourhood Services
RBC Legal Entity,2021/08/26,4582930,256792,BK SAFETY & WORKWEAR LTD,Refuse Collection,99.9,Uniforms,SUPPLIER,STANDARD,4561,KAAA-Directorate of Economic Growth and Neighbourhood Services
RBC Legal Entity,2021/08/26,4582930,256792,BK SAFETY & WORKWEAR LTD,Refuse Collection,116.8,Uniforms,SUPPLIER,STANDARD,4561,KAAA-Directorate of Economic Growth and Neighbourhood Services
RBC Legal Entity,2021/08/26,4582930,256792,BK SAFETY & WORKWEAR LTD,Refuse Collection,130.5,Uniforms,SUPPLIER,STANDARD,4561,KAAA-Directorate of Economic Growth and Neighbourhood Services
RBC Legal Entity,2021/08/26,4582930,256792,BK SAFETY & WORKWEAR LTD,Refuse Collection,140.16,Uniforms,SUPPLIER,STANDARD,4561,KAAA-Directorate of Economic Growth and Neighbourhood Services
RBC Legal Entity,2021/08/26,4582930,256792,BK SAFETY & WORKWEAR LTD,Refuse Collection,150.45,Uniforms,SUPPLIER,STANDARD,4561,KAAA-Directorate of Economic Growth and Neighbourhood Services
RBC Legal Entity,2021/08/26,4582930,256792,BK SAFETY & WORKWEAR LTD,Refuse Collection,159.9,Uniforms,SUPPLIER,STANDARD,4561,KAAA-Directorate of Economic Growth and Neighbourhood Services
RBC Legal Entity,2021/08/26,4582930,256792,BK SAFETY & WORKWEAR LTD,Refuse Collection,164.95,Uniforms,SUPPLIER,STANDARD,4561,KAAA-Directorate of Economic Growth and Neighbourhood Services
RBC Legal Entity,2021/08/26,4582930,256792,BK SAFETY & WORKWEAR LTD,Refuse Collection,233.6,Uniforms,SUPPLIER,STANDARD,4561,KAAA-Directorate of Economic Growth and Neighbourhood Services
RBC Legal Entity,2021/08/26,4582930,256792,BK SAFETY & WORKWEAR LTD,Refuse Collection,233.6,Uniforms,SUPPLIER,STANDARD,4561,KAAA-Directorate of Economic Growth and Neighbourhood Services
RBC Legal Entity,2021/08/26,4582930,256792,BK SAFETY & WORKWEAR LTD,Refuse Collection,233.6,Uniforms,SUPPLIER,STANDARD,4561,KAAA-Directorate of Economic Growth and Neighbourhood Services
RBC Legal Entity,2021/08/26,4582930,256792,BK SAFETY & WORKWEAR LTD,Refuse Collection,1860,Uniforms,SUPPLIER,STANDARD,4561,KAAA-Directorate of Economic Growth and Neighbourhood Services
RBC Legal Entity,2021/08/26,4588763,256794,KCARE NURSING AGENCY LTD,PS Acquired Community Services,690.8,Purchased Care,Third Party Supplier,STANDARD,5771,JAAA-Directorate of Social Care and Health Services
RBC Legal Entity,2021/08/26,4588764,256794,KCARE NURSING AGENCY LTD,PS Acquired Community Services,2222.4,Purchased Care,Third Party Supplier,STANDARD,5771,JAAA-Directorate of Social Care and Health Services
RBC Legal Entity,2021/08/26,4588765,256794,KCARE NURSING AGENCY LTD,PS Acquired Community Services,1687.73,Purchased Care,Third Party Supplier,STANDARD,5771,JAAA-Directorate of Social Care and Health Services
RBC Legal Entity,2021/08/26,4588766,256794,KCARE NURSING AGENCY LTD,PS Acquired Community Services,1062.86,Purchased Care,Third Party Supplier,STANDARD,5771,JAAA-Directorate of Social Care and Health Services
RBC Legal Entity,2021/08/26,4588767,256794,KCARE NURSING AGENCY LTD,PS Acquired Community Services,655.24,Purchased Care,Third Party Supplier,STANDARD,5771,JAAA-Directorate of Social Care and Health Services
RBC Legal Entity,2021/08/26,4588768,256794,KCARE NURSING AGENCY LTD,PS Acquired Community Services,1908.86,Purchased Care,Third Party Supplier,STANDARD,5771,JAAA-Directorate of Social Care and Health Services
RBC Legal Entity,2021/08/26,4588769,256794,KCARE NURSING AGENCY LTD,PS Acquired Community Services,1024.16,Purchased Care,Third Party Supplier,STANDARD,5771,JAAA-Directorate of Social Care and Health Services
RBC Legal Entity,2021/08/26,4588771,256794,KCARE NURSING AGENCY LTD,ASC Operational Management Team,-357.17,Purchased Care,Third Party Supplier,CREDIT,5309,JAAA-Directorate of Social Care and Health Services
RBC Legal Entity,2021/08/26,4588771,256794,KCARE NURSING AGENCY LTD,PS Acquired Community Services,833.4,Purchased Care,Third Party Supplier,STANDARD,5771,JAAA-Directorate of Social Care and Health Services
RBC Legal Entity,2021/08/26,4588772,256794,KCARE NURSING AGENCY LTD,PS Acquired Community Services,777.84,Purchased Care,Third Party Supplier,STANDARD,5771,JAAA-Directorate of Social Care and Health Services
RBC Legal Entity,2021/08/26,4588773,256794,KCARE NURSING AGENCY LTD,ASC Operational Management Team,-333.36,Purchased Care,Third Party Supplier,CREDIT,5309,JAAA-Directorate of Social Care and Health Services
RBC Legal Entity,2021/08/26,4588773,256794,KCARE NURSING AGENCY LTD,PS Acquired Community Services,777.84,Purchased Care,Third Party Supplier,STANDARD,5771,JAAA-Directorate of Social Care and Health Services
RBC Legal Entity,2021/08/26,4588544,256795,SUPERB HEALTHCARE LTD,PS Acquired Community Services,2736,Purchased Care,Third Party Supplier,STANDARD,5771,JAAA-Directorate of Social Care and Health Services
RBC Legal Entity,2021/08/26,4588545,256795,SUPERB HEALTHCARE LTD,PS Acquired Community Services,1710,Purchased Care,Third Party Supplier,STANDARD,5771,JAAA-Directorate of Social Care and Health Services
RBC Legal Entity,2021/08/26,4585778,256796,F M CONWAY LTD,Highways,797.87,Materials Direct,SUB-CONTRACTOR,STANDARD,4252,KAAA-Directorate of Economic Growth and Neighbourhood Services
RBC Legal Entity,2021/08/26,4588433,256797,CARE4U WE LTD,LD Community Services,7872,Purchased Care,Third Party Supplier,STANDARD,5741,JAAA-Directorate of Social Care and Health Services
RBC Legal Entity,2021/08/26,4588517,256797,CARE4U WE LTD,LD Community Services,6953.8,Purchased Care,Third Party Supplier,STANDARD,5741,JAAA-Directorate of Social Care and Health Services
RBC Legal Entity,2021/08/26,4588525,256797,CARE4U WE LTD,Mental Health Community Services,8840.16,Purchased Care,Third Party Supplier,STANDARD,5731,JAAA-Directorate of Social Care and Health Services
RBC Legal Entity,2021/08/26,4588526,256797,CARE4U WE LTD,LD Community Services,8840.16,Purchased Care,Third Party Supplier,STANDARD,5741,JAAA-Directorate of Social Care and Health Services
RBC Legal Entity,2021/08/26,4588744,256797,CARE4U WE LTD,Mental Health Community Services,1082.8,Purchased Care,Third Party Supplier,STANDARD,5731,JAAA-Directorate of Social Care and Health Services
RBC Legal Entity,2021/08/26,4588757,256797,CARE4U WE LTD,Social Support,4011,Purchased Care,Third Party Supplier,STANDARD,5790,JAAA-Directorate of Social Care and Health Services
RBC Legal Entity,2021/08/26,4588762,256797,CARE4U WE LTD,LD Community Services,7872,Purchased Care,Third Party Supplier,STANDARD,5741,JAAA-Directorate of Social Care and Health Services
RBC Legal Entity,2021/08/26,4588437,256798,MEDCARE HOME SERVICES LTD T/A PROACTIVE LIFE,Mental Health Community Services,794.32,Purchased Care,SUPPLIER,STANDARD,5731,JAAA-Directorate of Social Care and Health Services
RBC Legal Entity,2021/08/26,4588438,256798,MEDCARE HOME SERVICES LTD T/A PROACTIVE LIFE,LD Community Services,3976.1,Purchased Care,SUPPLIER,STANDARD,5741,JAAA-Directorate of Social Care and Health Services
RBC Legal Entity,2021/08/26,4588689,256798,MEDCARE HOME SERVICES LTD T/A PROACTIVE LIFE,PS Acquired Community Services,2419.2,Purchased Care,SUPPLIER,STANDARD,5771,JAAA-Directorate of Social Care and Health Services
RBC Legal Entity,2021/08/26,4588690,256798,MEDCARE HOME SERVICES LTD T/A PROACTIVE LIFE,PS Acquired Community Services,2419.2,Purchased Care,SUPPLIER,STANDARD,5771,JAAA-Directorate of Social Care and Health Services
RBC Legal Entity,2021/08/26,4588691,256798,MEDCARE HOME SERVICES LTD T/A PROACTIVE LIFE,PS Acquired Community Services,2419.2,Purchased Care,SUPPLIER,STANDARD,5771,JAAA-Directorate of Social Care and Health Services
RBC Legal Entity,2021/08/26,4588692,256798,MEDCARE HOME SERVICES LTD T/A PROACTIVE LIFE,PS Acquired Community Services,2419.2,Purchased Care,SUPPLIER,STANDARD,5771,JAAA-Directorate of Social Care and Health Services
RBC Legal Entity,2021/08/26,4588693,256798,MEDCARE HOME SERVICES LTD T/A PROACTIVE LIFE,PS Acquired Community Services,2419.2,Purchased Care,SUPPLIER,STANDARD,5771,JAAA-Directorate of Social Care and Health Services
RBC Legal Entity,2021/08/26,4588694,256798,MEDCARE HOME SERVICES LTD T/A PROACTIVE LIFE,PS Acquired Community Services,2419.2,Purchased Care,SUPPLIER,STANDARD,5771,JAAA-Directorate of Social Care and Health Services
RBC Legal Entity,2021/08/26,4588695,256798,MEDCARE HOME SERVICES LTD T/A PROACTIVE LIFE,Assets _ General,-1624.35,Payments in Advance,SUPPLIER,CREDIT,9885,ZZZB-Balance Sheet
RBC Legal Entity,2021/08/26,4588695,256798,MEDCARE HOME SERVICES LTD T/A PROACTIVE LIFE,PS Acquired Community Services,2419.2,Purchased Care,SUPPLIER,STANDARD,5771,JAAA-Directorate of Social Care and Health Services
RBC Legal Entity,2021/08/26,4588298,256800,PEOPLE MATTER SUPPORT SERVICES LTD,PS Acquired Community Services,1325.25,Purchased Care,SUPPLIER,STANDARD,5771,JAAA-Directorate of Social Care and Health Services
RBC Legal Entity,2021/08/26,4588299,256800,PEOPLE MATTER SUPPORT SERVICES LTD,PS Acquired Community Services,2650.5,Purchased Care,SUPPLIER,STANDARD,5771,JAAA-Directorate of Social Care and Health Services
RBC Legal Entity,2021/08/26,4588300,256800,PEOPLE MATTER SUPPORT SERVICES LTD,PS Acquired Community Services,1325.25,Purchased Care,SUPPLIER,STANDARD,5771,JAAA-Directorate of Social Care and Health Services
RBC Legal Entity,2021/08/26,4588301,256800,PEOPLE MATTER SUPPORT SERVICES LTD,PS Acquired Community Services,1325.25,Purchased Care,SUPPLIER,STANDARD,5771,JAAA-Directorate of Social Care and Health Services
RBC Legal Entity,2021/08/27,4588861,256802,RAVI MISHRA,Guaranteed Rent Scheme,1388.74,Rents,SUPPLIER,STANDARD,5872,KAAA-Directorate of Economic Growth and Neighbourhood Services
RBC Legal Entity,2021/08/27,4584034,256803,MAX ASSOCIATES (HOLDINGS) LTD,Leisure Review,6000,External Fees  Misc.,SUPPLIER,STANDARD,8016,ZZZC-Capital
RBC Legal Entity,2021/08/27,4588881,256804,PRODATA SYSTEMS LTD,Guaranteed Rent Scheme,865.8,Rents,Landlord,STANDARD,5872,KAAA-Directorate of Economic Growth and Neighbourhood Services
RBC Legal Entity,2021/08/27,4589111,256804,PRODATA SYSTEMS LTD,Guaranteed Rent Scheme,880.53,Rents,Landlord,STANDARD,5872,KAAA-Directorate of Economic Growth and Neighbourhood Services
RBC Legal Entity,2021/08/27,4589446,256805,PATRICK ARTWELL,Guaranteed Rent Scheme,1006.72,Rents,Landlord,STANDARD,5872,KAAA-Directorate of Economic Growth and Neighbourhood Services
RBC Legal Entity,2021/08/27,4587504,256806,JPH SOCIAL WORK LTD,DACHS Training,960,Training & Development Costs,SUPPLIER,STANDARD,5705,JAAA-Directorate of Social Care and Health Services
RBC Legal Entity,2021/08/27,4588868,256807,EUROCARB LIMITED,Guaranteed Rent Scheme,880.53,Rents,SUPPLIER,STANDARD,5872,KAAA-Directorate of Economic Growth and Neighbourhood Services
RBC Legal Entity,2021/08/27,4589234,256808,DR FARLEY FERNANDO,Guaranteed Rent Scheme,865.8,Rents,SUPPLIER,STANDARD,5872,KAAA-Directorate of Economic Growth and Neighbourhood Services
RBC Legal Entity,2021/08/27,4588871,256809,GEORGE HALLMEY,Guaranteed Rent Scheme,880.53,Rents,SUPPLIER,STANDARD,5872,KAAA-Directorate of Economic Growth and Neighbourhood Services
RBC Legal Entity,2021/08/27,4588894,256810,FRANK & GARY HOPE,Guaranteed Rent Scheme,880.53,Rents,SUPPLIER,STANDARD,5872,KAAA-Directorate of Economic Growth and Neighbourhood Services
RBC Legal Entity,2021/08/27,4589427,256810,FRANK & GARY HOPE,Guaranteed Rent Scheme,694.59,Rents,SUPPLIER,STANDARD,5872,KAAA-Directorate of Economic Growth and Neighbourhood Services
RBC Legal Entity,2021/08/27,4589525,256810,FRANK & GARY HOPE,Guaranteed Rent Scheme,880.53,Rents,SUPPLIER,STANDARD,5872,KAAA-Directorate of Economic Growth and Neighbourhood Services
RBC Legal Entity,2021/08/27,4588873,256811,MAUREEN WHITCHER,Guaranteed Rent Scheme,961.09,Rents,SUPPLIER,STANDARD,5872,KAAA-Directorate of Economic Growth and Neighbourhood Services
RBC Legal Entity,2021/08/27,4588951,256812,SUMREEN SHEIKH,Guaranteed Rent Scheme,880.53,Rents,SUPPLIER,STANDARD,5872,KAAA-Directorate of Economic Growth and Neighbourhood Services
RBC Legal Entity,2021/08/27,4588876,256813,ROY & JANET SIMMONDS,Guaranteed Rent Scheme,1388.74,Rents,SUPPLIER,STANDARD,5872,KAAA-Directorate of Economic Growth and Neighbourhood Services
RBC Legal Entity,2021/08/27,4589409,256815,VOKE PROPERTIES,Guaranteed Rent Scheme,694.59,Rents,Landlord,STANDARD,5872,KAAA-Directorate of Economic Growth and Neighbourhood Services
RBC Legal Entity,2021/08/27,4589411,256816,ENID AND LYNDON MOLLYNEAUX,Guaranteed Rent Scheme,1388.74,Rents,Landlord,STANDARD,5872,KAAA-Directorate of Economic Growth and Neighbourhood Services
RBC Legal Entity,2021/08/27,4588878,256817,BALVER SINGH,Guaranteed Rent Scheme,1388.74,Rents,Landlord,STANDARD,5872,KAAA-Directorate of Economic Growth and Neighbourhood Services
RBC Legal Entity,2021/08/27,4589424,256819,MICHAEL JONES AND MARY JONES,Guaranteed Rent Scheme,1388.74,Rents,Landlord,STANDARD,5872,KAAA-Directorate of Economic Growth and Neighbourhood Services
RBC Legal Entity,2021/08/27,4589448,256820,CHARLES SINCLAIR LTD,Guaranteed Rent Scheme,880.53,Rents,Landlord,STANDARD,5872,KAAA-Directorate of Economic Growth and Neighbourhood Services
RBC Legal Entity,2021/08/27,4589449,256820,CHARLES SINCLAIR LTD,Guaranteed Rent Scheme,694.59,Rents,Landlord,STANDARD,5872,KAAA-Directorate of Economic Growth and Neighbourhood Services
RBC Legal Entity,2021/08/27,4589434,256821,MARTIN BROWN,Guaranteed Rent Scheme,880.53,Rents,Landlord,STANDARD,5872,KAAA-Directorate of Economic Growth and Neighbourhood Services
RBC Legal Entity,2021/08/27,4589447,256822,LAWRENCE TAYLOR,Guaranteed Rent Scheme,880.53,Rents,Landlord,STANDARD,5872,KAAA-Directorate of Economic Growth and Neighbourhood Services
RBC Legal Entity,2021/08/27,4589437,256823,LANGHAMS PARTNERSHIP LTD,Guaranteed Rent Scheme,880.53,Rents,Landlord,STANDARD,5872,KAAA-Directorate of Economic Growth and Neighbourhood Services
RBC Legal Entity,2021/08/27,4589444,256823,LANGHAMS PARTNERSHIP LTD,Guaranteed Rent Scheme,880.53,Rents,Landlord,STANDARD,5872,KAAA-Directorate of Economic Growth and Neighbourhood Services
RBC Legal Entity,2021/08/27,4589600,256823,LANGHAMS PARTNERSHIP LTD,Guaranteed Rent Scheme,694.29,Rents,Landlord,STANDARD,5872,KAAA-Directorate of Economic Growth and Neighbourhood Services
RBC Legal Entity,2021/08/27,4589453,256824,JOHN AND JEAN MEIGHEN,Guaranteed Rent Scheme,694.59,Rents,Landlord,STANDARD,5872,KAAA-Directorate of Economic Growth and Neighbourhood Services
RBC Legal Entity,2021/08/27,4589565,256824,JOHN AND JEAN MEIGHEN,Guaranteed Rent Scheme,694.59,Rents,Landlord,STANDARD,5872,KAAA-Directorate of Economic Growth and Neighbourhood Services
RBC Legal Entity,2021/08/27,4589454,256825,ALKA BAHUGUNA,Guaranteed Rent Scheme,880.53,Rents,Landlord,STANDARD,5872,KAAA-Directorate of Economic Growth and Neighbourhood Services
RBC Legal Entity,2021/08/27,4589460,256826,MUHAMMAD USMAN DAR AND FARAH USMAN DAR,Guaranteed Rent Scheme,880.53,Rents,Landlord,STANDARD,5872,KAAA-Directorate of Economic Growth and Neighbourhood Services
RBC Legal Entity,2021/08/27,4583463,256831,STREET FURNISHINGS LTD,Highways,13,Materials Direct,SUPPLIER,STANDARD,4252,KAAA-Directorate of Economic Growth and Neighbourhood Services
RBC Legal Entity,2021/08/27,4583463,256831,STREET FURNISHINGS LTD,Highways,110,Materials Direct,SUPPLIER,STANDARD,4252,KAAA-Directorate of Economic Growth and Neighbourhood Services
RBC Legal Entity,2021/08/27,4583463,256831,STREET FURNISHINGS LTD,Highways,110,Materials Direct,SUPPLIER,STANDARD,4252,KAAA-Directorate of Economic Growth and Neighbourhood Services
RBC Legal Entity,2021/08/27,4583463,256831,STREET FURNISHINGS LTD,Highways,184,Materials Direct,SUPPLIER,STANDARD,4252,KAAA-Directorate of Economic Growth and Neighbourhood Services
RBC Legal Entity,2021/08/27,4584048,256832,GEORGE LINES LTD,Highways,157.6,Materials Direct,Third Party Supplier,STANDARD,4252,KAAA-Directorate of Economic Growth and Neighbourhood Services
RBC Legal Entity,2021/08/27,4584048,256832,GEORGE LINES LTD,Highways,157.6,Materials Direct,Third Party Supplier,STANDARD,4252,KAAA-Directorate of Economic Growth and Neighbourhood Services
RBC Legal Entity,2021/08/27,4584048,256832,GEORGE LINES LTD,Highways,176,Materials Direct,Third Party Supplier,STANDARD,4252,KAAA-Directorate of Economic Growth and Neighbourhood Services
RBC Legal Entity,2021/08/27,4584048,256832,GEORGE LINES LTD,Highways,188,Materials Direct,Third Party Supplier,STANDARD,4252,KAAA-Directorate of Economic Growth and Neighbourhood Services
RBC Legal Entity,2021/08/27,4584048,256832,GEORGE LINES LTD,Highways,256.1,Materials Direct,Third Party Supplier,STANDARD,4252,KAAA-Directorate of Economic Growth and Neighbourhood Services
RBC Legal Entity,2021/08/27,4585337,256833,DR C J MCCORMICK,Coroner,2672.4,Medical Fees,SUPPLIER,STANDARD,4605,KAAA-Directorate of Economic Growth and Neighbourhood Services
RBC Legal Entity,2021/08/27,4588874,256840,M.S PROPERTY LTD,Guaranteed Rent Scheme,1365.52,Rents,SUPPLIER,STANDARD,5872,KAAA-Directorate of Economic Growth and Neighbourhood Services
RBC Legal Entity,2021/08/27,4588911,256841,ALLAN KEW,Guaranteed Rent Scheme,694.59,Rents,SUPPLIER,STANDARD,5872,KAAA-Directorate of Economic Growth and Neighbourhood Services
RBC Legal Entity,2021/08/27,4588999,256841,ALLAN KEW,Guaranteed Rent Scheme,694.59,Rents,SUPPLIER,STANDARD,5872,KAAA-Directorate of Economic Growth and Neighbourhood Services
RBC Legal Entity,2021/08/27,4589140,256841,ALLAN KEW,Guaranteed Rent Scheme,694.59,Rents,SUPPLIER,STANDARD,5872,KAAA-Directorate of Economic Growth and Neighbourhood Services
RBC Legal Entity,2021/08/27,4589204,256842,JOHN MAYNARD,Guaranteed Rent Scheme,865.8,Rents,SUPPLIER,STANDARD,5872,KAAA-Directorate of Economic Growth and Neighbourhood Services
RBC Legal Entity,2021/08/27,4589573,256842,JOHN MAYNARD,Guaranteed Rent Scheme,694.59,Rents,SUPPLIER,STANDARD,5872,KAAA-Directorate of Economic Growth and Neighbourhood Services
RBC Legal Entity,2021/08/27,4589658,256843,DEELAND LTD T/A SERVICEMASTER,Private Sector Grants,746.83,Grants (Paid out by RBC),SUPPLIER,STANDARD,8500,ZZZC-Capital
RBC Legal Entity,2021/08/27,4589176,256844,BERYL BANISTER,Guaranteed Rent Scheme,880.53,Rents,SUPPLIER,STANDARD,5872,KAAA-Directorate of Economic Growth and Neighbourhood Services
RBC Legal Entity,2021/08/27,4588893,256845,WINKWORTH ESTATE AGENTS,Guaranteed Rent Scheme,663.08,Rents,SUPPLIER,STANDARD,5872,KAAA-Directorate of Economic Growth and Neighbourhood Services
RBC Legal Entity,2021/08/27,4588940,256845,WINKWORTH ESTATE AGENTS,Guaranteed Rent Scheme,989.91,Rents,SUPPLIER,STANDARD,5872,KAAA-Directorate of Economic Growth and Neighbourhood Services
RBC Legal Entity,2021/08/27,4589221,256845,WINKWORTH ESTATE AGENTS,Guaranteed Rent Scheme,865.8,Rents,SUPPLIER,STANDARD,5872,KAAA-Directorate of Economic Growth and Neighbourhood Services
RBC Legal Entity,2021/08/27,4589400,256845,WINKWORTH ESTATE AGENTS,Guaranteed Rent Scheme,694.59,Rents,SUPPLIER,STANDARD,5872,KAAA-Directorate of Economic Growth and Neighbourhood Services
RBC Legal Entity,2021/08/27,4588877,256846,MOHAMMED S AHMED,Guaranteed Rent Scheme,1388.74,Rents,SUPPLIER,STANDARD,5872,KAAA-Directorate of Economic Growth and Neighbourhood Services
RBC Legal Entity,2021/08/27,4589230,256847,AMAR AZIZ,Guaranteed Rent Scheme,682.98,Rents,SUPPLIER,STANDARD,5872,KAAA-Directorate of Economic Growth and Neighbourhood Services
RBC Legal Entity,2021/08/27,4589257,256847,AMAR AZIZ,Guaranteed Rent Scheme,682.98,Rents,SUPPLIER,STANDARD,5872,KAAA-Directorate of Economic Growth and Neighbourhood Services
RBC Legal Entity,2021/08/27,4589426,256847,AMAR AZIZ,Guaranteed Rent Scheme,694.59,Rents,SUPPLIER,STANDARD,5872,KAAA-Directorate of Economic Growth and Neighbourhood Services
RBC Legal Entity,2021/08/27,4589421,256848,MISS Y C FOSSEY & MR G LUBBOCK,Guaranteed Rent Scheme,1006.72,Rents,Third Party Supplier,STANDARD,5872,KAAA-Directorate of Economic Growth and Neighbourhood Services
RBC Legal Entity,2021/08/27,4589535,256849,ELLEN TOGHER,Guaranteed Rent Scheme,694.59,Rents,SUPPLIER,STANDARD,5872,KAAA-Directorate of Economic Growth and Neighbourhood Services
RBC Legal Entity,2021/08/27,4584497,256850,THE ANSWERING SERVICE,Buildings Payroll,1040.54,Security Charges,SUPPLIER,STANDARD,3390,KAAA-Directorate of Economic Growth and Neighbourhood Services
RBC Legal Entity,2021/08/27,4588885,256851,NORTHWOOD READING,Guaranteed Rent Scheme,663.08,Rents,Landlord,STANDARD,5872,KAAA-Directorate of Economic Growth and Neighbourhood Services
RBC Legal Entity,2021/08/27,4588969,256851,NORTHWOOD READING,Guaranteed Rent Scheme,694.59,Rents,Landlord,STANDARD,5872,KAAA-Directorate of Economic Growth and Neighbourhood Services
RBC Legal Entity,2021/08/27,4589163,256851,NORTHWOOD READING,Guaranteed Rent Scheme,865.8,Rents,Landlord,STANDARD,5872,KAAA-Directorate of Economic Growth and Neighbourhood Services
RBC Legal Entity,2021/08/27,4589574,256851,NORTHWOOD READING,Guaranteed Rent Scheme,600,Rents,Landlord,STANDARD,5872,KAAA-Directorate of Economic Growth and Neighbourhood Services
RBC Legal Entity,2021/08/27,4589474,256852,CHRISTOPHER EDWARD JORDAN,Guaranteed Rent Scheme,1006.72,Rents,Landlord,STANDARD,5872,KAAA-Directorate of Economic Growth and Neighbourhood Services
RBC Legal Entity,2021/08/27,4589467,256853,RABIA BUTT,Guaranteed Rent Scheme,880.53,Rents,Landlord,STANDARD,5872,KAAA-Directorate of Economic Growth and Neighbourhood Services
RBC Legal Entity,2021/08/27,4589497,256854,LOLA MONICA SMITH,Guaranteed Rent Scheme,694.59,Rents,Landlord,STANDARD,5872,KAAA-Directorate of Economic Growth and Neighbourhood Services
RBC Legal Entity,2021/08/27,4585859,256855,CONTRACT OPTIONS LTD,Highways,195,Subcontractors Labour,Third Party Supplier,STANDARD,4252,KAAA-Directorate of Economic Growth and Neighbourhood Services
RBC Legal Entity,2021/08/27,4585859,256855,CONTRACT OPTIONS LTD,Highways,325,Subcontractors Labour,Third Party Supplier,STANDARD,4252,KAAA-Directorate of Economic Growth and Neighbourhood Services
RBC Legal Entity,2021/08/27,4585859,256855,CONTRACT OPTIONS LTD,Highways,660,Subcontractors Labour,Third Party Supplier,STANDARD,4252,KAAA-Directorate of Economic Growth and Neighbourhood Services
RBC Legal Entity,2021/08/27,4585859,256855,CONTRACT OPTIONS LTD,Highways,1650,Subcontractors Labour,Third Party Supplier,STANDARD,4252,KAAA-Directorate of Economic Growth and Neighbourhood Services
RBC Legal Entity,2021/08/27,4589488,256856,JEFFREY UNSWORTH AND NEENA PATEL,Guaranteed Rent Scheme,880.53,Rents,Landlord,STANDARD,5872,KAAA-Directorate of Economic Growth and Neighbourhood Services
RBC Legal Entity,2021/08/27,4589471,256859,SPENCER CHAPLIN,Guaranteed Rent Scheme,1006.72,Rents,Landlord,STANDARD,5872,KAAA-Directorate of Economic Growth and Neighbourhood Services
RBC Legal Entity,2021/08/27,4589481,256861,JASVIR SINGH,Guaranteed Rent Scheme,880.53,Rents,Landlord,STANDARD,5872,KAAA-Directorate of Economic Growth and Neighbourhood Services
RBC Legal Entity,2021/08/27,4589486,256862,SIMON O'BRIEN,Guaranteed Rent Scheme,1006.72,Rents,Landlord,STANDARD,5872,KAAA-Directorate of Economic Growth and Neighbourhood Services
RBC Legal Entity,2021/08/27,4589484,256863,TIMOTHY PAUL CARTER,Guaranteed Rent Scheme,880.53,Rents,Landlord,STANDARD,5872,KAAA-Directorate of Economic Growth and Neighbourhood Services
RBC Legal Entity,2021/08/27,4589492,256864,MARK PARMENTER,Guaranteed Rent Scheme,694.59,Rents,Landlord,STANDARD,5872,KAAA-Directorate of Economic Growth and Neighbourhood Services
RBC Legal Entity,2021/08/27,4583969,256866,AMBLEGLOW,Traffic,5137,Traffic Orders,Third Party Supplier,STANDARD,4703,KAAA-Directorate of Economic Growth and Neighbourhood Services
RBC Legal Entity,2021/08/27,4583993,256866,AMBLEGLOW,Traffic,698,Traffic Orders,Third Party Supplier,STANDARD,4703,KAAA-Directorate of Economic Growth and Neighbourhood Services
RBC Legal Entity,2021/08/27,4584173,256866,AMBLEGLOW,Traffic,567,Traffic Orders,Third Party Supplier,STANDARD,4703,KAAA-Directorate of Economic Growth and Neighbourhood Services
RBC Legal Entity,2021/08/27,4589107,256870,VILLAGE PROPERTIES,Guaranteed Rent Scheme,1365.52,Rents,SUPPLIER,STANDARD,5872,KAAA-Directorate of Economic Growth and Neighbourhood Services
RBC Legal Entity,2021/08/27,4588872,256871,LANDLORDS & TENANTS,Guaranteed Rent Scheme,1006.72,Rents,SUPPLIER,STANDARD,5872,KAAA-Directorate of Economic Growth and Neighbourhood Services
RBC Legal Entity,2021/08/27,4588884,256871,LANDLORDS & TENANTS,Guaranteed Rent Scheme,880.53,Rents,SUPPLIER,STANDARD,5872,KAAA-Directorate of Economic Growth and Neighbourhood Services
RBC Legal Entity,2021/08/27,4588907,256871,LANDLORDS & TENANTS,Guaranteed Rent Scheme,880.53,Rents,SUPPLIER,STANDARD,5872,KAAA-Directorate of Economic Growth and Neighbourhood Services
RBC Legal Entity,2021/08/27,4588922,256871,LANDLORDS & TENANTS,Guaranteed Rent Scheme,694.59,Rents,SUPPLIER,STANDARD,5872,KAAA-Directorate of Economic Growth and Neighbourhood Services
RBC Legal Entity,2021/08/27,4588983,256871,LANDLORDS & TENANTS,Guaranteed Rent Scheme,694.59,Rents,SUPPLIER,STANDARD,5872,KAAA-Directorate of Economic Growth and Neighbourhood Services
RBC Legal Entity,2021/08/27,4589076,256871,LANDLORDS & TENANTS,Guaranteed Rent Scheme,865.8,Rents,SUPPLIER,STANDARD,5872,KAAA-Directorate of Economic Growth and Neighbourhood Services
RBC Legal Entity,2021/08/27,4589093,256871,LANDLORDS & TENANTS,Guaranteed Rent Scheme,880.53,Rents,SUPPLIER,STANDARD,5872,KAAA-Directorate of Economic Growth and Neighbourhood Services
RBC Legal Entity,2021/08/27,4589190,256871,LANDLORDS & TENANTS,Guaranteed Rent Scheme,694.59,Rents,SUPPLIER,STANDARD,5872,KAAA-Directorate of Economic Growth and Neighbourhood Services
RBC Legal Entity,2021/08/27,4589331,256871,LANDLORDS & TENANTS,Guaranteed Rent Scheme,880.53,Rents,SUPPLIER,STANDARD,5872,KAAA-Directorate of Economic Growth and Neighbourhood Services
RBC Legal Entity,2021/08/27,4589341,256871,LANDLORDS & TENANTS,Guaranteed Rent Scheme,1006.72,Rents,SUPPLIER,STANDARD,5872,KAAA-Directorate of Economic Growth and Neighbourhood Services
RBC Legal Entity,2021/08/27,4589377,256871,LANDLORDS & TENANTS,Guaranteed Rent Scheme,880.53,Rents,SUPPLIER,STANDARD,5872,KAAA-Directorate of Economic Growth and Neighbourhood Services
RBC Legal Entity,2021/08/27,4589440,256871,LANDLORDS & TENANTS,Guaranteed Rent Scheme,1006.72,Rents,SUPPLIER,STANDARD,5872,KAAA-Directorate of Economic Growth and Neighbourhood Services
RBC Legal Entity,2021/08/27,4589515,256871,LANDLORDS & TENANTS,Guaranteed Rent Scheme,694.59,Rents,SUPPLIER,STANDARD,5872,KAAA-Directorate of Economic Growth and Neighbourhood Services
RBC Legal Entity,2021/08/27,4589551,256871,LANDLORDS & TENANTS,Guaranteed Rent Scheme,880.53,Rents,SUPPLIER,STANDARD,5872,KAAA-Directorate of Economic Growth and Neighbourhood Services
RBC Legal Entity,2021/08/27,4585966,256872,VERMATECH PEST CONTROL,South Street Operations,576,Refuse collection,SUPPLIER,STANDARD,1220,KAAA-Directorate of Economic Growth and Neighbourhood Services
RBC Legal Entity,2021/08/27,4589135,256876,ADDINGTON PROPERTIES,Guaranteed Rent Scheme,694.59,Rents,SUPPLIER,STANDARD,5872,KAAA-Directorate of Economic Growth and Neighbourhood Services
RBC Legal Entity,2021/08/27,4589137,256876,ADDINGTON PROPERTIES,Guaranteed Rent Scheme,694.59,Rents,SUPPLIER,STANDARD,5872,KAAA-Directorate of Economic Growth and Neighbourhood Services
RBC Legal Entity,2021/08/27,4589138,256876,ADDINGTON PROPERTIES,Guaranteed Rent Scheme,694.59,Rents,SUPPLIER,STANDARD,5872,KAAA-Directorate of Economic Growth and Neighbourhood Services
RBC Legal Entity,2021/08/27,4589154,256876,ADDINGTON PROPERTIES,Guaranteed Rent Scheme,694.59,Rents,SUPPLIER,STANDARD,5872,KAAA-Directorate of Economic Growth and Neighbourhood Services
RBC Legal Entity,2021/08/27,4589273,256876,ADDINGTON PROPERTIES,Guaranteed Rent Scheme,694.59,Rents,SUPPLIER,STANDARD,5872,KAAA-Directorate of Economic Growth and Neighbourhood Services
RBC Legal Entity,2021/08/27,4589296,256876,ADDINGTON PROPERTIES,Guaranteed Rent Scheme,694.59,Rents,SUPPLIER,STANDARD,5872,KAAA-Directorate of Economic Growth and Neighbourhood Services
RBC Legal Entity,2021/08/27,4589378,256876,ADDINGTON PROPERTIES,Guaranteed Rent Scheme,694.59,Rents,SUPPLIER,STANDARD,5872,KAAA-Directorate of Economic Growth and Neighbourhood Services
RBC Legal Entity,2021/08/27,4589436,256876,ADDINGTON PROPERTIES,Guaranteed Rent Scheme,694.59,Rents,SUPPLIER,STANDARD,5872,KAAA-Directorate of Economic Growth and Neighbourhood Services
RBC Legal Entity,2021/08/27,4589278,256877,EDMUND AND MARGARET ATKINSON ,Guaranteed Rent Scheme,865.8,Rents,SUPPLIER,STANDARD,5872,KAAA-Directorate of Economic Growth and Neighbourhood Services
RBC Legal Entity,2021/08/27,4589558,256878,BOYD RANWELL,Guaranteed Rent Scheme,1006.72,Rents,Landlord,STANDARD,5872,KAAA-Directorate of Economic Growth and Neighbourhood Services
RBC Legal Entity,2021/08/27,4588889,256879,ALEXANDER & YAS BATCHELOR,Guaranteed Rent Scheme,694.59,Rents,SUPPLIER,STANDARD,5872,KAAA-Directorate of Economic Growth and Neighbourhood Services
RBC Legal Entity,2021/08/27,4589086,256880,AMANDA COLLINS,Guaranteed Rent Scheme,880.53,Rents,SUPPLIER,STANDARD,5872,KAAA-Directorate of Economic Growth and Neighbourhood Services
RBC Legal Entity,2021/08/27,4588906,256881,NETHER GREEN LTD,Guaranteed Rent Scheme,1388.74,Rents,SUPPLIER,STANDARD,5872,KAAA-Directorate of Economic Growth and Neighbourhood Services
RBC Legal Entity,2021/08/27,4589078,256881,NETHER GREEN LTD,Guaranteed Rent Scheme,1006.72,Rents,SUPPLIER,STANDARD,5872,KAAA-Directorate of Economic Growth and Neighbourhood Services
RBC Legal Entity,2021/08/27,4589499,256881,NETHER GREEN LTD,Guaranteed Rent Scheme,1388.74,Rents,SUPPLIER,STANDARD,5872,KAAA-Directorate of Economic Growth and Neighbourhood Services
RBC Legal Entity,2021/08/27,4589504,256883,DAVIS TATE LTD,Guaranteed Rent Scheme,865.8,Rents,SUPPLIER,STANDARD,5872,KAAA-Directorate of Economic Growth and Neighbourhood Services
RBC Legal Entity,2021/08/27,4589053,256884,DAMON GERARD HALL & SARAH ANN ORME,Guaranteed Rent Scheme,682.98,Rents,SUPPLIER,STANDARD,5872,KAAA-Directorate of Economic Growth and Neighbourhood Services
RBC Legal Entity,2021/08/27,4588898,256885,MARK  PEARCE,Guaranteed Rent Scheme,816.1,Rents,Landlord,STANDARD,5872,KAAA-Directorate of Economic Growth and Neighbourhood Services
RBC Legal Entity,2021/08/27,4588899,256886,ELIZABETH & TOBY WILSON,Guaranteed Rent Scheme,961.09,Rents,SUPPLIER,STANDARD,5872,KAAA-Directorate of Economic Growth and Neighbourhood Services
RBC Legal Entity,2021/08/27,4588832,256887,PETER COLLINS,Guaranteed Rent Scheme,694.59,Rents,SUPPLIER,STANDARD,5872,KAAA-Directorate of Economic Growth and Neighbourhood Services
RBC Legal Entity,2021/08/27,4589249,256887,PETER COLLINS,Guaranteed Rent Scheme,880.53,Rents,SUPPLIER,STANDARD,5872,KAAA-Directorate of Economic Growth and Neighbourhood Services
RBC Legal Entity,2021/08/27,4589290,256887,PETER COLLINS,Guaranteed Rent Scheme,880.53,Rents,SUPPLIER,STANDARD,5872,KAAA-Directorate of Economic Growth and Neighbourhood Services
RBC Legal Entity,2021/08/27,4589337,256887,PETER COLLINS,Guaranteed Rent Scheme,694.59,Rents,SUPPLIER,STANDARD,5872,KAAA-Directorate of Economic Growth and Neighbourhood Services
RBC Legal Entity,2021/08/27,4589580,256887,PETER COLLINS,Guaranteed Rent Scheme,880.53,Rents,SUPPLIER,STANDARD,5872,KAAA-Directorate of Economic Growth and Neighbourhood Services
RBC Legal Entity,2021/08/27,4589591,256888,OLUKEMI ILELABOYE,Guaranteed Rent Scheme,880.53,Rents,SUPPLIER,STANDARD,5872,KAAA-Directorate of Economic Growth and Neighbourhood Services
RBC Legal Entity,2021/08/27,4589503,256890,ASHWANI ANAND,Guaranteed Rent Scheme,880.53,Rents,Landlord,STANDARD,5872,KAAA-Directorate of Economic Growth and Neighbourhood Services
RBC Legal Entity,2021/08/27,4589538,256892,REBECCA TAYNTON,Guaranteed Rent Scheme,880.53,Rents,Landlord,STANDARD,5872,KAAA-Directorate of Economic Growth and Neighbourhood Services
RBC Legal Entity,2021/08/27,4589521,256893,GVA PROPERTIES LTD,Guaranteed Rent Scheme,694.59,Rents,Landlord,STANDARD,5872,KAAA-Directorate of Economic Growth and Neighbourhood Services
RBC Legal Entity,2021/08/27,4589520,256894,BRIJ BHARATI AND ALKA BAHUGUNA,Guaranteed Rent Scheme,880.53,Rents,Landlord,STANDARD,5872,KAAA-Directorate of Economic Growth and Neighbourhood Services
RBC Legal Entity,2021/08/27,4589587,256894,BRIJ BHARATI AND ALKA BAHUGUNA,Guaranteed Rent Scheme,880.53,Rents,Landlord,STANDARD,5872,KAAA-Directorate of Economic Growth and Neighbourhood Services
RBC Legal Entity,2021/08/27,4589526,256895,VTS SERVICES & CONSULTING LTD,Guaranteed Rent Scheme,880.53,Rents,Landlord,STANDARD,5872,KAAA-Directorate of Economic Growth and Neighbourhood Services
RBC Legal Entity,2021/08/27,4589264,256896,SEAN HEATH,Guaranteed Rent Scheme,880.53,Rents,Landlord,STANDARD,5872,KAAA-Directorate of Economic Growth and Neighbourhood Services
RBC Legal Entity,2021/08/27,4589543,256897,DAVID AND SUSAN SALMON,Guaranteed Rent Scheme,880.53,Rents,Landlord,STANDARD,5872,KAAA-Directorate of Economic Growth and Neighbourhood Services
RBC Legal Entity,2021/08/27,4589530,256898,NORTHWOOD READING,Guaranteed Rent Scheme,880.53,Rents,Landlord,STANDARD,5872,KAAA-Directorate of Economic Growth and Neighbourhood Services
RBC Legal Entity,2021/08/27,4589531,256899,NICOLA BUTLER,Guaranteed Rent Scheme,694.59,Rents,Landlord,STANDARD,5872,KAAA-Directorate of Economic Growth and Neighbourhood Services
RBC Legal Entity,2021/08/27,4589533,256900,GURJOT SIDHU AND RAMANDIP SIDHU,Guaranteed Rent Scheme,1006.72,Rents,Landlord,STANDARD,5872,KAAA-Directorate of Economic Growth and Neighbourhood Services
RBC Legal Entity,2021/08/27,4589561,256902,SAID KAMAL HASHEMI,Guaranteed Rent Scheme,1006.72,Rents,Landlord,STANDARD,5872,KAAA-Directorate of Economic Growth and Neighbourhood Services
RBC Legal Entity,2021/08/27,4589639,256903,LARGER THAN LIFE,Events & Engagement,845,Special Activities,SUPPLIER,STANDARD,2080,EAAA-Chief Executive
RBC Legal Entity,2021/08/27,4588819,256904,A H LANSLEY RESIDENTIAL LTD,Guaranteed Rent Scheme,682.98,Rents,SUPPLIER,STANDARD,5872,KAAA-Directorate of Economic Growth and Neighbourhood Services
RBC Legal Entity,2021/08/27,4589215,256904,A H LANSLEY RESIDENTIAL LTD,Guaranteed Rent Scheme,682.98,Rents,SUPPLIER,STANDARD,5872,KAAA-Directorate of Economic Growth and Neighbourhood Services
RBC Legal Entity,2021/08/27,4589432,256904,A H LANSLEY RESIDENTIAL LTD,Guaranteed Rent Scheme,694.59,Rents,SUPPLIER,STANDARD,5872,KAAA-Directorate of Economic Growth and Neighbourhood Services
RBC Legal Entity,2021/08/27,4584496,256905,SMILE PUBLISHING LTD,Public Health Team Costs,535,Advertising - General,Third Party Supplier,STANDARD,2065,JAAA-Directorate of Social Care and Health Services
RBC Legal Entity,2021/08/27,4583530,256906,GEESINK NORBA LTD,Fleet Management,125.6,Unfair Wear + Tear Costs,SUPPLIER,STANDARD,4552,KAAA-Directorate of Economic Growth and Neighbourhood Services
RBC Legal Entity,2021/08/27,4583530,256906,GEESINK NORBA LTD,Fleet Management,236.58,Unfair Wear + Tear Costs,SUPPLIER,STANDARD,4552,KAAA-Directorate of Economic Growth and Neighbourhood Services
RBC Legal Entity,2021/08/27,4583530,256906,GEESINK NORBA LTD,Fleet Management,240.14,Unfair Wear + Tear Costs,SUPPLIER,STANDARD,4552,KAAA-Directorate of Economic Growth and Neighbourhood Services
RBC Legal Entity,2021/08/27,4583530,256906,GEESINK NORBA LTD,Fleet Management,269.85,Unfair Wear + Tear Costs,SUPPLIER,STANDARD,4552,KAAA-Directorate of Economic Growth and Neighbourhood Services
RBC Legal Entity,2021/08/27,4583530,256906,GEESINK NORBA LTD,Fleet Management,270.6,Unfair Wear + Tear Costs,SUPPLIER,STANDARD,4552,KAAA-Directorate of Economic Growth and Neighbourhood Services
RBC Legal Entity,2021/08/27,4583530,256906,GEESINK NORBA LTD,Fleet Management,348.47,Unfair Wear + Tear Costs,SUPPLIER,STANDARD,4552,KAAA-Directorate of Economic Growth and Neighbourhood Services
RBC Legal Entity,2021/08/27,4583530,256906,GEESINK NORBA LTD,Fleet Management,497.08,Unfair Wear + Tear Costs,SUPPLIER,STANDARD,4552,KAAA-Directorate of Economic Growth and Neighbourhood Services
RBC Legal Entity,2021/08/27,4588842,256907,MCCARTHY PROPERTIES READING LTD,Guaranteed Rent Scheme,880.53,Rents,Landlord,STANDARD,5872,KAAA-Directorate of Economic Growth and Neighbourhood Services
RBC Legal Entity,2021/08/27,4588869,256907,MCCARTHY PROPERTIES READING LTD,Guaranteed Rent Scheme,682.98,Rents,Landlord,STANDARD,5872,KAAA-Directorate of Economic Growth and Neighbourhood Services
RBC Legal Entity,2021/08/27,4588890,256907,MCCARTHY PROPERTIES READING LTD,Guaranteed Rent Scheme,682.98,Rents,Landlord,STANDARD,5872,KAAA-Directorate of Economic Growth and Neighbourhood Services
RBC Legal Entity,2021/08/27,4588938,256907,MCCARTHY PROPERTIES READING LTD,Guaranteed Rent Scheme,694.59,Rents,Landlord,STANDARD,5872,KAAA-Directorate of Economic Growth and Neighbourhood Services
RBC Legal Entity,2021/08/27,4588945,256907,MCCARTHY PROPERTIES READING LTD,Guaranteed Rent Scheme,694.59,Rents,Landlord,STANDARD,5872,KAAA-Directorate of Economic Growth and Neighbourhood Services
RBC Legal Entity,2021/08/27,4588982,256907,MCCARTHY PROPERTIES READING LTD,Guaranteed Rent Scheme,694.59,Rents,Landlord,STANDARD,5872,KAAA-Directorate of Economic Growth and Neighbourhood Services
RBC Legal Entity,2021/08/27,4588987,256907,MCCARTHY PROPERTIES READING LTD,Guaranteed Rent Scheme,682.98,Rents,Landlord,STANDARD,5872,KAAA-Directorate of Economic Growth and Neighbourhood Services
RBC Legal Entity,2021/08/27,4589002,256907,MCCARTHY PROPERTIES READING LTD,Guaranteed Rent Scheme,880.53,Rents,Landlord,STANDARD,5872,KAAA-Directorate of Economic Growth and Neighbourhood Services
RBC Legal Entity,2021/08/27,4589030,256907,MCCARTHY PROPERTIES READING LTD,Guaranteed Rent Scheme,682.98,Rents,Landlord,STANDARD,5872,KAAA-Directorate of Economic Growth and Neighbourhood Services
RBC Legal Entity,2021/08/27,4589054,256907,MCCARTHY PROPERTIES READING LTD,Guaranteed Rent Scheme,865.8,Rents,Landlord,STANDARD,5872,KAAA-Directorate of Economic Growth and Neighbourhood Services
RBC Legal Entity,2021/08/27,4589065,256907,MCCARTHY PROPERTIES READING LTD,Guaranteed Rent Scheme,694.59,Rents,Landlord,STANDARD,5872,KAAA-Directorate of Economic Growth and Neighbourhood Services
RBC Legal Entity,2021/08/27,4589080,256907,MCCARTHY PROPERTIES READING LTD,Guaranteed Rent Scheme,682.98,Rents,Landlord,STANDARD,5872,KAAA-Directorate of Economic Growth and Neighbourhood Services
RBC Legal Entity,2021/08/27,4589098,256907,MCCARTHY PROPERTIES READING LTD,Guaranteed Rent Scheme,694.59,Rents,Landlord,STANDARD,5872,KAAA-Directorate of Economic Growth and Neighbourhood Services
RBC Legal Entity,2021/08/27,4589099,256907,MCCARTHY PROPERTIES READING LTD,Guaranteed Rent Scheme,682.98,Rents,Landlord,STANDARD,5872,KAAA-Directorate of Economic Growth and Neighbourhood Services
RBC Legal Entity,2021/08/27,4589131,256907,MCCARTHY PROPERTIES READING LTD,Guaranteed Rent Scheme,682.98,Rents,Landlord,STANDARD,5872,KAAA-Directorate of Economic Growth and Neighbourhood Services
RBC Legal Entity,2021/08/27,4589182,256907,MCCARTHY PROPERTIES READING LTD,Guaranteed Rent Scheme,865.8,Rents,Landlord,STANDARD,5872,KAAA-Directorate of Economic Growth and Neighbourhood Services
RBC Legal Entity,2021/08/27,4589185,256907,MCCARTHY PROPERTIES READING LTD,Guaranteed Rent Scheme,865.8,Rents,Landlord,STANDARD,5872,KAAA-Directorate of Economic Growth and Neighbourhood Services
RBC Legal Entity,2021/08/27,4589212,256907,MCCARTHY PROPERTIES READING LTD,Guaranteed Rent Scheme,682.98,Rents,Landlord,STANDARD,5872,KAAA-Directorate of Economic Growth and Neighbourhood Services
RBC Legal Entity,2021/08/27,4589246,256907,MCCARTHY PROPERTIES READING LTD,Guaranteed Rent Scheme,682.98,Rents,Landlord,STANDARD,5872,KAAA-Directorate of Economic Growth and Neighbourhood Services
RBC Legal Entity,2021/08/27,4589263,256907,MCCARTHY PROPERTIES READING LTD,Guaranteed Rent Scheme,682.98,Rents,Landlord,STANDARD,5872,KAAA-Directorate of Economic Growth and Neighbourhood Services
RBC Legal Entity,2021/08/27,4589297,256907,MCCARTHY PROPERTIES READING LTD,Guaranteed Rent Scheme,694.59,Rents,Landlord,STANDARD,5872,KAAA-Directorate of Economic Growth and Neighbourhood Services
RBC Legal Entity,2021/08/27,4589317,256907,MCCARTHY PROPERTIES READING LTD,Guaranteed Rent Scheme,694.59,Rents,Landlord,STANDARD,5872,KAAA-Directorate of Economic Growth and Neighbourhood Services
RBC Legal Entity,2021/08/27,4589338,256907,MCCARTHY PROPERTIES READING LTD,Guaranteed Rent Scheme,694.59,Rents,Landlord,STANDARD,5872,KAAA-Directorate of Economic Growth and Neighbourhood Services
RBC Legal Entity,2021/08/27,4589361,256907,MCCARTHY PROPERTIES READING LTD,Guaranteed Rent Scheme,694.59,Rents,Landlord,STANDARD,5872,KAAA-Directorate of Economic Growth and Neighbourhood Services
RBC Legal Entity,2021/08/27,4589380,256907,MCCARTHY PROPERTIES READING LTD,Guaranteed Rent Scheme,694.59,Rents,Landlord,STANDARD,5872,KAAA-Directorate of Economic Growth and Neighbourhood Services
RBC Legal Entity,2021/08/27,4589386,256907,MCCARTHY PROPERTIES READING LTD,Guaranteed Rent Scheme,650,Rents,Landlord,STANDARD,5872,KAAA-Directorate of Economic Growth and Neighbourhood Services
RBC Legal Entity,2021/08/27,4589391,256907,MCCARTHY PROPERTIES READING LTD,Guaranteed Rent Scheme,880.53,Rents,Landlord,STANDARD,5872,KAAA-Directorate of Economic Growth and Neighbourhood Services
RBC Legal Entity,2021/08/27,4589392,256907,MCCARTHY PROPERTIES READING LTD,Guaranteed Rent Scheme,694.59,Rents,Landlord,STANDARD,5872,KAAA-Directorate of Economic Growth and Neighbourhood Services
RBC Legal Entity,2021/08/27,4589399,256907,MCCARTHY PROPERTIES READING LTD,Guaranteed Rent Scheme,694.59,Rents,Landlord,STANDARD,5872,KAAA-Directorate of Economic Growth and Neighbourhood Services
RBC Legal Entity,2021/08/27,4589417,256907,MCCARTHY PROPERTIES READING LTD,Guaranteed Rent Scheme,880.53,Rents,Landlord,STANDARD,5872,KAAA-Directorate of Economic Growth and Neighbourhood Services
RBC Legal Entity,2021/08/27,4589462,256907,MCCARTHY PROPERTIES READING LTD,Guaranteed Rent Scheme,694.59,Rents,Landlord,STANDARD,5872,KAAA-Directorate of Economic Growth and Neighbourhood Services
RBC Legal Entity,2021/08/27,4589483,256907,MCCARTHY PROPERTIES READING LTD,Guaranteed Rent Scheme,880.53,Rents,Landlord,STANDARD,5872,KAAA-Directorate of Economic Growth and Neighbourhood Services
RBC Legal Entity,2021/08/27,4589487,256907,MCCARTHY PROPERTIES READING LTD,Guaranteed Rent Scheme,694.59,Rents,Landlord,STANDARD,5872,KAAA-Directorate of Economic Growth and Neighbourhood Services
RBC Legal Entity,2021/08/27,4589524,256907,MCCARTHY PROPERTIES READING LTD,Guaranteed Rent Scheme,694.59,Rents,Landlord,STANDARD,5872,KAAA-Directorate of Economic Growth and Neighbourhood Services
RBC Legal Entity,2021/08/27,4589527,256907,MCCARTHY PROPERTIES READING LTD,Guaranteed Rent Scheme,694.59,Rents,Landlord,STANDARD,5872,KAAA-Directorate of Economic Growth and Neighbourhood Services
RBC Legal Entity,2021/08/27,4589537,256907,MCCARTHY PROPERTIES READING LTD,Guaranteed Rent Scheme,694.59,Rents,Landlord,STANDARD,5872,KAAA-Directorate of Economic Growth and Neighbourhood Services
RBC Legal Entity,2021/08/27,4589544,256907,MCCARTHY PROPERTIES READING LTD,Guaranteed Rent Scheme,880.53,Rents,Landlord,STANDARD,5872,KAAA-Directorate of Economic Growth and Neighbourhood Services
RBC Legal Entity,2021/08/27,4589577,256907,MCCARTHY PROPERTIES READING LTD,Guaranteed Rent Scheme,1006.72,Rents,Landlord,STANDARD,5872,KAAA-Directorate of Economic Growth and Neighbourhood Services
RBC Legal Entity,2021/08/27,4588825,256908,MARTIN COSTELLOE,Guaranteed Rent Scheme,694.59,Rents,Landlord,STANDARD,5872,KAAA-Directorate of Economic Growth and Neighbourhood Services
RBC Legal Entity,2021/08/27,4588941,256908,MARTIN COSTELLOE,Guaranteed Rent Scheme,865.8,Rents,Landlord,STANDARD,5872,KAAA-Directorate of Economic Growth and Neighbourhood Services
RBC Legal Entity,2021/08/27,4588946,256908,MARTIN COSTELLOE,Guaranteed Rent Scheme,694.59,Rents,Landlord,STANDARD,5872,KAAA-Directorate of Economic Growth and Neighbourhood Services
RBC Legal Entity,2021/08/27,4588953,256908,MARTIN COSTELLOE,Guaranteed Rent Scheme,694.59,Rents,Landlord,STANDARD,5872,KAAA-Directorate of Economic Growth and Neighbourhood Services
RBC Legal Entity,2021/08/27,4588958,256908,MARTIN COSTELLOE,Guaranteed Rent Scheme,694.59,Rents,Landlord,STANDARD,5872,KAAA-Directorate of Economic Growth and Neighbourhood Services
RBC Legal Entity,2021/08/27,4588991,256908,MARTIN COSTELLOE,Guaranteed Rent Scheme,880.53,Rents,Landlord,STANDARD,5872,KAAA-Directorate of Economic Growth and Neighbourhood Services
RBC Legal Entity,2021/08/27,4589073,256908,MARTIN COSTELLOE,Guaranteed Rent Scheme,880.53,Rents,Landlord,STANDARD,5872,KAAA-Directorate of Economic Growth and Neighbourhood Services
RBC Legal Entity,2021/08/27,4589132,256908,MARTIN COSTELLOE,Guaranteed Rent Scheme,694.59,Rents,Landlord,STANDARD,5872,KAAA-Directorate of Economic Growth and Neighbourhood Services
RBC Legal Entity,2021/08/27,4589260,256908,MARTIN COSTELLOE,Guaranteed Rent Scheme,865.8,Rents,Landlord,STANDARD,5872,KAAA-Directorate of Economic Growth and Neighbourhood Services
RBC Legal Entity,2021/08/27,4589291,256908,MARTIN COSTELLOE,Guaranteed Rent Scheme,682.98,Rents,Landlord,STANDARD,5872,KAAA-Directorate of Economic Growth and Neighbourhood Services
RBC Legal Entity,2021/08/27,4589310,256908,MARTIN COSTELLOE,Guaranteed Rent Scheme,1006.72,Rents,Landlord,STANDARD,5872,KAAA-Directorate of Economic Growth and Neighbourhood Services
RBC Legal Entity,2021/08/27,4589419,256908,MARTIN COSTELLOE,Guaranteed Rent Scheme,880.53,Rents,Landlord,STANDARD,5872,KAAA-Directorate of Economic Growth and Neighbourhood Services
RBC Legal Entity,2021/08/27,4589466,256908,MARTIN COSTELLOE,Guaranteed Rent Scheme,880.53,Rents,Landlord,STANDARD,5872,KAAA-Directorate of Economic Growth and Neighbourhood Services
RBC Legal Entity,2021/08/27,4589532,256908,MARTIN COSTELLOE,Guaranteed Rent Scheme,1006.72,Rents,Landlord,STANDARD,5872,KAAA-Directorate of Economic Growth and Neighbourhood Services
RBC Legal Entity,2021/08/27,4585247,256909,EVERYCARE READING,Charles Clore Court,48.78,Agency Staff,SUPPLIER,STANDARD,5157,JAAA-Directorate of Social Care and Health Services
RBC Legal Entity,2021/08/27,4585247,256909,EVERYCARE READING,Charles Clore Court,48.78,Agency Staff,SUPPLIER,STANDARD,5157,JAAA-Directorate of Social Care and Health Services
RBC Legal Entity,2021/08/27,4585247,256909,EVERYCARE READING,Charles Clore Court,48.78,Agency Staff,SUPPLIER,STANDARD,5157,JAAA-Directorate of Social Care and Health Services
RBC Legal Entity,2021/08/27,4585247,256909,EVERYCARE READING,Charles Clore Court,57.36,Agency Staff,SUPPLIER,STANDARD,5157,JAAA-Directorate of Social Care and Health Services
RBC Legal Entity,2021/08/27,4585247,256909,EVERYCARE READING,Charles Clore Court,57.36,Agency Staff,SUPPLIER,STANDARD,5157,JAAA-Directorate of Social Care and Health Services
RBC Legal Entity,2021/08/27,4585247,256909,EVERYCARE READING,Charles Clore Court,81.3,Agency Staff,SUPPLIER,STANDARD,5157,JAAA-Directorate of Social Care and Health Services
RBC Legal Entity,2021/08/27,4585247,256909,EVERYCARE READING,Charles Clore Court,81.3,Agency Staff,SUPPLIER,STANDARD,5157,JAAA-Directorate of Social Care and Health Services
RBC Legal Entity,2021/08/27,4585247,256909,EVERYCARE READING,Charles Clore Court,81.3,Agency Staff,SUPPLIER,STANDARD,5157,JAAA-Directorate of Social Care and Health Services
RBC Legal Entity,2021/08/27,4585247,256909,EVERYCARE READING,Charles Clore Court,81.3,Agency Staff,SUPPLIER,STANDARD,5157,JAAA-Directorate of Social Care and Health Services
RBC Legal Entity,2021/08/27,4585247,256909,EVERYCARE READING,Charles Clore Court,105.69,Agency Staff,SUPPLIER,STANDARD,5157,JAAA-Directorate of Social Care and Health Services
RBC Legal Entity,2021/08/27,4585247,256909,EVERYCARE READING,Charles Clore Court,105.69,Agency Staff,SUPPLIER,STANDARD,5157,JAAA-Directorate of Social Care and Health Services
RBC Legal Entity,2021/08/27,4585247,256909,EVERYCARE READING,Charles Clore Court,105.69,Agency Staff,SUPPLIER,STANDARD,5157,JAAA-Directorate of Social Care and Health Services
RBC Legal Entity,2021/08/27,4585247,256909,EVERYCARE READING,Charles Clore Court,127.53,Agency Staff,SUPPLIER,STANDARD,5157,JAAA-Directorate of Social Care and Health Services
RBC Legal Entity,2021/08/27,4585695,256909,EVERYCARE READING,Charles Clore Court,1823.01,Agency Staff,SUPPLIER,STANDARD,5157,JAAA-Directorate of Social Care and Health Services
RBC Legal Entity,2021/08/27,4585976,256910,MISS SARA GRANSHAW,JLT Disbursements,23430,Misc. Legal Expenses,SUPPLIER,STANDARD,2407,LAAA-Directorate of Resources
RBC Legal Entity,2021/08/27,4588849,256911,BARKAT ALI,Guaranteed Rent Scheme,694.59,Rents,SUPPLIER,STANDARD,5872,KAAA-Directorate of Economic Growth and Neighbourhood Services
RBC Legal Entity,2021/08/27,4588974,256912,HUNTERS READING,Guaranteed Rent Scheme,694.59,Rents,SUPPLIER,STANDARD,5872,KAAA-Directorate of Economic Growth and Neighbourhood Services
RBC Legal Entity,2021/08/27,4589032,256912,HUNTERS READING,Guaranteed Rent Scheme,880.53,Rents,SUPPLIER,STANDARD,5872,KAAA-Directorate of Economic Growth and Neighbourhood Services
RBC Legal Entity,2021/08/27,4589210,256912,HUNTERS READING,Guaranteed Rent Scheme,682.98,Rents,SUPPLIER,STANDARD,5872,KAAA-Directorate of Economic Growth and Neighbourhood Services
RBC Legal Entity,2021/08/27,4589251,256912,HUNTERS READING,Guaranteed Rent Scheme,865.8,Rents,SUPPLIER,STANDARD,5872,KAAA-Directorate of Economic Growth and Neighbourhood Services
RBC Legal Entity,2021/08/27,4589058,256913,ROB WATSON,Guaranteed Rent Scheme,1006.72,Rents,SUPPLIER,STANDARD,5872,KAAA-Directorate of Economic Growth and Neighbourhood Services
RBC Legal Entity,2021/08/27,4589302,256914,CENTRUM PROPERTY MANAGEMENT LTD,Guaranteed Rent Scheme,694.59,Rents,SUPPLIER,STANDARD,5872,KAAA-Directorate of Economic Growth and Neighbourhood Services
RBC Legal Entity,2021/08/27,4588905,256915,KIM LEWENDON,Guaranteed Rent Scheme,880.53,Rents,SUPPLIER,STANDARD,5872,KAAA-Directorate of Economic Growth and Neighbourhood Services
RBC Legal Entity,2021/08/27,4589005,256916,RG1 ESTATES LTD,Guaranteed Rent Scheme,694.59,Rents,SUPPLIER,STANDARD,5872,KAAA-Directorate of Economic Growth and Neighbourhood Services
RBC Legal Entity,2021/08/27,4589006,256916,RG1 ESTATES LTD,Guaranteed Rent Scheme,694.59,Rents,SUPPLIER,STANDARD,5872,KAAA-Directorate of Economic Growth and Neighbourhood Services
RBC Legal Entity,2021/08/27,4589007,256916,RG1 ESTATES LTD,Guaranteed Rent Scheme,694.59,Rents,SUPPLIER,STANDARD,5872,KAAA-Directorate of Economic Growth and Neighbourhood Services
RBC Legal Entity,2021/08/27,4589008,256916,RG1 ESTATES LTD,Guaranteed Rent Scheme,694.59,Rents,SUPPLIER,STANDARD,5872,KAAA-Directorate of Economic Growth and Neighbourhood Services
RBC Legal Entity,2021/08/27,4589529,256917,OJAS ASSOCIATES LTD,Guaranteed Rent Scheme,880.53,Rents,Landlord,STANDARD,5872,KAAA-Directorate of Economic Growth and Neighbourhood Services
RBC Legal Entity,2021/08/27,4588903,256918,JACQUELINE STUBBS,Guaranteed Rent Scheme,880.53,Rents,SUPPLIER,STANDARD,5872,KAAA-Directorate of Economic Growth and Neighbourhood Services
RBC Legal Entity,2021/08/27,4589044,256919,FIONA & STEVE HOLLOWAY,Guaranteed Rent Scheme,1006.72,Rents,SUPPLIER,STANDARD,5872,KAAA-Directorate of Economic Growth and Neighbourhood Services
RBC Legal Entity,2021/08/27,4589344,256919,FIONA & STEVE HOLLOWAY,Guaranteed Rent Scheme,880.53,Rents,SUPPLIER,STANDARD,5872,KAAA-Directorate of Economic Growth and Neighbourhood Services
RBC Legal Entity,2021/08/27,4589518,256919,FIONA & STEVE HOLLOWAY,Guaranteed Rent Scheme,694.59,Rents,SUPPLIER,STANDARD,5872,KAAA-Directorate of Economic Growth and Neighbourhood Services
RBC Legal Entity,2021/08/27,4588915,256920,EDWARD KEITH JERROME,Guaranteed Rent Scheme,1388.74,Rents,SUPPLIER,STANDARD,5872,KAAA-Directorate of Economic Growth and Neighbourhood Services
RBC Legal Entity,2021/08/27,4588920,256921,BHUPINDER SANDHU,Guaranteed Rent Scheme,694.59,Rents,SUPPLIER,STANDARD,5872,KAAA-Directorate of Economic Growth and Neighbourhood Services
RBC Legal Entity,2021/08/27,4588919,256922,DOUGLAS PUFFETT,Guaranteed Rent Scheme,865.8,Rents,SUPPLIER,STANDARD,5872,KAAA-Directorate of Economic Growth and Neighbourhood Services
RBC Legal Entity,2021/08/27,4588914,256923,NEIL COOKE,Guaranteed Rent Scheme,880.53,Rents,SUPPLIER,STANDARD,5872,KAAA-Directorate of Economic Growth and Neighbourhood Services
RBC Legal Entity,2021/08/27,4589546,256924,SIMON MCNIFFE,Guaranteed Rent Scheme,880.53,Rents,Direct Payments,STANDARD,5872,KAAA-Directorate of Economic Growth and Neighbourhood Services
RBC Legal Entity,2021/08/27,4588930,256925,ASHOK RODA,Guaranteed Rent Scheme,961.09,Rents,SUPPLIER,STANDARD,5872,KAAA-Directorate of Economic Growth and Neighbourhood Services
RBC Legal Entity,2021/08/27,4588927,256926,SALIM & NIMMI AHMED,Guaranteed Rent Scheme,1006.72,Rents,SUPPLIER,STANDARD,5872,KAAA-Directorate of Economic Growth and Neighbourhood Services
RBC Legal Entity,2021/08/27,4589552,256927,GORDON ANDERSON,Guaranteed Rent Scheme,816.1,Rents,INDIVIDUAL,STANDARD,5872,KAAA-Directorate of Economic Growth and Neighbourhood Services
RBC Legal Entity,2021/08/27,4588994,256928,JEMP LLP,Guaranteed Rent Scheme,694.59,Rents,Landlord,STANDARD,5872,KAAA-Directorate of Economic Growth and Neighbourhood Services
RBC Legal Entity,2021/08/27,4589553,256929,THAMES VALLEY MOTS,Guaranteed Rent Scheme,880.53,Rents,Third Party Supplier,STANDARD,5872,KAAA-Directorate of Economic Growth and Neighbourhood Services
RBC Legal Entity,2021/08/27,4589549,256930,WASEEM ZAKIR,Guaranteed Rent Scheme,1006.72,Rents,Landlord,STANDARD,5872,KAAA-Directorate of Economic Growth and Neighbourhood Services
RBC Legal Entity,2021/08/27,4589604,256932,MRS V C MORRIS AND MRS P J MORRIS,Guaranteed Rent Scheme,880.53,Rents,Landlord,STANDARD,5872,KAAA-Directorate of Economic Growth and Neighbourhood Services
RBC Legal Entity,2021/08/27,4589671,256932,MRS V C MORRIS AND MRS P J MORRIS,Housing Advice,534.46,Responsive Repairs,Landlord,STANDARD,5820,KAAA-Directorate of Economic Growth and Neighbourhood Services
RBC Legal Entity,2021/08/27,4589576,256933,MARK COOMBES,Guaranteed Rent Scheme,694.59,Rents,Landlord,STANDARD,5872,KAAA-Directorate of Economic Growth and Neighbourhood Services
RBC Legal Entity,2021/08/27,4589590,256933,MARK COOMBES,Guaranteed Rent Scheme,694.59,Rents,Landlord,STANDARD,5872,KAAA-Directorate of Economic Growth and Neighbourhood Services
RBC Legal Entity,2021/08/27,4589598,256933,MARK COOMBES,Guaranteed Rent Scheme,694.59,Rents,Landlord,STANDARD,5872,KAAA-Directorate of Economic Growth and Neighbourhood Services
RBC Legal Entity,2021/08/27,4589606,256933,MARK COOMBES,Guaranteed Rent Scheme,694.59,Rents,Landlord,STANDARD,5872,KAAA-Directorate of Economic Growth and Neighbourhood Services
RBC Legal Entity,2021/08/27,4589585,256934,ANDY MEIGHEN,Guaranteed Rent Scheme,694.59,Rents,Landlord,STANDARD,5872,KAAA-Directorate of Economic Growth and Neighbourhood Services
RBC Legal Entity,2021/08/27,4589220,256935,SHAZIA FAZAL,Guaranteed Rent Scheme,682.98,Rents,SUPPLIER,STANDARD,5872,KAAA-Directorate of Economic Growth and Neighbourhood Services
RBC Legal Entity,2021/08/27,4589268,256935,SHAZIA FAZAL,Guaranteed Rent Scheme,682.98,Rents,SUPPLIER,STANDARD,5872,KAAA-Directorate of Economic Growth and Neighbourhood Services
RBC Legal Entity,2021/08/27,4589414,256935,SHAZIA FAZAL,Guaranteed Rent Scheme,1388.74,Rents,SUPPLIER,STANDARD,5872,KAAA-Directorate of Economic Growth and Neighbourhood Services
RBC Legal Entity,2021/08/27,4589651,256935,SHAZIA FAZAL,Housing Advice,1129.98,Responsive Repairs,SUPPLIER,STANDARD,5820,KAAA-Directorate of Economic Growth and Neighbourhood Services
RBC Legal Entity,2021/08/27,4589000,256936,MIKE AND JACQUELINE MOSELEY,Guaranteed Rent Scheme,880.53,Rents,SUPPLIER,STANDARD,5872,KAAA-Directorate of Economic Growth and Neighbourhood Services
RBC Legal Entity,2021/08/27,4589108,256936,MIKE AND JACQUELINE MOSELEY,Guaranteed Rent Scheme,880.53,Rents,SUPPLIER,STANDARD,5872,KAAA-Directorate of Economic Growth and Neighbourhood Services
RBC Legal Entity,2021/08/27,4588954,256937,MR A SIMMONS,Guaranteed Rent Scheme,1006.72,Rents,SUPPLIER,STANDARD,5872,KAAA-Directorate of Economic Growth and Neighbourhood Services
RBC Legal Entity,2021/08/27,4588992,256937,MR A SIMMONS,Guaranteed Rent Scheme,1006.72,Rents,SUPPLIER,STANDARD,5872,KAAA-Directorate of Economic Growth and Neighbourhood Services
RBC Legal Entity,2021/08/27,4588968,256938,MR SALES AND LETTINGS LTD,Guaranteed Rent Scheme,880.53,Rents,Landlord,STANDARD,5872,KAAA-Directorate of Economic Growth and Neighbourhood Services
RBC Legal Entity,2021/08/27,4589299,256938,MR SALES AND LETTINGS LTD,Guaranteed Rent Scheme,880.53,Rents,Landlord,STANDARD,5872,KAAA-Directorate of Economic Growth and Neighbourhood Services
RBC Legal Entity,2021/08/27,4588829,256939,MS E HUTCHINSON,Guaranteed Rent Scheme,989.91,Rents,SUPPLIER,STANDARD,5872,KAAA-Directorate of Economic Growth and Neighbourhood Services
RBC Legal Entity,2021/08/27,4589041,256940,AARON MAYCOCK,Guaranteed Rent Scheme,694.59,Rents,SUPPLIER,STANDARD,5872,KAAA-Directorate of Economic Growth and Neighbourhood Services
RBC Legal Entity,2021/08/27,4589042,256940,AARON MAYCOCK,Guaranteed Rent Scheme,694.59,Rents,SUPPLIER,STANDARD,5872,KAAA-Directorate of Economic Growth and Neighbourhood Services
RBC Legal Entity,2021/08/27,4589322,256940,AARON MAYCOCK,Guaranteed Rent Scheme,880.53,Rents,SUPPLIER,STANDARD,5872,KAAA-Directorate of Economic Growth and Neighbourhood Services
RBC Legal Entity,2021/08/27,4588844,256941,PRODATA SYSTEMS LTD,Guaranteed Rent Scheme,682.98,Rents,Landlord,STANDARD,5872,KAAA-Directorate of Economic Growth and Neighbourhood Services
RBC Legal Entity,2021/08/27,4588990,256941,PRODATA SYSTEMS LTD,Guaranteed Rent Scheme,682.98,Rents,Landlord,STANDARD,5872,KAAA-Directorate of Economic Growth and Neighbourhood Services
RBC Legal Entity,2021/08/27,4589306,256941,PRODATA SYSTEMS LTD,Guaranteed Rent Scheme,694.59,Rents,Landlord,STANDARD,5872,KAAA-Directorate of Economic Growth and Neighbourhood Services
RBC Legal Entity,2021/08/27,4589385,256941,PRODATA SYSTEMS LTD,Guaranteed Rent Scheme,880.53,Rents,Landlord,STANDARD,5872,KAAA-Directorate of Economic Growth and Neighbourhood Services
RBC Legal Entity,2021/08/27,4589390,256941,PRODATA SYSTEMS LTD,Guaranteed Rent Scheme,694.59,Rents,Landlord,STANDARD,5872,KAAA-Directorate of Economic Growth and Neighbourhood Services
RBC Legal Entity,2021/08/27,4589433,256941,PRODATA SYSTEMS LTD,Guaranteed Rent Scheme,694.59,Rents,Landlord,STANDARD,5872,KAAA-Directorate of Economic Growth and Neighbourhood Services
RBC Legal Entity,2021/08/27,4589441,256941,PRODATA SYSTEMS LTD,Guaranteed Rent Scheme,694.59,Rents,Landlord,STANDARD,5872,KAAA-Directorate of Economic Growth and Neighbourhood Services
RBC Legal Entity,2021/08/27,4589480,256941,PRODATA SYSTEMS LTD,Guaranteed Rent Scheme,694.59,Rents,Landlord,STANDARD,5872,KAAA-Directorate of Economic Growth and Neighbourhood Services
RBC Legal Entity,2021/08/27,4589491,256941,PRODATA SYSTEMS LTD,Guaranteed Rent Scheme,694.59,Rents,Landlord,STANDARD,5872,KAAA-Directorate of Economic Growth and Neighbourhood Services
RBC Legal Entity,2021/08/27,4589657,256942,LIFTABILITY LIMITED,Private Sector Grants,5605,Grants (Paid out by RBC),Third Party Supplier,STANDARD,8500,ZZZC-Capital
RBC Legal Entity,2021/08/27,4588875,256943,PAUL HUTCHMAN,Guaranteed Rent Scheme,694.59,Rents,Landlord,STANDARD,5872,KAAA-Directorate of Economic Growth and Neighbourhood Services
RBC Legal Entity,2021/08/27,4589275,256943,PAUL HUTCHMAN,Guaranteed Rent Scheme,694.59,Rents,Landlord,STANDARD,5872,KAAA-Directorate of Economic Growth and Neighbourhood Services
RBC Legal Entity,2021/08/27,4588821,256944,AIDAN COSTELLOE,Guaranteed Rent Scheme,694.59,Rents,SUPPLIER,STANDARD,5872,KAAA-Directorate of Economic Growth and Neighbourhood Services
RBC Legal Entity,2021/08/27,4588924,256944,AIDAN COSTELLOE,Guaranteed Rent Scheme,880.53,Rents,SUPPLIER,STANDARD,5872,KAAA-Directorate of Economic Growth and Neighbourhood Services
RBC Legal Entity,2021/08/27,4589040,256944,AIDAN COSTELLOE,Guaranteed Rent Scheme,880.53,Rents,SUPPLIER,STANDARD,5872,KAAA-Directorate of Economic Growth and Neighbourhood Services
RBC Legal Entity,2021/08/27,4589502,256944,AIDAN COSTELLOE,Guaranteed Rent Scheme,880.53,Rents,SUPPLIER,STANDARD,5872,KAAA-Directorate of Economic Growth and Neighbourhood Services
RBC Legal Entity,2021/08/27,4588979,256945,SANSOME & GEORGE (BERKSHIRE) LIMITED,Guaranteed Rent Scheme,840.58,Rents,SUPPLIER,STANDARD,5872,KAAA-Directorate of Economic Growth and Neighbourhood Services
RBC Legal Entity,2021/08/27,4589009,256945,SANSOME & GEORGE (BERKSHIRE) LIMITED,Guaranteed Rent Scheme,880.53,Rents,SUPPLIER,STANDARD,5872,KAAA-Directorate of Economic Growth and Neighbourhood Services
RBC Legal Entity,2021/08/27,4589010,256945,SANSOME & GEORGE (BERKSHIRE) LIMITED,Guaranteed Rent Scheme,694.59,Rents,SUPPLIER,STANDARD,5872,KAAA-Directorate of Economic Growth and Neighbourhood Services
RBC Legal Entity,2021/08/27,4589020,256945,SANSOME & GEORGE (BERKSHIRE) LIMITED,Guaranteed Rent Scheme,865.8,Rents,SUPPLIER,STANDARD,5872,KAAA-Directorate of Economic Growth and Neighbourhood Services
RBC Legal Entity,2021/08/27,4589128,256945,SANSOME & GEORGE (BERKSHIRE) LIMITED,Guaranteed Rent Scheme,694.59,Rents,SUPPLIER,STANDARD,5872,KAAA-Directorate of Economic Growth and Neighbourhood Services
RBC Legal Entity,2021/08/27,4589177,256945,SANSOME & GEORGE (BERKSHIRE) LIMITED,Guaranteed Rent Scheme,682.98,Rents,SUPPLIER,STANDARD,5872,KAAA-Directorate of Economic Growth and Neighbourhood Services
RBC Legal Entity,2021/08/27,4589243,256945,SANSOME & GEORGE (BERKSHIRE) LIMITED,Guaranteed Rent Scheme,682.98,Rents,SUPPLIER,STANDARD,5872,KAAA-Directorate of Economic Growth and Neighbourhood Services
RBC Legal Entity,2021/08/27,4589316,256945,SANSOME & GEORGE (BERKSHIRE) LIMITED,Guaranteed Rent Scheme,880.53,Rents,SUPPLIER,STANDARD,5872,KAAA-Directorate of Economic Growth and Neighbourhood Services
RBC Legal Entity,2021/08/27,4589376,256945,SANSOME & GEORGE (BERKSHIRE) LIMITED,Guaranteed Rent Scheme,880.53,Rents,SUPPLIER,STANDARD,5872,KAAA-Directorate of Economic Growth and Neighbourhood Services
RBC Legal Entity,2021/08/27,4589408,256945,SANSOME & GEORGE (BERKSHIRE) LIMITED,Guaranteed Rent Scheme,880.53,Rents,SUPPLIER,STANDARD,5872,KAAA-Directorate of Economic Growth and Neighbourhood Services
RBC Legal Entity,2021/08/27,4589425,256945,SANSOME & GEORGE (BERKSHIRE) LIMITED,Guaranteed Rent Scheme,694.59,Rents,SUPPLIER,STANDARD,5872,KAAA-Directorate of Economic Growth and Neighbourhood Services
RBC Legal Entity,2021/08/27,4589513,256945,SANSOME & GEORGE (BERKSHIRE) LIMITED,Guaranteed Rent Scheme,694.59,Rents,SUPPLIER,STANDARD,5872,KAAA-Directorate of Economic Growth and Neighbourhood Services
RBC Legal Entity,2021/08/27,4588956,256946,MR D GRIFFITHS,Guaranteed Rent Scheme,880.53,Rents,SUPPLIER,STANDARD,5872,KAAA-Directorate of Economic Growth and Neighbourhood Services
RBC Legal Entity,2021/08/27,4589027,256946,MR D GRIFFITHS,Guaranteed Rent Scheme,694.59,Rents,SUPPLIER,STANDARD,5872,KAAA-Directorate of Economic Growth and Neighbourhood Services
RBC Legal Entity,2021/08/27,4589203,256946,MR D GRIFFITHS,Guaranteed Rent Scheme,880.53,Rents,SUPPLIER,STANDARD,5872,KAAA-Directorate of Economic Growth and Neighbourhood Services
RBC Legal Entity,2021/08/27,4588935,256947,DIOCESAN TRUSTEES (OXFORD) LTD,Guaranteed Rent Scheme,880.53,Rents,SUPPLIER,STANDARD,5872,KAAA-Directorate of Economic Growth and Neighbourhood Services
RBC Legal Entity,2021/08/27,4588936,256948,JOHN & ROSEMARIE BOOTH,Guaranteed Rent Scheme,989.91,Rents,SUPPLIER,STANDARD,5872,KAAA-Directorate of Economic Growth and Neighbourhood Services
RBC Legal Entity,2021/08/27,4589214,256949,SMART MOVE ESTATE AGENTS UK LTD,Guaranteed Rent Scheme,694.59,Rents,SUPPLIER,STANDARD,5872,KAAA-Directorate of Economic Growth and Neighbourhood Services
RBC Legal Entity,2021/08/27,4588934,256950,NICOLA FIELDEN,Guaranteed Rent Scheme,880.53,Rents,SUPPLIER,STANDARD,5872,KAAA-Directorate of Economic Growth and Neighbourhood Services
RBC Legal Entity,2021/08/27,4589584,256951,JUAN D'COSTA,Guaranteed Rent Scheme,880.53,Rents,SUPPLIER,STANDARD,5872,KAAA-Directorate of Economic Growth and Neighbourhood Services
RBC Legal Entity,2021/08/27,4588947,256952,JIM TOWNSEND & COMPANY,Guaranteed Rent Scheme,694.59,Rents,SUPPLIER,STANDARD,5872,KAAA-Directorate of Economic Growth and Neighbourhood Services
RBC Legal Entity,2021/08/27,4588960,256952,JIM TOWNSEND & COMPANY,Guaranteed Rent Scheme,1006.72,Rents,SUPPLIER,STANDARD,5872,KAAA-Directorate of Economic Growth and Neighbourhood Services
RBC Legal Entity,2021/08/27,4588984,256952,JIM TOWNSEND & COMPANY,Guaranteed Rent Scheme,1006.72,Rents,SUPPLIER,STANDARD,5872,KAAA-Directorate of Economic Growth and Neighbourhood Services
RBC Legal Entity,2021/08/27,4589017,256952,JIM TOWNSEND & COMPANY,Guaranteed Rent Scheme,694.59,Rents,SUPPLIER,STANDARD,5872,KAAA-Directorate of Economic Growth and Neighbourhood Services
RBC Legal Entity,2021/08/27,4589043,256952,JIM TOWNSEND & COMPANY,Guaranteed Rent Scheme,1006.72,Rents,SUPPLIER,STANDARD,5872,KAAA-Directorate of Economic Growth and Neighbourhood Services
RBC Legal Entity,2021/08/27,4589109,256952,JIM TOWNSEND & COMPANY,Guaranteed Rent Scheme,1006.72,Rents,SUPPLIER,STANDARD,5872,KAAA-Directorate of Economic Growth and Neighbourhood Services
RBC Legal Entity,2021/08/27,4589119,256952,JIM TOWNSEND & COMPANY,Guaranteed Rent Scheme,880.53,Rents,SUPPLIER,STANDARD,5872,KAAA-Directorate of Economic Growth and Neighbourhood Services
RBC Legal Entity,2021/08/27,4589241,256952,JIM TOWNSEND & COMPANY,Guaranteed Rent Scheme,1006.72,Rents,SUPPLIER,STANDARD,5872,KAAA-Directorate of Economic Growth and Neighbourhood Services
RBC Legal Entity,2021/08/27,4589253,256952,JIM TOWNSEND & COMPANY,Guaranteed Rent Scheme,694.59,Rents,SUPPLIER,STANDARD,5872,KAAA-Directorate of Economic Growth and Neighbourhood Services
RBC Legal Entity,2021/08/27,4589347,256952,JIM TOWNSEND & COMPANY,Guaranteed Rent Scheme,1006.72,Rents,SUPPLIER,STANDARD,5872,KAAA-Directorate of Economic Growth and Neighbourhood Services
RBC Legal Entity,2021/08/27,4589358,256952,JIM TOWNSEND & COMPANY,Guaranteed Rent Scheme,880.53,Rents,SUPPLIER,STANDARD,5872,KAAA-Directorate of Economic Growth and Neighbourhood Services
RBC Legal Entity,2021/08/27,4588944,256953,GERRY SKERRITT,Guaranteed Rent Scheme,663.08,Rents,SUPPLIER,STANDARD,5872,KAAA-Directorate of Economic Growth and Neighbourhood Services
RBC Legal Entity,2021/08/27,4588955,256954,FRANK MCDONAGH,Guaranteed Rent Scheme,694.59,Rents,SUPPLIER,STANDARD,5872,KAAA-Directorate of Economic Growth and Neighbourhood Services
RBC Legal Entity,2021/08/27,4589554,256954,FRANK MCDONAGH,Guaranteed Rent Scheme,880.53,Rents,SUPPLIER,STANDARD,5872,KAAA-Directorate of Economic Growth and Neighbourhood Services
RBC Legal Entity,2021/08/27,4588950,256955,LUKE RICHARDS,Guaranteed Rent Scheme,1006.72,Rents,SUPPLIER,STANDARD,5872,KAAA-Directorate of Economic Growth and Neighbourhood Services
RBC Legal Entity,2021/08/27,4589064,256956,P J CHANCE,Guaranteed Rent Scheme,880.53,Rents,Landlord,STANDARD,5872,KAAA-Directorate of Economic Growth and Neighbourhood Services
RBC Legal Entity,2021/08/27,4589196,256956,P J CHANCE,Guaranteed Rent Scheme,682.98,Rents,Landlord,STANDARD,5872,KAAA-Directorate of Economic Growth and Neighbourhood Services
RBC Legal Entity,2021/08/27,4589582,256956,P J CHANCE,Guaranteed Rent Scheme,694.59,Rents,Landlord,STANDARD,5872,KAAA-Directorate of Economic Growth and Neighbourhood Services
RBC Legal Entity,2021/08/27,4588959,256957,EDWARD PAUL,Guaranteed Rent Scheme,1006.72,Rents,SUPPLIER,STANDARD,5872,KAAA-Directorate of Economic Growth and Neighbourhood Services
RBC Legal Entity,2021/08/27,4589066,256958,ACUITY ASSETS LIMITED,Guaranteed Rent Scheme,880.53,Rents,SUPPLIER,STANDARD,5872,KAAA-Directorate of Economic Growth and Neighbourhood Services
RBC Legal Entity,2021/08/27,4589165,256959,JOHN & CAROLINE CHARLES,Guaranteed Rent Scheme,865.8,Rents,SUPPLIER,STANDARD,5872,KAAA-Directorate of Economic Growth and Neighbourhood Services
RBC Legal Entity,2021/08/27,4589129,256960,KAREN JONES,Guaranteed Rent Scheme,880.53,Rents,SUPPLIER,STANDARD,5872,KAAA-Directorate of Economic Growth and Neighbourhood Services
RBC Legal Entity,2021/08/27,4589038,256961,JANE MALEY,Guaranteed Rent Scheme,880.53,Rents,SUPPLIER,STANDARD,5872,KAAA-Directorate of Economic Growth and Neighbourhood Services
RBC Legal Entity,2021/08/27,4536291,256962,CHEERENT LTD T/A VANDERPUMP & WELLBELOVE,Housing Advice,1198.8,Responsive Repairs,Landlord,STANDARD,5820,KAAA-Directorate of Economic Growth and Neighbourhood Services
RBC Legal Entity,2021/08/27,4588835,256962,CHEERENT LTD T/A VANDERPUMP & WELLBELOVE,Guaranteed Rent Scheme,694.59,Rents,Landlord,STANDARD,5872,KAAA-Directorate of Economic Growth and Neighbourhood Services
RBC Legal Entity,2021/08/27,4588845,256962,CHEERENT LTD T/A VANDERPUMP & WELLBELOVE,Guaranteed Rent Scheme,694.59,Rents,Landlord,STANDARD,5872,KAAA-Directorate of Economic Growth and Neighbourhood Services
RBC Legal Entity,2021/08/27,4588895,256962,CHEERENT LTD T/A VANDERPUMP & WELLBELOVE,Guaranteed Rent Scheme,694.59,Rents,Landlord,STANDARD,5872,KAAA-Directorate of Economic Growth and Neighbourhood Services
RBC Legal Entity,2021/08/27,4588896,256962,CHEERENT LTD T/A VANDERPUMP & WELLBELOVE,Guaranteed Rent Scheme,694.59,Rents,Landlord,STANDARD,5872,KAAA-Directorate of Economic Growth and Neighbourhood Services
RBC Legal Entity,2021/08/27,4588901,256962,CHEERENT LTD T/A VANDERPUMP & WELLBELOVE,Guaranteed Rent Scheme,694.59,Rents,Landlord,STANDARD,5872,KAAA-Directorate of Economic Growth and Neighbourhood Services
RBC Legal Entity,2021/08/27,4588904,256962,CHEERENT LTD T/A VANDERPUMP & WELLBELOVE,Guaranteed Rent Scheme,694.59,Rents,Landlord,STANDARD,5872,KAAA-Directorate of Economic Growth and Neighbourhood Services
RBC Legal Entity,2021/08/27,4588910,256962,CHEERENT LTD T/A VANDERPUMP & WELLBELOVE,Guaranteed Rent Scheme,694.59,Rents,Landlord,STANDARD,5872,KAAA-Directorate of Economic Growth and Neighbourhood Services
RBC Legal Entity,2021/08/27,4588916,256962,CHEERENT LTD T/A VANDERPUMP & WELLBELOVE,Guaranteed Rent Scheme,1006.72,Rents,Landlord,STANDARD,5872,KAAA-Directorate of Economic Growth and Neighbourhood Services
RBC Legal Entity,2021/08/27,4588923,256962,CHEERENT LTD T/A VANDERPUMP & WELLBELOVE,Guaranteed Rent Scheme,1006.72,Rents,Landlord,STANDARD,5872,KAAA-Directorate of Economic Growth and Neighbourhood Services
RBC Legal Entity,2021/08/27,4588931,256962,CHEERENT LTD T/A VANDERPUMP & WELLBELOVE,Guaranteed Rent Scheme,880.53,Rents,Landlord,STANDARD,5872,KAAA-Directorate of Economic Growth and Neighbourhood Services
RBC Legal Entity,2021/08/27,4588932,256962,CHEERENT LTD T/A VANDERPUMP & WELLBELOVE,Guaranteed Rent Scheme,694.59,Rents,Landlord,STANDARD,5872,KAAA-Directorate of Economic Growth and Neighbourhood Services
RBC Legal Entity,2021/08/27,4588933,256962,CHEERENT LTD T/A VANDERPUMP & WELLBELOVE,Guaranteed Rent Scheme,961.09,Rents,Landlord,STANDARD,5872,KAAA-Directorate of Economic Growth and Neighbourhood Services
RBC Legal Entity,2021/08/27,4588989,256962,CHEERENT LTD T/A VANDERPUMP & WELLBELOVE,Guaranteed Rent Scheme,880.53,Rents,Landlord,STANDARD,5872,KAAA-Directorate of Economic Growth and Neighbourhood Services
RBC Legal Entity,2021/08/27,4589001,256962,CHEERENT LTD T/A VANDERPUMP & WELLBELOVE,Guaranteed Rent Scheme,694.59,Rents,Landlord,STANDARD,5872,KAAA-Directorate of Economic Growth and Neighbourhood Services
RBC Legal Entity,2021/08/27,4589003,256962,CHEERENT LTD T/A VANDERPUMP & WELLBELOVE,Guaranteed Rent Scheme,694.59,Rents,Landlord,STANDARD,5872,KAAA-Directorate of Economic Growth and Neighbourhood Services
RBC Legal Entity,2021/08/27,4589015,256962,CHEERENT LTD T/A VANDERPUMP & WELLBELOVE,Guaranteed Rent Scheme,694.59,Rents,Landlord,STANDARD,5872,KAAA-Directorate of Economic Growth and Neighbourhood Services
RBC Legal Entity,2021/08/27,4589019,256962,CHEERENT LTD T/A VANDERPUMP & WELLBELOVE,Guaranteed Rent Scheme,880.53,Rents,Landlord,STANDARD,5872,KAAA-Directorate of Economic Growth and Neighbourhood Services
RBC Legal Entity,2021/08/27,4589023,256962,CHEERENT LTD T/A VANDERPUMP & WELLBELOVE,Guaranteed Rent Scheme,694.59,Rents,Landlord,STANDARD,5872,KAAA-Directorate of Economic Growth and Neighbourhood Services
RBC Legal Entity,2021/08/27,4589068,256962,CHEERENT LTD T/A VANDERPUMP & WELLBELOVE,Guaranteed Rent Scheme,694.59,Rents,Landlord,STANDARD,5872,KAAA-Directorate of Economic Growth and Neighbourhood Services
RBC Legal Entity,2021/08/27,4589074,256962,CHEERENT LTD T/A VANDERPUMP & WELLBELOVE,Guaranteed Rent Scheme,880.53,Rents,Landlord,STANDARD,5872,KAAA-Directorate of Economic Growth and Neighbourhood Services
RBC Legal Entity,2021/08/27,4589102,256962,CHEERENT LTD T/A VANDERPUMP & WELLBELOVE,Guaranteed Rent Scheme,880.53,Rents,Landlord,STANDARD,5872,KAAA-Directorate of Economic Growth and Neighbourhood Services
RBC Legal Entity,2021/08/27,4589120,256962,CHEERENT LTD T/A VANDERPUMP & WELLBELOVE,Guaranteed Rent Scheme,1006.72,Rents,Landlord,STANDARD,5872,KAAA-Directorate of Economic Growth and Neighbourhood Services
RBC Legal Entity,2021/08/27,4589126,256962,CHEERENT LTD T/A VANDERPUMP & WELLBELOVE,Guaranteed Rent Scheme,880.53,Rents,Landlord,STANDARD,5872,KAAA-Directorate of Economic Growth and Neighbourhood Services
RBC Legal Entity,2021/08/27,4589127,256962,CHEERENT LTD T/A VANDERPUMP & WELLBELOVE,Guaranteed Rent Scheme,694.59,Rents,Landlord,STANDARD,5872,KAAA-Directorate of Economic Growth and Neighbourhood Services
RBC Legal Entity,2021/08/27,4589136,256962,CHEERENT LTD T/A VANDERPUMP & WELLBELOVE,Guaranteed Rent Scheme,694.59,Rents,Landlord,STANDARD,5872,KAAA-Directorate of Economic Growth and Neighbourhood Services
RBC Legal Entity,2021/08/27,4589158,256962,CHEERENT LTD T/A VANDERPUMP & WELLBELOVE,Guaranteed Rent Scheme,694.59,Rents,Landlord,STANDARD,5872,KAAA-Directorate of Economic Growth and Neighbourhood Services
RBC Legal Entity,2021/08/27,4589183,256962,CHEERENT LTD T/A VANDERPUMP & WELLBELOVE,Guaranteed Rent Scheme,989.91,Rents,Landlord,STANDARD,5872,KAAA-Directorate of Economic Growth and Neighbourhood Services
RBC Legal Entity,2021/08/27,4589187,256962,CHEERENT LTD T/A VANDERPUMP & WELLBELOVE,Guaranteed Rent Scheme,880.53,Rents,Landlord,STANDARD,5872,KAAA-Directorate of Economic Growth and Neighbourhood Services
RBC Legal Entity,2021/08/27,4589189,256962,CHEERENT LTD T/A VANDERPUMP & WELLBELOVE,Guaranteed Rent Scheme,880.53,Rents,Landlord,STANDARD,5872,KAAA-Directorate of Economic Growth and Neighbourhood Services
RBC Legal Entity,2021/08/27,4589209,256962,CHEERENT LTD T/A VANDERPUMP & WELLBELOVE,Guaranteed Rent Scheme,694.59,Rents,Landlord,STANDARD,5872,KAAA-Directorate of Economic Growth and Neighbourhood Services
RBC Legal Entity,2021/08/27,4589233,256962,CHEERENT LTD T/A VANDERPUMP & WELLBELOVE,Guaranteed Rent Scheme,989.91,Rents,Landlord,STANDARD,5872,KAAA-Directorate of Economic Growth and Neighbourhood Services
RBC Legal Entity,2021/08/27,4589247,256962,CHEERENT LTD T/A VANDERPUMP & WELLBELOVE,Guaranteed Rent Scheme,880.53,Rents,Landlord,STANDARD,5872,KAAA-Directorate of Economic Growth and Neighbourhood Services
RBC Legal Entity,2021/08/27,4589250,256962,CHEERENT LTD T/A VANDERPUMP & WELLBELOVE,Guaranteed Rent Scheme,880.53,Rents,Landlord,STANDARD,5872,KAAA-Directorate of Economic Growth and Neighbourhood Services
RBC Legal Entity,2021/08/27,4589258,256962,CHEERENT LTD T/A VANDERPUMP & WELLBELOVE,Guaranteed Rent Scheme,694.59,Rents,Landlord,STANDARD,5872,KAAA-Directorate of Economic Growth and Neighbourhood Services
RBC Legal Entity,2021/08/27,4589276,256962,CHEERENT LTD T/A VANDERPUMP & WELLBELOVE,Guaranteed Rent Scheme,880.53,Rents,Landlord,STANDARD,5872,KAAA-Directorate of Economic Growth and Neighbourhood Services
RBC Legal Entity,2021/08/27,4589301,256962,CHEERENT LTD T/A VANDERPUMP & WELLBELOVE,Guaranteed Rent Scheme,1006.72,Rents,Landlord,STANDARD,5872,KAAA-Directorate of Economic Growth and Neighbourhood Services
RBC Legal Entity,2021/08/27,4589303,256962,CHEERENT LTD T/A VANDERPUMP & WELLBELOVE,Guaranteed Rent Scheme,694.59,Rents,Landlord,STANDARD,5872,KAAA-Directorate of Economic Growth and Neighbourhood Services
RBC Legal Entity,2021/08/27,4589313,256962,CHEERENT LTD T/A VANDERPUMP & WELLBELOVE,Guaranteed Rent Scheme,694.59,Rents,Landlord,STANDARD,5872,KAAA-Directorate of Economic Growth and Neighbourhood Services
RBC Legal Entity,2021/08/27,4589321,256962,CHEERENT LTD T/A VANDERPUMP & WELLBELOVE,Guaranteed Rent Scheme,694.59,Rents,Landlord,STANDARD,5872,KAAA-Directorate of Economic Growth and Neighbourhood Services
RBC Legal Entity,2021/08/27,4589323,256962,CHEERENT LTD T/A VANDERPUMP & WELLBELOVE,Guaranteed Rent Scheme,880.53,Rents,Landlord,STANDARD,5872,KAAA-Directorate of Economic Growth and Neighbourhood Services
RBC Legal Entity,2021/08/27,4589327,256962,CHEERENT LTD T/A VANDERPUMP & WELLBELOVE,Guaranteed Rent Scheme,694.59,Rents,Landlord,STANDARD,5872,KAAA-Directorate of Economic Growth and Neighbourhood Services
RBC Legal Entity,2021/08/27,4589346,256962,CHEERENT LTD T/A VANDERPUMP & WELLBELOVE,Guaranteed Rent Scheme,694.59,Rents,Landlord,STANDARD,5872,KAAA-Directorate of Economic Growth and Neighbourhood Services
RBC Legal Entity,2021/08/27,4589393,256962,CHEERENT LTD T/A VANDERPUMP & WELLBELOVE,Guaranteed Rent Scheme,880.53,Rents,Landlord,STANDARD,5872,KAAA-Directorate of Economic Growth and Neighbourhood Services
RBC Legal Entity,2021/08/27,4589464,256962,CHEERENT LTD T/A VANDERPUMP & WELLBELOVE,Guaranteed Rent Scheme,880.53,Rents,Landlord,STANDARD,5872,KAAA-Directorate of Economic Growth and Neighbourhood Services
RBC Legal Entity,2021/08/27,4589473,256962,CHEERENT LTD T/A VANDERPUMP & WELLBELOVE,Guaranteed Rent Scheme,1006.72,Rents,Landlord,STANDARD,5872,KAAA-Directorate of Economic Growth and Neighbourhood Services
RBC Legal Entity,2021/08/27,4589475,256962,CHEERENT LTD T/A VANDERPUMP & WELLBELOVE,Guaranteed Rent Scheme,880.53,Rents,Landlord,STANDARD,5872,KAAA-Directorate of Economic Growth and Neighbourhood Services
RBC Legal Entity,2021/08/27,4589485,256962,CHEERENT LTD T/A VANDERPUMP & WELLBELOVE,Guaranteed Rent Scheme,880.53,Rents,Landlord,STANDARD,5872,KAAA-Directorate of Economic Growth and Neighbourhood Services
RBC Legal Entity,2021/08/27,4589489,256962,CHEERENT LTD T/A VANDERPUMP & WELLBELOVE,Guaranteed Rent Scheme,1006.72,Rents,Landlord,STANDARD,5872,KAAA-Directorate of Economic Growth and Neighbourhood Services
RBC Legal Entity,2021/08/27,4589490,256962,CHEERENT LTD T/A VANDERPUMP & WELLBELOVE,Guaranteed Rent Scheme,1388.74,Rents,Landlord,STANDARD,5872,KAAA-Directorate of Economic Growth and Neighbourhood Services
RBC Legal Entity,2021/08/27,4589500,256962,CHEERENT LTD T/A VANDERPUMP & WELLBELOVE,Guaranteed Rent Scheme,694.59,Rents,Landlord,STANDARD,5872,KAAA-Directorate of Economic Growth and Neighbourhood Services
RBC Legal Entity,2021/08/27,4589501,256962,CHEERENT LTD T/A VANDERPUMP & WELLBELOVE,Guaranteed Rent Scheme,880.53,Rents,Landlord,STANDARD,5872,KAAA-Directorate of Economic Growth and Neighbourhood Services
RBC Legal Entity,2021/08/27,4589507,256962,CHEERENT LTD T/A VANDERPUMP & WELLBELOVE,Guaranteed Rent Scheme,694.59,Rents,Landlord,STANDARD,5872,KAAA-Directorate of Economic Growth and Neighbourhood Services
RBC Legal Entity,2021/08/27,4589523,256962,CHEERENT LTD T/A VANDERPUMP & WELLBELOVE,Guaranteed Rent Scheme,694.59,Rents,Landlord,STANDARD,5872,KAAA-Directorate of Economic Growth and Neighbourhood Services
RBC Legal Entity,2021/08/27,4589534,256962,CHEERENT LTD T/A VANDERPUMP & WELLBELOVE,Guaranteed Rent Scheme,1006.72,Rents,Landlord,STANDARD,5872,KAAA-Directorate of Economic Growth and Neighbourhood Services
RBC Legal Entity,2021/08/27,4589536,256962,CHEERENT LTD T/A VANDERPUMP & WELLBELOVE,Guaranteed Rent Scheme,694.59,Rents,Landlord,STANDARD,5872,KAAA-Directorate of Economic Growth and Neighbourhood Services
RBC Legal Entity,2021/08/27,4589550,256962,CHEERENT LTD T/A VANDERPUMP & WELLBELOVE,Guaranteed Rent Scheme,880.53,Rents,Landlord,STANDARD,5872,KAAA-Directorate of Economic Growth and Neighbourhood Services
RBC Legal Entity,2021/08/27,4589564,256962,CHEERENT LTD T/A VANDERPUMP & WELLBELOVE,Guaranteed Rent Scheme,880.53,Rents,Landlord,STANDARD,5872,KAAA-Directorate of Economic Growth and Neighbourhood Services
RBC Legal Entity,2021/08/27,4589572,256962,CHEERENT LTD T/A VANDERPUMP & WELLBELOVE,Guaranteed Rent Scheme,694.59,Rents,Landlord,STANDARD,5872,KAAA-Directorate of Economic Growth and Neighbourhood Services
RBC Legal Entity,2021/08/27,4589578,256962,CHEERENT LTD T/A VANDERPUMP & WELLBELOVE,Guaranteed Rent Scheme,880.53,Rents,Landlord,STANDARD,5872,KAAA-Directorate of Economic Growth and Neighbourhood Services
RBC Legal Entity,2021/08/27,4589595,256962,CHEERENT LTD T/A VANDERPUMP & WELLBELOVE,Guaranteed Rent Scheme,630.58,Rents,Landlord,STANDARD,5872,KAAA-Directorate of Economic Growth and Neighbourhood Services
RBC Legal Entity,2021/08/27,4589596,256962,CHEERENT LTD T/A VANDERPUMP & WELLBELOVE,Guaranteed Rent Scheme,1006.72,Rents,Landlord,STANDARD,5872,KAAA-Directorate of Economic Growth and Neighbourhood Services
RBC Legal Entity,2021/08/27,4583536,256963,DSI BILLING SERVICES LTD,Council Tax & Business Rates,1226.73,Postage Carriage Stamp Duty,SUPPLIER,STANDARD,2250,LAAA-Directorate of Resources
RBC Legal Entity,2021/08/27,4589228,256964,NIGEL ELKES & KARL FISCHER T/A ATTERBURYS,Guaranteed Rent Scheme,694.59,Rents,SUPPLIER,STANDARD,5872,KAAA-Directorate of Economic Growth and Neighbourhood Services
RBC Legal Entity,2021/08/27,4589271,256964,NIGEL ELKES & KARL FISCHER T/A ATTERBURYS,Guaranteed Rent Scheme,694.59,Rents,SUPPLIER,STANDARD,5872,KAAA-Directorate of Economic Growth and Neighbourhood Services
RBC Legal Entity,2021/08/27,4589348,256964,NIGEL ELKES & KARL FISCHER T/A ATTERBURYS,Guaranteed Rent Scheme,880.53,Rents,SUPPLIER,STANDARD,5872,KAAA-Directorate of Economic Growth and Neighbourhood Services
RBC Legal Entity,2021/08/27,4589668,256965,THE MUSTARD TREE FOUNDATION,Voluntary Sector & Community Grants,33762,GrantsVolunt.Organ.,SUPPLIER,STANDARD,2041,LAAA-Directorate of Resources
RBC Legal Entity,2021/08/27,4588823,256966,TRACY THACKER,Guaranteed Rent Scheme,880.53,Rents,SUPPLIER,STANDARD,5872,KAAA-Directorate of Economic Growth and Neighbourhood Services
RBC Legal Entity,2021/08/27,4588883,256966,TRACY THACKER,Guaranteed Rent Scheme,880.53,Rents,SUPPLIER,STANDARD,5872,KAAA-Directorate of Economic Growth and Neighbourhood Services
RBC Legal Entity,2021/08/27,4588952,256966,TRACY THACKER,Guaranteed Rent Scheme,880.53,Rents,SUPPLIER,STANDARD,5872,KAAA-Directorate of Economic Growth and Neighbourhood Services
RBC Legal Entity,2021/08/27,4589141,256966,TRACY THACKER,Guaranteed Rent Scheme,880.53,Rents,SUPPLIER,STANDARD,5872,KAAA-Directorate of Economic Growth and Neighbourhood Services
RBC Legal Entity,2021/08/27,4588929,256967,RNR PROPERTIES LTD,Guaranteed Rent Scheme,1388.74,Rents,SUPPLIER,STANDARD,5872,KAAA-Directorate of Economic Growth and Neighbourhood Services
RBC Legal Entity,2021/08/27,4589046,256967,RNR PROPERTIES LTD,Guaranteed Rent Scheme,694.59,Rents,SUPPLIER,STANDARD,5872,KAAA-Directorate of Economic Growth and Neighbourhood Services
RBC Legal Entity,2021/08/27,4589052,256967,RNR PROPERTIES LTD,Guaranteed Rent Scheme,1006.72,Rents,SUPPLIER,STANDARD,5872,KAAA-Directorate of Economic Growth and Neighbourhood Services
RBC Legal Entity,2021/08/27,4589063,256967,RNR PROPERTIES LTD,Guaranteed Rent Scheme,694.59,Rents,SUPPLIER,STANDARD,5872,KAAA-Directorate of Economic Growth and Neighbourhood Services
RBC Legal Entity,2021/08/27,4589104,256967,RNR PROPERTIES LTD,Guaranteed Rent Scheme,1006.72,Rents,SUPPLIER,STANDARD,5872,KAAA-Directorate of Economic Growth and Neighbourhood Services
RBC Legal Entity,2021/08/27,4589110,256967,RNR PROPERTIES LTD,Guaranteed Rent Scheme,1006.72,Rents,SUPPLIER,STANDARD,5872,KAAA-Directorate of Economic Growth and Neighbourhood Services
RBC Legal Entity,2021/08/27,4589167,256967,RNR PROPERTIES LTD,Guaranteed Rent Scheme,880.53,Rents,SUPPLIER,STANDARD,5872,KAAA-Directorate of Economic Growth and Neighbourhood Services
RBC Legal Entity,2021/08/27,4589173,256967,RNR PROPERTIES LTD,Guaranteed Rent Scheme,880.53,Rents,SUPPLIER,STANDARD,5872,KAAA-Directorate of Economic Growth and Neighbourhood Services
RBC Legal Entity,2021/08/27,4589179,256967,RNR PROPERTIES LTD,Guaranteed Rent Scheme,1006.72,Rents,SUPPLIER,STANDARD,5872,KAAA-Directorate of Economic Growth and Neighbourhood Services
RBC Legal Entity,2021/08/27,4589280,256967,RNR PROPERTIES LTD,Guaranteed Rent Scheme,1006.72,Rents,SUPPLIER,STANDARD,5872,KAAA-Directorate of Economic Growth and Neighbourhood Services
RBC Legal Entity,2021/08/27,4589284,256967,RNR PROPERTIES LTD,Guaranteed Rent Scheme,1006.72,Rents,SUPPLIER,STANDARD,5872,KAAA-Directorate of Economic Growth and Neighbourhood Services
RBC Legal Entity,2021/08/27,4589285,256967,RNR PROPERTIES LTD,Guaranteed Rent Scheme,880.53,Rents,SUPPLIER,STANDARD,5872,KAAA-Directorate of Economic Growth and Neighbourhood Services
RBC Legal Entity,2021/08/27,4589286,256967,RNR PROPERTIES LTD,Guaranteed Rent Scheme,880.53,Rents,SUPPLIER,STANDARD,5872,KAAA-Directorate of Economic Growth and Neighbourhood Services
RBC Legal Entity,2021/08/27,4589287,256967,RNR PROPERTIES LTD,Guaranteed Rent Scheme,1006.72,Rents,SUPPLIER,STANDARD,5872,KAAA-Directorate of Economic Growth and Neighbourhood Services
RBC Legal Entity,2021/08/27,4589304,256967,RNR PROPERTIES LTD,Guaranteed Rent Scheme,880.53,Rents,SUPPLIER,STANDARD,5872,KAAA-Directorate of Economic Growth and Neighbourhood Services
RBC Legal Entity,2021/08/27,4589330,256967,RNR PROPERTIES LTD,Guaranteed Rent Scheme,1006.72,Rents,SUPPLIER,STANDARD,5872,KAAA-Directorate of Economic Growth and Neighbourhood Services
RBC Legal Entity,2021/08/27,4589349,256967,RNR PROPERTIES LTD,Guaranteed Rent Scheme,1006.72,Rents,SUPPLIER,STANDARD,5872,KAAA-Directorate of Economic Growth and Neighbourhood Services
RBC Legal Entity,2021/08/27,4589356,256967,RNR PROPERTIES LTD,Guaranteed Rent Scheme,880.53,Rents,SUPPLIER,STANDARD,5872,KAAA-Directorate of Economic Growth and Neighbourhood Services
RBC Legal Entity,2021/08/27,4589371,256967,RNR PROPERTIES LTD,Guaranteed Rent Scheme,1006.72,Rents,SUPPLIER,STANDARD,5872,KAAA-Directorate of Economic Growth and Neighbourhood Services
RBC Legal Entity,2021/08/27,4589569,256967,RNR PROPERTIES LTD,Guaranteed Rent Scheme,1006.72,Rents,SUPPLIER,STANDARD,5872,KAAA-Directorate of Economic Growth and Neighbourhood Services
RBC Legal Entity,2021/08/27,4589588,256967,RNR PROPERTIES LTD,Guaranteed Rent Scheme,1388.74,Rents,SUPPLIER,STANDARD,5872,KAAA-Directorate of Economic Growth and Neighbourhood Services
RBC Legal Entity,2021/08/27,4587673,256968,MORGAN HUNT UK LIMITED,IT Management,6423.15,General & Admin & Clerical,SUPPLIER,STANDARD,2300,LAAA-Directorate of Resources
RBC Legal Entity,2021/08/27,4588863,256969,EAMONN KELLY,Guaranteed Rent Scheme,880.53,Rents,SUPPLIER,STANDARD,5872,KAAA-Directorate of Economic Growth and Neighbourhood Services
RBC Legal Entity,2021/08/27,4588897,256969,EAMONN KELLY,Guaranteed Rent Scheme,1365.52,Rents,SUPPLIER,STANDARD,5872,KAAA-Directorate of Economic Growth and Neighbourhood Services
RBC Legal Entity,2021/08/27,4588997,256969,EAMONN KELLY,Guaranteed Rent Scheme,694.59,Rents,SUPPLIER,STANDARD,5872,KAAA-Directorate of Economic Growth and Neighbourhood Services
RBC Legal Entity,2021/08/27,4589033,256969,EAMONN KELLY,Guaranteed Rent Scheme,880.53,Rents,SUPPLIER,STANDARD,5872,KAAA-Directorate of Economic Growth and Neighbourhood Services
RBC Legal Entity,2021/08/27,4589034,256969,EAMONN KELLY,Guaranteed Rent Scheme,694.59,Rents,SUPPLIER,STANDARD,5872,KAAA-Directorate of Economic Growth and Neighbourhood Services
RBC Legal Entity,2021/08/27,4589145,256969,EAMONN KELLY,Guaranteed Rent Scheme,694.59,Rents,SUPPLIER,STANDARD,5872,KAAA-Directorate of Economic Growth and Neighbourhood Services
RBC Legal Entity,2021/08/27,4589153,256969,EAMONN KELLY,Guaranteed Rent Scheme,694.59,Rents,SUPPLIER,STANDARD,5872,KAAA-Directorate of Economic Growth and Neighbourhood Services
RBC Legal Entity,2021/08/27,4589170,256969,EAMONN KELLY,Guaranteed Rent Scheme,1006.72,Rents,SUPPLIER,STANDARD,5872,KAAA-Directorate of Economic Growth and Neighbourhood Services
RBC Legal Entity,2021/08/27,4589200,256969,EAMONN KELLY,Guaranteed Rent Scheme,880.53,Rents,SUPPLIER,STANDARD,5872,KAAA-Directorate of Economic Growth and Neighbourhood Services
RBC Legal Entity,2021/08/27,4589305,256969,EAMONN KELLY,Guaranteed Rent Scheme,880.53,Rents,SUPPLIER,STANDARD,5872,KAAA-Directorate of Economic Growth and Neighbourhood Services
RBC Legal Entity,2021/08/27,4589459,256969,EAMONN KELLY,Guaranteed Rent Scheme,880.53,Rents,SUPPLIER,STANDARD,5872,KAAA-Directorate of Economic Growth and Neighbourhood Services
RBC Legal Entity,2021/08/27,4589528,256969,EAMONN KELLY,Guaranteed Rent Scheme,1006.72,Rents,SUPPLIER,STANDARD,5872,KAAA-Directorate of Economic Growth and Neighbourhood Services
RBC Legal Entity,2021/08/27,4589650,256969,EAMONN KELLY,Housing Advice,663.08,Landlords service charge,SUPPLIER,STANDARD,5820,KAAA-Directorate of Economic Growth and Neighbourhood Services
RBC Legal Entity,2021/08/27,4565650,256970,SULO UK LIMITED,Refuse Collection,14924,Household Waste,Third Party Supplier,STANDARD,4561,KAAA-Directorate of Economic Growth and Neighbourhood Services
RBC Legal Entity,2021/08/27,4589083,256971,MR A J MARIANO,Guaranteed Rent Scheme,880.53,Rents,SUPPLIER,STANDARD,5872,KAAA-Directorate of Economic Growth and Neighbourhood Services
RBC Legal Entity,2021/08/27,4589026,256972,DUNCAN KLITGAARD,Guaranteed Rent Scheme,682.98,Rents,SUPPLIER,STANDARD,5872,KAAA-Directorate of Economic Growth and Neighbourhood Services
RBC Legal Entity,2021/08/27,4589269,256972,DUNCAN KLITGAARD,Guaranteed Rent Scheme,682.98,Rents,SUPPLIER,STANDARD,5872,KAAA-Directorate of Economic Growth and Neighbourhood Services
RBC Legal Entity,2021/08/27,4588860,256973,IBRAHIM JALLOH,Guaranteed Rent Scheme,1006.72,Rents,Shared Lives,STANDARD,5872,KAAA-Directorate of Economic Growth and Neighbourhood Services
RBC Legal Entity,2021/08/27,4588882,256974,HARISH RAICHURA,Guaranteed Rent Scheme,880.53,Rents,Landlord,STANDARD,5872,KAAA-Directorate of Economic Growth and Neighbourhood Services
RBC Legal Entity,2021/08/27,4589589,256974,HARISH RAICHURA,Guaranteed Rent Scheme,694.59,Rents,Landlord,STANDARD,5872,KAAA-Directorate of Economic Growth and Neighbourhood Services
RBC Legal Entity,2021/08/27,4588965,256975,CELIA HALL,Guaranteed Rent Scheme,1006.72,Rents,SUPPLIER,STANDARD,5872,KAAA-Directorate of Economic Growth and Neighbourhood Services
RBC Legal Entity,2021/08/27,4588972,256976,TWUMASI OKYERE,Guaranteed Rent Scheme,1006.72,Rents,SUPPLIER,STANDARD,5872,KAAA-Directorate of Economic Growth and Neighbourhood Services
RBC Legal Entity,2021/08/27,4589470,256977,RITA LEE,Guaranteed Rent Scheme,694.59,Rents,SUPPLIER,STANDARD,5872,KAAA-Directorate of Economic Growth and Neighbourhood Services
RBC Legal Entity,2021/08/27,4588975,256978,REBECCA FRANKLAND,Guaranteed Rent Scheme,880.53,Rents,SUPPLIER,STANDARD,5872,KAAA-Directorate of Economic Growth and Neighbourhood Services
RBC Legal Entity,2021/08/27,4588966,256979,LAUNCHPAD READING,Guaranteed Rent Scheme,880.53,Rents,Third Party Supplier,STANDARD,5872,KAAA-Directorate of Economic Growth and Neighbourhood Services
RBC Legal Entity,2021/08/27,4589124,256979,LAUNCHPAD READING,Guaranteed Rent Scheme,694.59,Rents,Third Party Supplier,STANDARD,5872,KAAA-Directorate of Economic Growth and Neighbourhood Services
RBC Legal Entity,2021/08/27,4589143,256979,LAUNCHPAD READING,Guaranteed Rent Scheme,694.59,Rents,Third Party Supplier,STANDARD,5872,KAAA-Directorate of Economic Growth and Neighbourhood Services
RBC Legal Entity,2021/08/27,4589146,256979,LAUNCHPAD READING,Guaranteed Rent Scheme,694.59,Rents,Third Party Supplier,STANDARD,5872,KAAA-Directorate of Economic Growth and Neighbourhood Services
RBC Legal Entity,2021/08/27,4589211,256979,LAUNCHPAD READING,Guaranteed Rent Scheme,880.53,Rents,Third Party Supplier,STANDARD,5872,KAAA-Directorate of Economic Growth and Neighbourhood Services
RBC Legal Entity,2021/08/27,4589061,256980,KATE & DAVID REES,Guaranteed Rent Scheme,1006.72,Rents,SUPPLIER,STANDARD,5872,KAAA-Directorate of Economic Growth and Neighbourhood Services
RBC Legal Entity,2021/08/27,4588843,256981,HOMES FOR READING LIMITED,Guaranteed Rent Scheme,694.59,Rents,SUPPLIER,STANDARD,5872,KAAA-Directorate of Economic Growth and Neighbourhood Services
RBC Legal Entity,2021/08/27,4588908,256981,HOMES FOR READING LIMITED,Guaranteed Rent Scheme,694.59,Rents,SUPPLIER,STANDARD,5872,KAAA-Directorate of Economic Growth and Neighbourhood Services
RBC Legal Entity,2021/08/27,4588963,256981,HOMES FOR READING LIMITED,Guaranteed Rent Scheme,694.59,Rents,SUPPLIER,STANDARD,5872,KAAA-Directorate of Economic Growth and Neighbourhood Services
RBC Legal Entity,2021/08/27,4588976,256981,HOMES FOR READING LIMITED,Guaranteed Rent Scheme,1388.74,Rents,SUPPLIER,STANDARD,5872,KAAA-Directorate of Economic Growth and Neighbourhood Services
RBC Legal Entity,2021/08/27,4589018,256981,HOMES FOR READING LIMITED,Guaranteed Rent Scheme,1388.74,Rents,SUPPLIER,STANDARD,5872,KAAA-Directorate of Economic Growth and Neighbourhood Services
RBC Legal Entity,2021/08/27,4589045,256981,HOMES FOR READING LIMITED,Guaranteed Rent Scheme,1388.74,Rents,SUPPLIER,STANDARD,5872,KAAA-Directorate of Economic Growth and Neighbourhood Services
RBC Legal Entity,2021/08/27,4589055,256981,HOMES FOR READING LIMITED,Guaranteed Rent Scheme,880.53,Rents,SUPPLIER,STANDARD,5872,KAAA-Directorate of Economic Growth and Neighbourhood Services
RBC Legal Entity,2021/08/27,4589057,256981,HOMES FOR READING LIMITED,Guaranteed Rent Scheme,880.53,Rents,SUPPLIER,STANDARD,5872,KAAA-Directorate of Economic Growth and Neighbourhood Services
RBC Legal Entity,2021/08/27,4589062,256981,HOMES FOR READING LIMITED,Guaranteed Rent Scheme,1388.74,Rents,SUPPLIER,STANDARD,5872,KAAA-Directorate of Economic Growth and Neighbourhood Services
RBC Legal Entity,2021/08/27,4589089,256981,HOMES FOR READING LIMITED,Guaranteed Rent Scheme,1388.74,Rents,SUPPLIER,STANDARD,5872,KAAA-Directorate of Economic Growth and Neighbourhood Services
RBC Legal Entity,2021/08/27,4589095,256981,HOMES FOR READING LIMITED,Guaranteed Rent Scheme,694.59,Rents,SUPPLIER,STANDARD,5872,KAAA-Directorate of Economic Growth and Neighbourhood Services
RBC Legal Entity,2021/08/27,4589096,256981,HOMES FOR READING LIMITED,Guaranteed Rent Scheme,694.59,Rents,SUPPLIER,STANDARD,5872,KAAA-Directorate of Economic Growth and Neighbourhood Services
RBC Legal Entity,2021/08/27,4589097,256981,HOMES FOR READING LIMITED,Guaranteed Rent Scheme,694.59,Rents,SUPPLIER,STANDARD,5872,KAAA-Directorate of Economic Growth and Neighbourhood Services
RBC Legal Entity,2021/08/27,4589117,256981,HOMES FOR READING LIMITED,Guaranteed Rent Scheme,1388.74,Rents,SUPPLIER,STANDARD,5872,KAAA-Directorate of Economic Growth and Neighbourhood Services
RBC Legal Entity,2021/08/27,4589123,256981,HOMES FOR READING LIMITED,Guaranteed Rent Scheme,1388.74,Rents,SUPPLIER,STANDARD,5872,KAAA-Directorate of Economic Growth and Neighbourhood Services
RBC Legal Entity,2021/08/27,4589180,256981,HOMES FOR READING LIMITED,Guaranteed Rent Scheme,682.98,Rents,SUPPLIER,STANDARD,5872,KAAA-Directorate of Economic Growth and Neighbourhood Services
RBC Legal Entity,2021/08/27,4589406,256981,HOMES FOR READING LIMITED,Guaranteed Rent Scheme,694.59,Rents,SUPPLIER,STANDARD,5872,KAAA-Directorate of Economic Growth and Neighbourhood Services
RBC Legal Entity,2021/08/27,4589416,256981,HOMES FOR READING LIMITED,Guaranteed Rent Scheme,1388.74,Rents,SUPPLIER,STANDARD,5872,KAAA-Directorate of Economic Growth and Neighbourhood Services
RBC Legal Entity,2021/08/27,4589422,256981,HOMES FOR READING LIMITED,Guaranteed Rent Scheme,694.59,Rents,SUPPLIER,STANDARD,5872,KAAA-Directorate of Economic Growth and Neighbourhood Services
RBC Legal Entity,2021/08/27,4589493,256981,HOMES FOR READING LIMITED,Guaranteed Rent Scheme,694.59,Rents,SUPPLIER,STANDARD,5872,KAAA-Directorate of Economic Growth and Neighbourhood Services
RBC Legal Entity,2021/08/27,4589512,256981,HOMES FOR READING LIMITED,Guaranteed Rent Scheme,694.59,Rents,SUPPLIER,STANDARD,5872,KAAA-Directorate of Economic Growth and Neighbourhood Services
RBC Legal Entity,2021/08/27,4589539,256981,HOMES FOR READING LIMITED,Guaranteed Rent Scheme,694.59,Rents,SUPPLIER,STANDARD,5872,KAAA-Directorate of Economic Growth and Neighbourhood Services
RBC Legal Entity,2021/08/27,4589586,256982,SAMIDHA MALHOTRA,Guaranteed Rent Scheme,1006.72,Rents,Landlord,STANDARD,5872,KAAA-Directorate of Economic Growth and Neighbourhood Services
RBC Legal Entity,2021/08/27,4588981,256983,YASMIN ARMAN,Guaranteed Rent Scheme,1006.72,Rents,SUPPLIER,STANDARD,5872,KAAA-Directorate of Economic Growth and Neighbourhood Services
RBC Legal Entity,2021/08/27,4588988,256984,MICHAEL HUNKA,Guaranteed Rent Scheme,880.53,Rents,SUPPLIER,STANDARD,5872,KAAA-Directorate of Economic Growth and Neighbourhood Services
RBC Legal Entity,2021/08/27,4589174,256984,MICHAEL HUNKA,Guaranteed Rent Scheme,1388.74,Rents,SUPPLIER,STANDARD,5872,KAAA-Directorate of Economic Growth and Neighbourhood Services
RBC Legal Entity,2021/08/27,4589186,256984,MICHAEL HUNKA,Guaranteed Rent Scheme,880.53,Rents,SUPPLIER,STANDARD,5872,KAAA-Directorate of Economic Growth and Neighbourhood Services
RBC Legal Entity,2021/08/27,4589270,256984,MICHAEL HUNKA,Guaranteed Rent Scheme,694.59,Rents,SUPPLIER,STANDARD,5872,KAAA-Directorate of Economic Growth and Neighbourhood Services
RBC Legal Entity,2021/08/27,4588964,256985,SEAN HEATH,Guaranteed Rent Scheme,694.59,Rents,Landlord,STANDARD,5872,KAAA-Directorate of Economic Growth and Neighbourhood Services
RBC Legal Entity,2021/08/27,4589144,256985,SEAN HEATH,Guaranteed Rent Scheme,880.53,Rents,Landlord,STANDARD,5872,KAAA-Directorate of Economic Growth and Neighbourhood Services
RBC Legal Entity,2021/08/27,4588831,256986,CHRISTOPHER SCOTT,Guaranteed Rent Scheme,880.53,Rents,SUPPLIER,STANDARD,5872,KAAA-Directorate of Economic Growth and Neighbourhood Services
RBC Legal Entity,2021/08/27,4588850,256986,CHRISTOPHER SCOTT,Guaranteed Rent Scheme,880.53,Rents,SUPPLIER,STANDARD,5872,KAAA-Directorate of Economic Growth and Neighbourhood Services
RBC Legal Entity,2021/08/27,4588973,256988,MOHAMMED ARSHAD,Guaranteed Rent Scheme,682.98,Rents,SUPPLIER,STANDARD,5872,KAAA-Directorate of Economic Growth and Neighbourhood Services
RBC Legal Entity,2021/08/27,4589415,256988,MOHAMMED ARSHAD,Guaranteed Rent Scheme,880.53,Rents,SUPPLIER,STANDARD,5872,KAAA-Directorate of Economic Growth and Neighbourhood Services
RBC Legal Entity,2021/08/27,4588939,256989,ADAMS ESTATES,Guaranteed Rent Scheme,840.58,Rents,SUPPLIER,STANDARD,5872,KAAA-Directorate of Economic Growth and Neighbourhood Services
RBC Legal Entity,2021/08/27,4583563,256990,MR EDWARD KIRKWOOD,JLT Disbursements,735,Misc. Legal Expenses,Third Party Supplier,STANDARD,2407,LAAA-Directorate of Resources
RBC Legal Entity,2021/08/27,4588840,256991,PANDORA MAPLE T/A HANNINGTONS PARTNERSHIP,Guaranteed Rent Scheme,880.53,Rents,Landlord,STANDARD,5872,KAAA-Directorate of Economic Growth and Neighbourhood Services
RBC Legal Entity,2021/08/27,4588851,256991,PANDORA MAPLE T/A HANNINGTONS PARTNERSHIP,Guaranteed Rent Scheme,1388.74,Rents,Landlord,STANDARD,5872,KAAA-Directorate of Economic Growth and Neighbourhood Services
RBC Legal Entity,2021/08/27,4588978,256991,PANDORA MAPLE T/A HANNINGTONS PARTNERSHIP,Guaranteed Rent Scheme,694.59,Rents,Landlord,STANDARD,5872,KAAA-Directorate of Economic Growth and Neighbourhood Services
RBC Legal Entity,2021/08/27,4589036,256991,PANDORA MAPLE T/A HANNINGTONS PARTNERSHIP,Guaranteed Rent Scheme,694.59,Rents,Landlord,STANDARD,5872,KAAA-Directorate of Economic Growth and Neighbourhood Services
RBC Legal Entity,2021/08/27,4589115,256991,PANDORA MAPLE T/A HANNINGTONS PARTNERSHIP,Guaranteed Rent Scheme,694.59,Rents,Landlord,STANDARD,5872,KAAA-Directorate of Economic Growth and Neighbourhood Services
RBC Legal Entity,2021/08/27,4589116,256991,PANDORA MAPLE T/A HANNINGTONS PARTNERSHIP,Guaranteed Rent Scheme,880.53,Rents,Landlord,STANDARD,5872,KAAA-Directorate of Economic Growth and Neighbourhood Services
RBC Legal Entity,2021/08/27,4589188,256991,PANDORA MAPLE T/A HANNINGTONS PARTNERSHIP,Guaranteed Rent Scheme,880.53,Rents,Landlord,STANDARD,5872,KAAA-Directorate of Economic Growth and Neighbourhood Services
RBC Legal Entity,2021/08/27,4589443,256991,PANDORA MAPLE T/A HANNINGTONS PARTNERSHIP,Guaranteed Rent Scheme,694.59,Rents,Landlord,STANDARD,5872,KAAA-Directorate of Economic Growth and Neighbourhood Services
RBC Legal Entity,2021/08/27,4586009,256992,DAVIS SCAFFOLDING,DLO Day to Day Trades,500,Subcontractors Labour,SUB-CONTRACTOR,STANDARD,4010,KAAA-Directorate of Economic Growth and Neighbourhood Services
RBC Legal Entity,2021/08/27,4586010,256992,DAVIS SCAFFOLDING,DLO Wokingham Trades,660,Subcontractors Labour,SUB-CONTRACTOR,STANDARD,4050,KAAA-Directorate of Economic Growth and Neighbourhood Services
RBC Legal Entity,2021/08/27,4586011,256992,DAVIS SCAFFOLDING,DLO Day to Day Trades,660,Subcontractors Labour,SUB-CONTRACTOR,STANDARD,4010,KAAA-Directorate of Economic Growth and Neighbourhood Services
RBC Legal Entity,2021/08/27,4586012,256992,DAVIS SCAFFOLDING,DLO Day to Day Trades,660,Subcontractors Labour,SUB-CONTRACTOR,STANDARD,4010,KAAA-Directorate of Economic Growth and Neighbourhood Services
RBC Legal Entity,2021/08/27,4586013,256992,DAVIS SCAFFOLDING,DLO Day to Day Trades,660,Subcontractors Labour,SUB-CONTRACTOR,STANDARD,4010,KAAA-Directorate of Economic Growth and Neighbourhood Services
RBC Legal Entity,2021/08/27,4586014,256992,DAVIS SCAFFOLDING,DLO Day to Day Trades,660,Subcontractors Labour,SUB-CONTRACTOR,STANDARD,4010,KAAA-Directorate of Economic Growth and Neighbourhood Services
RBC Legal Entity,2021/08/27,4586016,256992,DAVIS SCAFFOLDING,DLO Wokingham Trades,660,Subcontractors Labour,SUB-CONTRACTOR,STANDARD,4050,KAAA-Directorate of Economic Growth and Neighbourhood Services
RBC Legal Entity,2021/08/27,4586018,256992,DAVIS SCAFFOLDING,DLO Day to Day Trades,880,Subcontractors Labour,SUB-CONTRACTOR,STANDARD,4010,KAAA-Directorate of Economic Growth and Neighbourhood Services
RBC Legal Entity,2021/08/27,4586019,256992,DAVIS SCAFFOLDING,DLO Wokingham Trades,770,Subcontractors Labour,SUB-CONTRACTOR,STANDARD,4050,KAAA-Directorate of Economic Growth and Neighbourhood Services
RBC Legal Entity,2021/08/27,4588948,256993,JANICE SIMMONS,Guaranteed Rent Scheme,880.53,Rents,SUPPLIER,STANDARD,5872,KAAA-Directorate of Economic Growth and Neighbourhood Services
RBC Legal Entity,2021/08/27,4589402,256993,JANICE SIMMONS,Guaranteed Rent Scheme,880.53,Rents,SUPPLIER,STANDARD,5872,KAAA-Directorate of Economic Growth and Neighbourhood Services
RBC Legal Entity,2021/08/27,4589541,256993,JANICE SIMMONS,Guaranteed Rent Scheme,880.53,Rents,SUPPLIER,STANDARD,5872,KAAA-Directorate of Economic Growth and Neighbourhood Services
RBC Legal Entity,2021/08/27,4589571,256993,JANICE SIMMONS,Guaranteed Rent Scheme,880.53,Rents,SUPPLIER,STANDARD,5872,KAAA-Directorate of Economic Growth and Neighbourhood Services
RBC Legal Entity,2021/08/27,4588828,256994,CAROLE TAYLOR,Guaranteed Rent Scheme,816.1,Rents,SUPPLIER,STANDARD,5872,KAAA-Directorate of Economic Growth and Neighbourhood Services
RBC Legal Entity,2021/08/27,4588902,256994,CAROLE TAYLOR,Guaranteed Rent Scheme,663.08,Rents,SUPPLIER,STANDARD,5872,KAAA-Directorate of Economic Growth and Neighbourhood Services
RBC Legal Entity,2021/08/27,4588913,256994,CAROLE TAYLOR,Guaranteed Rent Scheme,816.1,Rents,SUPPLIER,STANDARD,5872,KAAA-Directorate of Economic Growth and Neighbourhood Services
RBC Legal Entity,2021/08/27,4589047,256994,CAROLE TAYLOR,Guaranteed Rent Scheme,840.58,Rents,SUPPLIER,STANDARD,5872,KAAA-Directorate of Economic Growth and Neighbourhood Services
RBC Legal Entity,2021/08/27,4585517,256995,CROWN LODGE GUEST HOUSE,Single Homelessness Grants,623,Preventive+SupportiveServ,Third Party Supplier,STANDARD,5860,KAAA-Directorate of Economic Growth and Neighbourhood Services
RBC Legal Entity,2021/08/27,4585550,256995,CROWN LODGE GUEST HOUSE,Single Homelessness Grants,595,Preventive+SupportiveServ,Third Party Supplier,STANDARD,5860,KAAA-Directorate of Economic Growth and Neighbourhood Services
RBC Legal Entity,2021/08/27,4587708,256995,CROWN LODGE GUEST HOUSE,Bed and Breakfast,525,Rents,Third Party Supplier,STANDARD,5871,KAAA-Directorate of Economic Growth and Neighbourhood Services
RBC Legal Entity,2021/08/27,4587713,256995,CROWN LODGE GUEST HOUSE,Bed and Breakfast,693,Rents,Third Party Supplier,STANDARD,5871,KAAA-Directorate of Economic Growth and Neighbourhood Services
RBC Legal Entity,2021/08/27,4587721,256995,CROWN LODGE GUEST HOUSE,Bed and Breakfast,595,Rents,Third Party Supplier,STANDARD,5871,KAAA-Directorate of Economic Growth and Neighbourhood Services
RBC Legal Entity,2021/08/27,4587722,256995,CROWN LODGE GUEST HOUSE,Bed and Breakfast,665,Rents,Third Party Supplier,STANDARD,5871,KAAA-Directorate of Economic Growth and Neighbourhood Services
RBC Legal Entity,2021/08/27,4588174,256995,CROWN LODGE GUEST HOUSE,Housing GF General Charges,623,Preventive+SupportiveServ,Third Party Supplier,STANDARD,5810,KAAA-Directorate of Economic Growth and Neighbourhood Services
RBC Legal Entity,2021/08/27,4588179,256995,CROWN LODGE GUEST HOUSE,Housing GF General Charges,623,Preventive+SupportiveServ,Third Party Supplier,STANDARD,5810,KAAA-Directorate of Economic Growth and Neighbourhood Services
RBC Legal Entity,2021/08/27,4589517,256996,ROB HEATH,Guaranteed Rent Scheme,1006.72,Rents,SUPPLIER,STANDARD,5872,KAAA-Directorate of Economic Growth and Neighbourhood Services
RBC Legal Entity,2021/08/27,4589070,256997,ALDERKEY PROPERTIES,Guaranteed Rent Scheme,694.59,Rents,Third Party Supplier,STANDARD,5872,KAAA-Directorate of Economic Growth and Neighbourhood Services
RBC Legal Entity,2021/08/27,4589336,256997,ALDERKEY PROPERTIES,Guaranteed Rent Scheme,694.59,Rents,Third Party Supplier,STANDARD,5872,KAAA-Directorate of Economic Growth and Neighbourhood Services
RBC Legal Entity,2021/08/27,4588998,256998,CECILIA FRANCESCA COLES,Guaranteed Rent Scheme,880.53,Rents,SUPPLIER,STANDARD,5872,KAAA-Directorate of Economic Growth and Neighbourhood Services
RBC Legal Entity,2021/08/27,4589255,256998,CECILIA FRANCESCA COLES,Guaranteed Rent Scheme,880.53,Rents,SUPPLIER,STANDARD,5872,KAAA-Directorate of Economic Growth and Neighbourhood Services
RBC Legal Entity,2021/08/27,4589004,256999,COLIN JAMES,Guaranteed Rent Scheme,880.53,Rents,SUPPLIER,STANDARD,5872,KAAA-Directorate of Economic Growth and Neighbourhood Services
RBC Legal Entity,2021/08/27,4589012,257000,BROOKSTONES PROPERTY SERVICES,Guaranteed Rent Scheme,840.58,Rents,SUPPLIER,STANDARD,5872,KAAA-Directorate of Economic Growth and Neighbourhood Services
RBC Legal Entity,2021/08/27,4589067,257001,KAH HOOI LIM,Guaranteed Rent Scheme,694.59,Rents,SUPPLIER,STANDARD,5872,KAAA-Directorate of Economic Growth and Neighbourhood Services
RBC Legal Entity,2021/08/27,4589081,257001,KAH HOOI LIM,Guaranteed Rent Scheme,880.53,Rents,SUPPLIER,STANDARD,5872,KAAA-Directorate of Economic Growth and Neighbourhood Services
RBC Legal Entity,2021/08/27,4589208,257001,KAH HOOI LIM,Guaranteed Rent Scheme,880.53,Rents,SUPPLIER,STANDARD,5872,KAAA-Directorate of Economic Growth and Neighbourhood Services
RBC Legal Entity,2021/08/27,4589452,257001,KAH HOOI LIM,Guaranteed Rent Scheme,880.53,Rents,SUPPLIER,STANDARD,5872,KAAA-Directorate of Economic Growth and Neighbourhood Services
RBC Legal Entity,2021/08/27,4589575,257001,KAH HOOI LIM,Guaranteed Rent Scheme,694.59,Rents,SUPPLIER,STANDARD,5872,KAAA-Directorate of Economic Growth and Neighbourhood Services
RBC Legal Entity,2021/08/27,4589265,257002,LISA CLAIRE BAKER,Guaranteed Rent Scheme,1006.72,Rents,SUPPLIER,STANDARD,5872,KAAA-Directorate of Economic Growth and Neighbourhood Services
RBC Legal Entity,2021/08/27,4589016,257003,ANDY HILL,Guaranteed Rent Scheme,880.53,Rents,Landlord,STANDARD,5872,KAAA-Directorate of Economic Growth and Neighbourhood Services
RBC Legal Entity,2021/08/27,4588826,257004,AMIT BRAICH,Guaranteed Rent Scheme,880.53,Rents,SUPPLIER,STANDARD,5872,KAAA-Directorate of Economic Growth and Neighbourhood Services
RBC Legal Entity,2021/08/27,4589021,257005,PHILIPPA COLLINGS,Guaranteed Rent Scheme,880.53,Rents,SUPPLIER,STANDARD,5872,KAAA-Directorate of Economic Growth and Neighbourhood Services
RBC Legal Entity,2021/08/27,4589024,257006,PHILIP DALE,Guaranteed Rent Scheme,1388.74,Rents,SUPPLIER,STANDARD,5872,KAAA-Directorate of Economic Growth and Neighbourhood Services
RBC Legal Entity,2021/08/27,4589022,257007,MORGAN PERRET AND SARAH PERRET,Guaranteed Rent Scheme,865.8,Rents,SUPPLIER,STANDARD,5872,KAAA-Directorate of Economic Growth and Neighbourhood Services
RBC Legal Entity,2021/08/27,4587917,257009,OVERBURY,Plaza West,8361.93,Equipment,SUB-CONTRACTOR,STANDARD,8626,ZZZC-Capital
RBC Legal Entity,2021/08/27,4587921,257009,OVERBURY,Plaza West,39935.63,Equipment,SUB-CONTRACTOR,STANDARD,8626,ZZZC-Capital
RBC Legal Entity,2021/08/27,4588548,257010,TOTAL HEALTH SUPPORT & TRAINING SERVICES,PS Acquired Community Services,916.75,Purchased Care,Third Party Supplier,STANDARD,5771,JAAA-Directorate of Social Care and Health Services
RBC Legal Entity,2021/08/27,4588551,257010,TOTAL HEALTH SUPPORT & TRAINING SERVICES,PS Acquired Community Services,555.75,Purchased Care,Third Party Supplier,STANDARD,5771,JAAA-Directorate of Social Care and Health Services
RBC Legal Entity,2021/08/27,4588552,257010,TOTAL HEALTH SUPPORT & TRAINING SERVICES,PS Acquired Community Services,1444,Purchased Care,Third Party Supplier,STANDARD,5771,JAAA-Directorate of Social Care and Health Services
RBC Legal Entity,2021/08/27,4588553,257010,TOTAL HEALTH SUPPORT & TRAINING SERVICES,PS Acquired Community Services,2394,Purchased Care,Third Party Supplier,STANDARD,5771,JAAA-Directorate of Social Care and Health Services
RBC Legal Entity,2021/08/27,4588554,257010,TOTAL HEALTH SUPPORT & TRAINING SERVICES,PS Acquired Community Services,2641,Purchased Care,Third Party Supplier,STANDARD,5771,JAAA-Directorate of Social Care and Health Services
RBC Legal Entity,2021/08/27,4588555,257010,TOTAL HEALTH SUPPORT & TRAINING SERVICES,PS Acquired Community Services,1501,Purchased Care,Third Party Supplier,STANDARD,5771,JAAA-Directorate of Social Care and Health Services
RBC Legal Entity,2021/08/27,4588560,257010,TOTAL HEALTH SUPPORT & TRAINING SERVICES,PS Acquired Community Services,2394,Purchased Care,Third Party Supplier,STANDARD,5771,JAAA-Directorate of Social Care and Health Services
RBC Legal Entity,2021/08/27,4588561,257010,TOTAL HEALTH SUPPORT & TRAINING SERVICES,PS Acquired Community Services,1197,Purchased Care,Third Party Supplier,STANDARD,5771,JAAA-Directorate of Social Care and Health Services
RBC Legal Entity,2021/08/27,4588563,257010,TOTAL HEALTH SUPPORT & TRAINING SERVICES,PS Acquired Community Services,665,Purchased Care,Third Party Supplier,STANDARD,5771,JAAA-Directorate of Social Care and Health Services
RBC Legal Entity,2021/08/27,4588564,257010,TOTAL HEALTH SUPPORT & TRAINING SERVICES,PS Acquired Community Services,532,Purchased Care,Third Party Supplier,STANDARD,5771,JAAA-Directorate of Social Care and Health Services
RBC Legal Entity,2021/08/27,4588565,257010,TOTAL HEALTH SUPPORT & TRAINING SERVICES,PS Acquired Community Services,1187.5,Purchased Care,Third Party Supplier,STANDARD,5771,JAAA-Directorate of Social Care and Health Services
RBC Legal Entity,2021/08/27,4588567,257010,TOTAL HEALTH SUPPORT & TRAINING SERVICES,PS Acquired Community Services,1064,Purchased Care,Third Party Supplier,STANDARD,5771,JAAA-Directorate of Social Care and Health Services
RBC Legal Entity,2021/08/27,4588569,257010,TOTAL HEALTH SUPPORT & TRAINING SERVICES,PS Acquired Community Services,665,Purchased Care,Third Party Supplier,STANDARD,5771,JAAA-Directorate of Social Care and Health Services
RBC Legal Entity,2021/08/27,4588572,257010,TOTAL HEALTH SUPPORT & TRAINING SERVICES,M&C Acquired Community Services,2394,Purchased Care,Third Party Supplier,STANDARD,5751,JAAA-Directorate of Social Care and Health Services
RBC Legal Entity,2021/08/27,4588573,257010,TOTAL HEALTH SUPPORT & TRAINING SERVICES,M&C Acquired Community Services,1083,Purchased Care,Third Party Supplier,STANDARD,5751,JAAA-Directorate of Social Care and Health Services
RBC Legal Entity,2021/08/27,4588575,257010,TOTAL HEALTH SUPPORT & TRAINING SERVICES,PS Acquired Community Services,1178,Purchased Care,Third Party Supplier,STANDARD,5771,JAAA-Directorate of Social Care and Health Services
RBC Legal Entity,2021/08/27,4588576,257010,TOTAL HEALTH SUPPORT & TRAINING SERVICES,PS Acquired Community Services,646,Purchased Care,Third Party Supplier,STANDARD,5771,JAAA-Directorate of Social Care and Health Services
RBC Legal Entity,2021/08/27,4588577,257010,TOTAL HEALTH SUPPORT & TRAINING SERVICES,PS Acquired Community Services,931,Purchased Care,Third Party Supplier,STANDARD,5771,JAAA-Directorate of Social Care and Health Services
RBC Legal Entity,2021/08/27,4588578,257010,TOTAL HEALTH SUPPORT & TRAINING SERVICES,PS Acquired Community Services,769.5,Purchased Care,Third Party Supplier,STANDARD,5771,JAAA-Directorate of Social Care and Health Services
RBC Legal Entity,2021/08/27,4588579,257010,TOTAL HEALTH SUPPORT & TRAINING SERVICES,PS Acquired Community Services,912,Purchased Care,Third Party Supplier,STANDARD,5771,JAAA-Directorate of Social Care and Health Services
RBC Legal Entity,2021/08/27,4588581,257010,TOTAL HEALTH SUPPORT & TRAINING SERVICES,PS Acquired Community Services,1235,Purchased Care,Third Party Supplier,STANDARD,5771,JAAA-Directorate of Social Care and Health Services
RBC Legal Entity,2021/08/27,4588582,257010,TOTAL HEALTH SUPPORT & TRAINING SERVICES,PS Acquired Community Services,988,Purchased Care,Third Party Supplier,STANDARD,5771,JAAA-Directorate of Social Care and Health Services
RBC Legal Entity,2021/08/27,4588583,257010,TOTAL HEALTH SUPPORT & TRAINING SERVICES,PS Acquired Community Services,622.25,Purchased Care,Third Party Supplier,STANDARD,5771,JAAA-Directorate of Social Care and Health Services
RBC Legal Entity,2021/08/27,4588584,257010,TOTAL HEALTH SUPPORT & TRAINING SERVICES,M&C Acquired Community Services,912,Purchased Care,Third Party Supplier,STANDARD,5751,JAAA-Directorate of Social Care and Health Services
RBC Legal Entity,2021/08/27,4588587,257010,TOTAL HEALTH SUPPORT & TRAINING SERVICES,Mental Health Community Services,1197,Purchased Care,Third Party Supplier,STANDARD,5731,JAAA-Directorate of Social Care and Health Services
RBC Legal Entity,2021/08/27,4588592,257010,TOTAL HEALTH SUPPORT & TRAINING SERVICES,PS Acquired Community Services,5606.2,Purchased Care,Third Party Supplier,STANDARD,5771,JAAA-Directorate of Social Care and Health Services
RBC Legal Entity,2021/08/27,4588593,257010,TOTAL HEALTH SUPPORT & TRAINING SERVICES,PS Acquired Community Services,3713.29,Purchased Care,Third Party Supplier,STANDARD,5771,JAAA-Directorate of Social Care and Health Services
RBC Legal Entity,2021/08/27,4588594,257010,TOTAL HEALTH SUPPORT & TRAINING SERVICES,PS Acquired Community Services,3086,Purchased Care,Third Party Supplier,STANDARD,5771,JAAA-Directorate of Social Care and Health Services
RBC Legal Entity,2021/08/27,4588597,257010,TOTAL HEALTH SUPPORT & TRAINING SERVICES,LD Community Services,509.12,Purchased Care,Third Party Supplier,STANDARD,5741,JAAA-Directorate of Social Care and Health Services
RBC Legal Entity,2021/08/27,4588598,257010,TOTAL HEALTH SUPPORT & TRAINING SERVICES,PS Acquired Community Services,1767,Purchased Care,Third Party Supplier,STANDARD,5771,JAAA-Directorate of Social Care and Health Services
RBC Legal Entity,2021/08/27,4588599,257010,TOTAL HEALTH SUPPORT & TRAINING SERVICES,PS Acquired Community Services,931,Purchased Care,Third Party Supplier,STANDARD,5771,JAAA-Directorate of Social Care and Health Services
RBC Legal Entity,2021/08/27,4588602,257010,TOTAL HEALTH SUPPORT & TRAINING SERVICES,PS Acquired Community Services,152,Purchased Care,Third Party Supplier,STANDARD,5771,JAAA-Directorate of Social Care and Health Services
RBC Legal Entity,2021/08/27,4588602,257010,TOTAL HEALTH SUPPORT & TRAINING SERVICES,Sensory Support Community Services,665,Purchased Care,Third Party Supplier,STANDARD,5711,JAAA-Directorate of Social Care and Health Services
RBC Legal Entity,2021/08/27,4588603,257010,TOTAL HEALTH SUPPORT & TRAINING SERVICES,PS Acquired Community Services,556.85,Purchased Care,Third Party Supplier,STANDARD,5771,JAAA-Directorate of Social Care and Health Services
RBC Legal Entity,2021/08/27,4588604,257010,TOTAL HEALTH SUPPORT & TRAINING SERVICES,PS Acquired Community Services,2660,Purchased Care,Third Party Supplier,STANDARD,5771,JAAA-Directorate of Social Care and Health Services
RBC Legal Entity,2021/08/27,4588610,257010,TOTAL HEALTH SUPPORT & TRAINING SERVICES,PS Acquired Community Services,1064,Purchased Care,Third Party Supplier,STANDARD,5771,JAAA-Directorate of Social Care and Health Services
RBC Legal Entity,2021/08/27,4589494,257011,AISHA MALIK,Guaranteed Rent Scheme,880.53,Rents,Landlord,STANDARD,5872,KAAA-Directorate of Economic Growth and Neighbourhood Services
RBC Legal Entity,2021/08/27,4588943,257012,MRS B DESAX & MR O ANTILLE,Guaranteed Rent Scheme,1006.72,Rents,SUPPLIER,STANDARD,5872,KAAA-Directorate of Economic Growth and Neighbourhood Services
RBC Legal Entity,2021/08/27,4589334,257013,MARTYN RUSSELL PROPERTY SERVICES LTD,Guaranteed Rent Scheme,694.59,Rents,SUPPLIER,STANDARD,5872,KAAA-Directorate of Economic Growth and Neighbourhood Services
RBC Legal Entity,2021/08/27,4588926,257014,ELIAS PARIKOS,Guaranteed Rent Scheme,694.59,Rents,SUPPLIER,STANDARD,5872,KAAA-Directorate of Economic Growth and Neighbourhood Services
RBC Legal Entity,2021/08/27,4589056,257015,RALPH CHANADA,Guaranteed Rent Scheme,694.59,Rents,SUPPLIER,STANDARD,5872,KAAA-Directorate of Economic Growth and Neighbourhood Services
RBC Legal Entity,2021/08/27,4589035,257016,HADRONTA LTD,Guaranteed Rent Scheme,1006.72,Rents,SUPPLIER,STANDARD,5872,KAAA-Directorate of Economic Growth and Neighbourhood Services
RBC Legal Entity,2021/08/27,4589039,257017,JULIE PROVINO,Guaranteed Rent Scheme,840.58,Rents,SUPPLIER,STANDARD,5872,KAAA-Directorate of Economic Growth and Neighbourhood Services
RBC Legal Entity,2021/08/27,4589049,257019,DANIEL THOMAS GRANT,Guaranteed Rent Scheme,840.58,Rents,SUPPLIER,STANDARD,5872,KAAA-Directorate of Economic Growth and Neighbourhood Services
RBC Legal Entity,2021/08/27,4589051,257021,BILLY LEUNG,Guaranteed Rent Scheme,961.09,Rents,SUPPLIER,STANDARD,5872,KAAA-Directorate of Economic Growth and Neighbourhood Services
RBC Legal Entity,2021/08/27,4589072,257022,SYEDA SAMEENA AHMED,Guaranteed Rent Scheme,1200,Rents,SUPPLIER,STANDARD,5872,KAAA-Directorate of Economic Growth and Neighbourhood Services
RBC Legal Entity,2021/08/27,4589345,257023,AMY AND RICHARD GATES,Guaranteed Rent Scheme,880.53,Rents,Third Party Supplier,STANDARD,5872,KAAA-Directorate of Economic Growth and Neighbourhood Services
RBC Legal Entity,2021/08/27,4589069,257024,PETER COLLINS,Guaranteed Rent Scheme,880.53,Rents,SUPPLIER,STANDARD,5872,KAAA-Directorate of Economic Growth and Neighbourhood Services
RBC Legal Entity,2021/08/27,4589325,257024,PETER COLLINS,Guaranteed Rent Scheme,694.59,Rents,SUPPLIER,STANDARD,5872,KAAA-Directorate of Economic Growth and Neighbourhood Services
RBC Legal Entity,2021/08/27,4589071,257025,MARTIN DALTON,Guaranteed Rent Scheme,840.58,Rents,SUPPLIER,STANDARD,5872,KAAA-Directorate of Economic Growth and Neighbourhood Services
RBC Legal Entity,2021/08/27,4588985,257026,MAYA RANI MALHOTRA,Guaranteed Rent Scheme,1388.74,Rents,SUPPLIER,STANDARD,5872,KAAA-Directorate of Economic Growth and Neighbourhood Services
RBC Legal Entity,2021/08/27,4589151,257026,MAYA RANI MALHOTRA,Guaranteed Rent Scheme,1388.74,Rents,SUPPLIER,STANDARD,5872,KAAA-Directorate of Economic Growth and Neighbourhood Services
RBC Legal Entity,2021/08/27,4589134,257027,MATTHEW BRAZIL,Guaranteed Rent Scheme,865.8,Rents,SUPPLIER,STANDARD,5872,KAAA-Directorate of Economic Growth and Neighbourhood Services
RBC Legal Entity,2021/08/27,4589229,257028,GILLS ESTATES,Guaranteed Rent Scheme,682.98,Rents,SUPPLIER,STANDARD,5872,KAAA-Directorate of Economic Growth and Neighbourhood Services
RBC Legal Entity,2021/08/27,4584050,257029,MR ALEX PERRY,JLT Disbursements,550,Misc. Legal Expenses,SUPPLIER,STANDARD,2407,LAAA-Directorate of Resources
RBC Legal Entity,2021/08/27,4588986,257030,PERKINS PROPERTIES ,Guaranteed Rent Scheme,1006.72,Rents,SUPPLIER,STANDARD,5872,KAAA-Directorate of Economic Growth and Neighbourhood Services
RBC Legal Entity,2021/08/27,4589050,257031,OYSTER PROPERTIES,Guaranteed Rent Scheme,865.8,Rents,SUPPLIER,STANDARD,5872,KAAA-Directorate of Economic Growth and Neighbourhood Services
RBC Legal Entity,2021/08/27,4589262,257031,OYSTER PROPERTIES,Guaranteed Rent Scheme,682.98,Rents,SUPPLIER,STANDARD,5872,KAAA-Directorate of Economic Growth and Neighbourhood Services
RBC Legal Entity,2021/08/27,4588942,257032,PATRICK GINNELLY,Guaranteed Rent Scheme,1006.72,Rents,SUPPLIER,STANDARD,5872,KAAA-Directorate of Economic Growth and Neighbourhood Services
RBC Legal Entity,2021/08/27,4589482,257033,ALAN BUNKER & ANNE WELSH,Guaranteed Rent Scheme,880.53,Rents,SUPPLIER,STANDARD,5872,KAAA-Directorate of Economic Growth and Neighbourhood Services
RBC Legal Entity,2021/08/27,4589152,257034,ANDREW & JACQUELINE FREEBORN,Guaranteed Rent Scheme,682.98,Rents,SUPPLIER,STANDARD,5872,KAAA-Directorate of Economic Growth and Neighbourhood Services
RBC Legal Entity,2021/08/27,4589256,257034,ANDREW & JACQUELINE FREEBORN,Guaranteed Rent Scheme,682.98,Rents,SUPPLIER,STANDARD,5872,KAAA-Directorate of Economic Growth and Neighbourhood Services
RBC Legal Entity,2021/08/27,4589547,257035,LUCY CAMERON,Guaranteed Rent Scheme,880.53,Rents,Landlord,STANDARD,5872,KAAA-Directorate of Economic Growth and Neighbourhood Services
RBC Legal Entity,2021/08/27,4589372,257036,STEPHEN SAUNDERS,Guaranteed Rent Scheme,880.53,Rents,SUPPLIER,STANDARD,5872,KAAA-Directorate of Economic Growth and Neighbourhood Services
RBC Legal Entity,2021/08/27,4589079,257037,DEBORAH JEFFRIES,Guaranteed Rent Scheme,961.09,Rents,SUPPLIER,STANDARD,5872,KAAA-Directorate of Economic Growth and Neighbourhood Services
RBC Legal Entity,2021/08/27,4589094,257038,CENTURY21READING,Guaranteed Rent Scheme,840.58,Rents,SUPPLIER,STANDARD,5872,KAAA-Directorate of Economic Growth and Neighbourhood Services
RBC Legal Entity,2021/08/27,4589082,257039,RAYMOND ALLAN WARD,Guaranteed Rent Scheme,663.08,Rents,SUPPLIER,STANDARD,5872,KAAA-Directorate of Economic Growth and Neighbourhood Services
RBC Legal Entity,2021/08/27,4589244,257040,MICK AND ALLISON BRADSHAW,Guaranteed Rent Scheme,694.59,Rents,SUPPLIER,STANDARD,5872,KAAA-Directorate of Economic Growth and Neighbourhood Services
RBC Legal Entity,2021/08/27,4589077,257041,SANJAY DESAI & INDIRA DESAI,Guaranteed Rent Scheme,1006.72,Rents,SUPPLIER,STANDARD,5872,KAAA-Directorate of Economic Growth and Neighbourhood Services
RBC Legal Entity,2021/08/27,4589087,257042,MID THAMES AREA QUAKERS,Guaranteed Rent Scheme,880.53,Rents,SUPPLIER,STANDARD,5872,KAAA-Directorate of Economic Growth and Neighbourhood Services
RBC Legal Entity,2021/08/27,4589103,257043,CHILLINGHAM LIMITED,Guaranteed Rent Scheme,961.09,Rents,SUPPLIER,STANDARD,5872,KAAA-Directorate of Economic Growth and Neighbourhood Services
RBC Legal Entity,2021/08/27,4589090,257044,MICHELLE CRITTENDEN,Guaranteed Rent Scheme,663.08,Rents,SUPPLIER,STANDARD,5872,KAAA-Directorate of Economic Growth and Neighbourhood Services
RBC Legal Entity,2021/08/27,4589240,257044,MICHELLE CRITTENDEN,Guaranteed Rent Scheme,989.91,Rents,SUPPLIER,STANDARD,5872,KAAA-Directorate of Economic Growth and Neighbourhood Services
RBC Legal Entity,2021/08/27,4589266,257044,MICHELLE CRITTENDEN,Guaranteed Rent Scheme,682.98,Rents,SUPPLIER,STANDARD,5872,KAAA-Directorate of Economic Growth and Neighbourhood Services
RBC Legal Entity,2021/08/27,4589013,257045,NATHAN WARD,Guaranteed Rent Scheme,694.59,Rents,SUPPLIER,STANDARD,5872,KAAA-Directorate of Economic Growth and Neighbourhood Services
RBC Legal Entity,2021/08/27,4589308,257046,DORIS TALLON,Guaranteed Rent Scheme,694.59,Rents,SUPPLIER,STANDARD,5872,KAAA-Directorate of Economic Growth and Neighbourhood Services
RBC Legal Entity,2021/08/27,4589458,257046,DORIS TALLON,Guaranteed Rent Scheme,880.53,Rents,SUPPLIER,STANDARD,5872,KAAA-Directorate of Economic Growth and Neighbourhood Services
RBC Legal Entity,2021/08/27,4589101,257048,KATE NEAL,Guaranteed Rent Scheme,989.91,Rents,Landlord,STANDARD,5872,KAAA-Directorate of Economic Growth and Neighbourhood Services
RBC Legal Entity,2021/08/27,4584063,257049,DNA LEGAL LTD,JLT Disbursements,566,Misc. Legal Expenses,SUPPLIER,STANDARD,2407,LAAA-Directorate of Resources
RBC Legal Entity,2021/08/27,4588970,257050,DR MICHAEL YEBOAH,Guaranteed Rent Scheme,1006.72,Rents,SUPPLIER,STANDARD,5872,KAAA-Directorate of Economic Growth and Neighbourhood Services
RBC Legal Entity,2021/08/27,4588949,257051,DANIEL SIMMONS,Guaranteed Rent Scheme,880.53,Rents,SUPPLIER,STANDARD,5872,KAAA-Directorate of Economic Growth and Neighbourhood Services
RBC Legal Entity,2021/08/27,4588971,257052,LYNX LETTINGS LTD,Guaranteed Rent Scheme,1388.74,Rents,SUPPLIER,STANDARD,5872,KAAA-Directorate of Economic Growth and Neighbourhood Services
RBC Legal Entity,2021/08/27,4588980,257052,LYNX LETTINGS LTD,Guaranteed Rent Scheme,1388.74,Rents,SUPPLIER,STANDARD,5872,KAAA-Directorate of Economic Growth and Neighbourhood Services
RBC Legal Entity,2021/08/27,4589563,257052,LYNX LETTINGS LTD,Guaranteed Rent Scheme,1006.72,Rents,SUPPLIER,STANDARD,5872,KAAA-Directorate of Economic Growth and Neighbourhood Services
RBC Legal Entity,2021/08/27,4589516,257053,MERCEDES SPENCE,Guaranteed Rent Scheme,1006.72,Rents,Landlord,STANDARD,5872,KAAA-Directorate of Economic Growth and Neighbourhood Services
RBC Legal Entity,2021/08/27,4588887,257054,SEAN HEATH,Guaranteed Rent Scheme,694.59,Rents,Landlord,STANDARD,5872,KAAA-Directorate of Economic Growth and Neighbourhood Services
RBC Legal Entity,2021/08/27,4588957,257054,SEAN HEATH,Guaranteed Rent Scheme,694.59,Rents,Landlord,STANDARD,5872,KAAA-Directorate of Economic Growth and Neighbourhood Services
RBC Legal Entity,2021/08/27,4589092,257054,SEAN HEATH,Guaranteed Rent Scheme,880.53,Rents,Landlord,STANDARD,5872,KAAA-Directorate of Economic Growth and Neighbourhood Services
RBC Legal Entity,2021/08/27,4589171,257054,SEAN HEATH,Guaranteed Rent Scheme,694.59,Rents,Landlord,STANDARD,5872,KAAA-Directorate of Economic Growth and Neighbourhood Services
RBC Legal Entity,2021/08/27,4589428,257054,SEAN HEATH,Guaranteed Rent Scheme,880.53,Rents,Landlord,STANDARD,5872,KAAA-Directorate of Economic Growth and Neighbourhood Services
RBC Legal Entity,2021/08/27,4589435,257054,SEAN HEATH,Guaranteed Rent Scheme,694.59,Rents,Landlord,STANDARD,5872,KAAA-Directorate of Economic Growth and Neighbourhood Services
RBC Legal Entity,2021/08/27,4589579,257054,SEAN HEATH,Guaranteed Rent Scheme,694.59,Rents,Landlord,STANDARD,5872,KAAA-Directorate of Economic Growth and Neighbourhood Services
RBC Legal Entity,2021/08/27,4589184,257055,GURINDER SINGH,Guaranteed Rent Scheme,865.8,Rents,SUPPLIER,STANDARD,5872,KAAA-Directorate of Economic Growth and Neighbourhood Services
RBC Legal Entity,2021/08/27,4574344,257056,PENNA PLC,ASC Senior Management Team,8000,Recruitment & Interview Costs,Third Party Supplier,STANDARD,5700,JAAA-Directorate of Social Care and Health Services
RBC Legal Entity,2021/08/27,4587685,257056,PENNA PLC,ASC Senior Management Team,252,Recruitment & Interview Costs,Third Party Supplier,STANDARD,5700,JAAA-Directorate of Social Care and Health Services
RBC Legal Entity,2021/08/27,4587685,257056,PENNA PLC,ASC Senior Management Team,8870,Recruitment & Interview Costs,Third Party Supplier,STANDARD,5700,JAAA-Directorate of Social Care and Health Services
RBC Legal Entity,2021/08/27,4588995,257057,ROSS ERLAM,Guaranteed Rent Scheme,840.58,Rents,SUPPLIER,STANDARD,5872,KAAA-Directorate of Economic Growth and Neighbourhood Services
RBC Legal Entity,2021/08/27,4589222,257058,TERESA HARRIS,Guaranteed Rent Scheme,694.59,Rents,SUPPLIER,STANDARD,5872,KAAA-Directorate of Economic Growth and Neighbourhood Services
RBC Legal Entity,2021/08/27,4589149,257059,MR P C BIDGOOD,Guaranteed Rent Scheme,865.8,Rents,SUPPLIER,STANDARD,5872,KAAA-Directorate of Economic Growth and Neighbourhood Services
RBC Legal Entity,2021/08/27,4588888,257061,JEREMY SIMMONS,Guaranteed Rent Scheme,1006.72,Rents,SUPPLIER,STANDARD,5872,KAAA-Directorate of Economic Growth and Neighbourhood Services
RBC Legal Entity,2021/08/27,4589238,257061,JEREMY SIMMONS,Guaranteed Rent Scheme,1006.72,Rents,SUPPLIER,STANDARD,5872,KAAA-Directorate of Economic Growth and Neighbourhood Services
RBC Legal Entity,2021/08/27,4589239,257061,JEREMY SIMMONS,Guaranteed Rent Scheme,880.53,Rents,SUPPLIER,STANDARD,5872,KAAA-Directorate of Economic Growth and Neighbourhood Services
RBC Legal Entity,2021/08/27,4589476,257063,VOKE PROPERTIES,Guaranteed Rent Scheme,880.53,Rents,Landlord,STANDARD,5872,KAAA-Directorate of Economic Growth and Neighbourhood Services
RBC Legal Entity,2021/08/27,4589112,257064,FRANK MADRAY,Guaranteed Rent Scheme,989.91,Rents,SUPPLIER,STANDARD,5872,KAAA-Directorate of Economic Growth and Neighbourhood Services
RBC Legal Entity,2021/08/27,4589037,257067,NASEEMA CHAWAMA,Guaranteed Rent Scheme,1006.72,Rents,SUPPLIER,STANDARD,5872,KAAA-Directorate of Economic Growth and Neighbourhood Services
RBC Legal Entity,2021/08/27,4589218,257068,DAYLA SINGH,Guaranteed Rent Scheme,682.98,Rents,Landlord,STANDARD,5872,KAAA-Directorate of Economic Growth and Neighbourhood Services
RBC Legal Entity,2021/08/27,4589130,257069,LORNA CLARK,Guaranteed Rent Scheme,880.53,Rents,Landlord,STANDARD,5872,KAAA-Directorate of Economic Growth and Neighbourhood Services
RBC Legal Entity,2021/08/27,4589139,257070,PAULINE CAREY,Guaranteed Rent Scheme,880.53,Rents,Landlord,STANDARD,5872,KAAA-Directorate of Economic Growth and Neighbourhood Services
RBC Legal Entity,2021/08/27,4589225,257071,DANIEL DUNNE & TRUDIE MIDDLETON,Guaranteed Rent Scheme,865.8,Rents,Landlord,STANDARD,5872,KAAA-Directorate of Economic Growth and Neighbourhood Services
RBC Legal Entity,2021/08/27,4589164,257072,GERARD DAVIS,Guaranteed Rent Scheme,1006.72,Rents,Landlord,STANDARD,5872,KAAA-Directorate of Economic Growth and Neighbourhood Services
RBC Legal Entity,2021/08/27,4589155,257073,FINEWAYS PROPERTY LTD,Guaranteed Rent Scheme,1388.74,Rents,Landlord,STANDARD,5872,KAAA-Directorate of Economic Growth and Neighbourhood Services
RBC Legal Entity,2021/08/27,4589205,257073,FINEWAYS PROPERTY LTD,Guaranteed Rent Scheme,650,Rents,Landlord,STANDARD,5872,KAAA-Directorate of Economic Growth and Neighbourhood Services
RBC Legal Entity,2021/08/27,4589235,257073,FINEWAYS PROPERTY LTD,Guaranteed Rent Scheme,694.59,Rents,Landlord,STANDARD,5872,KAAA-Directorate of Economic Growth and Neighbourhood Services
RBC Legal Entity,2021/08/27,4589335,257073,FINEWAYS PROPERTY LTD,Guaranteed Rent Scheme,880.53,Rents,Landlord,STANDARD,5872,KAAA-Directorate of Economic Growth and Neighbourhood Services
RBC Legal Entity,2021/08/27,4589442,257073,FINEWAYS PROPERTY LTD,Guaranteed Rent Scheme,650,Rents,Landlord,STANDARD,5872,KAAA-Directorate of Economic Growth and Neighbourhood Services
RBC Legal Entity,2021/08/27,4589445,257073,FINEWAYS PROPERTY LTD,Guaranteed Rent Scheme,694.59,Rents,Landlord,STANDARD,5872,KAAA-Directorate of Economic Growth and Neighbourhood Services
RBC Legal Entity,2021/08/27,4589510,257073,FINEWAYS PROPERTY LTD,Guaranteed Rent Scheme,650,Rents,Landlord,STANDARD,5872,KAAA-Directorate of Economic Growth and Neighbourhood Services
RBC Legal Entity,2021/08/27,4589556,257073,FINEWAYS PROPERTY LTD,Guaranteed Rent Scheme,880.53,Rents,Landlord,STANDARD,5872,KAAA-Directorate of Economic Growth and Neighbourhood Services
RBC Legal Entity,2021/08/27,4589562,257073,FINEWAYS PROPERTY LTD,Guaranteed Rent Scheme,694.59,Rents,Landlord,STANDARD,5872,KAAA-Directorate of Economic Growth and Neighbourhood Services
RBC Legal Entity,2021/08/27,4589592,257073,FINEWAYS PROPERTY LTD,Guaranteed Rent Scheme,1388.74,Rents,Landlord,STANDARD,5872,KAAA-Directorate of Economic Growth and Neighbourhood Services
RBC Legal Entity,2021/08/27,4589342,257074,RADHA DHARAMDASS-FORTUNE,Guaranteed Rent Scheme,880.53,Rents,Third Party Supplier,STANDARD,5872,KAAA-Directorate of Economic Growth and Neighbourhood Services
RBC Legal Entity,2021/08/27,4589312,257075,GUY BRAZIL,Guaranteed Rent Scheme,694.59,Rents,SUPPLIER,STANDARD,5872,KAAA-Directorate of Economic Growth and Neighbourhood Services
RBC Legal Entity,2021/08/27,4583590,257076,G2 RECRUITMENT SOLUTIONS LTD,Building Control,4.95,Consultancy Fees,SUPPLIER,STANDARD,4701,KAAA-Directorate of Economic Growth and Neighbourhood Services
RBC Legal Entity,2021/08/27,4583590,257076,G2 RECRUITMENT SOLUTIONS LTD,Building Control,5.85,Consultancy Fees,SUPPLIER,STANDARD,4701,KAAA-Directorate of Economic Growth and Neighbourhood Services
RBC Legal Entity,2021/08/27,4583590,257076,G2 RECRUITMENT SOLUTIONS LTD,Building Control,8.55,Consultancy Fees,SUPPLIER,STANDARD,4701,KAAA-Directorate of Economic Growth and Neighbourhood Services
RBC Legal Entity,2021/08/27,4583590,257076,G2 RECRUITMENT SOLUTIONS LTD,Building Control,1125,Consultancy Fees,SUPPLIER,STANDARD,4701,KAAA-Directorate of Economic Growth and Neighbourhood Services
RBC Legal Entity,2021/08/27,4583591,257076,G2 RECRUITMENT SOLUTIONS LTD,Building Control,1412.85,Consultancy Fees,SUPPLIER,STANDARD,4701,KAAA-Directorate of Economic Growth and Neighbourhood Services
RBC Legal Entity,2021/08/27,4589252,257078,RAJINDER SOHPAL,Guaranteed Rent Scheme,682.98,Rents,SUPPLIER,STANDARD,5872,KAAA-Directorate of Economic Growth and Neighbourhood Services
RBC Legal Entity,2021/08/27,4589309,257078,RAJINDER SOHPAL,Guaranteed Rent Scheme,880.53,Rents,SUPPLIER,STANDARD,5872,KAAA-Directorate of Economic Growth and Neighbourhood Services
RBC Legal Entity,2021/08/27,4589498,257078,RAJINDER SOHPAL,Guaranteed Rent Scheme,880.53,Rents,SUPPLIER,STANDARD,5872,KAAA-Directorate of Economic Growth and Neighbourhood Services
RBC Legal Entity,2021/08/27,4589505,257078,RAJINDER SOHPAL,Guaranteed Rent Scheme,880.53,Rents,SUPPLIER,STANDARD,5872,KAAA-Directorate of Economic Growth and Neighbourhood Services
RBC Legal Entity,2021/08/27,4589570,257078,RAJINDER SOHPAL,Guaranteed Rent Scheme,694.59,Rents,SUPPLIER,STANDARD,5872,KAAA-Directorate of Economic Growth and Neighbourhood Services
RBC Legal Entity,2021/08/27,4588900,257079,WOODLEYS ESTATE AGENT,Guaranteed Rent Scheme,989.91,Rents,SUPPLIER,STANDARD,5872,KAAA-Directorate of Economic Growth and Neighbourhood Services
RBC Legal Entity,2021/08/27,4589060,257079,WOODLEYS ESTATE AGENT,Guaranteed Rent Scheme,682.98,Rents,SUPPLIER,STANDARD,5872,KAAA-Directorate of Economic Growth and Neighbourhood Services
RBC Legal Entity,2021/08/27,4589496,257079,WOODLEYS ESTATE AGENT,Guaranteed Rent Scheme,880.53,Rents,SUPPLIER,STANDARD,5872,KAAA-Directorate of Economic Growth and Neighbourhood Services
RBC Legal Entity,2021/08/27,4589511,257079,WOODLEYS ESTATE AGENT,Guaranteed Rent Scheme,880.53,Rents,SUPPLIER,STANDARD,5872,KAAA-Directorate of Economic Growth and Neighbourhood Services
RBC Legal Entity,2021/08/27,4588854,257080,READING LETTINGS,Guaranteed Rent Scheme,694.59,Rents,Landlord,STANDARD,5872,KAAA-Directorate of Economic Growth and Neighbourhood Services
RBC Legal Entity,2021/08/27,4588865,257080,READING LETTINGS,Guaranteed Rent Scheme,694.59,Rents,Landlord,STANDARD,5872,KAAA-Directorate of Economic Growth and Neighbourhood Services
RBC Legal Entity,2021/08/27,4588962,257080,READING LETTINGS,Guaranteed Rent Scheme,865.8,Rents,Landlord,STANDARD,5872,KAAA-Directorate of Economic Growth and Neighbourhood Services
RBC Legal Entity,2021/08/27,4589472,257080,READING LETTINGS,Guaranteed Rent Scheme,1006.72,Rents,Landlord,STANDARD,5872,KAAA-Directorate of Economic Growth and Neighbourhood Services
RBC Legal Entity,2021/08/27,4589540,257080,READING LETTINGS,Guaranteed Rent Scheme,694.59,Rents,Landlord,STANDARD,5872,KAAA-Directorate of Economic Growth and Neighbourhood Services
RBC Legal Entity,2021/08/27,4589091,257081,BRIAN SHARP,Guaranteed Rent Scheme,840.58,Rents,SUPPLIER,STANDARD,5872,KAAA-Directorate of Economic Growth and Neighbourhood Services
RBC Legal Entity,2021/08/27,4589172,257083,ANDREW BOCTOR,Guaranteed Rent Scheme,880.53,Rents,SUPPLIER,STANDARD,5872,KAAA-Directorate of Economic Growth and Neighbourhood Services
RBC Legal Entity,2021/08/27,4589181,257084,PATRICK AND VIVIAN NWEKE,Guaranteed Rent Scheme,1006.72,Rents,Landlord,STANDARD,5872,KAAA-Directorate of Economic Growth and Neighbourhood Services
RBC Legal Entity,2021/08/27,4589157,257085,GEORGE AND JANICE BELL,Guaranteed Rent Scheme,1006.72,Rents,SUPPLIER,STANDARD,5872,KAAA-Directorate of Economic Growth and Neighbourhood Services
RBC Legal Entity,2021/08/27,4589175,257086,PHILLIP HILL,Guaranteed Rent Scheme,865.8,Rents,SUPPLIER,STANDARD,5872,KAAA-Directorate of Economic Growth and Neighbourhood Services
RBC Legal Entity,2021/08/27,4589178,257087,ROBERT WATSON & JAMIE HEPBURN,Guaranteed Rent Scheme,694.59,Rents,SUPPLIER,STANDARD,5872,KAAA-Directorate of Economic Growth and Neighbourhood Services
RBC Legal Entity,2021/08/27,4589192,257089,SIMON GROVES,Guaranteed Rent Scheme,694.59,Rents,SUPPLIER,STANDARD,5872,KAAA-Directorate of Economic Growth and Neighbourhood Services
RBC Legal Entity,2021/08/27,4589197,257090,TAIRA CATON,Guaranteed Rent Scheme,880.53,Rents,SUPPLIER,STANDARD,5872,KAAA-Directorate of Economic Growth and Neighbourhood Services
RBC Legal Entity,2021/08/27,4589199,257091,VARSHA AMIN,Guaranteed Rent Scheme,989.91,Rents,Landlord,STANDARD,5872,KAAA-Directorate of Economic Growth and Neighbourhood Services
RBC Legal Entity,2021/08/27,4589198,257092,CLIFFORD ALMOND,Guaranteed Rent Scheme,682.98,Rents,SUPPLIER,STANDARD,5872,KAAA-Directorate of Economic Growth and Neighbourhood Services
RBC Legal Entity,2021/08/27,4589519,257092,CLIFFORD ALMOND,Guaranteed Rent Scheme,880.53,Rents,SUPPLIER,STANDARD,5872,KAAA-Directorate of Economic Growth and Neighbourhood Services
RBC Legal Entity,2021/08/27,4589202,257093,TREVOR FITZPATRICK-BROWNE,Guaranteed Rent Scheme,682.98,Rents,SUPPLIER,STANDARD,5872,KAAA-Directorate of Economic Growth and Neighbourhood Services
RBC Legal Entity,2021/08/27,4583583,257094,JAMES DOVE,JLT Disbursements,675,Misc. Legal Expenses,Third Party Supplier,STANDARD,2407,LAAA-Directorate of Resources
RBC Legal Entity,2021/08/27,4584170,257094,JAMES DOVE,JLT Disbursements,675,Misc. Legal Expenses,Third Party Supplier,STANDARD,2407,LAAA-Directorate of Resources
RBC Legal Entity,2021/08/27,4588879,257095,CHANEYS CHARTERED SURVEYORS,Guaranteed Rent Scheme,840.58,Rents,SUPPLIER,STANDARD,5872,KAAA-Directorate of Economic Growth and Neighbourhood Services
RBC Legal Entity,2021/08/27,4588909,257095,CHANEYS CHARTERED SURVEYORS,Guaranteed Rent Scheme,840.58,Rents,SUPPLIER,STANDARD,5872,KAAA-Directorate of Economic Growth and Neighbourhood Services
RBC Legal Entity,2021/08/27,4589122,257095,CHANEYS CHARTERED SURVEYORS,Guaranteed Rent Scheme,865.8,Rents,SUPPLIER,STANDARD,5872,KAAA-Directorate of Economic Growth and Neighbourhood Services
RBC Legal Entity,2021/08/27,4589191,257096,WILLIAMS PROPERTY PARTNERSHIP,Guaranteed Rent Scheme,880.53,Rents,SUPPLIER,STANDARD,5872,KAAA-Directorate of Economic Growth and Neighbourhood Services
RBC Legal Entity,2021/08/27,4589029,257097,STEPHEN DORSEY,Guaranteed Rent Scheme,1365.52,Rents,Third Party Supplier,STANDARD,5872,KAAA-Directorate of Economic Growth and Neighbourhood Services
RBC Legal Entity,2021/08/27,4589423,257097,STEPHEN DORSEY,Guaranteed Rent Scheme,694.59,Rents,Third Party Supplier,STANDARD,5872,KAAA-Directorate of Economic Growth and Neighbourhood Services
RBC Legal Entity,2021/08/27,4589456,257097,STEPHEN DORSEY,Guaranteed Rent Scheme,694.59,Rents,Third Party Supplier,STANDARD,5872,KAAA-Directorate of Economic Growth and Neighbourhood Services
RBC Legal Entity,2021/08/27,4588818,257098,MARTYN GRANT,Guaranteed Rent Scheme,694.59,Rents,SUPPLIER,STANDARD,5872,KAAA-Directorate of Economic Growth and Neighbourhood Services
RBC Legal Entity,2021/08/27,4588862,257099,JAY JONES,Guaranteed Rent Scheme,1006.72,Rents,SUPPLIER,STANDARD,5872,KAAA-Directorate of Economic Growth and Neighbourhood Services
RBC Legal Entity,2021/08/27,4589059,257100,KOFI APPAU,Guaranteed Rent Scheme,880.53,Rents,SUPPLIER,STANDARD,5872,KAAA-Directorate of Economic Growth and Neighbourhood Services
RBC Legal Entity,2021/08/27,4588820,257101,MARK & VENERA YOUNG,Guaranteed Rent Scheme,880.53,Rents,SUPPLIER,STANDARD,5872,KAAA-Directorate of Economic Growth and Neighbourhood Services
RBC Legal Entity,2021/08/27,4589011,257101,MARK & VENERA YOUNG,Guaranteed Rent Scheme,880.53,Rents,SUPPLIER,STANDARD,5872,KAAA-Directorate of Economic Growth and Neighbourhood Services
RBC Legal Entity,2021/08/27,4588822,257102,MAYFAIR PROPERTIES,Guaranteed Rent Scheme,880.53,Rents,SUPPLIER,STANDARD,5872,KAAA-Directorate of Economic Growth and Neighbourhood Services
RBC Legal Entity,2021/08/27,4589133,257102,MAYFAIR PROPERTIES,Guaranteed Rent Scheme,1388.74,Rents,SUPPLIER,STANDARD,5872,KAAA-Directorate of Economic Growth and Neighbourhood Services
RBC Legal Entity,2021/08/27,4589307,257102,MAYFAIR PROPERTIES,Guaranteed Rent Scheme,1388.74,Rents,SUPPLIER,STANDARD,5872,KAAA-Directorate of Economic Growth and Neighbourhood Services
RBC Legal Entity,2021/08/27,4589085,257103,LEE & HANNAH VOCKINS,Guaranteed Rent Scheme,1006.72,Rents,SUPPLIER,STANDARD,5872,KAAA-Directorate of Economic Growth and Neighbourhood Services
RBC Legal Entity,2021/08/27,4588967,257104,JOANNE ASKIN,Guaranteed Rent Scheme,880.53,Rents,SUPPLIER,STANDARD,5872,KAAA-Directorate of Economic Growth and Neighbourhood Services
RBC Legal Entity,2021/08/27,4589360,257105,LISA & MARTIN PERRIN,Guaranteed Rent Scheme,880.53,Rents,SUPPLIER,STANDARD,5872,KAAA-Directorate of Economic Growth and Neighbourhood Services
RBC Legal Entity,2021/08/27,4589318,257106,HADI & MUBARKA MEHTA,Guaranteed Rent Scheme,1006.72,Rents,SUPPLIER,STANDARD,5872,KAAA-Directorate of Economic Growth and Neighbourhood Services
RBC Legal Entity,2021/08/27,4589236,257107,MITCHELL AND JOANNE TOWNSEND,Guaranteed Rent Scheme,1006.72,Rents,SUPPLIER,STANDARD,5872,KAAA-Directorate of Economic Growth and Neighbourhood Services
RBC Legal Entity,2021/08/27,4589207,257108,MATILDA MANHARDT,Guaranteed Rent Scheme,1006.72,Rents,SUPPLIER,STANDARD,5872,KAAA-Directorate of Economic Growth and Neighbourhood Services
RBC Legal Entity,2021/08/27,4589201,257109,SHIRU WU,Guaranteed Rent Scheme,1006.72,Rents,SUPPLIER,STANDARD,5872,KAAA-Directorate of Economic Growth and Neighbourhood Services
RBC Legal Entity,2021/08/27,4589213,257110,MCM REAL ESTATE VENTURES LTD,Guaranteed Rent Scheme,1388.74,Rents,SUPPLIER,STANDARD,5872,KAAA-Directorate of Economic Growth and Neighbourhood Services
RBC Legal Entity,2021/08/27,4589206,257111,STEPHEN ROSE,Guaranteed Rent Scheme,1388.74,Rents,SUPPLIER,STANDARD,5872,KAAA-Directorate of Economic Growth and Neighbourhood Services
RBC Legal Entity,2021/08/27,4589216,257112,MR RICHARD GRAHAM,Guaranteed Rent Scheme,1006.72,Rents,SUPPLIER,STANDARD,5872,KAAA-Directorate of Economic Growth and Neighbourhood Services
RBC Legal Entity,2021/08/27,4589169,257114,RUKHSANA BUTT,Guaranteed Rent Scheme,880.53,Rents,SUPPLIER,STANDARD,5872,KAAA-Directorate of Economic Growth and Neighbourhood Services
RBC Legal Entity,2021/08/27,4589232,257115,CHILD AND CO,Guaranteed Rent Scheme,880.53,Rents,SUPPLIER,STANDARD,5872,KAAA-Directorate of Economic Growth and Neighbourhood Services
RBC Legal Entity,2021/08/27,4589231,257116,DARYL ALLEYNE,Guaranteed Rent Scheme,694.59,Rents,SUPPLIER,STANDARD,5872,KAAA-Directorate of Economic Growth and Neighbourhood Services
RBC Legal Entity,2021/08/27,4589224,257117,JUDRIN PHILLIPS,Guaranteed Rent Scheme,989.91,Rents,SUPPLIER,STANDARD,5872,KAAA-Directorate of Economic Growth and Neighbourhood Services
RBC Legal Entity,2021/08/27,4589226,257118,ALLEN YOUNG,Guaranteed Rent Scheme,682.98,Rents,SUPPLIER,STANDARD,5872,KAAA-Directorate of Economic Growth and Neighbourhood Services
RBC Legal Entity,2021/08/27,4588824,257120,E VAN DER KAMP & S BLAKENEY,Guaranteed Rent Scheme,1006.72,Rents,SUPPLIER,STANDARD,5872,KAAA-Directorate of Economic Growth and Neighbourhood Services
RBC Legal Entity,2021/08/27,4588977,257121,NIGEL & ELIANA SYDES,Guaranteed Rent Scheme,663.08,Rents,SUPPLIER,STANDARD,5872,KAAA-Directorate of Economic Growth and Neighbourhood Services
RBC Legal Entity,2021/08/27,4588961,257122,AQSA QURESHI,Guaranteed Rent Scheme,1006.72,Rents,SUPPLIER,STANDARD,5872,KAAA-Directorate of Economic Growth and Neighbourhood Services
RBC Legal Entity,2021/08/27,4589025,257122,AQSA QURESHI,Guaranteed Rent Scheme,880.53,Rents,SUPPLIER,STANDARD,5872,KAAA-Directorate of Economic Growth and Neighbourhood Services
RBC Legal Entity,2021/08/27,4588827,257123,EDWARD BATSON,Guaranteed Rent Scheme,1006.72,Rents,SUPPLIER,STANDARD,5872,KAAA-Directorate of Economic Growth and Neighbourhood Services
RBC Legal Entity,2021/08/27,4588866,257124,MICHELLE BOYLAN,Guaranteed Rent Scheme,1006.72,Rents,SUPPLIER,STANDARD,5872,KAAA-Directorate of Economic Growth and Neighbourhood Services
RBC Legal Entity,2021/08/27,4589362,257125,SHAHIN GULAMALI,Guaranteed Rent Scheme,694.59,Rents,SUPPLIER,STANDARD,5872,KAAA-Directorate of Economic Growth and Neighbourhood Services
RBC Legal Entity,2021/08/27,4589150,257126,JASON METHVEN,Guaranteed Rent Scheme,694.59,Rents,SUPPLIER,STANDARD,5872,KAAA-Directorate of Economic Growth and Neighbourhood Services
RBC Legal Entity,2021/08/27,4589407,257126,JASON METHVEN,Guaranteed Rent Scheme,694.59,Rents,SUPPLIER,STANDARD,5872,KAAA-Directorate of Economic Growth and Neighbourhood Services
RBC Legal Entity,2021/08/27,4589559,257126,JASON METHVEN,Guaranteed Rent Scheme,694.59,Rents,SUPPLIER,STANDARD,5872,KAAA-Directorate of Economic Growth and Neighbourhood Services
RBC Legal Entity,2021/08/27,4585972,257127,PILON LTD,Planned Maintenance Trades,19531.97,Subcontractors Labour,SUB-CONTRACTOR,STANDARD,4040,KAAA-Directorate of Economic Growth and Neighbourhood Services
RBC Legal Entity,2021/08/27,4589014,257128,NIGEL BISH,Guaranteed Rent Scheme,980.91,Rents,Landlord,STANDARD,5872,KAAA-Directorate of Economic Growth and Neighbourhood Services
RBC Legal Entity,2021/08/27,4588833,257129,MARTIN JOHN PRODGER,Guaranteed Rent Scheme,1388.74,Rents,SUPPLIER,STANDARD,5872,KAAA-Directorate of Economic Growth and Neighbourhood Services
RBC Legal Entity,2021/08/27,4588830,257130,JAMES MILLER,Guaranteed Rent Scheme,880.53,Rents,SUPPLIER,STANDARD,5872,KAAA-Directorate of Economic Growth and Neighbourhood Services
RBC Legal Entity,2021/08/27,4589259,257132,AF PROPERTY LTD,Guaranteed Rent Scheme,989.91,Rents,SUPPLIER,STANDARD,5872,KAAA-Directorate of Economic Growth and Neighbourhood Services
RBC Legal Entity,2021/08/27,4589217,257135,STRAWBERRY HILL INVESTMENTS,Guaranteed Rent Scheme,682.98,Rents,SUPPLIER,STANDARD,5872,KAAA-Directorate of Economic Growth and Neighbourhood Services
RBC Legal Entity,2021/08/27,4589283,257136,MICHAEL HOLT,Guaranteed Rent Scheme,1388.74,Rents,SUPPLIER,STANDARD,5872,KAAA-Directorate of Economic Growth and Neighbourhood Services
RBC Legal Entity,2021/08/27,4589261,257137,SUCHETA MULLICK,Guaranteed Rent Scheme,880.53,Rents,SUPPLIER,STANDARD,5872,KAAA-Directorate of Economic Growth and Neighbourhood Services
RBC Legal Entity,2021/08/27,4589277,257138,LINDA CARADINE,Guaranteed Rent Scheme,682.98,Rents,SUPPLIER,STANDARD,5872,KAAA-Directorate of Economic Growth and Neighbourhood Services
RBC Legal Entity,2021/08/27,4589237,257139,RAMI MURSI,Guaranteed Rent Scheme,880.53,Rents,SUPPLIER,STANDARD,5872,KAAA-Directorate of Economic Growth and Neighbourhood Services
RBC Legal Entity,2021/08/27,4589267,257140,SUSAN BAKER,Guaranteed Rent Scheme,1388.74,Rents,SUPPLIER,STANDARD,5872,KAAA-Directorate of Economic Growth and Neighbourhood Services
RBC Legal Entity,2021/08/27,4589272,257141,MELODIE CHILD & DANIEL GRIFFITH,Guaranteed Rent Scheme,865.8,Rents,SUPPLIER,STANDARD,5872,KAAA-Directorate of Economic Growth and Neighbourhood Services
RBC Legal Entity,2021/08/27,4589593,257141,MELODIE CHILD & DANIEL GRIFFITH,Guaranteed Rent Scheme,580.57,Rents,SUPPLIER,STANDARD,5872,KAAA-Directorate of Economic Growth and Neighbourhood Services
RBC Legal Entity,2021/08/27,4589594,257141,MELODIE CHILD & DANIEL GRIFFITH,Guaranteed Rent Scheme,580.57,Rents,SUPPLIER,STANDARD,5872,KAAA-Directorate of Economic Growth and Neighbourhood Services
RBC Legal Entity,2021/08/27,4589279,257142,EURETTA HUTCHINSON,Guaranteed Rent Scheme,865.8,Rents,SUPPLIER,STANDARD,5872,KAAA-Directorate of Economic Growth and Neighbourhood Services
RBC Legal Entity,2021/08/27,4589560,257142,EURETTA HUTCHINSON,Guaranteed Rent Scheme,1006.72,Rents,SUPPLIER,STANDARD,5872,KAAA-Directorate of Economic Growth and Neighbourhood Services
RBC Legal Entity,2021/08/27,4589274,257143,ROSE MENEZES,Guaranteed Rent Scheme,1388.74,Rents,SUPPLIER,STANDARD,5872,KAAA-Directorate of Economic Growth and Neighbourhood Services
RBC Legal Entity,2021/08/27,4588834,257144,SIOBHAN SANCTUARY,Guaranteed Rent Scheme,1365.52,Rents,SUPPLIER,STANDARD,5872,KAAA-Directorate of Economic Growth and Neighbourhood Services
RBC Legal Entity,2021/08/27,4589084,257144,SIOBHAN SANCTUARY,Guaranteed Rent Scheme,961.09,Rents,SUPPLIER,STANDARD,5872,KAAA-Directorate of Economic Growth and Neighbourhood Services
RBC Legal Entity,2021/08/27,4589048,257145,ANDREW WILKINSON,Guaranteed Rent Scheme,880.53,Rents,SUPPLIER,STANDARD,5872,KAAA-Directorate of Economic Growth and Neighbourhood Services
RBC Legal Entity,2021/08/27,4588836,257146,SHING HEUNG,Guaranteed Rent Scheme,694.59,Rents,SUPPLIER,STANDARD,5872,KAAA-Directorate of Economic Growth and Neighbourhood Services
RBC Legal Entity,2021/08/27,4589387,257147,RUTH KINYANJUI,Guaranteed Rent Scheme,880.53,Rents,SUPPLIER,STANDARD,5872,KAAA-Directorate of Economic Growth and Neighbourhood Services
RBC Legal Entity,2021/08/27,4588837,257148,JEREMY SIMMONS & STEFAN WASYLCIW,Guaranteed Rent Scheme,1006.72,Rents,Landlord,STANDARD,5872,KAAA-Directorate of Economic Growth and Neighbourhood Services
RBC Legal Entity,2021/08/27,4588886,257148,JEREMY SIMMONS & STEFAN WASYLCIW,Guaranteed Rent Scheme,694.59,Rents,Landlord,STANDARD,5872,KAAA-Directorate of Economic Growth and Neighbourhood Services
RBC Legal Entity,2021/08/27,4588921,257148,JEREMY SIMMONS & STEFAN WASYLCIW,Guaranteed Rent Scheme,880,Rents,Landlord,STANDARD,5872,KAAA-Directorate of Economic Growth and Neighbourhood Services
RBC Legal Entity,2021/08/27,4589028,257148,JEREMY SIMMONS & STEFAN WASYLCIW,Guaranteed Rent Scheme,880.53,Rents,Landlord,STANDARD,5872,KAAA-Directorate of Economic Growth and Neighbourhood Services
RBC Legal Entity,2021/08/27,4589100,257149,DEEPAK GILL,Guaranteed Rent Scheme,880.53,Rents,SUPPLIER,STANDARD,5872,KAAA-Directorate of Economic Growth and Neighbourhood Services
RBC Legal Entity,2021/08/27,4589320,257149,DEEPAK GILL,Guaranteed Rent Scheme,880.53,Rents,SUPPLIER,STANDARD,5872,KAAA-Directorate of Economic Growth and Neighbourhood Services
RBC Legal Entity,2021/08/27,4588838,257150,MICHAEL & PAULINE MILLER,Guaranteed Rent Scheme,880.53,Rents,SUPPLIER,STANDARD,5872,KAAA-Directorate of Economic Growth and Neighbourhood Services
RBC Legal Entity,2021/08/27,4588839,257151,KAY REEVE,Guaranteed Rent Scheme,1006.72,Rents,SUPPLIER,STANDARD,5872,KAAA-Directorate of Economic Growth and Neighbourhood Services
RBC Legal Entity,2021/08/27,4589281,257152,GRAHAM BYRNE,Guaranteed Rent Scheme,865.8,Rents,SUPPLIER,STANDARD,5872,KAAA-Directorate of Economic Growth and Neighbourhood Services
RBC Legal Entity,2021/08/27,4589282,257153,KRISTINE ALLEN,Guaranteed Rent Scheme,989.91,Rents,SUPPLIER,STANDARD,5872,KAAA-Directorate of Economic Growth and Neighbourhood Services
RBC Legal Entity,2021/08/27,4589288,257154,JADE & ELLIOTT BROWN,Guaranteed Rent Scheme,865.8,Rents,SUPPLIER,STANDARD,5872,KAAA-Directorate of Economic Growth and Neighbourhood Services
RBC Legal Entity,2021/08/27,4589289,257155,EDWARD MCGREEVY,Guaranteed Rent Scheme,682.98,Rents,SUPPLIER,STANDARD,5872,KAAA-Directorate of Economic Growth and Neighbourhood Services
RBC Legal Entity,2021/08/27,4589300,257156,SHARON AND ROYDEL ROBINSON,Guaranteed Rent Scheme,1006.72,Rents,SUPPLIER,STANDARD,5872,KAAA-Directorate of Economic Growth and Neighbourhood Services
RBC Legal Entity,2021/08/27,4589292,257157,TONI HENDERSON,Guaranteed Rent Scheme,694.59,Rents,SUPPLIER,STANDARD,5872,KAAA-Directorate of Economic Growth and Neighbourhood Services
RBC Legal Entity,2021/08/27,4589293,257157,TONI HENDERSON,Guaranteed Rent Scheme,694.59,Rents,SUPPLIER,STANDARD,5872,KAAA-Directorate of Economic Growth and Neighbourhood Services
RBC Legal Entity,2021/08/27,4589295,257158,MARIANNE IBRAHIM,Guaranteed Rent Scheme,1006.72,Rents,Landlord,STANDARD,5872,KAAA-Directorate of Economic Growth and Neighbourhood Services
RBC Legal Entity,2021/08/27,4589294,257159,JULIE HOGAN,Guaranteed Rent Scheme,682.98,Rents,SUPPLIER,STANDARD,5872,KAAA-Directorate of Economic Growth and Neighbourhood Services
RBC Legal Entity,2021/08/27,4589298,257160,PETER SMITH,Guaranteed Rent Scheme,694.59,Rents,SUPPLIER,STANDARD,5872,KAAA-Directorate of Economic Growth and Neighbourhood Services
RBC Legal Entity,2021/08/27,4589548,257161,MISCHA TYTEL,Guaranteed Rent Scheme,694.59,Rents,SUPPLIER,STANDARD,5872,KAAA-Directorate of Economic Growth and Neighbourhood Services
RBC Legal Entity,2021/08/27,4589315,257162,SUMANA SEEBORUTH,Guaranteed Rent Scheme,1006.72,Rents,SUPPLIER,STANDARD,5872,KAAA-Directorate of Economic Growth and Neighbourhood Services
RBC Legal Entity,2021/08/27,4589319,257163,ANDREW BYNOE AND DENNY LEWIS-BYNOE,Guaranteed Rent Scheme,880.53,Rents,SUPPLIER,STANDARD,5872,KAAA-Directorate of Economic Growth and Neighbourhood Services
RBC Legal Entity,2021/08/27,4589311,257164,RICHARD GRAHAM AND EMMA GRAHAM,Guaranteed Rent Scheme,880.53,Rents,SUPPLIER,STANDARD,5872,KAAA-Directorate of Economic Growth and Neighbourhood Services
RBC Legal Entity,2021/08/27,4588918,257165,MIKE COTTER,Guaranteed Rent Scheme,1388.74,Rents,SUPPLIER,STANDARD,5872,KAAA-Directorate of Economic Growth and Neighbourhood Services
RBC Legal Entity,2021/08/27,4588841,257166,HANNAH WATSON-TOFT,Guaranteed Rent Scheme,1006.72,Rents,SUPPLIER,STANDARD,5872,KAAA-Directorate of Economic Growth and Neighbourhood Services
RBC Legal Entity,2021/08/27,4588880,257166,HANNAH WATSON-TOFT,Guaranteed Rent Scheme,1006.72,Rents,SUPPLIER,STANDARD,5872,KAAA-Directorate of Economic Growth and Neighbourhood Services
RBC Legal Entity,2021/08/27,4588925,257167,BRIJINDER & SUNITA ARJUNA,Guaranteed Rent Scheme,880.53,Rents,SUPPLIER,STANDARD,5872,KAAA-Directorate of Economic Growth and Neighbourhood Services
RBC Legal Entity,2021/08/27,4589142,257168,IAN BADCOCK & PETER KIDD,Guaranteed Rent Scheme,865.8,Rents,SUPPLIER,STANDARD,5872,KAAA-Directorate of Economic Growth and Neighbourhood Services
RBC Legal Entity,2021/08/27,4588847,257169,POLLY & NIGEL TUCKER,Guaranteed Rent Scheme,880.53,Rents,SUPPLIER,STANDARD,5872,KAAA-Directorate of Economic Growth and Neighbourhood Services
RBC Legal Entity,2021/08/27,4589383,257169,POLLY & NIGEL TUCKER,Guaranteed Rent Scheme,880.53,Rents,SUPPLIER,STANDARD,5872,KAAA-Directorate of Economic Growth and Neighbourhood Services
RBC Legal Entity,2021/08/27,4588848,257170,LISA DE BORJA,Guaranteed Rent Scheme,880.53,Rents,SUPPLIER,STANDARD,5872,KAAA-Directorate of Economic Growth and Neighbourhood Services
RBC Legal Entity,2021/08/27,4589245,257170,LISA DE BORJA,Guaranteed Rent Scheme,880.53,Rents,SUPPLIER,STANDARD,5872,KAAA-Directorate of Economic Growth and Neighbourhood Services
RBC Legal Entity,2021/08/27,4588912,257171,JEMP LLP,Guaranteed Rent Scheme,880.53,Rents,Landlord,STANDARD,5872,KAAA-Directorate of Economic Growth and Neighbourhood Services
RBC Legal Entity,2021/08/27,4588937,257172,CLIFF WALLER,Guaranteed Rent Scheme,816.1,Rents,SUPPLIER,STANDARD,5872,KAAA-Directorate of Economic Growth and Neighbourhood Services
RBC Legal Entity,2021/08/27,4588296,257173,SYLVIANCARE LTD,PS Acquired Community Services,1596,Purchased Care,Third Party Supplier,STANDARD,5771,JAAA-Directorate of Social Care and Health Services
RBC Legal Entity,2021/08/27,4588297,257173,SYLVIANCARE LTD,PS Acquired Community Services,845.5,Purchased Care,Third Party Supplier,STANDARD,5771,JAAA-Directorate of Social Care and Health Services
RBC Legal Entity,2021/08/27,4588846,257174,CHRISTINE O'NEIL,Guaranteed Rent Scheme,840.58,Rents,SUPPLIER,STANDARD,5872,KAAA-Directorate of Economic Growth and Neighbourhood Services
RBC Legal Entity,2021/08/27,4588857,257175,ROSALIND SIMMONS & POLLY TUCKER,Guaranteed Rent Scheme,880.53,Rents,SUPPLIER,STANDARD,5872,KAAA-Directorate of Economic Growth and Neighbourhood Services
RBC Legal Entity,2021/08/27,4588917,257176,MEDACCO LTD,Guaranteed Rent Scheme,694.59,Rents,SUPPLIER,STANDARD,5872,KAAA-Directorate of Economic Growth and Neighbourhood Services
RBC Legal Entity,2021/08/27,4588928,257176,MEDACCO LTD,Guaranteed Rent Scheme,694.59,Rents,SUPPLIER,STANDARD,5872,KAAA-Directorate of Economic Growth and Neighbourhood Services
RBC Legal Entity,2021/08/27,4589075,257176,MEDACCO LTD,Guaranteed Rent Scheme,694.59,Rents,SUPPLIER,STANDARD,5872,KAAA-Directorate of Economic Growth and Neighbourhood Services
RBC Legal Entity,2021/08/27,4589088,257176,MEDACCO LTD,Guaranteed Rent Scheme,694.59,Rents,SUPPLIER,STANDARD,5872,KAAA-Directorate of Economic Growth and Neighbourhood Services
RBC Legal Entity,2021/08/27,4589382,257176,MEDACCO LTD,Guaranteed Rent Scheme,694.59,Rents,SUPPLIER,STANDARD,5872,KAAA-Directorate of Economic Growth and Neighbourhood Services
RBC Legal Entity,2021/08/27,4589468,257176,MEDACCO LTD,Guaranteed Rent Scheme,694.59,Rents,SUPPLIER,STANDARD,5872,KAAA-Directorate of Economic Growth and Neighbourhood Services
RBC Legal Entity,2021/08/27,4589381,257177,PRIYA SAJU KANNATH,Guaranteed Rent Scheme,1006.72,Rents,SUPPLIER,STANDARD,5872,KAAA-Directorate of Economic Growth and Neighbourhood Services
RBC Legal Entity,2021/08/27,4589314,257178,ADAM PERRYMAN,Guaranteed Rent Scheme,694.59,Rents,SUPPLIER,STANDARD,5872,KAAA-Directorate of Economic Growth and Neighbourhood Services
RBC Legal Entity,2021/08/27,4589343,257179,HOMES COUNTRYWIDE LTD,Guaranteed Rent Scheme,1388.74,Rents,SUPPLIER,STANDARD,5872,KAAA-Directorate of Economic Growth and Neighbourhood Services
RBC Legal Entity,2021/08/27,4589227,257180,GEORGI PRODANOV,Guaranteed Rent Scheme,880.53,Rents,SUPPLIER,STANDARD,5872,KAAA-Directorate of Economic Growth and Neighbourhood Services
RBC Legal Entity,2021/08/27,4589379,257181,BHARAT & ANANT THAKRAR,Guaranteed Rent Scheme,877.47,Rents,SUPPLIER,STANDARD,5872,KAAA-Directorate of Economic Growth and Neighbourhood Services
RBC Legal Entity,2021/08/27,4589403,257182,ANDREW SEARS,Guaranteed Rent Scheme,880.53,Rents,SUPPLIER,STANDARD,5872,KAAA-Directorate of Economic Growth and Neighbourhood Services
RBC Legal Entity,2021/08/27,4589350,257183,DEBORAH COURTNAGE,Guaranteed Rent Scheme,1006.72,Rents,SUPPLIER,STANDARD,5872,KAAA-Directorate of Economic Growth and Neighbourhood Services
RBC Legal Entity,2021/08/27,4589326,257184,MARC VAN ACKER + FABRICE GHIOTTO,Guaranteed Rent Scheme,694.59,Rents,SUPPLIER,STANDARD,5872,KAAA-Directorate of Economic Growth and Neighbourhood Services
RBC Legal Entity,2021/08/27,4589324,257185,ZOE WAREHAM,Guaranteed Rent Scheme,694.59,Rents,SUPPLIER,STANDARD,5872,KAAA-Directorate of Economic Growth and Neighbourhood Services
RBC Legal Entity,2021/08/27,4589545,257186,SARDAR HAYAT,Guaranteed Rent Scheme,1388.74,Rents,SUPPLIER,STANDARD,5872,KAAA-Directorate of Economic Growth and Neighbourhood Services
RBC Legal Entity,2021/08/27,4589339,257187,GEMMA & JOE BEAZLEY,Guaranteed Rent Scheme,880.53,Rents,SUPPLIER,STANDARD,5872,KAAA-Directorate of Economic Growth and Neighbourhood Services
RBC Legal Entity,2021/08/27,4589359,257188,ESINAM MIZEN,Guaranteed Rent Scheme,1388.74,Rents,SUPPLIER,STANDARD,5872,KAAA-Directorate of Economic Growth and Neighbourhood Services
RBC Legal Entity,2021/08/27,4589223,257190,MEAD PROPERTY MANAGEMENT,Guaranteed Rent Scheme,865.8,Rents,SUPPLIER,STANDARD,5872,KAAA-Directorate of Economic Growth and Neighbourhood Services
RBC Legal Entity,2021/08/27,4588852,257192,GARRY & TERESA SOUTHERN,Guaranteed Rent Scheme,840.58,Rents,Landlord,STANDARD,5872,KAAA-Directorate of Economic Growth and Neighbourhood Services
RBC Legal Entity,2021/08/27,4588870,257193,TIMOTHY LANGDALE,Guaranteed Rent Scheme,1388.74,Rents,SUPPLIER,STANDARD,5872,KAAA-Directorate of Economic Growth and Neighbourhood Services
RBC Legal Entity,2021/08/27,4588856,257194,VICTORIA EDWARDS,Guaranteed Rent Scheme,663.08,Rents,SUPPLIER,STANDARD,5872,KAAA-Directorate of Economic Growth and Neighbourhood Services
RBC Legal Entity,2021/08/27,4588853,257195,PAUL & BRENDA DOYLE,Guaranteed Rent Scheme,961.09,Rents,SUPPLIER,STANDARD,5872,KAAA-Directorate of Economic Growth and Neighbourhood Services
RBC Legal Entity,2021/08/27,4588855,257196,JAMES & TERESA WARD,Guaranteed Rent Scheme,1006.72,Rents,SUPPLIER,STANDARD,5872,KAAA-Directorate of Economic Growth and Neighbourhood Services
RBC Legal Entity,2021/08/27,4588891,257197,ANTHONY ROE,Guaranteed Rent Scheme,1365.52,Rents,SUPPLIER,STANDARD,5872,KAAA-Directorate of Economic Growth and Neighbourhood Services
RBC Legal Entity,2021/08/27,4589031,257197,ANTHONY ROE,Guaranteed Rent Scheme,663.08,Rents,SUPPLIER,STANDARD,5872,KAAA-Directorate of Economic Growth and Neighbourhood Services
RBC Legal Entity,2021/08/27,4589557,257197,ANTHONY ROE,Guaranteed Rent Scheme,880.53,Rents,SUPPLIER,STANDARD,5872,KAAA-Directorate of Economic Growth and Neighbourhood Services
RBC Legal Entity,2021/08/27,4588996,257198,DR ALAN BULLOCK,Guaranteed Rent Scheme,880.53,Rents,SUPPLIER,STANDARD,5872,KAAA-Directorate of Economic Growth and Neighbourhood Services
RBC Legal Entity,2021/08/27,4588859,257199,MARK WATTON,Guaranteed Rent Scheme,816.1,Rents,SUPPLIER,STANDARD,5872,KAAA-Directorate of Economic Growth and Neighbourhood Services
RBC Legal Entity,2021/08/27,4588858,257200,JASON & SCOTT LONDON,Guaranteed Rent Scheme,816.1,Rents,SUPPLIER,STANDARD,5872,KAAA-Directorate of Economic Growth and Neighbourhood Services
RBC Legal Entity,2021/08/27,4588867,257201,PETER DAY,Guaranteed Rent Scheme,694.59,Rents,SUPPLIER,STANDARD,5872,KAAA-Directorate of Economic Growth and Neighbourhood Services
RBC Legal Entity,2021/08/27,4588993,257201,PETER DAY,Guaranteed Rent Scheme,694.59,Rents,SUPPLIER,STANDARD,5872,KAAA-Directorate of Economic Growth and Neighbourhood Services
RBC Legal Entity,2021/08/27,4588864,257202,OAKCOT LTD,Guaranteed Rent Scheme,663.08,Rents,Third Party Supplier,STANDARD,5872,KAAA-Directorate of Economic Growth and Neighbourhood Services
RBC Legal Entity,2021/08/27,4589566,257202,OAKCOT LTD,Guaranteed Rent Scheme,880.53,Rents,Third Party Supplier,STANDARD,5872,KAAA-Directorate of Economic Growth and Neighbourhood Services
RBC Legal Entity,2021/08/27,4589340,257203,SYLVIA AND MICHAEL GEEVES,Guaranteed Rent Scheme,1006.72,Rents,SUPPLIER,STANDARD,5872,KAAA-Directorate of Economic Growth and Neighbourhood Services
RBC Legal Entity,2021/08/27,4589363,257204,KANWALBIR GILL,Guaranteed Rent Scheme,880.53,Rents,SUPPLIER,STANDARD,5872,KAAA-Directorate of Economic Growth and Neighbourhood Services
RBC Legal Entity,2021/08/27,4589351,257206,QUEEN VICTORIA INSTITUTE,Guaranteed Rent Scheme,694.59,Rents,Landlord,STANDARD,5872,KAAA-Directorate of Economic Growth and Neighbourhood Services
RBC Legal Entity,2021/08/27,4589567,257207,SATISH KOCHHAR,Guaranteed Rent Scheme,694.59,Rents,Direct Payments,STANDARD,5872,KAAA-Directorate of Economic Growth and Neighbourhood Services
RBC Legal Entity,2021/08/27,4589352,257208,KAREN O'LEARY,Guaranteed Rent Scheme,880.53,Rents,SUPPLIER,STANDARD,5872,KAAA-Directorate of Economic Growth and Neighbourhood Services
RBC Legal Entity,2021/08/27,4589373,257209,RATNA GHOSH,Guaranteed Rent Scheme,880.53,Rents,SUPPLIER,STANDARD,5872,KAAA-Directorate of Economic Growth and Neighbourhood Services
RBC Legal Entity,2021/08/27,4589353,257210,RAJENDRA SHAH,Guaranteed Rent Scheme,880.53,Rents,SUPPLIER,STANDARD,5872,KAAA-Directorate of Economic Growth and Neighbourhood Services
RBC Legal Entity,2021/08/27,4589105,257211,JOSEPH SESAY,Guaranteed Rent Scheme,1006.72,Rents,SUPPLIER,STANDARD,5872,KAAA-Directorate of Economic Growth and Neighbourhood Services
RBC Legal Entity,2021/08/27,4589354,257212,CHRISTOPHER DEAN,Guaranteed Rent Scheme,694.59,Rents,SUPPLIER,STANDARD,5872,KAAA-Directorate of Economic Growth and Neighbourhood Services
RBC Legal Entity,2021/08/27,4589384,257213,WILLIAMS PROPERTY PARTNERSHIP,Guaranteed Rent Scheme,880.53,Rents,SUPPLIER,STANDARD,5872,KAAA-Directorate of Economic Growth and Neighbourhood Services
RBC Legal Entity,2021/08/27,4589410,257215,GILLS ESTATES,Guaranteed Rent Scheme,694.59,Rents,SUPPLIER,STANDARD,5872,KAAA-Directorate of Economic Growth and Neighbourhood Services
RBC Legal Entity,2021/08/31,4588787,257219,OVO (S) GAS LIMITED T/A SSE ATLANTIC,Repairs,963.5,Minor Voids,Third Party Supplier,STANDARD,5970,HAAA-Housing Revenue Account
RBC Legal Entity,2021/08/31,4584374,257221,ACCORA LTD,ASC Short Term Team,1883,Aids + Appliances,Third Party Supplier,STANDARD,5722,JAAA-Directorate of Social Care and Health Services
RBC Legal Entity,2021/08/31,4585259,257222,DR RASHAD NAWAZ,JLT Disbursements,540,Misc. Legal Expenses,INDIVIDUAL,STANDARD,2407,LAAA-Directorate of Resources
RBC Legal Entity,2021/08/31,4585260,257222,DR RASHAD NAWAZ,JLT Disbursements,513,Misc. Legal Expenses,INDIVIDUAL,STANDARD,2407,LAAA-Directorate of Resources
RBC Legal Entity,2021/08/31,4584318,257223,INSTARMAC GROUP PLC,Highways,1366.2,Materials Direct,SUPPLIER,STANDARD,4252,KAAA-Directorate of Economic Growth and Neighbourhood Services
RBC Legal Entity,2021/08/31,4584151,257226,M&R SERVICES,Homes for Reading – Market Rent,550,Major Repairs,SUB-CONTRACTOR,STANDARD,5875,KAAA-Directorate of Economic Growth and Neighbourhood Services
RBC Legal Entity,2021/08/31,4585071,257226,M&R SERVICES,Social Support,420,Purchased Care,SUB-CONTRACTOR,STANDARD,5790,JAAA-Directorate of Social Care and Health Services
RBC Legal Entity,2021/08/31,4584689,257227,TUNSTALL GROUP LIMITED,Repairs,32770.86,Essential Cyclical Insp. + Mai,SUB-CONTRACTOR,STANDARD,5970,HAAA-Housing Revenue Account
RBC Legal Entity,2021/08/31,4584039,257228,AAETO,New Directions,820,Subscriptions,Third Party Supplier,STANDARD,3340,KAAA-Directorate of Economic Growth and Neighbourhood Services
RBC Legal Entity,2021/08/31,4585412,257229,CAPITA BUSINESS SERVICES LTD,Housing Benefits,6681.48,TPP  Contract,Third Party Supplier,STANDARD,2265,LAAA-Directorate of Resources
RBC Legal Entity,2021/08/31,4584403,257230,ROYAL BOROUGH OF WINDSOR & MAIDENHEAD,UTMC / ITS,2123.55,Contractors,SUPPLIER,STANDARD,8850,ZZZC-Capital
RBC Legal Entity,2021/08/31,4584403,257230,ROYAL BOROUGH OF WINDSOR & MAIDENHEAD,UTMC / ITS,4467.15,Contractors,SUPPLIER,STANDARD,8850,ZZZC-Capital
RBC Legal Entity,2021/08/31,4587282,257233,ROYAL BERKSHIRE NHS FOUNDATION TRUST,Berkshire West Public Health Hub,40750,NHS Trusts,SUPPLIER,STANDARD,2002,JAAA-Directorate of Social Care and Health Services
RBC Legal Entity,2021/08/31,4587282,257233,ROYAL BERKSHIRE NHS FOUNDATION TRUST,Berkshire West Public Health Hub,51500,NHS Trusts,SUPPLIER,STANDARD,2002,JAAA-Directorate of Social Care and Health Services
RBC Legal Entity,2021/08/31,4587282,257233,ROYAL BERKSHIRE NHS FOUNDATION TRUST,Berkshire West Public Health Hub,110250,NHS Trusts,SUPPLIER,STANDARD,2002,JAAA-Directorate of Social Care and Health Services
RBC Legal Entity,2021/08/31,4588470,257234,ABSOLUTE CARE UK LTD,PS Acquired Community Services,665,Purchased Care,Third Party Supplier,STANDARD,5771,JAAA-Directorate of Social Care and Health Services
RBC Legal Entity,2021/08/31,4588472,257234,ABSOLUTE CARE UK LTD,PS Acquired Community Services,665,Purchased Care,Third Party Supplier,STANDARD,5771,JAAA-Directorate of Social Care and Health Services
RBC Legal Entity,2021/08/31,4588473,257234,ABSOLUTE CARE UK LTD,Social Support,665,Purchased Care,Third Party Supplier,STANDARD,5790,JAAA-Directorate of Social Care and Health Services
RBC Legal Entity,2021/08/31,4588476,257234,ABSOLUTE CARE UK LTD,PS Acquired Community Services,3206.25,Purchased Care,Third Party Supplier,STANDARD,5771,JAAA-Directorate of Social Care and Health Services
RBC Legal Entity,2021/08/31,4588479,257234,ABSOLUTE CARE UK LTD,PS Acquired Community Services,1729,Purchased Care,Third Party Supplier,STANDARD,5771,JAAA-Directorate of Social Care and Health Services
RBC Legal Entity,2021/08/31,4588480,257234,ABSOLUTE CARE UK LTD,PS Acquired Community Services,665,Purchased Care,Third Party Supplier,STANDARD,5771,JAAA-Directorate of Social Care and Health Services
RBC Legal Entity,2021/08/31,4588482,257234,ABSOLUTE CARE UK LTD,PS Acquired Community Services,1330,Purchased Care,Third Party Supplier,STANDARD,5771,JAAA-Directorate of Social Care and Health Services
RBC Legal Entity,2021/08/31,4588483,257234,ABSOLUTE CARE UK LTD,PS Acquired Community Services,522.5,Purchased Care,Third Party Supplier,STANDARD,5771,JAAA-Directorate of Social Care and Health Services
RBC Legal Entity,2021/08/31,4588484,257234,ABSOLUTE CARE UK LTD,PS Acquired Community Services,1197,Purchased Care,Third Party Supplier,STANDARD,5771,JAAA-Directorate of Social Care and Health Services
RBC Legal Entity,2021/08/31,4588486,257234,ABSOLUTE CARE UK LTD,PS Acquired Community Services,1197,Purchased Care,Third Party Supplier,STANDARD,5771,JAAA-Directorate of Social Care and Health Services
RBC Legal Entity,2021/08/31,4588487,257234,ABSOLUTE CARE UK LTD,PS Acquired Community Services,1197,Purchased Care,Third Party Supplier,STANDARD,5771,JAAA-Directorate of Social Care and Health Services
RBC Legal Entity,2021/08/31,4588488,257234,ABSOLUTE CARE UK LTD,PS Acquired Community Services,665,Purchased Care,Third Party Supplier,STANDARD,5771,JAAA-Directorate of Social Care and Health Services
RBC Legal Entity,2021/08/31,4588489,257234,ABSOLUTE CARE UK LTD,PS Acquired Community Services,1444,Purchased Care,Third Party Supplier,STANDARD,5771,JAAA-Directorate of Social Care and Health Services
RBC Legal Entity,2021/08/31,4588490,257234,ABSOLUTE CARE UK LTD,PS Acquired Community Services,1106.75,Purchased Care,Third Party Supplier,STANDARD,5771,JAAA-Directorate of Social Care and Health Services
RBC Legal Entity,2021/08/31,4588491,257234,ABSOLUTE CARE UK LTD,PS Acquired Community Services,4256,Purchased Care,Third Party Supplier,STANDARD,5771,JAAA-Directorate of Social Care and Health Services
RBC Legal Entity,2021/08/31,4588493,257234,ABSOLUTE CARE UK LTD,PS Acquired Community Services,2527,Purchased Care,Third Party Supplier,STANDARD,5771,JAAA-Directorate of Social Care and Health Services
RBC Legal Entity,2021/08/31,4588667,257234,ABSOLUTE CARE UK LTD,PS Acquired Community Services,2394,Purchased Care,Third Party Supplier,STANDARD,5771,JAAA-Directorate of Social Care and Health Services
RBC Legal Entity,2021/08/31,4588668,257234,ABSOLUTE CARE UK LTD,PS Acquired Community Services,584.25,Purchased Care,Third Party Supplier,STANDARD,5771,JAAA-Directorate of Social Care and Health Services
RBC Legal Entity,2021/08/31,4588670,257234,ABSOLUTE CARE UK LTD,PS Acquired Community Services,874,Purchased Care,Third Party Supplier,STANDARD,5771,JAAA-Directorate of Social Care and Health Services
RBC Legal Entity,2021/08/31,4588673,257234,ABSOLUTE CARE UK LTD,PS Acquired Community Services,2688.5,Purchased Care,Third Party Supplier,STANDARD,5771,JAAA-Directorate of Social Care and Health Services
RBC Legal Entity,2021/08/31,4585002,257236,RADIS COMMUNITY CARE,PS Lifelong Community Services,9419.48,Purchased Care,Third Party Supplier,STANDARD,5781,JAAA-Directorate of Social Care and Health Services
RBC Legal Entity,2021/08/31,4589616,257238,ROWVALE HOTELS LTD T/A BOW GUEST HOUSE,Single Homelessness Grants,623,Preventive+SupportiveServ,Third Party Supplier,STANDARD,5860,KAAA-Directorate of Economic Growth and Neighbourhood Services
RBC Legal Entity,2021/08/31,4589617,257238,ROWVALE HOTELS LTD T/A BOW GUEST HOUSE,Single Homelessness Grants,560,Preventive+SupportiveServ,Third Party Supplier,STANDARD,5860,KAAA-Directorate of Economic Growth and Neighbourhood Services
RBC Legal Entity,2021/08/31,4589619,257238,ROWVALE HOTELS LTD T/A BOW GUEST HOUSE,Single Homelessness Grants,525,Preventive+SupportiveServ,Third Party Supplier,STANDARD,5860,KAAA-Directorate of Economic Growth and Neighbourhood Services
RBC Legal Entity,2021/08/31,4589623,257238,ROWVALE HOTELS LTD T/A BOW GUEST HOUSE,Bed and Breakfast,525,Rents,Third Party Supplier,STANDARD,5871,KAAA-Directorate of Economic Growth and Neighbourhood Services
RBC Legal Entity,2021/08/31,4589624,257238,ROWVALE HOTELS LTD T/A BOW GUEST HOUSE,Bed and Breakfast,525,Rents,Third Party Supplier,STANDARD,5871,KAAA-Directorate of Economic Growth and Neighbourhood Services
RBC Legal Entity,2021/08/31,4589874,257240,VIRGIN MEDIA LTD,Future ICT operating model,73593.1,IT - Costs/Equipment,SUB-CONTRACTOR,STANDARD,8636,ZZZC-Capital
RBC Legal Entity,2021/08/31,4587662,257244,READING HOTEL,Single Homelessness Grants,910,Preventive+SupportiveServ,SUPPLIER,STANDARD,5860,KAAA-Directorate of Economic Growth and Neighbourhood Services
RBC Legal Entity,2021/08/31,4585161,257245,LOK 'N' STORE LTD,The Records Centre,1169.18,Other Office Expenses,Third Party Supplier,STANDARD,1257,KAAA-Directorate of Economic Growth and Neighbourhood Services
RBC Legal Entity,2021/08/31,4585161,257245,LOK 'N' STORE LTD,The Records Centre,3603.47,Other Office Expenses,Third Party Supplier,STANDARD,1257,KAAA-Directorate of Economic Growth and Neighbourhood Services
RBC Legal Entity,2021/08/31,4588324,257246,TONNA CARE SERVICES LTD,M&C Acquired Community Services,875.28,Purchased Care,Third Party Supplier,STANDARD,5751,JAAA-Directorate of Social Care and Health Services
RBC Legal Entity,2021/08/31,4588328,257246,TONNA CARE SERVICES LTD,Social Support,855.65,Purchased Care,Third Party Supplier,STANDARD,5790,JAAA-Directorate of Social Care and Health Services
RBC Legal Entity,2021/08/31,4588330,257246,TONNA CARE SERVICES LTD,LD Community Services,753.6,Purchased Care,Third Party Supplier,STANDARD,5741,JAAA-Directorate of Social Care and Health Services
RBC Legal Entity,2021/08/31,4588332,257246,TONNA CARE SERVICES LTD,LD Community Services,942,Purchased Care,Third Party Supplier,STANDARD,5741,JAAA-Directorate of Social Care and Health Services
RBC Legal Entity,2021/08/31,4588333,257246,TONNA CARE SERVICES LTD,Mental Health Community Services,628,Purchased Care,Third Party Supplier,STANDARD,5731,JAAA-Directorate of Social Care and Health Services
RBC Legal Entity,2021/08/31,4588334,257246,TONNA CARE SERVICES LTD,LD Community Services,659.4,Purchased Care,Third Party Supplier,STANDARD,5741,JAAA-Directorate of Social Care and Health Services
RBC Legal Entity,2021/08/31,4588335,257246,TONNA CARE SERVICES LTD,LD Community Services,628,Purchased Care,Third Party Supplier,STANDARD,5741,JAAA-Directorate of Social Care and Health Services
RBC Legal Entity,2021/08/31,4588336,257246,TONNA CARE SERVICES LTD,PS Acquired Community Services,2512,Purchased Care,Third Party Supplier,STANDARD,5771,JAAA-Directorate of Social Care and Health Services
RBC Legal Entity,2021/08/31,4588337,257246,TONNA CARE SERVICES LTD,PS Acquired Community Services,628,Purchased Care,Third Party Supplier,STANDARD,5771,JAAA-Directorate of Social Care and Health Services
RBC Legal Entity,2021/08/31,4588342,257246,TONNA CARE SERVICES LTD,LD Community Services,4041.74,Purchased Care,Third Party Supplier,STANDARD,5741,JAAA-Directorate of Social Care and Health Services
RBC Legal Entity,2021/08/31,4588343,257246,TONNA CARE SERVICES LTD,LD Community Services,3664.94,Purchased Care,Third Party Supplier,STANDARD,5741,JAAA-Directorate of Social Care and Health Services
RBC Legal Entity,2021/08/31,4588345,257246,TONNA CARE SERVICES LTD,LD Community Services,6153.54,Purchased Care,Third Party Supplier,STANDARD,5741,JAAA-Directorate of Social Care and Health Services
RBC Legal Entity,2021/08/31,4588347,257246,TONNA CARE SERVICES LTD,PS Acquired Community Services,3374.64,Purchased Care,Third Party Supplier,STANDARD,5771,JAAA-Directorate of Social Care and Health Services
RBC Legal Entity,2021/08/31,4588348,257246,TONNA CARE SERVICES LTD,LD Community Services,1554.3,Purchased Care,Third Party Supplier,STANDARD,5741,JAAA-Directorate of Social Care and Health Services
RBC Legal Entity,2021/08/31,4588350,257246,TONNA CARE SERVICES LTD,LD Community Services,1884,Purchased Care,Third Party Supplier,STANDARD,5741,JAAA-Directorate of Social Care and Health Services
RBC Legal Entity,2021/08/31,4588351,257246,TONNA CARE SERVICES LTD,LD Community Services,612.3,Purchased Care,Third Party Supplier,STANDARD,5741,JAAA-Directorate of Social Care and Health Services
RBC Legal Entity,2021/08/31,4588352,257246,TONNA CARE SERVICES LTD,LD Community Services,1428.7,Purchased Care,Third Party Supplier,STANDARD,5741,JAAA-Directorate of Social Care and Health Services
RBC Legal Entity,2021/08/31,4588353,257246,TONNA CARE SERVICES LTD,LD Community Services,5400.8,Purchased Care,Third Party Supplier,STANDARD,5741,JAAA-Directorate of Social Care and Health Services
RBC Legal Entity,2021/08/31,4588359,257246,TONNA CARE SERVICES LTD,LD Community Services,753.6,Purchased Care,Third Party Supplier,STANDARD,5741,JAAA-Directorate of Social Care and Health Services
RBC Legal Entity,2021/08/31,4588362,257246,TONNA CARE SERVICES LTD,Social Support,502.4,Purchased Care,Third Party Supplier,STANDARD,5790,JAAA-Directorate of Social Care and Health Services
RBC Legal Entity,2021/08/31,4588364,257246,TONNA CARE SERVICES LTD,LD Community Services,3593,Purchased Care,Third Party Supplier,STANDARD,5741,JAAA-Directorate of Social Care and Health Services
RBC Legal Entity,2021/08/31,4588025,257247,DIGNITY FUNERALS LTD,Crematorium,1100,TPP to Others,SUPPLIER,STANDARD,4606,LAAA-Directorate of Resources
RBC Legal Entity,2021/08/31,4584481,257249,REED,ASC Short Term Team,1.5,Agency Staff,SUPPLIER,STANDARD,5722,JAAA-Directorate of Social Care and Health Services
RBC Legal Entity,2021/08/31,4584481,257249,REED,ASC Short Term Team,3.6,Agency Staff,SUPPLIER,STANDARD,5722,JAAA-Directorate of Social Care and Health Services
RBC Legal Entity,2021/08/31,4584481,257249,REED,Mental Health Team,4.5,Agency Staff,SUPPLIER,STANDARD,5253,JAAA-Directorate of Social Care and Health Services
RBC Legal Entity,2021/08/31,4584481,257249,REED,ASC Short Term Team,6.75,Agency Staff,SUPPLIER,STANDARD,5722,JAAA-Directorate of Social Care and Health Services
RBC Legal Entity,2021/08/31,4584481,257249,REED,BFFC Agency Staff (Rechargeable),7.2,Agency Staff,SUPPLIER,STANDARD,2008,LAAA-Directorate of Resources
RBC Legal Entity,2021/08/31,4584481,257249,REED,BFFC Agency Staff (Rechargeable),12.15,Agency Staff,SUPPLIER,STANDARD,2008,LAAA-Directorate of Resources
RBC Legal Entity,2021/08/31,4584481,257249,REED,BFFC Agency Staff (Rechargeable),17.1,Agency Staff,SUPPLIER,STANDARD,2008,LAAA-Directorate of Resources
RBC Legal Entity,2021/08/31,4584481,257249,REED,Community Re-ablement Team,24.3,Agency Staff,SUPPLIER,STANDARD,5205,JAAA-Directorate of Social Care and Health Services
RBC Legal Entity,2021/08/31,4584481,257249,REED,Community Re-ablement Team,24.3,Agency Staff,SUPPLIER,STANDARD,5205,JAAA-Directorate of Social Care and Health Services
RBC Legal Entity,2021/08/31,4584481,257249,REED,Grounds Maintenance,49.86,Agency Staff,SUPPLIER,STANDARD,1306,KAAA-Directorate of Economic Growth and Neighbourhood Services
RBC Legal Entity,2021/08/31,4584481,257249,REED,Grounds Maintenance,49.86,Agency Staff,SUPPLIER,STANDARD,1306,KAAA-Directorate of Economic Growth and Neighbourhood Services
RBC Legal Entity,2021/08/31,4584481,257249,REED,ASC Short Term Team,54,Agency Staff,SUPPLIER,STANDARD,5722,JAAA-Directorate of Social Care and Health Services
RBC Legal Entity,2021/08/31,4584481,257249,REED,Community Re-ablement Team,60.75,Agency Staff,SUPPLIER,STANDARD,5205,JAAA-Directorate of Social Care and Health Services
RBC Legal Entity,2021/08/31,4584481,257249,REED,Mental Health Team,63,Agency Staff,SUPPLIER,STANDARD,5253,JAAA-Directorate of Social Care and Health Services
RBC Legal Entity,2021/08/31,4584481,257249,REED,Grounds Maintenance,66.49,Agency Staff,SUPPLIER,STANDARD,1306,KAAA-Directorate of Economic Growth and Neighbourhood Services
RBC Legal Entity,2021/08/31,4584481,257249,REED,Community Re-ablement Team,69.3,Agency Staff,SUPPLIER,STANDARD,5205,JAAA-Directorate of Social Care and Health Services
RBC Legal Entity,2021/08/31,4584481,257249,REED,Grounds Maintenance,83.11,Agency Staff,SUPPLIER,STANDARD,1306,KAAA-Directorate of Economic Growth and Neighbourhood Services
RBC Legal Entity,2021/08/31,4584481,257249,REED,Grounds Maintenance,83.11,Agency Staff,SUPPLIER,STANDARD,1306,KAAA-Directorate of Economic Growth and Neighbourhood Services
RBC Legal Entity,2021/08/31,4584481,257249,REED,Street Cleansing,106.37,Agency Staff,SUPPLIER,STANDARD,4566,KAAA-Directorate of Economic Growth and Neighbourhood Services
RBC Legal Entity,2021/08/31,4584481,257249,REED,BFFC Agency Staff (Rechargeable),126,Agency Staff,SUPPLIER,STANDARD,2008,LAAA-Directorate of Resources
RBC Legal Entity,2021/08/31,4584481,257249,REED,BFFC Agency Staff (Rechargeable),126,Agency Staff,SUPPLIER,STANDARD,2008,LAAA-Directorate of Resources
RBC Legal Entity,2021/08/31,4584481,257249,REED,Customer Services - Reception,156.09,Agency Staff,SUPPLIER,STANDARD,2595,LAAA-Directorate of Resources
RBC Legal Entity,2021/08/31,4584481,257249,REED,Directorate Support,156.35,Agency Staff,SUPPLIER,STANDARD,2036,LAAA-Directorate of Resources
RBC Legal Entity,2021/08/31,4584481,257249,REED,Customer Services - Reception,163.89,Agency Staff,SUPPLIER,STANDARD,2595,LAAA-Directorate of Resources
RBC Legal Entity,2021/08/31,4584481,257249,REED,BFFC Agency Staff (Rechargeable),178.48,Agency Staff,SUPPLIER,STANDARD,2008,LAAA-Directorate of Resources
RBC Legal Entity,2021/08/31,4584481,257249,REED,Street Cleansing,212.75,Agency Staff,SUPPLIER,STANDARD,4566,KAAA-Directorate of Economic Growth and Neighbourhood Services
RBC Legal Entity,2021/08/31,4584481,257249,REED,BFFC Agency Staff (Rechargeable),239.4,Agency Staff,SUPPLIER,STANDARD,2008,LAAA-Directorate of Resources
RBC Legal Entity,2021/08/31,4584481,257249,REED,Community Re-ablement Team,249.92,Agency Staff,SUPPLIER,STANDARD,5205,JAAA-Directorate of Social Care and Health Services
RBC Legal Entity,2021/08/31,4584481,257249,REED,BFFC Agency Staff (Rechargeable),316.13,Agency Staff,SUPPLIER,STANDARD,2008,LAAA-Directorate of Resources
RBC Legal Entity,2021/08/31,4584481,257249,REED,Accountancy,489.96,Agency Staff,SUPPLIER,STANDARD,2200,LAAA-Directorate of Resources
RBC Legal Entity,2021/08/31,4584481,257249,REED,Refuse Collection,505.15,Agency Staff,SUPPLIER,STANDARD,4561,KAAA-Directorate of Economic Growth and Neighbourhood Services
RBC Legal Entity,2021/08/31,4584481,257249,REED,IT Management,520.4,Agency Staff,SUPPLIER,STANDARD,2300,LAAA-Directorate of Resources
RBC Legal Entity,2021/08/31,4584481,257249,REED,Street Cleansing,525.2,Agency Staff,SUPPLIER,STANDARD,4566,KAAA-Directorate of Economic Growth and Neighbourhood Services
RBC Legal Entity,2021/08/31,4584481,257249,REED,Street Cleansing,525.2,Agency Staff,SUPPLIER,STANDARD,4566,KAAA-Directorate of Economic Growth and Neighbourhood Services
RBC Legal Entity,2021/08/31,4584481,257249,REED,Lateral Flow Testing,535.27,Agency Staff,SUPPLIER,STANDARD,2701,LAAA-Directorate of Resources
RBC Legal Entity,2021/08/31,4584481,257249,REED,Lateral Flow Testing,535.27,Agency Staff,SUPPLIER,STANDARD,2701,LAAA-Directorate of Resources
RBC Legal Entity,2021/08/31,4584481,257249,REED,Accountancy,543.93,Agency Staff,SUPPLIER,STANDARD,2200,LAAA-Directorate of Resources
RBC Legal Entity,2021/08/31,4584481,257249,REED,Lateral Flow Testing,552.02,Agency Staff,SUPPLIER,STANDARD,2701,LAAA-Directorate of Resources
RBC Legal Entity,2021/08/31,4584481,257249,REED,Procurement Services,557.39,Agency Staff,SUPPLIER,STANDARD,2402,LAAA-Directorate of Resources
RBC Legal Entity,2021/08/31,4584481,257249,REED,Lateral Flow Testing,579.88,Agency Staff,SUPPLIER,STANDARD,2701,LAAA-Directorate of Resources
RBC Legal Entity,2021/08/31,4584481,257249,REED,Refuse Collection,583.72,Agency Staff,SUPPLIER,STANDARD,4561,KAAA-Directorate of Economic Growth and Neighbourhood Services
RBC Legal Entity,2021/08/31,4584481,257249,REED,Refuse Collection,592.3,Agency Staff,SUPPLIER,STANDARD,4561,KAAA-Directorate of Economic Growth and Neighbourhood Services
RBC Legal Entity,2021/08/31,4584481,257249,REED,Refuse Collection,592.3,Agency Staff,SUPPLIER,STANDARD,4561,KAAA-Directorate of Economic Growth and Neighbourhood Services
RBC Legal Entity,2021/08/31,4584481,257249,REED,Refuse Collection,592.3,Agency Staff,SUPPLIER,STANDARD,4561,KAAA-Directorate of Economic Growth and Neighbourhood Services
RBC Legal Entity,2021/08/31,4584481,257249,REED,Accountancy,592.6,Agency Staff,SUPPLIER,STANDARD,2200,LAAA-Directorate of Resources
RBC Legal Entity,2021/08/31,4584481,257249,REED,Refuse Collection,604.76,Agency Staff,SUPPLIER,STANDARD,4561,KAAA-Directorate of Economic Growth and Neighbourhood Services
RBC Legal Entity,2021/08/31,4584481,257249,REED,Refuse Collection,613.66,Agency Staff,SUPPLIER,STANDARD,4561,KAAA-Directorate of Economic Growth and Neighbourhood Services
RBC Legal Entity,2021/08/31,4584481,257249,REED,Community Re-ablement Team,624.81,Agency Staff,SUPPLIER,STANDARD,5205,JAAA-Directorate of Social Care and Health Services
RBC Legal Entity,2021/08/31,4584481,257249,REED,Buildings Payroll,626.11,Agency Staff,SUPPLIER,STANDARD,3390,KAAA-Directorate of Economic Growth and Neighbourhood Services
RBC Legal Entity,2021/08/31,4584481,257249,REED,Refuse Collection,631.04,Agency Staff,SUPPLIER,STANDARD,4561,KAAA-Directorate of Economic Growth and Neighbourhood Services
RBC Legal Entity,2021/08/31,4584481,257249,REED,Street Cleansing,638.22,Agency Staff,SUPPLIER,STANDARD,4566,KAAA-Directorate of Economic Growth and Neighbourhood Services
RBC Legal Entity,2021/08/31,4584481,257249,REED,Customer Services - Reception,639.69,Agency Staff,SUPPLIER,STANDARD,2595,LAAA-Directorate of Resources
RBC Legal Entity,2021/08/31,4584481,257249,REED,Refuse Collection,643.29,Agency Staff,SUPPLIER,STANDARD,4561,KAAA-Directorate of Economic Growth and Neighbourhood Services
RBC Legal Entity,2021/08/31,4584481,257249,REED,Refuse Collection,656.33,Agency Staff,SUPPLIER,STANDARD,4561,KAAA-Directorate of Economic Growth and Neighbourhood Services
RBC Legal Entity,2021/08/31,4584481,257249,REED,BFFC Agency Staff (Rechargeable),678.21,Agency Staff,SUPPLIER,STANDARD,2008,LAAA-Directorate of Resources
RBC Legal Entity,2021/08/31,4584481,257249,REED,Lateral Flow Testing,686.94,Agency Staff,SUPPLIER,STANDARD,2701,LAAA-Directorate of Resources
RBC Legal Entity,2021/08/31,4584481,257249,REED,Lateral Flow Testing,737.24,Agency Staff,SUPPLIER,STANDARD,2701,LAAA-Directorate of Resources
RBC Legal Entity,2021/08/31,4584481,257249,REED,Lateral Flow Testing,737.24,Agency Staff,SUPPLIER,STANDARD,2701,LAAA-Directorate of Resources
RBC Legal Entity,2021/08/31,4584481,257249,REED,Lateral Flow Testing,743.49,Agency Staff,SUPPLIER,STANDARD,2701,LAAA-Directorate of Resources
RBC Legal Entity,2021/08/31,4584481,257249,REED,Street Cleansing,744.62,Agency Staff,SUPPLIER,STANDARD,4566,KAAA-Directorate of Economic Growth and Neighbourhood Services
RBC Legal Entity,2021/08/31,4584481,257249,REED,Community Re-ablement Team,749.77,Agency Staff,SUPPLIER,STANDARD,5205,JAAA-Directorate of Social Care and Health Services
RBC Legal Entity,2021/08/31,4584481,257249,REED,BFFC Agency Staff (Rechargeable),790.2,Agency Staff,SUPPLIER,STANDARD,2008,LAAA-Directorate of Resources
RBC Legal Entity,2021/08/31,4584481,257249,REED,Public Health Team Costs,792.17,Agency Staff,SUPPLIER,STANDARD,2065,JAAA-Directorate of Social Care and Health Services
RBC Legal Entity,2021/08/31,4584481,257249,REED,BFFC Agency Staff (Rechargeable),797.63,Agency Staff,SUPPLIER,STANDARD,2008,LAAA-Directorate of Resources
RBC Legal Entity,2021/08/31,4584481,257249,REED,ASC Locality Team,805.38,Agency Staff,SUPPLIER,STANDARD,5721,JAAA-Directorate of Social Care and Health Services
RBC Legal Entity,2021/08/31,4584481,257249,REED,Lateral Flow Testing,865.37,Agency Staff,SUPPLIER,STANDARD,2701,LAAA-Directorate of Resources
RBC Legal Entity,2021/08/31,4584481,257249,REED,Lateral Flow Testing,877.78,Agency Staff,SUPPLIER,STANDARD,2701,LAAA-Directorate of Resources
RBC Legal Entity,2021/08/31,4584481,257249,REED,ASC Locality Team,882.45,Agency Staff,SUPPLIER,STANDARD,5721,JAAA-Directorate of Social Care and Health Services
RBC Legal Entity,2021/08/31,4584481,257249,REED,BFFC Agency Staff (Rechargeable),888.6,Agency Staff,SUPPLIER,STANDARD,2008,LAAA-Directorate of Resources
RBC Legal Entity,2021/08/31,4584481,257249,REED,Civil Engineering,906.87,Agency Staff,SUPPLIER,STANDARD,4550,KAAA-Directorate of Economic Growth and Neighbourhood Services
RBC Legal Entity,2021/08/31,4584481,257249,REED,BFFC Agency Staff (Rechargeable),942.75,Agency Staff,SUPPLIER,STANDARD,2008,LAAA-Directorate of Resources
RBC Legal Entity,2021/08/31,4584481,257249,REED,Lateral Flow Testing,959.22,Agency Staff,SUPPLIER,STANDARD,2701,LAAA-Directorate of Resources
RBC Legal Entity,2021/08/31,4584481,257249,REED,ASC Locality Team,1009.7,Agency Staff,SUPPLIER,STANDARD,5721,JAAA-Directorate of Social Care and Health Services
RBC Legal Entity,2021/08/31,4584481,257249,REED,Safeguarding Adults,1023.15,Agency Staff,SUPPLIER,STANDARD,5158,JAAA-Directorate of Social Care and Health Services
RBC Legal Entity,2021/08/31,4584481,257249,REED,ASC Short Term Team,1067.45,Agency Staff,SUPPLIER,STANDARD,5722,JAAA-Directorate of Social Care and Health Services
RBC Legal Entity,2021/08/31,4584481,257249,REED,Joint Legal Team,1098.35,Agency Staff,SUPPLIER,STANDARD,2405,LAAA-Directorate of Resources
RBC Legal Entity,2021/08/31,4584481,257249,REED,ASC Short Term Team,1143.9,Agency Staff,SUPPLIER,STANDARD,5722,JAAA-Directorate of Social Care and Health Services
RBC Legal Entity,2021/08/31,4584481,257249,REED,Housing Advice,1157.4,Agency Staff,SUPPLIER,STANDARD,5820,KAAA-Directorate of Economic Growth and Neighbourhood Services
RBC Legal Entity,2021/08/31,4584481,257249,REED,Legal Services,1180.96,Agency Staff,SUPPLIER,STANDARD,2400,LAAA-Directorate of Resources
RBC Legal Entity,2021/08/31,4584481,257249,REED,Safeguarding Adults,1184.7,Agency Staff,SUPPLIER,STANDARD,5158,JAAA-Directorate of Social Care and Health Services
RBC Legal Entity,2021/08/31,4584481,257249,REED,ASC Short Term Team,1211.63,Agency Staff,SUPPLIER,STANDARD,5722,JAAA-Directorate of Social Care and Health Services
RBC Legal Entity,2021/08/31,4584481,257249,REED,ASC Short Term Team,1236.8,Agency Staff,SUPPLIER,STANDARD,5722,JAAA-Directorate of Social Care and Health Services
RBC Legal Entity,2021/08/31,4584481,257249,REED,ASC Short Term Team,1236.8,Agency Staff,SUPPLIER,STANDARD,5722,JAAA-Directorate of Social Care and Health Services
RBC Legal Entity,2021/08/31,4584481,257249,REED,Lateral Flow Testing,1255.39,Agency Staff,SUPPLIER,STANDARD,2701,LAAA-Directorate of Resources
RBC Legal Entity,2021/08/31,4584481,257249,REED,ASC Locality Team,1283.53,Agency Staff,SUPPLIER,STANDARD,5721,JAAA-Directorate of Social Care and Health Services
RBC Legal Entity,2021/08/31,4584481,257249,REED,ASC Short Term Team,1313.5,Agency Staff,SUPPLIER,STANDARD,5722,JAAA-Directorate of Social Care and Health Services
RBC Legal Entity,2021/08/31,4584481,257249,REED,Safeguarding Adults,1328.3,Agency Staff,SUPPLIER,STANDARD,5158,JAAA-Directorate of Social Care and Health Services
RBC Legal Entity,2021/08/31,4584481,257249,REED,ASC Short Term Team,1328.3,Agency Staff,SUPPLIER,STANDARD,5722,JAAA-Directorate of Social Care and Health Services
RBC Legal Entity,2021/08/31,4584481,257249,REED,ASC Locality Team,1328.3,Agency Staff,SUPPLIER,STANDARD,5721,JAAA-Directorate of Social Care and Health Services
RBC Legal Entity,2021/08/31,4584481,257249,REED,ASC Locality Team,1328.3,Agency Staff,SUPPLIER,STANDARD,5721,JAAA-Directorate of Social Care and Health Services
RBC Legal Entity,2021/08/31,4584481,257249,REED,ASC Locality Team,1328.3,Agency Staff,SUPPLIER,STANDARD,5721,JAAA-Directorate of Social Care and Health Services
RBC Legal Entity,2021/08/31,4584481,257249,REED,ASC Locality Team,1328.3,Agency Staff,SUPPLIER,STANDARD,5721,JAAA-Directorate of Social Care and Health Services
RBC Legal Entity,2021/08/31,4584481,257249,REED,Legal Services,1331.67,Agency Staff,SUPPLIER,STANDARD,2400,LAAA-Directorate of Resources
RBC Legal Entity,2021/08/31,4584481,257249,REED,ASC Short Term Team,1364.4,Agency Staff,SUPPLIER,STANDARD,5722,JAAA-Directorate of Social Care and Health Services
RBC Legal Entity,2021/08/31,4584481,257249,REED,Housing Management,1381.93,Agency Staff,SUPPLIER,STANDARD,5920,HAAA-Housing Revenue Account
RBC Legal Entity,2021/08/31,4584481,257249,REED,Safeguarding Adults,1402.3,Agency Staff,SUPPLIER,STANDARD,5158,JAAA-Directorate of Social Care and Health Services
RBC Legal Entity,2021/08/31,4584481,257249,REED,ASC Short Term Team,1402.3,Agency Staff,SUPPLIER,STANDARD,5722,JAAA-Directorate of Social Care and Health Services
RBC Legal Entity,2021/08/31,4584481,257249,REED,BFFC Agency Staff (Rechargeable),1412.32,Agency Staff,SUPPLIER,STANDARD,2008,LAAA-Directorate of Resources
RBC Legal Entity,2021/08/31,4584481,257249,REED,BFFC Agency Staff (Rechargeable),1412.32,Agency Staff,SUPPLIER,STANDARD,2008,LAAA-Directorate of Resources
RBC Legal Entity,2021/08/31,4584481,257249,REED,BFFC Agency Staff (Rechargeable),1412.32,Agency Staff,SUPPLIER,STANDARD,2008,LAAA-Directorate of Resources
RBC Legal Entity,2021/08/31,4584481,257249,REED,BFFC Agency Staff (Rechargeable),1417.76,Agency Staff,SUPPLIER,STANDARD,2008,LAAA-Directorate of Resources
RBC Legal Entity,2021/08/31,4584481,257249,REED,Legal Services,1422,Agency Staff,SUPPLIER,STANDARD,2400,LAAA-Directorate of Resources
RBC Legal Entity,2021/08/31,4584481,257249,REED,ASC Short Term Team,1430.05,Agency Staff,SUPPLIER,STANDARD,5722,JAAA-Directorate of Social Care and Health Services
RBC Legal Entity,2021/08/31,4584481,257249,REED,Mental Health Team,1439.3,Agency Staff,SUPPLIER,STANDARD,5253,JAAA-Directorate of Social Care and Health Services
RBC Legal Entity,2021/08/31,4584481,257249,REED,ASC Locality Team,1439.3,Agency Staff,SUPPLIER,STANDARD,5721,JAAA-Directorate of Social Care and Health Services
RBC Legal Entity,2021/08/31,4584481,257249,REED,ASC Locality Team,1439.3,Agency Staff,SUPPLIER,STANDARD,5721,JAAA-Directorate of Social Care and Health Services
RBC Legal Entity,2021/08/31,4584481,257249,REED,Mental Health Team,1448.55,Agency Staff,SUPPLIER,STANDARD,5253,JAAA-Directorate of Social Care and Health Services
RBC Legal Entity,2021/08/31,4584481,257249,REED,ASC Locality Team,1508.4,Agency Staff,SUPPLIER,STANDARD,5721,JAAA-Directorate of Social Care and Health Services
RBC Legal Entity,2021/08/31,4584481,257249,REED,BFFC Agency Staff (Rechargeable),1513.3,Agency Staff,SUPPLIER,STANDARD,2008,LAAA-Directorate of Resources
RBC Legal Entity,2021/08/31,4584481,257249,REED,BFFC Agency Staff (Rechargeable),1550.3,Agency Staff,SUPPLIER,STANDARD,2008,LAAA-Directorate of Resources
RBC Legal Entity,2021/08/31,4584481,257249,REED,BFFC Agency Staff (Rechargeable),1550.3,Agency Staff,SUPPLIER,STANDARD,2008,LAAA-Directorate of Resources
RBC Legal Entity,2021/08/31,4584481,257249,REED,BFFC Agency Staff (Rechargeable),1550.3,Agency Staff,SUPPLIER,STANDARD,2008,LAAA-Directorate of Resources
RBC Legal Entity,2021/08/31,4584481,257249,REED,BFFC Agency Staff (Rechargeable),1550.3,Agency Staff,SUPPLIER,STANDARD,2008,LAAA-Directorate of Resources
RBC Legal Entity,2021/08/31,4584481,257249,REED,BFFC Agency Staff (Rechargeable),1550.3,Agency Staff,SUPPLIER,STANDARD,2008,LAAA-Directorate of Resources
RBC Legal Entity,2021/08/31,4584481,257249,REED,BFFC Agency Staff (Rechargeable),1550.3,Agency Staff,SUPPLIER,STANDARD,2008,LAAA-Directorate of Resources
RBC Legal Entity,2021/08/31,4584481,257249,REED,BFFC Agency Staff (Rechargeable),1550.3,Agency Staff,SUPPLIER,STANDARD,2008,LAAA-Directorate of Resources
RBC Legal Entity,2021/08/31,4584481,257249,REED,BFFC Agency Staff (Rechargeable),1550.3,Agency Staff,SUPPLIER,STANDARD,2008,LAAA-Directorate of Resources
RBC Legal Entity,2021/08/31,4584481,257249,REED,BFFC Agency Staff (Rechargeable),1550.3,Agency Staff,SUPPLIER,STANDARD,2008,LAAA-Directorate of Resources
RBC Legal Entity,2021/08/31,4584481,257249,REED,BFFC Agency Staff (Rechargeable),1550.3,Agency Staff,SUPPLIER,STANDARD,2008,LAAA-Directorate of Resources
RBC Legal Entity,2021/08/31,4584481,257249,REED,BFFC Agency Staff (Rechargeable),1559.55,Agency Staff,SUPPLIER,STANDARD,2008,LAAA-Directorate of Resources
RBC Legal Entity,2021/08/31,4584481,257249,REED,BFFC Agency Staff (Rechargeable),1559.55,Agency Staff,SUPPLIER,STANDARD,2008,LAAA-Directorate of Resources
RBC Legal Entity,2021/08/31,4584481,257249,REED,ASC Locality Team,1580.4,Agency Staff,SUPPLIER,STANDARD,5721,JAAA-Directorate of Social Care and Health Services
RBC Legal Entity,2021/08/31,4584481,257249,REED,BFFC Agency Staff (Rechargeable),1624.3,Agency Staff,SUPPLIER,STANDARD,2008,LAAA-Directorate of Resources
RBC Legal Entity,2021/08/31,4584481,257249,REED,BFFC Agency Staff (Rechargeable),1624.3,Agency Staff,SUPPLIER,STANDARD,2008,LAAA-Directorate of Resources
RBC Legal Entity,2021/08/31,4584481,257249,REED,BFFC Agency Staff (Rechargeable),1624.3,Agency Staff,SUPPLIER,STANDARD,2008,LAAA-Directorate of Resources
RBC Legal Entity,2021/08/31,4584481,257249,REED,BFFC Agency Staff (Rechargeable),1624.3,Agency Staff,SUPPLIER,STANDARD,2008,LAAA-Directorate of Resources
RBC Legal Entity,2021/08/31,4584481,257249,REED,BFFC Agency Staff (Rechargeable),1624.3,Agency Staff,SUPPLIER,STANDARD,2008,LAAA-Directorate of Resources
RBC Legal Entity,2021/08/31,4584481,257249,REED,BFFC Agency Staff (Rechargeable),1624.3,Agency Staff,SUPPLIER,STANDARD,2008,LAAA-Directorate of Resources
RBC Legal Entity,2021/08/31,4584481,257249,REED,BFFC Agency Staff (Rechargeable),1624.3,Agency Staff,SUPPLIER,STANDARD,2008,LAAA-Directorate of Resources
RBC Legal Entity,2021/08/31,4584481,257249,REED,BFFC Agency Staff (Rechargeable),1624.3,Agency Staff,SUPPLIER,STANDARD,2008,LAAA-Directorate of Resources
RBC Legal Entity,2021/08/31,4584481,257249,REED,BFFC Agency Staff (Rechargeable),1633.55,Agency Staff,SUPPLIER,STANDARD,2008,LAAA-Directorate of Resources
RBC Legal Entity,2021/08/31,4584481,257249,REED,BFFC Agency Staff (Rechargeable),1656,Agency Staff,SUPPLIER,STANDARD,2008,LAAA-Directorate of Resources
RBC Legal Entity,2021/08/31,4584481,257249,REED,BFFC Agency Staff (Rechargeable),1672.9,Agency Staff,SUPPLIER,STANDARD,2008,LAAA-Directorate of Resources
RBC Legal Entity,2021/08/31,4584481,257249,REED,BFFC Agency Staff (Rechargeable),1672.9,Agency Staff,SUPPLIER,STANDARD,2008,LAAA-Directorate of Resources
RBC Legal Entity,2021/08/31,4584481,257249,REED,Accountancy,1777.8,Agency Staff,SUPPLIER,STANDARD,2200,LAAA-Directorate of Resources
RBC Legal Entity,2021/08/31,4584481,257249,REED,BFFC Agency Staff (Rechargeable),1809.3,Agency Staff,SUPPLIER,STANDARD,2008,LAAA-Directorate of Resources
RBC Legal Entity,2021/08/31,4584481,257249,REED,BFFC Agency Staff (Rechargeable),1809.3,Agency Staff,SUPPLIER,STANDARD,2008,LAAA-Directorate of Resources
RBC Legal Entity,2021/08/31,4584481,257249,REED,BFFC Agency Staff (Rechargeable),1952.22,Agency Staff,SUPPLIER,STANDARD,2008,LAAA-Directorate of Resources
RBC Legal Entity,2021/08/31,4584481,257249,REED,Joint Legal Team,2031.3,Agency Staff,SUPPLIER,STANDARD,2405,LAAA-Directorate of Resources
RBC Legal Entity,2021/08/31,4584481,257249,REED,BFFC Agency Staff (Rechargeable),2055.05,Agency Staff,SUPPLIER,STANDARD,2008,LAAA-Directorate of Resources
RBC Legal Entity,2021/08/31,4584481,257249,REED,Legal Services,2148.2,Agency Staff,SUPPLIER,STANDARD,2400,LAAA-Directorate of Resources
RBC Legal Entity,2021/08/31,4584481,257249,REED,Accountancy,2176,Agency Staff,SUPPLIER,STANDARD,2200,LAAA-Directorate of Resources
RBC Legal Entity,2021/08/31,4584481,257249,REED,ASC Senior Management Team,2176,Agency Staff,SUPPLIER,STANDARD,5700,JAAA-Directorate of Social Care and Health Services
RBC Legal Entity,2021/08/31,4584481,257249,REED,Joint Legal Team,2196,Agency Staff,SUPPLIER,STANDARD,2405,LAAA-Directorate of Resources
RBC Legal Entity,2021/08/31,4584481,257249,REED,BFFC Agency Staff (Rechargeable),2276,Agency Staff,SUPPLIER,STANDARD,2008,LAAA-Directorate of Resources
RBC Legal Entity,2021/08/31,4584481,257249,REED,Joint Legal Team,2300.02,Agency Staff,SUPPLIER,STANDARD,2405,LAAA-Directorate of Resources
RBC Legal Entity,2021/08/31,4584481,257249,REED,BFFC Agency Staff (Rechargeable),2324.8,Agency Staff,SUPPLIER,STANDARD,2008,LAAA-Directorate of Resources
RBC Legal Entity,2021/08/31,4584481,257249,REED,BFFC Agency Staff (Rechargeable),2356,Agency Staff,SUPPLIER,STANDARD,2008,LAAA-Directorate of Resources
RBC Legal Entity,2021/08/31,4584481,257249,REED,Valuation,2426,Agency Staff,SUPPLIER,STANDARD,2100,KAAA-Directorate of Economic Growth and Neighbourhood Services
RBC Legal Entity,2021/08/31,4584481,257249,REED,Test and Trace,2478.5,Agency Staff,SUPPLIER,STANDARD,2068,JAAA-Directorate of Social Care and Health Services
RBC Legal Entity,2021/08/31,4584481,257249,REED,Accountancy,2643.5,Agency Staff,SUPPLIER,STANDARD,2200,LAAA-Directorate of Resources
RBC Legal Entity,2021/08/31,4584481,257249,REED,Accountancy,2676,Agency Staff,SUPPLIER,STANDARD,2200,LAAA-Directorate of Resources
RBC Legal Entity,2021/08/31,4584481,257249,REED,Accountancy,2801,Agency Staff,SUPPLIER,STANDARD,2200,LAAA-Directorate of Resources
RBC Legal Entity,2021/08/31,4584481,257249,REED,BFFC Agency Staff (Rechargeable),2801,Agency Staff,SUPPLIER,STANDARD,2008,LAAA-Directorate of Resources
RBC Legal Entity,2021/08/31,4584481,257249,REED,BFFC Agency Staff (Rechargeable),2835.52,Agency Staff,SUPPLIER,STANDARD,2008,LAAA-Directorate of Resources
RBC Legal Entity,2021/08/31,4584481,257249,REED,BFFC Agency Staff (Rechargeable),2928.33,Agency Staff,SUPPLIER,STANDARD,2008,LAAA-Directorate of Resources
RBC Legal Entity,2021/08/31,4584481,257249,REED,Accountancy,2963,Agency Staff,SUPPLIER,STANDARD,2200,LAAA-Directorate of Resources
RBC Legal Entity,2021/08/31,4584481,257249,REED,Accountancy,2963,Agency Staff,SUPPLIER,STANDARD,2200,LAAA-Directorate of Resources
RBC Legal Entity,2021/08/31,4584481,257249,REED,Accountancy,3196,Agency Staff,SUPPLIER,STANDARD,2200,LAAA-Directorate of Resources
RBC Legal Entity,2021/08/31,4584481,257249,REED,Accountancy,3259.3,Agency Staff,SUPPLIER,STANDARD,2200,LAAA-Directorate of Resources
RBC Legal Entity,2021/08/31,4584481,257249,REED,BFFC Agency Staff (Rechargeable),3446,Agency Staff,SUPPLIER,STANDARD,2008,LAAA-Directorate of Resources
RBC Legal Entity,2021/08/31,4584481,257249,REED,BFFC Agency Staff (Rechargeable),3461.2,Agency Staff,SUPPLIER,STANDARD,2008,LAAA-Directorate of Resources
RBC Legal Entity,2021/08/31,4584481,257249,REED,BFFC Agency Staff (Rechargeable),3461.2,Agency Staff,SUPPLIER,STANDARD,2008,LAAA-Directorate of Resources
RBC Legal Entity,2021/08/31,4584481,257249,REED,BFFC Agency Staff (Rechargeable),3461.2,Agency Staff,SUPPLIER,STANDARD,2008,LAAA-Directorate of Resources
RBC Legal Entity,2021/08/31,4584481,257249,REED,BFFC Agency Staff (Rechargeable),3461.2,Agency Staff,SUPPLIER,STANDARD,2008,LAAA-Directorate of Resources
RBC Legal Entity,2021/08/31,4584481,257249,REED,BFFC Agency Staff (Rechargeable),3544.4,Agency Staff,SUPPLIER,STANDARD,2008,LAAA-Directorate of Resources
RBC Legal Entity,2021/08/31,4584481,257249,REED,BFFC Agency Staff (Rechargeable),3544.4,Agency Staff,SUPPLIER,STANDARD,2008,LAAA-Directorate of Resources
RBC Legal Entity,2021/08/31,4584481,257249,REED,BFFC Agency Staff (Rechargeable),3544.4,Agency Staff,SUPPLIER,STANDARD,2008,LAAA-Directorate of Resources
RBC Legal Entity,2021/08/31,4584481,257249,REED,BFFC Agency Staff (Rechargeable),3544.4,Agency Staff,SUPPLIER,STANDARD,2008,LAAA-Directorate of Resources
RBC Legal Entity,2021/08/31,4584481,257249,REED,ASC Senior Management Team,3937.25,Agency Staff,SUPPLIER,STANDARD,5700,JAAA-Directorate of Social Care and Health Services
RBC Legal Entity,2021/08/31,4585868,257251,BERKSHIRE WOMENS AID,Domestic Abuse Reduction,15000,Preventive+SupportiveServ,Third Party Supplier,STANDARD,5366,KAAA-Directorate of Economic Growth and Neighbourhood Services
RBC Legal Entity,2021/08/31,4588800,257253,EVERSHEDS LLP,Legal Services,3377.5,Misc. Legal Expenses,Third Party Supplier,STANDARD,2400,LAAA-Directorate of Resources
RBC Legal Entity,2021/08/31,4584226,257254,FLEETWOOD GRAB SERVICES LIMITED,Highways,840,Waste Disposal,Third Party Supplier,STANDARD,4252,KAAA-Directorate of Economic Growth and Neighbourhood Services
RBC Legal Entity,2021/08/31,4584226,257254,FLEETWOOD GRAB SERVICES LIMITED,Highways,940,Materials Direct,Third Party Supplier,STANDARD,4252,KAAA-Directorate of Economic Growth and Neighbourhood Services
RBC Legal Entity,2021/08/31,4584079,257257,NSL LIMITED,On Street Pay and Display,64.8,Equipment Purchase & Repair,Third Party Supplier,STANDARD,4727,KAAA-Directorate of Economic Growth and Neighbourhood Services
RBC Legal Entity,2021/08/31,4584079,257257,NSL LIMITED,On Street Pay and Display,451.6,Equipment Purchase & Repair,Third Party Supplier,STANDARD,4727,KAAA-Directorate of Economic Growth and Neighbourhood Services
RBC Legal Entity,2021/08/31,4584083,257257,NSL LIMITED,Parking & Enforcement,93.5,Courier/Cash Collection Serv.,Third Party Supplier,STANDARD,4725,KAAA-Directorate of Economic Growth and Neighbourhood Services
RBC Legal Entity,2021/08/31,4584083,257257,NSL LIMITED,Parking & Enforcement,93.5,Courier/Cash Collection Serv.,Third Party Supplier,STANDARD,4725,KAAA-Directorate of Economic Growth and Neighbourhood Services
RBC Legal Entity,2021/08/31,4584083,257257,NSL LIMITED,Parking & Enforcement,116.87,Courier/Cash Collection Serv.,Third Party Supplier,STANDARD,4725,KAAA-Directorate of Economic Growth and Neighbourhood Services
RBC Legal Entity,2021/08/31,4584083,257257,NSL LIMITED,Parking & Enforcement,116.88,Courier/Cash Collection Serv.,Third Party Supplier,STANDARD,4725,KAAA-Directorate of Economic Growth and Neighbourhood Services
RBC Legal Entity,2021/08/31,4584083,257257,NSL LIMITED,Parking & Enforcement,327.6,Courier/Cash Collection Serv.,Third Party Supplier,STANDARD,4725,KAAA-Directorate of Economic Growth and Neighbourhood Services
RBC Legal Entity,2021/08/31,4584083,257257,NSL LIMITED,Parking & Enforcement,434.7,Courier/Cash Collection Serv.,Third Party Supplier,STANDARD,4725,KAAA-Directorate of Economic Growth and Neighbourhood Services
RBC Legal Entity,2021/08/31,4584197,257257,NSL LIMITED,On Street Pay and Display,32.4,Equipment Purchase & Repair,Third Party Supplier,STANDARD,4727,KAAA-Directorate of Economic Growth and Neighbourhood Services
RBC Legal Entity,2021/08/31,4584197,257257,NSL LIMITED,On Street Pay and Display,295.8,Equipment Purchase & Repair,Third Party Supplier,STANDARD,4727,KAAA-Directorate of Economic Growth and Neighbourhood Services
RBC Legal Entity,2021/08/31,4584197,257257,NSL LIMITED,On Street Pay and Display,875.2,Equipment Purchase & Repair,Third Party Supplier,STANDARD,4727,KAAA-Directorate of Economic Growth and Neighbourhood Services
RBC Legal Entity,2021/08/31,4584118,257259,MR EDWARD KIRKWOOD,JLT Disbursements,735,Misc. Legal Expenses,Third Party Supplier,STANDARD,2407,LAAA-Directorate of Resources
RBC Legal Entity,2021/08/31,4584068,257260,MIRUS PROJECTS LIMITED,Corporate Maintenance Services,225,Precepts,SUB-CONTRACTOR,STANDARD,4080,KAAA-Directorate of Economic Growth and Neighbourhood Services
RBC Legal Entity,2021/08/31,4584068,257260,MIRUS PROJECTS LIMITED,Repairs,255,Essential Cyclical Insp. + Mai,SUB-CONTRACTOR,STANDARD,5970,HAAA-Housing Revenue Account
RBC Legal Entity,2021/08/31,4584068,257260,MIRUS PROJECTS LIMITED,Corporate Maintenance Services,2110,Leasing Costs,SUB-CONTRACTOR,STANDARD,4080,KAAA-Directorate of Economic Growth and Neighbourhood Services
RBC Legal Entity,2021/08/31,4589849,257261,AFFINITY (READING) LIMITED,Private Finance Initiative,596469.57,TPP  Contract,Third Party Supplier,STANDARD,5990,HAAA-Housing Revenue Account
RBC Legal Entity,2021/08/31,4587332,257262,GS ECOLOGY LTD,Planning,420,TPP  Contract,SUPPLIER,STANDARD,4700,KAAA-Directorate of Economic Growth and Neighbourhood Services
RBC Legal Entity,2021/08/31,4587333,257262,GS ECOLOGY LTD,Planning,455,TPP  Contract,SUPPLIER,STANDARD,4700,KAAA-Directorate of Economic Growth and Neighbourhood Services
RBC Legal Entity,2021/08/31,4584269,257264,HUCK NETS (UK) LTD,Grounds Maintenance,15,CPG Maintenance,SUPPLIER,STANDARD,1306,KAAA-Directorate of Economic Growth and Neighbourhood Services
RBC Legal Entity,2021/08/31,4584269,257264,HUCK NETS (UK) LTD,Grounds Maintenance,39,CPG Maintenance,SUPPLIER,STANDARD,1306,KAAA-Directorate of Economic Growth and Neighbourhood Services
RBC Legal Entity,2021/08/31,4584269,257264,HUCK NETS (UK) LTD,Grounds Maintenance,53,CPG Maintenance,SUPPLIER,STANDARD,1306,KAAA-Directorate of Economic Growth and Neighbourhood Services
RBC Legal Entity,2021/08/31,4584269,257264,HUCK NETS (UK) LTD,Grounds Maintenance,992.8,CPG Maintenance,SUPPLIER,STANDARD,1306,KAAA-Directorate of Economic Growth and Neighbourhood Services
RBC Legal Entity,2021/08/31,4585689,257267,PESTPRO BIRD SOLUTIONS LTD,DLO Day to Day Trades,390,Subcontractors Labour,Third Party Supplier,STANDARD,4010,KAAA-Directorate of Economic Growth and Neighbourhood Services
RBC Legal Entity,2021/08/31,4585689,257267,PESTPRO BIRD SOLUTIONS LTD,DLO Day to Day Trades,397.12,Subcontractors Labour,Third Party Supplier,STANDARD,4010,KAAA-Directorate of Economic Growth and Neighbourhood Services
RBC Legal Entity,2021/08/31,4585689,257267,PESTPRO BIRD SOLUTIONS LTD,DLO Day to Day Trades,3500,Subcontractors Labour,Third Party Supplier,STANDARD,4010,KAAA-Directorate of Economic Growth and Neighbourhood Services
RBC Legal Entity,2021/08/31,4588697,257268,TOTAL HEALTH SUPPORT & TRAINING SERVICES,LD Community Services,5128.03,Purchased Care,Third Party Supplier,STANDARD,5741,JAAA-Directorate of Social Care and Health Services
RBC Legal Entity,2021/08/31,4588698,257268,TOTAL HEALTH SUPPORT & TRAINING SERVICES,LD Community Services,3548.16,Purchased Care,Third Party Supplier,STANDARD,5741,JAAA-Directorate of Social Care and Health Services
RBC Legal Entity,2021/08/31,4588699,257268,TOTAL HEALTH SUPPORT & TRAINING SERVICES,LD Community Services,3473.39,Purchased Care,Third Party Supplier,STANDARD,5741,JAAA-Directorate of Social Care and Health Services
RBC Legal Entity,2021/08/31,4588700,257268,TOTAL HEALTH SUPPORT & TRAINING SERVICES,LD Community Services,5686.35,Purchased Care,Third Party Supplier,STANDARD,5741,JAAA-Directorate of Social Care and Health Services
RBC Legal Entity,2021/08/31,4588701,257268,TOTAL HEALTH SUPPORT & TRAINING SERVICES,LD Community Services,3293.6,Purchased Care,Third Party Supplier,STANDARD,5741,JAAA-Directorate of Social Care and Health Services
RBC Legal Entity,2021/08/31,4588702,257268,TOTAL HEALTH SUPPORT & TRAINING SERVICES,LD Community Services,4777.04,Purchased Care,Third Party Supplier,STANDARD,5741,JAAA-Directorate of Social Care and Health Services
RBC Legal Entity,2021/08/31,4588703,257268,TOTAL HEALTH SUPPORT & TRAINING SERVICES,LD Community Services,4777.04,Purchased Care,Third Party Supplier,STANDARD,5741,JAAA-Directorate of Social Care and Health Services
RBC Legal Entity,2021/08/31,4588704,257268,TOTAL HEALTH SUPPORT & TRAINING SERVICES,Mental Health Community Services,3965.63,Purchased Care,Third Party Supplier,STANDARD,5731,JAAA-Directorate of Social Care and Health Services
RBC Legal Entity,2021/08/31,4588708,257268,TOTAL HEALTH SUPPORT & TRAINING SERVICES,LD Community Services,4629.88,Purchased Care,Third Party Supplier,STANDARD,5741,JAAA-Directorate of Social Care and Health Services
RBC Legal Entity,2021/08/31,4588816,257271,YMCA READING,Housing GF General Charges,26530.25,Preventive+SupportiveServ,SUPPLIER,STANDARD,5810,KAAA-Directorate of Economic Growth and Neighbourhood Services
RBC Legal Entity,2021/08/31,4584130,257272,DAVID MARUSZA,JLT Disbursements,700,Misc. Legal Expenses,SUPPLIER,STANDARD,2407,LAAA-Directorate of Resources
RBC Legal Entity,2021/08/31,4589878,257273,COURTNEY COACHES LTD,Strategic Transport & Concessionary Fares,1988.51,Payments for Bus Services,SUPPLIER,STANDARD,4726,KAAA-Directorate of Economic Growth and Neighbourhood Services
RBC Legal Entity,2021/08/31,4589879,257273,COURTNEY COACHES LTD,Strategic Transport & Concessionary Fares,2059.53,Payments for Bus Services,SUPPLIER,STANDARD,4726,KAAA-Directorate of Economic Growth and Neighbourhood Services
RBC Legal Entity,2021/08/31,4589882,257273,COURTNEY COACHES LTD,Strategic Transport & Concessionary Fares,1988.51,Payments for Bus Services,SUPPLIER,STANDARD,4726,KAAA-Directorate of Economic Growth and Neighbourhood Services
RBC Legal Entity,2021/08/31,4584125,257274,DNA LEGAL LTD,JLT Disbursements,500,Misc. Legal Expenses,SUPPLIER,STANDARD,2407,LAAA-Directorate of Resources
RBC Legal Entity,2021/08/31,4584122,257276,JAMES DOVE,JLT Disbursements,180,Misc. Legal Expenses,Third Party Supplier,STANDARD,2407,LAAA-Directorate of Resources
RBC Legal Entity,2021/08/31,4584122,257276,JAMES DOVE,JLT Disbursements,675,Misc. Legal Expenses,Third Party Supplier,STANDARD,2407,LAAA-Directorate of Resources
RBC Legal Entity,2021/08/31,4584123,257276,JAMES DOVE,JLT Disbursements,180,Misc. Legal Expenses,Third Party Supplier,STANDARD,2407,LAAA-Directorate of Resources
RBC Legal Entity,2021/08/31,4584123,257276,JAMES DOVE,JLT Disbursements,675,Misc. Legal Expenses,Third Party Supplier,STANDARD,2407,LAAA-Directorate of Resources
RBC Legal Entity,2021/08/31,4584127,257276,JAMES DOVE,JLT Disbursements,1035,Misc. Legal Expenses,Third Party Supplier,STANDARD,2407,LAAA-Directorate of Resources
RBC Legal Entity,2021/08/31,4584199,257278,BK SAFETY & WORKWEAR LTD,Street Cleansing,34.99,Materials from Store,SUPPLIER,STANDARD,4566,KAAA-Directorate of Economic Growth and Neighbourhood Services
RBC Legal Entity,2021/08/31,4584199,257278,BK SAFETY & WORKWEAR LTD,Street Cleansing,85.8,Materials from Store,SUPPLIER,STANDARD,4566,KAAA-Directorate of Economic Growth and Neighbourhood Services
RBC Legal Entity,2021/08/31,4584199,257278,BK SAFETY & WORKWEAR LTD,Street Cleansing,91,Materials from Store,SUPPLIER,STANDARD,4566,KAAA-Directorate of Economic Growth and Neighbourhood Services
RBC Legal Entity,2021/08/31,4584199,257278,BK SAFETY & WORKWEAR LTD,Street Cleansing,120,Materials from Store,SUPPLIER,STANDARD,4566,KAAA-Directorate of Economic Growth and Neighbourhood Services
RBC Legal Entity,2021/08/31,4584199,257278,BK SAFETY & WORKWEAR LTD,Street Cleansing,135,Materials from Store,SUPPLIER,STANDARD,4566,KAAA-Directorate of Economic Growth and Neighbourhood Services
RBC Legal Entity,2021/08/31,4584199,257278,BK SAFETY & WORKWEAR LTD,Street Cleansing,243.32,Materials from Store,SUPPLIER,STANDARD,4566,KAAA-Directorate of Economic Growth and Neighbourhood Services
RBC Legal Entity,2021/08/31,4584199,257278,BK SAFETY & WORKWEAR LTD,Street Cleansing,313.5,Materials from Store,SUPPLIER,STANDARD,4566,KAAA-Directorate of Economic Growth and Neighbourhood Services
RBC Legal Entity,2021/08/31,4569910,257279,PILON LTD,Safer Community Unit,10505.06,Building Maintenance,SUB-CONTRACTOR,STANDARD,5365,KAAA-Directorate of Economic Growth and Neighbourhood Services
RBC Legal Entity,2021/08/31,4585982,257279,PILON LTD,DLO Voids Trades,21582.33,Subcontractors Labour,SUB-CONTRACTOR,STANDARD,4020,KAAA-Directorate of Economic Growth and Neighbourhood Services
RBC Legal Entity,2021/08/31,4585984,257279,PILON LTD,DLO Day to Day Trades,11516.61,Subcontractors Labour,SUB-CONTRACTOR,STANDARD,4010,KAAA-Directorate of Economic Growth and Neighbourhood Services
RBC Legal Entity,2021/08/31,4585769,257280,F M CONWAY LTD,Highways,628.95,Materials Direct,SUB-CONTRACTOR,STANDARD,4252,KAAA-Directorate of Economic Growth and Neighbourhood Services
RBC Legal Entity,2021/08/31,4585779,257280,F M CONWAY LTD,Highways,457.7,Materials Direct,SUB-CONTRACTOR,STANDARD,4252,KAAA-Directorate of Economic Growth and Neighbourhood Services
RBC Legal Entity,2021/08/31,4585797,257280,F M CONWAY LTD,Highways,1035,Materials Direct,SUB-CONTRACTOR,STANDARD,4252,KAAA-Directorate of Economic Growth and Neighbourhood Services
RBC Legal Entity,2021/08/31,4588720,257281,CARE4U WE LTD,LD Community Services,2119.32,Purchased Care,Third Party Supplier,STANDARD,5741,JAAA-Directorate of Social Care and Health Services
RBC Legal Entity,2021/08/31,4588721,257281,CARE4U WE LTD,LD Community Services,2242.8,Purchased Care,Third Party Supplier,STANDARD,5741,JAAA-Directorate of Social Care and Health Services
RBC Legal Entity,2021/08/31,4588722,257281,CARE4U WE LTD,Mental Health Community Services,2453.01,Purchased Care,Third Party Supplier,STANDARD,5731,JAAA-Directorate of Social Care and Health Services
RBC Legal Entity,2021/08/31,4588723,257281,CARE4U WE LTD,LD Community Services,635.6,Purchased Care,Third Party Supplier,STANDARD,5741,JAAA-Directorate of Social Care and Health Services
RBC Legal Entity,2021/08/31,4588724,257281,CARE4U WE LTD,LD Community Services,3348.28,Purchased Care,Third Party Supplier,STANDARD,5741,JAAA-Directorate of Social Care and Health Services
RBC Legal Entity,2021/08/31,4588725,257281,CARE4U WE LTD,LD Community Services,3444.64,Purchased Care,Third Party Supplier,STANDARD,5741,JAAA-Directorate of Social Care and Health Services
RBC Legal Entity,2021/08/31,4588726,257281,CARE4U WE LTD,LD Community Services,2809.04,Purchased Care,Third Party Supplier,STANDARD,5741,JAAA-Directorate of Social Care and Health Services
RBC Legal Entity,2021/08/31,4588728,257281,CARE4U WE LTD,LD Community Services,3189.4,Purchased Care,Third Party Supplier,STANDARD,5741,JAAA-Directorate of Social Care and Health Services
RBC Legal Entity,2021/08/31,4588729,257281,CARE4U WE LTD,Mental Health Community Services,2707.24,Purchased Care,Third Party Supplier,STANDARD,5731,JAAA-Directorate of Social Care and Health Services
RBC Legal Entity,2021/08/31,4588730,257281,CARE4U WE LTD,PS Acquired Community Services,2961.49,Purchased Care,Third Party Supplier,STANDARD,5771,JAAA-Directorate of Social Care and Health Services
RBC Legal Entity,2021/08/31,4588731,257281,CARE4U WE LTD,LD Community Services,3063.28,Purchased Care,Third Party Supplier,STANDARD,5741,JAAA-Directorate of Social Care and Health Services
RBC Legal Entity,2021/08/31,4588732,257281,CARE4U WE LTD,LD Community Services,4137.34,Purchased Care,Third Party Supplier,STANDARD,5741,JAAA-Directorate of Social Care and Health Services
RBC Legal Entity,2021/08/31,4588733,257281,CARE4U WE LTD,LD Community Services,3402.76,Purchased Care,Third Party Supplier,STANDARD,5741,JAAA-Directorate of Social Care and Health Services
RBC Legal Entity,2021/08/31,4588734,257281,CARE4U WE LTD,Mental Health Community Services,2707.24,Purchased Care,Third Party Supplier,STANDARD,5731,JAAA-Directorate of Social Care and Health Services
RBC Legal Entity,2021/08/31,4588735,257281,CARE4U WE LTD,LD Community Services,2465.26,Purchased Care,Third Party Supplier,STANDARD,5741,JAAA-Directorate of Social Care and Health Services
RBC Legal Entity,2021/08/31,4588736,257281,CARE4U WE LTD,LD Community Services,2814.84,Purchased Care,Third Party Supplier,STANDARD,5741,JAAA-Directorate of Social Care and Health Services
RBC Legal Entity,2021/08/31,4588737,257281,CARE4U WE LTD,PS Acquired Community Services,2707.24,Purchased Care,Third Party Supplier,STANDARD,5771,JAAA-Directorate of Social Care and Health Services
RBC Legal Entity,2021/08/31,4588738,257281,CARE4U WE LTD,LD Community Services,3597.08,Purchased Care,Third Party Supplier,STANDARD,5741,JAAA-Directorate of Social Care and Health Services
RBC Legal Entity,2021/08/31,4588739,257281,CARE4U WE LTD,Mental Health Community Services,2117.53,Purchased Care,Third Party Supplier,STANDARD,5731,JAAA-Directorate of Social Care and Health Services
RBC Legal Entity,2021/08/31,4588740,257281,CARE4U WE LTD,PS Acquired Community Services,3088.6,Purchased Care,Third Party Supplier,STANDARD,5771,JAAA-Directorate of Social Care and Health Services
RBC Legal Entity,2021/08/31,4588741,257281,CARE4U WE LTD,Mental Health Community Services,2707.2,Purchased Care,Third Party Supplier,STANDARD,5731,JAAA-Directorate of Social Care and Health Services
RBC Legal Entity,2021/08/31,4588746,257281,CARE4U WE LTD,Mental Health Community Services,1201.6,Purchased Care,Third Party Supplier,STANDARD,5731,JAAA-Directorate of Social Care and Health Services
RBC Legal Entity,2021/08/31,4588747,257281,CARE4U WE LTD,LD Community Services,2211,Purchased Care,Third Party Supplier,STANDARD,5741,JAAA-Directorate of Social Care and Health Services
RBC Legal Entity,2021/08/31,4588748,257281,CARE4U WE LTD,Social Support,1956.76,Purchased Care,Third Party Supplier,STANDARD,5790,JAAA-Directorate of Social Care and Health Services
RBC Legal Entity,2021/08/31,4588749,257281,CARE4U WE LTD,Mental Health Community Services,2211,Purchased Care,Third Party Supplier,STANDARD,5731,JAAA-Directorate of Social Care and Health Services
RBC Legal Entity,2021/08/31,4588750,257281,CARE4U WE LTD,Mental Health Community Services,1702.52,Purchased Care,Third Party Supplier,STANDARD,5731,JAAA-Directorate of Social Care and Health Services
RBC Legal Entity,2021/08/31,4588751,257281,CARE4U WE LTD,Mental Health Community Services,7420.24,Purchased Care,Third Party Supplier,STANDARD,5731,JAAA-Directorate of Social Care and Health Services
RBC Legal Entity,2021/08/31,4588752,257281,CARE4U WE LTD,LD Community Services,10010,Purchased Care,Third Party Supplier,STANDARD,5741,JAAA-Directorate of Social Care and Health Services
RBC Legal Entity,2021/08/31,4588754,257281,CARE4U WE LTD,LD Community Services,3444.64,Purchased Care,Third Party Supplier,STANDARD,5741,JAAA-Directorate of Social Care and Health Services
RBC Legal Entity,2021/08/31,4588755,257281,CARE4U WE LTD,LD Community Services,2744.48,Purchased Care,Third Party Supplier,STANDARD,5741,JAAA-Directorate of Social Care and Health Services
RBC Legal Entity,2021/08/31,4588758,257281,CARE4U WE LTD,Mental Health Community Services,1893.2,Purchased Care,Third Party Supplier,STANDARD,5731,JAAA-Directorate of Social Care and Health Services
RBC Legal Entity,2021/08/31,4588759,257281,CARE4U WE LTD,Mental Health Community Services,1893.2,Purchased Care,Third Party Supplier,STANDARD,5731,JAAA-Directorate of Social Care and Health Services
RBC Legal Entity,2021/08/31,4587565,257282,EW BEARD LIMITED,St Michael's Primary,38440,Building Works,SUB-CONTRACTOR,STANDARD,8230,ZZZC-Capital
RBC Legal Entity,2021/08/31,4587266,257283,MARIE MARAIS,Transformation,6129.8,Agency Staff,SUPPLIER,STANDARD,5289,JAAA-Directorate of Social Care and Health Services
RBC Legal Entity,2021/08/31,4584578,257284,BTU (INSTALLATION & MAINTENANCE) LTD,Archives General,434.43,Plant Maintenance,SUB-CONTRACTOR,STANDARD,1256,KAAA-Directorate of Economic Growth and Neighbourhood Services
RBC Legal Entity,2021/08/31,4584222,257285,NECTAR IMPORTS LTD,Hexagon Catering,1325.98,Purchases - Stock Provisions,SUPPLIER,STANDARD,1241,KAAA-Directorate of Economic Growth and Neighbourhood Services
RBC Legal Entity,2021/08/31,4584121,257286,KATE FERGUSON,JLT Disbursements,150,Misc. Legal Expenses,SUPPLIER,STANDARD,2407,LAAA-Directorate of Resources
RBC Legal Entity,2021/08/31,4584121,257286,KATE FERGUSON,JLT Disbursements,550,Misc. Legal Expenses,SUPPLIER,STANDARD,2407,LAAA-Directorate of Resources
RBC Legal Entity,2021/08/31,4584131,257286,KATE FERGUSON,JLT Disbursements,550,Misc. Legal Expenses,SUPPLIER,STANDARD,2407,LAAA-Directorate of Resources
RBC Legal Entity,2021/08/31,4584135,257286,KATE FERGUSON,JLT Disbursements,133.33,Misc. Legal Expenses,SUPPLIER,STANDARD,2407,LAAA-Directorate of Resources
RBC Legal Entity,2021/08/31,4584135,257286,KATE FERGUSON,JLT Disbursements,550,Misc. Legal Expenses,SUPPLIER,STANDARD,2407,LAAA-Directorate of Resources
RBC Legal Entity,2021/08/31,4589872,257287,Brighter Futures for Children,Education Suspense,616.72,Suspense items,Internal,STANDARD,3999,NAAA-Former Directorate of Education and Childrens Services
RBC Legal Entity,2021/08/31,4589672,257288,MARTIN COSTELLOE,Housing Advice,1330.74,Responsive Repairs,Landlord,STANDARD,5820,KAAA-Directorate of Economic Growth and Neighbourhood Services
RBC Legal Entity,2021/08/31,4588279,257289,I.V CARE LTD,PS Acquired Community Services,931,Purchased Care,Third Party Supplier,STANDARD,5771,JAAA-Directorate of Social Care and Health Services
RBC Legal Entity,2021/08/31,4588280,257289,I.V CARE LTD,PS Acquired Community Services,1862,Purchased Care,Third Party Supplier,STANDARD,5771,JAAA-Directorate of Social Care and Health Services
RBC Legal Entity,2021/08/31,4588281,257289,I.V CARE LTD,PS Acquired Community Services,532,Purchased Care,Third Party Supplier,STANDARD,5771,JAAA-Directorate of Social Care and Health Services
RBC Legal Entity,2021/08/31,4588282,257289,I.V CARE LTD,PS Acquired Community Services,1099.47,Purchased Care,Third Party Supplier,STANDARD,5771,JAAA-Directorate of Social Care and Health Services
RBC Legal Entity,2021/08/31,4588286,257289,I.V CARE LTD,PS Acquired Community Services,1178,Purchased Care,Third Party Supplier,STANDARD,5771,JAAA-Directorate of Social Care and Health Services
RBC Legal Entity,2021/08/31,4588367,257289,I.V CARE LTD,PS Acquired Community Services,665,Purchased Care,Third Party Supplier,STANDARD,5771,JAAA-Directorate of Social Care and Health Services
RBC Legal Entity,2021/08/31,4585990,257291,BT FLEET PART OF AURELIUS AG,Fleet Management,49.81,Vehicle Maintenance,SUPPLIER,STANDARD,4552,KAAA-Directorate of Economic Growth and Neighbourhood Services
RBC Legal Entity,2021/08/31,4585990,257291,BT FLEET PART OF AURELIUS AG,Fleet Management,1430.78,Vehicle Maintenance,SUPPLIER,STANDARD,4552,KAAA-Directorate of Economic Growth and Neighbourhood Services
RBC Legal Entity,2021/08/31,4585016,257292,CSN CARE GROUP LTD T/A CAREWATCH,Social Support,736.25,Purchased Care,Third Party Supplier,STANDARD,5790,JAAA-Directorate of Social Care and Health Services
RBC Legal Entity,2021/08/31,4585017,257292,CSN CARE GROUP LTD T/A CAREWATCH,PS Acquired Community Services,736.25,Purchased Care,Third Party Supplier,STANDARD,5771,JAAA-Directorate of Social Care and Health Services
RBC Legal Entity,2021/08/31,4585018,257292,CSN CARE GROUP LTD T/A CAREWATCH,PS Acquired Community Services,736.25,Purchased Care,Third Party Supplier,STANDARD,5771,JAAA-Directorate of Social Care and Health Services
RBC Legal Entity,2021/08/31,4585020,257292,CSN CARE GROUP LTD T/A CAREWATCH,PS Acquired Community Services,589,Purchased Care,Third Party Supplier,STANDARD,5771,JAAA-Directorate of Social Care and Health Services
RBC Legal Entity,2021/08/31,4585021,257292,CSN CARE GROUP LTD T/A CAREWATCH,PS Acquired Community Services,1002.25,Purchased Care,Third Party Supplier,STANDARD,5771,JAAA-Directorate of Social Care and Health Services
RBC Legal Entity,2021/08/31,4585023,257292,CSN CARE GROUP LTD T/A CAREWATCH,PS Acquired Community Services,2650.5,Purchased Care,Third Party Supplier,STANDARD,5771,JAAA-Directorate of Social Care and Health Services
RBC Legal Entity,2021/08/31,4585024,257292,CSN CARE GROUP LTD T/A CAREWATCH,PS Acquired Community Services,2660,Purchased Care,Third Party Supplier,STANDARD,5771,JAAA-Directorate of Social Care and Health Services
RBC Legal Entity,2021/08/31,4585026,257292,CSN CARE GROUP LTD T/A CAREWATCH,PS Acquired Community Services,983.25,Purchased Care,Third Party Supplier,STANDARD,5771,JAAA-Directorate of Social Care and Health Services
RBC Legal Entity,2021/08/31,4587693,257294,BERKSHIRE ROOMS,Bed and Breakfast,133,Rents,SUPPLIER,STANDARD,5871,KAAA-Directorate of Economic Growth and Neighbourhood Services
RBC Legal Entity,2021/08/31,4587693,257294,BERKSHIRE ROOMS,Bed and Breakfast,532,Rents,SUPPLIER,STANDARD,5871,KAAA-Directorate of Economic Growth and Neighbourhood Services
RBC Legal Entity,2021/08/31,4587694,257294,BERKSHIRE ROOMS,Bed and Breakfast,595,Rents,SUPPLIER,STANDARD,5871,KAAA-Directorate of Economic Growth and Neighbourhood Services
RBC Legal Entity,2021/08/31,4587695,257294,BERKSHIRE ROOMS,Bed and Breakfast,840,Rents,SUPPLIER,STANDARD,5871,KAAA-Directorate of Economic Growth and Neighbourhood Services
RBC Legal Entity,2021/08/31,4587696,257294,BERKSHIRE ROOMS,Bed and Breakfast,900,Rents,SUPPLIER,STANDARD,5871,KAAA-Directorate of Economic Growth and Neighbourhood Services
RBC Legal Entity,2021/08/31,4587700,257294,BERKSHIRE ROOMS,Bed and Breakfast,189,Rents,SUPPLIER,STANDARD,5871,KAAA-Directorate of Economic Growth and Neighbourhood Services
RBC Legal Entity,2021/08/31,4587700,257294,BERKSHIRE ROOMS,Bed and Breakfast,756,Rents,SUPPLIER,STANDARD,5871,KAAA-Directorate of Economic Growth and Neighbourhood Services
RBC Legal Entity,2021/08/31,4584353,257295,WESSEX PETROLEUM T/A WP GROUP,Corporate FM - Office Buildings,33939.47,Fuel + Oil,Third Party Supplier,STANDARD,3738,KAAA-Directorate of Economic Growth and Neighbourhood Services
RBC Legal Entity,2021/08/31,4585276,257296,GOLF AND TURF EQUIPMENT LTD,Fleet Management,543.13,HortcultrlMachServ/Repair,Third Party Supplier,STANDARD,4552,KAAA-Directorate of Economic Growth and Neighbourhood Services
RBC Legal Entity,2021/08/31,4585708,257297,AMHERST READING,Bed and Breakfast,700,Rents,Third Party Supplier,STANDARD,5871,KAAA-Directorate of Economic Growth and Neighbourhood Services
RBC Legal Entity,2021/08/31,4588801,257297,AMHERST READING,Housing GF General Charges,700,Preventive+SupportiveServ,Third Party Supplier,STANDARD,5810,KAAA-Directorate of Economic Growth and Neighbourhood Services
RBC Legal Entity,2021/08/04,,21099,Pandora Maple,Faster Payment,1695,Faster Payment,Third Party Supplier,STANDARD,5820,KAAA-Directorate of Economic Growth and Neighbourhood Services
RBC Legal Entity,2021/08/06,,21100,Haven Property Solutions,Faster Payment,1120,Faster Payment,Third Party Supplier,STANDARD,5820,KAAA-Directorate of Economic Growth and Neighbourhood Services
RBC Legal Entity,2021/08/12,,21102,Joanne Gray,Faster Payment,960,Faster Payment,Third Party Supplier,STANDARD,5820,KAAA-Directorate of Economic Growth and Neighbourhood Services
RBC Legal Entity,2021/08/17,,21105,Haven Property Solutions,Faster Payment,1170,Faster Payment,Third Party Supplier,STANDARD,5820,KAAA-Directorate of Economic Growth and Neighbourhood Services
RBC Legal Entity,2021/08/19,,21108,Sovereign Housing Association,Faster Payment,2189.72,Faster Payment,Third Party Supplier,STANDARD,5820,KAAA-Directorate of Economic Growth and Neighbourhood Services
RBC Legal Entity,2021/08/25,,21111,Blandy & Blandy LLP Client Account,CHAPS,173827.80,CHAPS,Third Party Supplier,STANDARD,8518,ZZZC-Capital
RBC Legal Entity,2021/08/02,,,A1 Locksmiths ( Berkshire ),Visa Purchasing Card,491.67 ,Visa Purchasing Card,Third Party Supplier,STANDARD,4020,KAAA-Directorate of Economic Growth and Neighbourhood Services
RBC Legal Entity,2021/08/09,,,Mj Awards,Visa Purchasing Card,1180.00 ,Visa Purchasing Card,Third Party Supplier,STANDARD,5722,JAAA-Directorate of Social Care and Health Services
RBC Legal Entity,2021/08/06,,,Argos Ltd,Visa Purchasing Card,772.95 ,Visa Purchasing Card,Third Party Supplier,STANDARD,5608,JAAA-Directorate of Social Care and Health Services
RBC Legal Entity,2021/08/20,,,Travelodge Gb0733,Visa Purchasing Card,649.42 ,Visa Purchasing Card,Third Party Supplier,STANDARD,5871,KAAA-Directorate of Economic Growth and Neighbourhood Services
