Purchasing Organisation,Payment Date,Voucher Number (Internal Classification),Payment Number,Supplier Name,Service Area,Amount (£),Purpose,Supplier Type (Internal Classification),Invoice Type (Internal Classification),Cost Centre,Directorate
Reading Borough Council,01/07/2025,234745,76781,TFG GROUP LTD,Corporate Maintenance Services,1145,Third Party Payments          -,Third Party Pymts: Other Estab,RBC Standard Invoice,R4080,Directorate of Economic Growth and Neighbourhood Services
Reading Borough Council,01/07/2025,241192,76782,ABSOLUTE CARE UK LTD,LD Community Services,1272.24,Third Party Payments          -,Purchased Care,RBC Mosaic Invoice,R5741,Directorate of Social Care and Health Services
Reading Borough Council,01/07/2025,241193,76782,ABSOLUTE CARE UK LTD,PS Acquired Community Services,730.36,Third Party Payments          -,Purchased Care,RBC Mosaic Invoice,R5771,Directorate of Social Care and Health Services
Reading Borough Council,01/07/2025,241194,76782,ABSOLUTE CARE UK LTD,PS Acquired Community Services,1554.96,Third Party Payments          -,Purchased Care,RBC Mosaic Invoice,R5771,Directorate of Social Care and Health Services
Reading Borough Council,01/07/2025,241195,76782,ABSOLUTE CARE UK LTD,PS Acquired Community Services,1036.64,Third Party Payments          -,Purchased Care,RBC Mosaic Invoice,R5771,Directorate of Social Care and Health Services
Reading Borough Council,01/07/2025,241197,76782,ABSOLUTE CARE UK LTD,PS Acquired Community Services,824.6,Third Party Payments          -,Purchased Care,RBC Mosaic Invoice,R5771,Directorate of Social Care and Health Services
Reading Borough Council,01/07/2025,241199,76782,ABSOLUTE CARE UK LTD,PS Acquired Community Services,3298.4,Third Party Payments          -,Purchased Care,RBC Mosaic Invoice,R5771,Directorate of Social Care and Health Services
Reading Borough Council,01/07/2025,241201,76782,ABSOLUTE CARE UK LTD,PS Acquired Community Services,1036.64,Third Party Payments          -,Purchased Care,RBC Mosaic Invoice,R5771,Directorate of Social Care and Health Services
Reading Borough Council,01/07/2025,241202,76782,ABSOLUTE CARE UK LTD,PS Acquired Community Services,3958.08,Third Party Payments          -,Purchased Care,RBC Mosaic Invoice,R5771,Directorate of Social Care and Health Services
Reading Borough Council,01/07/2025,241203,76782,ABSOLUTE CARE UK LTD,PS Acquired Community Services,824.6,Third Party Payments          -,Purchased Care,RBC Mosaic Invoice,R5771,Directorate of Social Care and Health Services
Reading Borough Council,01/07/2025,241206,76782,ABSOLUTE CARE UK LTD,Social Support,742.14,Third Party Payments          -,Purchased Care,RBC Mosaic Invoice,R5790,Directorate of Social Care and Health Services
Reading Borough Council,01/07/2025,243097,76783,BOWAK LTD,Hexagon Operations,908.22,Supplies and Services         -,Equipment Purchase & Repair,RBC Standard Invoice,R1200,Directorate of Economic Growth and Neighbourhood Services
Reading Borough Council,01/07/2025,243459,76785,RENAULT TRUCK COMMERCIAL LTD,Fleet Management,570,Transport Related Expenditure -,Vehicle Maintenance,RBC Standard Invoice,R4552,Directorate of Economic Growth and Neighbourhood Services
Reading Borough Council,01/07/2025,243463,76785,RENAULT TRUCK COMMERCIAL LTD,Fleet Management,579.69,Transport Related Expenditure -,Vehicle Maintenance,RBC Standard Invoice,R4552,Directorate of Economic Growth and Neighbourhood Services
Reading Borough Council,01/07/2025,243466,76785,RENAULT TRUCK COMMERCIAL LTD,Fleet Management,570,Transport Related Expenditure -,Vehicle Maintenance,RBC Standard Invoice,R4552,Directorate of Economic Growth and Neighbourhood Services
Reading Borough Council,01/07/2025,243492,76785,RENAULT TRUCK COMMERCIAL LTD,Fleet Management,639.51,Transport Related Expenditure -,Vehicle Maintenance,RBC Standard Invoice,R4552,Directorate of Economic Growth and Neighbourhood Services
Reading Borough Council,01/07/2025,243353,76790,THE SOCIETY OF CHIEF LIBRARIANS,Reading Libraries,609.85,Supplies and Services         -,Professional Fees,RBC Standard Invoice,R1400,Directorate of Economic Growth and Neighbourhood Services
Reading Borough Council,01/07/2025,243395,76792,E.ON,Acre Business Park,669.11,Premises Related Expenses     -,Electricity,RBC Standard Invoice,R2120,Directorate of Economic Growth and Neighbourhood Services
Reading Borough Council,01/07/2025,243290,76793,LIVE NATION MUSIC (UK) LTD,Hexagon Operations,14190.71,Supplies and Services         -,Professional Fees,RBC Refunds Manual Entry,R1200,Directorate of Economic Growth and Neighbourhood Services
Reading Borough Council,01/07/2025,243447,76793,LIVE NATION MUSIC (UK) LTD,Hexagon Operations,7464.3,Supplies and Services         -,Professional Fees,RBC Refunds Manual Entry,R1200,Directorate of Economic Growth and Neighbourhood Services
Reading Borough Council,01/07/2025,233805,76794,DSI BILLING SERVICES LTD,Revenues & Benefits Systems,3821.07,Supplies and Services         -,Postage,RBC Standard Invoice,R2266,Directorate of Resources
Reading Borough Council,01/07/2025,232798,76795,NAL LTD,Highways,3545.32,Supplies and Services         -,Materials,RBC Standard Invoice,R4252,Directorate of Economic Growth and Neighbourhood Services
Reading Borough Council,01/07/2025,232610,76797,AGE UK BERKSHIRE,Voluntary Sector & Community G,3500,Supplies and Services         -,Grants Paid to Vol Sector,RBC Standard Invoice,R2041,Directorate of Resources
Reading Borough Council,01/07/2025,232802,76798,GREENHOUSE GRAPHICS LTD,Highways,550,Supplies and Services         -,Materials,RBC Standard Invoice,R4252,Directorate of Economic Growth and Neighbourhood Services
Reading Borough Council,01/07/2025,236165,76799,THE HOUSING OMBUDSMAN,Head of Housing,55085.8,Supplies and Services         -,Subscriptions,RBC Standard Invoice,R5910,Housing
Reading Borough Council,01/07/2025,243073,76800,UPTON PARK HOUSING,Emergency Accommodation,24224,Premises Related Expenses     -,Rents,RBC Standard Invoice,R5871,Directorate of Economic Growth and Neighbourhood Services
Reading Borough Council,01/07/2025,243425,76803,IMPATIENT PRODUCTIONS LTD,South Street Operations,1482.68,Supplies and Services         -,Professional Fees,RBC Refunds Manual Entry,R1220,Directorate of Economic Growth and Neighbourhood Services
Reading Borough Council,01/07/2025,239311,76804,SYLVIANCARE LTD,PS Acquired Community Services,2968.56,Third Party Payments          -,Purchased Care,RBC Mosaic Invoice,R5771,Directorate of Social Care and Health Services
Reading Borough Council,01/07/2025,239312,76804,SYLVIANCARE LTD,PS Acquired Community Services,4617.76,Third Party Payments          -,Purchased Care,RBC Mosaic Invoice,R5771,Directorate of Social Care and Health Services
Reading Borough Council,01/07/2025,241662,76805,BOOKSPEED,Town Hall - Museum,865.14,Supplies and Services         -,Stock Purchase,RBC Standard Invoice,R1255,Directorate of Economic Growth and Neighbourhood Services
Reading Borough Council,01/07/2025,238276,76806,G2 RECRUITMENT SOLUTIONS LTD,DLO Planned Maintenance Trades,1440,Third Party Payments          -,Subcontractors Labour,RBC Standard Invoice,R4030,Directorate of Economic Growth and Neighbourhood Services
Reading Borough Council,01/07/2025,243288,76807,ENTERTAINERS SHOW PROVIDERS LTD,Hexagon Operations,4435.39,Supplies and Services         -,Professional Fees,RBC Refunds Manual Entry,R1200,Directorate of Economic Growth and Neighbourhood Services
Reading Borough Council,01/07/2025,232880,76809,EASY CARE SYSTEMS LTD,MRA Account,5297.08,Premises Related Expenses     -,Disability Mods & Adaptations,RBC Standard Invoice,R5975,Housing
Reading Borough Council,01/07/2025,240861,76812,CARE MANAGEMENT GROUP LTD,Mental Health Community Servic,4306.44,Third Party Payments          -,Purchased Care,RBC Mosaic Invoice,R5731,Directorate of Social Care and Health Services
Reading Borough Council,01/07/2025,238692,76813,MEDCARE HOME SERVICES LTD T/A PROACTIVE,Mental Health Community Servic,2471.16,Third Party Payments          -,Purchased Care,RBC Mosaic Invoice,R5731,Directorate of Social Care and Health Services
Reading Borough Council,01/07/2025,240667,76814,EUROPEAN ASBESTOS SERVICES LTD,Additional Children's Homes,7510.85,Capital                       -,External Fees  Surveyors,RBC CIS Invoice,C8426,Capital
Reading Borough Council,01/07/2025,241666,76815,ANGLIA SIGN CASTING LTD,Crematorium,514.89,Supplies and Services         -,Memorials & Comm'tive Plaques,RBC Standard Invoice,R4606,Directorate of Resources
Reading Borough Council,01/07/2025,232238,76818,BANNER GROUP LTD,Printing,843.2,Supplies and Services         -,Stationery,RBC Standard Invoice,R2590,Directorate of Economic Growth and Neighbourhood Services
Reading Borough Council,01/07/2025,233564,76819,SUMILLION LTD,IT Management,1150,Supplies and Services         -,ICT Consumables,RBC Standard Invoice,R2300,Directorate of Resources
Reading Borough Council,01/07/2025,243468,76820,FANE PRODUCTIONS LTD,Hexagon Operations,12603.35,Supplies and Services         -,Professional Fees,RBC Refunds Manual Entry,R1200,Directorate of Economic Growth and Neighbourhood Services
Reading Borough Council,01/07/2025,239449,76821,SPECIALIST QUANTUM SERVICES LTD,New Build & Acquis: Phase 2-4,6727.5,Capital                       -,External Fees  Misc.,RBC Standard Invoice,C8712,Capital
Reading Borough Council,01/07/2025,243365,76823,WAYNE COURTNAGE,Emergency Accommodation,770,Premises Related Expenses     -,Rents,RBC Standard Invoice,R5871,Directorate of Economic Growth and Neighbourhood Services
Reading Borough Council,01/07/2025,243396,76825,NAOMI PARSONS,Legal Services,8083.25,Supplies and Services         -,External Legal Services,RBC Standard Invoice,R2400,Directorate of Resources
Reading Borough Council,01/07/2025,232158,76828,GOLDLEAF TREEWORKS LTD,Streetscene,1250,Premises Related Expenses     -,Forestry,RBC Standard Invoice,R4567,Directorate of Economic Growth and Neighbourhood Services
Reading Borough Council,01/07/2025,235531,76830,EDUCATION BUSINESS PARTNERSHIP WEST BERK,New Directions,848,Supplies and Services         -,Professional Fees,RBC Standard Invoice,R3340,Directorate of Economic Growth and Neighbourhood Services
Reading Borough Council,01/07/2025,243303,76831,PASSTHEKEYS CAVERSHAM LTD,Emergency Accommodation,2850,Premises Related Expenses     -,Rents,RBC Standard Invoice,R5871,Directorate of Economic Growth and Neighbourhood Services
Reading Borough Council,01/07/2025,243338,76831,PASSTHEKEYS CAVERSHAM LTD,Emergency Accommodation,2850,Premises Related Expenses     -,Rents,RBC Standard Invoice,R5871,Directorate of Economic Growth and Neighbourhood Services
Reading Borough Council,01/07/2025,243339,76831,PASSTHEKEYS CAVERSHAM LTD,Emergency Accommodation,2250,Premises Related Expenses     -,Rents,RBC Standard Invoice,R5871,Directorate of Economic Growth and Neighbourhood Services
Reading Borough Council,01/07/2025,243340,76831,PASSTHEKEYS CAVERSHAM LTD,Emergency Accommodation,3150,Premises Related Expenses     -,Rents,RBC Standard Invoice,R5871,Directorate of Economic Growth and Neighbourhood Services
Reading Borough Council,01/07/2025,236172,76832,DR ASHIRWAD MERVE,Coroner,2950,Supplies and Services         -,Medical Fees,RBC Standard Invoice,R4605,Directorate of Economic Growth and Neighbourhood Services
Reading Borough Council,01/07/2025,243304,76833,CRAIG MCVEIGH,Hexagon Operations,15820,Supplies and Services         -,Professional Fees,RBC Refunds Manual Entry,R1200,Directorate of Economic Growth and Neighbourhood Services
Reading Borough Council,02/07/2025,243094,76846,WEST BERKSHIRE COUNCIL,Partnership Equipment Group,10530,Supplies and Services         -,Equipment Purchase & Repair,RBC Standard Invoice,R5110,Directorate of Social Care and Health Services
Reading Borough Council,02/07/2025,243623,76850,THOMSON REUTERS,Joint Legal Team,81600,Supplies and Services         -,Software Licences,RBC Standard Invoice,R2405,Directorate of Resources
Reading Borough Council,02/07/2025,243475,76852,RENAULT TRUCK COMMERCIAL LTD,Fleet Management,570,Transport Related Expenditure -,Vehicle Maintenance,RBC Refunds Manual Entry,R4552,Directorate of Economic Growth and Neighbourhood Services
Reading Borough Council,02/07/2025,243632,76852,RENAULT TRUCK COMMERCIAL LTD,Fleet Management,2655.04,Transport Related Expenditure -,Vehicle Maintenance,RBC Standard Invoice,R4552,Directorate of Economic Growth and Neighbourhood Services
Reading Borough Council,02/07/2025,243633,76852,RENAULT TRUCK COMMERCIAL LTD,Fleet Management,639.51,Transport Related Expenditure -,Vehicle Maintenance,Invoice,R4552,Directorate of Economic Growth and Neighbourhood Services
Reading Borough Council,02/07/2025,244131,76852,RENAULT TRUCK COMMERCIAL LTD,Fleet Management,570,Transport Related Expenditure -,Vehicle Maintenance,RBC Standard Invoice,R4552,Directorate of Economic Growth and Neighbourhood Services
Reading Borough Council,02/07/2025,244132,76852,RENAULT TRUCK COMMERCIAL LTD,Fleet Management,2220,Transport Related Expenditure -,Vehicle Maintenance,RBC Standard Invoice,R4552,Directorate of Economic Growth and Neighbourhood Services
Reading Borough Council,02/07/2025,236368,76853,THE WELDING SHOP LTD,Streetscene,530,Third Party Payments          -,Third Party Pymts: Other Estab,RBC CIS Invoice,R4567,Directorate of Economic Growth and Neighbourhood Services
Reading Borough Council,02/07/2025,243656,76856,READING REFUGEE SUPPORT GROUP,Single Homelessness Grants,4285.75,Supplies and Services         -,Preventative & Support Svces,RBC Standard Invoice,R5860,Directorate of Economic Growth and Neighbourhood Services
Reading Borough Council,02/07/2025,243660,76856,READING REFUGEE SUPPORT GROUP,Single Homelessness Grants,10000,Supplies and Services         -,Preventative & Support Svces,RBC Standard Invoice,R5860,Directorate of Economic Growth and Neighbourhood Services
Reading Borough Council,02/07/2025,235999,76859,SANDS SECURITY LTD,Hexagon Operations,1762,Premises Related Expenses     -,Security Costs,RBC Standard Invoice,R1200,Directorate of Economic Growth and Neighbourhood Services
Reading Borough Council,02/07/2025,239450,76860,FLEETWOOD GRAB SERVICES LTD,Highways,6021,Supplies and Services         -,Waste Disposal,RBC Standard Invoice,R4252,Directorate of Economic Growth and Neighbourhood Services
Reading Borough Council,02/07/2025,239451,76860,FLEETWOOD GRAB SERVICES LTD,Highways,6575,Supplies and Services         -,Materials,RBC Standard Invoice,R4252,Directorate of Economic Growth and Neighbourhood Services
Reading Borough Council,02/07/2025,244214,76866,IMPACT RENOVATIONS LTD,DFG & Priv Sector Adaptations,2701.01,Capital                       -,Grants Paid Out,RBC Refunds Manual Entry,C8120,Capital
Reading Borough Council,02/07/2025,243617,76867,ST MUNGO'S COMMUNITY HOUSING ASSOCIATION,Housing GF General Charges,8333.33,Supplies and Services         -,Preventative & Support Svces,RBC Standard Invoice,R5810,Directorate of Economic Growth and Neighbourhood Services
Reading Borough Council,02/07/2025,243641,76868,ALLPAY.NET.LTD,Self-serve payments,1040.18,Supplies and Services         -,Credit Card Commission,RBC Standard Invoice,R2255,Corporate
Reading Borough Council,02/07/2025,243642,76868,ALLPAY.NET.LTD,Self-serve payments,711.15,Supplies and Services         -,Credit Card Commission,RBC Standard Invoice,R2255,Corporate
Reading Borough Council,02/07/2025,243448,76871,FAROL LTD,Streetscene,515,Premises Related Expenses     -,Grounds Maintenance,RBC Standard Invoice,R4567,Directorate of Economic Growth and Neighbourhood Services
Reading Borough Council,02/07/2025,243653,76873,YMCA READING,Housing GF General Charges,22333.33,Supplies and Services         -,Preventative & Support Svces,RBC Standard Invoice,R5810,Directorate of Economic Growth and Neighbourhood Services
Reading Borough Council,02/07/2025,243654,76874,SALVATION ARMY SOCIAL SERVICES FINANCE,Housing GF General Charges,37083.33,Supplies and Services         -,Preventative & Support Svces,RBC Standard Invoice,R5810,Directorate of Economic Growth and Neighbourhood Services
Reading Borough Council,02/07/2025,236062,76880,CREAM DESIGN LTD,Strategic Transport & Concessi,2962,Supplies and Services         -,Professional Fees,RBC Standard Invoice,R4726,Directorate of Economic Growth and Neighbourhood Services
Reading Borough Council,02/07/2025,239271,76882,CARE4U WE LTD,Social Support,2935.96,Third Party Payments          -,Purchased Care,RBC Mosaic Invoice,R5790,Directorate of Social Care and Health Services
Reading Borough Council,02/07/2025,239273,76882,CARE4U WE LTD,LD Community Services,9418.64,Third Party Payments          -,Purchased Care,RBC Mosaic Invoice,R5741,Directorate of Social Care and Health Services
Reading Borough Council,02/07/2025,239229,76883,I.V CARE LTD,LD Community Services,848.16,Third Party Payments          -,Purchased Care,RBC Mosaic Invoice,R5741,Directorate of Social Care and Health Services
Reading Borough Council,02/07/2025,239230,76883,I.V CARE LTD,PS Acquired Community Services,1484.28,Third Party Payments          -,Purchased Care,RBC Mosaic Invoice,R5771,Directorate of Social Care and Health Services
Reading Borough Council,02/07/2025,239231,76883,I.V CARE LTD,PS Acquired Community Services,824.6,Third Party Payments          -,Purchased Care,RBC Mosaic Invoice,R5771,Directorate of Social Care and Health Services
Reading Borough Council,02/07/2025,239235,76883,I.V CARE LTD,PS Acquired Community Services,1154.44,Third Party Payments          -,Purchased Care,RBC Mosaic Invoice,R5771,Directorate of Social Care and Health Services
Reading Borough Council,02/07/2025,239237,76883,I.V CARE LTD,PS Acquired Community Services,1178,Third Party Payments          -,Purchased Care,RBC Mosaic Invoice,R5771,Directorate of Social Care and Health Services
Reading Borough Council,02/07/2025,239238,76883,I.V CARE LTD,PS Acquired Community Services,1154.44,Third Party Payments          -,Purchased Care,RBC Mosaic Invoice,R5771,Directorate of Social Care and Health Services
Reading Borough Council,02/07/2025,239239,76883,I.V CARE LTD,PS Acquired Community Services,559.55,Third Party Payments          -,Purchased Care,RBC Mosaic Invoice,R5771,Directorate of Social Care and Health Services
Reading Borough Council,02/07/2025,239241,76883,I.V CARE LTD,PS Acquired Community Services,659.68,Third Party Payments          -,Purchased Care,RBC Mosaic Invoice,R5771,Directorate of Social Care and Health Services
Reading Borough Council,02/07/2025,239242,76883,I.V CARE LTD,PS Acquired Community Services,1036.64,Third Party Payments          -,Purchased Care,RBC Mosaic Invoice,R5771,Directorate of Social Care and Health Services
Reading Borough Council,02/07/2025,239247,76883,I.V CARE LTD,PS Acquired Community Services,989.52,Third Party Payments          -,Purchased Care,RBC Mosaic Invoice,R5771,Directorate of Social Care and Health Services
Reading Borough Council,02/07/2025,239248,76883,I.V CARE LTD,PS Acquired Community Services,2968.56,Third Party Payments          -,Purchased Care,RBC Mosaic Invoice,R5771,Directorate of Social Care and Health Services
Reading Borough Council,02/07/2025,239251,76883,I.V CARE LTD,PS Acquired Community Services,1507.84,Third Party Payments          -,Purchased Care,RBC Mosaic Invoice,R5771,Directorate of Social Care and Health Services
Reading Borough Council,02/07/2025,239254,76883,I.V CARE LTD,PS Acquired Community Services,824.6,Third Party Payments          -,Purchased Care,RBC Mosaic Invoice,R5771,Directorate of Social Care and Health Services
Reading Borough Council,02/07/2025,239255,76883,I.V CARE LTD,PS Acquired Community Services,989.52,Third Party Payments          -,Purchased Care,RBC Mosaic Invoice,R5771,Directorate of Social Care and Health Services
Reading Borough Council,02/07/2025,239258,76883,I.V CARE LTD,PS Acquired Community Services,989.52,Third Party Payments          -,Purchased Care,RBC Mosaic Invoice,R5771,Directorate of Social Care and Health Services
Reading Borough Council,02/07/2025,239226,76885,SALIS CARE LTD,Social Support,4453.48,Third Party Payments          -,Purchased Care,RBC Mosaic Invoice,R5790,Directorate of Social Care and Health Services
Reading Borough Council,02/07/2025,239227,76885,SALIS CARE LTD,LD Community Services,6379.76,Third Party Payments          -,Purchased Care,RBC Mosaic Invoice,R5741,Directorate of Social Care and Health Services
Reading Borough Council,02/07/2025,232875,76886,SADAKA,Voluntary Sector & Community G,3000,Supplies and Services         -,Grants Paid to Vol Sector,RBC Standard Invoice,R2041,Directorate of Resources
Reading Borough Council,02/07/2025,243622,76887,HANNINGTONS LTD,Emergency Accommodation,2790,Premises Related Expenses     -,Rents,RBC Standard Invoice,R5871,Directorate of Economic Growth and Neighbourhood Services
Reading Borough Council,02/07/2025,233518,76888,PTG SCAFFOLDING LTD,Corporate Maintenance Services,2053.12,Third Party Payments          -,Corporate Maintenance Contract,RBC CIS Invoice,R4080,Directorate of Economic Growth and Neighbourhood Services
Reading Borough Council,02/07/2025,243637,76889,ALPHA LANGUAGE SERVICES LTD,JLT Disbursements,6193.88,Supplies and Services         -,External Legal Services,RBC Standard Invoice,R2407,Directorate of Resources
Reading Borough Council,02/07/2025,230315,76890,TOM WILSON,JLT Disbursements,5415,Supplies and Services         -,External Legal Services,RBC Standard Invoice,R2407,Directorate of Resources
Reading Borough Council,02/07/2025,243598,76893,LAUNCHPAD READING (2),Housing GF General Charges,25500,Supplies and Services         -,Preventative & Support Svces,RBC Standard Invoice,R5810,Directorate of Economic Growth and Neighbourhood Services
Reading Borough Council,02/07/2025,243599,76893,LAUNCHPAD READING (2),Housing GF General Charges,22500,Supplies and Services         -,Preventative & Support Svces,RBC Standard Invoice,R5810,Directorate of Economic Growth and Neighbourhood Services
Reading Borough Council,02/07/2025,243606,76893,LAUNCHPAD READING (2),Single Homelessness Grants,64326.58,Supplies and Services         -,Preventative & Support Svces,RBC Standard Invoice,R5860,Directorate of Economic Growth and Neighbourhood Services
Reading Borough Council,02/07/2025,240153,76895,MOVE CONSULTING LTD,Public Health Team Costs,14500,Supplies and Services         -,Professional Fees,RBC Standard Invoice,R2065,Directorate of Social Care and Health Services
Reading Borough Council,03/07/2025,233565,77253,ORACLE CORPORATION UK LTD,Corporate Miscellaneous,34144.43,Supplies and Services         -,Software Licences,RBC Standard Invoice,R2855,Corporate
Reading Borough Council,03/07/2025,233520,77254,PITNEY BOWES LTD,Post Room,15021.92,Supplies and Services         -,Postage,RBC Standard Invoice,R2585,Directorate of Economic Growth and Neighbourhood Services
Reading Borough Council,03/07/2025,238990,77255,EE LTD,Bus Lane Enforcement,3478,Supplies and Services         -,Mobile Phones,RBC Standard Invoice,R4722,Directorate of Economic Growth and Neighbourhood Services
Reading Borough Council,03/07/2025,244776,77257,FISHER HYDRAULICS LTD,Fleet Management,17160.55,Transport Related Expenditure -,Vehicle Maint - Unplanned,RBC Standard Invoice,R4552,Directorate of Economic Growth and Neighbourhood Services
Reading Borough Council,03/07/2025,237613,77258,BOWAK LTD,Community Re-ablement Team,767,Premises Related Expenses     -,Cleaning Services & Materials,RBC Standard Invoice,R5205,Directorate of Social Care and Health Services
Reading Borough Council,03/07/2025,244957,77259,CHOICE LTD,LD Community Services,10906.68,Third Party Payments          -,Day Care Purchases,RBC Mosaic Invoice,R5741,Directorate of Social Care and Health Services
Reading Borough Council,03/07/2025,230823,77261,CLC CONTRACTORS LTD,Repairs,7821,Premises Related Expenses     -,Feasibility Studies,RBC CIS Invoice,R5970,Housing
Reading Borough Council,03/07/2025,244755,77262,THE SOCIETY OF CHIEF LIBRARIANS,Reading Libraries,904.41,Supplies and Services         -,Professional Fees,RBC Standard Invoice,R1400,Directorate of Economic Growth and Neighbourhood Services
Reading Borough Council,03/07/2025,244951,77263,JIGSAW CREATIVE CARE LTD,LD Community Services,7204.32,Third Party Payments          -,Purchased Care,RBC Mosaic Invoice,R5741,Directorate of Social Care and Health Services
Reading Borough Council,03/07/2025,245127,77264,E.ON,Acre Business Park,546.11,Premises Related Expenses     -,Electricity,RBC Refunds Manual Entry,R2120,Directorate of Economic Growth and Neighbourhood Services
Reading Borough Council,03/07/2025,244990,77266,TONNA CARE SERVICES LTD,LD Community Services,645,Third Party Payments          -,Purchased Care,RBC Mosaic Invoice,R5741,Directorate of Social Care and Health Services
Reading Borough Council,03/07/2025,244993,77266,TONNA CARE SERVICES LTD,LD Community Services,516,Third Party Payments          -,Purchased Care,RBC Mosaic Invoice,R5741,Directorate of Social Care and Health Services
Reading Borough Council,03/07/2025,244994,77266,TONNA CARE SERVICES LTD,Mental Health Community Servic,645,Third Party Payments          -,Purchased Care,RBC Mosaic Invoice,R5731,Directorate of Social Care and Health Services
Reading Borough Council,03/07/2025,244996,77266,TONNA CARE SERVICES LTD,PS Acquired Community Services,860,Third Party Payments          -,Purchased Care,RBC Mosaic Invoice,R5771,Directorate of Social Care and Health Services
Reading Borough Council,03/07/2025,245005,77266,TONNA CARE SERVICES LTD,PS Acquired Community Services,516,Third Party Payments          -,Purchased Care,RBC Mosaic Invoice,R5771,Directorate of Social Care and Health Services
Reading Borough Council,03/07/2025,245007,77266,TONNA CARE SERVICES LTD,LD Community Services,1462,Third Party Payments          -,Purchased Care,RBC Mosaic Invoice,R5741,Directorate of Social Care and Health Services
Reading Borough Council,03/07/2025,245008,77266,TONNA CARE SERVICES LTD,LD Community Services,688,Third Party Payments          -,Purchased Care,RBC Mosaic Invoice,R5741,Directorate of Social Care and Health Services
Reading Borough Council,03/07/2025,245009,77266,TONNA CARE SERVICES LTD,LD Community Services,2808,Third Party Payments          -,Purchased Care,RBC Mosaic Invoice,R5741,Directorate of Social Care and Health Services
Reading Borough Council,03/07/2025,245010,77266,TONNA CARE SERVICES LTD,LD Community Services,8027.88,Third Party Payments          -,Purchased Care,RBC Mosaic Invoice,R5741,Directorate of Social Care and Health Services
Reading Borough Council,03/07/2025,245011,77266,TONNA CARE SERVICES LTD,LD Community Services,546,Third Party Payments          -,Purchased Care,RBC Mosaic Invoice,R5741,Directorate of Social Care and Health Services
Reading Borough Council,03/07/2025,245012,77266,TONNA CARE SERVICES LTD,Mental Health Community Servic,624,Third Party Payments          -,Purchased Care,RBC Mosaic Invoice,R5731,Directorate of Social Care and Health Services
Reading Borough Council,03/07/2025,245013,77266,TONNA CARE SERVICES LTD,LD Community Services,819,Third Party Payments          -,Purchased Care,RBC Mosaic Invoice,R5741,Directorate of Social Care and Health Services
Reading Borough Council,03/07/2025,245014,77266,TONNA CARE SERVICES LTD,LD Community Services,546,Third Party Payments          -,Purchased Care,RBC Mosaic Invoice,R5741,Directorate of Social Care and Health Services
Reading Borough Council,03/07/2025,245015,77266,TONNA CARE SERVICES LTD,Social Support,624,Third Party Payments          -,Purchased Care,RBC Mosaic Invoice,R5790,Directorate of Social Care and Health Services
Reading Borough Council,03/07/2025,245016,77266,TONNA CARE SERVICES LTD,PS Acquired Community Services,3120,Third Party Payments          -,Purchased Care,RBC Mosaic Invoice,R5771,Directorate of Social Care and Health Services
Reading Borough Council,03/07/2025,245017,77266,TONNA CARE SERVICES LTD,PS Acquired Community Services,3471,Third Party Payments          -,Purchased Care,RBC Mosaic Invoice,R5771,Directorate of Social Care and Health Services
Reading Borough Council,03/07/2025,245018,77266,TONNA CARE SERVICES LTD,PS Acquired Community Services,13104,Third Party Payments          -,Purchased Care,RBC Mosaic Invoice,R5771,Directorate of Social Care and Health Services
Reading Borough Council,03/07/2025,245020,77266,TONNA CARE SERVICES LTD,LD Community Services,8008.38,Third Party Payments          -,Purchased Care,RBC Mosaic Invoice,R5741,Directorate of Social Care and Health Services
Reading Borough Council,03/07/2025,245022,77266,TONNA CARE SERVICES LTD,Mental Health Community Servic,4556.88,Third Party Payments          -,Purchased Care,RBC Mosaic Invoice,R5731,Directorate of Social Care and Health Services
Reading Borough Council,03/07/2025,245023,77266,TONNA CARE SERVICES LTD,Social Support,548.25,Third Party Payments          -,Purchased Care,RBC Mosaic Invoice,R5790,Directorate of Social Care and Health Services
Reading Borough Council,03/07/2025,245024,77266,TONNA CARE SERVICES LTD,LD Community Services,1969.5,Third Party Payments          -,Purchased Care,RBC Mosaic Invoice,R5741,Directorate of Social Care and Health Services
Reading Borough Council,03/07/2025,245026,77266,TONNA CARE SERVICES LTD,LD Community Services,1764.75,Third Party Payments          -,Purchased Care,RBC Mosaic Invoice,R5741,Directorate of Social Care and Health Services
Reading Borough Council,03/07/2025,245027,77266,TONNA CARE SERVICES LTD,Mental Health Community Servic,865.56,Third Party Payments          -,Purchased Care,RBC Mosaic Invoice,R5731,Directorate of Social Care and Health Services
Reading Borough Council,03/07/2025,245028,77266,TONNA CARE SERVICES LTD,LD Community Services,3815.88,Third Party Payments          -,Purchased Care,RBC Mosaic Invoice,R5741,Directorate of Social Care and Health Services
Reading Borough Council,03/07/2025,245031,77266,TONNA CARE SERVICES LTD,Social Support,780,Third Party Payments          -,Purchased Care,RBC Mosaic Invoice,R5790,Directorate of Social Care and Health Services
Reading Borough Council,03/07/2025,245036,77266,TONNA CARE SERVICES LTD,LD Community Services,7480.76,Third Party Payments          -,Purchased Care,RBC Mosaic Invoice,R5741,Directorate of Social Care and Health Services
Reading Borough Council,03/07/2025,245037,77266,TONNA CARE SERVICES LTD,LD Community Services,6279,Third Party Payments          -,Purchased Care,RBC Mosaic Invoice,R5741,Directorate of Social Care and Health Services
Reading Borough Council,03/07/2025,245039,77266,TONNA CARE SERVICES LTD,LD Community Services,7909.76,Third Party Payments          -,Purchased Care,RBC Mosaic Invoice,R5741,Directorate of Social Care and Health Services
Reading Borough Council,03/07/2025,245040,77266,TONNA CARE SERVICES LTD,LD Community Services,1365,Third Party Payments          -,Purchased Care,RBC Mosaic Invoice,R5741,Directorate of Social Care and Health Services
Reading Borough Council,03/07/2025,245041,77268,KCARE NURSING AGENCY LTD,PS Acquired Community Services,1248.68,Third Party Payments          -,Purchased Care,RBC Mosaic Invoice,R5771,Directorate of Social Care and Health Services
Reading Borough Council,03/07/2025,245043,77268,KCARE NURSING AGENCY LTD,Mental Health Community Servic,2732.96,Third Party Payments          -,Purchased Care,RBC Mosaic Invoice,R5731,Directorate of Social Care and Health Services
Reading Borough Council,03/07/2025,245045,77268,KCARE NURSING AGENCY LTD,PS Acquired Community Services,617.98,Third Party Payments          -,Purchased Care,RBC Mosaic Invoice,R5771,Directorate of Social Care and Health Services
Reading Borough Council,03/07/2025,245046,77268,KCARE NURSING AGENCY LTD,PS Acquired Community Services,1404.88,Third Party Payments          -,Purchased Care,RBC Mosaic Invoice,R5771,Directorate of Social Care and Health Services
Reading Borough Council,03/07/2025,245053,77268,KCARE NURSING AGENCY LTD,PS Acquired Community Services,1144.07,Third Party Payments          -,Purchased Care,RBC Mosaic Invoice,R5771,Directorate of Social Care and Health Services
Reading Borough Council,03/07/2025,245056,77268,KCARE NURSING AGENCY LTD,PS Acquired Community Services,1290.62,Third Party Payments          -,Purchased Care,RBC Mosaic Invoice,R5771,Directorate of Social Care and Health Services
Reading Borough Council,03/07/2025,245057,77268,KCARE NURSING AGENCY LTD,Mental Health Community Servic,1247.03,Third Party Payments          -,Purchased Care,RBC Mosaic Invoice,R5731,Directorate of Social Care and Health Services
Reading Borough Council,03/07/2025,245058,77268,KCARE NURSING AGENCY LTD,PS Acquired Community Services,2308.88,Third Party Payments          -,Purchased Care,RBC Mosaic Invoice,R5771,Directorate of Social Care and Health Services
Reading Borough Council,03/07/2025,245061,77268,KCARE NURSING AGENCY LTD,PS Acquired Community Services,2957.25,Third Party Payments          -,Purchased Care,RBC Mosaic Invoice,R5771,Directorate of Social Care and Health Services
Reading Borough Council,03/07/2025,245064,77268,KCARE NURSING AGENCY LTD,PS Acquired Community Services,4776,Third Party Payments          -,Purchased Care,RBC Mosaic Invoice,R5771,Directorate of Social Care and Health Services
Reading Borough Council,03/07/2025,245066,77268,KCARE NURSING AGENCY LTD,PS Acquired Community Services,654.26,Third Party Payments          -,Purchased Care,RBC Mosaic Invoice,R5771,Directorate of Social Care and Health Services
Reading Borough Council,03/07/2025,245067,77268,KCARE NURSING AGENCY LTD,PS Acquired Community Services,1693.26,Third Party Payments          -,Purchased Care,RBC Mosaic Invoice,R5771,Directorate of Social Care and Health Services
Reading Borough Council,03/07/2025,245068,77268,KCARE NURSING AGENCY LTD,PS Acquired Community Services,659.68,Third Party Payments          -,Purchased Care,RBC Mosaic Invoice,R5771,Directorate of Social Care and Health Services
Reading Borough Council,03/07/2025,245069,77268,KCARE NURSING AGENCY LTD,PS Acquired Community Services,1384.15,Third Party Payments          -,Purchased Care,RBC Mosaic Invoice,R5771,Directorate of Social Care and Health Services
Reading Borough Council,03/07/2025,245070,77268,KCARE NURSING AGENCY LTD,Mental Health Community Servic,1326.19,Third Party Payments          -,Purchased Care,RBC Mosaic Invoice,R5731,Directorate of Social Care and Health Services
Reading Borough Council,03/07/2025,245071,77268,KCARE NURSING AGENCY LTD,Sensory Support Community Serv,659.68,Third Party Payments          -,Purchased Care,RBC Mosaic Invoice,R5711,Directorate of Social Care and Health Services
Reading Borough Council,03/07/2025,245073,77268,KCARE NURSING AGENCY LTD,PS Acquired Community Services,2948.77,Third Party Payments          -,Purchased Care,RBC Mosaic Invoice,R5771,Directorate of Social Care and Health Services
Reading Borough Council,03/07/2025,245081,77268,KCARE NURSING AGENCY LTD,PS Acquired Community Services,659.21,Third Party Payments          -,Purchased Care,RBC Mosaic Invoice,R5771,Directorate of Social Care and Health Services
Reading Borough Council,03/07/2025,245085,77268,KCARE NURSING AGENCY LTD,PS Acquired Community Services,639.65,Third Party Payments          -,Purchased Care,RBC Mosaic Invoice,R5771,Directorate of Social Care and Health Services
Reading Borough Council,03/07/2025,245087,77268,KCARE NURSING AGENCY LTD,Social Support,755.33,Third Party Payments          -,Purchased Care,RBC Mosaic Invoice,R5790,Directorate of Social Care and Health Services
Reading Borough Council,03/07/2025,245090,77268,KCARE NURSING AGENCY LTD,PS Acquired Community Services,1254.57,Third Party Payments          -,Purchased Care,RBC Mosaic Invoice,R5771,Directorate of Social Care and Health Services
Reading Borough Council,03/07/2025,245091,77268,KCARE NURSING AGENCY LTD,PS Acquired Community Services,1889.04,Third Party Payments          -,Purchased Care,RBC Mosaic Invoice,R5771,Directorate of Social Care and Health Services
Reading Borough Council,03/07/2025,245094,77268,KCARE NURSING AGENCY LTD,PS Acquired Community Services,2945,Third Party Payments          -,Purchased Care,RBC Mosaic Invoice,R5771,Directorate of Social Care and Health Services
Reading Borough Council,03/07/2025,245098,77268,KCARE NURSING AGENCY LTD,PS Acquired Community Services,1228.65,Third Party Payments          -,Purchased Care,RBC Mosaic Invoice,R5771,Directorate of Social Care and Health Services
Reading Borough Council,03/07/2025,245100,77268,KCARE NURSING AGENCY LTD,PS Acquired Community Services,585.94,Third Party Payments          -,Purchased Care,RBC Mosaic Invoice,R5771,Directorate of Social Care and Health Services
Reading Borough Council,03/07/2025,245105,77268,KCARE NURSING AGENCY LTD,PS Acquired Community Services,2261.76,Third Party Payments          -,Purchased Care,RBC Mosaic Invoice,R5771,Directorate of Social Care and Health Services
Reading Borough Council,03/07/2025,245114,77268,KCARE NURSING AGENCY LTD,PS Acquired Community Services,3763.71,Third Party Payments          -,Purchased Care,RBC Mosaic Invoice,R5771,Directorate of Social Care and Health Services
Reading Borough Council,03/07/2025,245117,77268,KCARE NURSING AGENCY LTD,PS Acquired Community Services,659.21,Third Party Payments          -,Purchased Care,RBC Mosaic Invoice,R5771,Directorate of Social Care and Health Services
Reading Borough Council,03/07/2025,245119,77268,KCARE NURSING AGENCY LTD,LD Community Services,1153.97,Third Party Payments          -,Purchased Care,RBC Mosaic Invoice,R5741,Directorate of Social Care and Health Services
Reading Borough Council,03/07/2025,245120,77268,KCARE NURSING AGENCY LTD,PS Acquired Community Services,2945,Third Party Payments          -,Purchased Care,RBC Mosaic Invoice,R5771,Directorate of Social Care and Health Services
Reading Borough Council,03/07/2025,244955,77269,COMFORT CARE SERVICES LTD,Mental Health Community Servic,692.2,Third Party Payments          -,Purchased Care,RBC Mosaic Invoice,R5731,Directorate of Social Care and Health Services
Reading Borough Council,03/07/2025,244956,77269,COMFORT CARE SERVICES LTD,Mental Health Community Servic,1175.36,Third Party Payments          -,Purchased Care,RBC Mosaic Invoice,R5731,Directorate of Social Care and Health Services
Reading Borough Council,03/07/2025,244739,77271,READING UK CIC,Reading’s Economy & Destinatio,443059.36,Third Party Payments          -,Third Party Pymts: Other Estab,RBC Refunds Manual Entry,R2052,Directorate of Resources
Reading Borough Council,03/07/2025,244761,77272,ALISON WILLIAMS,JLT Disbursements,1950,Supplies and Services         -,External Legal Services,RBC Standard Invoice,R2407,Directorate of Resources
Reading Borough Council,03/07/2025,244766,77273,PESTPRO BIRD SOLUTIONS LTD,Repairs,1600,Premises Related Expenses     -,Estate Maintenance,RBC Standard Invoice,R5970,Housing
Reading Borough Council,03/07/2025,244779,77275,EXPERT IN MIND LTD,JLT Disbursements,1765.2,Supplies and Services         -,External Legal Services,RBC Standard Invoice,R2407,Directorate of Resources
Reading Borough Council,03/07/2025,242497,77276,RE3 LTD,Waste Disposal,9646.97,Supplies and Services         -,Waste Disposal,RBC Standard Invoice,R4562,Directorate of Economic Growth and Neighbourhood Services
Reading Borough Council,03/07/2025,242504,77276,RE3 LTD,Waste Disposal,2710046.09,Supplies and Services         -,Waste Disposal,RBC Refunds Manual Entry,R4562,Directorate of Economic Growth and Neighbourhood Services
Reading Borough Council,03/07/2025,244945,77279,CARE MANAGEMENT GROUP LTD,Mental Health Community Servic,2923.56,Third Party Payments          -,Purchased Care,RBC Mosaic Invoice,R5731,Directorate of Social Care and Health Services
Reading Borough Council,03/07/2025,244946,77279,CARE MANAGEMENT GROUP LTD,Mental Health Community Servic,2371.52,Third Party Payments          -,Purchased Care,RBC Mosaic Invoice,R5731,Directorate of Social Care and Health Services
Reading Borough Council,03/07/2025,244947,77279,CARE MANAGEMENT GROUP LTD,Mental Health Community Servic,608.32,Third Party Payments          -,Purchased Care,RBC Mosaic Invoice,R5731,Directorate of Social Care and Health Services
Reading Borough Council,03/07/2025,244948,77279,CARE MANAGEMENT GROUP LTD,Mental Health Community Servic,2788.28,Third Party Payments          -,Purchased Care,RBC Mosaic Invoice,R5731,Directorate of Social Care and Health Services
Reading Borough Council,03/07/2025,244949,77279,CARE MANAGEMENT GROUP LTD,Mental Health Community Servic,4306.44,Third Party Payments          -,Purchased Care,RBC Mosaic Invoice,R5731,Directorate of Social Care and Health Services
Reading Borough Council,03/07/2025,236167,77280,EW BEARD LTD,Corporate Maintenance Services,4694.59,Third Party Payments          -,Corporate Maintenance Contract,RBC CIS Invoice,R4080,Directorate of Economic Growth and Neighbourhood Services
Reading Borough Council,03/07/2025,245044,77281,GLENHOLME HEALTHCARE (NGC) LTD,LD Community Services,8651.27,Third Party Payments          -,Purchased Care,RBC Mosaic Invoice,R5741,Directorate of Social Care and Health Services
Reading Borough Council,03/07/2025,244771,77282,CPC PLC,Town Hall Operations,2050,Supplies and Services         -,Equipment Purchase & Repair,RBC Standard Invoice,R1210,Directorate of Economic Growth and Neighbourhood Services
Reading Borough Council,03/07/2025,244225,77284,J&R TYRES LTD,Fleet Management,2555,Transport Related Expenditure -,Vehicle Tyres,RBC Standard Invoice,R4552,Directorate of Economic Growth and Neighbourhood Services
Reading Borough Council,03/07/2025,244226,77284,J&R TYRES LTD,Fleet Management,1133.5,Transport Related Expenditure -,Vehicle Tyres,RBC Standard Invoice,R4552,Directorate of Economic Growth and Neighbourhood Services
Reading Borough Council,03/07/2025,244227,77284,J&R TYRES LTD,Fleet Management,1881,Transport Related Expenditure -,Vehicle Tyres,RBC Standard Invoice,R4552,Directorate of Economic Growth and Neighbourhood Services
Reading Borough Council,03/07/2025,244228,77284,J&R TYRES LTD,Fleet Management,1444.5,Transport Related Expenditure -,Vehicle Tyres,RBC Standard Invoice,R4552,Directorate of Economic Growth and Neighbourhood Services
Reading Borough Council,03/07/2025,244236,77284,J&R TYRES LTD,Fleet Management,505.5,Transport Related Expenditure -,Vehicle Tyres,RBC Standard Invoice,R4552,Directorate of Economic Growth and Neighbourhood Services
Reading Borough Council,03/07/2025,229462,77285,IMPERIAL POLYTHENE PRODUCTS LTD,Streetscene,2900,Supplies and Services         -,Equipment Purchase & Repair,RBC Standard Invoice,R4567,Directorate of Economic Growth and Neighbourhood Services
Reading Borough Council,03/07/2025,245029,77286,REACT SUPPORT SERVICES LTD,Mental Health Community Servic,3978.67,Third Party Payments          -,Purchased Care,RBC Mosaic Invoice,R5731,Directorate of Social Care and Health Services
Reading Borough Council,03/07/2025,244876,77287,LOVING ANGELS CARE,LD Community Services,1884.12,Third Party Payments          -,Purchased Care,RBC Mosaic Invoice,R5741,Directorate of Social Care and Health Services
Reading Borough Council,03/07/2025,244882,77287,LOVING ANGELS CARE,PS Acquired Community Services,2457.54,Third Party Payments          -,Purchased Care,RBC Mosaic Invoice,R5771,Directorate of Social Care and Health Services
Reading Borough Council,03/07/2025,244883,77287,LOVING ANGELS CARE,LD Community Services,3140.2,Third Party Payments          -,Purchased Care,RBC Mosaic Invoice,R5741,Directorate of Social Care and Health Services
Reading Borough Council,03/07/2025,244885,77287,LOVING ANGELS CARE,Mental Health Community Servic,1256.08,Third Party Payments          -,Purchased Care,RBC Mosaic Invoice,R5731,Directorate of Social Care and Health Services
Reading Borough Council,03/07/2025,244886,77287,LOVING ANGELS CARE,LD Community Services,1758.88,Third Party Payments          -,Purchased Care,RBC Mosaic Invoice,R5741,Directorate of Social Care and Health Services
Reading Borough Council,03/07/2025,244887,77287,LOVING ANGELS CARE,Social Support,666.12,Third Party Payments          -,Purchased Care,RBC Mosaic Invoice,R5790,Directorate of Social Care and Health Services
Reading Borough Council,03/07/2025,244888,77287,LOVING ANGELS CARE,LD Community Services,3213.42,Third Party Payments          -,Purchased Care,RBC Mosaic Invoice,R5741,Directorate of Social Care and Health Services
Reading Borough Council,03/07/2025,244899,77287,LOVING ANGELS CARE,LD Community Services,4776.8,Third Party Payments          -,Purchased Care,RBC Mosaic Invoice,R5741,Directorate of Social Care and Health Services
Reading Borough Council,03/07/2025,244907,77287,LOVING ANGELS CARE,LD Community Services,4265.8,Third Party Payments          -,Purchased Care,RBC Mosaic Invoice,R5741,Directorate of Social Care and Health Services
Reading Borough Council,03/07/2025,244914,77287,LOVING ANGELS CARE,Mental Health Community Servic,690.84,Third Party Payments          -,Purchased Care,RBC Mosaic Invoice,R5731,Directorate of Social Care and Health Services
Reading Borough Council,03/07/2025,244918,77287,LOVING ANGELS CARE,Mental Health Community Servic,919.63,Third Party Payments          -,Purchased Care,RBC Mosaic Invoice,R5731,Directorate of Social Care and Health Services
Reading Borough Council,03/07/2025,244919,77287,LOVING ANGELS CARE,Mental Health Community Servic,689.35,Third Party Payments          -,Purchased Care,RBC Mosaic Invoice,R5731,Directorate of Social Care and Health Services
Reading Borough Council,03/07/2025,244921,77287,LOVING ANGELS CARE,LD Community Services,2267.04,Third Party Payments          -,Purchased Care,RBC Mosaic Invoice,R5741,Directorate of Social Care and Health Services
Reading Borough Council,03/07/2025,244938,77287,LOVING ANGELS CARE,LD Community Services,695.33,Third Party Payments          -,Purchased Care,RBC Mosaic Invoice,R5741,Directorate of Social Care and Health Services
Reading Borough Council,03/07/2025,245030,77288,ENRICHED CARE SUPPORT SERVICES LTD,LD Community Services,10239.6,Third Party Payments          -,Purchased Care,RBC Mosaic Invoice,R5741,Directorate of Social Care and Health Services
Reading Borough Council,03/07/2025,245033,77288,ENRICHED CARE SUPPORT SERVICES LTD,Mental Health Community Servic,5151.6,Third Party Payments          -,Purchased Care,RBC Mosaic Invoice,R5731,Directorate of Social Care and Health Services
Reading Borough Council,03/07/2025,245035,77288,ENRICHED CARE SUPPORT SERVICES LTD,Mental Health Community Servic,2150,Third Party Payments          -,Purchased Care,RBC Mosaic Invoice,R5731,Directorate of Social Care and Health Services
Reading Borough Council,03/07/2025,245038,77288,ENRICHED CARE SUPPORT SERVICES LTD,Mental Health Community Servic,9591.8,Third Party Payments          -,Purchased Care,RBC Mosaic Invoice,R5731,Directorate of Social Care and Health Services
Reading Borough Council,03/07/2025,241251,77289,ETERNAL READING HOMECARE,PS Acquired Community Services,659.68,Third Party Payments          -,Purchased Care,RBC Mosaic Invoice,R5771,Directorate of Social Care and Health Services
Reading Borough Council,03/07/2025,241252,77289,ETERNAL READING HOMECARE,PS Acquired Community Services,2249.98,Third Party Payments          -,Purchased Care,RBC Mosaic Invoice,R5771,Directorate of Social Care and Health Services
Reading Borough Council,03/07/2025,244977,77290,CHIRON CARE (UK) LTD,Mental Health Community Servic,2500.2,Third Party Payments          -,Purchased Care,RBC Mosaic Invoice,R5731,Directorate of Social Care and Health Services
Reading Borough Council,03/07/2025,244813,77291,ELEGANT CARE SERVICES LTD,Mental Health Community Servic,3127.32,Third Party Payments          -,Purchased Care,RBC Mosaic Invoice,R5731,Directorate of Social Care and Health Services
Reading Borough Council,03/07/2025,245150,77291,ELEGANT CARE SERVICES LTD,Mental Health Community Servic,3573.34,Third Party Payments          -,Purchased Care,RBC Mosaic Invoice,R5731,Directorate of Social Care and Health Services
Reading Borough Council,03/07/2025,245152,77291,ELEGANT CARE SERVICES LTD,Mental Health Community Servic,11792.57,Third Party Payments          -,Purchased Care,RBC Mosaic Invoice,R5731,Directorate of Social Care and Health Services
Reading Borough Council,03/07/2025,245153,77291,ELEGANT CARE SERVICES LTD,Mental Health Community Servic,14740.71,Third Party Payments          -,Purchased Care,RBC Mosaic Invoice,R5731,Directorate of Social Care and Health Services
Reading Borough Council,03/07/2025,245154,77291,ELEGANT CARE SERVICES LTD,Mental Health Community Servic,3908.44,Third Party Payments          -,Purchased Care,RBC Mosaic Invoice,R5731,Directorate of Social Care and Health Services
Reading Borough Council,03/07/2025,244952,77292,AIRPORT TRAVELS (READING) LTD,PS Acquired Community Services,810,Third Party Payments          -,Service User Travel Costs,RBC Mosaic Invoice,R5771,Directorate of Social Care and Health Services
Reading Borough Council,03/07/2025,244953,77292,AIRPORT TRAVELS (READING) LTD,LD Community Services,1560,Third Party Payments          -,Service User Travel Costs,RBC Mosaic Invoice,R5741,Directorate of Social Care and Health Services
Reading Borough Council,03/07/2025,230304,77293,ACP ALL CLEAN PLUS LTD,South Street Operations,2241.75,Premises Related Expenses     -,Cleaning Services & Materials,RBC Standard Invoice,R1220,Directorate of Economic Growth and Neighbourhood Services
Reading Borough Council,03/07/2025,244950,77294,SAM PARTNERSHIP T/A SURECARE OXFORDSHIRE,Mental Health Community Servic,643.93,Third Party Payments          -,Purchased Care,RBC Mosaic Invoice,R5731,Directorate of Social Care and Health Services
Reading Borough Council,03/07/2025,245157,77296,HOARDING DISORDERS UK (SOUTH) CIC,Social Support,540,Third Party Payments          -,Other Social Care Support,RBC Mosaic Invoice,R5790,Directorate of Social Care and Health Services
Reading Borough Council,03/07/2025,243391,77297,ZAP PROPERTY LTD,Emergency Accommodation,800,Premises Related Expenses     -,Rents,RBC Standard Invoice,R5871,Directorate of Economic Growth and Neighbourhood Services
Reading Borough Council,03/07/2025,225525,77298,VICTORIA BURGESS,JLT Disbursements,825,Supplies and Services         -,External Legal Services,RBC Standard Invoice,R2407,Directorate of Resources
Reading Borough Council,03/07/2025,243698,77299,SUSAN NDABAI,Deprivation of Liberty Safegua,540,Supplies and Services         -,Professional Fees,RBC Standard Invoice,R5729,Directorate of Social Care and Health Services
Reading Borough Council,03/07/2025,244375,77300,Sundry Supplier,HRA General Charges,51815.65,Supplies and Services         -,Professional Fees,RBC Refunds Manual Entry,R5905,Housing
Reading Borough Council,04/07/2025,245188,77318,THE HILL PRIMARY SCHOOL,School Grants Holding Account,31400,Transfer Payments             -,School Transfer Payment,RBC Spreadsheet Invoice,R3295,Former Directorate of Education and Childrens Services
Reading Borough Council,04/07/2025,245215,77318,THE HILL PRIMARY SCHOOL,School Grants Holding Account,41945,Transfer Payments             -,School Transfer Payment,RBC Spreadsheet Invoice,R3295,Former Directorate of Education and Childrens Services
Reading Borough Council,04/07/2025,238711,77319,M&R SERVICES,Social Support,700,Third Party Payments          -,Purchased Care,RBC Mosaic Invoice,R5790,Directorate of Social Care and Health Services
Reading Borough Council,04/07/2025,245251,77322,ROYAL BERKSHIRE NHS FOUNDATION TRUST,Better Care Fund,62000,Supplies and Services         -,Grants Paid to Vol Sector,RBC Spreadsheet Invoice,R5310,Directorate of Social Care and Health Services
Reading Borough Council,04/07/2025,245246,77324,THE AVENUE SCHOOL SPECIAL NEEDS ACADEMY,High Needs Block - Inclusion,315080.95,Transfer Payments             -,School Transfer Payment,RBC Spreadsheet Invoice,R3525,Former Directorate of Education and Childrens Services
Reading Borough Council,04/07/2025,238976,77325,BOWAK LTD,Building Cleaning,2726.65,Supplies and Services         -,Materials,RBC Standard Invoice,R4351,Directorate of Economic Growth and Neighbourhood Services
Reading Borough Council,04/07/2025,245248,77326,BLESSED HUGH FARINGDON RC SCHOOL,School Grants Holding Account,13352,Transfer Payments             -,School Transfer Payment,RBC Spreadsheet Invoice,R3295,Former Directorate of Education and Childrens Services
Reading Borough Council,04/07/2025,245249,77326,BLESSED HUGH FARINGDON RC SCHOOL,School Grants Holding Account,7341.27,Transfer Payments             -,School Transfer Payment,RBC Spreadsheet Invoice,R3295,Former Directorate of Education and Childrens Services
Reading Borough Council,04/07/2025,245250,77327,READING VOLUNTARY ACTION,Better Care Fund,41715,Supplies and Services         -,Grants Paid to Vol Sector,RBC Spreadsheet Invoice,R5310,Directorate of Social Care and Health Services
Reading Borough Council,04/07/2025,233869,77328,RENAULT TRUCK COMMERCIAL LTD,Fleet Management,2200,Transport Related Expenditure -,Vehicle Maintenance,RBC Standard Invoice,R4552,Directorate of Economic Growth and Neighbourhood Services
Reading Borough Council,04/07/2025,245504,77328,RENAULT TRUCK COMMERCIAL LTD,Fleet Management,570,Transport Related Expenditure -,Vehicle Maintenance,RBC Standard Invoice,R4552,Directorate of Economic Growth and Neighbourhood Services
Reading Borough Council,04/07/2025,245181,77330,ALFRED SUTTON PRIMARY SCHOOL,School Grants Holding Account,45523,Transfer Payments             -,School Transfer Payment,RBC Spreadsheet Invoice,R3295,Former Directorate of Education and Childrens Services
Reading Borough Council,04/07/2025,245208,77330,ALFRED SUTTON PRIMARY SCHOOL,School Grants Holding Account,63352,Transfer Payments             -,School Transfer Payment,RBC Spreadsheet Invoice,R3295,Former Directorate of Education and Childrens Services
Reading Borough Council,04/07/2025,245201,77331,ALL SAINTS CE INFANTS,School Grants Holding Account,7480,Transfer Payments             -,School Transfer Payment,RBC Spreadsheet Invoice,R3295,Former Directorate of Education and Childrens Services
Reading Borough Council,04/07/2025,245228,77331,ALL SAINTS CE INFANTS,School Grants Holding Account,11861,Transfer Payments             -,School Transfer Payment,RBC Spreadsheet Invoice,R3295,Former Directorate of Education and Childrens Services
Reading Borough Council,04/07/2025,245235,77332,BATTLE PRIMARY,Early Years Block (DSG),54829.5,Transfer Payments             -,School Transfer Payment,RBC Spreadsheet Invoice,R3831,Former Directorate of Education and Childrens Services
Reading Borough Council,04/07/2025,245198,77333,CAVERSHAM PARK PRIMARY,School Grants Holding Account,3072,Transfer Payments             -,School Transfer Payment,RBC Spreadsheet Invoice,R3295,Former Directorate of Education and Childrens Services
Reading Borough Council,04/07/2025,245225,77333,CAVERSHAM PARK PRIMARY,School Grants Holding Account,6943,Transfer Payments             -,School Transfer Payment,RBC Spreadsheet Invoice,R3295,Former Directorate of Education and Childrens Services
Reading Borough Council,04/07/2025,245182,77334,CAVERSHAM PRIMARY,School Grants Holding Account,32202,Transfer Payments             -,School Transfer Payment,RBC Spreadsheet Invoice,R3295,Former Directorate of Education and Childrens Services
Reading Borough Council,04/07/2025,245209,77334,CAVERSHAM PRIMARY,School Grants Holding Account,44983,Transfer Payments             -,School Transfer Payment,RBC Spreadsheet Invoice,R3295,Former Directorate of Education and Childrens Services
Reading Borough Council,04/07/2025,245204,77335,CHRIST THE KING RC PRIMARY,School Grants Holding Account,10731,Transfer Payments             -,School Transfer Payment,RBC Spreadsheet Invoice,R3295,Former Directorate of Education and Childrens Services
Reading Borough Council,04/07/2025,245231,77335,CHRIST THE KING RC PRIMARY,School Grants Holding Account,16345,Transfer Payments             -,School Transfer Payment,RBC Spreadsheet Invoice,R3295,Former Directorate of Education and Childrens Services
Reading Borough Council,04/07/2025,245236,77336,CHURCHEND PRIMARY ACADEMY,Early Years Block (DSG),44261.25,Transfer Payments             -,School Transfer Payment,RBC Spreadsheet Invoice,R3831,Former Directorate of Education and Childrens Services
Reading Borough Council,04/07/2025,245183,77337,COLEY PRIMARY,School Grants Holding Account,11926,Transfer Payments             -,School Transfer Payment,RBC Spreadsheet Invoice,R3295,Former Directorate of Education and Childrens Services
Reading Borough Council,04/07/2025,245210,77337,COLEY PRIMARY,School Grants Holding Account,14899,Transfer Payments             -,School Transfer Payment,RBC Spreadsheet Invoice,R3295,Former Directorate of Education and Childrens Services
Reading Borough Council,04/07/2025,245184,77338,E P COLLIER PRIMARY,School Grants Holding Account,20324,Transfer Payments             -,School Transfer Payment,RBC Spreadsheet Invoice,R3295,Former Directorate of Education and Childrens Services
Reading Borough Council,04/07/2025,245211,77338,E P COLLIER PRIMARY,School Grants Holding Account,22420,Transfer Payments             -,School Transfer Payment,RBC Spreadsheet Invoice,R3295,Former Directorate of Education and Childrens Services
Reading Borough Council,04/07/2025,245192,77339,EMMER GREEN PRIMARY,School Grants Holding Account,34858,Transfer Payments             -,School Transfer Payment,RBC Spreadsheet Invoice,R3295,Former Directorate of Education and Childrens Services
Reading Borough Council,04/07/2025,245219,77339,EMMER GREEN PRIMARY,School Grants Holding Account,49033,Transfer Payments             -,School Transfer Payment,RBC Spreadsheet Invoice,R3295,Former Directorate of Education and Childrens Services
Reading Borough Council,04/07/2025,245203,77340,ENGLISH MARTYRS RC PRIMARY,School Grants Holding Account,24198,Transfer Payments             -,School Transfer Payment,RBC Spreadsheet Invoice,R3295,Former Directorate of Education and Childrens Services
Reading Borough Council,04/07/2025,245230,77340,ENGLISH MARTYRS RC PRIMARY,School Grants Holding Account,32400,Transfer Payments             -,School Transfer Payment,RBC Spreadsheet Invoice,R3295,Former Directorate of Education and Childrens Services
Reading Borough Council,04/07/2025,245185,77341,GEOFFREY FIELD INFANT SCHOOL,School Grants Holding Account,33250,Transfer Payments             -,School Transfer Payment,RBC Spreadsheet Invoice,R3295,Former Directorate of Education and Childrens Services
Reading Borough Council,04/07/2025,245212,77341,GEOFFREY FIELD INFANT SCHOOL,School Grants Holding Account,47008,Transfer Payments             -,School Transfer Payment,RBC Spreadsheet Invoice,R3295,Former Directorate of Education and Childrens Services
Reading Borough Council,04/07/2025,245197,77342,KATESGROVE PRIMARY,School Grants Holding Account,39341,Transfer Payments             -,School Transfer Payment,RBC Spreadsheet Invoice,R3295,Former Directorate of Education and Childrens Services
Reading Borough Council,04/07/2025,245224,77342,KATESGROVE PRIMARY,School Grants Holding Account,51347,Transfer Payments             -,School Transfer Payment,RBC Spreadsheet Invoice,R3295,Former Directorate of Education and Childrens Services
Reading Borough Council,04/07/2025,245200,77343,MANOR PRIMARY,School Grants Holding Account,8770,Transfer Payments             -,School Transfer Payment,RBC Spreadsheet Invoice,R3295,Former Directorate of Education and Childrens Services
Reading Borough Council,04/07/2025,245227,77343,MANOR PRIMARY,School Grants Holding Account,15188,Transfer Payments             -,School Transfer Payment,RBC Spreadsheet Invoice,R3295,Former Directorate of Education and Childrens Services
Reading Borough Council,04/07/2025,245199,77344,MICKLANDS PRIMARY SCHOOL,School Grants Holding Account,9813,Transfer Payments             -,School Transfer Payment,RBC Spreadsheet Invoice,R3295,Former Directorate of Education and Childrens Services
Reading Borough Council,04/07/2025,245226,77344,MICKLANDS PRIMARY SCHOOL,School Grants Holding Account,20105,Transfer Payments             -,School Transfer Payment,RBC Spreadsheet Invoice,R3295,Former Directorate of Education and Childrens Services
Reading Borough Council,04/07/2025,245195,77345,MOORLANDS PRIMARY SCHOOL,School Grants Holding Account,11926,Transfer Payments             -,School Transfer Payment,RBC Spreadsheet Invoice,R3295,Former Directorate of Education and Childrens Services
Reading Borough Council,04/07/2025,245222,77345,MOORLANDS PRIMARY SCHOOL,School Grants Holding Account,14899,Transfer Payments             -,School Transfer Payment,RBC Spreadsheet Invoice,R3295,Former Directorate of Education and Childrens Services
Reading Borough Council,04/07/2025,245238,77346,NEW TOWN PRIMARY,Early Years Block (DSG),35664.75,Transfer Payments             -,School Transfer Payment,RBC Spreadsheet Invoice,R3831,Former Directorate of Education and Childrens Services
Reading Borough Council,04/07/2025,245186,77347,OXFORD ROAD PRIMARY,School Grants Holding Account,8250,Transfer Payments             -,School Transfer Payment,RBC Spreadsheet Invoice,R3295,Former Directorate of Education and Childrens Services
Reading Borough Council,04/07/2025,245213,77347,OXFORD ROAD PRIMARY,School Grants Holding Account,12150,Transfer Payments             -,School Transfer Payment,RBC Spreadsheet Invoice,R3295,Former Directorate of Education and Childrens Services
Reading Borough Council,04/07/2025,245190,77348,PARK LANE PRIMARY,School Grants Holding Account,12363,Transfer Payments             -,School Transfer Payment,RBC Spreadsheet Invoice,R3295,Former Directorate of Education and Childrens Services
Reading Borough Council,04/07/2025,245217,77348,PARK LANE PRIMARY,School Grants Holding Account,24589,Transfer Payments             -,School Transfer Payment,RBC Spreadsheet Invoice,R3295,Former Directorate of Education and Childrens Services
Reading Borough Council,04/07/2025,245240,77349,RANIKHET PRIMARY ACADEMY,Early Years Block (DSG),45003.75,Transfer Payments             -,School Transfer Payment,RBC Spreadsheet Invoice,R3831,Former Directorate of Education and Childrens Services
Reading Borough Council,04/07/2025,245187,77350,REDLANDS PRIMARY,School Grants Holding Account,11012,Transfer Payments             -,School Transfer Payment,RBC Spreadsheet Invoice,R3295,Former Directorate of Education and Childrens Services
Reading Borough Council,04/07/2025,245214,77350,REDLANDS PRIMARY,School Grants Holding Account,15766,Transfer Payments             -,School Transfer Payment,RBC Spreadsheet Invoice,R3295,Former Directorate of Education and Childrens Services
Reading Borough Council,04/07/2025,245189,77351,THE RIDGEWAY PRIMARY,School Grants Holding Account,19583,Transfer Payments             -,School Transfer Payment,RBC Spreadsheet Invoice,R3295,Former Directorate of Education and Childrens Services
Reading Borough Council,04/07/2025,245216,77351,THE RIDGEWAY PRIMARY,School Grants Holding Account,25457,Transfer Payments             -,School Transfer Payment,RBC Spreadsheet Invoice,R3295,Former Directorate of Education and Childrens Services
Reading Borough Council,04/07/2025,245193,77352,SOUTHCOTE PRIMARY SCHOOL,School Grants Holding Account,33612,Transfer Payments             -,School Transfer Payment,RBC Spreadsheet Invoice,R3295,Former Directorate of Education and Childrens Services
Reading Borough Council,04/07/2025,245220,77352,SOUTHCOTE PRIMARY SCHOOL,School Grants Holding Account,40354,Transfer Payments             -,School Transfer Payment,RBC Spreadsheet Invoice,R3295,Former Directorate of Education and Childrens Services
Reading Borough Council,04/07/2025,245202,77353,ST ANNES RC PRIMARY,School Grants Holding Account,12803,Transfer Payments             -,School Transfer Payment,RBC Spreadsheet Invoice,R3295,Former Directorate of Education and Childrens Services
Reading Borough Council,04/07/2025,245229,77353,ST ANNES RC PRIMARY,School Grants Holding Account,14175,Transfer Payments             -,School Transfer Payment,RBC Spreadsheet Invoice,R3295,Former Directorate of Education and Childrens Services
Reading Borough Council,04/07/2025,245239,77354,ST JOHNS CE PRIMARY SCHOOL,Early Years Block (DSG),48691.5,Transfer Payments             -,School Transfer Payment,RBC Spreadsheet Invoice,R3831,Former Directorate of Education and Childrens Services
Reading Borough Council,04/07/2025,245205,77355,ST MARTINS RC PRIMARY,School Grants Holding Account,10387,Transfer Payments             -,School Transfer Payment,RBC Spreadsheet Invoice,R3295,Former Directorate of Education and Childrens Services
Reading Borough Council,04/07/2025,245232,77355,ST MARTINS RC PRIMARY,School Grants Holding Account,12584,Transfer Payments             -,School Transfer Payment,RBC Spreadsheet Invoice,R3295,Former Directorate of Education and Childrens Services
Reading Borough Council,04/07/2025,245194,77356,ST MICHAELS PRIMARY,School Grants Holding Account,18838,Transfer Payments             -,School Transfer Payment,RBC Spreadsheet Invoice,R3295,Former Directorate of Education and Childrens Services
Reading Borough Council,04/07/2025,245221,77356,ST MICHAELS PRIMARY,School Grants Holding Account,30230,Transfer Payments             -,School Transfer Payment,RBC Spreadsheet Invoice,R3295,Former Directorate of Education and Childrens Services
Reading Borough Council,04/07/2025,245196,77357,THAMESIDE PRIMARY SCHOOL,School Grants Holding Account,19541,Transfer Payments             -,School Transfer Payment,RBC Spreadsheet Invoice,R3295,Former Directorate of Education and Childrens Services
Reading Borough Council,04/07/2025,245223,77357,THAMESIDE PRIMARY SCHOOL,School Grants Holding Account,29651,Transfer Payments             -,School Transfer Payment,RBC Spreadsheet Invoice,R3295,Former Directorate of Education and Childrens Services
Reading Borough Council,04/07/2025,245191,77358,WILSON PRIMARY,School Grants Holding Account,15441,Transfer Payments             -,School Transfer Payment,RBC Spreadsheet Invoice,R3295,Former Directorate of Education and Childrens Services
Reading Borough Council,04/07/2025,245218,77358,WILSON PRIMARY,School Grants Holding Account,28639,Transfer Payments             -,School Transfer Payment,RBC Spreadsheet Invoice,R3295,Former Directorate of Education and Childrens Services
Reading Borough Council,04/07/2025,245243,77359,THE HOLY BROOK SCHOOL,High Needs Block - Inclusion,46846.62,Transfer Payments             -,School Transfer Payment,RBC Spreadsheet Invoice,R3525,Former Directorate of Education and Childrens Services
Reading Borough Council,04/07/2025,198609,77360,APSE,Network Services,11250,Third Party Payments          -,Third Party Pymts: Other Estab,RBC Standard Invoice,R4703,Directorate of Economic Growth and Neighbourhood Services
Reading Borough Council,04/07/2025,235506,77361,DIGNITY FUNERALS LTD,Crematorium,1210,Third Party Payments          -,Third Party Pymts: Other Estab,RBC Standard Invoice,R4606,Directorate of Resources
Reading Borough Council,04/07/2025,239494,77361,DIGNITY FUNERALS LTD,Cemeteries,1539,Third Party Payments          -,Third Party Pymts: Other Estab,RBC Standard Invoice,R4607,Directorate of Resources
Reading Borough Council,04/07/2025,239495,77361,DIGNITY FUNERALS LTD,Crematorium,1210,Third Party Payments          -,Third Party Pymts: Other Estab,RBC Standard Invoice,R4606,Directorate of Resources
Reading Borough Council,04/07/2025,239496,77361,DIGNITY FUNERALS LTD,Crematorium,1360,Third Party Payments          -,Third Party Pymts: Other Estab,RBC Standard Invoice,R4606,Directorate of Resources
Reading Borough Council,04/07/2025,233546,77362,CREATIVE DESIGN & STRUCTURE LTD,Repairs,540,Premises Related Expenses     -,Responsive Repairs,RBC Standard Invoice,R5970,Housing
Reading Borough Council,04/07/2025,245237,77363,THE PALMER ACADEMY,Early Years Block (DSG),60695.25,Transfer Payments             -,School Transfer Payment,RBC Spreadsheet Invoice,R3831,Former Directorate of Education and Childrens Services
Reading Borough Council,04/07/2025,245242,77364,MAIDEN ERLEGH TRUST,High Needs Block - Inclusion,115105.07,Transfer Payments             -,School Transfer Payment,RBC Spreadsheet Invoice,R3525,Former Directorate of Education and Childrens Services
Reading Borough Council,04/07/2025,245247,77364,MAIDEN ERLEGH TRUST,High Needs Block - Inclusion,11466.67,Transfer Payments             -,School Transfer Payment,RBC Spreadsheet Invoice,R3525,Former Directorate of Education and Childrens Services
Reading Borough Council,04/07/2025,245241,77367,ST MARY & ALL SAINTS CE PRIMARY SCHOOL,Early Years Block (DSG),39690.75,Transfer Payments             -,School Transfer Payment,RBC Spreadsheet Invoice,R3831,Former Directorate of Education and Childrens Services
Reading Borough Council,04/07/2025,245480,77368,KCARE NURSING AGENCY LTD,PS Acquired Community Services,3579.24,Third Party Payments          -,Purchased Care,RBC Mosaic Invoice,R5771,Directorate of Social Care and Health Services
Reading Borough Council,04/07/2025,245481,77368,KCARE NURSING AGENCY LTD,PS Acquired Community Services,618.69,Third Party Payments          -,Purchased Care,RBC Mosaic Invoice,R5771,Directorate of Social Care and Health Services
Reading Borough Council,04/07/2025,245482,77368,KCARE NURSING AGENCY LTD,PS Acquired Community Services,589,Third Party Payments          -,Purchased Care,RBC Mosaic Invoice,R5771,Directorate of Social Care and Health Services
Reading Borough Council,04/07/2025,245483,77368,KCARE NURSING AGENCY LTD,PS Acquired Community Services,4776,Third Party Payments          -,Purchased Care,RBC Mosaic Invoice,R5771,Directorate of Social Care and Health Services
Reading Borough Council,04/07/2025,245492,77369,RNR PROPERTIES LTD,Housing Advice,4500,Supplies and Services         -,Preventative & Support Svces,RBC Refunds Manual Entry,R5820,Directorate of Economic Growth and Neighbourhood Services
Reading Borough Council,04/07/2025,245486,77370,IMPACT RENOVATIONS LTD,DFG & Priv Sector Adaptations,9720,Capital                       -,Grants Paid Out,RBC Refunds Manual Entry,C8120,Capital
Reading Borough Council,04/07/2025,238323,77372,DRAIN & ABLE,Corporate Maintenance Services,720,Third Party Payments          -,Corporate Maintenance Contract,RBC Standard Invoice,R4080,Directorate of Economic Growth and Neighbourhood Services
Reading Borough Council,04/07/2025,241392,77373,TOTAL COMMUNICATION SERVICES LTD,Sensory Support Community Serv,1474.92,Third Party Payments          -,Purchased Care,RBC Mosaic Invoice,R5711,Directorate of Social Care and Health Services
Reading Borough Council,04/07/2025,245358,77374,ALLPAY.NET.LTD,Rent Accounting,1962.82,Supplies and Services         -,Credit Card Commission,RBC Standard Invoice,R5950,Housing
Reading Borough Council,04/07/2025,234445,77375,EDWARD KIRKWOOD,JLT Disbursements,750,Supplies and Services         -,External Legal Services,RBC Standard Invoice,R2407,Directorate of Resources
Reading Borough Council,04/07/2025,234446,77375,EDWARD KIRKWOOD,JLT Disbursements,750,Supplies and Services         -,External Legal Services,RBC Standard Invoice,R2407,Directorate of Resources
Reading Borough Council,04/07/2025,239532,77375,EDWARD KIRKWOOD,JLT Disbursements,750,Supplies and Services         -,External Legal Services,RBC Standard Invoice,R2407,Directorate of Resources
Reading Borough Council,04/07/2025,233525,77377,MIRUS PROJECTS LTD,Corporate FM - Office Building,19332.75,Premises Related Expenses     -,Building Maintenance,RBC CIS Invoice,R3738,Directorate of Economic Growth and Neighbourhood Services
Reading Borough Council,04/07/2025,245206,77380,WHITLEY PARK SCHOOL,School Grants Holding Account,17411,Transfer Payments             -,School Transfer Payment,RBC Spreadsheet Invoice,R3295,Former Directorate of Education and Childrens Services
Reading Borough Council,04/07/2025,245233,77380,WHITLEY PARK SCHOOL,School Grants Holding Account,25168,Transfer Payments             -,School Transfer Payment,RBC Spreadsheet Invoice,R3295,Former Directorate of Education and Childrens Services
Reading Borough Council,04/07/2025,233533,77382,FCC RECYCLING (UK) LTD,Recycling and Waste,8304.84,Third Party Payments          -,Other Waste Disposal Costs,RBC Standard Invoice,R4561,Directorate of Economic Growth and Neighbourhood Services
Reading Borough Council,04/07/2025,233536,77382,FCC RECYCLING (UK) LTD,Streetscene,975.24,Supplies and Services         -,Waste Disposal,RBC Standard Invoice,R4567,Directorate of Economic Growth and Neighbourhood Services
Reading Borough Council,04/07/2025,239162,77384,MY LONDON LETS,Emergency Accommodation,1036,Premises Related Expenses     -,Rents,RBC Standard Invoice,R5871,Directorate of Economic Growth and Neighbourhood Services
Reading Borough Council,04/07/2025,234359,77388,CLIVEDEN CONSERVATION,Corp & Community Buildings,29711.25,Capital                       -,Building Works,RBC CIS Invoice,C8310,Capital
Reading Borough Council,04/07/2025,234361,77388,CLIVEDEN CONSERVATION,Corp & Community Buildings,2756.78,Capital                       -,Building Works,RBC CIS Invoice,C8310,Capital
Reading Borough Council,04/07/2025,235068,77389,SIMPLE RECRUITMENT SERVICES LTD,Town Hall Operations,1803.52,Employees                     -,Agency Staff,RBC Standard Invoice,R1210,Directorate of Economic Growth and Neighbourhood Services
Reading Borough Council,04/07/2025,238697,77390,REHABILITY UK COMMUNITY LTD,Mental Health Community Servic,2153.44,Third Party Payments          -,Purchased Care,RBC Mosaic Invoice,R5731,Directorate of Social Care and Health Services
Reading Borough Council,04/07/2025,238698,77390,REHABILITY UK COMMUNITY LTD,LD Community Services,3166.8,Third Party Payments          -,Purchased Care,RBC Mosaic Invoice,R5741,Directorate of Social Care and Health Services
Reading Borough Council,04/07/2025,238699,77390,REHABILITY UK COMMUNITY LTD,LD Community Services,3712.8,Third Party Payments          -,Purchased Care,RBC Mosaic Invoice,R5741,Directorate of Social Care and Health Services
Reading Borough Council,04/07/2025,238700,77390,REHABILITY UK COMMUNITY LTD,LD Community Services,3354,Third Party Payments          -,Purchased Care,RBC Mosaic Invoice,R5741,Directorate of Social Care and Health Services
Reading Borough Council,04/07/2025,238701,77390,REHABILITY UK COMMUNITY LTD,Mental Health Community Servic,3088.8,Third Party Payments          -,Purchased Care,RBC Mosaic Invoice,R5731,Directorate of Social Care and Health Services
Reading Borough Council,04/07/2025,238702,77390,REHABILITY UK COMMUNITY LTD,LD Community Services,2707.44,Third Party Payments          -,Purchased Care,RBC Mosaic Invoice,R5741,Directorate of Social Care and Health Services
Reading Borough Council,04/07/2025,238703,77390,REHABILITY UK COMMUNITY LTD,LD Community Services,3712.8,Third Party Payments          -,Purchased Care,RBC Mosaic Invoice,R5741,Directorate of Social Care and Health Services
Reading Borough Council,04/07/2025,238704,77390,REHABILITY UK COMMUNITY LTD,LD Community Services,665.35,Third Party Payments          -,Purchased Care,RBC Mosaic Invoice,R5741,Directorate of Social Care and Health Services
Reading Borough Council,04/07/2025,238705,77390,REHABILITY UK COMMUNITY LTD,LD Community Services,2083.44,Third Party Payments          -,Purchased Care,RBC Mosaic Invoice,R5741,Directorate of Social Care and Health Services
Reading Borough Council,04/07/2025,238706,77390,REHABILITY UK COMMUNITY LTD,LD Community Services,3588,Third Party Payments          -,Purchased Care,RBC Mosaic Invoice,R5741,Directorate of Social Care and Health Services
Reading Borough Council,04/07/2025,238707,77390,REHABILITY UK COMMUNITY LTD,Mental Health Community Servic,1678.4,Third Party Payments          -,Purchased Care,RBC Mosaic Invoice,R5731,Directorate of Social Care and Health Services
Reading Borough Council,04/07/2025,238708,77390,REHABILITY UK COMMUNITY LTD,LD Community Services,2932.8,Third Party Payments          -,Purchased Care,RBC Mosaic Invoice,R5741,Directorate of Social Care and Health Services
Reading Borough Council,04/07/2025,238709,77390,REHABILITY UK COMMUNITY LTD,LD Community Services,3880.52,Third Party Payments          -,Purchased Care,RBC Mosaic Invoice,R5741,Directorate of Social Care and Health Services
Reading Borough Council,04/07/2025,239018,77390,REHABILITY UK COMMUNITY LTD,Mental Health Community Servic,3166.8,Third Party Payments          -,Purchased Care,RBC Mosaic Invoice,R5731,Directorate of Social Care and Health Services
Reading Borough Council,04/07/2025,240017,77392,DEELAND LTD T/A SERVICEMASTER,Void Property Management,836.47,Premises Related Expenses     -,Office Cleaning,RBC Standard Invoice,R5921,Housing
Reading Borough Council,04/07/2025,234053,77394,HOUSING GENIE LTD,Emergency Accommodation,665,Premises Related Expenses     -,Rents,RBC Standard Invoice,R5871,Directorate of Economic Growth and Neighbourhood Services
Reading Borough Council,04/07/2025,234054,77394,HOUSING GENIE LTD,Emergency Accommodation,630,Premises Related Expenses     -,Rents,RBC Standard Invoice,R5871,Directorate of Economic Growth and Neighbourhood Services
Reading Borough Council,04/07/2025,234055,77394,HOUSING GENIE LTD,Emergency Accommodation,700,Premises Related Expenses     -,Rents,RBC Standard Invoice,R5871,Directorate of Economic Growth and Neighbourhood Services
Reading Borough Council,04/07/2025,241331,77396,CARE4U WE LTD,LD Community Services,1252.16,Third Party Payments          -,Purchased Care,RBC Mosaic Invoice,R5741,Directorate of Social Care and Health Services
Reading Borough Council,04/07/2025,240140,77397,VEHICLE WEIGHING SOLUTIONS LTD,Fleet Management,825.86,Transport Related Expenditure -,Vehicle Maint - Unplanned,RBC Standard Invoice,R4552,Directorate of Economic Growth and Neighbourhood Services
Reading Borough Council,04/07/2025,232239,77398,ACCESS UK LTD,IT Management,8157.61,Third Party Payments          -,Third Party Pymts: Other Estab,RBC Standard Invoice,R2300,Directorate of Resources
Reading Borough Council,04/07/2025,245244,77401,HAMILTON SCHOOL,High Needs Block - Inclusion,97427.72,Transfer Payments             -,School Transfer Payment,RBC Spreadsheet Invoice,R3525,Former Directorate of Education and Childrens Services
Reading Borough Council,04/07/2025,245452,77402,CLAIRGLOW HEATING LTD,DLO Planned Maintenance Trades,4471,Third Party Payments          -,Subcontractors Labour,RBC CIS Invoice,R4030,Directorate of Economic Growth and Neighbourhood Services
Reading Borough Council,04/07/2025,245494,77402,CLAIRGLOW HEATING LTD,DLO Planned Maintenance Trades,1845,Third Party Payments          -,Subcontractors Labour,RBC CIS Invoice,R4030,Directorate of Economic Growth and Neighbourhood Services
Reading Borough Council,04/07/2025,233879,77408,SIMON DREW,DLO Voids Trades,1100,Third Party Payments          -,Subcontractors Labour,RBC Standard Invoice,R4020,Directorate of Economic Growth and Neighbourhood Services
Reading Borough Council,04/07/2025,233554,77409,READING GOLDERS LUNCHEON CLUB,Voluntary Sector & Community G,3000,Supplies and Services         -,Grants Paid to Vol Sector,RBC Standard Invoice,R2041,Directorate of Resources
Reading Borough Council,04/07/2025,245439,77411,BF SOCIAL WORK,JLT Disbursements,2245.73,Supplies and Services         -,External Legal Services,RBC Standard Invoice,R2407,Directorate of Resources
Reading Borough Council,04/07/2025,233816,77413,WORLDWIDE EDUCATION RECRUITMENT LTD,Kennet Day Nursery,1057.5,Employees                     -,Agency Staff,RBC Standard Invoice,R3555,Directorate of Resources
Reading Borough Council,04/07/2025,240112,77414,THE SOLUTIONS FOCUS LTD,Joint Legal Team,15219.55,Supplies and Services         -,Subscriptions,RBC Standard Invoice,R2405,Directorate of Resources
Reading Borough Council,04/07/2025,240920,77415,BASSNA INVESTMENTS GROUP LTD T/A BOW GUE,Social Support,553,Third Party Payments          -,Emergency Accomodation,RBC Mosaic Invoice,R5790,Directorate of Social Care and Health Services
Reading Borough Council,04/07/2025,240921,77415,BASSNA INVESTMENTS GROUP LTD T/A BOW GUE,Social Support,595,Third Party Payments          -,Emergency Accomodation,RBC Mosaic Invoice,R5790,Directorate of Social Care and Health Services
Reading Borough Council,04/07/2025,245501,77417,TUSKERDIRECT LTD,HR & Payroll,700.19,Employees                     -,Basic Pay : General,RBC Refunds Manual Entry,R2600,Directorate of Resources
Reading Borough Council,04/07/2025,234911,77418,DG CONSTRUCTION GROUP LTD,Corporate Maintenance Services,740,Third Party Payments          -,Third Party Pymts: Other Estab,RBC CIS Invoice,R4080,Directorate of Economic Growth and Neighbourhood Services
Reading Borough Council,04/07/2025,245245,77419,LIBERTY ACADEMY TRUST LTD - THAMES VALLE,High Needs Block - Inclusion,75341.5,Transfer Payments             -,School Transfer Payment,RBC Spreadsheet Invoice,R3525,Former Directorate of Education and Childrens Services
Reading Borough Council,04/07/2025,245503,77420,NATIVE RESIDENTIAL LTD,Housing Advice,1311.78,Premises Related Expenses     -,Responsive Repairs,RBC Refunds Manual Entry,R5820,Directorate of Economic Growth and Neighbourhood Services
Reading Borough Council,04/07/2025,239521,77421,BLUE LOZENGE,Public Health Team Costs,8978.5,Supplies and Services         -,Payments to Operators,RBC Standard Invoice,R2065,Directorate of Social Care and Health Services
Reading Borough Council,04/07/2025,245399,77425,4 BRICK COURT CHAMBERS,JLT Disbursements,735,Supplies and Services         -,External Legal Services,RBC Standard Invoice,R2407,Directorate of Resources
Reading Borough Council,04/07/2025,245400,77425,4 BRICK COURT CHAMBERS,JLT Disbursements,7782,Supplies and Services         -,External Legal Services,RBC Standard Invoice,R2407,Directorate of Resources
Reading Borough Council,04/07/2025,245401,77425,4 BRICK COURT CHAMBERS,JLT Disbursements,785,Supplies and Services         -,External Legal Services,RBC Standard Invoice,R2407,Directorate of Resources
Reading Borough Council,04/07/2025,245487,77426,STUDIO LOLLY LTD,DFG & Priv Sector Adaptations,950,Capital                       -,Grants Paid Out,RBC Refunds Manual Entry,C8120,Capital
Reading Borough Council,04/07/2025,243075,77428,ZAP PROPERTY LTD,Emergency Accommodation,700,Premises Related Expenses     -,Rents,RBC Standard Invoice,R5871,Directorate of Economic Growth and Neighbourhood Services
Reading Borough Council,04/07/2025,243328,77429,PASSTHEKEYS CAVERSHAM LTD,Emergency Accommodation,2850,Premises Related Expenses     -,Rents,RBC Standard Invoice,R5871,Directorate of Economic Growth and Neighbourhood Services
Reading Borough Council,04/07/2025,243329,77429,PASSTHEKEYS CAVERSHAM LTD,Emergency Accommodation,2550,Premises Related Expenses     -,Rents,RBC Standard Invoice,R5871,Directorate of Economic Growth and Neighbourhood Services
Reading Borough Council,04/07/2025,243331,77429,PASSTHEKEYS CAVERSHAM LTD,Emergency Accommodation,2550,Premises Related Expenses     -,Rents,RBC Standard Invoice,R5871,Directorate of Economic Growth and Neighbourhood Services
Reading Borough Council,04/07/2025,243333,77429,PASSTHEKEYS CAVERSHAM LTD,Emergency Accommodation,2850,Premises Related Expenses     -,Rents,RBC Standard Invoice,R5871,Directorate of Economic Growth and Neighbourhood Services
Reading Borough Council,04/07/2025,243334,77429,PASSTHEKEYS CAVERSHAM LTD,Emergency Accommodation,3300,Premises Related Expenses     -,Rents,RBC Standard Invoice,R5871,Directorate of Economic Growth and Neighbourhood Services
Reading Borough Council,04/07/2025,245488,77430,Sundry Supplier,RBC Balance Sheet,1133.88,Current Assets                -,Rent Control - Default,RBC Refunds Manual Entry,R9999,Balance Sheet
Reading Borough Council,04/07/2025,245495,77431,Sundry Supplier,Allocation,2000,Supplies and Services         -,Professional Fees,RBC Refunds Manual Entry,R5980,Housing
Reading Borough Council,04/07/2025,245498,77433,Sundry Supplier,Allocation,1000,Supplies and Services         -,Professional Fees,RBC Refunds Manual Entry,R5980,Housing
Reading Borough Council,04/07/2025,245499,77434,Sundry Supplier,Housing Advice,947.47,Income                        -,Fees & Charges : General,RBC Refunds Manual Entry,R5820,Directorate of Economic Growth and Neighbourhood Services
Reading Borough Council,07/07/2025,245680,77453,IMAGE BOX DESIGN LTD,New Directions,2170,Supplies and Services         -,Publicity & Media Work,RBC Standard Invoice,R3340,Directorate of Economic Growth and Neighbourhood Services
Reading Borough Council,07/07/2025,234740,77454,STREET FURNISHINGS LTD,Highways,1854.52,Supplies and Services         -,Materials,RBC Standard Invoice,R4252,Directorate of Economic Growth and Neighbourhood Services
Reading Borough Council,07/07/2025,234741,77454,STREET FURNISHINGS LTD,Highways,2079.5,Supplies and Services         -,Materials,RBC Standard Invoice,R4252,Directorate of Economic Growth and Neighbourhood Services
Reading Borough Council,07/07/2025,234066,77458,KABA (UK) LTD,HRA General Charges,1442.36,Supplies and Services         -,Equipment Purchase & Repair,RBC Standard Invoice,R5905,Housing
Reading Borough Council,07/07/2025,236063,77459,KEYLINE CIVILS SPECIALIST LTD,Highways,607.09,Supplies and Services         -,Materials,RBC Standard Invoice,R4252,Directorate of Economic Growth and Neighbourhood Services
Reading Borough Council,07/07/2025,236064,77459,KEYLINE CIVILS SPECIALIST LTD,Highways,970,Supplies and Services         -,Materials,RBC Standard Invoice,R4252,Directorate of Economic Growth and Neighbourhood Services
Reading Borough Council,07/07/2025,242484,77460,CERES ESTATES LTD,Corporate FM - Community Build,2843.29,Premises Related Expenses     -,Rents,RBC Standard Invoice,R3739,Directorate of Economic Growth and Neighbourhood Services
Reading Borough Council,07/07/2025,239222,77461,BIDVEST FOODSERVICE (BIDFOOD),Town Hall Operations,583.27,Income                        -,Sales : Food,RBC Standard Invoice,R1210,Directorate of Economic Growth and Neighbourhood Services
Reading Borough Council,07/07/2025,234895,77463,SUNNYSIDE AUTOS,Fleet Management,1353.31,Transport Related Expenditure -,Vehicle Maint - Unplanned,RBC Standard Invoice,R4552,Directorate of Economic Growth and Neighbourhood Services
Reading Borough Council,07/07/2025,234909,77464,AGRICULTURAL & ESTATE SERVICES,Streetscene,1968,Premises Related Expenses     -,Mtce : Childrens Playgrounds,RBC CIS Invoice,R4567,Directorate of Economic Growth and Neighbourhood Services
Reading Borough Council,07/07/2025,234910,77464,AGRICULTURAL & ESTATE SERVICES,Streetscene,895,Premises Related Expenses     -,Mtce : Childrens Playgrounds,RBC CIS Invoice,R4567,Directorate of Economic Growth and Neighbourhood Services
Reading Borough Council,07/07/2025,240655,77465,GLASRITE LTD,DLO Wokingham Trades,3355,Third Party Payments          -,Subcontractors Labour,RBC CIS Invoice,R4050,Directorate of Economic Growth and Neighbourhood Services
Reading Borough Council,07/07/2025,245706,77466,MARY SEACOLE DAY NURSERY,New Directions,540.5,Supplies and Services         -,Day Nurseries,RBC Standard Invoice,R3340,Directorate of Economic Growth and Neighbourhood Services
Reading Borough Council,07/07/2025,234894,77467,AMBLEGLOW,HR & Payroll,865,Employees                     -,Basic Pay : General,RBC Standard Invoice,R2600,Directorate of Resources
Reading Borough Council,07/07/2025,233863,77471,RENAULT TRUCK COMMERCIAL LTD,Fleet Management,570,Transport Related Expenditure -,Vehicle Maintenance,RBC Standard Invoice,R4552,Directorate of Economic Growth and Neighbourhood Services
Reading Borough Council,07/07/2025,234952,77471,RENAULT TRUCK COMMERCIAL LTD,Fleet Management,753.31,Transport Related Expenditure -,Vehicle Maint - Unplanned,RBC Standard Invoice,R4552,Directorate of Economic Growth and Neighbourhood Services
Reading Borough Council,07/07/2025,234955,77471,RENAULT TRUCK COMMERCIAL LTD,Fleet Management,549.15,Transport Related Expenditure -,Vehicle Maint - Unplanned,RBC Standard Invoice,R4552,Directorate of Economic Growth and Neighbourhood Services
Reading Borough Council,07/07/2025,234957,77471,RENAULT TRUCK COMMERCIAL LTD,Fleet Management,2200,Transport Related Expenditure -,Vehicle Maint - Unplanned,RBC Standard Invoice,R4552,Directorate of Economic Growth and Neighbourhood Services
Reading Borough Council,07/07/2025,234961,77471,RENAULT TRUCK COMMERCIAL LTD,Fleet Management,2200,Transport Related Expenditure -,Vehicle Maintenance,RBC Standard Invoice,R4552,Directorate of Economic Growth and Neighbourhood Services
Reading Borough Council,07/07/2025,245674,77471,RENAULT TRUCK COMMERCIAL LTD,Fleet Management,1321.38,Transport Related Expenditure -,Vehicle Maint - Unplanned,RBC Standard Invoice,R4552,Directorate of Economic Growth and Neighbourhood Services
Reading Borough Council,07/07/2025,234352,77474,TEAM-TEACH LTD,DCASC Training,820,Employees                     -,Training & Development Costs,RBC Standard Invoice,R5705,Directorate of Social Care and Health Services
Reading Borough Council,07/07/2025,234368,77477,NEC SOFTWARE SOLUTIONS UK LTD,Admin Account,8800,Supplies and Services         -,Software Support,RBC Standard Invoice,R5960,Housing
Reading Borough Council,07/07/2025,234760,77477,NEC SOFTWARE SOLUTIONS UK LTD,IT Management,833.33,Third Party Payments          -,Third Party Pymts: Other Estab,RBC Standard Invoice,R2300,Directorate of Resources
Reading Borough Council,07/07/2025,233779,77479,ATKINSRÉALIS UK LTD,Valuation,2530,Supplies and Services         -,Consultancy Fees,RBC Standard Invoice,R2100,Directorate of Economic Growth and Neighbourhood Services
Reading Borough Council,07/07/2025,234744,77480,TELESHORE U.K. LTD,Crematorium,1206.6,Supplies and Services         -,Equipment Purchase & Repair,RBC Standard Invoice,R4606,Directorate of Resources
Reading Borough Council,07/07/2025,234875,77481,FRIMLEY HEALTH NHS FOUNDATION TRUST,Coroner,36007,Supplies and Services         -,Medical Fees,RBC Standard Invoice,R4605,Directorate of Economic Growth and Neighbourhood Services
Reading Borough Council,07/07/2025,234878,77482,N A BROWN LTD T/A ROADBRUSHES,Fleet Management,1341.6,Transport Related Expenditure -,Vehicle Maintenance,RBC Standard Invoice,R4552,Directorate of Economic Growth and Neighbourhood Services
Reading Borough Council,07/07/2025,236370,77483,REED,Universal Digital Systems,232586.84,Capital                       -,Staff/Consultancy,RBC REED Invoice,C8635,Capital
Reading Borough Council,07/07/2025,234924,77485,DSI BILLING SERVICES LTD,Revenues & Benefits Systems,1980.5,Supplies and Services         -,Postage,RBC Standard Invoice,R2266,Directorate of Resources
Reading Borough Council,07/07/2025,234339,77486,ICCM,Crematorium,650,Employees                     -,Training & Development Costs,RBC Standard Invoice,R4606,Directorate of Resources
Reading Borough Council,07/07/2025,234724,77487,PLAYSAFETY LTD,Streetscene,1071,Supplies and Services         -,Subscriptions,RBC Standard Invoice,R4567,Directorate of Economic Growth and Neighbourhood Services
Reading Borough Council,07/07/2025,245758,77488,KCARE NURSING AGENCY LTD,PS Acquired Community Services,7290,Third Party Payments          -,Purchased Care,RBC Refunds Manual Entry,R5771,Directorate of Social Care and Health Services
Reading Borough Council,07/07/2025,245759,77488,KCARE NURSING AGENCY LTD,PS Acquired Community Services,7290,Third Party Payments          -,Purchased Care,RBC Refunds Manual Entry,R5771,Directorate of Social Care and Health Services
Reading Borough Council,07/07/2025,236013,77489,HEALTHMATIC LTD,Corporate Maintenance Services,2266.96,Third Party Payments          -,Third Party Pymts: Other Estab,RBC CIS Invoice,R4080,Directorate of Economic Growth and Neighbourhood Services
Reading Borough Council,07/07/2025,236039,77489,HEALTHMATIC LTD,Corporate Maintenance Services,709.46,Third Party Payments          -,Corporate Maintenance Contract,RBC CIS Invoice,R4080,Directorate of Economic Growth and Neighbourhood Services
Reading Borough Council,07/07/2025,239724,77491,ROUND WAVE LTD,Cultural Services Marketing,1500,Supplies and Services         -,Photocopying,RBC Standard Invoice,R1235,Directorate of Economic Growth and Neighbourhood Services
Reading Borough Council,07/07/2025,240929,77493,TOTAL COMMUNICATION SERVICES LTD,PS Acquired Community Services,1802.68,Third Party Payments          -,Purchased Care,RBC Mosaic Invoice,R5771,Directorate of Social Care and Health Services
Reading Borough Council,07/07/2025,241393,77493,TOTAL COMMUNICATION SERVICES LTD,LD Community Services,1474.92,Third Party Payments          -,Purchased Care,RBC Mosaic Invoice,R5741,Directorate of Social Care and Health Services
Reading Borough Council,07/07/2025,234342,77494,SPORTS COURT UK LTD,Parks&N'hood Svs Minor Sch,5672,Capital                       -,Equipment,RBC CIS Invoice,C8290,Capital
Reading Borough Council,07/07/2025,238284,77495,EDWARD KIRKWOOD,JLT Disbursements,750,Supplies and Services         -,External Legal Services,RBC Standard Invoice,R2407,Directorate of Resources
Reading Borough Council,07/07/2025,233898,77497,LANDSCAPESUPPLYCO,Streetscene,943.75,Supplies and Services         -,Materials,RBC Standard Invoice,R4567,Directorate of Economic Growth and Neighbourhood Services
Reading Borough Council,07/07/2025,233899,77497,LANDSCAPESUPPLYCO,Streetscene,862.5,Supplies and Services         -,Materials,RBC Standard Invoice,R4567,Directorate of Economic Growth and Neighbourhood Services
Reading Borough Council,07/07/2025,245712,77498,THEBIGWORD INTERPRETING SERVICES LTD,Customer Services - Reception,2019.44,Supplies and Services         -,Translation Services,RBC Standard Invoice,R2595,Directorate of Resources
Reading Borough Council,07/07/2025,238621,77499,CREATIVE SUPPORT LTD,PS Acquired Community Services,795.5,Third Party Payments          -,Purchased Care,RBC Mosaic Invoice,R5771,Directorate of Social Care and Health Services
Reading Borough Council,07/07/2025,238633,77499,CREATIVE SUPPORT LTD,PS Acquired Community Services,795.5,Third Party Payments          -,Purchased Care,RBC Mosaic Invoice,R5771,Directorate of Social Care and Health Services
Reading Borough Council,07/07/2025,238637,77499,CREATIVE SUPPORT LTD,PS Acquired Community Services,795.5,Third Party Payments          -,Purchased Care,RBC Mosaic Invoice,R5771,Directorate of Social Care and Health Services
Reading Borough Council,07/07/2025,238638,77499,CREATIVE SUPPORT LTD,PS Acquired Community Services,795.5,Third Party Payments          -,Purchased Care,RBC Mosaic Invoice,R5771,Directorate of Social Care and Health Services
Reading Borough Council,07/07/2025,238639,77499,CREATIVE SUPPORT LTD,PS Acquired Community Services,795.5,Third Party Payments          -,Purchased Care,RBC Mosaic Invoice,R5771,Directorate of Social Care and Health Services
Reading Borough Council,07/07/2025,238641,77499,CREATIVE SUPPORT LTD,PS Acquired Community Services,795.5,Third Party Payments          -,Purchased Care,RBC Mosaic Invoice,R5771,Directorate of Social Care and Health Services
Reading Borough Council,07/07/2025,238642,77499,CREATIVE SUPPORT LTD,PS Acquired Community Services,795.5,Third Party Payments          -,Purchased Care,RBC Mosaic Invoice,R5771,Directorate of Social Care and Health Services
Reading Borough Council,07/07/2025,233887,77500,MARTIN REYNOLDS CONSTRUCTION,Main HRA Account,10380,Premises Related Expenses     -,Property Hire,RBC CIS Invoice,R5900,Housing
Reading Borough Council,07/07/2025,235218,77501,IMPERIAL COLLEGE PROJECTS LTD,Coroner,540,Supplies and Services         -,Medical Fees,RBC Standard Invoice,R4605,Directorate of Economic Growth and Neighbourhood Services
Reading Borough Council,07/07/2025,240287,77502,CROWN LODGE GUEST HOUSE,Emergency Accommodation,595,Premises Related Expenses     -,Rents,RBC Standard Invoice,R5871,Directorate of Economic Growth and Neighbourhood Services
Reading Borough Council,07/07/2025,241266,77502,CROWN LODGE GUEST HOUSE,Social Support,735,Third Party Payments          -,Emergency Accomodation,RBC Mosaic Invoice,R5790,Directorate of Social Care and Health Services
Reading Borough Council,07/07/2025,241267,77502,CROWN LODGE GUEST HOUSE,Social Support,560,Third Party Payments          -,Emergency Accomodation,RBC Mosaic Invoice,R5790,Directorate of Social Care and Health Services
Reading Borough Council,07/07/2025,234746,77504,THE ADVOCACY PEOPLE,Deprivation of Liberty Safegua,647.5,Supplies and Services         -,Professional Fees,RBC Standard Invoice,R5729,Directorate of Social Care and Health Services
Reading Borough Council,07/07/2025,243080,77510,PILON LTD,MRA Account,5691.4,Premises Related Expenses     -,Disability Mods & Adaptations,RBC CIS Invoice,R5975,Housing
Reading Borough Council,07/07/2025,234726,77511,MUMTAZ ALI O'BRIEN,DCASC Training,625,Employees                     -,Training & Development Costs,RBC Standard Invoice,R5705,Directorate of Social Care and Health Services
Reading Borough Council,07/07/2025,233903,77512,THE BEER WAREHOUSE,Hexagon Operations,2518.28,Supplies and Services         -,Catering Stock,RBC Standard Invoice,R1200,Directorate of Economic Growth and Neighbourhood Services
Reading Borough Council,07/07/2025,240013,77515,DEELAND LTD T/A SERVICEMASTER,Void Property Management,513.55,Premises Related Expenses     -,Office Cleaning,RBC Standard Invoice,R5921,Housing
Reading Borough Council,07/07/2025,240014,77515,DEELAND LTD T/A SERVICEMASTER,Void Property Management,606.11,Premises Related Expenses     -,Office Cleaning,RBC Standard Invoice,R5921,Housing
Reading Borough Council,07/07/2025,236031,77517,F M CONWAY LTD,Highways,530,Supplies and Services         -,Materials,RBC CIS Invoice,R4252,Directorate of Economic Growth and Neighbourhood Services
Reading Borough Council,07/07/2025,243409,77518,SAFESITE FENCING LTD,Pinecroft Children's Home,1391,Premises Related Expenses     -,Routine Maintenance,RBC CIS Invoice,R5435,Former Directorate of Education and Childrens Services
Reading Borough Council,07/07/2025,238693,77521,MEDCARE HOME SERVICES LTD T/A PROACTIVE,Mental Health Community Servic,1838.84,Third Party Payments          -,Purchased Care,RBC Mosaic Invoice,R5731,Directorate of Social Care and Health Services
Reading Borough Council,07/07/2025,238694,77521,MEDCARE HOME SERVICES LTD T/A PROACTIVE,Mental Health Community Servic,4909.88,Third Party Payments          -,Purchased Care,RBC Mosaic Invoice,R5731,Directorate of Social Care and Health Services
Reading Borough Council,07/07/2025,238695,77521,MEDCARE HOME SERVICES LTD T/A PROACTIVE,PS Acquired Community Services,3153.76,Third Party Payments          -,Purchased Care,RBC Mosaic Invoice,R5771,Directorate of Social Care and Health Services
Reading Borough Council,07/07/2025,234733,77522,AEBI SCHMIDT UK LTD,Fleet Management,653.78,Transport Related Expenditure -,Vehicle Maint - Unplanned,RBC Standard Invoice,R4552,Directorate of Economic Growth and Neighbourhood Services
Reading Borough Council,07/07/2025,234343,77523,CHARTERED INSTITUTE OF PERSONNEL AND DEV,Organisational Development Tea,573,Employees                     -,Training & Development Costs,RBC Standard Invoice,R3430,Directorate of Resources
Reading Borough Council,07/07/2025,234431,77524,KATE FERGUSON,JLT Disbursements,500,Supplies and Services         -,External Legal Services,RBC Standard Invoice,R2407,Directorate of Resources
Reading Borough Council,07/07/2025,240857,77525,SUNLIGHT HOMECARE SERVICES LTD,LD Community Services,3906.08,Third Party Payments          -,Purchased Care,RBC Mosaic Invoice,R5741,Directorate of Social Care and Health Services
Reading Borough Council,07/07/2025,244659,77526,J&R TYRES LTD,Fleet Management,949,Transport Related Expenditure -,Vehicle Tyres,RBC Standard Invoice,R4552,Directorate of Economic Growth and Neighbourhood Services
Reading Borough Council,07/07/2025,244667,77526,J&R TYRES LTD,Fleet Management,664.5,Transport Related Expenditure -,Vehicle Tyres,RBC Standard Invoice,R4552,Directorate of Economic Growth and Neighbourhood Services
Reading Borough Council,07/07/2025,244674,77526,J&R TYRES LTD,Fleet Management,552.5,Transport Related Expenditure -,Vehicle Tyres,RBC Standard Invoice,R4552,Directorate of Economic Growth and Neighbourhood Services
Reading Borough Council,07/07/2025,233747,77531,IMPERIAL POLYTHENE PRODUCTS LTD,Recycling and Waste,7725,Supplies and Services         -,Waste Collection,RBC Standard Invoice,R4561,Directorate of Economic Growth and Neighbourhood Services
Reading Borough Council,07/07/2025,233842,77532,VALLEY BLINDS AND TILES LTD,Sheltered Housing,1313.82,Supplies and Services         -,Equipment Purchase & Repair,RBC Standard Invoice,R5940,Housing
Reading Borough Council,07/07/2025,234393,77533,FAZEELA ISHMAEL,JLT Disbursements,500,Supplies and Services         -,External Legal Services,RBC Standard Invoice,R2407,Directorate of Resources
Reading Borough Council,07/07/2025,240941,77534,SALIS CARE LTD,PS Acquired Community Services,5602.32,Third Party Payments          -,Purchased Care,RBC Mosaic Invoice,R5771,Directorate of Social Care and Health Services
Reading Borough Council,07/07/2025,245742,77535,GLENMAN CORPORATION LTD,New Build & Acquis: Phase 2-4,32750,Capital                       -,External Fees  Misc.,RBC CIS Invoice,C8712,Capital
Reading Borough Council,07/07/2025,234907,77536,NORTH PB LTD,Repairs,6876,Premises Related Expenses     -,Fire Protection,RBC CIS Invoice,R5970,Housing
Reading Borough Council,07/07/2025,234914,77537,M GROUP HIGHWAYS LTD,Highways,42303.47,Premises Related Expenses     -,Street Lighting,RBC CIS Invoice,R4252,Directorate of Economic Growth and Neighbourhood Services
Reading Borough Council,07/07/2025,239742,77537,M GROUP HIGHWAYS LTD,Transportation Minor schemes,4807.45,Capital                       -,Contractors,RBC CIS Invoice,C8050,Capital
Reading Borough Council,07/07/2025,245466,77537,M GROUP HIGHWAYS LTD,Highways Infrastructure,12731.52,Capital                       -,Street Furniture(+Lights),RBC CIS Invoice,C8280,Capital
Reading Borough Council,07/07/2025,241375,77538,MISS JULIE MACKENZIE,JLT Disbursements,650,Supplies and Services         -,External Legal Services,RBC Standard Invoice,R2407,Directorate of Resources
Reading Borough Council,07/07/2025,234347,77539,THE COWSHED,Voluntary Sector & Community G,15000,Supplies and Services         -,Grants Paid to Vol Sector,RBC Standard Invoice,R2041,Directorate of Resources
Reading Borough Council,07/07/2025,239716,77541,METER MANAGER LTD,Sustainability,856.8,Supplies and Services         -,Equipment Purchase & Repair,RBC Standard Invoice,R2026,Directorate of Economic Growth and Neighbourhood Services
Reading Borough Council,07/07/2025,233824,77543,ENERGY FOOTPRINT LTD T/A ENSURE SAFETY &,Repairs,1305,Premises Related Expenses     -,Fire Protection,RBC Standard Invoice,R5970,Housing
Reading Borough Council,07/07/2025,233888,77544,ECOSAFE HEATING LTD T/A ECOSAFE GROUP,Repairs,2762.76,Premises Related Expenses     -,Maintenance - Highways,RBC CIS Invoice,R5970,Housing
Reading Borough Council,07/07/2025,233889,77544,ECOSAFE HEATING LTD T/A ECOSAFE GROUP,Repairs,883.5,Premises Related Expenses     -,Fire Protection,RBC CIS Invoice,R5970,Housing
Reading Borough Council,07/07/2025,234056,77544,ECOSAFE HEATING LTD T/A ECOSAFE GROUP,Repairs,2744,Premises Related Expenses     -,Maintenance - Highways,RBC CIS Invoice,R5970,Housing
Reading Borough Council,07/07/2025,234942,77544,ECOSAFE HEATING LTD T/A ECOSAFE GROUP,Repairs,752.23,Premises Related Expenses     -,Fire Protection,RBC CIS Invoice,R5970,Housing
Reading Borough Council,07/07/2025,234984,77544,ECOSAFE HEATING LTD T/A ECOSAFE GROUP,Repairs,2578.69,Premises Related Expenses     -,Fire Protection,RBC CIS Invoice,R5970,Housing
Reading Borough Council,07/07/2025,234988,77544,ECOSAFE HEATING LTD T/A ECOSAFE GROUP,Repairs,1229.46,Premises Related Expenses     -,Fire Protection,RBC CIS Invoice,R5970,Housing
Reading Borough Council,07/07/2025,234995,77544,ECOSAFE HEATING LTD T/A ECOSAFE GROUP,Repairs,976.42,Premises Related Expenses     -,Fire Protection,RBC CIS Invoice,R5970,Housing
Reading Borough Council,07/07/2025,234999,77544,ECOSAFE HEATING LTD T/A ECOSAFE GROUP,Repairs,2003.56,Premises Related Expenses     -,Maintenance - Highways,RBC CIS Invoice,R5970,Housing
Reading Borough Council,07/07/2025,235003,77544,ECOSAFE HEATING LTD T/A ECOSAFE GROUP,Repairs,1040.6,Premises Related Expenses     -,Maintenance - Highways,RBC CIS Invoice,R5970,Housing
Reading Borough Council,07/07/2025,235007,77544,ECOSAFE HEATING LTD T/A ECOSAFE GROUP,Repairs,597.8,Premises Related Expenses     -,Maintenance - Highways,RBC CIS Invoice,R5970,Housing
Reading Borough Council,07/07/2025,235480,77546,KB REAL ESTATE MANAGEMENT LTD,Emergency Accommodation,595,Premises Related Expenses     -,Rents,RBC Standard Invoice,R5871,Directorate of Economic Growth and Neighbourhood Services
Reading Borough Council,07/07/2025,235482,77546,KB REAL ESTATE MANAGEMENT LTD,Emergency Accommodation,595,Premises Related Expenses     -,Rents,RBC Standard Invoice,R5871,Directorate of Economic Growth and Neighbourhood Services
Reading Borough Council,07/07/2025,235483,77546,KB REAL ESTATE MANAGEMENT LTD,Emergency Accommodation,700,Premises Related Expenses     -,Rents,RBC Standard Invoice,R5871,Directorate of Economic Growth and Neighbourhood Services
Reading Borough Council,07/07/2025,235484,77546,KB REAL ESTATE MANAGEMENT LTD,Emergency Accommodation,700,Premises Related Expenses     -,Rents,RBC Standard Invoice,R5871,Directorate of Economic Growth and Neighbourhood Services
Reading Borough Council,07/07/2025,245669,77547,TUSKERDIRECT LTD,Corporate Investigations Team,681.09,Employees                     -,Basic Pay : General,RBC Refunds Manual Entry,R2230,Directorate of Resources
Reading Borough Council,07/07/2025,243635,77548,DG CONSTRUCTION GROUP LTD,Corporate FM - Community Build,3395.48,Premises Related Expenses     -,Routine Maintenance,RBC CIS Invoice,R3739,Directorate of Economic Growth and Neighbourhood Services
Reading Borough Council,07/07/2025,245450,77548,DG CONSTRUCTION GROUP LTD,Corporate Maintenance Services,987.5,Third Party Payments          -,Third Party Pymts: Other Estab,RBC CIS Invoice,R4080,Directorate of Economic Growth and Neighbourhood Services
Reading Borough Council,07/07/2025,234412,77549,LWC DRINKS LTD,Hexagon Operations,843.06,Supplies and Services         -,Catering Stock,RBC Standard Invoice,R1200,Directorate of Economic Growth and Neighbourhood Services
Reading Borough Council,07/07/2025,240894,77550,BRIGHTER LIVING CARE LTD,LD Community Services,973.08,Third Party Payments          -,Purchased Care,RBC Mosaic Invoice,R5741,Directorate of Social Care and Health Services
Reading Borough Council,07/07/2025,236332,77552,UNITY FIVE LTD,Special Parking Area,1339.79,Third Party Payments          -,Enforcement contract payments,RBC Standard Invoice,R4724,Directorate of Economic Growth and Neighbourhood Services
Reading Borough Council,07/07/2025,236333,77552,UNITY FIVE LTD,Special Parking Area,22141.96,Third Party Payments          -,Enforcement contract payments,RBC Standard Invoice,R4724,Directorate of Economic Growth and Neighbourhood Services
Reading Borough Council,07/07/2025,234418,77553,BERKSHIRE PENSION FUND,Corporate Miscellaneous,1210,Supplies and Services         -,Professional Fees,RBC Standard Invoice,R2855,Corporate
Reading Borough Council,07/07/2025,239215,77555,ANURITA CHANDOLA,Events & Engagement,2500,Supplies and Services         -,Special Activities,RBC Standard Invoice,R2080,Chief Executive
Reading Borough Council,07/07/2025,234918,77556,INFINITY PLAYGROUNDS LTD,Streetscene,5810.45,Premises Related Expenses     -,Mtce : Childrens Playgrounds,RBC CIS Invoice,R4567,Directorate of Economic Growth and Neighbourhood Services
Reading Borough Council,07/07/2025,234919,77556,INFINITY PLAYGROUNDS LTD,Streetscene,975,Premises Related Expenses     -,Mtce : Childrens Playgrounds,RBC CIS Invoice,R4567,Directorate of Economic Growth and Neighbourhood Services
Reading Borough Council,07/07/2025,235455,77557,SWARCO SMART CHARGING LTD,Fleet Management,676.75,Transport Related Expenditure -,Vehicle Maintenance,RBC Standard Invoice,R4552,Directorate of Economic Growth and Neighbourhood Services
Reading Borough Council,07/07/2025,234436,77558,MAGIC INTERNET TECHNOLOGIES LTD,Fleet Management,730,Supplies and Services         -,Computer Maintenance,RBC Standard Invoice,R4552,Directorate of Economic Growth and Neighbourhood Services
Reading Borough Council,07/07/2025,234441,77559,MICHELLE MORLEY,DCASC Training,600,Employees                     -,Training & Development Costs,RBC Standard Invoice,R5705,Directorate of Social Care and Health Services
Reading Borough Council,07/07/2025,239007,77562,JACQUI GILLIATT,JLT Disbursements,785,Supplies and Services         -,External Legal Services,RBC Standard Invoice,R2407,Directorate of Resources
Reading Borough Council,07/07/2025,245714,77564,SASKIA ESTATES LTD,Emergency Accommodation,2850,Premises Related Expenses     -,Rents,RBC Standard Invoice,R5871,Directorate of Economic Growth and Neighbourhood Services
Reading Borough Council,07/07/2025,236060,77565,CRAIG JEAKINGS,JLT Disbursements,750,Supplies and Services         -,External Legal Services,RBC Standard Invoice,R2407,Directorate of Resources
Reading Borough Council,07/07/2025,236346,77565,CRAIG JEAKINGS,JLT Disbursements,950,Supplies and Services         -,External Legal Services,RBC Standard Invoice,R2407,Directorate of Resources
Reading Borough Council,07/07/2025,234091,77566,ROYAL INSTITUTION OF CHARTERED SURVEYORS,DLO Housing & Corporate Projec,1889,Employees                     -,Training & Development Costs,RBC Standard Invoice,R4045,Directorate of Economic Growth and Neighbourhood Services
Reading Borough Council,07/07/2025,236004,77568,4 BRICK COURT CHAMBERS,JLT Disbursements,820,Supplies and Services         -,External Legal Services,RBC Standard Invoice,R2407,Directorate of Resources
Reading Borough Council,07/07/2025,236006,77568,4 BRICK COURT CHAMBERS,JLT Disbursements,523,Supplies and Services         -,External Legal Services,RBC Standard Invoice,R2407,Directorate of Resources
Reading Borough Council,07/07/2025,236007,77568,4 BRICK COURT CHAMBERS,JLT Disbursements,680,Supplies and Services         -,External Legal Services,RBC Standard Invoice,R2407,Directorate of Resources
Reading Borough Council,07/07/2025,236008,77568,4 BRICK COURT CHAMBERS,JLT Disbursements,635,Supplies and Services         -,External Legal Services,RBC Standard Invoice,R2407,Directorate of Resources
Reading Borough Council,07/07/2025,236012,77568,4 BRICK COURT CHAMBERS,JLT Disbursements,1350,Supplies and Services         -,External Legal Services,RBC Standard Invoice,R2407,Directorate of Resources
Reading Borough Council,07/07/2025,236300,77568,4 BRICK COURT CHAMBERS,JLT Disbursements,2375,Supplies and Services         -,External Legal Services,RBC Standard Invoice,R2407,Directorate of Resources
Reading Borough Council,07/07/2025,236303,77568,4 BRICK COURT CHAMBERS,JLT Disbursements,2232,Supplies and Services         -,External Legal Services,RBC Standard Invoice,R2407,Directorate of Resources
Reading Borough Council,07/07/2025,236304,77568,4 BRICK COURT CHAMBERS,JLT Disbursements,1900,Supplies and Services         -,External Legal Services,RBC Standard Invoice,R2407,Directorate of Resources
Reading Borough Council,07/07/2025,236327,77568,4 BRICK COURT CHAMBERS,JLT Disbursements,635,Supplies and Services         -,External Legal Services,RBC Standard Invoice,R2407,Directorate of Resources
Reading Borough Council,07/07/2025,245398,77568,4 BRICK COURT CHAMBERS,JLT Disbursements,735,Supplies and Services         -,External Legal Services,RBC Standard Invoice,R2407,Directorate of Resources
Reading Borough Council,07/07/2025,234346,77572,ECOLOGY BY DESIGN LTD,Renewable Energy Schemes,835,Capital                       -,Staff/Consultancy,RBC Standard Invoice,C8400,Capital
Reading Borough Council,07/07/2025,241564,77573,JANE REEDINGS INVESTMENT PROPERTY LTD,Emergency Accommodation,595,Premises Related Expenses     -,Rents,RBC Standard Invoice,R5871,Directorate of Economic Growth and Neighbourhood Services
Reading Borough Council,07/07/2025,234885,77574,SPARE CRIB GLOBAL LTD,Emergency Accommodation,749,Premises Related Expenses     -,Rents,RBC Standard Invoice,R5871,Directorate of Economic Growth and Neighbourhood Services
Reading Borough Council,07/07/2025,234887,77574,SPARE CRIB GLOBAL LTD,Emergency Accommodation,700,Premises Related Expenses     -,Rents,RBC Standard Invoice,R5871,Directorate of Economic Growth and Neighbourhood Services
Reading Borough Council,07/07/2025,234889,77574,SPARE CRIB GLOBAL LTD,Emergency Accommodation,595,Premises Related Expenses     -,Rents,RBC Standard Invoice,R5871,Directorate of Economic Growth and Neighbourhood Services
Reading Borough Council,07/07/2025,237631,77575,LAURA HIBBERD,JLT Disbursements,750,Supplies and Services         -,External Legal Services,RBC Standard Invoice,R2407,Directorate of Resources
Reading Borough Council,07/07/2025,234447,77576,NEIL MERCER,JLT Disbursements,750,Supplies and Services         -,External Legal Services,RBC Standard Invoice,R2407,Directorate of Resources
Reading Borough Council,07/07/2025,233559,77578,FRAZIER'S WINE MERCHANTS LTD,Hexagon Operations,1832.38,Supplies and Services         -,Catering Stock,RBC Standard Invoice,R1200,Directorate of Economic Growth and Neighbourhood Services
Reading Borough Council,07/07/2025,234365,77579,SOUTHCOTE OVER 50S CLUB,Voluntary Sector & Community G,3000,Supplies and Services         -,Grants Paid to Vol Sector,RBC Standard Invoice,R2041,Directorate of Resources
Reading Borough Council,07/07/2025,245745,77580,ADVOKAT JESSICA SANDBERG AB/LAW FIRM OF,JLT Disbursements,2350,Supplies and Services         -,External Legal Services,RBC Standard Invoice,R2407,Directorate of Resources
Reading Borough Council,08/07/2025,246020,77610,M&R SERVICES,Social Support,950,Third Party Payments          -,Purchased Care,RBC Mosaic Invoice,R5790,Directorate of Social Care and Health Services
Reading Borough Council,08/07/2025,246034,77613,PURLEY PARK TRUST LTD,LD Community Services,15121.44,Third Party Payments          -,Purchased Care,RBC Mosaic Invoice,R5741,Directorate of Social Care and Health Services
Reading Borough Council,08/07/2025,246024,77614,RADIS COMMUNITY CARE,PS Acquired Community Services,1351.98,Third Party Payments          -,Purchased Care,RBC Mosaic Invoice,R5771,Directorate of Social Care and Health Services
Reading Borough Council,08/07/2025,246026,77614,RADIS COMMUNITY CARE,LD Community Services,3182.2,Third Party Payments          -,Purchased Care,RBC Mosaic Invoice,R5741,Directorate of Social Care and Health Services
Reading Borough Council,08/07/2025,236088,77616,RENAULT TRUCK COMMERCIAL LTD,Fleet Management,1480,Transport Related Expenditure -,Vehicle Maintenance,RBC Standard Invoice,R4552,Directorate of Economic Growth and Neighbourhood Services
Reading Borough Council,08/07/2025,236091,77616,RENAULT TRUCK COMMERCIAL LTD,Fleet Management,679.39,Transport Related Expenditure -,Vehicle Maint - Unplanned,RBC Standard Invoice,R4552,Directorate of Economic Growth and Neighbourhood Services
Reading Borough Council,08/07/2025,243498,77619,THAMES TRAVEL,Strategic Transport & Concessi,8271.43,Supplies and Services         -,Payments to Operators,RBC Standard Invoice,R4726,Directorate of Economic Growth and Neighbourhood Services
Reading Borough Council,08/07/2025,246035,77620,KCARE NURSING AGENCY LTD,Mental Health Community Servic,1642.74,Third Party Payments          -,Purchased Care,RBC Mosaic Invoice,R5731,Directorate of Social Care and Health Services
Reading Borough Council,08/07/2025,246036,77620,KCARE NURSING AGENCY LTD,PS Acquired Community Services,7290,Third Party Payments          -,Purchased Care,RBC Mosaic Invoice,R5771,Directorate of Social Care and Health Services
Reading Borough Council,08/07/2025,246038,77620,KCARE NURSING AGENCY LTD,Mental Health Community Servic,1744.98,Third Party Payments          -,Purchased Care,RBC Mosaic Invoice,R5731,Directorate of Social Care and Health Services
Reading Borough Council,08/07/2025,246114,77620,KCARE NURSING AGENCY LTD,PS Acquired Community Services,2360,Third Party Payments          -,Purchased Care,RBC Refunds Manual Entry,R5771,Directorate of Social Care and Health Services
Reading Borough Council,08/07/2025,239750,77621,MORGAN SINDALL (CONSTRUCTION) PLC,New Build & Acquis: Phase 2-4,658721.66,Capital                       -,External Fees  Misc.,Invoice,C8712,Capital
Reading Borough Council,08/07/2025,231345,77622,MIRUS PROJECTS LTD,Repairs,2592.5,Premises Related Expenses     -,HRA Cyclical Maint & Servicing,RBC CIS Invoice,R5970,Housing
Reading Borough Council,08/07/2025,235550,77624,LEICESTERSHIRE COUNTY COUNCIL,HR & Payroll,4305.5,Employees                     -,Staff Recruitment Costs,RBC Standard Invoice,R2600,Directorate of Resources
Reading Borough Council,08/07/2025,246121,77625,DNA LEGAL LTD,JLT Disbursements,1016,Supplies and Services         -,External Legal Services,RBC Standard Invoice,R2407,Directorate of Resources
Reading Borough Council,08/07/2025,240925,77627,SYLVIANCARE LTD,PS Acquired Community Services,988,Third Party Payments          -,Purchased Care,RBC Mosaic Invoice,R5771,Directorate of Social Care and Health Services
Reading Borough Council,08/07/2025,246165,77628,FRANCES HARRIS,JLT Disbursements,1316.67,Supplies and Services         -,External Legal Services,RBC Standard Invoice,R2407,Directorate of Resources
Reading Borough Council,08/07/2025,236354,77631,MICHAELS CIVIC ROBES,Mayor,2382.5,Supplies and Services         -,Hospitality,RBC Standard Invoice,R2505,Chief Executive
Reading Borough Council,08/07/2025,234337,77632,ENDEAVOUR DRILLING LTD,Civil Engineering,3820,Premises Related Expenses     -,Surface Water Management Plan,RBC CIS Invoice,R4550,Directorate of Economic Growth and Neighbourhood Services
Reading Borough Council,08/07/2025,236003,77634,BERKSHIRE VAN HIRE LTD,Fleet Management,591.9,Transport Related Expenditure -,Vehicle Spot Hire,RBC Standard Invoice,R4552,Directorate of Economic Growth and Neighbourhood Services
Reading Borough Council,08/07/2025,236032,77635,F M CONWAY LTD,Highways,530,Supplies and Services         -,Materials,RBC CIS Invoice,R4252,Directorate of Economic Growth and Neighbourhood Services
Reading Borough Council,08/07/2025,236035,77635,F M CONWAY LTD,Highways,530,Supplies and Services         -,Materials,RBC CIS Invoice,R4252,Directorate of Economic Growth and Neighbourhood Services
Reading Borough Council,08/07/2025,244958,77636,CARE MANAGEMENT GROUP LTD,Mental Health Community Servic,788.28,Third Party Payments          -,Purchased Care,RBC Mosaic Invoice,R5731,Directorate of Social Care and Health Services
Reading Borough Council,08/07/2025,244959,77636,CARE MANAGEMENT GROUP LTD,Mental Health Community Servic,2923.56,Third Party Payments          -,Purchased Care,RBC Mosaic Invoice,R5731,Directorate of Social Care and Health Services
Reading Borough Council,08/07/2025,244960,77636,CARE MANAGEMENT GROUP LTD,Mental Health Community Servic,2371.52,Third Party Payments          -,Purchased Care,RBC Mosaic Invoice,R5731,Directorate of Social Care and Health Services
Reading Borough Council,08/07/2025,244961,77636,CARE MANAGEMENT GROUP LTD,Mental Health Community Servic,608.32,Third Party Payments          -,Purchased Care,RBC Mosaic Invoice,R5731,Directorate of Social Care and Health Services
Reading Borough Council,08/07/2025,241330,77637,CARE4U WE LTD,LD Community Services,3308.54,Third Party Payments          -,Purchased Care,RBC Mosaic Invoice,R5741,Directorate of Social Care and Health Services
Reading Borough Council,08/07/2025,246029,77637,CARE4U WE LTD,LD Community Services,8379.24,Third Party Payments          -,Purchased Care,RBC Mosaic Invoice,R5741,Directorate of Social Care and Health Services
Reading Borough Council,08/07/2025,246030,77637,CARE4U WE LTD,LD Community Services,9004.92,Third Party Payments          -,Purchased Care,RBC Mosaic Invoice,R5741,Directorate of Social Care and Health Services
Reading Borough Council,08/07/2025,246031,77637,CARE4U WE LTD,LD Community Services,8151.72,Third Party Payments          -,Purchased Care,RBC Mosaic Invoice,R5741,Directorate of Social Care and Health Services
Reading Borough Council,08/07/2025,246032,77637,CARE4U WE LTD,LD Community Services,8151.72,Third Party Payments          -,Purchased Care,RBC Mosaic Invoice,R5741,Directorate of Social Care and Health Services
Reading Borough Council,08/07/2025,246033,77637,CARE4U WE LTD,LD Community Services,8365.9,Third Party Payments          -,Purchased Care,RBC Mosaic Invoice,R5741,Directorate of Social Care and Health Services
Reading Borough Council,08/07/2025,235203,77638,WHITESPACE WORK SOFTWARE LTD,Streetscene,40618.63,Supplies and Services         -,Software Licences,RBC Standard Invoice,R4567,Directorate of Economic Growth and Neighbourhood Services
Reading Borough Council,08/07/2025,245931,77639,BERKSHIRE ROOMS LTD,Emergency Accommodation,665,Premises Related Expenses     -,Rents,RBC Standard Invoice,R5871,Directorate of Economic Growth and Neighbourhood Services
Reading Borough Council,08/07/2025,245938,77639,BERKSHIRE ROOMS LTD,Emergency Accommodation,868.42,Premises Related Expenses     -,Rents,RBC Standard Invoice,R5871,Directorate of Economic Growth and Neighbourhood Services
Reading Borough Council,08/07/2025,245940,77639,BERKSHIRE ROOMS LTD,Emergency Accommodation,938,Premises Related Expenses     -,Rents,RBC Standard Invoice,R5871,Directorate of Economic Growth and Neighbourhood Services
Reading Borough Council,08/07/2025,245941,77639,BERKSHIRE ROOMS LTD,Emergency Accommodation,938,Premises Related Expenses     -,Rents,RBC Standard Invoice,R5871,Directorate of Economic Growth and Neighbourhood Services
Reading Borough Council,08/07/2025,245942,77639,BERKSHIRE ROOMS LTD,Emergency Accommodation,749,Premises Related Expenses     -,Rents,RBC Refunds Manual Entry,R5871,Directorate of Economic Growth and Neighbourhood Services
Reading Borough Council,08/07/2025,245944,77639,BERKSHIRE ROOMS LTD,Emergency Accommodation,938,Premises Related Expenses     -,Rents,RBC Refunds Manual Entry,R5871,Directorate of Economic Growth and Neighbourhood Services
Reading Borough Council,08/07/2025,245946,77639,BERKSHIRE ROOMS LTD,Emergency Accommodation,749,Premises Related Expenses     -,Rents,RBC Refunds Manual Entry,R5871,Directorate of Economic Growth and Neighbourhood Services
Reading Borough Council,08/07/2025,245947,77639,BERKSHIRE ROOMS LTD,Emergency Accommodation,749,Premises Related Expenses     -,Rents,RBC Refunds Manual Entry,R5871,Directorate of Economic Growth and Neighbourhood Services
Reading Borough Council,08/07/2025,245950,77639,BERKSHIRE ROOMS LTD,Emergency Accommodation,749,Premises Related Expenses     -,Rents,RBC Refunds Manual Entry,R5871,Directorate of Economic Growth and Neighbourhood Services
Reading Borough Council,08/07/2025,245952,77639,BERKSHIRE ROOMS LTD,Emergency Accommodation,749,Premises Related Expenses     -,Rents,RBC Refunds Manual Entry,R5871,Directorate of Economic Growth and Neighbourhood Services
Reading Borough Council,08/07/2025,245954,77639,BERKSHIRE ROOMS LTD,Emergency Accommodation,749,Premises Related Expenses     -,Rents,RBC Refunds Manual Entry,R5871,Directorate of Economic Growth and Neighbourhood Services
Reading Borough Council,08/07/2025,245955,77639,BERKSHIRE ROOMS LTD,Emergency Accommodation,749,Premises Related Expenses     -,Rents,RBC Refunds Manual Entry,R5871,Directorate of Economic Growth and Neighbourhood Services
Reading Borough Council,08/07/2025,245959,77639,BERKSHIRE ROOMS LTD,Emergency Accommodation,938,Premises Related Expenses     -,Rents,RBC Refunds Manual Entry,R5871,Directorate of Economic Growth and Neighbourhood Services
Reading Borough Council,08/07/2025,245973,77639,BERKSHIRE ROOMS LTD,Emergency Accommodation,749,Premises Related Expenses     -,Rents,RBC Refunds Manual Entry,R5871,Directorate of Economic Growth and Neighbourhood Services
Reading Borough Council,08/07/2025,245975,77639,BERKSHIRE ROOMS LTD,Emergency Accommodation,749,Premises Related Expenses     -,Rents,RBC Refunds Manual Entry,R5871,Directorate of Economic Growth and Neighbourhood Services
Reading Borough Council,08/07/2025,245977,77639,BERKSHIRE ROOMS LTD,Emergency Accommodation,749,Premises Related Expenses     -,Rents,RBC Refunds Manual Entry,R5871,Directorate of Economic Growth and Neighbourhood Services
Reading Borough Council,08/07/2025,245988,77639,BERKSHIRE ROOMS LTD,Emergency Accommodation,749,Premises Related Expenses     -,Rents,RBC Refunds Manual Entry,R5871,Directorate of Economic Growth and Neighbourhood Services
Reading Borough Council,08/07/2025,246016,77639,BERKSHIRE ROOMS LTD,Emergency Accommodation,938,Premises Related Expenses     -,Rents,RBC Refunds Manual Entry,R5871,Directorate of Economic Growth and Neighbourhood Services
Reading Borough Council,08/07/2025,243348,77642,AJANA LTD,Deprivation of Liberty Safegua,3780,Supplies and Services         -,Professional Fees,RBC Standard Invoice,R5729,Directorate of Social Care and Health Services
Reading Borough Council,08/07/2025,246025,77643,ALL CARE (GB) LTD,PS Acquired Community Services,612.96,Third Party Payments          -,Purchased Care,RBC Mosaic Invoice,R5771,Directorate of Social Care and Health Services
Reading Borough Council,08/07/2025,246027,77648,CHIRON CARE (UK) LTD,Mental Health Community Servic,1799.4,Third Party Payments          -,Purchased Care,RBC Mosaic Invoice,R5731,Directorate of Social Care and Health Services
Reading Borough Council,08/07/2025,239741,77649,DG CONSTRUCTION GROUP LTD,Corporate Maintenance Services,4326,Third Party Payments          -,Corporate Maintenance Contract,RBC CIS Invoice,R4080,Directorate of Economic Growth and Neighbourhood Services
Reading Borough Council,08/07/2025,246164,77650,FAY BAKER,JLT Disbursements,800,Supplies and Services         -,External Legal Services,RBC Standard Invoice,R2407,Directorate of Resources
Reading Borough Council,08/07/2025,235066,77651,NATIONAL CHILDRENS BUREAU,DCASC Training,1551,Employees                     -,Training & Development Costs,RBC Standard Invoice,R5705,Directorate of Social Care and Health Services
Reading Borough Council,08/07/2025,235545,77653,READING SEWING BEE LTD,Events & Engagement,1500,Supplies and Services         -,Special Activities,RBC Standard Invoice,R2080,Chief Executive
Reading Borough Council,08/07/2025,236331,77654,REFUSE VEHICLE SOLUTIONS,Fleet Management,750,Transport Related Expenditure -,Vehicle Spot Hire,RBC Standard Invoice,R4552,Directorate of Economic Growth and Neighbourhood Services
Reading Borough Council,08/07/2025,239447,77655,ELITE REFUSE LTD,Fleet Management,2560,Transport Related Expenditure -,Vehicle Maint - Unplanned,RBC Standard Invoice,R4552,Directorate of Economic Growth and Neighbourhood Services
Reading Borough Council,08/07/2025,239448,77655,ELITE REFUSE LTD,Fleet Management,1654,Transport Related Expenditure -,Vehicle Maint - Unplanned,RBC Standard Invoice,R4552,Directorate of Economic Growth and Neighbourhood Services
Reading Borough Council,08/07/2025,243608,77656,CAROUSEL BUSES LTD,Strategic Transport & Concessi,5777.04,Supplies and Services         -,Payments to Operators,RBC Standard Invoice,R4726,Directorate of Economic Growth and Neighbourhood Services
Reading Borough Council,08/07/2025,208929,77657,4 BRICK COURT CHAMBERS,JLT Disbursements,5900,Supplies and Services         -,External Legal Services,RBC Standard Invoice,R2407,Directorate of Resources
Reading Borough Council,08/07/2025,246163,77659,WILLIAM BULMAN,JLT Disbursements,585,Supplies and Services         -,External Legal Services,RBC Standard Invoice,R2407,Directorate of Resources
Reading Borough Council,09/07/2025,239490,77711,SUSTRANS LTD,Strategic Transport & Concessi,10050,Supplies and Services         -,Consultancy Fees,RBC Standard Invoice,R4726,Directorate of Economic Growth and Neighbourhood Services
Reading Borough Council,09/07/2025,246279,77712,FLEET (LINE MARKERS) LTD,Streetscene,2440,Supplies and Services         -,Equipment Purchase & Repair,RBC Standard Invoice,R4567,Directorate of Economic Growth and Neighbourhood Services
Reading Borough Council,09/07/2025,240175,77713,BRITISH TELECOMMUNICATIONS PLC,Network Services,14125.94,Third Party Payments          -,Third Party Pymts: Other Estab,RBC CIS Invoice,R4703,Directorate of Economic Growth and Neighbourhood Services
Reading Borough Council,09/07/2025,246295,77714,READING TRANSPORT LTD,New Directions,996.31,Supplies and Services         -,Educational Supplies,RBC Standard Invoice,R3340,Directorate of Economic Growth and Neighbourhood Services
Reading Borough Council,09/07/2025,240183,77716,THE WELDING SHOP LTD,Parks&N'hood Svs Minor Sch,6415,Capital                       -,Equipment,RBC CIS Invoice,C8290,Capital
Reading Borough Council,09/07/2025,244210,77717,BRITISH GAS TRADING LTD,Corporate FM - Office Building,672.77,Premises Related Expenses     -,Electricity,RBC CIS Invoice,R3738,Directorate of Economic Growth and Neighbourhood Services
Reading Borough Council,09/07/2025,246489,77719,LIFESPRING CHURCH,Voluntary Sector & Community G,2500,Supplies and Services         -,Grants Paid to Vol Sector,RBC Spreadsheet Invoice,R2041,Directorate of Resources
Reading Borough Council,09/07/2025,246361,77722,GALLAGHER BASSETT INTERNATIONAL LTD,Insurance CEC,10556.42,Supplies and Services         -,Insurance Costs : General,RBC Standard Invoice,R2205,Directorate of Resources
Reading Borough Council,09/07/2025,240227,77723,SANDS SECURITY LTD,Hexagon Operations,2842,Premises Related Expenses     -,Security Costs,RBC Standard Invoice,R1200,Directorate of Economic Growth and Neighbourhood Services
Reading Borough Council,09/07/2025,245684,77725,NEWSQUEST MEDIA GROUP LTD,Recycling and Waste,1867.5,Supplies and Services         -,Publicity & Media Work,RBC Standard Invoice,R4561,Directorate of Economic Growth and Neighbourhood Services
Reading Borough Council,09/07/2025,245686,77725,NEWSQUEST MEDIA GROUP LTD,Recycling and Waste,1000,Supplies and Services         -,Publicity & Media Work,RBC Standard Invoice,R4561,Directorate of Economic Growth and Neighbourhood Services
Reading Borough Council,09/07/2025,246407,77726,ALLPAY.NET.LTD,Contracts & Commissioning,1102.63,Supplies and Services         -,Stationery,RBC Standard Invoice,R3452,Directorate of Social Care and Health Services
Reading Borough Council,09/07/2025,244814,77729,ROYLE CARE LTD,PS Acquired Community Services,1649.2,Third Party Payments          -,Purchased Care,RBC Mosaic Invoice,R5771,Directorate of Social Care and Health Services
Reading Borough Council,09/07/2025,244815,77729,ROYLE CARE LTD,PS Acquired Community Services,2273.54,Third Party Payments          -,Purchased Care,RBC Mosaic Invoice,R5771,Directorate of Social Care and Health Services
Reading Borough Council,09/07/2025,244816,77729,ROYLE CARE LTD,PS Acquired Community Services,2308.88,Third Party Payments          -,Purchased Care,RBC Mosaic Invoice,R5771,Directorate of Social Care and Health Services
Reading Borough Council,09/07/2025,244817,77729,ROYLE CARE LTD,PS Acquired Community Services,989.52,Third Party Payments          -,Purchased Care,RBC Mosaic Invoice,R5771,Directorate of Social Care and Health Services
Reading Borough Council,09/07/2025,244818,77729,ROYLE CARE LTD,PS Acquired Community Services,695.02,Third Party Payments          -,Purchased Care,RBC Mosaic Invoice,R5771,Directorate of Social Care and Health Services
Reading Borough Council,09/07/2025,244819,77729,ROYLE CARE LTD,M&C Acquired Community Service,5277.44,Third Party Payments          -,Purchased Care,RBC Mosaic Invoice,R5751,Directorate of Social Care and Health Services
Reading Borough Council,09/07/2025,244820,77729,ROYLE CARE LTD,PS Acquired Community Services,1154.44,Third Party Payments          -,Purchased Care,RBC Mosaic Invoice,R5771,Directorate of Social Care and Health Services
Reading Borough Council,09/07/2025,244822,77729,ROYLE CARE LTD,PS Acquired Community Services,1248.68,Third Party Payments          -,Purchased Care,RBC Mosaic Invoice,R5771,Directorate of Social Care and Health Services
Reading Borough Council,09/07/2025,244823,77729,ROYLE CARE LTD,PS Acquired Community Services,2308.88,Third Party Payments          -,Purchased Care,RBC Mosaic Invoice,R5771,Directorate of Social Care and Health Services
Reading Borough Council,09/07/2025,244824,77729,ROYLE CARE LTD,PS Acquired Community Services,1484.28,Third Party Payments          -,Purchased Care,RBC Mosaic Invoice,R5771,Directorate of Social Care and Health Services
Reading Borough Council,09/07/2025,244825,77729,ROYLE CARE LTD,PS Acquired Community Services,2638.72,Third Party Payments          -,Purchased Care,RBC Mosaic Invoice,R5771,Directorate of Social Care and Health Services
Reading Borough Council,09/07/2025,244826,77729,ROYLE CARE LTD,PS Acquired Community Services,989.52,Third Party Payments          -,Purchased Care,RBC Mosaic Invoice,R5771,Directorate of Social Care and Health Services
Reading Borough Council,09/07/2025,244827,77729,ROYLE CARE LTD,PS Acquired Community Services,824.6,Third Party Payments          -,Purchased Care,RBC Mosaic Invoice,R5771,Directorate of Social Care and Health Services
Reading Borough Council,09/07/2025,244828,77729,ROYLE CARE LTD,PS Acquired Community Services,1979.04,Third Party Payments          -,Purchased Care,RBC Mosaic Invoice,R5771,Directorate of Social Care and Health Services
Reading Borough Council,09/07/2025,244829,77729,ROYLE CARE LTD,PS Acquired Community Services,695.02,Third Party Payments          -,Purchased Care,RBC Mosaic Invoice,R5771,Directorate of Social Care and Health Services
Reading Borough Council,09/07/2025,244830,77729,ROYLE CARE LTD,PS Acquired Community Services,3298.4,Third Party Payments          -,Purchased Care,RBC Mosaic Invoice,R5771,Directorate of Social Care and Health Services
Reading Borough Council,09/07/2025,244831,77729,ROYLE CARE LTD,PS Acquired Community Services,1490.17,Third Party Payments          -,Purchased Care,RBC Mosaic Invoice,R5771,Directorate of Social Care and Health Services
Reading Borough Council,09/07/2025,244832,77729,ROYLE CARE LTD,PS Acquired Community Services,659.68,Third Party Payments          -,Purchased Care,RBC Mosaic Invoice,R5771,Directorate of Social Care and Health Services
Reading Borough Council,09/07/2025,244833,77729,ROYLE CARE LTD,PS Acquired Community Services,2356,Third Party Payments          -,Purchased Care,RBC Mosaic Invoice,R5771,Directorate of Social Care and Health Services
Reading Borough Council,09/07/2025,244835,77729,ROYLE CARE LTD,PS Acquired Community Services,989.52,Third Party Payments          -,Purchased Care,RBC Mosaic Invoice,R5771,Directorate of Social Care and Health Services
Reading Borough Council,09/07/2025,244837,77729,ROYLE CARE LTD,M&C Acquired Community Service,2167.52,Third Party Payments          -,Purchased Care,RBC Mosaic Invoice,R5751,Directorate of Social Care and Health Services
Reading Borough Council,09/07/2025,244838,77729,ROYLE CARE LTD,PS Acquired Community Services,1979.04,Third Party Payments          -,Purchased Care,RBC Mosaic Invoice,R5771,Directorate of Social Care and Health Services
Reading Borough Council,09/07/2025,244839,77729,ROYLE CARE LTD,PS Acquired Community Services,989.52,Third Party Payments          -,Purchased Care,RBC Mosaic Invoice,R5771,Directorate of Social Care and Health Services
Reading Borough Council,09/07/2025,244840,77729,ROYLE CARE LTD,PS Acquired Community Services,830.49,Third Party Payments          -,Purchased Care,RBC Mosaic Invoice,R5771,Directorate of Social Care and Health Services
Reading Borough Council,09/07/2025,244841,77729,ROYLE CARE LTD,PS Acquired Community Services,2108.62,Third Party Payments          -,Purchased Care,RBC Mosaic Invoice,R5771,Directorate of Social Care and Health Services
Reading Borough Council,09/07/2025,244842,77729,ROYLE CARE LTD,PS Acquired Community Services,1484.28,Third Party Payments          -,Purchased Care,RBC Mosaic Invoice,R5771,Directorate of Social Care and Health Services
Reading Borough Council,09/07/2025,244843,77729,ROYLE CARE LTD,LD Community Services,659.68,Third Party Payments          -,Purchased Care,RBC Mosaic Invoice,R5741,Directorate of Social Care and Health Services
Reading Borough Council,09/07/2025,244844,77729,ROYLE CARE LTD,PS Acquired Community Services,2026.16,Third Party Payments          -,Purchased Care,RBC Mosaic Invoice,R5771,Directorate of Social Care and Health Services
Reading Borough Council,09/07/2025,244845,77729,ROYLE CARE LTD,PS Acquired Community Services,2968.56,Third Party Payments          -,Purchased Care,RBC Mosaic Invoice,R5771,Directorate of Social Care and Health Services
Reading Borough Council,09/07/2025,244846,77729,ROYLE CARE LTD,PS Acquired Community Services,824.6,Third Party Payments          -,Purchased Care,RBC Mosaic Invoice,R5771,Directorate of Social Care and Health Services
Reading Borough Council,09/07/2025,244847,77729,ROYLE CARE LTD,PS Acquired Community Services,1649.2,Third Party Payments          -,Purchased Care,RBC Mosaic Invoice,R5771,Directorate of Social Care and Health Services
Reading Borough Council,09/07/2025,244848,77729,ROYLE CARE LTD,PS Acquired Community Services,1289.91,Third Party Payments          -,Purchased Care,RBC Mosaic Invoice,R5771,Directorate of Social Care and Health Services
Reading Borough Council,09/07/2025,244849,77729,ROYLE CARE LTD,PS Acquired Community Services,1030.75,Third Party Payments          -,Purchased Care,RBC Mosaic Invoice,R5771,Directorate of Social Care and Health Services
Reading Borough Council,09/07/2025,244850,77729,ROYLE CARE LTD,PS Acquired Community Services,3345.52,Third Party Payments          -,Purchased Care,RBC Mosaic Invoice,R5771,Directorate of Social Care and Health Services
Reading Borough Council,09/07/2025,244851,77729,ROYLE CARE LTD,PS Acquired Community Services,1319.36,Third Party Payments          -,Purchased Care,RBC Mosaic Invoice,R5771,Directorate of Social Care and Health Services
Reading Borough Council,09/07/2025,244852,77729,ROYLE CARE LTD,PS Acquired Community Services,2968.56,Third Party Payments          -,Purchased Care,RBC Mosaic Invoice,R5771,Directorate of Social Care and Health Services
Reading Borough Council,09/07/2025,244856,77729,ROYLE CARE LTD,PS Acquired Community Services,1060.2,Third Party Payments          -,Purchased Care,RBC Mosaic Invoice,R5771,Directorate of Social Care and Health Services
Reading Borough Council,09/07/2025,246359,77730,FRANCES HARRIS,JLT Disbursements,1000,Supplies and Services         -,External Legal Services,RBC Standard Invoice,R2407,Directorate of Resources
Reading Borough Council,09/07/2025,246266,77731,K M STYLES,JLT Disbursements,950,Supplies and Services         -,External Legal Services,RBC Standard Invoice,R2407,Directorate of Resources
Reading Borough Council,09/07/2025,246475,77733,MARY CULLEN T/A FAMILY ASSESSMENT AND IN,JLT Disbursements,2800,Supplies and Services         -,External Legal Services,RBC Standard Invoice,R2407,Directorate of Resources
Reading Borough Council,09/07/2025,225097,77734,JACK ANDERSON,JLT Disbursements,4710,Supplies and Services         -,External Legal Services,RBC Standard Invoice,R2407,Directorate of Resources
Reading Borough Council,09/07/2025,240626,77735,STORUM LTD T/A METAFENCE,Highways Infrastructure,4370.25,Capital                       -,Contractors,RBC CIS Invoice,C8280,Capital
Reading Borough Council,09/07/2025,240300,77737,SAFESITE FENCING LTD,Corporate Maintenance Services,560,Third Party Payments          -,Third Party Pymts: Other Estab,RBC CIS Invoice,R4080,Directorate of Economic Growth and Neighbourhood Services
Reading Borough Council,09/07/2025,241050,77738,MEDCARE HOME SERVICES LTD T/A PROACTIVE,Mental Health Community Servic,2650.4,Third Party Payments          -,Purchased Care,RBC Mosaic Invoice,R5731,Directorate of Social Care and Health Services
Reading Borough Council,09/07/2025,246336,77745,POWERQUAD LTD,Events & Engagement,2640,Supplies and Services         -,Special Activities,RBC Standard Invoice,R2080,Chief Executive
Reading Borough Council,09/07/2025,246355,77747,CHARLOTTE MACKENZIE,JLT Disbursements,1600,Supplies and Services         -,External Legal Services,RBC Standard Invoice,R2407,Directorate of Resources
Reading Borough Council,09/07/2025,246363,77748,HANNAH MARTIN,JLT Disbursements,895,Supplies and Services         -,External Legal Services,RBC Standard Invoice,R2407,Directorate of Resources
Reading Borough Council,09/07/2025,246366,77749,J & LKM PROPERTIES LTD,Emergency Accommodation,1498,Premises Related Expenses     -,Rents,RBC Standard Invoice,R5871,Directorate of Economic Growth and Neighbourhood Services
Reading Borough Council,09/07/2025,246367,77749,J & LKM PROPERTIES LTD,Emergency Accommodation,1498,Premises Related Expenses     -,Rents,RBC Standard Invoice,R5871,Directorate of Economic Growth and Neighbourhood Services
Reading Borough Council,09/07/2025,246368,77749,J & LKM PROPERTIES LTD,Emergency Accommodation,1498,Premises Related Expenses     -,Rents,RBC Standard Invoice,R5871,Directorate of Economic Growth and Neighbourhood Services
Reading Borough Council,09/07/2025,246369,77749,J & LKM PROPERTIES LTD,Emergency Accommodation,1498,Premises Related Expenses     -,Rents,RBC Standard Invoice,R5871,Directorate of Economic Growth and Neighbourhood Services
Reading Borough Council,09/07/2025,246370,77749,J & LKM PROPERTIES LTD,Emergency Accommodation,1498,Premises Related Expenses     -,Rents,RBC Standard Invoice,R5871,Directorate of Economic Growth and Neighbourhood Services
Reading Borough Council,09/07/2025,208353,77750,JENNIFER ADWOA COOKE,JLT Disbursements,1000,Supplies and Services         -,External Legal Services,RBC Standard Invoice,R2407,Directorate of Resources
Reading Borough Council,09/07/2025,246383,77751,METRIC GROUP LTD,On Street Pay and Display,2033.5,Supplies and Services         -,Photocopying,RBC Standard Invoice,R4727,Directorate of Economic Growth and Neighbourhood Services
Reading Borough Council,09/07/2025,238392,77752,TRESKE LTD,Crematorium,4067.5,Supplies and Services         -,Equipment Purchase & Repair,RBC Standard Invoice,R4606,Directorate of Resources
Reading Borough Council,09/07/2025,246347,77753,AMINA AHMED,JLT Disbursements,850,Supplies and Services         -,External Legal Services,RBC Standard Invoice,R2407,Directorate of Resources
Reading Borough Council,09/07/2025,246394,77754,POPPY HENDERSON,JLT Disbursements,1315,Supplies and Services         -,External Legal Services,RBC Standard Invoice,R2407,Directorate of Resources
Reading Borough Council,09/07/2025,246471,77757,Sundry Supplier,Repairs,1700,Premises Related Expenses     -,Lifts,RBC Refunds Manual Entry,R5970,Housing
Reading Borough Council,09/07/2025,246476,77759,Sundry Supplier,Repairs,3750,Premises Related Expenses     -,Inspections,RBC Refunds Manual Entry,R5970,Housing
Reading Borough Council,11/07/2025,240659,77796,BIDVEST FOODSERVICE (BIDFOOD),Town Hall Operations,530.84,Income                        -,Sales : Food,RBC Standard Invoice,R1210,Directorate of Economic Growth and Neighbourhood Services
Reading Borough Council,11/07/2025,239191,77797,FISHER HYDRAULICS LTD,Fleet Management,529.2,Transport Related Expenditure -,Vehicle Maint - Unplanned,RBC Standard Invoice,R4552,Directorate of Economic Growth and Neighbourhood Services
Reading Borough Council,11/07/2025,240599,77799,GLASRITE LTD,DLO Kitchen & Bathroom Trades,610.73,Third Party Payments          -,Subcontractors Labour,RBC CIS Invoice,R4042,Directorate of Economic Growth and Neighbourhood Services
Reading Borough Council,11/07/2025,240656,77799,GLASRITE LTD,DLO Voids Trades,1818.7,Third Party Payments          -,Subcontractors Labour,RBC CIS Invoice,R4020,Directorate of Economic Growth and Neighbourhood Services
Reading Borough Council,11/07/2025,241623,77799,GLASRITE LTD,DLO Day to Day Trades,26286.49,Third Party Payments          -,Subcontractors Labour,RBC CIS Invoice,R4010,Directorate of Economic Growth and Neighbourhood Services
Reading Borough Council,11/07/2025,247000,77801,PURLEY PARK TRUST LTD,LD Community Services,3939.6,Third Party Payments          -,Purchased Care,RBC Mosaic Invoice,R5741,Directorate of Social Care and Health Services
Reading Borough Council,11/07/2025,247001,77801,PURLEY PARK TRUST LTD,LD Community Services,3939.6,Third Party Payments          -,Purchased Care,RBC Mosaic Invoice,R5741,Directorate of Social Care and Health Services
Reading Borough Council,11/07/2025,247002,77801,PURLEY PARK TRUST LTD,LD Community Services,6623.4,Third Party Payments          -,Purchased Care,RBC Mosaic Invoice,R5741,Directorate of Social Care and Health Services
Reading Borough Council,11/07/2025,240862,77803,RADIS COMMUNITY CARE,PS Acquired Community Services,9013.2,Third Party Payments          -,Purchased Care,RBC Mosaic Invoice,R5771,Directorate of Social Care and Health Services
Reading Borough Council,11/07/2025,240863,77803,RADIS COMMUNITY CARE,PS Acquired Community Services,9013.2,Third Party Payments          -,Purchased Care,RBC Mosaic Invoice,R5771,Directorate of Social Care and Health Services
Reading Borough Council,11/07/2025,241262,77803,RADIS COMMUNITY CARE,PS Acquired Community Services,9013.2,Third Party Payments          -,Purchased Care,RBC Mosaic Invoice,R5771,Directorate of Social Care and Health Services
Reading Borough Council,11/07/2025,247071,77803,RADIS COMMUNITY CARE,Mental Health Community Servic,859.53,Third Party Payments          -,Purchased Care,RBC Mosaic Invoice,R5731,Directorate of Social Care and Health Services
Reading Borough Council,11/07/2025,247072,77803,RADIS COMMUNITY CARE,PS Acquired Community Services,600.88,Third Party Payments          -,Purchased Care,RBC Mosaic Invoice,R5771,Directorate of Social Care and Health Services
Reading Borough Council,11/07/2025,247073,77803,RADIS COMMUNITY CARE,PS Acquired Community Services,600.88,Third Party Payments          -,Purchased Care,RBC Mosaic Invoice,R5771,Directorate of Social Care and Health Services
Reading Borough Council,11/07/2025,247074,77803,RADIS COMMUNITY CARE,PS Acquired Community Services,600.88,Third Party Payments          -,Purchased Care,RBC Mosaic Invoice,R5771,Directorate of Social Care and Health Services
Reading Borough Council,11/07/2025,247075,77803,RADIS COMMUNITY CARE,PS Acquired Community Services,600.88,Third Party Payments          -,Purchased Care,RBC Mosaic Invoice,R5771,Directorate of Social Care and Health Services
Reading Borough Council,11/07/2025,247076,77803,RADIS COMMUNITY CARE,PS Acquired Community Services,600.88,Third Party Payments          -,Purchased Care,RBC Mosaic Invoice,R5771,Directorate of Social Care and Health Services
Reading Borough Council,11/07/2025,247077,77803,RADIS COMMUNITY CARE,PS Acquired Community Services,600.88,Third Party Payments          -,Purchased Care,RBC Mosaic Invoice,R5771,Directorate of Social Care and Health Services
Reading Borough Council,11/07/2025,247078,77803,RADIS COMMUNITY CARE,PS Acquired Community Services,600.88,Third Party Payments          -,Purchased Care,RBC Mosaic Invoice,R5771,Directorate of Social Care and Health Services
Reading Borough Council,11/07/2025,247079,77803,RADIS COMMUNITY CARE,PS Acquired Community Services,600.88,Third Party Payments          -,Purchased Care,RBC Mosaic Invoice,R5771,Directorate of Social Care and Health Services
Reading Borough Council,11/07/2025,247080,77803,RADIS COMMUNITY CARE,PS Acquired Community Services,600.88,Third Party Payments          -,Purchased Care,RBC Mosaic Invoice,R5771,Directorate of Social Care and Health Services
Reading Borough Council,11/07/2025,247081,77803,RADIS COMMUNITY CARE,PS Acquired Community Services,600.88,Third Party Payments          -,Purchased Care,RBC Mosaic Invoice,R5771,Directorate of Social Care and Health Services
Reading Borough Council,11/07/2025,247082,77803,RADIS COMMUNITY CARE,PS Acquired Community Services,600.88,Third Party Payments          -,Purchased Care,RBC Mosaic Invoice,R5771,Directorate of Social Care and Health Services
Reading Borough Council,11/07/2025,247083,77803,RADIS COMMUNITY CARE,PS Acquired Community Services,600.88,Third Party Payments          -,Purchased Care,RBC Mosaic Invoice,R5771,Directorate of Social Care and Health Services
Reading Borough Council,11/07/2025,236171,77808,SIMONE SURVEYS LTD,Highways Infrastructure,2339,Capital                       -,Contractors,RBC CIS Invoice,C8280,Capital
Reading Borough Council,11/07/2025,246626,77809,READING COMMUNITY LEARNING CENTRE,Mayor,2318.5,Income                        -,Gifts & Donations,RBC Refunds Manual Entry,R2505,Chief Executive
Reading Borough Council,11/07/2025,240089,77813,CHERUBS FLORAL DESIGN LTD,Mayor,760,Supplies and Services         -,Special Activities,RBC Standard Invoice,R2505,Chief Executive
Reading Borough Council,11/07/2025,240146,77814,FLEETWOOD GRAB SERVICES LTD,Cemeteries,575,Premises Related Expenses     -,Grounds Maintenance,RBC Standard Invoice,R4607,Directorate of Resources
Reading Borough Council,11/07/2025,240311,77814,FLEETWOOD GRAB SERVICES LTD,Highways,7896,Supplies and Services         -,Materials,RBC Standard Invoice,R4252,Directorate of Economic Growth and Neighbourhood Services
Reading Borough Council,11/07/2025,247007,77815,KCARE NURSING AGENCY LTD,Mental Health Community Servic,5459.48,Third Party Payments          -,Purchased Care,RBC Mosaic Invoice,R5731,Directorate of Social Care and Health Services
Reading Borough Council,11/07/2025,247041,77815,KCARE NURSING AGENCY LTD,Mental Health Community Servic,2072.24,Third Party Payments          -,Purchased Care,RBC Mosaic Invoice,R5731,Directorate of Social Care and Health Services
Reading Borough Council,11/07/2025,247206,77815,KCARE NURSING AGENCY LTD,PS Acquired Community Services,6469.4,Third Party Payments          -,Purchased Care,RBC Mosaic Invoice,R5771,Directorate of Social Care and Health Services
Reading Borough Council,11/07/2025,246406,77816,ALLPAY.NET.LTD,Contracts & Commissioning,1002.9,Supplies and Services         -,Stationery,RBC Standard Invoice,R3452,Directorate of Social Care and Health Services
Reading Borough Council,11/07/2025,246643,77817,EDWARD KIRKWOOD,JLT Disbursements,750,Supplies and Services         -,External Legal Services,RBC Standard Invoice,R2407,Directorate of Resources
Reading Borough Council,11/07/2025,240663,77819,DAVIS SCAFFOLDING,DLO Voids Trades,900,Third Party Payments          -,Subcontractors Labour,RBC CIS Invoice,R4020,Directorate of Economic Growth and Neighbourhood Services
Reading Borough Council,11/07/2025,247011,77820,CREATIVE SUPPORT LTD,LD Community Services,3674.1,Third Party Payments          -,Purchased Care,RBC Mosaic Invoice,R5741,Directorate of Social Care and Health Services
Reading Borough Council,11/07/2025,247013,77820,CREATIVE SUPPORT LTD,LD Community Services,3323.22,Third Party Payments          -,Purchased Care,RBC Mosaic Invoice,R5741,Directorate of Social Care and Health Services
Reading Borough Council,11/07/2025,247014,77820,CREATIVE SUPPORT LTD,PS Acquired Community Services,1130.4,Third Party Payments          -,Purchased Care,RBC Mosaic Invoice,R5771,Directorate of Social Care and Health Services
Reading Borough Council,11/07/2025,247015,77820,CREATIVE SUPPORT LTD,LD Community Services,1130.4,Third Party Payments          -,Purchased Care,RBC Mosaic Invoice,R5741,Directorate of Social Care and Health Services
Reading Borough Council,11/07/2025,247040,77820,CREATIVE SUPPORT LTD,LD Community Services,1205.4,Third Party Payments          -,Purchased Care,RBC Mosaic Invoice,R5741,Directorate of Social Care and Health Services
Reading Borough Council,11/07/2025,247221,77821,CHRISTIAN HOWELL CARPENTRY,Repairs,85416.67,Premises Related Expenses     -,Lifts,RBC Refunds Manual Entry,R5970,Housing
Reading Borough Council,11/07/2025,247212,77822,D.HAZELL SURFACING & CONSTRUCTION LTD,Highways Infrastructure,19300,Capital                       -,Contractors,RBC CIS Invoice,C8280,Capital
Reading Borough Council,11/07/2025,236081,77823,FCC RECYCLING (UK) LTD,Streetscene,812.7,Supplies and Services         -,Waste Disposal,RBC Standard Invoice,R4567,Directorate of Economic Growth and Neighbourhood Services
Reading Borough Council,11/07/2025,240600,77824,BREEDON SOUTHERN LTD,Highways,2059.55,Supplies and Services         -,Materials,RBC Standard Invoice,R4252,Directorate of Economic Growth and Neighbourhood Services
Reading Borough Council,11/07/2025,246608,77826,JERRY D HAWKINS,JLT Disbursements,3481.25,Supplies and Services         -,External Legal Services,RBC Standard Invoice,R2407,Directorate of Resources
Reading Borough Council,11/07/2025,240148,77827,M&D SERVICES,Civil Engineering,4700,Premises Related Expenses     -,Maintenance - Highways,RBC CIS Invoice,R4550,Directorate of Economic Growth and Neighbourhood Services
Reading Borough Council,11/07/2025,241369,77829,JUSTINE RAMSDEN,JLT Disbursements,1100,Supplies and Services         -,External Legal Services,RBC Standard Invoice,R2407,Directorate of Resources
Reading Borough Council,11/07/2025,246628,77830,REEDS SOLICITORS,JLT Disbursements,4271.6,Supplies and Services         -,External Legal Services,RBC Standard Invoice,R2407,Directorate of Resources
Reading Borough Council,11/07/2025,246644,77832,CHLOE WILKINS,JLT Disbursements,6000,Supplies and Services         -,External Legal Services,RBC Standard Invoice,R2407,Directorate of Resources
Reading Borough Council,11/07/2025,240620,77838,MANOR MIX,Highways,1033,Supplies and Services         -,Materials,RBC Standard Invoice,R4252,Directorate of Economic Growth and Neighbourhood Services
Reading Borough Council,11/07/2025,236040,77840,SWARCO UK LTD,Parking & Enforcement,2072,Premises Related Expenses     -,Materials-Repairs Maintenance,RBC CIS Invoice,R4725,Directorate of Economic Growth and Neighbourhood Services
Reading Borough Council,11/07/2025,236389,77842,HOUSING GENIE LTD,Emergency Accommodation,665,Premises Related Expenses     -,Rents,RBC Standard Invoice,R5871,Directorate of Economic Growth and Neighbourhood Services
Reading Borough Council,11/07/2025,236390,77842,HOUSING GENIE LTD,Emergency Accommodation,700,Premises Related Expenses     -,Rents,RBC Standard Invoice,R5871,Directorate of Economic Growth and Neighbourhood Services
Reading Borough Council,11/07/2025,236391,77842,HOUSING GENIE LTD,Emergency Accommodation,630,Premises Related Expenses     -,Rents,RBC Standard Invoice,R5871,Directorate of Economic Growth and Neighbourhood Services
Reading Borough Council,11/07/2025,241338,77844,CARE4U WE LTD,LD Community Services,3272.94,Third Party Payments          -,Purchased Care,RBC Mosaic Invoice,R5741,Directorate of Social Care and Health Services
Reading Borough Council,11/07/2025,246997,77844,CARE4U WE LTD,LD Community Services,9009.08,Third Party Payments          -,Purchased Care,RBC Mosaic Invoice,R5741,Directorate of Social Care and Health Services
Reading Borough Council,11/07/2025,246998,77844,CARE4U WE LTD,LD Community Services,9009.08,Third Party Payments          -,Purchased Care,RBC Mosaic Invoice,R5741,Directorate of Social Care and Health Services
Reading Borough Council,11/07/2025,246999,77844,CARE4U WE LTD,LD Community Services,7816.77,Third Party Payments          -,Purchased Care,RBC Mosaic Invoice,R5741,Directorate of Social Care and Health Services
Reading Borough Council,11/07/2025,247010,77844,CARE4U WE LTD,Mental Health Community Servic,530.88,Third Party Payments          -,Purchased Care,RBC Mosaic Invoice,R5731,Directorate of Social Care and Health Services
Reading Borough Council,11/07/2025,247012,77844,CARE4U WE LTD,Mental Health Community Servic,530.88,Third Party Payments          -,Purchased Care,RBC Mosaic Invoice,R5731,Directorate of Social Care and Health Services
Reading Borough Council,11/07/2025,241049,77845,MEDCARE HOME SERVICES LTD T/A PROACTIVE,LD Community Services,6238.64,Third Party Payments          -,Purchased Care,RBC Mosaic Invoice,R5741,Directorate of Social Care and Health Services
Reading Borough Council,11/07/2025,241051,77845,MEDCARE HOME SERVICES LTD T/A PROACTIVE,Mental Health Community Servic,2662.08,Third Party Payments          -,Purchased Care,RBC Mosaic Invoice,R5731,Directorate of Social Care and Health Services
Reading Borough Council,11/07/2025,237939,77846,CERTAS ENERGY UK LTD,Fleet Management,18826.2,Transport Related Expenditure -,Vehicle Fuel,RBC Standard Invoice,R4552,Directorate of Economic Growth and Neighbourhood Services
Reading Borough Council,11/07/2025,241636,77847,AEBI SCHMIDT UK LTD,Fleet Management,1738.57,Transport Related Expenditure -,Vehicle Maint - Unplanned,RBC Standard Invoice,R4552,Directorate of Economic Growth and Neighbourhood Services
Reading Borough Council,11/07/2025,246641,77848,WELCOME TRANSLATION EXPERTS LTD,JLT Disbursements,953.8,Supplies and Services         -,External Legal Services,RBC Standard Invoice,R2407,Directorate of Resources
Reading Borough Council,11/07/2025,240660,77849,EUROPEAN ASBESTOS SERVICES LTD,Streetscene,4518,Premises Related Expenses     -,Asbestos,RBC CIS Invoice,R4567,Directorate of Economic Growth and Neighbourhood Services
Reading Borough Council,11/07/2025,247143,77850,TELEFONICA UK LTD,Mobile Telephony,1995,Supplies and Services         -,Mobile Phones,RBC Standard Invoice,R2305,Directorate of Resources
Reading Borough Council,11/07/2025,241357,77851,DR TRAINING LTD,Corporate Organisational Devel,700,Employees                     -,Training & Development Costs,RBC Standard Invoice,R3435,Directorate of Resources
Reading Borough Council,11/07/2025,235954,77853,IMPERIAL POLYTHENE PRODUCTS LTD,Recycling and Waste,1395.39,Supplies and Services         -,Waste Collection,RBC Standard Invoice,R4561,Directorate of Economic Growth and Neighbourhood Services
Reading Borough Council,11/07/2025,236349,77854,CELADOR APARTMENTS LTD,Housing Management,763,Supplies and Services         -,Professional Fees,RBC Standard Invoice,R5920,Housing
Reading Borough Council,11/07/2025,239011,77855,YUNEX LTD,Network Services,11933.38,Third Party Payments          -,Third Party Pymts: Other Estab,RBC CIS Invoice,R4703,Directorate of Economic Growth and Neighbourhood Services
Reading Borough Council,11/07/2025,247003,77856,LOVING ANGELS CARE,LD Community Services,2156.95,Third Party Payments          -,Purchased Care,RBC Mosaic Invoice,R5741,Directorate of Social Care and Health Services
Reading Borough Council,11/07/2025,247004,77856,LOVING ANGELS CARE,LD Community Services,2163.4,Third Party Payments          -,Purchased Care,RBC Mosaic Invoice,R5741,Directorate of Social Care and Health Services
Reading Borough Council,11/07/2025,247042,77856,LOVING ANGELS CARE,LD Community Services,3140.2,Third Party Payments          -,Purchased Care,RBC Mosaic Invoice,R5741,Directorate of Social Care and Health Services
Reading Borough Council,11/07/2025,247043,77856,LOVING ANGELS CARE,LD Community Services,879.44,Third Party Payments          -,Purchased Care,RBC Mosaic Invoice,R5741,Directorate of Social Care and Health Services
Reading Borough Council,11/07/2025,247046,77856,LOVING ANGELS CARE,Mental Health Community Servic,1233.65,Third Party Payments          -,Purchased Care,RBC Mosaic Invoice,R5731,Directorate of Social Care and Health Services
Reading Borough Council,11/07/2025,247047,77856,LOVING ANGELS CARE,Social Support,666.12,Third Party Payments          -,Purchased Care,RBC Mosaic Invoice,R5790,Directorate of Social Care and Health Services
Reading Borough Council,11/07/2025,247048,77856,LOVING ANGELS CARE,PS Acquired Community Services,2457.54,Third Party Payments          -,Purchased Care,RBC Mosaic Invoice,R5771,Directorate of Social Care and Health Services
Reading Borough Council,11/07/2025,247049,77856,LOVING ANGELS CARE,LD Community Services,1211.22,Third Party Payments          -,Purchased Care,RBC Mosaic Invoice,R5741,Directorate of Social Care and Health Services
Reading Borough Council,11/07/2025,247058,77856,LOVING ANGELS CARE,LD Community Services,1884.12,Third Party Payments          -,Purchased Care,RBC Mosaic Invoice,R5741,Directorate of Social Care and Health Services
Reading Borough Council,11/07/2025,247059,77856,LOVING ANGELS CARE,LD Community Services,4372.02,Third Party Payments          -,Purchased Care,RBC Mosaic Invoice,R5741,Directorate of Social Care and Health Services
Reading Borough Council,11/07/2025,247088,77856,LOVING ANGELS CARE,LD Community Services,2164.9,Third Party Payments          -,Purchased Care,RBC Mosaic Invoice,R5741,Directorate of Social Care and Health Services
Reading Borough Council,11/07/2025,247091,77856,LOVING ANGELS CARE,Mental Health Community Servic,671.11,Third Party Payments          -,Purchased Care,RBC Mosaic Invoice,R5731,Directorate of Social Care and Health Services
Reading Borough Council,11/07/2025,247092,77856,LOVING ANGELS CARE,Mental Health Community Servic,930.85,Third Party Payments          -,Purchased Care,RBC Mosaic Invoice,R5731,Directorate of Social Care and Health Services
Reading Borough Council,11/07/2025,247095,77856,LOVING ANGELS CARE,Mental Health Community Servic,690.84,Third Party Payments          -,Purchased Care,RBC Mosaic Invoice,R5731,Directorate of Social Care and Health Services
Reading Borough Council,11/07/2025,247107,77856,LOVING ANGELS CARE,LD Community Services,538.32,Third Party Payments          -,Purchased Care,RBC Mosaic Invoice,R5741,Directorate of Social Care and Health Services
Reading Borough Council,11/07/2025,247109,77856,LOVING ANGELS CARE,LD Community Services,538.32,Third Party Payments          -,Purchased Care,RBC Mosaic Invoice,R5741,Directorate of Social Care and Health Services
Reading Borough Council,11/07/2025,247112,77856,LOVING ANGELS CARE,Mental Health Community Servic,515.89,Third Party Payments          -,Purchased Care,RBC Mosaic Invoice,R5731,Directorate of Social Care and Health Services
Reading Borough Council,11/07/2025,247123,77856,LOVING ANGELS CARE,LD Community Services,879.52,Third Party Payments          -,Purchased Care,RBC Mosaic Invoice,R5741,Directorate of Social Care and Health Services
Reading Borough Council,11/07/2025,247008,77857,SALIS CARE LTD,Social Support,4453.48,Third Party Payments          -,Purchased Care,RBC Mosaic Invoice,R5790,Directorate of Social Care and Health Services
Reading Borough Council,11/07/2025,246601,77858,CROWDENGAGE LTD,Hexagon Operations,623.56,Supplies and Services         -,Computer Purchase,RBC Standard Invoice,R1200,Directorate of Economic Growth and Neighbourhood Services
Reading Borough Council,11/07/2025,240856,77859,GRACE EYRE FOUNDATION,LD Community Services,11386.58,Third Party Payments          -,Purchased Care,RBC Mosaic Invoice,R5741,Directorate of Social Care and Health Services
Reading Borough Council,11/07/2025,244976,77860,CHIRON CARE (UK) LTD,Mental Health Community Servic,2686.2,Third Party Payments          -,Purchased Care,RBC Mosaic Invoice,R5731,Directorate of Social Care and Health Services
Reading Borough Council,11/07/2025,244978,77860,CHIRON CARE (UK) LTD,PS Acquired Community Services,2034.3,Third Party Payments          -,Purchased Care,RBC Mosaic Invoice,R5771,Directorate of Social Care and Health Services
Reading Borough Council,11/07/2025,244979,77860,CHIRON CARE (UK) LTD,Mental Health Community Servic,3426.3,Third Party Payments          -,Purchased Care,RBC Mosaic Invoice,R5731,Directorate of Social Care and Health Services
Reading Borough Council,11/07/2025,244980,77860,CHIRON CARE (UK) LTD,Mental Health Community Servic,3088.2,Third Party Payments          -,Purchased Care,RBC Mosaic Invoice,R5731,Directorate of Social Care and Health Services
Reading Borough Council,11/07/2025,244981,77860,CHIRON CARE (UK) LTD,Mental Health Community Servic,1799.4,Third Party Payments          -,Purchased Care,RBC Mosaic Invoice,R5731,Directorate of Social Care and Health Services
Reading Borough Council,11/07/2025,244982,77860,CHIRON CARE (UK) LTD,Mental Health Community Servic,2775.74,Third Party Payments          -,Purchased Care,RBC Mosaic Invoice,R5731,Directorate of Social Care and Health Services
Reading Borough Council,11/07/2025,244983,77860,CHIRON CARE (UK) LTD,Mental Health Community Servic,2583.54,Third Party Payments          -,Purchased Care,RBC Mosaic Invoice,R5731,Directorate of Social Care and Health Services
Reading Borough Council,11/07/2025,244984,77860,CHIRON CARE (UK) LTD,PS Acquired Community Services,2102.11,Third Party Payments          -,Purchased Care,RBC Mosaic Invoice,R5771,Directorate of Social Care and Health Services
Reading Borough Council,11/07/2025,244985,77860,CHIRON CARE (UK) LTD,Mental Health Community Servic,3540.51,Third Party Payments          -,Purchased Care,RBC Mosaic Invoice,R5731,Directorate of Social Care and Health Services
Reading Borough Council,11/07/2025,244986,77860,CHIRON CARE (UK) LTD,Mental Health Community Servic,3191.14,Third Party Payments          -,Purchased Care,RBC Mosaic Invoice,R5731,Directorate of Social Care and Health Services
Reading Borough Council,11/07/2025,244987,77860,CHIRON CARE (UK) LTD,Mental Health Community Servic,1859.38,Third Party Payments          -,Purchased Care,RBC Mosaic Invoice,R5731,Directorate of Social Care and Health Services
Reading Borough Council,11/07/2025,239709,77861,WORLDWIDE EDUCATION RECRUITMENT LTD,Kennet Day Nursery,663.75,Employees                     -,Agency Staff,RBC Standard Invoice,R3555,Directorate of Resources
Reading Borough Council,11/07/2025,241268,77862,BASSNA INVESTMENTS GROUP LTD T/A BOW GUE,Social Support,595,Third Party Payments          -,Emergency Accomodation,RBC Mosaic Invoice,R5790,Directorate of Social Care and Health Services
Reading Borough Council,11/07/2025,241270,77862,BASSNA INVESTMENTS GROUP LTD T/A BOW GUE,Social Support,553,Third Party Payments          -,Emergency Accomodation,RBC Mosaic Invoice,R5790,Directorate of Social Care and Health Services
Reading Borough Council,11/07/2025,236405,77863,TUSKERDIRECT LTD,Housing Advice,629.45,Employees                     -,Basic Pay : General,RBC Standard Invoice,R5820,Directorate of Economic Growth and Neighbourhood Services
Reading Borough Council,11/07/2025,242509,77864,LITTLEPAY LTD,Strategic Transport & Concessi,500,Supplies and Services         -,Consultancy Fees,RBC Standard Invoice,R4726,Directorate of Economic Growth and Neighbourhood Services
Reading Borough Council,11/07/2025,247155,77865,DG CONSTRUCTION GROUP LTD,Corporate Maintenance Services,666,Third Party Payments          -,Third Party Pymts: Other Estab,RBC CIS Invoice,R4080,Directorate of Economic Growth and Neighbourhood Services
Reading Borough Council,11/07/2025,236068,77867,OAKALLS CONSULTANCY LTD,Legal Services,1832,Employees                     -,Training & Development Costs,RBC Standard Invoice,R2400,Directorate of Resources
Reading Borough Council,11/07/2025,235946,77869,BLUE LOZENGE,Public Health Team Costs,4984,Supplies and Services         -,Consultancy Fees,RBC Standard Invoice,R2065,Directorate of Social Care and Health Services
Reading Borough Council,11/07/2025,238285,77871,A S MILES CONSULTING LTD,Fleet Management,2750,Supplies and Services         -,Consultancy Fees,RBC Standard Invoice,R4552,Directorate of Economic Growth and Neighbourhood Services
Reading Borough Council,11/07/2025,247006,77872,KCARE NURSING AGENCY LTD (2),Mental Health Community Servic,7307.8,Third Party Payments          -,Purchased Care,RBC Mosaic Invoice,R5731,Directorate of Social Care and Health Services
Reading Borough Council,11/07/2025,236085,77873,MODAXO TRAFFIC MANAGEMENT UK LTD,Special Parking Area,137946.38,Third Party Payments          -,Enforcement contract payments,RBC Standard Invoice,R4724,Directorate of Economic Growth and Neighbourhood Services
Reading Borough Council,11/07/2025,246577,77875,PAUL FERRIS,DFG & Priv Sector Adaptations,2000,Capital                       -,Grants Paid Out,RBC Refunds Manual Entry,C8120,Capital
Reading Borough Council,11/07/2025,246578,77875,PAUL FERRIS,DFG & Priv Sector Adaptations,3000,Capital                       -,Grants Paid Out,RBC Refunds Manual Entry,C8120,Capital
Reading Borough Council,11/07/2025,239735,77878,TINA FARROW,Voluntary Sector & Community G,2500,Supplies and Services         -,Grants Paid to Vol Sector,RBC Standard Invoice,R2041,Directorate of Resources
Reading Borough Council,11/07/2025,239442,77879,COOMBE HEALTH ASSOCIATES LTD,Coroner,800,Supplies and Services         -,Medical Fees,RBC Standard Invoice,R4605,Directorate of Economic Growth and Neighbourhood Services
Reading Borough Council,11/07/2025,235487,77880,RUSSELL RESIDENCES LTD,Emergency Accommodation,728,Premises Related Expenses     -,Rents,RBC Standard Invoice,R5871,Directorate of Economic Growth and Neighbourhood Services
Reading Borough Council,11/07/2025,239454,77881,MAX PRO GROUP SESS LTD,Corporate FM - Office Building,716.88,Premises Related Expenses     -,Security Costs,RBC Standard Invoice,R3738,Directorate of Economic Growth and Neighbourhood Services
Reading Borough Council,11/07/2025,244963,77882,AIM24 CARE LTD,PS Acquired Community Services,1507.84,Third Party Payments          -,Purchased Care,RBC Mosaic Invoice,R5771,Directorate of Social Care and Health Services
Reading Borough Council,11/07/2025,244964,77882,AIM24 CARE LTD,PS Acquired Community Services,989.52,Third Party Payments          -,Purchased Care,RBC Mosaic Invoice,R5771,Directorate of Social Care and Health Services
Reading Borough Council,11/07/2025,244965,77882,AIM24 CARE LTD,PS Acquired Community Services,4176.94,Third Party Payments          -,Purchased Care,RBC Mosaic Invoice,R5771,Directorate of Social Care and Health Services
Reading Borough Council,11/07/2025,244966,77882,AIM24 CARE LTD,PS Acquired Community Services,4617.76,Third Party Payments          -,Purchased Care,RBC Mosaic Invoice,R5771,Directorate of Social Care and Health Services
Reading Borough Council,11/07/2025,244967,77882,AIM24 CARE LTD,PS Acquired Community Services,824.6,Third Party Payments          -,Purchased Care,RBC Mosaic Invoice,R5771,Directorate of Social Care and Health Services
Reading Borough Council,11/07/2025,244970,77882,AIM24 CARE LTD,PS Acquired Community Services,518.32,Third Party Payments          -,Purchased Care,RBC Mosaic Invoice,R5771,Directorate of Social Care and Health Services
Reading Borough Council,11/07/2025,244971,77882,AIM24 CARE LTD,LD Community Services,801.04,Third Party Payments          -,Purchased Care,RBC Mosaic Invoice,R5741,Directorate of Social Care and Health Services
Reading Borough Council,11/07/2025,244972,77882,AIM24 CARE LTD,Social Support,942.4,Third Party Payments          -,Purchased Care,RBC Mosaic Invoice,R5790,Directorate of Social Care and Health Services
Reading Borough Council,11/07/2025,246594,77883,PRINCIPAL PROPERTY SOLUTIONS LTD,Emergency Accommodation,5040,Premises Related Expenses     -,Rents,RBC Standard Invoice,R5871,Directorate of Economic Growth and Neighbourhood Services
Reading Borough Council,11/07/2025,239156,77884,P & D ENVIRONMENTAL LTD,Civil Engineering,2300,Premises Related Expenses     -,Maintenance - Bridges,RBC Standard Invoice,R4550,Directorate of Economic Growth and Neighbourhood Services
Reading Borough Council,11/07/2025,238265,77885,PURE RECORDS (YORKSHIRE) LTD,Town Hall Operations,10060.24,Supplies and Services         -,Professional Fees,RBC Refunds Manual Entry,R1210,Directorate of Economic Growth and Neighbourhood Services
Reading Borough Council,11/07/2025,236067,77886,AEB SOCIAL CARE LTD,Deprivation of Liberty Safegua,540,Supplies and Services         -,Professional Fees,RBC Standard Invoice,R5729,Directorate of Social Care and Health Services
Reading Borough Council,11/07/2025,246474,77887,NT (UK) BUSINESS SOLUTIONS LTD,Public Health Team Costs,1500,Supplies and Services         -,Professional Fees,RBC Standard Invoice,R2065,Directorate of Social Care and Health Services
Reading Borough Council,11/07/2025,246649,77888,ARREFUNDSBACS,RBC Balance Sheet,3813.94,Current Assets                -,RBC - MAIN BANK AC LLOYDS,RBC AR REFUNDS,R9999,Balance Sheet
Reading Borough Council,11/07/2025,247141,77890,ARREFUNDSBACS,RBC Balance Sheet,624.74,Current Assets                -,RBC - MAIN BANK AC LLOYDS,RBC AR REFUNDS,R9999,Balance Sheet
Reading Borough Council,11/07/2025,246631,77892,Sundry Supplier,Mayor,2318.5,Income                        -,Gifts & Donations,RBC Refunds Manual Entry,R2505,Chief Executive
Reading Borough Council,14/07/2025,238397,78076,STREET FURNISHINGS LTD,Highways,565,Supplies and Services         -,Materials,RBC Standard Invoice,R4252,Directorate of Economic Growth and Neighbourhood Services
Reading Borough Council,14/07/2025,236367,78078,M&R SERVICES,Repairs,1100,Premises Related Expenses     -,Estate Maintenance,RBC CIS Invoice,R5970,Housing
Reading Borough Council,14/07/2025,240943,78078,M&R SERVICES,Social Support,700,Third Party Payments          -,Purchased Care,RBC Mosaic Invoice,R5790,Directorate of Social Care and Health Services
Reading Borough Council,14/07/2025,206840,78079,KEYLINE CIVILS SPECIALIST LTD,Highways,1002.61,Supplies and Services         -,Materials,RBC Standard Invoice,R4252,Directorate of Economic Growth and Neighbourhood Services
Reading Borough Council,14/07/2025,238898,78081,ACTIVE ASSISTANCE,PS Acquired Community Services,801.5,Third Party Payments          -,Purchased Care,RBC Mosaic Invoice,R5771,Directorate of Social Care and Health Services
Reading Borough Council,14/07/2025,246445,78083,FISHER HYDRAULICS LTD,Fleet Management,579.6,Transport Related Expenditure -,Vehicle Maint - Unplanned,RBC Standard Invoice,R4552,Directorate of Economic Growth and Neighbourhood Services
Reading Borough Council,14/07/2025,241370,78085,KINGDOM COFFEE INTERNATIONAL LTD,Town Hall Operations,557.42,Income                        -,Sales : Food,RBC Standard Invoice,R1210,Directorate of Economic Growth and Neighbourhood Services
Reading Borough Council,14/07/2025,210356,78088,BLESSED HUGH FARINGDON RC SCHOOL,High Needs Block - Inclusion,47250,Transfer Payments             -,School Transfer Payment,RBC Spreadsheet Invoice,R3525,Former Directorate of Education and Childrens Services
Reading Borough Council,14/07/2025,210370,78088,BLESSED HUGH FARINGDON RC SCHOOL,School Grants Holding Account,52344,Transfer Payments             -,School Transfer Payment,RBC Spreadsheet Invoice,R3295,Former Directorate of Education and Childrens Services
Reading Borough Council,14/07/2025,210382,78088,BLESSED HUGH FARINGDON RC SCHOOL,DSG Schools Block (BFfC),564607.09,Transfer Payments             -,School Transfer Payment,RBC Spreadsheet Invoice,R3140,Former Directorate of Education and Childrens Services
Reading Borough Council,14/07/2025,239481,78089,CITY & GUILDS,New Directions,700,Supplies and Services         -,Examination Fees,RBC Standard Invoice,R3340,Directorate of Economic Growth and Neighbourhood Services
Reading Borough Council,14/07/2025,237635,78090,OXFORDSHIRE COUNTY COUNCIL,Adoption Agency,218728.42,Third Party Payments          -,Third Party Pymts: Other Estab,RBC Standard Invoice,R5456,Former Directorate of Education and Childrens Services
Reading Borough Council,14/07/2025,237636,78090,OXFORDSHIRE COUNTY COUNCIL,Adoption Agency,84408.32,Third Party Payments          -,Third Party Pymts: Other Estab,RBC Standard Invoice,R5456,Former Directorate of Education and Childrens Services
Reading Borough Council,14/07/2025,240086,78091,RENAULT TRUCK COMMERCIAL LTD,Fleet Management,1978.69,Transport Related Expenditure -,Vehicle Maint - Unplanned,RBC Standard Invoice,R4552,Directorate of Economic Growth and Neighbourhood Services
Reading Borough Council,14/07/2025,240124,78091,RENAULT TRUCK COMMERCIAL LTD,Fleet Management,570,Transport Related Expenditure -,Vehicle Maintenance,RBC Standard Invoice,R4552,Directorate of Economic Growth and Neighbourhood Services
Reading Borough Council,14/07/2025,240131,78091,RENAULT TRUCK COMMERCIAL LTD,Fleet Management,740,Transport Related Expenditure -,Vehicle Maintenance,RBC Standard Invoice,R4552,Directorate of Economic Growth and Neighbourhood Services
Reading Borough Council,14/07/2025,247236,78092,THAMES WATER UTILITIES LTD,Community Care Properties,905.39,Premises Related Expenses     -,Water and Sewerage,RBC CIS Invoice,R5067,Directorate of Social Care and Health Services
Reading Borough Council,14/07/2025,210401,78093,NEW CHRIST CHURCH CE PRIMARY SCHOOL,High Needs Block - Inclusion,14000,Transfer Payments             -,School Transfer Payment,RBC Spreadsheet Invoice,R3525,Former Directorate of Education and Childrens Services
Reading Borough Council,14/07/2025,246316,78095,STUART DIGGENS BUILDING & ROOFING LTD,Corporate Maintenance Services,780,Third Party Payments          -,Third Party Pymts: Other Estab,RBC CIS Invoice,R4080,Directorate of Economic Growth and Neighbourhood Services
Reading Borough Council,14/07/2025,238239,78098,CLC CONTRACTORS LTD,DLO Voids Trades,4889.78,Third Party Payments          -,Subcontractors Labour,RBC CIS Invoice,R4020,Directorate of Economic Growth and Neighbourhood Services
Reading Borough Council,14/07/2025,238240,78098,CLC CONTRACTORS LTD,DLO Voids Trades,6853.58,Third Party Payments          -,Subcontractors Labour,RBC CIS Invoice,R4020,Directorate of Economic Growth and Neighbourhood Services
Reading Borough Council,14/07/2025,238241,78098,CLC CONTRACTORS LTD,DLO Voids Trades,2568.37,Third Party Payments          -,Subcontractors Labour,RBC CIS Invoice,R4020,Directorate of Economic Growth and Neighbourhood Services
Reading Borough Council,14/07/2025,238242,78098,CLC CONTRACTORS LTD,DLO Voids Trades,1606,Third Party Payments          -,Subcontractors Labour,RBC CIS Invoice,R4020,Directorate of Economic Growth and Neighbourhood Services
Reading Borough Council,14/07/2025,238244,78098,CLC CONTRACTORS LTD,DLO Voids Trades,3692.59,Third Party Payments          -,Subcontractors Labour,RBC CIS Invoice,R4020,Directorate of Economic Growth and Neighbourhood Services
Reading Borough Council,14/07/2025,210396,78099,NEW TOWN PRIMARY,High Needs Block - Inclusion,21000,Transfer Payments             -,School Transfer Payment,RBC Spreadsheet Invoice,R3525,Former Directorate of Education and Childrens Services
Reading Borough Council,14/07/2025,210351,78100,THE HOLY BROOK SCHOOL,High Needs Block - Inclusion,50000,Transfer Payments             -,School Transfer Payment,RBC Spreadsheet Invoice,R3525,Former Directorate of Education and Childrens Services
Reading Borough Council,14/07/2025,210417,78101,BLAGDON NURSERY,Early Years Block (DSG),33000,Transfer Payments             -,School Transfer Payment,RBC Spreadsheet Invoice,R3831,Former Directorate of Education and Childrens Services
Reading Borough Council,14/07/2025,210414,78102,BLAGRAVE NURSERY,Early Years Block (DSG),33000,Transfer Payments             -,School Transfer Payment,RBC Spreadsheet Invoice,R3831,Former Directorate of Education and Childrens Services
Reading Borough Council,14/07/2025,239170,78103,NEC SOFTWARE SOLUTIONS UK LTD,IT Management,43500,Third Party Payments          -,Third Party Pymts: Other Estab,RBC Standard Invoice,R2300,Directorate of Resources
Reading Borough Council,14/07/2025,247628,78105,LIVE NATION MUSIC (UK) LTD,Hexagon Operations,8787.69,Supplies and Services         -,Professional Fees,RBC Refunds Manual Entry,R1200,Directorate of Economic Growth and Neighbourhood Services
Reading Borough Council,14/07/2025,247629,78105,LIVE NATION MUSIC (UK) LTD,Hexagon Operations,12052.65,Supplies and Services         -,Professional Fees,RBC Refunds Manual Entry,R1200,Directorate of Economic Growth and Neighbourhood Services
Reading Borough Council,14/07/2025,243296,78106,RICOH EUROPE PLC,Printing,1474.83,Supplies and Services         -,Photocopying,RBC Standard Invoice,R2590,Directorate of Economic Growth and Neighbourhood Services
Reading Borough Council,14/07/2025,210424,78107,MAIDEN ERLEGH TRUST,High Needs Block - Inclusion,15000,Transfer Payments             -,School Transfer Payment,RBC Spreadsheet Invoice,R3525,Former Directorate of Education and Childrens Services
Reading Borough Council,14/07/2025,210436,78107,MAIDEN ERLEGH TRUST,High Needs Block - Inclusion,65000,Transfer Payments             -,School Transfer Payment,RBC Spreadsheet Invoice,R3525,Former Directorate of Education and Childrens Services
Reading Borough Council,14/07/2025,238995,78108,G B SPORT & LEISURE,Streetscene,1461.9,Premises Related Expenses     -,Mtce : Childrens Playgrounds,RBC Standard Invoice,R4567,Directorate of Economic Growth and Neighbourhood Services
Reading Borough Council,14/07/2025,239753,78109,REED,Universal Digital Systems,210545.25,Capital                       -,Staff/Consultancy,RBC REED Invoice,C8635,Capital
Reading Borough Council,14/07/2025,238982,78110,CIVICA UK LTD,Reading Libraries,28146.01,Supplies and Services         -,Software Licences,RBC Standard Invoice,R1400,Directorate of Economic Growth and Neighbourhood Services
Reading Borough Council,14/07/2025,239005,78111,HAMPSHIRE COUNTY COUNCIL,Information Rights,791.5,Supplies and Services         -,External Legal Services,RBC Standard Invoice,R2058,Directorate of Resources
Reading Borough Council,14/07/2025,238311,78112,DSI BILLING SERVICES LTD,Revenues & Benefits Systems,2518.6,Supplies and Services         -,Postage,RBC Standard Invoice,R2266,Directorate of Resources
Reading Borough Council,14/07/2025,243358,78114,EDGE SERVICES,DCASC Training,905,Employees                     -,Training & Development Costs,RBC Standard Invoice,R5705,Directorate of Social Care and Health Services
Reading Borough Council,14/07/2025,210406,78115,THE WHITE HORSE FEDERATION,High Needs Block - Inclusion,28000,Transfer Payments             -,School Transfer Payment,RBC Spreadsheet Invoice,R3525,Former Directorate of Education and Childrens Services
Reading Borough Council,14/07/2025,210411,78115,THE WHITE HORSE FEDERATION,High Needs Block - Inclusion,22000,Transfer Payments             -,School Transfer Payment,RBC Spreadsheet Invoice,R3525,Former Directorate of Education and Childrens Services
Reading Borough Council,14/07/2025,239704,78116,EDWARD KIRKWOOD,JLT Disbursements,8350,Supplies and Services         -,External Legal Services,RBC Standard Invoice,R2407,Directorate of Resources
Reading Borough Council,14/07/2025,240859,78121,CREATIVE SUPPORT LTD,LD Community Services,3309.16,Third Party Payments          -,Purchased Care,RBC Mosaic Invoice,R5741,Directorate of Social Care and Health Services
Reading Borough Council,14/07/2025,241068,78121,CREATIVE SUPPORT LTD,Mental Health Community Servic,1782.32,Third Party Payments          -,Purchased Care,RBC Mosaic Invoice,R5731,Directorate of Social Care and Health Services
Reading Borough Council,14/07/2025,241069,78121,CREATIVE SUPPORT LTD,Mental Health Community Servic,957.59,Third Party Payments          -,Purchased Care,RBC Mosaic Invoice,R5731,Directorate of Social Care and Health Services
Reading Borough Council,14/07/2025,241070,78121,CREATIVE SUPPORT LTD,Mental Health Community Servic,1337.92,Third Party Payments          -,Purchased Care,RBC Mosaic Invoice,R5731,Directorate of Social Care and Health Services
Reading Borough Council,14/07/2025,241072,78121,CREATIVE SUPPORT LTD,Mental Health Community Servic,1499.52,Third Party Payments          -,Purchased Care,RBC Mosaic Invoice,R5731,Directorate of Social Care and Health Services
Reading Borough Council,14/07/2025,241073,78121,CREATIVE SUPPORT LTD,Mental Health Community Servic,1418.72,Third Party Payments          -,Purchased Care,RBC Mosaic Invoice,R5731,Directorate of Social Care and Health Services
Reading Borough Council,14/07/2025,241074,78121,CREATIVE SUPPORT LTD,Mental Health Community Servic,1053.47,Third Party Payments          -,Purchased Care,RBC Mosaic Invoice,R5731,Directorate of Social Care and Health Services
Reading Borough Council,14/07/2025,241075,78121,CREATIVE SUPPORT LTD,LD Community Services,1539.92,Third Party Payments          -,Purchased Care,RBC Mosaic Invoice,R5741,Directorate of Social Care and Health Services
Reading Borough Council,14/07/2025,241076,78121,CREATIVE SUPPORT LTD,Mental Health Community Servic,1102.66,Third Party Payments          -,Purchased Care,RBC Mosaic Invoice,R5731,Directorate of Social Care and Health Services
Reading Borough Council,14/07/2025,241081,78121,CREATIVE SUPPORT LTD,LD Community Services,2703.16,Third Party Payments          -,Purchased Care,RBC Mosaic Invoice,R5741,Directorate of Social Care and Health Services
Reading Borough Council,14/07/2025,241082,78121,CREATIVE SUPPORT LTD,LD Community Services,2339.56,Third Party Payments          -,Purchased Care,RBC Mosaic Invoice,R5741,Directorate of Social Care and Health Services
Reading Borough Council,14/07/2025,241086,78121,CREATIVE SUPPORT LTD,LD Community Services,2420.36,Third Party Payments          -,Purchased Care,RBC Mosaic Invoice,R5741,Directorate of Social Care and Health Services
Reading Borough Council,14/07/2025,241090,78121,CREATIVE SUPPORT LTD,Mental Health Community Servic,692.46,Third Party Payments          -,Purchased Care,RBC Mosaic Invoice,R5731,Directorate of Social Care and Health Services
Reading Borough Council,14/07/2025,241091,78121,CREATIVE SUPPORT LTD,Mental Health Community Servic,1131.2,Third Party Payments          -,Purchased Care,RBC Mosaic Invoice,R5731,Directorate of Social Care and Health Services
Reading Borough Council,14/07/2025,241093,78121,CREATIVE SUPPORT LTD,Mental Health Community Servic,934.86,Third Party Payments          -,Purchased Care,RBC Mosaic Invoice,R5731,Directorate of Social Care and Health Services
Reading Borough Council,14/07/2025,241096,78121,CREATIVE SUPPORT LTD,Mental Health Community Servic,1020.5,Third Party Payments          -,Purchased Care,RBC Mosaic Invoice,R5731,Directorate of Social Care and Health Services
Reading Borough Council,14/07/2025,241097,78121,CREATIVE SUPPORT LTD,Mental Health Community Servic,543.9,Third Party Payments          -,Purchased Care,RBC Mosaic Invoice,R5731,Directorate of Social Care and Health Services
Reading Borough Council,14/07/2025,241390,78121,CREATIVE SUPPORT LTD,Mental Health Community Servic,769.98,Third Party Payments          -,Purchased Care,RBC Mosaic Invoice,R5731,Directorate of Social Care and Health Services
Reading Borough Council,14/07/2025,244213,78123,CROWN LODGE GUEST HOUSE,Emergency Accommodation,595,Premises Related Expenses     -,Rents,RBC Standard Invoice,R5871,Directorate of Economic Growth and Neighbourhood Services
Reading Borough Council,14/07/2025,247576,78124,IMAGINE THEATRE LTD,Hexagon Operations,90421.91,Supplies and Services         -,Professional Fees,Invoice,R1200,Directorate of Economic Growth and Neighbourhood Services
Reading Borough Council,14/07/2025,247596,78125,NICHOLAS GOODWIN,JLT Disbursements,4250,Supplies and Services         -,External Legal Services,RBC Standard Invoice,R2407,Directorate of Resources
Reading Borough Council,14/07/2025,247632,78126,FARNHAM MALTINGS ASSOCIATION LTD,South Street Operations,650,Supplies and Services         -,Professional Fees,RBC Refunds Manual Entry,R1220,Directorate of Economic Growth and Neighbourhood Services
Reading Borough Council,14/07/2025,247636,78126,FARNHAM MALTINGS ASSOCIATION LTD,South Street Operations,550,Supplies and Services         -,Professional Fees,RBC Refunds Manual Entry,R1220,Directorate of Economic Growth and Neighbourhood Services
Reading Borough Council,14/07/2025,243382,78128,CANSFORD LABORATORIES LTD,JLT Disbursements,626.17,Supplies and Services         -,External Legal Services,RBC Standard Invoice,R2407,Directorate of Resources
Reading Borough Council,14/07/2025,244768,78129,PESTPRO BIRD SOLUTIONS LTD,Repairs,1386,Premises Related Expenses     -,Estate Maintenance,RBC Standard Invoice,R5970,Housing
Reading Borough Council,14/07/2025,236374,78130,EXPERT IN MIND LTD,JLT Disbursements,1796.12,Supplies and Services         -,External Legal Services,RBC Standard Invoice,R2407,Directorate of Resources
Reading Borough Council,14/07/2025,247579,78134,BOUND & GAGGED LTD,Hexagon Operations,11186.33,Supplies and Services         -,Professional Fees,RBC Refunds Manual Entry,R1200,Directorate of Economic Growth and Neighbourhood Services
Reading Borough Council,14/07/2025,238320,78135,THE OYSTER PARTNERSHIP LTD,Licensing Administration,1342.3,Employees                     -,Agency Staff,RBC Standard Invoice,R2269,Directorate of Economic Growth and Neighbourhood Services
Reading Borough Council,14/07/2025,239008,78138,JAMES DOVE,JLT Disbursements,750,Supplies and Services         -,External Legal Services,RBC Standard Invoice,R2407,Directorate of Resources
Reading Borough Council,14/07/2025,239732,78139,TRAFFIC SURVEY PARTNERS,Strategic Transport & Concessi,10360,Supplies and Services         -,Payments to Operators,RBC Standard Invoice,R4726,Directorate of Economic Growth and Neighbourhood Services
Reading Borough Council,14/07/2025,239713,78141,TUDOR ENVIRONMENTAL,Streetscene,1269.98,Supplies and Services         -,Materials,RBC Refunds Manual Entry,R4567,Directorate of Economic Growth and Neighbourhood Services
Reading Borough Council,14/07/2025,247599,78143,MARTHA GRAY,JLT Disbursements,1000,Supplies and Services         -,External Legal Services,RBC Standard Invoice,R2407,Directorate of Resources
Reading Borough Council,14/07/2025,240198,78144,ELISABETH WICKHAM,JLT Disbursements,950,Supplies and Services         -,External Legal Services,RBC Standard Invoice,R2407,Directorate of Resources
Reading Borough Council,14/07/2025,240011,78145,DEELAND LTD T/A SERVICEMASTER,DLO Day to Day Trades,700,Third Party Payments          -,Subcontractors Labour,RBC Standard Invoice,R4010,Directorate of Economic Growth and Neighbourhood Services
Reading Borough Council,14/07/2025,239203,78146,BERKSHIRE VAN HIRE LTD,Fleet Management,566,Transport Related Expenditure -,Vehicle Maint - Unplanned,RBC Standard Invoice,R4552,Directorate of Economic Growth and Neighbourhood Services
Reading Borough Council,14/07/2025,240202,78147,F M CONWAY LTD,Highways,890.14,Supplies and Services         -,Materials,RBC CIS Invoice,R4252,Directorate of Economic Growth and Neighbourhood Services
Reading Borough Council,14/07/2025,240204,78147,F M CONWAY LTD,Highways,521.52,Supplies and Services         -,Materials,RBC CIS Invoice,R4252,Directorate of Economic Growth and Neighbourhood Services
Reading Borough Council,14/07/2025,240264,78147,F M CONWAY LTD,Highways,517.28,Supplies and Services         -,Materials,RBC CIS Invoice,R4252,Directorate of Economic Growth and Neighbourhood Services
Reading Borough Council,14/07/2025,240293,78147,F M CONWAY LTD,Highways,525.76,Supplies and Services         -,Materials,RBC CIS Invoice,R4252,Directorate of Economic Growth and Neighbourhood Services
Reading Borough Council,14/07/2025,240297,78147,F M CONWAY LTD,Highways,747.32,Supplies and Services         -,Materials,RBC CIS Invoice,R4252,Directorate of Economic Growth and Neighbourhood Services
Reading Borough Council,14/07/2025,240299,78147,F M CONWAY LTD,Highways,530,Supplies and Services         -,Materials,RBC CIS Invoice,R4252,Directorate of Economic Growth and Neighbourhood Services
Reading Borough Council,14/07/2025,241349,78148,CARE4U WE LTD,Mental Health Community Servic,2545.96,Third Party Payments          -,Purchased Care,RBC Mosaic Invoice,R5731,Directorate of Social Care and Health Services
Reading Borough Council,14/07/2025,241063,78151,MEDCARE HOME SERVICES LTD T/A PROACTIVE,LD Community Services,4966.8,Third Party Payments          -,Purchased Care,RBC Mosaic Invoice,R5741,Directorate of Social Care and Health Services
Reading Borough Council,14/07/2025,247577,78152,SLAPSTICK FESTIVAL LTD,Hexagon Operations,7566,Supplies and Services         -,Professional Fees,RBC Refunds Manual Entry,R1200,Directorate of Economic Growth and Neighbourhood Services
Reading Borough Council,14/07/2025,239444,78153,AEBI SCHMIDT UK LTD,Fleet Management,809.94,Transport Related Expenditure -,Vehicle Maint - Unplanned,RBC Standard Invoice,R4552,Directorate of Economic Growth and Neighbourhood Services
Reading Borough Council,14/07/2025,247645,78154,PORTALPLANQUEST LTD,Planning,1350,Income                        -,Planning Application Fees,RBC Refunds Manual Entry,R4700,Directorate of Economic Growth and Neighbourhood Services
Reading Borough Council,14/07/2025,239727,78155,NEW BEGINNINGS READING,Voluntary Sector & Community G,3000,Supplies and Services         -,Grants Paid to Vol Sector,RBC Standard Invoice,R2041,Directorate of Resources
Reading Borough Council,14/07/2025,245403,78156,MIRIAM SHIELDHOUSE,JLT Disbursements,1343.07,Supplies and Services         -,External Legal Services,RBC Standard Invoice,R2407,Directorate of Resources
Reading Borough Council,14/07/2025,238979,78158,CELADOR APARTMENTS LTD,Housing Management,1176,Supplies and Services         -,Professional Fees,RBC Standard Invoice,R5920,Housing
Reading Borough Council,14/07/2025,238980,78158,CELADOR APARTMENTS LTD,Housing Management,1176,Supplies and Services         -,Professional Fees,RBC Standard Invoice,R5920,Housing
Reading Borough Council,14/07/2025,239720,78159,TRUSTMARQUE SOLUTIONS LTD,Facilities Management Payroll,532.14,Supplies and Services         -,Software Licences,RBC Standard Invoice,R3390,Directorate of Economic Growth and Neighbourhood Services
Reading Borough Council,14/07/2025,239216,78160,MISCO TECHNOLOGIES LTD,IT Management,1895,Supplies and Services         -,ICT Consumables,RBC Standard Invoice,R2300,Directorate of Resources
Reading Borough Council,14/07/2025,245453,78161,CLAIRGLOW HEATING LTD,DLO Planned Maintenance Trades,1500,Third Party Payments          -,Subcontractors Labour,RBC CIS Invoice,R4030,Directorate of Economic Growth and Neighbourhood Services
Reading Borough Council,14/07/2025,245454,78161,CLAIRGLOW HEATING LTD,DLO Planned Maintenance Trades,600,Third Party Payments          -,Subcontractors Labour,RBC CIS Invoice,R4030,Directorate of Economic Growth and Neighbourhood Services
Reading Borough Council,14/07/2025,245455,78161,CLAIRGLOW HEATING LTD,DLO Planned Maintenance Trades,3550,Third Party Payments          -,Subcontractors Labour,RBC CIS Invoice,R4030,Directorate of Economic Growth and Neighbourhood Services
Reading Borough Council,14/07/2025,239199,78162,FAZEELA ISHMAEL,JLT Disbursements,750,Supplies and Services         -,External Legal Services,RBC Standard Invoice,R2407,Directorate of Resources
Reading Borough Council,14/07/2025,241579,78163,ARDENT CONSULTING ENGINEERS LTD,Civil Engineering,3000,Premises Related Expenses     -,Surface Water Management Plan,RBC Standard Invoice,R4550,Directorate of Economic Growth and Neighbourhood Services
Reading Borough Council,14/07/2025,241580,78163,ARDENT CONSULTING ENGINEERS LTD,Civil Engineering,1000,Premises Related Expenses     -,Surface Water Management Plan,RBC Standard Invoice,R4550,Directorate of Economic Growth and Neighbourhood Services
Reading Borough Council,14/07/2025,239174,78165,PROSIS LTD,Network Services,2378.13,Third Party Payments          -,Third Party Pymts: Other Estab,RBC Standard Invoice,R4703,Directorate of Economic Growth and Neighbourhood Services
Reading Borough Council,14/07/2025,239528,78165,PROSIS LTD,Crime Reduction,11921.76,Capital                       -,External Fees  Misc.,RBC Standard Invoice,C8671,Capital
Reading Borough Council,14/07/2025,239529,78165,PROSIS LTD,Network Services,1052.5,Third Party Payments          -,Third Party Pymts: Other Estab,RBC Standard Invoice,R4703,Directorate of Economic Growth and Neighbourhood Services
Reading Borough Council,14/07/2025,239745,78166,NORTH PB LTD,Repairs,8106.08,Premises Related Expenses     -,Fire Protection,RBC CIS Invoice,R5970,Housing
Reading Borough Council,14/07/2025,239214,78168,SAFEPLAY PLAYGROUND SERVICES LTD,Streetscene,5133.5,Premises Related Expenses     -,Mtce : Childrens Playgrounds,RBC Standard Invoice,R4567,Directorate of Economic Growth and Neighbourhood Services
Reading Borough Council,14/07/2025,240639,78170,CSPT LTD,Safer Community Unit,745,Supplies and Services         -,Professional Fees,RBC Standard Invoice,R5365,Directorate of Economic Growth and Neighbourhood Services
Reading Borough Council,14/07/2025,238335,78172,MEDILINK CONSULTING LTD,Coroner,700,Supplies and Services         -,Medical Fees,RBC Standard Invoice,R4605,Directorate of Economic Growth and Neighbourhood Services
Reading Borough Council,14/07/2025,238336,78172,MEDILINK CONSULTING LTD,Coroner,700,Supplies and Services         -,Medical Fees,RBC Standard Invoice,R4605,Directorate of Economic Growth and Neighbourhood Services
Reading Borough Council,14/07/2025,238337,78172,MEDILINK CONSULTING LTD,Coroner,700,Supplies and Services         -,Medical Fees,RBC Standard Invoice,R4605,Directorate of Economic Growth and Neighbourhood Services
Reading Borough Council,14/07/2025,247616,78174,S E L WRIGHT CONSULTING LTD,JLT Disbursements,3946.05,Supplies and Services         -,External Legal Services,RBC Standard Invoice,R2407,Directorate of Resources
Reading Borough Council,14/07/2025,238304,78175,ENERGY FOOTPRINT LTD T/A ENSURE SAFETY &,Repairs,7408,Premises Related Expenses     -,Fire Protection,RBC Standard Invoice,R5970,Housing
Reading Borough Council,14/07/2025,239522,78177,KB REAL ESTATE MANAGEMENT LTD,Emergency Accommodation,595,Premises Related Expenses     -,Rents,RBC Standard Invoice,R5871,Directorate of Economic Growth and Neighbourhood Services
Reading Borough Council,14/07/2025,239524,78177,KB REAL ESTATE MANAGEMENT LTD,Emergency Accommodation,595,Premises Related Expenses     -,Rents,RBC Standard Invoice,R5871,Directorate of Economic Growth and Neighbourhood Services
Reading Borough Council,14/07/2025,239525,78177,KB REAL ESTATE MANAGEMENT LTD,Emergency Accommodation,700,Premises Related Expenses     -,Rents,RBC Standard Invoice,R5871,Directorate of Economic Growth and Neighbourhood Services
Reading Borough Council,14/07/2025,239526,78177,KB REAL ESTATE MANAGEMENT LTD,Emergency Accommodation,700,Premises Related Expenses     -,Rents,RBC Standard Invoice,R5871,Directorate of Economic Growth and Neighbourhood Services
Reading Borough Council,14/07/2025,241269,78178,BASSNA INVESTMENTS GROUP LTD T/A BOW GUE,Social Support,510,Third Party Payments          -,Emergency Accomodation,RBC Mosaic Invoice,R5790,Directorate of Social Care and Health Services
Reading Borough Council,14/07/2025,239458,78179,TUSKERDIRECT LTD,DLO Housing & Corporate Projec,858.01,Employees                     -,Basic Pay : General,RBC Standard Invoice,R4045,Directorate of Economic Growth and Neighbourhood Services
Reading Borough Council,14/07/2025,241263,78180,BRIGHTER LIVING CARE LTD,LD Community Services,10509.26,Third Party Payments          -,Purchased Care,RBC Mosaic Invoice,R5741,Directorate of Social Care and Health Services
Reading Borough Council,14/07/2025,241559,78181,FREDERICK GEORGE MILEHAM LTD,MRA Account,7435.22,Premises Related Expenses     -,Disability Mods & Adaptations,RBC Standard Invoice,R5975,Housing
Reading Borough Council,14/07/2025,239201,78182,MATTHEW STOTT,JLT Disbursements,1000,Supplies and Services         -,External Legal Services,RBC Standard Invoice,R2407,Directorate of Resources
Reading Borough Council,14/07/2025,243024,78184,MAIN EVENT PRODUCTS LTD,Events & Engagement,840,Supplies and Services         -,Special Activities,RBC Standard Invoice,R2080,Chief Executive
Reading Borough Council,14/07/2025,238281,78185,FIONA CAROLINE MARTIN SALE,Archives General,500,Supplies and Services         -,Publicity & Media Work,RBC Standard Invoice,R1256,Directorate of Economic Growth and Neighbourhood Services
Reading Borough Council,14/07/2025,237640,78187,GO VOCAL (FORMERLY CITIZENLAB),Policy & Performance,19500,Supplies and Services         -,Professional Fees,RBC Refunds Manual Entry,R2025,Directorate of Resources
Reading Borough Council,14/07/2025,237642,78187,GO VOCAL (FORMERLY CITIZENLAB),Policy & Performance,18500,Supplies and Services         -,Professional Fees,RBC Refunds Manual Entry,R2025,Directorate of Resources
Reading Borough Council,14/07/2025,241354,78189,CRAIG JEAKINGS,JLT Disbursements,750,Supplies and Services         -,External Legal Services,RBC Standard Invoice,R2407,Directorate of Resources
Reading Borough Council,14/07/2025,236326,78190,4 BRICK COURT CHAMBERS,JLT Disbursements,785,Supplies and Services         -,External Legal Services,RBC Standard Invoice,R2407,Directorate of Resources
Reading Borough Council,14/07/2025,239197,78190,4 BRICK COURT CHAMBERS,JLT Disbursements,800,Supplies and Services         -,External Legal Services,RBC Standard Invoice,R2407,Directorate of Resources
Reading Borough Council,14/07/2025,239198,78190,4 BRICK COURT CHAMBERS,JLT Disbursements,1155,Supplies and Services         -,External Legal Services,RBC Standard Invoice,R2407,Directorate of Resources
Reading Borough Council,14/07/2025,239531,78190,4 BRICK COURT CHAMBERS,JLT Disbursements,785,Supplies and Services         -,External Legal Services,RBC Standard Invoice,R2407,Directorate of Resources
Reading Borough Council,14/07/2025,238391,78191,TREE TOP ARBORISTS LTD,Streetscene,3000,Premises Related Expenses     -,Forestry,RBC Standard Invoice,R4567,Directorate of Economic Growth and Neighbourhood Services
Reading Borough Council,14/07/2025,241565,78192,JANE REEDINGS INVESTMENT PROPERTY LTD,Emergency Accommodation,595,Premises Related Expenses     -,Rents,RBC Standard Invoice,R5871,Directorate of Economic Growth and Neighbourhood Services
Reading Borough Council,14/07/2025,241568,78193,SPARE CRIB GLOBAL LTD,Emergency Accommodation,749,Premises Related Expenses     -,Rents,RBC Standard Invoice,R5871,Directorate of Economic Growth and Neighbourhood Services
Reading Borough Council,14/07/2025,241569,78193,SPARE CRIB GLOBAL LTD,Emergency Accommodation,595,Premises Related Expenses     -,Rents,RBC Standard Invoice,R5871,Directorate of Economic Growth and Neighbourhood Services
Reading Borough Council,14/07/2025,241570,78193,SPARE CRIB GLOBAL LTD,Emergency Accommodation,700,Premises Related Expenses     -,Rents,RBC Standard Invoice,R5871,Directorate of Economic Growth and Neighbourhood Services
Reading Borough Council,14/07/2025,243417,78195,MACE CONSULT LTD,Alfred Sutton Primary,24590.95,Capital                       -,External Fees  Misc.,RBC Standard Invoice,C8207,Capital
Reading Borough Council,14/07/2025,242987,78196,CPRAS LTD,Self-serve payments,1428.94,Supplies and Services         -,Credit Card Commission,RBC Standard Invoice,R2255,Corporate
Reading Borough Council,14/07/2025,239743,78197,MILESTONE WEST LTD,DLO Voids Trades,13939.14,Third Party Payments          -,Subcontractors Labour,RBC CIS Invoice,R4020,Directorate of Economic Growth and Neighbourhood Services
Reading Borough Council,14/07/2025,243335,78199,PASSTHEKEYS CAVERSHAM LTD,Emergency Accommodation,2850,Premises Related Expenses     -,Rents,RBC Standard Invoice,R5871,Directorate of Economic Growth and Neighbourhood Services
Reading Borough Council,14/07/2025,243336,78199,PASSTHEKEYS CAVERSHAM LTD,Emergency Accommodation,3450,Premises Related Expenses     -,Rents,RBC Standard Invoice,R5871,Directorate of Economic Growth and Neighbourhood Services
Reading Borough Council,14/07/2025,243337,78199,PASSTHEKEYS CAVERSHAM LTD,Emergency Accommodation,2940,Premises Related Expenses     -,Rents,RBC Standard Invoice,R5871,Directorate of Economic Growth and Neighbourhood Services
Reading Borough Council,14/07/2025,243343,78199,PASSTHEKEYS CAVERSHAM LTD,Emergency Accommodation,3000,Premises Related Expenses     -,Rents,RBC Standard Invoice,R5871,Directorate of Economic Growth and Neighbourhood Services
Reading Borough Council,14/07/2025,243345,78199,PASSTHEKEYS CAVERSHAM LTD,Emergency Accommodation,3300,Premises Related Expenses     -,Rents,RBC Standard Invoice,R5871,Directorate of Economic Growth and Neighbourhood Services
Reading Borough Council,14/07/2025,243350,78199,PASSTHEKEYS CAVERSHAM LTD,Emergency Accommodation,3450,Premises Related Expenses     -,Rents,RBC Standard Invoice,R5871,Directorate of Economic Growth and Neighbourhood Services
Reading Borough Council,14/07/2025,243351,78199,PASSTHEKEYS CAVERSHAM LTD,Emergency Accommodation,2850,Premises Related Expenses     -,Rents,RBC Standard Invoice,R5871,Directorate of Economic Growth and Neighbourhood Services
Reading Borough Council,14/07/2025,243363,78199,PASSTHEKEYS CAVERSHAM LTD,Emergency Accommodation,2940,Premises Related Expenses     -,Rents,RBC Standard Invoice,R5871,Directorate of Economic Growth and Neighbourhood Services
Reading Borough Council,14/07/2025,243371,78199,PASSTHEKEYS CAVERSHAM LTD,Emergency Accommodation,2940,Premises Related Expenses     -,Rents,RBC Standard Invoice,R5871,Directorate of Economic Growth and Neighbourhood Services
Reading Borough Council,14/07/2025,243373,78199,PASSTHEKEYS CAVERSHAM LTD,Emergency Accommodation,3000,Premises Related Expenses     -,Rents,RBC Standard Invoice,R5871,Directorate of Economic Growth and Neighbourhood Services
Reading Borough Council,14/07/2025,243374,78199,PASSTHEKEYS CAVERSHAM LTD,Emergency Accommodation,2100,Premises Related Expenses     -,Rents,RBC Standard Invoice,R5871,Directorate of Economic Growth and Neighbourhood Services
Reading Borough Council,14/07/2025,247032,78200,PLATFORM CARE SERVICES LTD,LD Community Services,1083,Third Party Payments          -,Day Care Purchases,RBC Mosaic Invoice,R5741,Directorate of Social Care and Health Services
Reading Borough Council,14/07/2025,247033,78200,PLATFORM CARE SERVICES LTD,LD Community Services,1083,Third Party Payments          -,Day Care Purchases,RBC Mosaic Invoice,R5741,Directorate of Social Care and Health Services
Reading Borough Council,14/07/2025,247034,78200,PLATFORM CARE SERVICES LTD,LD Community Services,1596,Third Party Payments          -,Purchased Care,RBC Mosaic Invoice,R5741,Directorate of Social Care and Health Services
Reading Borough Council,14/07/2025,247035,78200,PLATFORM CARE SERVICES LTD,LD Community Services,1083,Third Party Payments          -,Day Care Purchases,RBC Mosaic Invoice,R5741,Directorate of Social Care and Health Services
Reading Borough Council,14/07/2025,247036,78200,PLATFORM CARE SERVICES LTD,LD Community Services,1083,Third Party Payments          -,Day Care Purchases,RBC Mosaic Invoice,R5741,Directorate of Social Care and Health Services
Reading Borough Council,14/07/2025,238303,78201,BUCKINGHAM HOTELS GROUP LTD,Housing Management,1890,Premises Related Expenses     -,Responsive Repairs,RBC Standard Invoice,R5920,Housing
Reading Borough Council,14/07/2025,236330,78202,THE SILVERS' WORKSHOP (THE READING MEN'S,Voluntary Sector & Community G,3000,Supplies and Services         -,Grants Paid to Vol Sector,RBC Standard Invoice,R2041,Directorate of Resources
Reading Borough Council,14/07/2025,239475,78203,SOUTH READING OVER 50S CLUB,Voluntary Sector & Community G,3000,Supplies and Services         -,Grants Paid to Vol Sector,RBC Standard Invoice,R2041,Directorate of Resources
Reading Borough Council,14/07/2025,247643,78204,Sundry Supplier,Repairs,1500,Premises Related Expenses     -,Lifts,RBC Refunds Manual Entry,R5970,Housing
Reading Borough Council,14/07/2025,247644,78205,Sundry Supplier,Repairs,10000,Premises Related Expenses     -,Lifts,RBC Refunds Manual Entry,R5970,Housing
Reading Borough Council,15/07/2025,240110,78228,RENAULT TRUCK COMMERCIAL LTD,Fleet Management,949.58,Transport Related Expenditure -,Vehicle Maint - Unplanned,RBC Standard Invoice,R4552,Directorate of Economic Growth and Neighbourhood Services
Reading Borough Council,15/07/2025,240111,78228,RENAULT TRUCK COMMERCIAL LTD,Fleet Management,1308.41,Transport Related Expenditure -,Vehicle Maint - Unplanned,RBC Standard Invoice,R4552,Directorate of Economic Growth and Neighbourhood Services
Reading Borough Council,15/07/2025,240113,78228,RENAULT TRUCK COMMERCIAL LTD,Fleet Management,556.74,Transport Related Expenditure -,Vehicle Maint - Unplanned,RBC Standard Invoice,R4552,Directorate of Economic Growth and Neighbourhood Services
Reading Borough Council,15/07/2025,240114,78228,RENAULT TRUCK COMMERCIAL LTD,Fleet Management,927.29,Transport Related Expenditure -,Vehicle Maint - Unplanned,RBC Standard Invoice,R4552,Directorate of Economic Growth and Neighbourhood Services
Reading Borough Council,15/07/2025,240117,78228,RENAULT TRUCK COMMERCIAL LTD,Fleet Management,873.89,Transport Related Expenditure -,Vehicle Maintenance,RBC Standard Invoice,R4552,Directorate of Economic Growth and Neighbourhood Services
Reading Borough Council,15/07/2025,248123,78230,PARK LANE PRIMARY,DSG Schools Block (BFfC),41000,Transfer Payments             -,School Transfer Payment,RBC Spreadsheet Invoice,R3140,Former Directorate of Education and Childrens Services
Reading Borough Council,15/07/2025,247860,78231,THE SOCIETY OF CHIEF LIBRARIANS,Reading Libraries,721.96,Supplies and Services         -,Professional Fees,RBC Standard Invoice,R1400,Directorate of Economic Growth and Neighbourhood Services
Reading Borough Council,15/07/2025,248068,78232,A H LANSLEY RESIDENTIAL LTD,Guaranteed Rent Scheme,1631.36,Premises Related Expenses     -,Rents,RBC Spreadsheet Invoice,R5872,Directorate of Economic Growth and Neighbourhood Services
Reading Borough Council,15/07/2025,240301,78233,SIMONE SURVEYS LTD,Active Travel,3240,Capital                       -,Contractors,RBC CIS Invoice,C8070,Capital
Reading Borough Council,15/07/2025,239530,78236,DIGNITY FUNERALS LTD,Crematorium,1210,Third Party Payments          -,Third Party Pymts: Other Estab,RBC Standard Invoice,R4606,Directorate of Resources
Reading Borough Council,15/07/2025,247626,78237,MCVEIGH PARKER & CO LTD,Streetscene,4423,Premises Related Expenses     -,Grounds Maintenance,RBC Standard Invoice,R4567,Directorate of Economic Growth and Neighbourhood Services
Reading Borough Council,15/07/2025,248073,78239,BERKSHIRE WOMENS AID,Voluntary Sector & Community G,3000,Supplies and Services         -,Grants Paid to Vol Sector,RBC Standard Invoice,R2041,Directorate of Resources
Reading Borough Council,15/07/2025,243397,78241,XEROX,Reading Libraries,1037.61,Supplies and Services         -,Stationery,RBC Standard Invoice,R1400,Directorate of Economic Growth and Neighbourhood Services
Reading Borough Council,15/07/2025,247173,78242,D-TECH INTERNATIONAL LTD,Reading Libraries,565,Supplies and Services         -,Software Licences,RBC Standard Invoice,R1400,Directorate of Economic Growth and Neighbourhood Services
Reading Borough Council,15/07/2025,239443,78243,THE GRAPHIC DESIGN HOUSE,Town Hall - Museum,918,Supplies and Services         -,Materials,RBC Standard Invoice,R1255,Directorate of Economic Growth and Neighbourhood Services
Reading Borough Council,15/07/2025,240627,78243,THE GRAPHIC DESIGN HOUSE,Cultural Services Marketing,1290.22,Supplies and Services         -,Photocopying,RBC Standard Invoice,R1235,Directorate of Economic Growth and Neighbourhood Services
Reading Borough Council,15/07/2025,246606,78245,ALEX FORBES,JLT Disbursements,1000,Supplies and Services         -,External Legal Services,RBC Standard Invoice,R2407,Directorate of Resources
Reading Borough Council,15/07/2025,248019,78246,YMCA READING,Housing GF General Charges,22333.33,Supplies and Services         -,Preventative & Support Svces,RBC Standard Invoice,R5810,Directorate of Economic Growth and Neighbourhood Services
Reading Borough Council,15/07/2025,241053,78248,SYLVIANCARE LTD,PS Acquired Community Services,3958.08,Third Party Payments          -,Purchased Care,RBC Mosaic Invoice,R5771,Directorate of Social Care and Health Services
Reading Borough Council,15/07/2025,241054,78248,SYLVIANCARE LTD,PS Acquired Community Services,806.93,Third Party Payments          -,Purchased Care,RBC Mosaic Invoice,R5771,Directorate of Social Care and Health Services
Reading Borough Council,15/07/2025,241055,78248,SYLVIANCARE LTD,Sensory Support Community Serv,1319.36,Third Party Payments          -,Purchased Care,RBC Mosaic Invoice,R5711,Directorate of Social Care and Health Services
Reading Borough Council,15/07/2025,241056,78248,SYLVIANCARE LTD,PS Acquired Community Services,2827.2,Third Party Payments          -,Purchased Care,RBC Mosaic Invoice,R5771,Directorate of Social Care and Health Services
Reading Borough Council,15/07/2025,241057,78248,SYLVIANCARE LTD,PS Acquired Community Services,748.03,Third Party Payments          -,Purchased Care,RBC Mosaic Invoice,R5771,Directorate of Social Care and Health Services
Reading Borough Council,15/07/2025,241058,78248,SYLVIANCARE LTD,PS Acquired Community Services,1432.04,Third Party Payments          -,Purchased Care,RBC Mosaic Invoice,R5771,Directorate of Social Care and Health Services
Reading Borough Council,15/07/2025,241059,78248,SYLVIANCARE LTD,PS Acquired Community Services,2950.89,Third Party Payments          -,Purchased Care,RBC Mosaic Invoice,R5771,Directorate of Social Care and Health Services
Reading Borough Council,15/07/2025,241061,78248,SYLVIANCARE LTD,PS Acquired Community Services,612.56,Third Party Payments          -,Purchased Care,RBC Mosaic Invoice,R5771,Directorate of Social Care and Health Services
Reading Borough Council,15/07/2025,239502,78249,G2 RECRUITMENT SOLUTIONS LTD,DLO Day to Day Trades,1920,Third Party Payments          -,Subcontractors Labour,RBC Standard Invoice,R4010,Directorate of Economic Growth and Neighbourhood Services
Reading Borough Council,15/07/2025,239508,78249,G2 RECRUITMENT SOLUTIONS LTD,DLO Day to Day Trades,1540,Third Party Payments          -,Subcontractors Labour,RBC Standard Invoice,R4010,Directorate of Economic Growth and Neighbourhood Services
Reading Borough Council,15/07/2025,239509,78249,G2 RECRUITMENT SOLUTIONS LTD,DLO Day to Day Trades,2080,Third Party Payments          -,Subcontractors Labour,RBC Standard Invoice,R4010,Directorate of Economic Growth and Neighbourhood Services
Reading Borough Council,15/07/2025,240282,78251,F M CONWAY LTD,Highways Infrastructure,679,Capital                       -,Contractors,RBC CIS Invoice,C8280,Capital
Reading Borough Council,15/07/2025,241404,78252,CARE4U WE LTD,Mental Health Community Servic,7026.71,Third Party Payments          -,Purchased Care,RBC Mosaic Invoice,R5731,Directorate of Social Care and Health Services
Reading Borough Council,15/07/2025,240661,78253,BTU (INSTALLATION & MAINTENANCE) LTD,DLO Planned Maintenance Trades,12560.97,Third Party Payments          -,Subcontractors Labour,RBC CIS Invoice,R4030,Directorate of Economic Growth and Neighbourhood Services
Reading Borough Council,15/07/2025,240662,78253,BTU (INSTALLATION & MAINTENANCE) LTD,DLO Planned Maintenance Trades,6634.58,Third Party Payments          -,Subcontractors Labour,RBC CIS Invoice,R4030,Directorate of Economic Growth and Neighbourhood Services
Reading Borough Council,15/07/2025,247977,78254,EUROPEAN ASBESTOS SERVICES LTD,MRA Account,21531.34,Premises Related Expenses     -,Asbestos,RBC CIS Invoice,R5975,Housing
Reading Borough Council,15/07/2025,248122,78255,MOORE ENTERPRISING LTD,Town Hall Operations,2728.8,Supplies and Services         -,Professional Fees,RBC Refunds Manual Entry,R1210,Directorate of Economic Growth and Neighbourhood Services
Reading Borough Council,15/07/2025,243034,78256,CORINNE BEATRICE ITEN,JLT Disbursements,800,Supplies and Services         -,External Legal Services,RBC Standard Invoice,R2407,Directorate of Resources
Reading Borough Council,15/07/2025,239456,78259,STANTEC UK LTD,Highways Infrastructure,3850,Capital                       -,Contractors,RBC Standard Invoice,C8280,Capital
Reading Borough Council,15/07/2025,239457,78259,STANTEC UK LTD,Highways Infrastructure,1000,Capital                       -,Contractors,RBC Standard Invoice,C8280,Capital
Reading Borough Council,15/07/2025,239439,78260,MISCO TECHNOLOGIES LTD,IT Management,1786,Supplies and Services         -,ICT Consumables,RBC Standard Invoice,R2300,Directorate of Resources
Reading Borough Council,15/07/2025,247651,78264,GRASSROOTZ LTD,Safer Community Unit,600,Supplies and Services         -,Professional Fees,RBC Standard Invoice,R5365,Directorate of Economic Growth and Neighbourhood Services
Reading Borough Council,15/07/2025,239471,78265,WJ SOUTH LTD,Active Travel,4073.49,Capital                       -,Contractors,RBC CIS Invoice,C8070,Capital
Reading Borough Council,15/07/2025,239473,78265,WJ SOUTH LTD,Active Travel,7512.65,Capital                       -,Contractors,RBC CIS Invoice,C8070,Capital
Reading Borough Council,15/07/2025,240191,78268,SM 365 LTD,Deprivation of Liberty Safegua,1489.5,Supplies and Services         -,Professional Fees,RBC Standard Invoice,R5729,Directorate of Social Care and Health Services
Reading Borough Council,15/07/2025,248067,78269,NATIVE RESIDENTIAL LTD,Guaranteed Rent Scheme,1092,Premises Related Expenses     -,Rents,RBC Spreadsheet Invoice,R5872,Directorate of Economic Growth and Neighbourhood Services
Reading Borough Council,15/07/2025,240270,78270,FARAH FAIRWEATHER,JLT Disbursements,1282.8,Supplies and Services         -,External Legal Services,RBC Standard Invoice,R2407,Directorate of Resources
Reading Borough Council,15/07/2025,247859,78271,YASMEEN JAMIL,JLT Disbursements,1330,Supplies and Services         -,External Legal Services,RBC Standard Invoice,R2407,Directorate of Resources
Reading Borough Council,15/07/2025,239476,78272,JASON KEW LTD,Drug Treatment Crime and Harm,6000,Supplies and Services         -,Payments to Operators,RBC Standard Invoice,R2070,Directorate of Social Care and Health Services
Reading Borough Council,15/07/2025,245445,78274,TEACHMATEAI LTD,New Directions,1260,Supplies and Services         -,Software Licences,RBC Standard Invoice,R3340,Directorate of Economic Growth and Neighbourhood Services
Reading Borough Council,15/07/2025,247130,78276,ABEL LIVING LTD,Emergency Accommodation,14694,Premises Related Expenses     -,Rents,RBC Standard Invoice,R5871,Directorate of Economic Growth and Neighbourhood Services
Reading Borough Council,15/07/2025,248065,78277,N&J HOLDINGS T/A AS NOBEL & JONES PROPER,Guaranteed Rent Scheme,847.69,Premises Related Expenses     -,Rents,RBC Spreadsheet Invoice,R5872,Directorate of Economic Growth and Neighbourhood Services
Reading Borough Council,15/07/2025,245388,78278,PEKG LTD,LUDP: New Reading Library: Civ,42250,Capital                       -,External Fees  Misc.,RBC Standard Invoice,C8200,Capital
Reading Borough Council,15/07/2025,247846,78279,MADELEINE MILLER,JLT Disbursements,850,Supplies and Services         -,External Legal Services,RBC Standard Invoice,R2407,Directorate of Resources
Reading Borough Council,15/07/2025,248116,78280,MATTHEW WHITELOCK - THE DRAMA GURU,South Street Operations,2560,Supplies and Services         -,Professional Fees,RBC Refunds Manual Entry,R1220,Directorate of Economic Growth and Neighbourhood Services
Reading Borough Council,15/07/2025,240307,78282,ESSENDI UK HOTELS 1 LTD,Berkshire West Public Health H,600,Premises Related Expenses     -,Property Hire,RBC Standard Invoice,R2002,Directorate of Social Care and Health Services
Reading Borough Council,15/07/2025,248114,78284,EMMA JOHNSON MBE,Town Hall Operations,4474,Supplies and Services         -,Professional Fees,RBC Refunds Manual Entry,R1210,Directorate of Economic Growth and Neighbourhood Services
Reading Borough Council,15/07/2025,248069,78285,STOCK PAGE STOCK LTD,Guaranteed Rent Scheme,782.48,Premises Related Expenses     -,Rents,RBC Spreadsheet Invoice,R5872,Directorate of Economic Growth and Neighbourhood Services
Reading Borough Council,15/07/2025,247981,78287,Sundry Supplier,RBC Balance Sheet,811.57,Current Assets                -,Rent Control - Default,RBC Refunds Manual Entry,R9999,Balance Sheet
Reading Borough Council,15/07/2025,247983,78289,Sundry Supplier,RBC Balance Sheet,3208.76,Current Assets                -,Rent Control - Default,RBC Refunds Manual Entry,R9999,Balance Sheet
Reading Borough Council,15/07/2025,248071,78294,Sundry Supplier,RBC Balance Sheet,506.7,Current Assets                -,Rent Control - Default,RBC Refunds Manual Entry,R9999,Balance Sheet
Reading Borough Council,15/07/2025,248095,78297,Sundry Supplier,RBC Balance Sheet,549.59,Current Assets                -,Rent Control - Default,RBC Refunds Manual Entry,R9999,Balance Sheet
Reading Borough Council,15/07/2025,248097,78298,Sundry Supplier,RBC Balance Sheet,1493.53,Current Assets                -,Rent Control - Default,RBC Refunds Manual Entry,R9999,Balance Sheet
Reading Borough Council,15/07/2025,248108,78300,Sundry Supplier,RBC Balance Sheet,2817.16,Current Assets                -,Rent Control - Default,RBC Refunds Manual Entry,R9999,Balance Sheet
Reading Borough Council,15/07/2025,248109,78301,Sundry Supplier,RBC Balance Sheet,700.22,Current Assets                -,Rent Control - Default,RBC Refunds Manual Entry,R9999,Balance Sheet
Reading Borough Council,15/07/2025,248113,78303,Sundry Supplier,RBC Balance Sheet,1135.44,Current Assets                -,Rent Control - Default,RBC Refunds Manual Entry,R9999,Balance Sheet
Reading Borough Council,15/07/2025,248115,78304,Sundry Supplier,RBC Balance Sheet,1205.88,Current Assets                -,Rent Control - Default,RBC Refunds Manual Entry,R9999,Balance Sheet
Reading Borough Council,15/07/2025,248117,78305,Sundry Supplier,RBC Balance Sheet,997.31,Current Assets                -,Rent Control - Default,RBC Refunds Manual Entry,R9999,Balance Sheet
Reading Borough Council,15/07/2025,248079,CHAPS 01/07/2025,Brighter Futures for Children,Brighter Futures for Children,4740050,Third Party Payments          -,Third Party Pymts: Other Estab,RBC Refunds Manual Entry,R5430,Former Directorate of Education and Childrens Services
Reading Borough Council,15/07/2025,248099,CHAPS 10/07/2025,Brighter Futures for Children,DSG (RBC),2818908,Third Party Payments          -,Third Party Pymts: Other Estab,RBC Refunds Manual Entry,R5432,Former Directorate of Education and Childrens Services
Reading Borough Council,15/07/2025,248101,CHAPS 10/07/2025,Brighter Futures for Children,DSG (RBC),100533,Third Party Payments          -,Third Party Pymts: Other Estab,RBC Refunds Manual Entry,R5432,Former Directorate of Education and Childrens Services
Reading Borough Council,15/07/2025,248102,CHAPS 10/07/2025,Brighter Futures for Children,DSG (RBC),1000000,Third Party Payments          -,Third Party Pymts: Other Estab,RBC Refunds Manual Entry,R5432,Former Directorate of Education and Childrens Services
Reading Borough Council,15/07/2025,248103,CHAPS 10/07/2025,Brighter Futures for Children,DSG (RBC),64033,Third Party Payments          -,Third Party Pymts: Other Estab,RBC Refunds Manual Entry,R5432,Former Directorate of Education and Childrens Services
Reading Borough Council,15/07/2025,248088,CHAPS 23/06/2025,Brighter Futures for Children,Brighter Futures for Children,374744,Third Party Payments          -,Third Party Pymts: Other Estab,RBC Refunds Manual Entry,R5430,Former Directorate of Education and Childrens Services
Reading Borough Council,15/07/2025,248093,CHAPS 23/06/2025,Brighter Futures for Children,Brighter Futures for Children,69124,Third Party Payments          -,Third Party Pymts: Other Estab,RBC Refunds Manual Entry,R5430,Former Directorate of Education and Childrens Services
Reading Borough Council,15/07/2025,248096,CHAPS 23/06/2025,Brighter Futures for Children,Brighter Futures for Children,184916,Third Party Payments          -,Third Party Pymts: Other Estab,RBC Refunds Manual Entry,R5430,Former Directorate of Education and Childrens Services
Reading Borough Council,16/07/2025,248434,78354,THE BOLTONS,Mental Health Residential,4122.4,Third Party Payments          -,Purchased Care,RBC Mosaic Invoice,R5732,Directorate of Social Care and Health Services
Reading Borough Council,16/07/2025,248441,78354,THE BOLTONS,Social Support,4279.28,Third Party Payments          -,Purchased Care,RBC Mosaic Invoice,R5790,Directorate of Social Care and Health Services
Reading Borough Council,16/07/2025,248453,78354,THE BOLTONS,Mental Health Residential,1747.76,Third Party Payments          -,Purchased Care,RBC Mosaic Invoice,R5732,Directorate of Social Care and Health Services
Reading Borough Council,16/07/2025,248460,78354,THE BOLTONS,Mental Health Residential,2768.88,Third Party Payments          -,Purchased Care,RBC Mosaic Invoice,R5732,Directorate of Social Care and Health Services
Reading Borough Council,16/07/2025,248580,78354,THE BOLTONS,Mental Health Residential,1711.72,Third Party Payments          -,Purchased Care,RBC Mosaic Invoice,R5732,Directorate of Social Care and Health Services
Reading Borough Council,16/07/2025,248592,78354,THE BOLTONS,PS Acquired Residential,4175.84,Third Party Payments          -,Purchased Care,RBC Mosaic Invoice,R5772,Directorate of Social Care and Health Services
Reading Borough Council,16/07/2025,248600,78354,THE BOLTONS,PS Acquired Residential,4132.72,Third Party Payments          -,Purchased Care,RBC Mosaic Invoice,R5772,Directorate of Social Care and Health Services
Reading Borough Council,16/07/2025,248610,78354,THE BOLTONS,PS Acquired Residential,4060,Third Party Payments          -,Purchased Care,RBC Mosaic Invoice,R5772,Directorate of Social Care and Health Services
Reading Borough Council,16/07/2025,248632,78354,THE BOLTONS,Mental Health Residential,2061.2,Third Party Payments          -,Purchased Care,RBC Mosaic Invoice,R5732,Directorate of Social Care and Health Services
Reading Borough Council,16/07/2025,248644,78354,THE BOLTONS,Mental Health Residential,4398.16,Third Party Payments          -,Purchased Care,RBC Mosaic Invoice,R5732,Directorate of Social Care and Health Services
Reading Borough Council,16/07/2025,248657,78354,THE BOLTONS,PS Acquired Residential,4023.96,Third Party Payments          -,Purchased Care,RBC Mosaic Invoice,R5772,Directorate of Social Care and Health Services
Reading Borough Council,16/07/2025,248676,78354,THE BOLTONS,PS Acquired Residential,4135.12,Third Party Payments          -,Purchased Care,RBC Mosaic Invoice,R5772,Directorate of Social Care and Health Services
Reading Borough Council,16/07/2025,248432,78355,NAVARA LODGE,PS Acquired Residential,3613.52,Third Party Payments          -,Purchased Care,RBC Mosaic Invoice,R5772,Directorate of Social Care and Health Services
Reading Borough Council,16/07/2025,248444,78355,NAVARA LODGE,PS Acquired Residential,4053.8,Third Party Payments          -,Purchased Care,RBC Mosaic Invoice,R5772,Directorate of Social Care and Health Services
Reading Borough Council,16/07/2025,248488,78355,NAVARA LODGE,Mental Health Residential,4053.8,Third Party Payments          -,Purchased Care,RBC Mosaic Invoice,R5732,Directorate of Social Care and Health Services
Reading Borough Council,16/07/2025,248585,78355,NAVARA LODGE,PS Acquired Residential,4053.8,Third Party Payments          -,Purchased Care,RBC Mosaic Invoice,R5772,Directorate of Social Care and Health Services
Reading Borough Council,16/07/2025,248606,78355,NAVARA LODGE,Mental Health Residential,4053.64,Third Party Payments          -,Purchased Care,RBC Mosaic Invoice,R5732,Directorate of Social Care and Health Services
Reading Borough Council,16/07/2025,248636,78355,NAVARA LODGE,PS Acquired Residential,3675.68,Third Party Payments          -,Purchased Care,RBC Mosaic Invoice,R5772,Directorate of Social Care and Health Services
Reading Borough Council,16/07/2025,248682,78355,NAVARA LODGE,Mental Health Residential,3980,Third Party Payments          -,Purchased Care,RBC Mosaic Invoice,R5732,Directorate of Social Care and Health Services
Reading Borough Council,16/07/2025,248445,78356,MOORLANDS REST HOME,PS Acquired Residential,4459,Third Party Payments          -,Purchased Care,RBC Mosaic Invoice,R5772,Directorate of Social Care and Health Services
Reading Borough Council,16/07/2025,248532,78356,MOORLANDS REST HOME,PS Acquired Residential,4380,Third Party Payments          -,Purchased Care,RBC Mosaic Invoice,R5772,Directorate of Social Care and Health Services
Reading Borough Council,16/07/2025,248540,78356,MOORLANDS REST HOME,PS Acquired Residential,10491.43,Third Party Payments          -,Purchased Care,RBC Mosaic Invoice,R5772,Directorate of Social Care and Health Services
Reading Borough Council,16/07/2025,248542,78356,MOORLANDS REST HOME,PS Acquired Residential,8134.29,Third Party Payments          -,Purchased Care,RBC Mosaic Invoice,R5772,Directorate of Social Care and Health Services
Reading Borough Council,16/07/2025,248560,78356,MOORLANDS REST HOME,Mental Health Residential,2458.24,Third Party Payments          -,Purchased Care,RBC Mosaic Invoice,R5732,Directorate of Social Care and Health Services
Reading Borough Council,16/07/2025,248484,78357,HILLTOP HOUSE,Mental Health Residential,2365.28,Third Party Payments          -,Purchased Care,RBC Mosaic Invoice,R5732,Directorate of Social Care and Health Services
Reading Borough Council,16/07/2025,248688,78358,MULBERRY HOUSE RESIDENTIAL CARE HOME,PS Acquired Residential,3996.28,Third Party Payments          -,Purchased Care,RBC Mosaic Invoice,R5772,Directorate of Social Care and Health Services
Reading Borough Council,16/07/2025,248699,78358,MULBERRY HOUSE RESIDENTIAL CARE HOME,M&C Acquired Residential,3996.44,Third Party Payments          -,Purchased Care,RBC Mosaic Invoice,R5752,Directorate of Social Care and Health Services
Reading Borough Council,16/07/2025,248711,78358,MULBERRY HOUSE RESIDENTIAL CARE HOME,LD Residential,3972.16,Third Party Payments          -,Purchased Care,RBC Mosaic Invoice,R5742,Directorate of Social Care and Health Services
Reading Borough Council,16/07/2025,248741,78358,MULBERRY HOUSE RESIDENTIAL CARE HOME,PS Acquired Residential,4277.68,Third Party Payments          -,Purchased Care,RBC Mosaic Invoice,R5772,Directorate of Social Care and Health Services
Reading Borough Council,16/07/2025,248746,78358,MULBERRY HOUSE RESIDENTIAL CARE HOME,PS Acquired Residential,4685.12,Third Party Payments          -,Purchased Care,RBC Mosaic Invoice,R5772,Directorate of Social Care and Health Services
Reading Borough Council,16/07/2025,248759,78358,MULBERRY HOUSE RESIDENTIAL CARE HOME,PS Acquired Residential,3821.48,Third Party Payments          -,Purchased Care,RBC Mosaic Invoice,R5772,Directorate of Social Care and Health Services
Reading Borough Council,16/07/2025,248764,78358,MULBERRY HOUSE RESIDENTIAL CARE HOME,PS Acquired Residential,3821.52,Third Party Payments          -,Purchased Care,RBC Mosaic Invoice,R5772,Directorate of Social Care and Health Services
Reading Borough Council,16/07/2025,248773,78358,MULBERRY HOUSE RESIDENTIAL CARE HOME,M&C Acquired Residential,4685.12,Third Party Payments          -,Purchased Care,RBC Mosaic Invoice,R5752,Directorate of Social Care and Health Services
Reading Borough Council,16/07/2025,248783,78358,MULBERRY HOUSE RESIDENTIAL CARE HOME,PS Acquired Residential,4888.8,Third Party Payments          -,Purchased Care,RBC Mosaic Invoice,R5772,Directorate of Social Care and Health Services
Reading Borough Council,16/07/2025,248789,78358,MULBERRY HOUSE RESIDENTIAL CARE HOME,PS Acquired Residential,3996.28,Third Party Payments          -,Purchased Care,RBC Mosaic Invoice,R5772,Directorate of Social Care and Health Services
Reading Borough Council,16/07/2025,248811,78358,MULBERRY HOUSE RESIDENTIAL CARE HOME,PS Acquired Residential,4074,Third Party Payments          -,Purchased Care,RBC Mosaic Invoice,R5772,Directorate of Social Care and Health Services
Reading Borough Council,16/07/2025,216026,78359,M&R SERVICES,Safer Community Unit,1100,Premises Related Expenses     -,Responsive Repairs,RBC CIS Invoice,R5365,Directorate of Economic Growth and Neighbourhood Services
Reading Borough Council,16/07/2025,245754,78360,C J MCCORMICK,Coroner,12183.6,Supplies and Services         -,Medical Fees,RBC Standard Invoice,R4605,Directorate of Economic Growth and Neighbourhood Services
Reading Borough Council,16/07/2025,248419,78361,LEONARD CHESHIRE SOUTH REGION,Mental Health Residential,3356.56,Third Party Payments          -,Purchased Care,RBC Mosaic Invoice,R5732,Directorate of Social Care and Health Services
Reading Borough Council,16/07/2025,246472,78362,SOUTH EAST EMPLOYERS,Private Sector Renewal & Adapt,986.25,Employees                     -,Other Employee Related Costs,RBC Standard Invoice,R4608,Directorate of Economic Growth and Neighbourhood Services
Reading Borough Council,16/07/2025,248438,78363,COLLEYCARE LIMITED,PS Acquired Residential,2717.48,Third Party Payments          -,Purchased Care,RBC Mosaic Invoice,R5772,Directorate of Social Care and Health Services
Reading Borough Council,16/07/2025,248439,78363,COLLEYCARE LIMITED,PS Acquired Residential,3915.2,Third Party Payments          -,Purchased Care,RBC Mosaic Invoice,R5772,Directorate of Social Care and Health Services
Reading Borough Council,16/07/2025,248448,78363,COLLEYCARE LIMITED,PS Acquired Residential,4350.2,Third Party Payments          -,Purchased Care,RBC Mosaic Invoice,R5772,Directorate of Social Care and Health Services
Reading Borough Council,16/07/2025,248449,78363,COLLEYCARE LIMITED,PS Acquired Residential,4279.28,Third Party Payments          -,Purchased Care,RBC Mosaic Invoice,R5772,Directorate of Social Care and Health Services
Reading Borough Council,16/07/2025,248451,78363,COLLEYCARE LIMITED,PS Acquired Residential,4350.2,Third Party Payments          -,Purchased Care,RBC Mosaic Invoice,R5772,Directorate of Social Care and Health Services
Reading Borough Council,16/07/2025,248455,78363,COLLEYCARE LIMITED,M&C Acquired Residential,4279.28,Third Party Payments          -,Purchased Care,RBC Mosaic Invoice,R5752,Directorate of Social Care and Health Services
Reading Borough Council,16/07/2025,248461,78363,COLLEYCARE LIMITED,PS Acquired Residential,4350.2,Third Party Payments          -,Purchased Care,RBC Mosaic Invoice,R5772,Directorate of Social Care and Health Services
Reading Borough Council,16/07/2025,248490,78363,COLLEYCARE LIMITED,PS Acquired Residential,3821.48,Third Party Payments          -,Purchased Care,RBC Mosaic Invoice,R5772,Directorate of Social Care and Health Services
Reading Borough Council,16/07/2025,248491,78363,COLLEYCARE LIMITED,PS Acquired Residential,3746.52,Third Party Payments          -,Purchased Care,RBC Mosaic Invoice,R5772,Directorate of Social Care and Health Services
Reading Borough Council,16/07/2025,248497,78363,COLLEYCARE LIMITED,M&C Acquired Residential,3915.2,Third Party Payments          -,Purchased Care,RBC Mosaic Invoice,R5752,Directorate of Social Care and Health Services
Reading Borough Council,16/07/2025,248498,78363,COLLEYCARE LIMITED,M&C Acquired Residential,3915.2,Third Party Payments          -,Purchased Care,RBC Mosaic Invoice,R5752,Directorate of Social Care and Health Services
Reading Borough Council,16/07/2025,248499,78363,COLLEYCARE LIMITED,PS Acquired Residential,5133.24,Third Party Payments          -,Purchased Care,RBC Mosaic Invoice,R5772,Directorate of Social Care and Health Services
Reading Borough Council,16/07/2025,248501,78363,COLLEYCARE LIMITED,PS Acquired Residential,4279.28,Third Party Payments          -,Purchased Care,RBC Mosaic Invoice,R5772,Directorate of Social Care and Health Services
Reading Borough Council,16/07/2025,248503,78363,COLLEYCARE LIMITED,M&C Acquired Residential,4350.2,Third Party Payments          -,Purchased Care,RBC Mosaic Invoice,R5752,Directorate of Social Care and Health Services
Reading Borough Council,16/07/2025,248529,78363,COLLEYCARE LIMITED,PS Acquired Residential,4379.56,Third Party Payments          -,Purchased Care,RBC Mosaic Invoice,R5772,Directorate of Social Care and Health Services
Reading Borough Council,16/07/2025,248530,78363,COLLEYCARE LIMITED,Mental Health Residential,2346.64,Third Party Payments          -,Purchased Care,RBC Mosaic Invoice,R5732,Directorate of Social Care and Health Services
Reading Borough Council,16/07/2025,248539,78363,COLLEYCARE LIMITED,PS Acquired Residential,22672.86,Third Party Payments          -,Purchased Care,RBC Mosaic Invoice,R5772,Directorate of Social Care and Health Services
Reading Borough Council,16/07/2025,248567,78363,COLLEYCARE LIMITED,PS Acquired Residential,3996.28,Third Party Payments          -,Purchased Care,RBC Mosaic Invoice,R5772,Directorate of Social Care and Health Services
Reading Borough Council,16/07/2025,248575,78363,COLLEYCARE LIMITED,PS Acquired Residential,3821.48,Third Party Payments          -,Purchased Care,RBC Mosaic Invoice,R5772,Directorate of Social Care and Health Services
Reading Borough Council,16/07/2025,248577,78363,COLLEYCARE LIMITED,PS Acquired Residential,4121.2,Third Party Payments          -,Purchased Care,RBC Mosaic Invoice,R5772,Directorate of Social Care and Health Services
Reading Borough Council,16/07/2025,248586,78363,COLLEYCARE LIMITED,Social Support,4350.2,Third Party Payments          -,Purchased Care,RBC Mosaic Invoice,R5790,Directorate of Social Care and Health Services
Reading Borough Council,16/07/2025,248588,78363,COLLEYCARE LIMITED,PS Acquired Residential,4350.2,Third Party Payments          -,Purchased Care,RBC Mosaic Invoice,R5772,Directorate of Social Care and Health Services
Reading Borough Council,16/07/2025,248589,78363,COLLEYCARE LIMITED,PS Acquired Residential,4350.2,Third Party Payments          -,Purchased Care,RBC Mosaic Invoice,R5772,Directorate of Social Care and Health Services
Reading Borough Council,16/07/2025,248595,78363,COLLEYCARE LIMITED,PS Acquired Residential,4990.64,Third Party Payments          -,Purchased Care,RBC Mosaic Invoice,R5772,Directorate of Social Care and Health Services
Reading Borough Council,16/07/2025,248601,78363,COLLEYCARE LIMITED,M&C Acquired Residential,4279.28,Third Party Payments          -,Purchased Care,RBC Mosaic Invoice,R5752,Directorate of Social Care and Health Services
Reading Borough Council,16/07/2025,248603,78363,COLLEYCARE LIMITED,Social Support,5336.96,Third Party Payments          -,Purchased Care,RBC Mosaic Invoice,R5790,Directorate of Social Care and Health Services
Reading Borough Council,16/07/2025,248616,78363,COLLEYCARE LIMITED,PS Acquired Residential,3571.42,Third Party Payments          -,Respite Care,RBC Mosaic Invoice,R5772,Directorate of Social Care and Health Services
Reading Borough Council,16/07/2025,248647,78363,COLLEYCARE LIMITED,PS Acquired Residential,3803.8,Third Party Payments          -,Purchased Care,RBC Mosaic Invoice,R5772,Directorate of Social Care and Health Services
Reading Borough Council,16/07/2025,248652,78363,COLLEYCARE LIMITED,PS Acquired Residential,6014.76,Third Party Payments          -,Purchased Care,RBC Mosaic Invoice,R5772,Directorate of Social Care and Health Services
Reading Borough Council,16/07/2025,248664,78363,COLLEYCARE LIMITED,PS Acquired Residential,4279.28,Third Party Payments          -,Purchased Care,RBC Mosaic Invoice,R5772,Directorate of Social Care and Health Services
Reading Borough Council,16/07/2025,248672,78363,COLLEYCARE LIMITED,Social Support,4279.28,Third Party Payments          -,Purchased Care,RBC Mosaic Invoice,R5790,Directorate of Social Care and Health Services
Reading Borough Council,16/07/2025,248673,78363,COLLEYCARE LIMITED,Social Support,4279.28,Third Party Payments          -,Purchased Care,RBC Mosaic Invoice,R5790,Directorate of Social Care and Health Services
Reading Borough Council,16/07/2025,248680,78363,COLLEYCARE LIMITED,PS Acquired Residential,4300,Third Party Payments          -,Purchased Care,RBC Mosaic Invoice,R5772,Directorate of Social Care and Health Services
Reading Borough Council,16/07/2025,206249,78364,THAMES VALLEY POLICE,Collection Fund Rev. A/C,1692854.4,CIES                          -,Council Tax Precept : Police,RBC Spreadsheet Invoice,R2840,Corporate
Reading Borough Council,16/07/2025,248550,78365,SEEABILITY,LD Residential,10344.32,Third Party Payments          -,Purchased Care,RBC Mosaic Invoice,R5742,Directorate of Social Care and Health Services
Reading Borough Council,16/07/2025,245145,78367,LAPLACE BUILDING SOLUTIONS (SOUTH) LTD,Corporate Maintenance Services,2735.92,Third Party Payments          -,Corporate Maintenance Contract,RBC CIS Invoice,R4080,Directorate of Economic Growth and Neighbourhood Services
Reading Borough Council,16/07/2025,248669,78368,ARIA HEALTHCARE GROUP LTD T/A ABBEYCREST,PS Acquired Nursing,5296.2,Third Party Payments          -,Purchased Care,RBC Mosaic Invoice,R5773,Directorate of Social Care and Health Services
Reading Borough Council,16/07/2025,248671,78368,ARIA HEALTHCARE GROUP LTD T/A ABBEYCREST,PS Acquired Nursing,5703.6,Third Party Payments          -,Purchased Care,RBC Mosaic Invoice,R5773,Directorate of Social Care and Health Services
Reading Borough Council,16/07/2025,248481,78369,CHILMINGTON HOMES LTD,LD Residential,7041.92,Third Party Payments          -,Purchased Care,RBC Mosaic Invoice,R5742,Directorate of Social Care and Health Services
Reading Borough Council,16/07/2025,248517,78369,CHILMINGTON HOMES LTD,LD Residential,10720,Third Party Payments          -,Purchased Care,RBC Mosaic Invoice,R5742,Directorate of Social Care and Health Services
Reading Borough Council,16/07/2025,248519,78369,CHILMINGTON HOMES LTD,LD Residential,10700,Third Party Payments          -,Purchased Care,RBC Mosaic Invoice,R5742,Directorate of Social Care and Health Services
Reading Borough Council,16/07/2025,248506,78372,AUSTEN HOUSE BARCHESTER HEALTHCARE,M&C Acquired Nursing,5703.6,Third Party Payments          -,Purchased Care,RBC Mosaic Invoice,R5753,Directorate of Social Care and Health Services
Reading Borough Council,16/07/2025,248515,78372,AUSTEN HOUSE BARCHESTER HEALTHCARE,PS Acquired Nursing,5296.2,Third Party Payments          -,Purchased Care,RBC Mosaic Invoice,R5773,Directorate of Social Care and Health Services
Reading Borough Council,16/07/2025,248528,78372,AUSTEN HOUSE BARCHESTER HEALTHCARE,PS Acquired Nursing,5296.2,Third Party Payments          -,Purchased Care,RBC Mosaic Invoice,R5773,Directorate of Social Care and Health Services
Reading Borough Council,16/07/2025,248535,78372,AUSTEN HOUSE BARCHESTER HEALTHCARE,Social Support,10028.57,Third Party Payments          -,Purchased Care,RBC Mosaic Invoice,R5790,Directorate of Social Care and Health Services
Reading Borough Council,16/07/2025,248593,78372,AUSTEN HOUSE BARCHESTER HEALTHCARE,PS Acquired Nursing,5296.2,Third Party Payments          -,Purchased Care,RBC Mosaic Invoice,R5773,Directorate of Social Care and Health Services
Reading Borough Council,16/07/2025,248597,78372,AUSTEN HOUSE BARCHESTER HEALTHCARE,PS Acquired Nursing,5296.2,Third Party Payments          -,Purchased Care,RBC Mosaic Invoice,R5773,Directorate of Social Care and Health Services
Reading Borough Council,16/07/2025,248605,78372,AUSTEN HOUSE BARCHESTER HEALTHCARE,Mental Health Nursing,5296.2,Third Party Payments          -,Purchased Care,RBC Mosaic Invoice,R5733,Directorate of Social Care and Health Services
Reading Borough Council,16/07/2025,248668,78372,AUSTEN HOUSE BARCHESTER HEALTHCARE,PS Acquired Nursing,5296.2,Third Party Payments          -,Purchased Care,RBC Mosaic Invoice,R5773,Directorate of Social Care and Health Services
Reading Borough Council,16/07/2025,248683,78372,AUSTEN HOUSE BARCHESTER HEALTHCARE,PS Acquired Nursing,2964,Third Party Payments          -,Purchased Care,RBC Mosaic Invoice,R5773,Directorate of Social Care and Health Services
Reading Borough Council,16/07/2025,248686,78372,AUSTEN HOUSE BARCHESTER HEALTHCARE,PS Acquired Nursing,2414.28,Third Party Payments          -,Respite Care,RBC Mosaic Invoice,R5773,Directorate of Social Care and Health Services
Reading Borough Council,16/07/2025,248423,78373,PURLEY PARK TRUST LTD,LD Residential,8257.96,Third Party Payments          -,Purchased Care,RBC Mosaic Invoice,R5742,Directorate of Social Care and Health Services
Reading Borough Council,16/07/2025,248440,78373,PURLEY PARK TRUST LTD,LD Residential,4019.4,Third Party Payments          -,Purchased Care,RBC Mosaic Invoice,R5742,Directorate of Social Care and Health Services
Reading Borough Council,16/07/2025,248480,78373,PURLEY PARK TRUST LTD,LD Residential,5591.2,Third Party Payments          -,Purchased Care,RBC Mosaic Invoice,R5742,Directorate of Social Care and Health Services
Reading Borough Council,16/07/2025,248494,78373,PURLEY PARK TRUST LTD,LD Residential,8475.4,Third Party Payments          -,Purchased Care,RBC Mosaic Invoice,R5742,Directorate of Social Care and Health Services
Reading Borough Council,16/07/2025,248546,78373,PURLEY PARK TRUST LTD,LD Residential,5168.04,Third Party Payments          -,Purchased Care,RBC Mosaic Invoice,R5742,Directorate of Social Care and Health Services
Reading Borough Council,16/07/2025,248547,78373,PURLEY PARK TRUST LTD,LD Residential,5071.24,Third Party Payments          -,Purchased Care,RBC Mosaic Invoice,R5742,Directorate of Social Care and Health Services
Reading Borough Council,16/07/2025,248557,78373,PURLEY PARK TRUST LTD,PS Lifelong Residential,5591.2,Third Party Payments          -,Purchased Care,RBC Mosaic Invoice,R5782,Directorate of Social Care and Health Services
Reading Borough Council,16/07/2025,248574,78373,PURLEY PARK TRUST LTD,LD Residential,5591.2,Third Party Payments          -,Purchased Care,RBC Mosaic Invoice,R5742,Directorate of Social Care and Health Services
Reading Borough Council,16/07/2025,248618,78373,PURLEY PARK TRUST LTD,LD Residential,5685.44,Third Party Payments          -,Purchased Care,RBC Mosaic Invoice,R5742,Directorate of Social Care and Health Services
Reading Borough Council,16/07/2025,248624,78373,PURLEY PARK TRUST LTD,LD Residential,4805.4,Third Party Payments          -,Purchased Care,RBC Mosaic Invoice,R5742,Directorate of Social Care and Health Services
Reading Borough Council,16/07/2025,248658,78373,PURLEY PARK TRUST LTD,LD Residential,7849.04,Third Party Payments          -,Purchased Care,RBC Mosaic Invoice,R5742,Directorate of Social Care and Health Services
Reading Borough Council,16/07/2025,248628,78374,DUNRAVEN HOUSE,M&C Acquired Residential,3895,Income                        -,Residential Client Contns,RBC Mosaic Invoice,R5752,Directorate of Social Care and Health Services
Reading Borough Council,16/07/2025,248429,78375,NORWOOD SCHOOLS LTD,LD Residential,10182.88,Third Party Payments          -,Purchased Care,RBC Mosaic Invoice,R5742,Directorate of Social Care and Health Services
Reading Borough Council,16/07/2025,248570,78375,NORWOOD SCHOOLS LTD,LD Residential,15891.96,Third Party Payments          -,Purchased Care,RBC Mosaic Invoice,R5742,Directorate of Social Care and Health Services
Reading Borough Council,16/07/2025,248415,78376,CHOICE LTD,LD Residential,8692,Third Party Payments          -,Purchased Care,RBC Mosaic Invoice,R5742,Directorate of Social Care and Health Services
Reading Borough Council,16/07/2025,248428,78376,CHOICE LTD,Mental Health Residential,3565.08,Third Party Payments          -,Purchased Care,RBC Mosaic Invoice,R5732,Directorate of Social Care and Health Services
Reading Borough Council,16/07/2025,248430,78376,CHOICE LTD,LD Residential,4528.32,Third Party Payments          -,Purchased Care,RBC Mosaic Invoice,R5742,Directorate of Social Care and Health Services
Reading Borough Council,16/07/2025,248468,78376,CHOICE LTD,LD Residential,10198.2,Third Party Payments          -,Purchased Care,RBC Mosaic Invoice,R5742,Directorate of Social Care and Health Services
Reading Borough Council,16/07/2025,248469,78376,CHOICE LTD,LD Residential,9413.76,Third Party Payments          -,Purchased Care,RBC Mosaic Invoice,R5742,Directorate of Social Care and Health Services
Reading Borough Council,16/07/2025,248470,78376,CHOICE LTD,LD Residential,9069.16,Third Party Payments          -,Purchased Care,RBC Mosaic Invoice,R5742,Directorate of Social Care and Health Services
Reading Borough Council,16/07/2025,248471,78376,CHOICE LTD,LD Residential,7938.92,Third Party Payments          -,Purchased Care,RBC Mosaic Invoice,R5742,Directorate of Social Care and Health Services
Reading Borough Council,16/07/2025,248473,78376,CHOICE LTD,LD Residential,8875.04,Third Party Payments          -,Purchased Care,RBC Mosaic Invoice,R5742,Directorate of Social Care and Health Services
Reading Borough Council,16/07/2025,248482,78376,CHOICE LTD,Mental Health Residential,8188.92,Third Party Payments          -,Purchased Care,RBC Mosaic Invoice,R5732,Directorate of Social Care and Health Services
Reading Borough Council,16/07/2025,248548,78376,CHOICE LTD,LD Residential,10135.48,Third Party Payments          -,Purchased Care,RBC Mosaic Invoice,R5742,Directorate of Social Care and Health Services
Reading Borough Council,16/07/2025,248554,78376,CHOICE LTD,LD Residential,12236.04,Third Party Payments          -,Purchased Care,RBC Mosaic Invoice,R5742,Directorate of Social Care and Health Services
Reading Borough Council,16/07/2025,248556,78376,CHOICE LTD,LD Residential,8890.76,Third Party Payments          -,Purchased Care,RBC Mosaic Invoice,R5742,Directorate of Social Care and Health Services
Reading Borough Council,16/07/2025,248558,78376,CHOICE LTD,LD Residential,9406.24,Third Party Payments          -,Purchased Care,RBC Mosaic Invoice,R5742,Directorate of Social Care and Health Services
Reading Borough Council,16/07/2025,248562,78376,CHOICE LTD,LD Residential,11328.12,Third Party Payments          -,Purchased Care,RBC Mosaic Invoice,R5742,Directorate of Social Care and Health Services
Reading Borough Council,16/07/2025,248573,78376,CHOICE LTD,LD Residential,10240.68,Third Party Payments          -,Purchased Care,RBC Mosaic Invoice,R5742,Directorate of Social Care and Health Services
Reading Borough Council,16/07/2025,248582,78376,CHOICE LTD,PS Acquired Residential,4896.28,Third Party Payments          -,Purchased Care,RBC Mosaic Invoice,R5772,Directorate of Social Care and Health Services
Reading Borough Council,16/07/2025,248612,78376,CHOICE LTD,Mental Health Residential,2462,Third Party Payments          -,Purchased Care,RBC Mosaic Invoice,R5732,Directorate of Social Care and Health Services
Reading Borough Council,16/07/2025,248621,78376,CHOICE LTD,LD Residential,11432.4,Third Party Payments          -,Purchased Care,RBC Mosaic Invoice,R5742,Directorate of Social Care and Health Services
Reading Borough Council,16/07/2025,248625,78376,CHOICE LTD,LD Residential,9413.76,Third Party Payments          -,Purchased Care,RBC Mosaic Invoice,R5742,Directorate of Social Care and Health Services
Reading Borough Council,16/07/2025,248626,78376,CHOICE LTD,LD Residential,8890.76,Third Party Payments          -,Purchased Care,RBC Mosaic Invoice,R5742,Directorate of Social Care and Health Services
Reading Borough Council,16/07/2025,248630,78376,CHOICE LTD,Mental Health Residential,8430.44,Third Party Payments          -,Purchased Care,RBC Mosaic Invoice,R5732,Directorate of Social Care and Health Services
Reading Borough Council,16/07/2025,248659,78376,CHOICE LTD,LD Residential,12862.28,Third Party Payments          -,Purchased Care,RBC Mosaic Invoice,R5742,Directorate of Social Care and Health Services
Reading Borough Council,16/07/2025,248675,78376,CHOICE LTD,Mental Health Residential,10889.52,Third Party Payments          -,Purchased Care,RBC Mosaic Invoice,R5732,Directorate of Social Care and Health Services
Reading Borough Council,16/07/2025,248641,78377,KERNOW HOUSE,Mental Health Residential,3901,Third Party Payments          -,Purchased Care,RBC Mosaic Invoice,R5732,Directorate of Social Care and Health Services
Reading Borough Council,16/07/2025,248474,78378,SENSE,LD Residential,12469.28,Third Party Payments          -,Purchased Care,RBC Mosaic Invoice,R5742,Directorate of Social Care and Health Services
Reading Borough Council,16/07/2025,245740,78379,BRITISH TELECOMMUNICATIONS PLC,IT Management,13363.92,Third Party Payments          -,Third Party Pymts: Other Estab,RBC CIS Invoice,R2300,Directorate of Resources
Reading Borough Council,16/07/2025,248435,78380,NORTHCOURT LODGE CARE HOME LTD,PS Acquired Nursing,3962.48,Third Party Payments          -,Purchased Care,RBC Mosaic Invoice,R5773,Directorate of Social Care and Health Services
Reading Borough Council,16/07/2025,248566,78380,NORTHCOURT LODGE CARE HOME LTD,PS Acquired Nursing,4021.88,Third Party Payments          -,Purchased Care,RBC Mosaic Invoice,R5773,Directorate of Social Care and Health Services
Reading Borough Council,16/07/2025,248587,78380,NORTHCOURT LODGE CARE HOME LTD,PS Acquired Nursing,5220.28,Third Party Payments          -,Purchased Care,RBC Mosaic Invoice,R5773,Directorate of Social Care and Health Services
Reading Borough Council,16/07/2025,248590,78380,NORTHCOURT LODGE CARE HOME LTD,PS Acquired Nursing,4481.4,Third Party Payments          -,Purchased Care,RBC Mosaic Invoice,R5773,Directorate of Social Care and Health Services
Reading Borough Council,16/07/2025,248646,78380,NORTHCOURT LODGE CARE HOME LTD,PS Acquired Nursing,5027.48,Third Party Payments          -,Purchased Care,RBC Mosaic Invoice,R5773,Directorate of Social Care and Health Services
Reading Borough Council,16/07/2025,243415,78381,THE WELDING SHOP LTD,Streetscene,3330,Supplies and Services         -,Equipment Purchase & Repair,RBC CIS Invoice,R4567,Directorate of Economic Growth and Neighbourhood Services
Reading Borough Council,16/07/2025,248384,78382,EXPERIAN,Council Tax & Business Rates,698,Third Party Payments          -,Third Party Pymts: Other Estab,RBC Standard Invoice,R2250,Directorate of Resources
Reading Borough Council,16/07/2025,248417,78383,STROUD COURT COMMUNITY TRUST,LD Residential,6626.32,Third Party Payments          -,Purchased Care,RBC Mosaic Invoice,R5742,Directorate of Social Care and Health Services
Reading Borough Council,16/07/2025,248414,78384,INNOVATIONS WILTSHIRE T/A LANDLACE HOMES,LD Residential,49516.43,Third Party Payments          -,Purchased Care,RBC Mosaic Invoice,R5742,Directorate of Social Care and Health Services
Reading Borough Council,16/07/2025,249651,78385,THE SOCIETY OF CHIEF LIBRARIANS,Reading Libraries,656.08,Supplies and Services         -,Professional Fees,RBC Standard Invoice,R1400,Directorate of Economic Growth and Neighbourhood Services
Reading Borough Council,16/07/2025,248495,78387,BUPA CARE SERVICES,PS Acquired Nursing,6636.8,Third Party Payments          -,Purchased Care,RBC Mosaic Invoice,R5773,Directorate of Social Care and Health Services
Reading Borough Council,16/07/2025,248518,78387,BUPA CARE SERVICES,Mental Health Nursing,7412.04,Third Party Payments          -,Purchased Care,RBC Mosaic Invoice,R5733,Directorate of Social Care and Health Services
Reading Borough Council,16/07/2025,248629,78387,BUPA CARE SERVICES,PS Acquired Nursing,187404.2,Third Party Payments          -,Purchased Care,RBC Mosaic Invoice,R5773,Directorate of Social Care and Health Services
Reading Borough Council,16/07/2025,248689,78387,BUPA CARE SERVICES,PS Acquired Nursing,6605.6,Third Party Payments          -,Purchased Care,RBC Mosaic Invoice,R5773,Directorate of Social Care and Health Services
Reading Borough Council,16/07/2025,248691,78387,BUPA CARE SERVICES,PS Acquired Nursing,6605.6,Third Party Payments          -,Purchased Care,RBC Mosaic Invoice,R5773,Directorate of Social Care and Health Services
Reading Borough Council,16/07/2025,248692,78387,BUPA CARE SERVICES,PS Acquired Nursing,6605.6,Third Party Payments          -,Purchased Care,RBC Mosaic Invoice,R5773,Directorate of Social Care and Health Services
Reading Borough Council,16/07/2025,248694,78387,BUPA CARE SERVICES,PS Acquired Nursing,6375.6,Third Party Payments          -,Purchased Care,RBC Mosaic Invoice,R5773,Directorate of Social Care and Health Services
Reading Borough Council,16/07/2025,248703,78387,BUPA CARE SERVICES,PS Acquired Nursing,6605.6,Third Party Payments          -,Purchased Care,RBC Mosaic Invoice,R5773,Directorate of Social Care and Health Services
Reading Borough Council,16/07/2025,248717,78387,BUPA CARE SERVICES,PS Acquired Nursing,7129.52,Third Party Payments          -,Purchased Care,RBC Mosaic Invoice,R5773,Directorate of Social Care and Health Services
Reading Borough Council,16/07/2025,248719,78387,BUPA CARE SERVICES,PS Acquired Nursing,7000,Third Party Payments          -,Purchased Care,RBC Mosaic Invoice,R5773,Directorate of Social Care and Health Services
Reading Borough Council,16/07/2025,248725,78387,BUPA CARE SERVICES,LD Nursing,11750,Third Party Payments          -,Purchased Care,RBC Mosaic Invoice,R5743,Directorate of Social Care and Health Services
Reading Borough Council,16/07/2025,248727,78387,BUPA CARE SERVICES,PS Acquired Nursing,6605.6,Third Party Payments          -,Purchased Care,RBC Mosaic Invoice,R5773,Directorate of Social Care and Health Services
Reading Borough Council,16/07/2025,248728,78387,BUPA CARE SERVICES,PS Acquired Nursing,6605.6,Third Party Payments          -,Purchased Care,RBC Mosaic Invoice,R5773,Directorate of Social Care and Health Services
Reading Borough Council,16/07/2025,248729,78387,BUPA CARE SERVICES,Mental Health Nursing,2236.12,Third Party Payments          -,Purchased Care,RBC Mosaic Invoice,R5733,Directorate of Social Care and Health Services
Reading Borough Council,16/07/2025,248760,78387,BUPA CARE SERVICES,PS Acquired Nursing,6605.6,Third Party Payments          -,Purchased Care,RBC Mosaic Invoice,R5773,Directorate of Social Care and Health Services
Reading Borough Council,16/07/2025,248772,78387,BUPA CARE SERVICES,Mental Health Nursing,6982.12,Third Party Payments          -,Purchased Care,RBC Mosaic Invoice,R5733,Directorate of Social Care and Health Services
Reading Borough Council,16/07/2025,248779,78387,BUPA CARE SERVICES,PS Acquired Nursing,7129.52,Third Party Payments          -,Purchased Care,RBC Mosaic Invoice,R5773,Directorate of Social Care and Health Services
Reading Borough Council,16/07/2025,248785,78387,BUPA CARE SERVICES,LD Nursing,7000,Third Party Payments          -,Purchased Care,RBC Mosaic Invoice,R5743,Directorate of Social Care and Health Services
Reading Borough Council,16/07/2025,248788,78387,BUPA CARE SERVICES,LD Nursing,12250,Third Party Payments          -,Purchased Care,RBC Mosaic Invoice,R5743,Directorate of Social Care and Health Services
Reading Borough Council,16/07/2025,248791,78387,BUPA CARE SERVICES,PS Acquired Nursing,6605.6,Third Party Payments          -,Purchased Care,RBC Mosaic Invoice,R5773,Directorate of Social Care and Health Services
Reading Borough Council,16/07/2025,248792,78387,BUPA CARE SERVICES,PS Lifelong Nursing,6605.6,Third Party Payments          -,Purchased Care,RBC Mosaic Invoice,R5783,Directorate of Social Care and Health Services
Reading Borough Council,16/07/2025,248794,78387,BUPA CARE SERVICES,PS Acquired Nursing,6605.6,Third Party Payments          -,Purchased Care,RBC Mosaic Invoice,R5773,Directorate of Social Care and Health Services
Reading Borough Council,16/07/2025,248814,78387,BUPA CARE SERVICES,PS Acquired Nursing,6518.4,Third Party Payments          -,Purchased Care,RBC Mosaic Invoice,R5773,Directorate of Social Care and Health Services
Reading Borough Council,16/07/2025,248826,78387,BUPA CARE SERVICES,Mental Health Nursing,7129.52,Third Party Payments          -,Purchased Care,RBC Mosaic Invoice,R5733,Directorate of Social Care and Health Services
Reading Borough Council,16/07/2025,248635,78388,DIVINE CARE SOLUTIONS,LD Residential,3255.36,Third Party Payments          -,Purchased Care,RBC Mosaic Invoice,R5742,Directorate of Social Care and Health Services
Reading Borough Council,16/07/2025,248466,78389,DIMENSIONS (UK) LTD,LD Residential,7153.78,Third Party Payments          -,Purchased Care,RBC Mosaic Invoice,R5742,Directorate of Social Care and Health Services
Reading Borough Council,16/07/2025,248656,78390,PEMBROKE LODGE,PS Acquired Residential,3828.16,Third Party Payments          -,Purchased Care,RBC Mosaic Invoice,R5772,Directorate of Social Care and Health Services
Reading Borough Council,16/07/2025,248623,78393,DOWNVIEW RESIDENTIAL CARE,LD Residential,6618.88,Third Party Payments          -,Purchased Care,RBC Mosaic Invoice,R5742,Directorate of Social Care and Health Services
Reading Borough Council,16/07/2025,249641,78394,PLAYSAFETY LTD,Streetscene,2776.88,Supplies and Services         -,Software Licences,RBC Standard Invoice,R4567,Directorate of Economic Growth and Neighbourhood Services
Reading Borough Council,16/07/2025,248690,78395,FLORENCE CARE (READING) LTD,PS Acquired Nursing,3979.4,Third Party Payments          -,Purchased Care,RBC Mosaic Invoice,R5773,Directorate of Social Care and Health Services
Reading Borough Council,16/07/2025,248693,78395,FLORENCE CARE (READING) LTD,PS Acquired Nursing,4495.88,Third Party Payments          -,Purchased Care,RBC Mosaic Invoice,R5773,Directorate of Social Care and Health Services
Reading Borough Council,16/07/2025,248698,78395,FLORENCE CARE (READING) LTD,M&C Acquired Nursing,4246.08,Third Party Payments          -,Purchased Care,RBC Mosaic Invoice,R5753,Directorate of Social Care and Health Services
Reading Borough Council,16/07/2025,248716,78395,FLORENCE CARE (READING) LTD,PS Acquired Nursing,5400,Third Party Payments          -,Purchased Care,RBC Mosaic Invoice,R5773,Directorate of Social Care and Health Services
Reading Borough Council,16/07/2025,248722,78395,FLORENCE CARE (READING) LTD,PS Acquired Nursing,12628.57,Third Party Payments          -,Purchased Care,RBC Mosaic Invoice,R5773,Directorate of Social Care and Health Services
Reading Borough Council,16/07/2025,248730,78395,FLORENCE CARE (READING) LTD,M&C Acquired Nursing,54695.6,Third Party Payments          -,Elderly Mentally Infirm,RBC Mosaic Invoice,R5753,Directorate of Social Care and Health Services
Reading Borough Council,16/07/2025,248740,78395,FLORENCE CARE (READING) LTD,PS Acquired Nursing,4567.72,Third Party Payments          -,Purchased Care,RBC Mosaic Invoice,R5773,Directorate of Social Care and Health Services
Reading Borough Council,16/07/2025,248744,78395,FLORENCE CARE (READING) LTD,PS Acquired Nursing,4888.8,Third Party Payments          -,Purchased Care,RBC Mosaic Invoice,R5773,Directorate of Social Care and Health Services
Reading Borough Council,16/07/2025,248745,78395,FLORENCE CARE (READING) LTD,PS Acquired Nursing,4481.4,Third Party Payments          -,Purchased Care,RBC Mosaic Invoice,R5773,Directorate of Social Care and Health Services
Reading Borough Council,16/07/2025,248747,78395,FLORENCE CARE (READING) LTD,PS Acquired Nursing,4888.8,Third Party Payments          -,Purchased Care,RBC Mosaic Invoice,R5773,Directorate of Social Care and Health Services
Reading Borough Council,16/07/2025,248750,78395,FLORENCE CARE (READING) LTD,M&C Acquired Nursing,4888.8,Third Party Payments          -,Purchased Care,RBC Mosaic Invoice,R5753,Directorate of Social Care and Health Services
Reading Borough Council,16/07/2025,248756,78395,FLORENCE CARE (READING) LTD,Mental Health Nursing,5200,Third Party Payments          -,Purchased Care,RBC Mosaic Invoice,R5733,Directorate of Social Care and Health Services
Reading Borough Council,16/07/2025,248768,78395,FLORENCE CARE (READING) LTD,PS Acquired Nursing,4350.2,Third Party Payments          -,Purchased Care,RBC Mosaic Invoice,R5773,Directorate of Social Care and Health Services
Reading Borough Council,16/07/2025,248775,78395,FLORENCE CARE (READING) LTD,PS Acquired Nursing,4888.8,Third Party Payments          -,Purchased Care,RBC Mosaic Invoice,R5773,Directorate of Social Care and Health Services
Reading Borough Council,16/07/2025,248777,78395,FLORENCE CARE (READING) LTD,PS Acquired Nursing,4888.8,Third Party Payments          -,Purchased Care,RBC Mosaic Invoice,R5773,Directorate of Social Care and Health Services
Reading Borough Council,16/07/2025,248796,78395,FLORENCE CARE (READING) LTD,PS Acquired Nursing,4495.88,Third Party Payments          -,Purchased Care,RBC Mosaic Invoice,R5773,Directorate of Social Care and Health Services
Reading Borough Council,16/07/2025,248803,78395,FLORENCE CARE (READING) LTD,PS Acquired Nursing,10257.8,Third Party Payments          -,Purchased Care,RBC Mosaic Invoice,R5773,Directorate of Social Care and Health Services
Reading Borough Council,16/07/2025,248805,78395,FLORENCE CARE (READING) LTD,PS Acquired Nursing,4785.24,Third Party Payments          -,Purchased Care,RBC Mosaic Invoice,R5773,Directorate of Social Care and Health Services
Reading Borough Council,16/07/2025,248815,78395,FLORENCE CARE (READING) LTD,PS Acquired Nursing,4481.4,Third Party Payments          -,Purchased Care,RBC Mosaic Invoice,R5773,Directorate of Social Care and Health Services
Reading Borough Council,16/07/2025,248817,78395,FLORENCE CARE (READING) LTD,PS Acquired Nursing,7699.88,Third Party Payments          -,Purchased Care,RBC Mosaic Invoice,R5773,Directorate of Social Care and Health Services
Reading Borough Council,16/07/2025,248821,78395,FLORENCE CARE (READING) LTD,PS Acquired Nursing,5092.52,Third Party Payments          -,Purchased Care,RBC Mosaic Invoice,R5773,Directorate of Social Care and Health Services
Reading Borough Council,16/07/2025,243300,78397,SANDS SECURITY LTD,Hexagon Operations,2026.5,Premises Related Expenses     -,Security Costs,RBC Standard Invoice,R1200,Directorate of Economic Growth and Neighbourhood Services
Reading Borough Council,16/07/2025,248412,78398,VOYAGE CARE,LD Residential,7085.68,Third Party Payments          -,Purchased Care,RBC Mosaic Invoice,R5742,Directorate of Social Care and Health Services
Reading Borough Council,16/07/2025,248418,78398,VOYAGE CARE,LD Residential,6508.4,Third Party Payments          -,Purchased Care,RBC Mosaic Invoice,R5742,Directorate of Social Care and Health Services
Reading Borough Council,16/07/2025,248420,78398,VOYAGE CARE,LD Residential,10870.12,Third Party Payments          -,Purchased Care,RBC Mosaic Invoice,R5742,Directorate of Social Care and Health Services
Reading Borough Council,16/07/2025,248426,78398,VOYAGE CARE,LD Residential,9124.56,Third Party Payments          -,Purchased Care,RBC Mosaic Invoice,R5742,Directorate of Social Care and Health Services
Reading Borough Council,16/07/2025,248447,78398,VOYAGE CARE,LD Residential,7647.44,Third Party Payments          -,Purchased Care,RBC Mosaic Invoice,R5742,Directorate of Social Care and Health Services
Reading Borough Council,16/07/2025,248457,78398,VOYAGE CARE,LD Residential,8065.08,Third Party Payments          -,Purchased Care,RBC Mosaic Invoice,R5742,Directorate of Social Care and Health Services
Reading Borough Council,16/07/2025,248463,78398,VOYAGE CARE,LD Residential,7478.88,Third Party Payments          -,Purchased Care,RBC Mosaic Invoice,R5742,Directorate of Social Care and Health Services
Reading Borough Council,16/07/2025,248467,78398,VOYAGE CARE,LD Residential,8172.56,Third Party Payments          -,Purchased Care,RBC Mosaic Invoice,R5742,Directorate of Social Care and Health Services
Reading Borough Council,16/07/2025,248502,78398,VOYAGE CARE,LD Residential,7647.44,Third Party Payments          -,Purchased Care,RBC Mosaic Invoice,R5742,Directorate of Social Care and Health Services
Reading Borough Council,16/07/2025,248522,78398,VOYAGE CARE,LD Residential,11570.32,Third Party Payments          -,Purchased Care,RBC Mosaic Invoice,R5742,Directorate of Social Care and Health Services
Reading Borough Council,16/07/2025,248549,78398,VOYAGE CARE,LD Residential,8140.68,Third Party Payments          -,Purchased Care,RBC Mosaic Invoice,R5742,Directorate of Social Care and Health Services
Reading Borough Council,16/07/2025,248551,78398,VOYAGE CARE,LD Residential,7730.28,Third Party Payments          -,Purchased Care,RBC Mosaic Invoice,R5742,Directorate of Social Care and Health Services
Reading Borough Council,16/07/2025,248552,78398,VOYAGE CARE,LD Residential,6508.4,Third Party Payments          -,Purchased Care,RBC Mosaic Invoice,R5742,Directorate of Social Care and Health Services
Reading Borough Council,16/07/2025,248553,78398,VOYAGE CARE,LD Residential,6508.4,Third Party Payments          -,Purchased Care,RBC Mosaic Invoice,R5742,Directorate of Social Care and Health Services
Reading Borough Council,16/07/2025,248555,78398,VOYAGE CARE,LD Residential,6992.4,Third Party Payments          -,Purchased Care,RBC Mosaic Invoice,R5742,Directorate of Social Care and Health Services
Reading Borough Council,16/07/2025,248561,78398,VOYAGE CARE,LD Residential,9374.2,Third Party Payments          -,Purchased Care,RBC Mosaic Invoice,R5742,Directorate of Social Care and Health Services
Reading Borough Council,16/07/2025,248564,78398,VOYAGE CARE,LD Residential,7502.08,Third Party Payments          -,Purchased Care,RBC Mosaic Invoice,R5742,Directorate of Social Care and Health Services
Reading Borough Council,16/07/2025,248568,78398,VOYAGE CARE,LD Residential,9975.2,Third Party Payments          -,Purchased Care,RBC Mosaic Invoice,R5742,Directorate of Social Care and Health Services
Reading Borough Council,16/07/2025,248581,78398,VOYAGE CARE,LD Residential,6716.68,Third Party Payments          -,Purchased Care,RBC Mosaic Invoice,R5742,Directorate of Social Care and Health Services
Reading Borough Council,16/07/2025,248622,78398,VOYAGE CARE,LD Residential,9291,Third Party Payments          -,Purchased Care,RBC Mosaic Invoice,R5742,Directorate of Social Care and Health Services
Reading Borough Council,16/07/2025,248627,78398,VOYAGE CARE,LD Residential,7293.72,Third Party Payments          -,Purchased Care,RBC Mosaic Invoice,R5742,Directorate of Social Care and Health Services
Reading Borough Council,16/07/2025,248637,78398,VOYAGE CARE,LD Residential,8160.4,Third Party Payments          -,Purchased Care,RBC Mosaic Invoice,R5742,Directorate of Social Care and Health Services
Reading Borough Council,16/07/2025,248638,78398,VOYAGE CARE,Sensory Support Residential,9018.4,Third Party Payments          -,Purchased Care,RBC Mosaic Invoice,R5712,Directorate of Social Care and Health Services
Reading Borough Council,16/07/2025,248640,78398,VOYAGE CARE,Mental Health Residential,4561.84,Third Party Payments          -,Purchased Care,RBC Mosaic Invoice,R5732,Directorate of Social Care and Health Services
Reading Borough Council,16/07/2025,248643,78398,VOYAGE CARE,LD Residential,14099.28,Third Party Payments          -,Purchased Care,RBC Mosaic Invoice,R5742,Directorate of Social Care and Health Services
Reading Borough Council,16/07/2025,248654,78398,VOYAGE CARE,LD Residential,11567.08,Third Party Payments          -,Purchased Care,RBC Mosaic Invoice,R5742,Directorate of Social Care and Health Services
Reading Borough Council,16/07/2025,248687,78398,VOYAGE CARE,LD Residential,17555.76,Third Party Payments          -,Purchased Care,RBC Mosaic Invoice,R5742,Directorate of Social Care and Health Services
Reading Borough Council,16/07/2025,248701,78398,VOYAGE CARE,LD Residential,10565.68,Third Party Payments          -,Purchased Care,RBC Mosaic Invoice,R5742,Directorate of Social Care and Health Services
Reading Borough Council,16/07/2025,248748,78398,VOYAGE CARE,LD Residential,11408.44,Third Party Payments          -,Purchased Care,RBC Mosaic Invoice,R5742,Directorate of Social Care and Health Services
Reading Borough Council,16/07/2025,243041,78399,F MUSA,Coroner,14264.3,Supplies and Services         -,Medical Fees,RBC Standard Invoice,R4605,Directorate of Economic Growth and Neighbourhood Services
Reading Borough Council,16/07/2025,248411,78400,QUALITY CARE PROVIDERS LTD,LD Residential,7548.36,Third Party Payments          -,Purchased Care,RBC Mosaic Invoice,R5742,Directorate of Social Care and Health Services
Reading Borough Council,16/07/2025,248413,78400,QUALITY CARE PROVIDERS LTD,LD Residential,8182.48,Third Party Payments          -,Purchased Care,RBC Mosaic Invoice,R5742,Directorate of Social Care and Health Services
Reading Borough Council,16/07/2025,248545,78400,QUALITY CARE PROVIDERS LTD,LD Residential,12252.56,Third Party Payments          -,Purchased Care,RBC Mosaic Invoice,R5742,Directorate of Social Care and Health Services
Reading Borough Council,16/07/2025,248476,78403,GLOUCESTERSHIRE GROUP HOMES,LD Residential,7134.76,Third Party Payments          -,Purchased Care,RBC Mosaic Invoice,R5742,Directorate of Social Care and Health Services
Reading Borough Council,16/07/2025,248565,78405,CARETECH COMMUNITY SERVICES LTD,LD Residential,10839.48,Third Party Payments          -,Purchased Care,RBC Mosaic Invoice,R5742,Directorate of Social Care and Health Services
Reading Borough Council,16/07/2025,248655,78405,CARETECH COMMUNITY SERVICES LTD,Mental Health Residential,4984.88,Third Party Payments          -,Purchased Care,RBC Mosaic Invoice,R5732,Directorate of Social Care and Health Services
Reading Borough Council,16/07/2025,248368,78409,DEBORAH ORR,JLT Disbursements,2260,Supplies and Services         -,External Legal Services,RBC Standard Invoice,R2407,Directorate of Resources
Reading Borough Council,16/07/2025,248380,78410,HIGH COURT ENFORCEMENT,Housing Benefit Administration,1245.83,Supplies and Services         -,Professional Fees,RBC Standard Invoice,R2265,Directorate of Resources
Reading Borough Council,16/07/2025,248416,78411,LIVABILITY,LD Residential,4999.4,Third Party Payments          -,Purchased Care,RBC Mosaic Invoice,R5742,Directorate of Social Care and Health Services
Reading Borough Council,16/07/2025,248478,78411,LIVABILITY,PS Acquired Residential,6342.28,Third Party Payments          -,Purchased Care,RBC Mosaic Invoice,R5772,Directorate of Social Care and Health Services
Reading Borough Council,16/07/2025,248619,78411,LIVABILITY,PS Lifelong Residential,6342.28,Third Party Payments          -,Purchased Care,RBC Mosaic Invoice,R5782,Directorate of Social Care and Health Services
Reading Borough Council,16/07/2025,243299,78412,DRAIN & ABLE,Corporate Maintenance Services,2160,Third Party Payments          -,Corporate Maintenance Contract,RBC Standard Invoice,R4080,Directorate of Economic Growth and Neighbourhood Services
Reading Borough Council,16/07/2025,248427,78413,YEW TREE LODGE,Mental Health Residential,2783.92,Third Party Payments          -,Purchased Care,RBC Mosaic Invoice,R5732,Directorate of Social Care and Health Services
Reading Borough Council,16/07/2025,248531,78413,YEW TREE LODGE,Mental Health Residential,6340.32,Third Party Payments          -,Purchased Care,RBC Mosaic Invoice,R5732,Directorate of Social Care and Health Services
Reading Borough Council,16/07/2025,248614,78413,YEW TREE LODGE,Mental Health Residential,4607.4,Third Party Payments          -,Purchased Care,RBC Mosaic Invoice,R5732,Directorate of Social Care and Health Services
Reading Borough Council,16/07/2025,248679,78413,YEW TREE LODGE,Mental Health Residential,6340.32,Third Party Payments          -,Purchased Care,RBC Mosaic Invoice,R5732,Directorate of Social Care and Health Services
Reading Borough Council,16/07/2025,247996,78415,ST MUNGO'S COMMUNITY HOUSING ASSOCIATION,Single Homelessness Grants,28083.33,Supplies and Services         -,Preventative & Support Svces,RBC Standard Invoice,R5860,Directorate of Economic Growth and Neighbourhood Services
Reading Borough Council,16/07/2025,247997,78415,ST MUNGO'S COMMUNITY HOUSING ASSOCIATION,Single Homelessness Grants,56083.33,Supplies and Services         -,Preventative & Support Svces,RBC Standard Invoice,R5860,Directorate of Economic Growth and Neighbourhood Services
Reading Borough Council,16/07/2025,248837,78416,ALLPAY.NET.LTD,LD Community Services,890.68,Third Party Payments          -,Purchased Care,RBC Mosaic Invoice,R5741,Directorate of Social Care and Health Services
Reading Borough Council,16/07/2025,248838,78416,ALLPAY.NET.LTD,PS Acquired Community Services,1822.56,Income                        -,Non Residential Client Contn,RBC Mosaic Invoice,R5771,Directorate of Social Care and Health Services
Reading Borough Council,16/07/2025,248839,78416,ALLPAY.NET.LTD,PS Acquired Community Services,808.32,Income                        -,Non Residential Client Contn,RBC Mosaic Invoice,R5771,Directorate of Social Care and Health Services
Reading Borough Council,16/07/2025,248842,78416,ALLPAY.NET.LTD,PS Acquired Community Services,966.4,Third Party Payments          -,Purchased Care,RBC Mosaic Invoice,R5771,Directorate of Social Care and Health Services
Reading Borough Council,16/07/2025,248844,78416,ALLPAY.NET.LTD,PS Acquired Community Services,1698.84,Income                        -,Non Residential Client Contn,RBC Mosaic Invoice,R5771,Directorate of Social Care and Health Services
Reading Borough Council,16/07/2025,248846,78416,ALLPAY.NET.LTD,LD Community Services,2236.2,Third Party Payments          -,Purchased Care,RBC Mosaic Invoice,R5741,Directorate of Social Care and Health Services
Reading Borough Council,16/07/2025,248851,78416,ALLPAY.NET.LTD,PS Acquired Community Services,2258.88,Third Party Payments          -,Purchased Care,RBC Mosaic Invoice,R5771,Directorate of Social Care and Health Services
Reading Borough Council,16/07/2025,248853,78416,ALLPAY.NET.LTD,LD Community Services,1909.8,Third Party Payments          -,Purchased Care,RBC Mosaic Invoice,R5741,Directorate of Social Care and Health Services
Reading Borough Council,16/07/2025,248854,78416,ALLPAY.NET.LTD,Support to Carers,606.8,Third Party Payments          -,Purchased Care,RBC Mosaic Invoice,R5301,Directorate of Social Care and Health Services
Reading Borough Council,16/07/2025,248857,78416,ALLPAY.NET.LTD,PS Acquired Community Services,3682.32,Income                        -,Non Residential Client Contn,RBC Mosaic Invoice,R5771,Directorate of Social Care and Health Services
Reading Borough Council,16/07/2025,248858,78416,ALLPAY.NET.LTD,PS Acquired Community Services,1483,Income                        -,Non Residential Client Contn,RBC Mosaic Invoice,R5771,Directorate of Social Care and Health Services
Reading Borough Council,16/07/2025,248866,78416,ALLPAY.NET.LTD,PS Acquired Community Services,606.32,Income                        -,Non Residential Client Contn,RBC Mosaic Invoice,R5771,Directorate of Social Care and Health Services
Reading Borough Council,16/07/2025,248867,78416,ALLPAY.NET.LTD,LD Community Services,3399.2,Third Party Payments          -,Purchased Care,RBC Mosaic Invoice,R5741,Directorate of Social Care and Health Services
Reading Borough Council,16/07/2025,248869,78416,ALLPAY.NET.LTD,PS Acquired Community Services,2084.4,Third Party Payments          -,Purchased Care,RBC Mosaic Invoice,R5771,Directorate of Social Care and Health Services
Reading Borough Council,16/07/2025,248871,78416,ALLPAY.NET.LTD,PS Acquired Community Services,648.48,Third Party Payments          -,Purchased Care,RBC Mosaic Invoice,R5771,Directorate of Social Care and Health Services
Reading Borough Council,16/07/2025,248875,78416,ALLPAY.NET.LTD,LD Community Services,8855.23,Third Party Payments          -,Purchased Care,RBC Mosaic Invoice,R5741,Directorate of Social Care and Health Services
Reading Borough Council,16/07/2025,248877,78416,ALLPAY.NET.LTD,PS Acquired Community Services,3692.4,Third Party Payments          -,Purchased Care,RBC Mosaic Invoice,R5771,Directorate of Social Care and Health Services
Reading Borough Council,16/07/2025,248878,78416,ALLPAY.NET.LTD,PS Acquired Community Services,1462.44,Income                        -,Non Residential Client Contn,RBC Mosaic Invoice,R5771,Directorate of Social Care and Health Services
Reading Borough Council,16/07/2025,248879,78416,ALLPAY.NET.LTD,PS Acquired Community Services,1471.32,Third Party Payments          -,Purchased Care,RBC Mosaic Invoice,R5771,Directorate of Social Care and Health Services
Reading Borough Council,16/07/2025,248880,78416,ALLPAY.NET.LTD,PS Acquired Community Services,1331.2,Third Party Payments          -,Purchased Care,RBC Mosaic Invoice,R5771,Directorate of Social Care and Health Services
Reading Borough Council,16/07/2025,248885,78416,ALLPAY.NET.LTD,LD Community Services,2086.36,Third Party Payments          -,Purchased Care,RBC Mosaic Invoice,R5741,Directorate of Social Care and Health Services
Reading Borough Council,16/07/2025,248888,78416,ALLPAY.NET.LTD,LD Community Services,3720,Third Party Payments          -,Purchased Care,RBC Mosaic Invoice,R5741,Directorate of Social Care and Health Services
Reading Borough Council,16/07/2025,248891,78416,ALLPAY.NET.LTD,LD Community Services,1367.56,Third Party Payments          -,Purchased Care,RBC Mosaic Invoice,R5741,Directorate of Social Care and Health Services
Reading Borough Council,16/07/2025,248893,78416,ALLPAY.NET.LTD,LD Community Services,2384.4,Third Party Payments          -,Purchased Care,RBC Mosaic Invoice,R5741,Directorate of Social Care and Health Services
Reading Borough Council,16/07/2025,248897,78416,ALLPAY.NET.LTD,M&C Acquired Community Service,1560.16,Third Party Payments          -,Purchased Care,RBC Mosaic Invoice,R5751,Directorate of Social Care and Health Services
Reading Borough Council,16/07/2025,248898,78416,ALLPAY.NET.LTD,LD Community Services,4316.72,Third Party Payments          -,Purchased Care,RBC Mosaic Invoice,R5741,Directorate of Social Care and Health Services
Reading Borough Council,16/07/2025,248899,78416,ALLPAY.NET.LTD,PS Lifelong Community Services,1260.16,Income                        -,Non Residential Client Contn,RBC Mosaic Invoice,R5781,Directorate of Social Care and Health Services
Reading Borough Council,16/07/2025,248900,78416,ALLPAY.NET.LTD,PS Acquired Community Services,1715.64,Income                        -,Non Residential Client Contn,RBC Mosaic Invoice,R5771,Directorate of Social Care and Health Services
Reading Borough Council,16/07/2025,248902,78416,ALLPAY.NET.LTD,PS Acquired Community Services,1920.24,Third Party Payments          -,Purchased Care,RBC Mosaic Invoice,R5771,Directorate of Social Care and Health Services
Reading Borough Council,16/07/2025,248904,78416,ALLPAY.NET.LTD,LD Community Services,751.52,Third Party Payments          -,Purchased Care,RBC Mosaic Invoice,R5741,Directorate of Social Care and Health Services
Reading Borough Council,16/07/2025,248905,78416,ALLPAY.NET.LTD,LD Community Services,1980,Third Party Payments          -,Purchased Care,RBC Mosaic Invoice,R5741,Directorate of Social Care and Health Services
Reading Borough Council,16/07/2025,248906,78416,ALLPAY.NET.LTD,LD Community Services,3052.44,Third Party Payments          -,Purchased Care,RBC Mosaic Invoice,R5741,Directorate of Social Care and Health Services
Reading Borough Council,16/07/2025,248907,78416,ALLPAY.NET.LTD,LD Community Services,2306.15,Third Party Payments          -,Purchased Care,RBC Mosaic Invoice,R5741,Directorate of Social Care and Health Services
Reading Borough Council,16/07/2025,248908,78416,ALLPAY.NET.LTD,LD Community Services,727.72,Third Party Payments          -,Purchased Care,RBC Mosaic Invoice,R5741,Directorate of Social Care and Health Services
Reading Borough Council,16/07/2025,248909,78416,ALLPAY.NET.LTD,LD Community Services,8953.52,Third Party Payments          -,Purchased Care,RBC Mosaic Invoice,R5741,Directorate of Social Care and Health Services
Reading Borough Council,16/07/2025,248912,78416,ALLPAY.NET.LTD,LD Community Services,4194.92,Third Party Payments          -,Purchased Care,RBC Mosaic Invoice,R5741,Directorate of Social Care and Health Services
Reading Borough Council,16/07/2025,248913,78416,ALLPAY.NET.LTD,LD Community Services,3870.2,Third Party Payments          -,Purchased Care,RBC Mosaic Invoice,R5741,Directorate of Social Care and Health Services
Reading Borough Council,16/07/2025,248915,78416,ALLPAY.NET.LTD,LD Community Services,1200.76,Third Party Payments          -,Purchased Care,RBC Mosaic Invoice,R5741,Directorate of Social Care and Health Services
Reading Borough Council,16/07/2025,248918,78416,ALLPAY.NET.LTD,PS Acquired Community Services,3728.12,Income                        -,Non Residential Client Contn,RBC Mosaic Invoice,R5771,Directorate of Social Care and Health Services
Reading Borough Council,16/07/2025,248919,78416,ALLPAY.NET.LTD,LD Community Services,2185.12,Third Party Payments          -,Purchased Care,RBC Mosaic Invoice,R5741,Directorate of Social Care and Health Services
Reading Borough Council,16/07/2025,248921,78416,ALLPAY.NET.LTD,LD Community Services,4931.12,Third Party Payments          -,Purchased Care,RBC Mosaic Invoice,R5741,Directorate of Social Care and Health Services
Reading Borough Council,16/07/2025,248923,78416,ALLPAY.NET.LTD,Social Support,673.12,Third Party Payments          -,Purchased Care,RBC Mosaic Invoice,R5790,Directorate of Social Care and Health Services
Reading Borough Council,16/07/2025,248925,78416,ALLPAY.NET.LTD,LD Community Services,1297.48,Third Party Payments          -,Purchased Care,RBC Mosaic Invoice,R5741,Directorate of Social Care and Health Services
Reading Borough Council,16/07/2025,248930,78416,ALLPAY.NET.LTD,LD Community Services,662,Third Party Payments          -,Purchased Care,RBC Mosaic Invoice,R5741,Directorate of Social Care and Health Services
Reading Borough Council,16/07/2025,248932,78416,ALLPAY.NET.LTD,PS Acquired Community Services,1514.52,Third Party Payments          -,Purchased Care,RBC Mosaic Invoice,R5771,Directorate of Social Care and Health Services
Reading Borough Council,16/07/2025,248946,78416,ALLPAY.NET.LTD,LD Community Services,2112.36,Third Party Payments          -,Purchased Care,RBC Mosaic Invoice,R5741,Directorate of Social Care and Health Services
Reading Borough Council,16/07/2025,248948,78416,ALLPAY.NET.LTD,LD Community Services,1674.16,Third Party Payments          -,Purchased Care,RBC Mosaic Invoice,R5741,Directorate of Social Care and Health Services
Reading Borough Council,16/07/2025,248951,78416,ALLPAY.NET.LTD,LD Community Services,1610.68,Third Party Payments          -,Purchased Care,RBC Mosaic Invoice,R5741,Directorate of Social Care and Health Services
Reading Borough Council,16/07/2025,248952,78416,ALLPAY.NET.LTD,PS Acquired Community Services,1621.2,Third Party Payments          -,Purchased Care,RBC Mosaic Invoice,R5771,Directorate of Social Care and Health Services
Reading Borough Council,16/07/2025,248955,78416,ALLPAY.NET.LTD,LD Community Services,7917.67,Third Party Payments          -,Purchased Care,RBC Mosaic Invoice,R5741,Directorate of Social Care and Health Services
Reading Borough Council,16/07/2025,248958,78416,ALLPAY.NET.LTD,PS Acquired Community Services,734.52,Third Party Payments          -,Purchased Care,RBC Mosaic Invoice,R5771,Directorate of Social Care and Health Services
Reading Borough Council,16/07/2025,248961,78416,ALLPAY.NET.LTD,LD Community Services,5927.04,Third Party Payments          -,Purchased Care,RBC Mosaic Invoice,R5741,Directorate of Social Care and Health Services
Reading Borough Council,16/07/2025,248965,78416,ALLPAY.NET.LTD,LD Community Services,1877.88,Third Party Payments          -,Purchased Care,RBC Mosaic Invoice,R5741,Directorate of Social Care and Health Services
Reading Borough Council,16/07/2025,248966,78416,ALLPAY.NET.LTD,PS Acquired Community Services,1431,Third Party Payments          -,Purchased Care,RBC Mosaic Invoice,R5771,Directorate of Social Care and Health Services
Reading Borough Council,16/07/2025,248969,78416,ALLPAY.NET.LTD,PS Acquired Community Services,1043.6,Income                        -,Non Residential Client Contn,RBC Mosaic Invoice,R5771,Directorate of Social Care and Health Services
Reading Borough Council,16/07/2025,248979,78416,ALLPAY.NET.LTD,LD Community Services,1059,Third Party Payments          -,Purchased Care,RBC Mosaic Invoice,R5741,Directorate of Social Care and Health Services
Reading Borough Council,16/07/2025,248982,78416,ALLPAY.NET.LTD,LD Community Services,3627.12,Third Party Payments          -,Purchased Care,RBC Mosaic Invoice,R5741,Directorate of Social Care and Health Services
Reading Borough Council,16/07/2025,248986,78416,ALLPAY.NET.LTD,LD Community Services,15113.68,Third Party Payments          -,Purchased Care,RBC Mosaic Invoice,R5741,Directorate of Social Care and Health Services
Reading Borough Council,16/07/2025,248987,78416,ALLPAY.NET.LTD,LD Community Services,848.16,Third Party Payments          -,Purchased Care,RBC Mosaic Invoice,R5741,Directorate of Social Care and Health Services
Reading Borough Council,16/07/2025,248988,78416,ALLPAY.NET.LTD,LD Community Services,562.12,Third Party Payments          -,Purchased Care,RBC Mosaic Invoice,R5741,Directorate of Social Care and Health Services
Reading Borough Council,16/07/2025,248995,78416,ALLPAY.NET.LTD,PS Acquired Community Services,3438.72,Income                        -,Non Residential Client Contn,RBC Mosaic Invoice,R5771,Directorate of Social Care and Health Services
Reading Borough Council,16/07/2025,248996,78416,ALLPAY.NET.LTD,LD Community Services,4044.44,Third Party Payments          -,Purchased Care,RBC Mosaic Invoice,R5741,Directorate of Social Care and Health Services
Reading Borough Council,16/07/2025,248999,78416,ALLPAY.NET.LTD,PS Acquired Community Services,980,Third Party Payments          -,Purchased Care,RBC Mosaic Invoice,R5771,Directorate of Social Care and Health Services
Reading Borough Council,16/07/2025,249000,78416,ALLPAY.NET.LTD,LD Community Services,3614.68,Third Party Payments          -,Purchased Care,RBC Mosaic Invoice,R5741,Directorate of Social Care and Health Services
Reading Borough Council,16/07/2025,249003,78416,ALLPAY.NET.LTD,PS Acquired Community Services,3330.72,Income                        -,Non Residential Client Contn,RBC Mosaic Invoice,R5771,Directorate of Social Care and Health Services
Reading Borough Council,16/07/2025,249005,78416,ALLPAY.NET.LTD,PS Acquired Community Services,608.16,Third Party Payments          -,Purchased Care,RBC Mosaic Invoice,R5771,Directorate of Social Care and Health Services
Reading Borough Council,16/07/2025,249006,78416,ALLPAY.NET.LTD,PS Acquired Community Services,1627,Income                        -,Non Residential Client Contn,RBC Mosaic Invoice,R5771,Directorate of Social Care and Health Services
Reading Borough Council,16/07/2025,249011,78416,ALLPAY.NET.LTD,LD Community Services,576,Third Party Payments          -,Purchased Care,RBC Mosaic Invoice,R5741,Directorate of Social Care and Health Services
Reading Borough Council,16/07/2025,249013,78416,ALLPAY.NET.LTD,LD Community Services,1048.8,Third Party Payments          -,Purchased Care,RBC Mosaic Invoice,R5741,Directorate of Social Care and Health Services
Reading Borough Council,16/07/2025,249014,78416,ALLPAY.NET.LTD,LD Community Services,555.8,Third Party Payments          -,Purchased Care,RBC Mosaic Invoice,R5741,Directorate of Social Care and Health Services
Reading Borough Council,16/07/2025,249015,78416,ALLPAY.NET.LTD,LD Community Services,8915.2,Third Party Payments          -,Purchased Care,RBC Mosaic Invoice,R5741,Directorate of Social Care and Health Services
Reading Borough Council,16/07/2025,249016,78416,ALLPAY.NET.LTD,LD Community Services,1546.16,Third Party Payments          -,Purchased Care,RBC Mosaic Invoice,R5741,Directorate of Social Care and Health Services
Reading Borough Council,16/07/2025,249017,78416,ALLPAY.NET.LTD,LD Community Services,780.8,Third Party Payments          -,Purchased Care,RBC Mosaic Invoice,R5741,Directorate of Social Care and Health Services
Reading Borough Council,16/07/2025,249018,78416,ALLPAY.NET.LTD,PS Acquired Community Services,760.2,Third Party Payments          -,Purchased Care,RBC Mosaic Invoice,R5771,Directorate of Social Care and Health Services
Reading Borough Council,16/07/2025,249021,78416,ALLPAY.NET.LTD,PS Acquired Community Services,1631.4,Third Party Payments          -,Purchased Care,RBC Mosaic Invoice,R5771,Directorate of Social Care and Health Services
Reading Borough Council,16/07/2025,249028,78416,ALLPAY.NET.LTD,PS Acquired Community Services,1710.28,Third Party Payments          -,Purchased Care,RBC Mosaic Invoice,R5771,Directorate of Social Care and Health Services
Reading Borough Council,16/07/2025,249029,78416,ALLPAY.NET.LTD,LD Community Services,1914,Third Party Payments          -,Purchased Care,RBC Mosaic Invoice,R5741,Directorate of Social Care and Health Services
Reading Borough Council,16/07/2025,249030,78416,ALLPAY.NET.LTD,LD Community Services,5122.76,Third Party Payments          -,Purchased Care,RBC Mosaic Invoice,R5741,Directorate of Social Care and Health Services
Reading Borough Council,16/07/2025,249033,78416,ALLPAY.NET.LTD,LD Community Services,1306.8,Third Party Payments          -,Purchased Care,RBC Mosaic Invoice,R5741,Directorate of Social Care and Health Services
Reading Borough Council,16/07/2025,249035,78416,ALLPAY.NET.LTD,PS Acquired Community Services,1983.12,Income                        -,Non Residential Client Contn,RBC Mosaic Invoice,R5771,Directorate of Social Care and Health Services
Reading Borough Council,16/07/2025,249036,78416,ALLPAY.NET.LTD,LD Community Services,1297.16,Third Party Payments          -,Purchased Care,RBC Mosaic Invoice,R5741,Directorate of Social Care and Health Services
Reading Borough Council,16/07/2025,249037,78416,ALLPAY.NET.LTD,Sensory Support Community Serv,2310.2,Income                        -,Non Residential Client Contn,RBC Mosaic Invoice,R5711,Directorate of Social Care and Health Services
Reading Borough Council,16/07/2025,249038,78416,ALLPAY.NET.LTD,PS Acquired Community Services,3091.54,Income                        -,Non Residential Client Contn,RBC Mosaic Invoice,R5771,Directorate of Social Care and Health Services
Reading Borough Council,16/07/2025,249039,78416,ALLPAY.NET.LTD,PS Acquired Community Services,599.12,Income                        -,Non Residential Client Contn,RBC Mosaic Invoice,R5771,Directorate of Social Care and Health Services
Reading Borough Council,16/07/2025,249042,78416,ALLPAY.NET.LTD,LD Community Services,748.56,Third Party Payments          -,Purchased Care,RBC Mosaic Invoice,R5741,Directorate of Social Care and Health Services
Reading Borough Council,16/07/2025,249043,78416,ALLPAY.NET.LTD,PS Acquired Community Services,5984,Third Party Payments          -,Purchased Care,RBC Mosaic Invoice,R5771,Directorate of Social Care and Health Services
Reading Borough Council,16/07/2025,249044,78416,ALLPAY.NET.LTD,PS Acquired Community Services,1212.24,Third Party Payments          -,Purchased Care,RBC Mosaic Invoice,R5771,Directorate of Social Care and Health Services
Reading Borough Council,16/07/2025,249046,78416,ALLPAY.NET.LTD,LD Community Services,1028.92,Third Party Payments          -,Purchased Care,RBC Mosaic Invoice,R5741,Directorate of Social Care and Health Services
Reading Borough Council,16/07/2025,249056,78416,ALLPAY.NET.LTD,PS Acquired Community Services,7407.4,Third Party Payments          -,Purchased Care,RBC Mosaic Invoice,R5771,Directorate of Social Care and Health Services
Reading Borough Council,16/07/2025,249059,78416,ALLPAY.NET.LTD,PS Lifelong Community Services,744.2,Third Party Payments          -,Purchased Care,RBC Mosaic Invoice,R5781,Directorate of Social Care and Health Services
Reading Borough Council,16/07/2025,249060,78416,ALLPAY.NET.LTD,LD Community Services,1720.8,Third Party Payments          -,Purchased Care,RBC Mosaic Invoice,R5741,Directorate of Social Care and Health Services
Reading Borough Council,16/07/2025,249063,78416,ALLPAY.NET.LTD,PS Acquired Community Services,2390.36,Income                        -,Non Residential Client Contn,RBC Mosaic Invoice,R5771,Directorate of Social Care and Health Services
Reading Borough Council,16/07/2025,249066,78416,ALLPAY.NET.LTD,LD Community Services,554.04,Third Party Payments          -,Purchased Care,RBC Mosaic Invoice,R5741,Directorate of Social Care and Health Services
Reading Borough Council,16/07/2025,249067,78416,ALLPAY.NET.LTD,LD Community Services,4536.28,Third Party Payments          -,Purchased Care,RBC Mosaic Invoice,R5741,Directorate of Social Care and Health Services
Reading Borough Council,16/07/2025,249070,78416,ALLPAY.NET.LTD,PS Lifelong Community Services,2891.2,Third Party Payments          -,Purchased Care,RBC Mosaic Invoice,R5781,Directorate of Social Care and Health Services
Reading Borough Council,16/07/2025,249073,78416,ALLPAY.NET.LTD,LD Community Services,634.36,Third Party Payments          -,Purchased Care,RBC Mosaic Invoice,R5741,Directorate of Social Care and Health Services
Reading Borough Council,16/07/2025,249074,78416,ALLPAY.NET.LTD,LD Community Services,5361.6,Third Party Payments          -,Purchased Care,RBC Mosaic Invoice,R5741,Directorate of Social Care and Health Services
Reading Borough Council,16/07/2025,249075,78416,ALLPAY.NET.LTD,PS Acquired Community Services,3866.96,Income                        -,Non Residential Client Contn,RBC Mosaic Invoice,R5771,Directorate of Social Care and Health Services
Reading Borough Council,16/07/2025,249077,78416,ALLPAY.NET.LTD,PS Acquired Community Services,1047.56,Third Party Payments          -,Purchased Care,RBC Mosaic Invoice,R5771,Directorate of Social Care and Health Services
Reading Borough Council,16/07/2025,249081,78416,ALLPAY.NET.LTD,LD Community Services,1222.44,Third Party Payments          -,Purchased Care,RBC Mosaic Invoice,R5741,Directorate of Social Care and Health Services
Reading Borough Council,16/07/2025,249083,78416,ALLPAY.NET.LTD,PS Acquired Community Services,527.52,Income                        -,Non Residential Client Contn,RBC Mosaic Invoice,R5771,Directorate of Social Care and Health Services
Reading Borough Council,16/07/2025,249088,78416,ALLPAY.NET.LTD,PS Acquired Community Services,589.6,Income                        -,Non Residential Client Contn,RBC Mosaic Invoice,R5771,Directorate of Social Care and Health Services
Reading Borough Council,16/07/2025,249090,78416,ALLPAY.NET.LTD,LD Community Services,1270.84,Third Party Payments          -,Purchased Care,RBC Mosaic Invoice,R5741,Directorate of Social Care and Health Services
Reading Borough Council,16/07/2025,249095,78416,ALLPAY.NET.LTD,PS Acquired Community Services,2100,Third Party Payments          -,Purchased Care,RBC Mosaic Invoice,R5771,Directorate of Social Care and Health Services
Reading Borough Council,16/07/2025,249097,78416,ALLPAY.NET.LTD,PS Acquired Community Services,1595.76,Income                        -,Non Residential Client Contn,RBC Mosaic Invoice,R5771,Directorate of Social Care and Health Services
Reading Borough Council,16/07/2025,249100,78416,ALLPAY.NET.LTD,PS Acquired Community Services,1292.04,Income                        -,Non Residential Client Contn,RBC Mosaic Invoice,R5771,Directorate of Social Care and Health Services
Reading Borough Council,16/07/2025,249101,78416,ALLPAY.NET.LTD,LD Community Services,1560.92,Third Party Payments          -,Purchased Care,RBC Mosaic Invoice,R5741,Directorate of Social Care and Health Services
Reading Borough Council,16/07/2025,249102,78416,ALLPAY.NET.LTD,LD Community Services,2206.92,Third Party Payments          -,Purchased Care,RBC Mosaic Invoice,R5741,Directorate of Social Care and Health Services
Reading Borough Council,16/07/2025,249105,78416,ALLPAY.NET.LTD,LD Community Services,1112.84,Third Party Payments          -,Purchased Care,RBC Mosaic Invoice,R5741,Directorate of Social Care and Health Services
Reading Borough Council,16/07/2025,249107,78416,ALLPAY.NET.LTD,PS Acquired Community Services,615.24,Income                        -,Non Residential Client Contn,RBC Mosaic Invoice,R5771,Directorate of Social Care and Health Services
Reading Borough Council,16/07/2025,249109,78416,ALLPAY.NET.LTD,PS Acquired Community Services,10060,Third Party Payments          -,Purchased Care,RBC Mosaic Invoice,R5771,Directorate of Social Care and Health Services
Reading Borough Council,16/07/2025,249111,78416,ALLPAY.NET.LTD,LD Community Services,4764.96,Third Party Payments          -,Purchased Care,RBC Mosaic Invoice,R5741,Directorate of Social Care and Health Services
Reading Borough Council,16/07/2025,249112,78416,ALLPAY.NET.LTD,PS Acquired Community Services,3536.6,Income                        -,Non Residential Client Contn,RBC Mosaic Invoice,R5771,Directorate of Social Care and Health Services
Reading Borough Council,16/07/2025,249117,78416,ALLPAY.NET.LTD,LD Community Services,2786.92,Third Party Payments          -,Purchased Care,RBC Mosaic Invoice,R5741,Directorate of Social Care and Health Services
Reading Borough Council,16/07/2025,249121,78416,ALLPAY.NET.LTD,Mental Health Community Servic,1689.24,Third Party Payments          -,Purchased Care,RBC Mosaic Invoice,R5731,Directorate of Social Care and Health Services
Reading Borough Council,16/07/2025,249125,78416,ALLPAY.NET.LTD,PS Acquired Community Services,1435.76,Income                        -,Non Residential Client Contn,RBC Mosaic Invoice,R5771,Directorate of Social Care and Health Services
Reading Borough Council,16/07/2025,249127,78416,ALLPAY.NET.LTD,PS Acquired Community Services,7424.4,Income                        -,Non Residential Client Contn,RBC Mosaic Invoice,R5771,Directorate of Social Care and Health Services
Reading Borough Council,16/07/2025,249128,78416,ALLPAY.NET.LTD,PS Acquired Community Services,1459.08,Third Party Payments          -,Purchased Care,RBC Mosaic Invoice,R5771,Directorate of Social Care and Health Services
Reading Borough Council,16/07/2025,249130,78416,ALLPAY.NET.LTD,PS Acquired Community Services,5276.84,Income                        -,Non Residential Client Contn,RBC Mosaic Invoice,R5771,Directorate of Social Care and Health Services
Reading Borough Council,16/07/2025,249134,78416,ALLPAY.NET.LTD,PS Acquired Community Services,1733.72,Third Party Payments          -,Purchased Care,RBC Mosaic Invoice,R5771,Directorate of Social Care and Health Services
Reading Borough Council,16/07/2025,248855,78417,ENHAM TRUST,LD Community Services,1722.12,Third Party Payments          -,Purchased Care,RBC Mosaic Invoice,R5741,Directorate of Social Care and Health Services
Reading Borough Council,16/07/2025,249024,78417,ENHAM TRUST,LD Community Services,1102.8,Third Party Payments          -,Purchased Care,RBC Mosaic Invoice,R5741,Directorate of Social Care and Health Services
Reading Borough Council,16/07/2025,248487,78418,BROOK HOUSE RESIDENTIAL CARE HOME LTD,Mental Health Residential,4074.4,Third Party Payments          -,Purchased Care,RBC Mosaic Invoice,R5732,Directorate of Social Care and Health Services
Reading Borough Council,16/07/2025,248485,78419,DOWNSHIRE HOUSE,LD Residential,4525.12,Third Party Payments          -,Purchased Care,RBC Mosaic Invoice,R5742,Directorate of Social Care and Health Services
Reading Borough Council,16/07/2025,248523,78419,DOWNSHIRE HOUSE,LD Residential,5688.8,Third Party Payments          -,Purchased Care,RBC Mosaic Invoice,R5742,Directorate of Social Care and Health Services
Reading Borough Council,16/07/2025,248524,78419,DOWNSHIRE HOUSE,LD Residential,4985.8,Third Party Payments          -,Purchased Care,RBC Mosaic Invoice,R5742,Directorate of Social Care and Health Services
Reading Borough Council,16/07/2025,248602,78419,DOWNSHIRE HOUSE,LD Residential,7563.48,Third Party Payments          -,Purchased Care,RBC Mosaic Invoice,R5742,Directorate of Social Care and Health Services
Reading Borough Council,16/07/2025,248663,78419,DOWNSHIRE HOUSE,LD Residential,17093,Third Party Payments          -,Purchased Care,RBC Mosaic Invoice,R5742,Directorate of Social Care and Health Services
Reading Borough Council,16/07/2025,248633,78420,N NOTARO HOMES LTD,PS Acquired Residential,3527.6,Third Party Payments          -,Purchased Care,RBC Mosaic Invoice,R5772,Directorate of Social Care and Health Services
Reading Borough Council,16/07/2025,248634,78420,N NOTARO HOMES LTD,PS Acquired Residential,3682.88,Third Party Payments          -,Purchased Care,RBC Mosaic Invoice,R5772,Directorate of Social Care and Health Services
Reading Borough Council,16/07/2025,248421,78421,CHOICE CARE GROUP,LD Residential,10244.64,Third Party Payments          -,Purchased Care,RBC Mosaic Invoice,R5742,Directorate of Social Care and Health Services
Reading Borough Council,16/07/2025,248472,78421,CHOICE CARE GROUP,LD Residential,8749.56,Third Party Payments          -,Purchased Care,RBC Mosaic Invoice,R5742,Directorate of Social Care and Health Services
Reading Borough Council,16/07/2025,248371,78423,RES SYSTEMS LTD,Events & Engagement,564,Supplies and Services         -,Special Activities,RBC Standard Invoice,R2080,Chief Executive
Reading Borough Council,16/07/2025,248695,78425,LIFE CARE CORPORATION LTD,M&C Acquired Residential,4279.28,Third Party Payments          -,Purchased Care,RBC Mosaic Invoice,R5752,Directorate of Social Care and Health Services
Reading Borough Council,16/07/2025,248705,78425,LIFE CARE CORPORATION LTD,LD Residential,3915.2,Third Party Payments          -,Purchased Care,RBC Mosaic Invoice,R5742,Directorate of Social Care and Health Services
Reading Borough Council,16/07/2025,248732,78425,LIFE CARE CORPORATION LTD,PS Acquired Residential,3821.48,Third Party Payments          -,Purchased Care,RBC Mosaic Invoice,R5772,Directorate of Social Care and Health Services
Reading Borough Council,16/07/2025,248761,78425,LIFE CARE CORPORATION LTD,PS Acquired Residential,4246.08,Third Party Payments          -,Purchased Care,RBC Mosaic Invoice,R5772,Directorate of Social Care and Health Services
Reading Borough Council,16/07/2025,248802,78425,LIFE CARE CORPORATION LTD,PS Acquired Residential,4160.44,Third Party Payments          -,Purchased Care,RBC Mosaic Invoice,R5772,Directorate of Social Care and Health Services
Reading Borough Council,16/07/2025,248804,78425,LIFE CARE CORPORATION LTD,PS Acquired Residential,47999.4,Third Party Payments          -,Purchased Care,RBC Mosaic Invoice,R5772,Directorate of Social Care and Health Services
Reading Borough Council,16/07/2025,248816,78425,LIFE CARE CORPORATION LTD,PS Acquired Residential,3629.92,Third Party Payments          -,Purchased Care,RBC Mosaic Invoice,R5772,Directorate of Social Care and Health Services
Reading Borough Council,16/07/2025,248818,78425,LIFE CARE CORPORATION LTD,M&C Acquired Residential,4038.92,Third Party Payments          -,Purchased Care,RBC Mosaic Invoice,R5752,Directorate of Social Care and Health Services
Reading Borough Council,16/07/2025,248819,78425,LIFE CARE CORPORATION LTD,M&C Acquired Residential,3789.12,Third Party Payments          -,Purchased Care,RBC Mosaic Invoice,R5752,Directorate of Social Care and Health Services
Reading Borough Council,16/07/2025,248820,78425,LIFE CARE CORPORATION LTD,M&C Acquired Residential,5092.52,Third Party Payments          -,Purchased Care,RBC Mosaic Invoice,R5752,Directorate of Social Care and Health Services
Reading Borough Council,16/07/2025,248834,78425,LIFE CARE CORPORATION LTD,PS Acquired Residential,1250,Third Party Payments          -,Respite Care,RBC Mosaic Invoice,R5772,Directorate of Social Care and Health Services
Reading Borough Council,16/07/2025,248493,78426,MARNEL LODGE,M&C Acquired Nursing,2023.12,Third Party Payments          -,Purchased Care,RBC Mosaic Invoice,R5753,Directorate of Social Care and Health Services
Reading Borough Council,16/07/2025,248527,78426,MARNEL LODGE,PS Acquired Residential,7536.88,Third Party Payments          -,Purchased Care,RBC Mosaic Invoice,R5772,Directorate of Social Care and Health Services
Reading Borough Council,16/07/2025,248559,78427,HC-ONE OVAL LTD,PS Acquired Nursing,3069.8,Third Party Payments          -,Purchased Care,RBC Mosaic Invoice,R5773,Directorate of Social Care and Health Services
Reading Borough Council,16/07/2025,248483,78430,ALEXANDRA HOMES (BRISTOL) LTD,Mental Health Residential,2860,Third Party Payments          -,Purchased Care,RBC Mosaic Invoice,R5732,Directorate of Social Care and Health Services
Reading Borough Council,16/07/2025,248563,78432,GLYNDERWEN HOUSE,LD Residential,12239.56,Third Party Payments          -,Purchased Care,RBC Mosaic Invoice,R5742,Directorate of Social Care and Health Services
Reading Borough Council,16/07/2025,205130,78434,FAROL LTD,Replacement Vehicles,25895,Capital                       -,Vehicles,RBC Standard Invoice,C8270,Capital
Reading Borough Council,16/07/2025,249622,78434,FAROL LTD,Replacement Vehicles,25895,Capital                       -,Vehicles,RBC Refunds Manual Entry,C8270,Capital
Reading Borough Council,16/07/2025,248456,78435,THE ADVOCACY PEOPLE,Advocacy,10331.36,Third Party Payments          -,Other Social Care Support,RBC Mosaic Invoice,R5303,Directorate of Social Care and Health Services
Reading Borough Council,16/07/2025,248500,78438,ROYLE CARE LTD,PS Acquired Community Services,9264,Third Party Payments          -,Purchased Care,RBC Mosaic Invoice,R5771,Directorate of Social Care and Health Services
Reading Borough Council,16/07/2025,245491,78440,DR LIONEL J DEAN,Crematorium,1530,Supplies and Services         -,Medical Fees,Invoice,R4606,Directorate of Resources
Reading Borough Council,16/07/2025,248477,78441,REACH LTD,LD Residential,7608.64,Third Party Payments          -,Purchased Care,RBC Mosaic Invoice,R5742,Directorate of Social Care and Health Services
Reading Borough Council,16/07/2025,248443,78442,APPLEHILL,Mental Health Nursing,3867.32,Third Party Payments          -,Purchased Care,RBC Mosaic Invoice,R5733,Directorate of Social Care and Health Services
Reading Borough Council,16/07/2025,248579,78442,APPLEHILL,PS Acquired Nursing,3147.16,Third Party Payments          -,Purchased Care,RBC Mosaic Invoice,R5773,Directorate of Social Care and Health Services
Reading Borough Council,16/07/2025,248609,78442,APPLEHILL,PS Acquired Residential,8962.8,Third Party Payments          -,Purchased Care,RBC Mosaic Invoice,R5772,Directorate of Social Care and Health Services
Reading Borough Council,16/07/2025,248649,78442,APPLEHILL,Mental Health Nursing,3423.48,Third Party Payments          -,Purchased Care,RBC Mosaic Invoice,R5733,Directorate of Social Care and Health Services
Reading Borough Council,16/07/2025,248662,78442,APPLEHILL,PS Acquired Residential,8962.8,Third Party Payments          -,Purchased Care,RBC Mosaic Invoice,R5772,Directorate of Social Care and Health Services
Reading Borough Council,16/07/2025,248665,78442,APPLEHILL,Mental Health Residential,3047.36,Third Party Payments          -,Purchased Care,RBC Mosaic Invoice,R5732,Directorate of Social Care and Health Services
Reading Borough Council,16/07/2025,248452,78445,BELAMIE GABLES CARE HOME,PS Acquired Residential,4063.8,Third Party Payments          -,Purchased Care,RBC Mosaic Invoice,R5772,Directorate of Social Care and Health Services
Reading Borough Council,16/07/2025,248505,78445,BELAMIE GABLES CARE HOME,PS Acquired Residential,4063.8,Third Party Payments          -,Purchased Care,RBC Mosaic Invoice,R5772,Directorate of Social Care and Health Services
Reading Borough Council,16/07/2025,236459,78446,WEST OAK,PS Acquired Nursing,3970.08,Third Party Payments          -,Purchased Care,RBC Mosaic Invoice,R5773,Directorate of Social Care and Health Services
Reading Borough Council,16/07/2025,248516,78446,WEST OAK,PS Acquired Nursing,3970.08,Third Party Payments          -,Purchased Care,RBC Mosaic Invoice,R5773,Directorate of Social Care and Health Services
Reading Borough Council,16/07/2025,248642,78446,WEST OAK,LD Nursing,42624.64,Third Party Payments          -,Purchased Care,RBC Mosaic Invoice,R5743,Directorate of Social Care and Health Services
Reading Borough Council,16/07/2025,248685,78446,WEST OAK,Mental Health Nursing,1110,Third Party Payments          -,Purchased Care,RBC Mosaic Invoice,R5733,Directorate of Social Care and Health Services
Reading Borough Council,16/07/2025,248436,78449,ASTON CARE LTD,LD Residential,8008.36,Third Party Payments          -,Purchased Care,RBC Mosaic Invoice,R5742,Directorate of Social Care and Health Services
Reading Borough Council,16/07/2025,248571,78449,ASTON CARE LTD,LD Residential,3587.36,Third Party Payments          -,Purchased Care,RBC Mosaic Invoice,R5742,Directorate of Social Care and Health Services
Reading Borough Council,16/07/2025,248651,78449,ASTON CARE LTD,LD Residential,11549.68,Third Party Payments          -,Purchased Care,RBC Mosaic Invoice,R5742,Directorate of Social Care and Health Services
Reading Borough Council,16/07/2025,248510,78450,THE GRANGE,PS Acquired Residential,4697.32,Third Party Payments          -,Purchased Care,RBC Mosaic Invoice,R5772,Directorate of Social Care and Health Services
Reading Borough Council,16/07/2025,248424,78451,SHINFIELD LODGE CARE LTD,Mental Health Residential,2935.24,Third Party Payments          -,Purchased Care,RBC Mosaic Invoice,R5732,Directorate of Social Care and Health Services
Reading Borough Council,16/07/2025,248365,78452,EQUIFAX LTD,Corporate Investigations Team,2183.5,Supplies and Services         -,Software Licences,RBC Refunds Manual Entry,R2230,Directorate of Resources
Reading Borough Council,16/07/2025,248496,78453,BRAMLEY HEALTH,M&C Acquired Nursing,3253.72,Third Party Payments          -,Purchased Care,RBC Mosaic Invoice,R5753,Directorate of Social Care and Health Services
Reading Borough Council,16/07/2025,248578,78453,BRAMLEY HEALTH,Mental Health Residential,2236.92,Third Party Payments          -,Purchased Care,RBC Mosaic Invoice,R5732,Directorate of Social Care and Health Services
Reading Borough Council,16/07/2025,248631,78454,AUTISM CARE WILTSHIRE,LD Residential,11053,Third Party Payments          -,Purchased Care,RBC Mosaic Invoice,R5742,Directorate of Social Care and Health Services
Reading Borough Council,16/07/2025,241047,78456,MEDCARE HOME SERVICES LTD T/A PROACTIVE,Mental Health Community Servic,3191.64,Third Party Payments          -,Purchased Care,RBC Mosaic Invoice,R5731,Directorate of Social Care and Health Services
Reading Borough Council,16/07/2025,241048,78456,MEDCARE HOME SERVICES LTD T/A PROACTIVE,Mental Health Community Servic,3080.04,Third Party Payments          -,Purchased Care,RBC Mosaic Invoice,R5731,Directorate of Social Care and Health Services
Reading Borough Council,16/07/2025,248576,78457,MMCG (2) LTD,M&C Acquired Nursing,566.52,Third Party Payments          -,Purchased Care,RBC Mosaic Invoice,R5753,Directorate of Social Care and Health Services
Reading Borough Council,16/07/2025,248604,78457,MMCG (2) LTD,PS Acquired Nursing,5200,Third Party Payments          -,Purchased Care,RBC Mosaic Invoice,R5773,Directorate of Social Care and Health Services
Reading Borough Council,16/07/2025,248615,78457,MMCG (2) LTD,PS Acquired Nursing,12442.86,Third Party Payments          -,Purchased Care,RBC Mosaic Invoice,R5773,Directorate of Social Care and Health Services
Reading Borough Council,16/07/2025,248617,78457,MMCG (2) LTD,PS Acquired Nursing,2600,Third Party Payments          -,Purchased Care,RBC Mosaic Invoice,R5773,Directorate of Social Care and Health Services
Reading Borough Council,16/07/2025,248674,78457,MMCG (2) LTD,PS Acquired Nursing,5296.2,Third Party Payments          -,Purchased Care,RBC Mosaic Invoice,R5773,Directorate of Social Care and Health Services
Reading Borough Council,16/07/2025,248696,78457,MMCG (2) LTD,M&C Acquired Nursing,3741.52,Third Party Payments          -,Purchased Care,RBC Mosaic Invoice,R5753,Directorate of Social Care and Health Services
Reading Borough Council,16/07/2025,248697,78457,MMCG (2) LTD,M&C Acquired Nursing,4495.88,Third Party Payments          -,Purchased Care,RBC Mosaic Invoice,R5753,Directorate of Social Care and Health Services
Reading Borough Council,16/07/2025,248700,78457,MMCG (2) LTD,M&C Acquired Nursing,4207.96,Third Party Payments          -,Purchased Care,RBC Mosaic Invoice,R5753,Directorate of Social Care and Health Services
Reading Borough Council,16/07/2025,248704,78457,MMCG (2) LTD,PS Acquired Residential,4023.96,Third Party Payments          -,Purchased Care,RBC Mosaic Invoice,R5772,Directorate of Social Care and Health Services
Reading Borough Council,16/07/2025,248707,78457,MMCG (2) LTD,PS Acquired Nursing,4341.48,Third Party Payments          -,Purchased Care,RBC Mosaic Invoice,R5773,Directorate of Social Care and Health Services
Reading Borough Council,16/07/2025,248708,78457,MMCG (2) LTD,PS Acquired Nursing,4341.48,Third Party Payments          -,Purchased Care,RBC Mosaic Invoice,R5773,Directorate of Social Care and Health Services
Reading Borough Council,16/07/2025,248709,78457,MMCG (2) LTD,PS Acquired Nursing,4341.48,Third Party Payments          -,Purchased Care,RBC Mosaic Invoice,R5773,Directorate of Social Care and Health Services
Reading Borough Council,16/07/2025,248710,78457,MMCG (2) LTD,Social Support,6626.64,Third Party Payments          -,Purchased Care,RBC Mosaic Invoice,R5790,Directorate of Social Care and Health Services
Reading Borough Council,16/07/2025,248712,78457,MMCG (2) LTD,PS Acquired Nursing,4481.4,Third Party Payments          -,Purchased Care,RBC Mosaic Invoice,R5773,Directorate of Social Care and Health Services
Reading Borough Council,16/07/2025,248713,78457,MMCG (2) LTD,PS Acquired Nursing,4481.4,Third Party Payments          -,Purchased Care,RBC Mosaic Invoice,R5773,Directorate of Social Care and Health Services
Reading Borough Council,16/07/2025,248714,78457,MMCG (2) LTD,Mental Health Nursing,2444.4,Third Party Payments          -,Purchased Care,RBC Mosaic Invoice,R5733,Directorate of Social Care and Health Services
Reading Borough Council,16/07/2025,248715,78457,MMCG (2) LTD,PS Acquired Nursing,5296.2,Third Party Payments          -,Purchased Care,RBC Mosaic Invoice,R5773,Directorate of Social Care and Health Services
Reading Borough Council,16/07/2025,248718,78457,MMCG (2) LTD,Social Support,5200,Third Party Payments          -,Purchased Care,RBC Mosaic Invoice,R5790,Directorate of Social Care and Health Services
Reading Borough Council,16/07/2025,248720,78457,MMCG (2) LTD,PS Acquired Nursing,5200,Third Party Payments          -,Purchased Care,RBC Mosaic Invoice,R5773,Directorate of Social Care and Health Services
Reading Borough Council,16/07/2025,248723,78457,MMCG (2) LTD,PS Acquired Nursing,15042.86,Third Party Payments          -,Purchased Care,RBC Mosaic Invoice,R5773,Directorate of Social Care and Health Services
Reading Borough Council,16/07/2025,248724,78457,MMCG (2) LTD,PS Acquired Nursing,15600,Third Party Payments          -,Purchased Care,RBC Mosaic Invoice,R5773,Directorate of Social Care and Health Services
Reading Borough Council,16/07/2025,248726,78457,MMCG (2) LTD,PS Acquired Residential,9100,Third Party Payments          -,Purchased Care,RBC Mosaic Invoice,R5772,Directorate of Social Care and Health Services
Reading Borough Council,16/07/2025,248731,78457,MMCG (2) LTD,PS Acquired Nursing,1630.48,Third Party Payments          -,Purchased Care,RBC Mosaic Invoice,R5773,Directorate of Social Care and Health Services
Reading Borough Council,16/07/2025,248733,78457,MMCG (2) LTD,Social Support,4160.44,Third Party Payments          -,Purchased Care,RBC Mosaic Invoice,R5790,Directorate of Social Care and Health Services
Reading Borough Council,16/07/2025,248734,78457,MMCG (2) LTD,Mental Health Nursing,2139.68,Third Party Payments          -,Purchased Care,RBC Mosaic Invoice,R5733,Directorate of Social Care and Health Services
Reading Borough Council,16/07/2025,248735,78457,MMCG (2) LTD,PS Acquired Nursing,3915.2,Third Party Payments          -,Purchased Care,RBC Mosaic Invoice,R5773,Directorate of Social Care and Health Services
Reading Borough Council,16/07/2025,248739,78457,MMCG (2) LTD,Social Support,4341.48,Third Party Payments          -,Purchased Care,RBC Mosaic Invoice,R5790,Directorate of Social Care and Health Services
Reading Borough Council,16/07/2025,248742,78457,MMCG (2) LTD,M&C Acquired Nursing,4481.4,Third Party Payments          -,Purchased Care,RBC Mosaic Invoice,R5753,Directorate of Social Care and Health Services
Reading Borough Council,16/07/2025,248743,78457,MMCG (2) LTD,PS Acquired Nursing,4481.4,Third Party Payments          -,Purchased Care,RBC Mosaic Invoice,R5773,Directorate of Social Care and Health Services
Reading Borough Council,16/07/2025,248751,78457,MMCG (2) LTD,PS Acquired Nursing,5296.2,Third Party Payments          -,Purchased Care,RBC Mosaic Invoice,R5773,Directorate of Social Care and Health Services
Reading Borough Council,16/07/2025,248753,78457,MMCG (2) LTD,PS Acquired Nursing,5296.2,Third Party Payments          -,Purchased Care,RBC Mosaic Invoice,R5773,Directorate of Social Care and Health Services
Reading Borough Council,16/07/2025,248754,78457,MMCG (2) LTD,PS Acquired Nursing,5200,Third Party Payments          -,Purchased Care,RBC Mosaic Invoice,R5773,Directorate of Social Care and Health Services
Reading Borough Council,16/07/2025,248755,78457,MMCG (2) LTD,PS Acquired Nursing,5200,Third Party Payments          -,Purchased Care,RBC Mosaic Invoice,R5773,Directorate of Social Care and Health Services
Reading Borough Council,16/07/2025,248757,78457,MMCG (2) LTD,M&C Acquired Nursing,11558,Third Party Payments          -,Purchased Care,RBC Mosaic Invoice,R5753,Directorate of Social Care and Health Services
Reading Borough Council,16/07/2025,248762,78457,MMCG (2) LTD,Mental Health Nursing,1872.2,Third Party Payments          -,Purchased Care,RBC Mosaic Invoice,R5733,Directorate of Social Care and Health Services
Reading Borough Council,16/07/2025,248763,78457,MMCG (2) LTD,PS Acquired Nursing,3741.52,Third Party Payments          -,Purchased Care,RBC Mosaic Invoice,R5773,Directorate of Social Care and Health Services
Reading Borough Council,16/07/2025,248765,78457,MMCG (2) LTD,PS Acquired Nursing,4160.44,Third Party Payments          -,Purchased Care,RBC Mosaic Invoice,R5773,Directorate of Social Care and Health Services
Reading Borough Council,16/07/2025,248766,78457,MMCG (2) LTD,Social Support,4207.96,Third Party Payments          -,Purchased Care,RBC Mosaic Invoice,R5790,Directorate of Social Care and Health Services
Reading Borough Council,16/07/2025,248767,78457,MMCG (2) LTD,PS Acquired Nursing,4517.04,Third Party Payments          -,Purchased Care,RBC Mosaic Invoice,R5773,Directorate of Social Care and Health Services
Reading Borough Council,16/07/2025,248769,78457,MMCG (2) LTD,PS Acquired Nursing,4023.96,Third Party Payments          -,Purchased Care,RBC Mosaic Invoice,R5773,Directorate of Social Care and Health Services
Reading Borough Council,16/07/2025,248771,78457,MMCG (2) LTD,PS Acquired Nursing,4341.48,Third Party Payments          -,Purchased Care,RBC Mosaic Invoice,R5773,Directorate of Social Care and Health Services
Reading Borough Council,16/07/2025,248774,78457,MMCG (2) LTD,PS Acquired Residential,4481.4,Third Party Payments          -,Purchased Care,RBC Mosaic Invoice,R5772,Directorate of Social Care and Health Services
Reading Borough Council,16/07/2025,248776,78457,MMCG (2) LTD,PS Acquired Nursing,896.28,Third Party Payments          -,Purchased Care,RBC Mosaic Invoice,R5773,Directorate of Social Care and Health Services
Reading Borough Council,16/07/2025,248778,78457,MMCG (2) LTD,M&C Acquired Nursing,5296.2,Third Party Payments          -,Purchased Care,RBC Mosaic Invoice,R5753,Directorate of Social Care and Health Services
Reading Borough Council,16/07/2025,248780,78457,MMCG (2) LTD,PS Acquired Nursing,5296.2,Third Party Payments          -,Purchased Care,RBC Mosaic Invoice,R5773,Directorate of Social Care and Health Services
Reading Borough Council,16/07/2025,248781,78457,MMCG (2) LTD,Social Support,5296.2,Third Party Payments          -,Purchased Care,RBC Mosaic Invoice,R5790,Directorate of Social Care and Health Services
Reading Borough Council,16/07/2025,248784,78457,MMCG (2) LTD,PS Acquired Nursing,5296.2,Third Party Payments          -,Purchased Care,RBC Mosaic Invoice,R5773,Directorate of Social Care and Health Services
Reading Borough Council,16/07/2025,248786,78457,MMCG (2) LTD,PS Acquired Nursing,14114.29,Third Party Payments          -,Purchased Care,RBC Mosaic Invoice,R5773,Directorate of Social Care and Health Services
Reading Borough Council,16/07/2025,248787,78457,MMCG (2) LTD,PS Acquired Nursing,10771.43,Third Party Payments          -,Purchased Care,RBC Mosaic Invoice,R5773,Directorate of Social Care and Health Services
Reading Borough Council,16/07/2025,248790,78457,MMCG (2) LTD,M&C Acquired Nursing,22706.4,Third Party Payments          -,Purchased Care,RBC Mosaic Invoice,R5753,Directorate of Social Care and Health Services
Reading Borough Council,16/07/2025,248793,78457,MMCG (2) LTD,Mental Health Nursing,1528.56,Third Party Payments          -,Purchased Care,RBC Mosaic Invoice,R5733,Directorate of Social Care and Health Services
Reading Borough Council,16/07/2025,248795,78457,MMCG (2) LTD,Mental Health Nursing,2542.56,Third Party Payments          -,Purchased Care,RBC Mosaic Invoice,R5733,Directorate of Social Care and Health Services
Reading Borough Council,16/07/2025,248797,78457,MMCG (2) LTD,PS Acquired Nursing,4985.4,Third Party Payments          -,Purchased Care,RBC Mosaic Invoice,R5773,Directorate of Social Care and Health Services
Reading Borough Council,16/07/2025,248798,78457,MMCG (2) LTD,PS Acquired Nursing,4370.96,Third Party Payments          -,Purchased Care,RBC Mosaic Invoice,R5773,Directorate of Social Care and Health Services
Reading Borough Council,16/07/2025,248799,78457,MMCG (2) LTD,Mental Health Residential,4279.28,Third Party Payments          -,Purchased Care,RBC Mosaic Invoice,R5732,Directorate of Social Care and Health Services
Reading Borough Council,16/07/2025,248800,78457,MMCG (2) LTD,PS Acquired Nursing,3741.52,Third Party Payments          -,Purchased Care,RBC Mosaic Invoice,R5773,Directorate of Social Care and Health Services
Reading Borough Council,16/07/2025,248801,78457,MMCG (2) LTD,PS Acquired Nursing,4246.08,Third Party Payments          -,Purchased Care,RBC Mosaic Invoice,R5773,Directorate of Social Care and Health Services
Reading Borough Council,16/07/2025,248807,78457,MMCG (2) LTD,PS Acquired Nursing,4341.48,Third Party Payments          -,Purchased Care,RBC Mosaic Invoice,R5773,Directorate of Social Care and Health Services
Reading Borough Council,16/07/2025,248808,78457,MMCG (2) LTD,PS Acquired Nursing,4341.48,Third Party Payments          -,Purchased Care,RBC Mosaic Invoice,R5773,Directorate of Social Care and Health Services
Reading Borough Council,16/07/2025,248809,78457,MMCG (2) LTD,PS Acquired Nursing,4341.48,Third Party Payments          -,Purchased Care,RBC Mosaic Invoice,R5773,Directorate of Social Care and Health Services
Reading Borough Council,16/07/2025,248810,78457,MMCG (2) LTD,PS Acquired Nursing,4481.4,Third Party Payments          -,Purchased Care,RBC Mosaic Invoice,R5773,Directorate of Social Care and Health Services
Reading Borough Council,16/07/2025,248812,78457,MMCG (2) LTD,LD Nursing,4341.48,Third Party Payments          -,Purchased Care,RBC Mosaic Invoice,R5743,Directorate of Social Care and Health Services
Reading Borough Council,16/07/2025,248813,78457,MMCG (2) LTD,Mental Health Nursing,4341.48,Third Party Payments          -,Purchased Care,RBC Mosaic Invoice,R5733,Directorate of Social Care and Health Services
Reading Borough Council,16/07/2025,248822,78457,MMCG (2) LTD,M&C Acquired Nursing,5296.2,Third Party Payments          -,Purchased Care,RBC Mosaic Invoice,R5753,Directorate of Social Care and Health Services
Reading Borough Council,16/07/2025,248823,78457,MMCG (2) LTD,PS Acquired Nursing,5296.2,Third Party Payments          -,Purchased Care,RBC Mosaic Invoice,R5773,Directorate of Social Care and Health Services
Reading Borough Council,16/07/2025,248825,78457,MMCG (2) LTD,PS Acquired Nursing,5296.2,Third Party Payments          -,Purchased Care,RBC Mosaic Invoice,R5773,Directorate of Social Care and Health Services
Reading Borough Council,16/07/2025,248827,78457,MMCG (2) LTD,M&C Acquired Nursing,5296.2,Third Party Payments          -,Purchased Care,RBC Mosaic Invoice,R5753,Directorate of Social Care and Health Services
Reading Borough Council,16/07/2025,248828,78457,MMCG (2) LTD,PS Acquired Nursing,7394.32,Third Party Payments          -,Purchased Care,RBC Mosaic Invoice,R5773,Directorate of Social Care and Health Services
Reading Borough Council,16/07/2025,248829,78457,MMCG (2) LTD,PS Acquired Residential,5296.2,Third Party Payments          -,Purchased Care,RBC Mosaic Invoice,R5772,Directorate of Social Care and Health Services
Reading Borough Council,16/07/2025,248830,78457,MMCG (2) LTD,PS Acquired Nursing,5200,Third Party Payments          -,Purchased Care,RBC Mosaic Invoice,R5773,Directorate of Social Care and Health Services
Reading Borough Council,16/07/2025,248831,78457,MMCG (2) LTD,PS Acquired Nursing,5200,Third Party Payments          -,Purchased Care,RBC Mosaic Invoice,R5773,Directorate of Social Care and Health Services
Reading Borough Council,16/07/2025,248832,78457,MMCG (2) LTD,PS Acquired Nursing,5200,Third Party Payments          -,Purchased Care,RBC Mosaic Invoice,R5773,Directorate of Social Care and Health Services
Reading Borough Council,16/07/2025,248833,78457,MMCG (2) LTD,M&C Acquired Nursing,5200,Third Party Payments          -,Purchased Care,RBC Mosaic Invoice,R5753,Directorate of Social Care and Health Services
Reading Borough Council,16/07/2025,248835,78457,MMCG (2) LTD,PS Acquired Residential,9842.86,Third Party Payments          -,Purchased Care,RBC Mosaic Invoice,R5772,Directorate of Social Care and Health Services
Reading Borough Council,16/07/2025,248583,78458,MANORHEY CARE CENTRE,Mental Health Residential,2281.84,Third Party Payments          -,Purchased Care,RBC Mosaic Invoice,R5732,Directorate of Social Care and Health Services
Reading Borough Council,16/07/2025,248425,78459,HEREWARDS HOUSE LTD,Mental Health Residential,1528.6,Third Party Payments          -,Purchased Care,RBC Mosaic Invoice,R5732,Directorate of Social Care and Health Services
Reading Borough Council,16/07/2025,248422,78462,GRACEWELL HEALTHCARE 3 LTD,PS Acquired Nursing,3737.04,Third Party Payments          -,Purchased Care,RBC Mosaic Invoice,R5773,Directorate of Social Care and Health Services
Reading Borough Council,16/07/2025,245489,78463,BUSHRA BI,Crematorium,1190,Supplies and Services         -,Medical Fees,RBC Refunds Manual Entry,R4606,Directorate of Resources
Reading Borough Council,16/07/2025,248538,78464,CYGNET CARE SERVICES LTD,LD Residential,71291.08,Third Party Payments          -,Purchased Care,RBC Mosaic Invoice,R5742,Directorate of Social Care and Health Services
Reading Borough Council,16/07/2025,248541,78464,CYGNET CARE SERVICES LTD,LD Residential,25729.68,Third Party Payments          -,Purchased Care,RBC Mosaic Invoice,R5742,Directorate of Social Care and Health Services
Reading Borough Council,16/07/2025,206259,78465,ROYAL BERKSHIRE FIRE AUTHORITY,Collection Fund Rev. A/C,515765.49,CIES                          -,Council Tax Precept - Fire,RBC Spreadsheet Invoice,R2840,Corporate
Reading Borough Council,16/07/2025,206269,78465,ROYAL BERKSHIRE FIRE AUTHORITY,Collection Fund Holding,152966.2,CIES                          -,Business Rates : Fire Share,RBC Spreadsheet Invoice,R2845,Corporate
Reading Borough Council,16/07/2025,248639,78467,ST MATTHEWS HEALTHCARE,Mental Health Residential,1080,Third Party Payments          -,Purchased Care,RBC Mosaic Invoice,R5732,Directorate of Social Care and Health Services
Reading Borough Council,16/07/2025,248661,78467,ST MATTHEWS HEALTHCARE,Mental Health Nursing,2380.64,Third Party Payments          -,Purchased Care,RBC Mosaic Invoice,R5733,Directorate of Social Care and Health Services
Reading Borough Council,16/07/2025,248395,78468,J&R TYRES LTD,Fleet Management,505.5,Transport Related Expenditure -,Vehicle Tyres,RBC Standard Invoice,R4552,Directorate of Economic Growth and Neighbourhood Services
Reading Borough Council,16/07/2025,248405,78468,J&R TYRES LTD,Fleet Management,1011,Transport Related Expenditure -,Vehicle Tyres,RBC Standard Invoice,R4552,Directorate of Economic Growth and Neighbourhood Services
Reading Borough Council,16/07/2025,248408,78468,J&R TYRES LTD,Fleet Management,501.5,Transport Related Expenditure -,Vehicle Tyres,RBC Standard Invoice,R4552,Directorate of Economic Growth and Neighbourhood Services
Reading Borough Council,16/07/2025,248507,78469,ELYSIUM HEALTHCARE LTD,Mental Health Residential,4966.72,Third Party Payments          -,Purchased Care,RBC Mosaic Invoice,R5732,Directorate of Social Care and Health Services
Reading Borough Council,16/07/2025,248459,78470,VALORUM CARE LTD,Mental Health Nursing,7333.2,Third Party Payments          -,Purchased Care,RBC Mosaic Invoice,R5733,Directorate of Social Care and Health Services
Reading Borough Council,16/07/2025,248479,78470,VALORUM CARE LTD,PS Acquired Nursing,3382.88,Income                        -,Residential Client Contns,RBC Mosaic Invoice,R5773,Directorate of Social Care and Health Services
Reading Borough Council,16/07/2025,248599,78470,VALORUM CARE LTD,LD Nursing,8962.8,Third Party Payments          -,Purchased Care,RBC Mosaic Invoice,R5743,Directorate of Social Care and Health Services
Reading Borough Council,16/07/2025,248667,78470,VALORUM CARE LTD,LD Nursing,8962.8,Third Party Payments          -,Purchased Care,RBC Mosaic Invoice,R5743,Directorate of Social Care and Health Services
Reading Borough Council,16/07/2025,248670,78470,VALORUM CARE LTD,LD Nursing,13901,Third Party Payments          -,Purchased Care,RBC Mosaic Invoice,R5743,Directorate of Social Care and Health Services
Reading Borough Council,16/07/2025,248684,78470,VALORUM CARE LTD,LD Nursing,12571.43,Third Party Payments          -,Purchased Care,RBC Mosaic Invoice,R5743,Directorate of Social Care and Health Services
Reading Borough Council,16/07/2025,236428,78471,WINDSAR CARE CENTRE LTD,Mental Health Residential,2909.92,Third Party Payments          -,Purchased Care,RBC Mosaic Invoice,R5732,Directorate of Social Care and Health Services
Reading Borough Council,16/07/2025,236481,78471,WINDSAR CARE CENTRE LTD,PS Acquired Residential,4607.4,Third Party Payments          -,Purchased Care,RBC Mosaic Invoice,R5772,Directorate of Social Care and Health Services
Reading Borough Council,16/07/2025,248431,78471,WINDSAR CARE CENTRE LTD,PS Acquired Residential,4607.4,Third Party Payments          -,Purchased Care,RBC Mosaic Invoice,R5772,Directorate of Social Care and Health Services
Reading Borough Council,16/07/2025,248486,78471,WINDSAR CARE CENTRE LTD,Mental Health Residential,2909.92,Third Party Payments          -,Purchased Care,RBC Mosaic Invoice,R5732,Directorate of Social Care and Health Services
Reading Borough Council,16/07/2025,248514,78471,WINDSAR CARE CENTRE LTD,LD Residential,45140,Third Party Payments          -,Purchased Care,RBC Mosaic Invoice,R5742,Directorate of Social Care and Health Services
Reading Borough Council,16/07/2025,248569,78472,THE PINES,Mental Health Residential,4301.36,Third Party Payments          -,Purchased Care,RBC Mosaic Invoice,R5732,Directorate of Social Care and Health Services
Reading Borough Council,16/07/2025,248607,78472,THE PINES,LD Residential,3838.92,Third Party Payments          -,Purchased Care,RBC Mosaic Invoice,R5742,Directorate of Social Care and Health Services
Reading Borough Council,16/07/2025,249660,78474,SHARON & ROYDEL ROBINSON,Housing Advice,1587.96,Premises Related Expenses     -,Responsive Repairs,Invoice,R5820,Directorate of Economic Growth and Neighbourhood Services
Reading Borough Council,16/07/2025,248437,78475,SILVERSPRINGS RCH LTD,LD Residential,8320.84,Third Party Payments          -,Purchased Care,RBC Mosaic Invoice,R5742,Directorate of Social Care and Health Services
Reading Borough Council,16/07/2025,247904,78481,SOLUTIONS 4 HEALTH LTD,Public Health Team Costs,8500,Supplies and Services         -,Payments to Operators,RBC Standard Invoice,R2065,Directorate of Social Care and Health Services
Reading Borough Council,16/07/2025,248458,78482,KISIMUL GROUP LTD,LD Residential,15801,Third Party Payments          -,Purchased Care,RBC Mosaic Invoice,R5742,Directorate of Social Care and Health Services
Reading Borough Council,16/07/2025,248512,78483,ABBEYFIELD DEMENTIA CARE HOME,Mental Health Residential,3577.9,Third Party Payments          -,Purchased Care,RBC Mosaic Invoice,R5732,Directorate of Social Care and Health Services
Reading Borough Council,16/07/2025,248534,78483,ABBEYFIELD DEMENTIA CARE HOME,PS Acquired Residential,2000,Third Party Payments          -,Purchased Care,RBC Mosaic Invoice,R5772,Directorate of Social Care and Health Services
Reading Borough Council,16/07/2025,248598,78484,RICHMOND FELLOWSHIP,Mental Health Residential,2547.08,Third Party Payments          -,Purchased Care,RBC Mosaic Invoice,R5732,Directorate of Social Care and Health Services
Reading Borough Council,16/07/2025,248464,78485,CARE UK COMMUNITY PARTNERSHIPS LTD,PS Acquired Nursing,7512.2,Third Party Payments          -,Purchased Care,RBC Mosaic Invoice,R5773,Directorate of Social Care and Health Services
Reading Borough Council,16/07/2025,248702,78485,CARE UK COMMUNITY PARTNERSHIPS LTD,M&C Acquired Nursing,5872.8,Third Party Payments          -,Purchased Care,RBC Mosaic Invoice,R5753,Directorate of Social Care and Health Services
Reading Borough Council,16/07/2025,248706,78485,CARE UK COMMUNITY PARTNERSHIPS LTD,PS Acquired Nursing,3844.76,Third Party Payments          -,Purchased Care,RBC Mosaic Invoice,R5773,Directorate of Social Care and Health Services
Reading Borough Council,16/07/2025,248736,78485,CARE UK COMMUNITY PARTNERSHIPS LTD,PS Acquired Nursing,3844.76,Third Party Payments          -,Purchased Care,RBC Mosaic Invoice,R5773,Directorate of Social Care and Health Services
Reading Borough Council,16/07/2025,248737,78485,CARE UK COMMUNITY PARTNERSHIPS LTD,PS Acquired Nursing,4754.8,Third Party Payments          -,Purchased Care,RBC Mosaic Invoice,R5773,Directorate of Social Care and Health Services
Reading Borough Council,16/07/2025,248738,78485,CARE UK COMMUNITY PARTNERSHIPS LTD,PS Acquired Nursing,3844.76,Third Party Payments          -,Purchased Care,RBC Mosaic Invoice,R5773,Directorate of Social Care and Health Services
Reading Borough Council,16/07/2025,248770,78485,CARE UK COMMUNITY PARTNERSHIPS LTD,PS Acquired Nursing,3844.76,Third Party Payments          -,Purchased Care,RBC Mosaic Invoice,R5773,Directorate of Social Care and Health Services
Reading Borough Council,16/07/2025,248806,78485,CARE UK COMMUNITY PARTNERSHIPS LTD,PS Acquired Nursing,3844.76,Third Party Payments          -,Purchased Care,RBC Mosaic Invoice,R5773,Directorate of Social Care and Health Services
Reading Borough Council,16/07/2025,248594,78486,THE RIDERS,Mental Health Nursing,6111,Third Party Payments          -,Purchased Care,RBC Mosaic Invoice,R5733,Directorate of Social Care and Health Services
Reading Borough Council,16/07/2025,248572,78487,PLANSHORE T/A PARKVIEW NURSING HOME,PS Acquired Nursing,3915.2,Third Party Payments          -,Purchased Care,RBC Mosaic Invoice,R5773,Directorate of Social Care and Health Services
Reading Borough Council,16/07/2025,248584,78492,PARADISE HOUSE,LD Residential,9165.2,Third Party Payments          -,Purchased Care,RBC Mosaic Invoice,R5742,Directorate of Social Care and Health Services
Reading Borough Council,16/07/2025,248650,78493,HIGH VIEW CARE SERVICES LTD,Mental Health Residential,6255.72,Third Party Payments          -,Purchased Care,RBC Mosaic Invoice,R5732,Directorate of Social Care and Health Services
Reading Borough Council,16/07/2025,248349,78495,RICHARD BEDDOE,JLT Disbursements,980,Supplies and Services         -,External Legal Services,RBC Standard Invoice,R2407,Directorate of Resources
Reading Borough Council,16/07/2025,248653,78496,LIME TREE CARE LTD T/A CHERRY TREE NURSI,LD Nursing,10603.64,Third Party Payments          -,Purchased Care,RBC Mosaic Invoice,R5743,Directorate of Social Care and Health Services
Reading Borough Council,16/07/2025,248511,78497,SSL CAVERSHAM OPCO LP,Mental Health Nursing,4704.64,Third Party Payments          -,Purchased Care,RBC Mosaic Invoice,R5733,Directorate of Social Care and Health Services
Reading Borough Council,16/07/2025,248520,78497,SSL CAVERSHAM OPCO LP,Mental Health Residential,3400,Third Party Payments          -,Purchased Care,RBC Mosaic Invoice,R5732,Directorate of Social Care and Health Services
Reading Borough Council,16/07/2025,248526,78497,SSL CAVERSHAM OPCO LP,PS Acquired Nursing,6336.2,Third Party Payments          -,Purchased Care,RBC Mosaic Invoice,R5773,Directorate of Social Care and Health Services
Reading Borough Council,16/07/2025,248533,78497,SSL CAVERSHAM OPCO LP,Mental Health Residential,3240,Third Party Payments          -,Purchased Care,RBC Mosaic Invoice,R5732,Directorate of Social Care and Health Services
Reading Borough Council,16/07/2025,248537,78497,SSL CAVERSHAM OPCO LP,PS Acquired Nursing,16938.15,Third Party Payments          -,Purchased Care,RBC Mosaic Invoice,R5773,Directorate of Social Care and Health Services
Reading Borough Council,16/07/2025,248613,78497,SSL CAVERSHAM OPCO LP,Mental Health Nursing,7280,Third Party Payments          -,Purchased Care,RBC Mosaic Invoice,R5733,Directorate of Social Care and Health Services
Reading Borough Council,16/07/2025,248442,78576,ABBEYFIELD WEY VALLEY SOCIETY LTD,M&C Acquired Residential,4672.12,Third Party Payments          -,Purchased Care,RBC Mosaic Invoice,R5752,Directorate of Social Care and Health Services
Reading Borough Council,16/07/2025,248446,78576,ABBEYFIELD WEY VALLEY SOCIETY LTD,PS Acquired Residential,5133.24,Third Party Payments          -,Purchased Care,RBC Mosaic Invoice,R5772,Directorate of Social Care and Health Services
Reading Borough Council,16/07/2025,248596,78576,ABBEYFIELD WEY VALLEY SOCIETY LTD,PS Acquired Residential,5092.48,Third Party Payments          -,Purchased Care,RBC Mosaic Invoice,R5772,Directorate of Social Care and Health Services
Reading Borough Council,16/07/2025,248504,78579,MH HANTS LTD,PS Acquired Nursing,4074,Third Party Payments          -,Purchased Care,RBC Mosaic Invoice,R5773,Directorate of Social Care and Health Services
Reading Borough Council,16/07/2025,248591,78579,MH HANTS LTD,PS Acquired Nursing,7200,Third Party Payments          -,Purchased Care,RBC Mosaic Invoice,R5773,Directorate of Social Care and Health Services
Reading Borough Council,16/07/2025,248660,78580,AA & SONS PARTNERSHIP T/A ETON HOUSE RES,M&C Acquired Residential,5002.76,Third Party Payments          -,Purchased Care,RBC Mosaic Invoice,R5752,Directorate of Social Care and Health Services
Reading Borough Council,16/07/2025,248450,78581,CLEEVE LODGE LTD,PS Acquired Residential,5275.84,Third Party Payments          -,Purchased Care,RBC Mosaic Invoice,R5772,Directorate of Social Care and Health Services
Reading Borough Council,16/07/2025,248465,78581,CLEEVE LODGE LTD,PS Acquired Residential,5296.2,Third Party Payments          -,Purchased Care,RBC Mosaic Invoice,R5772,Directorate of Social Care and Health Services
Reading Borough Council,16/07/2025,249635,78592,COUNTY PRIVATE CLIENT LTD,Emergency Accommodation,12150,Premises Related Expenses     -,Rents,RBC Standard Invoice,R5871,Directorate of Economic Growth and Neighbourhood Services
Reading Borough Council,16/07/2025,236302,78595,4 BRICK COURT CHAMBERS,JLT Disbursements,785,Supplies and Services         -,External Legal Services,RBC Standard Invoice,R2407,Directorate of Resources
Reading Borough Council,16/07/2025,248359,78595,4 BRICK COURT CHAMBERS,JLT Disbursements,7682,Supplies and Services         -,External Legal Services,RBC Standard Invoice,R2407,Directorate of Resources
Reading Borough Council,16/07/2025,248508,78597,HEALTHCARE HOMES (SPRING) LTD,PS Acquired Nursing,4652.72,Third Party Payments          -,Purchased Care,RBC Mosaic Invoice,R5773,Directorate of Social Care and Health Services
Reading Borough Council,16/07/2025,248462,78598,ASHFORD HOUSE LTD,LD Residential,14695.2,Third Party Payments          -,Purchased Care,RBC Mosaic Invoice,R5742,Directorate of Social Care and Health Services
Reading Borough Council,16/07/2025,248525,78599,COUNTRY COURT CARE HOMES 6 LTD,M&C Acquired Residential,4875.08,Third Party Payments          -,Purchased Care,RBC Mosaic Invoice,R5752,Directorate of Social Care and Health Services
Reading Borough Council,16/07/2025,248666,78600,BEECHCROFT RETIREMENT HOME LTD/CARY LODG,Mental Health Residential,2762.48,Third Party Payments          -,Purchased Care,RBC Mosaic Invoice,R5732,Directorate of Social Care and Health Services
Reading Borough Council,16/07/2025,248513,78601,INCLUSION HOUSING CIC,PS Acquired Community Services,1347.36,Third Party Payments          -,Purchased Care,RBC Mosaic Invoice,R5771,Directorate of Social Care and Health Services
Reading Borough Council,16/07/2025,248677,78606,ANCHOR HANOVER GROUP,PS Acquired Residential,4888.8,Third Party Payments          -,Purchased Care,RBC Mosaic Invoice,R5772,Directorate of Social Care and Health Services
Reading Borough Council,16/07/2025,248608,78607,KENTISH CARE LTD,Mental Health Community Servic,5822.04,Third Party Payments          -,Purchased Care,RBC Mosaic Invoice,R5731,Directorate of Social Care and Health Services
Reading Borough Council,16/07/2025,249664,78607,KENTISH CARE LTD,Mental Health Community Servic,505.34,Third Party Payments          -,Purchased Care,RBC Mosaic Invoice,R5731,Directorate of Social Care and Health Services
Reading Borough Council,16/07/2025,248315,78613,STAND-UP MATHS LTD,South Street Operations,962.88,Supplies and Services         -,Professional Fees,RBC Refunds Manual Entry,R1220,Directorate of Economic Growth and Neighbourhood Services
Reading Borough Council,16/07/2025,248322,78637,Sundry Supplier,RBC Balance Sheet,2022.75,Current Assets                -,Rent Control - Default,RBC Refunds Manual Entry,R9999,Balance Sheet
Reading Borough Council,16/07/2025,249663,78642,Sundry Supplier,RBC Balance Sheet,895.43,Current Assets                -,Rent Control - Default,RBC Refunds Manual Entry,R9999,Balance Sheet
Reading Borough Council,16/07/2025,249667,78644,Sundry Supplier,Repairs,8250,Premises Related Expenses     -,Inspections,RBC Refunds Manual Entry,R5970,Housing
Reading Borough Council,16/07/2025,249668,78645,Sundry Supplier,RBC Balance Sheet,1763.45,Current Assets                -,Rent Control - Default,RBC Refunds Manual Entry,R9999,Balance Sheet
Reading Borough Council,16/07/2025,249669,78646,Sundry Supplier,RBC Balance Sheet,1148.04,Current Assets                -,Rent Control - Default,RBC Refunds Manual Entry,R9999,Balance Sheet
Reading Borough Council,17/07/2025,250457,78948,THE HILL PRIMARY SCHOOL,The Hill Primary,3501.17,Income                        -,Schools holding code,RBC Spreadsheet Invoice,R3116,Former Directorate of Education and Childrens Services
Reading Borough Council,17/07/2025,250600,78950,ACTIVE ASSISTANCE,PS Acquired Community Services,801.5,Third Party Payments          -,Purchased Care,RBC Mosaic Invoice,R5771,Directorate of Social Care and Health Services
Reading Borough Council,17/07/2025,240161,78951,SOUTHERN ELECTRIC POWER DISTRIBUTION PLC,Alcohol & Entertainment licenc,33143.03,Employees                     -,Training & Development Costs,RBC CIS Invoice,R4602,Directorate of Economic Growth and Neighbourhood Services
Reading Borough Council,17/07/2025,250816,78952,CHILMINGTON HOMES LTD,LD Community Services,1158.64,Third Party Payments          -,Purchased Care,RBC Mosaic Invoice,R5741,Directorate of Social Care and Health Services
Reading Borough Council,17/07/2025,250817,78952,CHILMINGTON HOMES LTD,PS Acquired Community Services,11054.12,Third Party Payments          -,Purchased Care,RBC Mosaic Invoice,R5771,Directorate of Social Care and Health Services
Reading Borough Council,17/07/2025,250446,78953,BLESSED HUGH FARINGDON RC SCHOOL,Blessed Hugh Faringdon,34521.02,Income                        -,Schools holding code,RBC Spreadsheet Invoice,R3204,Former Directorate of Education and Childrens Services
Reading Borough Council,17/07/2025,250752,78954,DUNRAVEN HOUSE,Mental Health Community Servic,2157.95,Third Party Payments          -,Purchased Care,RBC Mosaic Invoice,R5731,Directorate of Social Care and Health Services
Reading Borough Council,17/07/2025,250724,78955,CHOICE LTD,LD Community Services,10906.68,Third Party Payments          -,Day Care Purchases,RBC Mosaic Invoice,R5741,Directorate of Social Care and Health Services
Reading Borough Council,17/07/2025,241324,78956,RADIS COMMUNITY CARE,LD Community Services,3759.28,Third Party Payments          -,Day Care Purchases,RBC Mosaic Invoice,R5741,Directorate of Social Care and Health Services
Reading Borough Council,17/07/2025,241325,78956,RADIS COMMUNITY CARE,LD Community Services,3182.2,Third Party Payments          -,Purchased Care,RBC Mosaic Invoice,R5741,Directorate of Social Care and Health Services
Reading Borough Council,17/07/2025,241326,78956,RADIS COMMUNITY CARE,LD Community Services,4233.28,Third Party Payments          -,Purchased Care,RBC Mosaic Invoice,R5741,Directorate of Social Care and Health Services
Reading Borough Council,17/07/2025,250797,78956,RADIS COMMUNITY CARE,PS Acquired Community Services,901.32,Third Party Payments          -,Purchased Care,RBC Mosaic Invoice,R5771,Directorate of Social Care and Health Services
Reading Borough Council,17/07/2025,250800,78956,RADIS COMMUNITY CARE,PS Acquired Community Services,1287.6,Third Party Payments          -,Purchased Care,RBC Mosaic Invoice,R5771,Directorate of Social Care and Health Services
Reading Borough Council,17/07/2025,250801,78956,RADIS COMMUNITY CARE,PS Acquired Community Services,1351.98,Third Party Payments          -,Purchased Care,RBC Mosaic Invoice,R5771,Directorate of Social Care and Health Services
Reading Borough Council,17/07/2025,250802,78956,RADIS COMMUNITY CARE,PS Acquired Community Services,1180.3,Third Party Payments          -,Purchased Care,RBC Mosaic Invoice,R5771,Directorate of Social Care and Health Services
Reading Borough Council,17/07/2025,250803,78956,RADIS COMMUNITY CARE,PS Acquired Community Services,751.1,Third Party Payments          -,Purchased Care,RBC Mosaic Invoice,R5771,Directorate of Social Care and Health Services
Reading Borough Council,17/07/2025,250805,78956,RADIS COMMUNITY CARE,PS Acquired Community Services,3605.28,Third Party Payments          -,Purchased Care,RBC Mosaic Invoice,R5771,Directorate of Social Care and Health Services
Reading Borough Council,17/07/2025,250806,78956,RADIS COMMUNITY CARE,PS Acquired Community Services,1394.9,Third Party Payments          -,Purchased Care,RBC Mosaic Invoice,R5771,Directorate of Social Care and Health Services
Reading Borough Council,17/07/2025,250808,78956,RADIS COMMUNITY CARE,PS Acquired Community Services,633.07,Third Party Payments          -,Purchased Care,RBC Mosaic Invoice,R5771,Directorate of Social Care and Health Services
Reading Borough Council,17/07/2025,250809,78956,RADIS COMMUNITY CARE,PS Acquired Community Services,751.1,Third Party Payments          -,Purchased Care,RBC Mosaic Invoice,R5771,Directorate of Social Care and Health Services
Reading Borough Council,17/07/2025,250442,78958,ALFRED SUTTON PRIMARY SCHOOL,Alfred Sutton Primary,13611.24,Income                        -,Schools holding code,RBC Spreadsheet Invoice,R3050,Former Directorate of Education and Childrens Services
Reading Borough Council,17/07/2025,250443,78959,ALL SAINTS CE INFANTS,All Saints Infant School CE Ai,3464.68,Income                        -,Schools holding code,RBC Spreadsheet Invoice,R3052,Former Directorate of Education and Childrens Services
Reading Borough Council,17/07/2025,250448,78960,CAVERSHAM PARK PRIMARY,Caversham Park Primary,948.19,Income                        -,Schools holding code,RBC Spreadsheet Invoice,R3056,Former Directorate of Education and Childrens Services
Reading Borough Council,17/07/2025,250449,78961,CAVERSHAM PRIMARY,Caversham Primary,7536.24,Income                        -,Schools holding code,RBC Spreadsheet Invoice,R3058,Former Directorate of Education and Childrens Services
Reading Borough Council,17/07/2025,250450,78962,CHRIST THE KING RC PRIMARY,Christ The King RC Primary,3172.97,Income                        -,Schools holding code,RBC Spreadsheet Invoice,R3060,Former Directorate of Education and Childrens Services
Reading Borough Council,17/07/2025,250451,78963,COLEY PRIMARY,Coley Primary,3005.92,Income                        -,Schools holding code,RBC Spreadsheet Invoice,R3068,Former Directorate of Education and Childrens Services
Reading Borough Council,17/07/2025,250452,78964,E P COLLIER PRIMARY,EP Collier Primary,6093.2,Income                        -,Schools holding code,RBC Spreadsheet Invoice,R3074,Former Directorate of Education and Childrens Services
Reading Borough Council,17/07/2025,250453,78965,EMMER GREEN PRIMARY,Emmer Green Primary,8004.79,Income                        -,Schools holding code,RBC Spreadsheet Invoice,R3070,Former Directorate of Education and Childrens Services
Reading Borough Council,17/07/2025,250454,78966,ENGLISH MARTYRS RC PRIMARY,English Martyrs RC Primary,18590.73,Income                        -,Schools holding code,RBC Spreadsheet Invoice,R3072,Former Directorate of Education and Childrens Services
Reading Borough Council,17/07/2025,250455,78967,GEOFFREY FIELD INFANT SCHOOL,Geoffrey Field Infant,3717.57,Income                        -,Schools holding code,RBC Spreadsheet Invoice,R3076,Former Directorate of Education and Childrens Services
Reading Borough Council,17/07/2025,250456,78968,GEOFFREY FIELD JUNIOR,Geoffrey Field Junior,5641.68,Income                        -,Schools holding code,RBC Spreadsheet Invoice,R3078,Former Directorate of Education and Childrens Services
Reading Borough Council,17/07/2025,250459,78969,KATESGROVE PRIMARY,Katesgrove Primary,10982.8,Income                        -,Schools holding code,RBC Spreadsheet Invoice,R3084,Former Directorate of Education and Childrens Services
Reading Borough Council,17/07/2025,250460,78970,MANOR PRIMARY,Manor Primary School,4485.69,Income                        -,Schools holding code,RBC Spreadsheet Invoice,R3086,Former Directorate of Education and Childrens Services
Reading Borough Council,17/07/2025,250461,78971,MICKLANDS PRIMARY SCHOOL,Micklands Primary,7467.49,Income                        -,Schools holding code,RBC Spreadsheet Invoice,R3088,Former Directorate of Education and Childrens Services
Reading Borough Council,17/07/2025,250462,78972,MOORLANDS PRIMARY SCHOOL,Moorlands Primary,7749.59,Income                        -,Schools holding code,RBC Spreadsheet Invoice,R3090,Former Directorate of Education and Childrens Services
Reading Borough Council,17/07/2025,250959,78973,OXFORD ROAD PRIMARY,Oxford Road Primary,5886.03,Income                        -,Schools holding code,RBC Spreadsheet Invoice,R3094,Former Directorate of Education and Childrens Services
Reading Borough Council,17/07/2025,250465,78974,PARK LANE PRIMARY,Park Lane Primary,10383.98,Income                        -,Schools holding code,RBC Spreadsheet Invoice,R3096,Former Directorate of Education and Childrens Services
Reading Borough Council,17/07/2025,250466,78975,REDLANDS PRIMARY,Redlands Primary,3724.31,Income                        -,Schools holding code,RBC Spreadsheet Invoice,R3100,Former Directorate of Education and Childrens Services
Reading Borough Council,17/07/2025,250467,78976,THE RIDGEWAY PRIMARY,The Ridgeway Primary,8918.21,Income                        -,Schools holding code,RBC Spreadsheet Invoice,R3118,Former Directorate of Education and Childrens Services
Reading Borough Council,17/07/2025,250468,78977,SOUTHCOTE PRIMARY SCHOOL,Southcote Primary,8026.95,Income                        -,Schools holding code,RBC Spreadsheet Invoice,R3102,Former Directorate of Education and Childrens Services
Reading Borough Council,17/07/2025,250469,78978,ST ANNES RC PRIMARY,St Anne's RC Primary,1984.11,Income                        -,Schools holding code,RBC Spreadsheet Invoice,R3104,Former Directorate of Education and Childrens Services
Reading Borough Council,17/07/2025,250470,78979,ST MARTINS RC PRIMARY,St Martin's RC Primary,5233.51,Income                        -,Schools holding code,RBC Spreadsheet Invoice,R3108,Former Directorate of Education and Childrens Services
Reading Borough Council,17/07/2025,250471,78980,ST MICHAELS PRIMARY,St Michael's Primary,23532.31,Income                        -,Schools holding code,RBC Spreadsheet Invoice,R3112,Former Directorate of Education and Childrens Services
Reading Borough Council,17/07/2025,250472,78981,THAMESIDE PRIMARY SCHOOL,Thameside Primary,9374.62,Income                        -,Schools holding code,RBC Spreadsheet Invoice,R3114,Former Directorate of Education and Childrens Services
Reading Borough Council,17/07/2025,250474,78982,WILSON PRIMARY,Wilson Primary,6701.35,Income                        -,Schools holding code,RBC Spreadsheet Invoice,R3126,Former Directorate of Education and Childrens Services
Reading Borough Council,17/07/2025,250458,78983,THE HOLY BROOK SCHOOL,The Holy Brook,2836.19,Income                        -,Schools holding code,RBC Spreadsheet Invoice,R3254,Former Directorate of Education and Childrens Services
Reading Borough Council,17/07/2025,250444,78984,BLAGDON NURSERY,Blagdon Nursery,2065.83,Income                        -,Schools holding code,RBC Spreadsheet Invoice,R3000,Former Directorate of Education and Childrens Services
Reading Borough Council,17/07/2025,250445,78985,BLAGRAVE NURSERY,Blagrave Nursery,3325.49,Income                        -,Schools holding code,RBC Spreadsheet Invoice,R3002,Former Directorate of Education and Childrens Services
Reading Borough Council,17/07/2025,250447,78986,CAVERSHAM NURSERY,Caversham Nursery,2213.1,Income                        -,Schools holding code,RBC Spreadsheet Invoice,R3004,Former Directorate of Education and Childrens Services
Reading Borough Council,17/07/2025,250463,78987,NEW BRIDGE NURSERY SCHOOL,New Bridge Nursery,1047.13,Income                        -,Schools holding code,RBC Spreadsheet Invoice,R3006,Former Directorate of Education and Childrens Services
Reading Borough Council,17/07/2025,250464,78988,NORCOT EARLY YEARS CENTRE,Norcot Nursery,14466.33,Income                        -,Schools holding code,RBC Spreadsheet Invoice,R3010,Former Directorate of Education and Childrens Services
Reading Borough Council,17/07/2025,250858,78989,JIGSAW CREATIVE CARE LTD,LD Community Services,7204.32,Third Party Payments          -,Purchased Care,RBC Mosaic Invoice,R5741,Directorate of Social Care and Health Services
Reading Borough Council,17/07/2025,250866,78992,TONNA CARE SERVICES LTD,LD Community Services,7707.84,Third Party Payments          -,Purchased Care,RBC Mosaic Invoice,R5741,Directorate of Social Care and Health Services
Reading Borough Council,17/07/2025,250867,78992,TONNA CARE SERVICES LTD,Mental Health Community Servic,854.82,Third Party Payments          -,Purchased Care,RBC Mosaic Invoice,R5731,Directorate of Social Care and Health Services
Reading Borough Council,17/07/2025,250648,78993,THE MOVE UP PROJECT,LD Community Services,530.66,Third Party Payments          -,Purchased Care,RBC Mosaic Invoice,R5741,Directorate of Social Care and Health Services
Reading Borough Council,17/07/2025,250649,78993,THE MOVE UP PROJECT,LD Community Services,530.66,Third Party Payments          -,Purchased Care,RBC Mosaic Invoice,R5741,Directorate of Social Care and Health Services
Reading Borough Council,17/07/2025,250650,78993,THE MOVE UP PROJECT,LD Community Services,530.66,Third Party Payments          -,Purchased Care,RBC Mosaic Invoice,R5741,Directorate of Social Care and Health Services
Reading Borough Council,17/07/2025,250651,78993,THE MOVE UP PROJECT,LD Community Services,530.66,Third Party Payments          -,Purchased Care,RBC Mosaic Invoice,R5741,Directorate of Social Care and Health Services
Reading Borough Council,17/07/2025,250665,78993,THE MOVE UP PROJECT,LD Community Services,530.66,Third Party Payments          -,Purchased Care,RBC Mosaic Invoice,R5741,Directorate of Social Care and Health Services
Reading Borough Council,17/07/2025,250637,78994,DIMENSIONS (UK) LTD,LD Community Services,1721.42,Third Party Payments          -,Purchased Care,RBC Mosaic Invoice,R5741,Directorate of Social Care and Health Services
Reading Borough Council,17/07/2025,250643,78994,DIMENSIONS (UK) LTD,LD Community Services,6699.04,Third Party Payments          -,Purchased Care,RBC Mosaic Invoice,R5741,Directorate of Social Care and Health Services
Reading Borough Council,17/07/2025,250644,78994,DIMENSIONS (UK) LTD,LD Community Services,6408.68,Third Party Payments          -,Purchased Care,RBC Mosaic Invoice,R5741,Directorate of Social Care and Health Services
Reading Borough Council,17/07/2025,250645,78994,DIMENSIONS (UK) LTD,LD Community Services,7777.52,Third Party Payments          -,Purchased Care,RBC Mosaic Invoice,R5741,Directorate of Social Care and Health Services
Reading Borough Council,17/07/2025,250646,78994,DIMENSIONS (UK) LTD,LD Community Services,14808.36,Third Party Payments          -,Purchased Care,RBC Mosaic Invoice,R5741,Directorate of Social Care and Health Services
Reading Borough Council,17/07/2025,250647,78994,DIMENSIONS (UK) LTD,LD Community Services,9063.4,Third Party Payments          -,Purchased Care,RBC Mosaic Invoice,R5741,Directorate of Social Care and Health Services
Reading Borough Council,17/07/2025,250857,78994,DIMENSIONS (UK) LTD,LD Community Services,14435.04,Third Party Payments          -,Purchased Care,RBC Mosaic Invoice,R5741,Directorate of Social Care and Health Services
Reading Borough Council,17/07/2025,250955,78995,M & B ELECTRICAL SERVICES (READING) LTD,Corporate FM - Office Building,15296.5,Premises Related Expenses     -,Building Maintenance,RBC CIS Invoice,R3738,Directorate of Economic Growth and Neighbourhood Services
Reading Borough Council,17/07/2025,250638,78996,VOYAGE CARE,LD Community Services,5137.16,Third Party Payments          -,Purchased Care,RBC Mosaic Invoice,R5741,Directorate of Social Care and Health Services
Reading Borough Council,17/07/2025,250639,78996,VOYAGE CARE,Social Support,1895.88,Third Party Payments          -,Purchased Care,RBC Mosaic Invoice,R5790,Directorate of Social Care and Health Services
Reading Borough Council,17/07/2025,250640,78996,VOYAGE CARE,LD Community Services,4558.2,Third Party Payments          -,Purchased Care,RBC Mosaic Invoice,R5741,Directorate of Social Care and Health Services
Reading Borough Council,17/07/2025,250641,78996,VOYAGE CARE,LD Community Services,4056.36,Third Party Payments          -,Purchased Care,RBC Mosaic Invoice,R5741,Directorate of Social Care and Health Services
Reading Borough Council,17/07/2025,250642,78996,VOYAGE CARE,LD Community Services,2721.2,Third Party Payments          -,Purchased Care,RBC Mosaic Invoice,R5741,Directorate of Social Care and Health Services
Reading Borough Council,17/07/2025,250315,78997,XEROX,Printing,4802.59,Supplies and Services         -,Photocopying,RBC Standard Invoice,R2590,Directorate of Economic Growth and Neighbourhood Services
Reading Borough Council,17/07/2025,250318,78997,XEROX,Printing,8284.57,Supplies and Services         -,Photocopying,RBC Standard Invoice,R2590,Directorate of Economic Growth and Neighbourhood Services
Reading Borough Council,17/07/2025,250731,78998,KCARE NURSING AGENCY LTD,PS Acquired Community Services,7290,Third Party Payments          -,Purchased Care,RBC Mosaic Invoice,R5771,Directorate of Social Care and Health Services
Reading Borough Council,17/07/2025,250793,78999,COMFORT CARE SERVICES LTD,Mental Health Community Servic,1175.36,Third Party Payments          -,Purchased Care,RBC Mosaic Invoice,R5731,Directorate of Social Care and Health Services
Reading Borough Council,17/07/2025,250795,78999,COMFORT CARE SERVICES LTD,Mental Health Community Servic,692.2,Third Party Payments          -,Purchased Care,RBC Mosaic Invoice,R5731,Directorate of Social Care and Health Services
Reading Borough Council,17/07/2025,249677,79001,RNR PROPERTIES LTD,Housing Advice,2500,Supplies and Services         -,Preventative & Support Svces,RBC Refunds Manual Entry,R5820,Directorate of Economic Growth and Neighbourhood Services
Reading Borough Council,17/07/2025,249975,79001,RNR PROPERTIES LTD,Housing Advice,4500,Supplies and Services         -,Preventative & Support Svces,RBC Refunds Manual Entry,R5820,Directorate of Economic Growth and Neighbourhood Services
Reading Borough Council,17/07/2025,250784,79002,YELLOW CARS LTD,LD Community Services,900,Third Party Payments          -,Service User Travel Costs,RBC Mosaic Invoice,R5741,Directorate of Social Care and Health Services
Reading Borough Council,17/07/2025,250785,79002,YELLOW CARS LTD,LD Community Services,613,Third Party Payments          -,Service User Travel Costs,RBC Mosaic Invoice,R5741,Directorate of Social Care and Health Services
Reading Borough Council,17/07/2025,250787,79002,YELLOW CARS LTD,PS Acquired Community Services,770,Third Party Payments          -,Service User Travel Costs,RBC Mosaic Invoice,R5771,Directorate of Social Care and Health Services
Reading Borough Council,17/07/2025,240638,79004,CSCO.AUDIO,Events & Engagement,674.5,Supplies and Services         -,Special Activities,RBC Standard Invoice,R2080,Chief Executive
Reading Borough Council,17/07/2025,250389,79006,ALLPAY.NET.LTD,Contracts & Commissioning,1942.97,Supplies and Services         -,Stationery,RBC Standard Invoice,R3452,Directorate of Social Care and Health Services
Reading Borough Council,17/07/2025,250967,79007,PANDORA MAPLE T/A HANNINGTONS PARTNERSHI,Emergency Accommodation,2550,Premises Related Expenses     -,Rents,RBC Standard Invoice,R5871,Directorate of Economic Growth and Neighbourhood Services
Reading Borough Council,17/07/2025,250968,79007,PANDORA MAPLE T/A HANNINGTONS PARTNERSHI,Emergency Accommodation,2250,Premises Related Expenses     -,Rents,RBC Standard Invoice,R5871,Directorate of Economic Growth and Neighbourhood Services
Reading Borough Council,17/07/2025,250974,79007,PANDORA MAPLE T/A HANNINGTONS PARTNERSHI,Emergency Accommodation,1500,Premises Related Expenses     -,Rents,RBC Standard Invoice,R5871,Directorate of Economic Growth and Neighbourhood Services
Reading Borough Council,17/07/2025,250975,79007,PANDORA MAPLE T/A HANNINGTONS PARTNERSHI,Emergency Accommodation,2250,Premises Related Expenses     -,Rents,RBC Standard Invoice,R5871,Directorate of Economic Growth and Neighbourhood Services
Reading Borough Council,17/07/2025,250976,79007,PANDORA MAPLE T/A HANNINGTONS PARTNERSHI,Emergency Accommodation,2550,Premises Related Expenses     -,Rents,RBC Standard Invoice,R5871,Directorate of Economic Growth and Neighbourhood Services
Reading Borough Council,17/07/2025,250977,79007,PANDORA MAPLE T/A HANNINGTONS PARTNERSHI,Emergency Accommodation,2850,Premises Related Expenses     -,Rents,RBC Standard Invoice,R5871,Directorate of Economic Growth and Neighbourhood Services
Reading Borough Council,17/07/2025,250978,79007,PANDORA MAPLE T/A HANNINGTONS PARTNERSHI,Emergency Accommodation,1875,Premises Related Expenses     -,Rents,RBC Standard Invoice,R5871,Directorate of Economic Growth and Neighbourhood Services
Reading Borough Council,17/07/2025,250979,79007,PANDORA MAPLE T/A HANNINGTONS PARTNERSHI,Emergency Accommodation,2250,Premises Related Expenses     -,Rents,RBC Standard Invoice,R5871,Directorate of Economic Growth and Neighbourhood Services
Reading Borough Council,17/07/2025,250980,79007,PANDORA MAPLE T/A HANNINGTONS PARTNERSHI,Emergency Accommodation,2250,Premises Related Expenses     -,Rents,RBC Standard Invoice,R5871,Directorate of Economic Growth and Neighbourhood Services
Reading Borough Council,17/07/2025,250629,79008,BROOK HOUSE RESIDENTIAL CARE HOME LTD,Mental Health Community Servic,3483.76,Third Party Payments          -,Purchased Care,RBC Mosaic Invoice,R5731,Directorate of Social Care and Health Services
Reading Borough Council,17/07/2025,250631,79009,THRIVE,LD Community Services,607.12,Third Party Payments          -,Day Care Purchases,RBC Mosaic Invoice,R5741,Directorate of Social Care and Health Services
Reading Borough Council,17/07/2025,250594,79010,CREATIVE SUPPORT LTD,Mental Health Community Servic,1134.78,Third Party Payments          -,Purchased Care,RBC Mosaic Invoice,R5731,Directorate of Social Care and Health Services
Reading Borough Council,17/07/2025,250595,79010,CREATIVE SUPPORT LTD,Mental Health Community Servic,1200.66,Third Party Payments          -,Purchased Care,RBC Mosaic Invoice,R5731,Directorate of Social Care and Health Services
Reading Borough Council,17/07/2025,250925,79010,CREATIVE SUPPORT LTD,Mental Health Community Servic,655.84,Third Party Payments          -,Purchased Care,RBC Mosaic Invoice,R5731,Directorate of Social Care and Health Services
Reading Borough Council,17/07/2025,250681,79011,CROWN LODGE GUEST HOUSE,Social Support,735,Third Party Payments          -,Emergency Accomodation,RBC Mosaic Invoice,R5790,Directorate of Social Care and Health Services
Reading Borough Council,17/07/2025,250682,79011,CROWN LODGE GUEST HOUSE,Social Support,560,Third Party Payments          -,Emergency Accomodation,RBC Mosaic Invoice,R5790,Directorate of Social Care and Health Services
Reading Borough Council,17/07/2025,250704,79013,CAREMARK (WEST BERKSHIRE & READING),PS Acquired Community Services,2308.88,Third Party Payments          -,Purchased Care,RBC Mosaic Invoice,R5771,Directorate of Social Care and Health Services
Reading Borough Council,17/07/2025,250705,79013,CAREMARK (WEST BERKSHIRE & READING),PS Acquired Community Services,2968.56,Third Party Payments          -,Purchased Care,RBC Mosaic Invoice,R5771,Directorate of Social Care and Health Services
Reading Borough Council,17/07/2025,250706,79013,CAREMARK (WEST BERKSHIRE & READING),PS Acquired Community Services,4782.68,Third Party Payments          -,Purchased Care,RBC Mosaic Invoice,R5771,Directorate of Social Care and Health Services
Reading Borough Council,17/07/2025,250708,79013,CAREMARK (WEST BERKSHIRE & READING),LD Community Services,942.4,Third Party Payments          -,Purchased Care,RBC Mosaic Invoice,R5741,Directorate of Social Care and Health Services
Reading Borough Council,17/07/2025,250709,79013,CAREMARK (WEST BERKSHIRE & READING),PS Acquired Community Services,1554.96,Third Party Payments          -,Purchased Care,RBC Mosaic Invoice,R5771,Directorate of Social Care and Health Services
Reading Borough Council,17/07/2025,250710,79013,CAREMARK (WEST BERKSHIRE & READING),PS Acquired Community Services,1507.84,Third Party Payments          -,Purchased Care,RBC Mosaic Invoice,R5771,Directorate of Social Care and Health Services
Reading Borough Council,17/07/2025,250711,79013,CAREMARK (WEST BERKSHIRE & READING),PS Acquired Community Services,1060.2,Third Party Payments          -,Purchased Care,RBC Mosaic Invoice,R5771,Directorate of Social Care and Health Services
Reading Borough Council,17/07/2025,250712,79013,CAREMARK (WEST BERKSHIRE & READING),PS Acquired Community Services,1696.32,Third Party Payments          -,Purchased Care,RBC Mosaic Invoice,R5771,Directorate of Social Care and Health Services
Reading Borough Council,17/07/2025,250713,79013,CAREMARK (WEST BERKSHIRE & READING),PS Acquired Community Services,1507.84,Third Party Payments          -,Purchased Care,RBC Mosaic Invoice,R5771,Directorate of Social Care and Health Services
Reading Borough Council,17/07/2025,250714,79013,CAREMARK (WEST BERKSHIRE & READING),PS Acquired Community Services,954.18,Third Party Payments          -,Purchased Care,RBC Mosaic Invoice,R5771,Directorate of Social Care and Health Services
Reading Borough Council,17/07/2025,250715,79013,CAREMARK (WEST BERKSHIRE & READING),PS Acquired Community Services,1154.44,Third Party Payments          -,Purchased Care,RBC Mosaic Invoice,R5771,Directorate of Social Care and Health Services
Reading Borough Council,17/07/2025,250716,79013,CAREMARK (WEST BERKSHIRE & READING),PS Acquired Community Services,1484.28,Third Party Payments          -,Purchased Care,RBC Mosaic Invoice,R5771,Directorate of Social Care and Health Services
Reading Borough Council,17/07/2025,250717,79013,CAREMARK (WEST BERKSHIRE & READING),LD Community Services,942.4,Third Party Payments          -,Purchased Care,RBC Mosaic Invoice,R5741,Directorate of Social Care and Health Services
Reading Borough Council,17/07/2025,250718,79013,CAREMARK (WEST BERKSHIRE & READING),PS Acquired Community Services,2968.56,Third Party Payments          -,Purchased Care,RBC Mosaic Invoice,R5771,Directorate of Social Care and Health Services
Reading Borough Council,17/07/2025,250719,79013,CAREMARK (WEST BERKSHIRE & READING),PS Acquired Community Services,1484.28,Third Party Payments          -,Purchased Care,RBC Mosaic Invoice,R5771,Directorate of Social Care and Health Services
Reading Borough Council,17/07/2025,250720,79013,CAREMARK (WEST BERKSHIRE & READING),PS Acquired Community Services,989.52,Third Party Payments          -,Purchased Care,RBC Mosaic Invoice,R5771,Directorate of Social Care and Health Services
Reading Borough Council,17/07/2025,250721,79013,CAREMARK (WEST BERKSHIRE & READING),PS Acquired Community Services,2968.56,Third Party Payments          -,Purchased Care,RBC Mosaic Invoice,R5771,Directorate of Social Care and Health Services
Reading Borough Council,17/07/2025,250723,79013,CAREMARK (WEST BERKSHIRE & READING),PS Acquired Community Services,871.72,Third Party Payments          -,Purchased Care,RBC Mosaic Invoice,R5771,Directorate of Social Care and Health Services
Reading Borough Council,17/07/2025,250473,79014,WHITLEY PARK SCHOOL,Whitley Park Primary,8192.75,Income                        -,Schools holding code,RBC Spreadsheet Invoice,R3123,Former Directorate of Education and Childrens Services
Reading Borough Council,17/07/2025,243086,79015,EDGE TRAINING & CONSULTANCY LTD,DCASC Training,925,Employees                     -,Training & Development Costs,RBC Standard Invoice,R5705,Directorate of Social Care and Health Services
Reading Borough Council,17/07/2025,250734,79016,SURECARE (READING & EAST BERKSHIRE),PS Acquired Community Services,2968.56,Third Party Payments          -,Purchased Care,RBC Mosaic Invoice,R5771,Directorate of Social Care and Health Services
Reading Borough Council,17/07/2025,250735,79016,SURECARE (READING & EAST BERKSHIRE),PS Acquired Community Services,1649.2,Third Party Payments          -,Purchased Care,RBC Mosaic Invoice,R5771,Directorate of Social Care and Health Services
Reading Borough Council,17/07/2025,250736,79016,SURECARE (READING & EAST BERKSHIRE),PS Acquired Community Services,1484.28,Third Party Payments          -,Purchased Care,RBC Mosaic Invoice,R5771,Directorate of Social Care and Health Services
Reading Borough Council,17/07/2025,250737,79016,SURECARE (READING & EAST BERKSHIRE),PS Acquired Community Services,1083.76,Third Party Payments          -,Purchased Care,RBC Mosaic Invoice,R5771,Directorate of Social Care and Health Services
Reading Borough Council,17/07/2025,250738,79016,SURECARE (READING & EAST BERKSHIRE),PS Acquired Community Services,1578.52,Third Party Payments          -,Purchased Care,RBC Mosaic Invoice,R5771,Directorate of Social Care and Health Services
Reading Borough Council,17/07/2025,250739,79016,SURECARE (READING & EAST BERKSHIRE),PS Acquired Community Services,659.68,Third Party Payments          -,Purchased Care,RBC Mosaic Invoice,R5771,Directorate of Social Care and Health Services
Reading Borough Council,17/07/2025,250740,79016,SURECARE (READING & EAST BERKSHIRE),PS Acquired Community Services,659.68,Third Party Payments          -,Purchased Care,RBC Mosaic Invoice,R5771,Directorate of Social Care and Health Services
Reading Borough Council,17/07/2025,250741,79016,SURECARE (READING & EAST BERKSHIRE),PS Acquired Community Services,1979.04,Third Party Payments          -,Purchased Care,RBC Mosaic Invoice,R5771,Directorate of Social Care and Health Services
Reading Borough Council,17/07/2025,250742,79016,SURECARE (READING & EAST BERKSHIRE),PS Acquired Community Services,1154.44,Third Party Payments          -,Purchased Care,RBC Mosaic Invoice,R5771,Directorate of Social Care and Health Services
Reading Borough Council,17/07/2025,250743,79016,SURECARE (READING & EAST BERKSHIRE),PS Acquired Community Services,1814.12,Third Party Payments          -,Purchased Care,RBC Mosaic Invoice,R5771,Directorate of Social Care and Health Services
Reading Borough Council,17/07/2025,250744,79016,SURECARE (READING & EAST BERKSHIRE),PS Acquired Community Services,2809.57,Third Party Payments          -,Purchased Care,RBC Mosaic Invoice,R5771,Directorate of Social Care and Health Services
Reading Borough Council,17/07/2025,250745,79016,SURECARE (READING & EAST BERKSHIRE),PS Acquired Community Services,759.81,Third Party Payments          -,Purchased Care,RBC Mosaic Invoice,R5771,Directorate of Social Care and Health Services
Reading Borough Council,17/07/2025,250746,79016,SURECARE (READING & EAST BERKSHIRE),PS Acquired Community Services,1354.7,Third Party Payments          -,Purchased Care,RBC Mosaic Invoice,R5771,Directorate of Social Care and Health Services
Reading Borough Council,17/07/2025,250747,79016,SURECARE (READING & EAST BERKSHIRE),M&C Acquired Community Service,1507.84,Third Party Payments          -,Purchased Care,RBC Mosaic Invoice,R5751,Directorate of Social Care and Health Services
Reading Borough Council,17/07/2025,250748,79016,SURECARE (READING & EAST BERKSHIRE),PS Acquired Community Services,3958.08,Third Party Payments          -,Purchased Care,RBC Mosaic Invoice,R5771,Directorate of Social Care and Health Services
Reading Borough Council,17/07/2025,250749,79016,SURECARE (READING & EAST BERKSHIRE),PS Acquired Community Services,1319.36,Third Party Payments          -,Purchased Care,RBC Mosaic Invoice,R5771,Directorate of Social Care and Health Services
Reading Borough Council,17/07/2025,250750,79016,SURECARE (READING & EAST BERKSHIRE),PS Acquired Community Services,2791.86,Third Party Payments          -,Purchased Care,RBC Mosaic Invoice,R5771,Directorate of Social Care and Health Services
Reading Borough Council,17/07/2025,250751,79016,SURECARE (READING & EAST BERKSHIRE),M&C Acquired Community Service,824.6,Third Party Payments          -,Purchased Care,RBC Mosaic Invoice,R5751,Directorate of Social Care and Health Services
Reading Borough Council,17/07/2025,250753,79016,SURECARE (READING & EAST BERKSHIRE),PS Acquired Community Services,1319.36,Third Party Payments          -,Purchased Care,RBC Mosaic Invoice,R5771,Directorate of Social Care and Health Services
Reading Borough Council,17/07/2025,250754,79016,SURECARE (READING & EAST BERKSHIRE),PS Acquired Community Services,2214.64,Third Party Payments          -,Purchased Care,RBC Mosaic Invoice,R5771,Directorate of Social Care and Health Services
Reading Borough Council,17/07/2025,250755,79016,SURECARE (READING & EAST BERKSHIRE),PS Acquired Community Services,565.44,Third Party Payments          -,Purchased Care,RBC Mosaic Invoice,R5771,Directorate of Social Care and Health Services
Reading Borough Council,17/07/2025,250756,79016,SURECARE (READING & EAST BERKSHIRE),PS Acquired Community Services,1696.32,Third Party Payments          -,Purchased Care,RBC Mosaic Invoice,R5771,Directorate of Social Care and Health Services
Reading Borough Council,17/07/2025,250757,79016,SURECARE (READING & EAST BERKSHIRE),PS Acquired Community Services,2968.56,Third Party Payments          -,Purchased Care,RBC Mosaic Invoice,R5771,Directorate of Social Care and Health Services
Reading Borough Council,17/07/2025,250759,79016,SURECARE (READING & EAST BERKSHIRE),LD Community Services,817,Third Party Payments          -,Purchased Care,RBC Mosaic Invoice,R5741,Directorate of Social Care and Health Services
Reading Borough Council,17/07/2025,250874,79017,ROYLE CARE LTD,LD Community Services,1250.64,Third Party Payments          -,Purchased Care,RBC Mosaic Invoice,R5741,Directorate of Social Care and Health Services
Reading Borough Council,17/07/2025,250875,79017,ROYLE CARE LTD,LD Community Services,1111.68,Third Party Payments          -,Purchased Care,RBC Mosaic Invoice,R5741,Directorate of Social Care and Health Services
Reading Borough Council,17/07/2025,250636,79018,TOTAL HEALTH SUPPORT & TRAINING SERVICES,Mental Health Community Servic,2139,Third Party Payments          -,Purchased Care,RBC Mosaic Invoice,R5731,Directorate of Social Care and Health Services
Reading Borough Council,17/07/2025,245322,79019,BREEDON SOUTHERN LTD,Highways,708.06,Supplies and Services         -,Materials,RBC Standard Invoice,R4252,Directorate of Economic Growth and Neighbourhood Services
Reading Borough Council,17/07/2025,243493,79021,M&D SERVICES,Cemeteries,1400,Premises Related Expenses     -,Grounds Maintenance,RBC CIS Invoice,R4607,Directorate of Resources
Reading Borough Council,17/07/2025,228321,79023,THE OYSTER PARTNERSHIP LTD,Alcohol & Entertainment licenc,841.65,Employees                     -,Agency Staff,RBC Standard Invoice,R4602,Directorate of Economic Growth and Neighbourhood Services
Reading Borough Council,17/07/2025,231338,79023,THE OYSTER PARTNERSHIP LTD,Alcohol & Entertainment licenc,868.8,Employees                     -,Agency Staff,RBC Standard Invoice,R4602,Directorate of Economic Growth and Neighbourhood Services
Reading Borough Council,17/07/2025,250789,79024,MAKAI CARE LTD,Mental Health Community Servic,3280.46,Third Party Payments          -,Purchased Care,RBC Mosaic Invoice,R5731,Directorate of Social Care and Health Services
Reading Borough Council,17/07/2025,250790,79024,MAKAI CARE LTD,PS Acquired Community Services,3920.66,Third Party Payments          -,Purchased Care,RBC Mosaic Invoice,R5771,Directorate of Social Care and Health Services
Reading Borough Council,17/07/2025,250791,79024,MAKAI CARE LTD,M&C Acquired Community Service,4446.86,Third Party Payments          -,Purchased Care,RBC Mosaic Invoice,R5751,Directorate of Social Care and Health Services
Reading Borough Council,17/07/2025,241341,79027,CARE4U WE LTD,Mental Health Community Servic,2812.44,Third Party Payments          -,Purchased Care,RBC Mosaic Invoice,R5731,Directorate of Social Care and Health Services
Reading Borough Council,17/07/2025,241401,79027,CARE4U WE LTD,Mental Health Community Servic,2706.45,Third Party Payments          -,Purchased Care,RBC Mosaic Invoice,R5731,Directorate of Social Care and Health Services
Reading Borough Council,17/07/2025,250792,79027,CARE4U WE LTD,Mental Health Community Servic,8653.34,Third Party Payments          -,Purchased Care,RBC Mosaic Invoice,R5731,Directorate of Social Care and Health Services
Reading Borough Council,17/07/2025,250829,79027,CARE4U WE LTD,LD Community Services,3740.94,Third Party Payments          -,Purchased Care,RBC Mosaic Invoice,R5741,Directorate of Social Care and Health Services
Reading Borough Council,17/07/2025,250834,79027,CARE4U WE LTD,LD Community Services,4456.98,Third Party Payments          -,Day Care Purchases,RBC Mosaic Invoice,R5741,Directorate of Social Care and Health Services
Reading Borough Council,17/07/2025,250835,79027,CARE4U WE LTD,LD Community Services,4429.42,Third Party Payments          -,Day Care Purchases,RBC Mosaic Invoice,R5741,Directorate of Social Care and Health Services
Reading Borough Council,17/07/2025,250836,79027,CARE4U WE LTD,LD Community Services,3719.48,Third Party Payments          -,Purchased Care,RBC Mosaic Invoice,R5741,Directorate of Social Care and Health Services
Reading Borough Council,17/07/2025,250837,79027,CARE4U WE LTD,LD Community Services,3340.28,Third Party Payments          -,Purchased Care,RBC Mosaic Invoice,R5741,Directorate of Social Care and Health Services
Reading Borough Council,17/07/2025,250887,79027,CARE4U WE LTD,LD Community Services,3719.48,Third Party Payments          -,Purchased Care,RBC Mosaic Invoice,R5741,Directorate of Social Care and Health Services
Reading Borough Council,17/07/2025,240636,79031,AVC WISE LTD,HR & Payroll,2006.82,Supplies and Services         -,Miscellaneous Expenses,RBC Standard Invoice,R2600,Directorate of Resources
Reading Borough Council,17/07/2025,250760,79032,MULTI-CARE READING COMMUNITY SERVICES LI,PS Acquired Community Services,624.34,Third Party Payments          -,Purchased Care,RBC Mosaic Invoice,R5771,Directorate of Social Care and Health Services
Reading Borough Council,17/07/2025,250761,79032,MULTI-CARE READING COMMUNITY SERVICES LI,PS Acquired Community Services,1272.24,Third Party Payments          -,Purchased Care,RBC Mosaic Invoice,R5771,Directorate of Social Care and Health Services
Reading Borough Council,17/07/2025,250763,79032,MULTI-CARE READING COMMUNITY SERVICES LI,PS Acquired Community Services,2968.56,Third Party Payments          -,Purchased Care,RBC Mosaic Invoice,R5771,Directorate of Social Care and Health Services
Reading Borough Council,17/07/2025,250764,79032,MULTI-CARE READING COMMUNITY SERVICES LI,PS Acquired Community Services,824.6,Third Party Payments          -,Purchased Care,RBC Mosaic Invoice,R5771,Directorate of Social Care and Health Services
Reading Borough Council,17/07/2025,250765,79032,MULTI-CARE READING COMMUNITY SERVICES LI,PS Acquired Community Services,2638.72,Third Party Payments          -,Purchased Care,RBC Mosaic Invoice,R5771,Directorate of Social Care and Health Services
Reading Borough Council,17/07/2025,250767,79032,MULTI-CARE READING COMMUNITY SERVICES LI,M&C Acquired Community Service,659.68,Third Party Payments          -,Purchased Care,RBC Mosaic Invoice,R5751,Directorate of Social Care and Health Services
Reading Borough Council,17/07/2025,250768,79032,MULTI-CARE READING COMMUNITY SERVICES LI,PS Acquired Community Services,1154.44,Third Party Payments          -,Purchased Care,RBC Mosaic Invoice,R5771,Directorate of Social Care and Health Services
Reading Borough Council,17/07/2025,250769,79032,MULTI-CARE READING COMMUNITY SERVICES LI,PS Acquired Community Services,659.68,Third Party Payments          -,Purchased Care,RBC Mosaic Invoice,R5771,Directorate of Social Care and Health Services
Reading Borough Council,17/07/2025,250770,79032,MULTI-CARE READING COMMUNITY SERVICES LI,Social Support,3298.4,Third Party Payments          -,Purchased Care,RBC Mosaic Invoice,R5790,Directorate of Social Care and Health Services
Reading Borough Council,17/07/2025,250772,79032,MULTI-CARE READING COMMUNITY SERVICES LI,PS Acquired Community Services,1814.12,Third Party Payments          -,Purchased Care,RBC Mosaic Invoice,R5771,Directorate of Social Care and Health Services
Reading Borough Council,17/07/2025,250773,79032,MULTI-CARE READING COMMUNITY SERVICES LI,Social Support,4287.92,Third Party Payments          -,Purchased Care,RBC Mosaic Invoice,R5790,Directorate of Social Care and Health Services
Reading Borough Council,17/07/2025,250774,79032,MULTI-CARE READING COMMUNITY SERVICES LI,PS Acquired Community Services,2285.32,Third Party Payments          -,Purchased Care,RBC Mosaic Invoice,R5771,Directorate of Social Care and Health Services
Reading Borough Council,17/07/2025,250775,79032,MULTI-CARE READING COMMUNITY SERVICES LI,PS Acquired Community Services,895.28,Third Party Payments          -,Purchased Care,RBC Mosaic Invoice,R5771,Directorate of Social Care and Health Services
Reading Borough Council,17/07/2025,250776,79032,MULTI-CARE READING COMMUNITY SERVICES LI,PS Acquired Community Services,895.28,Third Party Payments          -,Purchased Care,RBC Mosaic Invoice,R5771,Directorate of Social Care and Health Services
Reading Borough Council,17/07/2025,250777,79032,MULTI-CARE READING COMMUNITY SERVICES LI,PS Acquired Community Services,6596.8,Third Party Payments          -,Purchased Care,RBC Mosaic Invoice,R5771,Directorate of Social Care and Health Services
Reading Borough Council,17/07/2025,250778,79032,MULTI-CARE READING COMMUNITY SERVICES LI,M&C Acquired Community Service,2968.56,Third Party Payments          -,Purchased Care,RBC Mosaic Invoice,R5751,Directorate of Social Care and Health Services
Reading Borough Council,17/07/2025,250779,79032,MULTI-CARE READING COMMUNITY SERVICES LI,PS Acquired Community Services,659.68,Third Party Payments          -,Purchased Care,RBC Mosaic Invoice,R5771,Directorate of Social Care and Health Services
Reading Borough Council,17/07/2025,250780,79032,MULTI-CARE READING COMMUNITY SERVICES LI,PS Acquired Community Services,5502.88,Third Party Payments          -,Purchased Care,RBC Mosaic Invoice,R5771,Directorate of Social Care and Health Services
Reading Borough Council,17/07/2025,250796,79032,MULTI-CARE READING COMMUNITY SERVICES LI,PS Acquired Community Services,1814.12,Third Party Payments          -,Purchased Care,RBC Mosaic Invoice,R5771,Directorate of Social Care and Health Services
Reading Borough Council,17/07/2025,250607,79033,LOVING ANGELS CARE,LD Community Services,3213.42,Third Party Payments          -,Purchased Care,RBC Mosaic Invoice,R5741,Directorate of Social Care and Health Services
Reading Borough Council,17/07/2025,250666,79033,LOVING ANGELS CARE,Mental Health Community Servic,583.18,Third Party Payments          -,Purchased Care,RBC Mosaic Invoice,R5731,Directorate of Social Care and Health Services
Reading Borough Council,17/07/2025,250781,79035,LIMMS CARE SERVICES,PS Acquired Community Services,4452.84,Third Party Payments          -,Purchased Care,RBC Mosaic Invoice,R5771,Directorate of Social Care and Health Services
Reading Borough Council,17/07/2025,247193,79036,SOLUTIONS 4 HEALTH LTD,Berkshire West Public Health H,21250,Supplies and Services         -,Payments to Operators,RBC Standard Invoice,R2002,Directorate of Social Care and Health Services
Reading Borough Council,17/07/2025,250394,79039,TUSKERDIRECT LTD,DLO Housing & Corporate Projec,637.72,Employees                     -,Basic Pay : General,RBC Standard Invoice,R4045,Directorate of Economic Growth and Neighbourhood Services
Reading Borough Council,17/07/2025,248134,79040,XCLUSIVE PROPERTIES LTD,Emergency Accommodation,3565,Premises Related Expenses     -,Rents,RBC Standard Invoice,R5871,Directorate of Economic Growth and Neighbourhood Services
Reading Borough Council,17/07/2025,241265,79041,YOU & ME SUPPORTED LIVING LTD,LD Community Services,5520.04,Third Party Payments          -,Purchased Care,RBC Mosaic Invoice,R5741,Directorate of Social Care and Health Services
Reading Borough Council,17/07/2025,248144,79042,CHARLES WILSON ENGINEERS LTD,Highways,1168,Transport Related Expenditure -,Hire of Plant,RBC Standard Invoice,R4252,Directorate of Economic Growth and Neighbourhood Services
Reading Borough Council,17/07/2025,240178,79043,RUSSELL RESIDENCES LTD,Emergency Accommodation,728,Premises Related Expenses     -,Rents,RBC Standard Invoice,R5871,Directorate of Economic Growth and Neighbourhood Services
Reading Borough Council,17/07/2025,250314,79044,ENABLE ACCESS LTD,Planned Maintenance Trades,1039,Third Party Payments          -,Subcontractors Labour,RBC Standard Invoice,R4040,Directorate of Economic Growth and Neighbourhood Services
Reading Borough Council,17/07/2025,250982,79045,OA ESTATES LTD,Emergency Accommodation,1430,Premises Related Expenses     -,Rents,RBC Standard Invoice,R5871,Directorate of Economic Growth and Neighbourhood Services
Reading Borough Council,17/07/2025,250679,79046,PLATFORM CARE SERVICES LTD,LD Community Services,1083,Third Party Payments          -,Day Care Purchases,RBC Mosaic Invoice,R5741,Directorate of Social Care and Health Services
Reading Borough Council,18/07/2025,246275,79140,CARELINE,Kennet Day Nursery,828.16,Employees                     -,Agency Staff,RBC Standard Invoice,R3555,Directorate of Resources
Reading Borough Council,18/07/2025,246439,79140,CARELINE,LD Respite,1409.34,Employees                     -,Agency Staff,RBC Standard Invoice,R5064,Directorate of Social Care and Health Services
Reading Borough Council,18/07/2025,241273,79141,M&R SERVICES,Social Support,850,Third Party Payments          -,Purchased Care,RBC Mosaic Invoice,R5790,Directorate of Social Care and Health Services
Reading Borough Council,18/07/2025,241366,79143,FISHER HYDRAULICS LTD,Fleet Management,650.66,Supplies and Services         -,Equipment Purchase & Repair,RBC Standard Invoice,R4552,Directorate of Economic Growth and Neighbourhood Services
Reading Borough Council,18/07/2025,251375,79145,SOUTHERN ELECTRIC POWER DISTRIBUTION PLC,Civil Engineering,652.64,Premises Related Expenses     -,Street Lighting,RBC CIS Invoice,R4550,Directorate of Economic Growth and Neighbourhood Services
Reading Borough Council,18/07/2025,251417,79146,HALFORDS LTD,RBC Balance Sheet,1550,Control Accounts              -,Payroll Control Account - RBC,RBC Refunds Manual Entry,R9999,Balance Sheet
Reading Borough Council,18/07/2025,246331,79148,RENAULT TRUCK COMMERCIAL LTD,Fleet Management,1036.91,Transport Related Expenditure -,Vehicle Maint - Unplanned,RBC Standard Invoice,R4552,Directorate of Economic Growth and Neighbourhood Services
Reading Borough Council,18/07/2025,240217,79150,CLC CONTRACTORS LTD,Repairs,16447.2,Premises Related Expenses     -,Feasibility Studies,RBC CIS Invoice,R5970,Housing
Reading Borough Council,18/07/2025,251351,79151,GOWER CONSULTANTS LTD,Crematorium,6525.6,Supplies and Services         -,Software Support,RBC Standard Invoice,R4606,Directorate of Resources
Reading Borough Council,18/07/2025,251308,79152,EXPERIAN,Council Tax & Business Rates,8540,Third Party Payments          -,Third Party Pymts: Other Estab,RBC Standard Invoice,R2250,Directorate of Resources
Reading Borough Council,18/07/2025,226345,79155,KRP CONSULTING ENGINEERS LTD,MRA Account,1350,Premises Related Expenses     -,Roofs & Structural Repairs,RBC Standard Invoice,R5975,Housing
Reading Borough Council,18/07/2025,240587,79156,G B SPORT & LEISURE,Streetscene,649,Premises Related Expenses     -,Mtce : Childrens Playgrounds,RBC Standard Invoice,R4567,Directorate of Economic Growth and Neighbourhood Services
Reading Borough Council,18/07/2025,251402,79157,BERKSHIRE WOMENS AID,Safer Community Unit,4680,Supplies and Services         -,Professional Fees,RBC Standard Invoice,R5365,Directorate of Economic Growth and Neighbourhood Services
Reading Borough Council,18/07/2025,246375,79158,LEXISNEXIS,HR & Payroll,12621.84,Supplies and Services         -,Subscriptions,RBC Standard Invoice,R2600,Directorate of Resources
Reading Borough Council,18/07/2025,250981,79160,PANDORA MAPLE T/A HANNINGTONS PARTNERSHI,Emergency Accommodation,3450,Premises Related Expenses     -,Rents,RBC Standard Invoice,R5871,Directorate of Economic Growth and Neighbourhood Services
Reading Borough Council,18/07/2025,246405,79161,AFFINITY (READING) LTD,Private Finance Initiative,688653.98,Third Party Payments          -,Third Party Pymts: Other Estab,RBC Standard Invoice,R5990,Housing
Reading Borough Council,18/07/2025,243038,79164,FCC RECYCLING (UK) LTD,Recycling and Waste,9838.79,Third Party Payments          -,Other Waste Disposal Costs,RBC Standard Invoice,R4561,Directorate of Economic Growth and Neighbourhood Services
Reading Borough Council,18/07/2025,243449,79165,FAROL LTD,Streetscene,710,Premises Related Expenses     -,Grounds Maintenance,RBC Standard Invoice,R4567,Directorate of Economic Growth and Neighbourhood Services
Reading Borough Council,18/07/2025,241578,79170,PILON LTD,DLO Day to Day Trades,42764.92,Third Party Payments          -,Subcontractors Labour,RBC CIS Invoice,R4010,Directorate of Economic Growth and Neighbourhood Services
Reading Borough Council,18/07/2025,241600,79172,DEELAND LTD T/A SERVICEMASTER,Void Property Management,754.1,Premises Related Expenses     -,Office Cleaning,RBC Standard Invoice,R5921,Housing
Reading Borough Council,18/07/2025,241601,79172,DEELAND LTD T/A SERVICEMASTER,Void Property Management,800.39,Premises Related Expenses     -,Office Cleaning,RBC Standard Invoice,R5921,Housing
Reading Borough Council,18/07/2025,241602,79172,DEELAND LTD T/A SERVICEMASTER,Void Property Management,926.41,Premises Related Expenses     -,Office Cleaning,RBC Standard Invoice,R5921,Housing
Reading Borough Council,18/07/2025,241605,79172,DEELAND LTD T/A SERVICEMASTER,Void Property Management,828.78,Premises Related Expenses     -,Office Cleaning,RBC Standard Invoice,R5921,Housing
Reading Borough Council,18/07/2025,246434,79172,DEELAND LTD T/A SERVICEMASTER,Void Property Management,567.03,Premises Related Expenses     -,Office Cleaning,RBC Standard Invoice,R5921,Housing
Reading Borough Council,18/07/2025,246441,79172,DEELAND LTD T/A SERVICEMASTER,Void Property Management,594.1,Premises Related Expenses     -,Office Cleaning,RBC Standard Invoice,R5921,Housing
Reading Borough Council,18/07/2025,240230,79173,HOUSING GENIE LTD,Emergency Accommodation,630,Premises Related Expenses     -,Rents,RBC Standard Invoice,R5871,Directorate of Economic Growth and Neighbourhood Services
Reading Borough Council,18/07/2025,240231,79173,HOUSING GENIE LTD,Emergency Accommodation,700,Premises Related Expenses     -,Rents,RBC Standard Invoice,R5871,Directorate of Economic Growth and Neighbourhood Services
Reading Borough Council,18/07/2025,240232,79173,HOUSING GENIE LTD,Emergency Accommodation,665,Premises Related Expenses     -,Rents,RBC Standard Invoice,R5871,Directorate of Economic Growth and Neighbourhood Services
Reading Borough Council,18/07/2025,240288,79174,F M CONWAY LTD,Highways,675,Supplies and Services         -,Materials,RBC CIS Invoice,R4252,Directorate of Economic Growth and Neighbourhood Services
Reading Borough Council,18/07/2025,240290,79174,F M CONWAY LTD,Highways Infrastructure,726,Capital                       -,Contractors,RBC CIS Invoice,C8280,Capital
Reading Borough Council,18/07/2025,241327,79175,CARE4U WE LTD,Mental Health Community Servic,3311.94,Third Party Payments          -,Purchased Care,RBC Mosaic Invoice,R5731,Directorate of Social Care and Health Services
Reading Borough Council,18/07/2025,241328,79175,CARE4U WE LTD,LD Community Services,3637.96,Third Party Payments          -,Day Care Purchases,RBC Mosaic Invoice,R5741,Directorate of Social Care and Health Services
Reading Borough Council,18/07/2025,241329,79175,CARE4U WE LTD,LD Community Services,3896.94,Third Party Payments          -,Purchased Care,RBC Mosaic Invoice,R5741,Directorate of Social Care and Health Services
Reading Borough Council,18/07/2025,241332,79175,CARE4U WE LTD,Mental Health Community Servic,2997.1,Third Party Payments          -,Purchased Care,RBC Mosaic Invoice,R5731,Directorate of Social Care and Health Services
Reading Borough Council,18/07/2025,241333,79175,CARE4U WE LTD,Mental Health Community Servic,3598.71,Third Party Payments          -,Purchased Care,RBC Mosaic Invoice,R5731,Directorate of Social Care and Health Services
Reading Borough Council,18/07/2025,241334,79175,CARE4U WE LTD,LD Community Services,3013.96,Third Party Payments          -,Purchased Care,RBC Mosaic Invoice,R5741,Directorate of Social Care and Health Services
Reading Borough Council,18/07/2025,241336,79175,CARE4U WE LTD,PS Acquired Community Services,5768.94,Third Party Payments          -,Purchased Care,RBC Mosaic Invoice,R5771,Directorate of Social Care and Health Services
Reading Borough Council,18/07/2025,241337,79175,CARE4U WE LTD,Mental Health Community Servic,3008.52,Third Party Payments          -,Purchased Care,RBC Mosaic Invoice,R5731,Directorate of Social Care and Health Services
Reading Borough Council,18/07/2025,241339,79175,CARE4U WE LTD,LD Community Services,4052.94,Third Party Payments          -,Purchased Care,RBC Mosaic Invoice,R5741,Directorate of Social Care and Health Services
Reading Borough Council,18/07/2025,241340,79175,CARE4U WE LTD,LD Community Services,3350.94,Third Party Payments          -,Purchased Care,RBC Mosaic Invoice,R5741,Directorate of Social Care and Health Services
Reading Borough Council,18/07/2025,241343,79175,CARE4U WE LTD,LD Community Services,4208.94,Third Party Payments          -,Day Care Purchases,RBC Mosaic Invoice,R5741,Directorate of Social Care and Health Services
Reading Borough Council,18/07/2025,241344,79175,CARE4U WE LTD,LD Community Services,4164.46,Third Party Payments          -,Day Care Purchases,RBC Mosaic Invoice,R5741,Directorate of Social Care and Health Services
Reading Borough Council,18/07/2025,241345,79175,CARE4U WE LTD,LD Community Services,2145,Third Party Payments          -,Day Care Purchases,RBC Mosaic Invoice,R5741,Directorate of Social Care and Health Services
Reading Borough Council,18/07/2025,241346,79175,CARE4U WE LTD,Mental Health Community Servic,1755,Third Party Payments          -,Purchased Care,RBC Mosaic Invoice,R5731,Directorate of Social Care and Health Services
Reading Borough Council,18/07/2025,241348,79175,CARE4U WE LTD,LD Community Services,2160,Third Party Payments          -,Purchased Care,RBC Mosaic Invoice,R5741,Directorate of Social Care and Health Services
Reading Borough Council,18/07/2025,241350,79175,CARE4U WE LTD,LD Community Services,11435.76,Third Party Payments          -,Purchased Care,RBC Mosaic Invoice,R5741,Directorate of Social Care and Health Services
Reading Borough Council,18/07/2025,241400,79175,CARE4U WE LTD,Social Support,3484.6,Third Party Payments          -,Purchased Care,RBC Mosaic Invoice,R5790,Directorate of Social Care and Health Services
Reading Borough Council,18/07/2025,241402,79175,CARE4U WE LTD,Mental Health Community Servic,3308.82,Third Party Payments          -,Purchased Care,RBC Mosaic Invoice,R5731,Directorate of Social Care and Health Services
Reading Borough Council,18/07/2025,241403,79175,CARE4U WE LTD,Mental Health Community Servic,3428.94,Third Party Payments          -,Purchased Care,RBC Mosaic Invoice,R5731,Directorate of Social Care and Health Services
Reading Borough Council,18/07/2025,247016,79175,CARE4U WE LTD,Mental Health Community Servic,530.88,Third Party Payments          -,Purchased Care,RBC Mosaic Invoice,R5731,Directorate of Social Care and Health Services
Reading Borough Council,18/07/2025,247017,79175,CARE4U WE LTD,Mental Health Community Servic,530.88,Third Party Payments          -,Purchased Care,RBC Mosaic Invoice,R5731,Directorate of Social Care and Health Services
Reading Borough Council,18/07/2025,247019,79175,CARE4U WE LTD,Mental Health Community Servic,530.88,Third Party Payments          -,Purchased Care,RBC Mosaic Invoice,R5731,Directorate of Social Care and Health Services
Reading Borough Council,18/07/2025,247021,79175,CARE4U WE LTD,Mental Health Community Servic,530.88,Third Party Payments          -,Purchased Care,RBC Mosaic Invoice,R5731,Directorate of Social Care and Health Services
Reading Borough Council,18/07/2025,247022,79175,CARE4U WE LTD,Mental Health Community Servic,530.88,Third Party Payments          -,Purchased Care,RBC Mosaic Invoice,R5731,Directorate of Social Care and Health Services
Reading Borough Council,18/07/2025,247025,79175,CARE4U WE LTD,Mental Health Community Servic,530.88,Third Party Payments          -,Purchased Care,RBC Mosaic Invoice,R5731,Directorate of Social Care and Health Services
Reading Borough Council,18/07/2025,247026,79175,CARE4U WE LTD,Mental Health Community Servic,530.88,Third Party Payments          -,Purchased Care,RBC Mosaic Invoice,R5731,Directorate of Social Care and Health Services
Reading Borough Council,18/07/2025,247205,79175,CARE4U WE LTD,Mental Health Community Servic,3364.96,Third Party Payments          -,Purchased Care,RBC Mosaic Invoice,R5731,Directorate of Social Care and Health Services
Reading Borough Council,18/07/2025,250838,79175,CARE4U WE LTD,LD Community Services,4091.94,Third Party Payments          -,Purchased Care,RBC Mosaic Invoice,R5741,Directorate of Social Care and Health Services
Reading Borough Council,18/07/2025,250889,79175,CARE4U WE LTD,LD Community Services,4456.98,Third Party Payments          -,Day Care Purchases,RBC Mosaic Invoice,R5741,Directorate of Social Care and Health Services
Reading Borough Council,18/07/2025,241220,79176,MEDCARE HOME SERVICES LTD T/A PROACTIVE,Mental Health Community Servic,2382.88,Third Party Payments          -,Purchased Care,RBC Mosaic Invoice,R5731,Directorate of Social Care and Health Services
Reading Borough Council,18/07/2025,241221,79176,MEDCARE HOME SERVICES LTD T/A PROACTIVE,Mental Health Community Servic,5176.56,Third Party Payments          -,Purchased Care,RBC Mosaic Invoice,R5731,Directorate of Social Care and Health Services
Reading Borough Council,18/07/2025,241225,79176,MEDCARE HOME SERVICES LTD T/A PROACTIVE,Social Support,5170.32,Third Party Payments          -,Purchased Care,RBC Mosaic Invoice,R5790,Directorate of Social Care and Health Services
Reading Borough Council,18/07/2025,241231,79176,MEDCARE HOME SERVICES LTD T/A PROACTIVE,Mental Health Community Servic,3003.32,Third Party Payments          -,Purchased Care,RBC Mosaic Invoice,R5731,Directorate of Social Care and Health Services
Reading Borough Council,18/07/2025,241248,79176,MEDCARE HOME SERVICES LTD T/A PROACTIVE,LD Community Services,4852.12,Third Party Payments          -,Purchased Care,RBC Mosaic Invoice,R5741,Directorate of Social Care and Health Services
Reading Borough Council,18/07/2025,244777,79177,TELEFONICA UK LTD,Mobile Telephony,2440.83,Supplies and Services         -,Mobile Phones,RBC Standard Invoice,R2305,Directorate of Resources
Reading Borough Council,18/07/2025,243036,79178,PETER SAVILL,Legal Services,600,Supplies and Services         -,External Legal Services,RBC Standard Invoice,R2400,Directorate of Resources
Reading Borough Council,18/07/2025,251403,79181,KATHERINE WILSON LTD,JLT Disbursements,9492.3,Supplies and Services         -,External Legal Services,RBC Standard Invoice,R2407,Directorate of Resources
Reading Borough Council,18/07/2025,251481,79182,SHARON & ROYDEL ROBINSON,Housing Advice,5000,Supplies and Services         -,Preventative & Support Svces,RBC Refunds Manual Entry,R5820,Directorate of Economic Growth and Neighbourhood Services
Reading Borough Council,18/07/2025,240136,79183,MISCO TECHNOLOGIES LTD,IT Management,650,Supplies and Services         -,ICT Consumables,RBC Standard Invoice,R2300,Directorate of Resources
Reading Borough Council,18/07/2025,240155,79184,AGILISYS LTD,IT Management,99494.9,Third Party Payments          -,Third Party Pymts: Other Estab,RBC Standard Invoice,R2300,Directorate of Resources
Reading Borough Council,18/07/2025,251456,79185,THE MODERN FAMILY LAW COMPANY,JLT Disbursements,800,Supplies and Services         -,External Legal Services,RBC Standard Invoice,R2407,Directorate of Resources
Reading Borough Council,18/07/2025,246585,79186,CIRCUIT LANE SURGERY & WESTERN ELMS,Berkshire West Public Health H,4003.96,Third Party Payments          -,NHS Trusts,RBC Standard Invoice,R2002,Directorate of Social Care and Health Services
Reading Borough Council,18/07/2025,246602,79186,CIRCUIT LANE SURGERY & WESTERN ELMS,Berkshire West Public Health H,3584,Third Party Payments          -,NHS Trusts,RBC Standard Invoice,R2002,Directorate of Social Care and Health Services
Reading Borough Council,18/07/2025,240163,79189,REDACTIVE EVENTS LTD,Accountancy,1190,Supplies and Services         -,Conference Expenses,RBC Standard Invoice,R2200,Directorate of Resources
Reading Borough Council,18/07/2025,251329,79190,GHATAURA MEDICAL SERVICES LTD,Coroner,4631.6,Supplies and Services         -,Medical Fees,RBC Standard Invoice,R4605,Directorate of Economic Growth and Neighbourhood Services
Reading Borough Council,18/07/2025,251330,79190,GHATAURA MEDICAL SERVICES LTD,Coroner,4833.6,Supplies and Services         -,Medical Fees,RBC Standard Invoice,R4605,Directorate of Economic Growth and Neighbourhood Services
Reading Borough Council,18/07/2025,240184,79191,THAMESIDE FLOORING SERVICES,Corporate FM - Community Build,640,Premises Related Expenses     -,Routine Maintenance,RBC CIS Invoice,R3739,Directorate of Economic Growth and Neighbourhood Services
Reading Borough Council,18/07/2025,240174,79192,WORLDWIDE EDUCATION RECRUITMENT LTD,Kennet Day Nursery,731.25,Employees                     -,Agency Staff,RBC Standard Invoice,R3555,Directorate of Resources
Reading Borough Council,18/07/2025,250685,79193,BASSNA INVESTMENTS GROUP LTD T/A BOW GUE,Social Support,595,Third Party Payments          -,Emergency Accomodation,RBC Mosaic Invoice,R5790,Directorate of Social Care and Health Services
Reading Borough Council,18/07/2025,250686,79193,BASSNA INVESTMENTS GROUP LTD T/A BOW GUE,Social Support,553,Third Party Payments          -,Emergency Accomodation,RBC Mosaic Invoice,R5790,Directorate of Social Care and Health Services
Reading Borough Council,18/07/2025,250687,79193,BASSNA INVESTMENTS GROUP LTD T/A BOW GUE,Social Support,595,Third Party Payments          -,Emergency Accomodation,RBC Mosaic Invoice,R5790,Directorate of Social Care and Health Services
Reading Borough Council,18/07/2025,236155,79194,FREDERICK GEORGE MILEHAM LTD,MRA Account,8089.14,Premises Related Expenses     -,Disability Mods & Adaptations,RBC Standard Invoice,R5975,Housing
Reading Borough Council,18/07/2025,251460,79195,NATIVE RESIDENTIAL LTD,Housing Advice,649.85,Premises Related Expenses     -,Responsive Repairs,Invoice,R5820,Directorate of Economic Growth and Neighbourhood Services
Reading Borough Council,18/07/2025,251302,79197,XCLUSIVE PROPERTIES LTD,Emergency Accommodation,3565,Premises Related Expenses     -,Rents,RBC Standard Invoice,R5871,Directorate of Economic Growth and Neighbourhood Services
Reading Borough Council,18/07/2025,251306,79197,XCLUSIVE PROPERTIES LTD,Emergency Accommodation,2530,Premises Related Expenses     -,Rents,RBC Standard Invoice,R5871,Directorate of Economic Growth and Neighbourhood Services
Reading Borough Council,18/07/2025,251365,79197,XCLUSIVE PROPERTIES LTD,Emergency Accommodation,3565,Premises Related Expenses     -,Rents,RBC Standard Invoice,R5871,Directorate of Economic Growth and Neighbourhood Services
Reading Borough Council,18/07/2025,239700,79198,TEMPLETON LPA LTD,Housing Advice,1922.87,Premises Related Expenses     -,Responsive Repairs,RBC Refunds Manual Entry,R5820,Directorate of Economic Growth and Neighbourhood Services
Reading Borough Council,18/07/2025,251316,79199,CHARITY SUPER.MKT,Events & Engagement,5500,Supplies and Services         -,Special Activities,RBC Standard Invoice,R2080,Chief Executive
Reading Borough Council,18/07/2025,241573,79200,SPARE CRIB GLOBAL LTD,Emergency Accommodation,749,Premises Related Expenses     -,Rents,RBC Standard Invoice,R5871,Directorate of Economic Growth and Neighbourhood Services
Reading Borough Council,18/07/2025,251292,79200,SPARE CRIB GLOBAL LTD,Emergency Accommodation,595,Premises Related Expenses     -,Rents,RBC Standard Invoice,R5871,Directorate of Economic Growth and Neighbourhood Services
Reading Borough Council,18/07/2025,251294,79200,SPARE CRIB GLOBAL LTD,Emergency Accommodation,700,Premises Related Expenses     -,Rents,RBC Standard Invoice,R5871,Directorate of Economic Growth and Neighbourhood Services
Reading Borough Council,18/07/2025,241358,79202,ENABLE ACCESS LTD,MRA Account,3493,Premises Related Expenses     -,Disability Mods & Adaptations,RBC Standard Invoice,R5975,Housing
Reading Borough Council,18/07/2025,251480,79203,SANDEEP GREWAL,Housing Advice,5500,Supplies and Services         -,Preventative & Support Svces,RBC Refunds Manual Entry,R5820,Directorate of Economic Growth and Neighbourhood Services
Reading Borough Council,21/07/2025,247138,79229,WEST BERKSHIRE COUNCIL,Archives General,15952.91,Supplies and Services         -,Insurance Costs : General,RBC Standard Invoice,R1256,Directorate of Economic Growth and Neighbourhood Services
Reading Borough Council,21/07/2025,241274,79231,M&R SERVICES,Social Support,1450,Third Party Payments          -,Purchased Care,RBC Mosaic Invoice,R5790,Directorate of Social Care and Health Services
Reading Borough Council,21/07/2025,241635,79231,M&R SERVICES,Repairs,1350,Premises Related Expenses     -,Estate Maintenance,RBC CIS Invoice,R5970,Housing
Reading Borough Council,21/07/2025,243408,79231,M&R SERVICES,Housing Management,700,Supplies and Services         -,Professional Fees,RBC CIS Invoice,R5920,Housing
Reading Borough Council,21/07/2025,244874,79231,M&R SERVICES,Social Support,700,Third Party Payments          -,Purchased Care,RBC Mosaic Invoice,R5790,Directorate of Social Care and Health Services
Reading Borough Council,21/07/2025,250601,79231,M&R SERVICES,Social Support,750,Third Party Payments          -,Purchased Care,RBC Mosaic Invoice,R5790,Directorate of Social Care and Health Services
Reading Borough Council,21/07/2025,247890,79232,PITNEY BOWES LTD,Post Room,1436.92,Supplies and Services         -,Equipment Maintenance Contract,RBC Standard Invoice,R2585,Directorate of Economic Growth and Neighbourhood Services
Reading Borough Council,21/07/2025,240865,79235,ACTIVE ASSISTANCE,PS Acquired Community Services,801.5,Third Party Payments          -,Purchased Care,RBC Mosaic Invoice,R5771,Directorate of Social Care and Health Services
Reading Borough Council,21/07/2025,245457,79236,BIDVEST FOODSERVICE (BIDFOOD),Town Hall Operations,1017.22,Income                        -,Sales : Food,RBC Standard Invoice,R1210,Directorate of Economic Growth and Neighbourhood Services
Reading Borough Council,21/07/2025,246444,79237,FISHER HYDRAULICS LTD,Fleet Management,1720,Transport Related Expenditure -,Vehicle Maint - Unplanned,RBC Standard Invoice,R4552,Directorate of Economic Growth and Neighbourhood Services
Reading Borough Council,21/07/2025,240171,79243,IRVINE GRENSON LTD,Highways Infrastructure,42825,Capital                       -,Contractors,RBC CIS Invoice,C8280,Capital
Reading Borough Council,21/07/2025,251604,79244,PEST UK,LD Other Services,1100,Supplies and Services         -,Health & Safety,RBC Standard Invoice,R5744,Directorate of Social Care and Health Services
Reading Borough Council,21/07/2025,246591,79248,RENAULT TRUCK COMMERCIAL LTD,Fleet Management,661.77,Transport Related Expenditure -,Vehicle Maint - Unplanned,RBC Standard Invoice,R4552,Directorate of Economic Growth and Neighbourhood Services
Reading Borough Council,21/07/2025,251485,79248,RENAULT TRUCK COMMERCIAL LTD,Fleet Management,570,Transport Related Expenditure -,Vehicle Maintenance,RBC Standard Invoice,R4552,Directorate of Economic Growth and Neighbourhood Services
Reading Borough Council,21/07/2025,245168,79249,VIRGIN MEDIA BUSINESS LTD,IT Management,1216,Supplies and Services         -,Internet/WiFi,RBC CIS Invoice,R2300,Directorate of Resources
Reading Borough Council,21/07/2025,246314,79251,STUART DIGGENS BUILDING & ROOFING LTD,Corporate Maintenance Services,2200,Third Party Payments          -,Corporate Maintenance Contract,RBC CIS Invoice,R4080,Directorate of Economic Growth and Neighbourhood Services
Reading Borough Council,21/07/2025,240214,79254,CLC CONTRACTORS LTD,DLO Voids Trades,3340.37,Third Party Payments          -,Subcontractors Labour,RBC CIS Invoice,R4020,Directorate of Economic Growth and Neighbourhood Services
Reading Borough Council,21/07/2025,240216,79254,CLC CONTRACTORS LTD,DLO Voids Trades,3935.19,Third Party Payments          -,Subcontractors Labour,RBC CIS Invoice,R4020,Directorate of Economic Growth and Neighbourhood Services
Reading Borough Council,21/07/2025,241376,79254,CLC CONTRACTORS LTD,Repairs,4715,Premises Related Expenses     -,Feasibility Studies,RBC CIS Invoice,R5970,Housing
Reading Borough Council,21/07/2025,241377,79254,CLC CONTRACTORS LTD,Repairs,15000,Premises Related Expenses     -,Major Voids : Repairs,RBC CIS Invoice,R5970,Housing
Reading Borough Council,21/07/2025,241222,79255,THE WAYS & MEANS TRUST LTD,LD Community Services,807.52,Third Party Payments          -,Purchased Care,RBC Mosaic Invoice,R5741,Directorate of Social Care and Health Services
Reading Borough Council,21/07/2025,241226,79255,THE WAYS & MEANS TRUST LTD,LD Community Services,605.64,Third Party Payments          -,Purchased Care,RBC Mosaic Invoice,R5741,Directorate of Social Care and Health Services
Reading Borough Council,21/07/2025,241232,79255,THE WAYS & MEANS TRUST LTD,LD Community Services,807.52,Third Party Payments          -,Purchased Care,RBC Mosaic Invoice,R5741,Directorate of Social Care and Health Services
Reading Borough Council,21/07/2025,241233,79255,THE WAYS & MEANS TRUST LTD,LD Community Services,807.52,Third Party Payments          -,Purchased Care,RBC Mosaic Invoice,R5741,Directorate of Social Care and Health Services
Reading Borough Council,21/07/2025,241235,79255,THE WAYS & MEANS TRUST LTD,LD Community Services,605.64,Third Party Payments          -,Purchased Care,RBC Mosaic Invoice,R5741,Directorate of Social Care and Health Services
Reading Borough Council,21/07/2025,241239,79255,THE WAYS & MEANS TRUST LTD,LD Community Services,807.52,Third Party Payments          -,Purchased Care,RBC Mosaic Invoice,R5741,Directorate of Social Care and Health Services
Reading Borough Council,21/07/2025,241634,79256,TRADE UK T/A SCREWFIX DIRECT LTD,Corporate FM - Office Building,630.62,Supplies and Services         -,Equipment Purchase & Repair,RBC Standard Invoice,R3738,Directorate of Economic Growth and Neighbourhood Services
Reading Borough Council,21/07/2025,240302,79258,SIMONE SURVEYS LTD,Highways Infrastructure,990,Capital                       -,Contractors,RBC CIS Invoice,C8280,Capital
Reading Borough Council,21/07/2025,248087,79259,DR A J WILKINS,JLT Disbursements,549.67,Supplies and Services         -,External Legal Services,RBC Standard Invoice,R2407,Directorate of Resources
Reading Borough Council,21/07/2025,243292,79263,FLOWBIRD SMART CITY UK LTD,On Street Pay and Display,1659,Supplies and Services         -,Software Support,RBC Standard Invoice,R4727,Directorate of Economic Growth and Neighbourhood Services
Reading Borough Council,21/07/2025,250927,79264,REED,Universal Digital Systems,227517.54,Capital                       -,Staff/Consultancy,RBC REED Invoice,C8635,Capital
Reading Borough Council,21/07/2025,242508,79265,DSI BILLING SERVICES LTD,Revenues & Benefits Systems,2124.29,Supplies and Services         -,Postage,RBC Standard Invoice,R2266,Directorate of Resources
Reading Borough Council,21/07/2025,251653,79266,WILLIAM MCVICKER,Town Hall Operations,925,Supplies and Services         -,Professional Fees,RBC Standard Invoice,R1210,Directorate of Economic Growth and Neighbourhood Services
Reading Borough Council,21/07/2025,250840,79268,KCARE NURSING AGENCY LTD,Mental Health Community Servic,5459.48,Third Party Payments          -,Purchased Care,RBC Mosaic Invoice,R5731,Directorate of Social Care and Health Services
Reading Borough Council,21/07/2025,250876,79268,KCARE NURSING AGENCY LTD,PS Acquired Community Services,1272.24,Third Party Payments          -,Purchased Care,RBC Mosaic Invoice,R5771,Directorate of Social Care and Health Services
Reading Borough Council,21/07/2025,250878,79268,KCARE NURSING AGENCY LTD,Mental Health Community Servic,2684.66,Third Party Payments          -,Purchased Care,RBC Mosaic Invoice,R5731,Directorate of Social Care and Health Services
Reading Borough Council,21/07/2025,250879,79268,KCARE NURSING AGENCY LTD,PS Acquired Community Services,1486.64,Third Party Payments          -,Purchased Care,RBC Mosaic Invoice,R5771,Directorate of Social Care and Health Services
Reading Borough Council,21/07/2025,250881,79268,KCARE NURSING AGENCY LTD,PS Acquired Community Services,2254.69,Third Party Payments          -,Purchased Care,RBC Mosaic Invoice,R5771,Directorate of Social Care and Health Services
Reading Borough Council,21/07/2025,250883,79268,KCARE NURSING AGENCY LTD,PS Acquired Community Services,657.56,Third Party Payments          -,Purchased Care,RBC Mosaic Invoice,R5771,Directorate of Social Care and Health Services
Reading Borough Council,21/07/2025,250884,79268,KCARE NURSING AGENCY LTD,PS Acquired Community Services,1154.44,Third Party Payments          -,Purchased Care,RBC Mosaic Invoice,R5771,Directorate of Social Care and Health Services
Reading Borough Council,21/07/2025,250885,79268,KCARE NURSING AGENCY LTD,PS Acquired Community Services,1289.44,Third Party Payments          -,Purchased Care,RBC Mosaic Invoice,R5771,Directorate of Social Care and Health Services
Reading Borough Council,21/07/2025,250886,79268,KCARE NURSING AGENCY LTD,PS Acquired Community Services,802.69,Third Party Payments          -,Purchased Care,RBC Mosaic Invoice,R5771,Directorate of Social Care and Health Services
Reading Borough Council,21/07/2025,250888,79268,KCARE NURSING AGENCY LTD,Mental Health Community Servic,1243.5,Third Party Payments          -,Purchased Care,RBC Mosaic Invoice,R5731,Directorate of Social Care and Health Services
Reading Borough Council,21/07/2025,250891,79268,KCARE NURSING AGENCY LTD,PS Acquired Community Services,2308.41,Third Party Payments          -,Purchased Care,RBC Mosaic Invoice,R5771,Directorate of Social Care and Health Services
Reading Borough Council,21/07/2025,250892,79268,KCARE NURSING AGENCY LTD,PS Acquired Community Services,2967.38,Third Party Payments          -,Purchased Care,RBC Mosaic Invoice,R5771,Directorate of Social Care and Health Services
Reading Borough Council,21/07/2025,250895,79268,KCARE NURSING AGENCY LTD,PS Acquired Community Services,4776,Third Party Payments          -,Purchased Care,RBC Mosaic Invoice,R5771,Directorate of Social Care and Health Services
Reading Borough Council,21/07/2025,250896,79268,KCARE NURSING AGENCY LTD,PS Acquired Community Services,619.86,Third Party Payments          -,Purchased Care,RBC Mosaic Invoice,R5771,Directorate of Social Care and Health Services
Reading Borough Council,21/07/2025,250898,79268,KCARE NURSING AGENCY LTD,PS Acquired Community Services,659.68,Third Party Payments          -,Purchased Care,RBC Mosaic Invoice,R5771,Directorate of Social Care and Health Services
Reading Borough Council,21/07/2025,250900,79268,KCARE NURSING AGENCY LTD,PS Acquired Community Services,1330.67,Third Party Payments          -,Purchased Care,RBC Mosaic Invoice,R5771,Directorate of Social Care and Health Services
Reading Borough Council,21/07/2025,250901,79268,KCARE NURSING AGENCY LTD,Mental Health Community Servic,1304.05,Third Party Payments          -,Purchased Care,RBC Mosaic Invoice,R5731,Directorate of Social Care and Health Services
Reading Borough Council,21/07/2025,250902,79268,KCARE NURSING AGENCY LTD,Sensory Support Community Serv,658.03,Third Party Payments          -,Purchased Care,RBC Mosaic Invoice,R5711,Directorate of Social Care and Health Services
Reading Borough Council,21/07/2025,250904,79268,KCARE NURSING AGENCY LTD,PS Acquired Community Services,2958.66,Third Party Payments          -,Purchased Care,RBC Mosaic Invoice,R5771,Directorate of Social Care and Health Services
Reading Borough Council,21/07/2025,250906,79268,KCARE NURSING AGENCY LTD,PS Acquired Community Services,506.54,Third Party Payments          -,Purchased Care,RBC Mosaic Invoice,R5771,Directorate of Social Care and Health Services
Reading Borough Council,21/07/2025,250907,79268,KCARE NURSING AGENCY LTD,Mental Health Community Servic,659.68,Third Party Payments          -,Purchased Care,RBC Mosaic Invoice,R5731,Directorate of Social Care and Health Services
Reading Borough Council,21/07/2025,250908,79268,KCARE NURSING AGENCY LTD,PS Acquired Community Services,657.32,Third Party Payments          -,Purchased Care,RBC Mosaic Invoice,R5771,Directorate of Social Care and Health Services
Reading Borough Council,21/07/2025,250909,79268,KCARE NURSING AGENCY LTD,Social Support,852.17,Third Party Payments          -,Purchased Care,RBC Mosaic Invoice,R5790,Directorate of Social Care and Health Services
Reading Borough Council,21/07/2025,250910,79268,KCARE NURSING AGENCY LTD,PS Acquired Community Services,3716.59,Third Party Payments          -,Purchased Care,RBC Mosaic Invoice,R5771,Directorate of Social Care and Health Services
Reading Borough Council,21/07/2025,250911,79268,KCARE NURSING AGENCY LTD,PS Acquired Community Services,2305.11,Third Party Payments          -,Purchased Care,RBC Mosaic Invoice,R5771,Directorate of Social Care and Health Services
Reading Borough Council,21/07/2025,250912,79268,KCARE NURSING AGENCY LTD,PS Acquired Community Services,2961.02,Third Party Payments          -,Purchased Care,RBC Mosaic Invoice,R5771,Directorate of Social Care and Health Services
Reading Borough Council,21/07/2025,250913,79268,KCARE NURSING AGENCY LTD,PS Acquired Community Services,1578.52,Third Party Payments          -,Purchased Care,RBC Mosaic Invoice,R5771,Directorate of Social Care and Health Services
Reading Borough Council,21/07/2025,250914,79268,KCARE NURSING AGENCY LTD,PS Acquired Community Services,589,Third Party Payments          -,Purchased Care,RBC Mosaic Invoice,R5771,Directorate of Social Care and Health Services
Reading Borough Council,21/07/2025,250915,79268,KCARE NURSING AGENCY LTD,PS Acquired Community Services,2261.76,Third Party Payments          -,Purchased Care,RBC Mosaic Invoice,R5771,Directorate of Social Care and Health Services
Reading Borough Council,21/07/2025,250917,79268,KCARE NURSING AGENCY LTD,PS Acquired Community Services,1385.8,Third Party Payments          -,Purchased Care,RBC Mosaic Invoice,R5771,Directorate of Social Care and Health Services
Reading Borough Council,21/07/2025,250918,79268,KCARE NURSING AGENCY LTD,LD Community Services,1154.44,Third Party Payments          -,Purchased Care,RBC Mosaic Invoice,R5741,Directorate of Social Care and Health Services
Reading Borough Council,21/07/2025,250919,79268,KCARE NURSING AGENCY LTD,PS Acquired Community Services,2968.56,Third Party Payments          -,Purchased Care,RBC Mosaic Invoice,R5771,Directorate of Social Care and Health Services
Reading Borough Council,21/07/2025,250920,79268,KCARE NURSING AGENCY LTD,PS Acquired Community Services,693.84,Third Party Payments          -,Purchased Care,RBC Mosaic Invoice,R5771,Directorate of Social Care and Health Services
Reading Borough Council,21/07/2025,250923,79268,KCARE NURSING AGENCY LTD,PS Acquired Community Services,4776,Third Party Payments          -,Purchased Care,RBC Mosaic Invoice,R5771,Directorate of Social Care and Health Services
Reading Borough Council,21/07/2025,241617,79270,MOJO RENTAL UK LTD,Hexagon Operations,1092,Supplies and Services         -,Equipment Purchase & Repair,RBC Standard Invoice,R1200,Directorate of Economic Growth and Neighbourhood Services
Reading Borough Council,21/07/2025,246484,79277,CROWN LODGE GUEST HOUSE,Emergency Accommodation,595,Premises Related Expenses     -,Rents,RBC Standard Invoice,R5871,Directorate of Economic Growth and Neighbourhood Services
Reading Borough Council,21/07/2025,250683,79277,CROWN LODGE GUEST HOUSE,Social Support,735,Third Party Payments          -,Emergency Accomodation,RBC Mosaic Invoice,R5790,Directorate of Social Care and Health Services
Reading Borough Council,21/07/2025,250684,79277,CROWN LODGE GUEST HOUSE,Social Support,560,Third Party Payments          -,Emergency Accomodation,RBC Mosaic Invoice,R5790,Directorate of Social Care and Health Services
Reading Borough Council,21/07/2025,250669,79280,RESPONSE ORGANISATION,Mental Health Community Servic,1959.04,Third Party Payments          -,Purchased Care,RBC Mosaic Invoice,R5731,Directorate of Social Care and Health Services
Reading Borough Council,21/07/2025,250670,79280,RESPONSE ORGANISATION,Mental Health Community Servic,1959,Third Party Payments          -,Purchased Care,RBC Mosaic Invoice,R5731,Directorate of Social Care and Health Services
Reading Borough Council,21/07/2025,250671,79280,RESPONSE ORGANISATION,Mental Health Community Servic,1959.03,Third Party Payments          -,Purchased Care,RBC Mosaic Invoice,R5731,Directorate of Social Care and Health Services
Reading Borough Council,21/07/2025,247639,79281,ALEX FORBES,JLT Disbursements,1900,Supplies and Services         -,External Legal Services,RBC Standard Invoice,R2407,Directorate of Resources
Reading Borough Council,21/07/2025,246144,79287,AVANTI CYCLING LTD,Strategic Transport & Concessi,12213,Third Party Payments          -,Third Party Pymts: Other Estab,RBC Standard Invoice,R4726,Directorate of Economic Growth and Neighbourhood Services
Reading Borough Council,21/07/2025,240630,79289,THE OYSTER PARTNERSHIP LTD,Licensing Administration,1345.55,Employees                     -,Agency Staff,RBC Standard Invoice,R2269,Directorate of Economic Growth and Neighbourhood Services
Reading Borough Council,21/07/2025,240645,79290,EUROHIRE SOUND & LIGHT,Events & Engagement,8430,Supplies and Services         -,Special Activities,RBC Standard Invoice,R2080,Chief Executive
Reading Borough Council,21/07/2025,240646,79290,EUROHIRE SOUND & LIGHT,Events & Engagement,5841.6,Supplies and Services         -,Special Activities,RBC Standard Invoice,R2080,Chief Executive
Reading Borough Council,21/07/2025,241611,79294,DEELAND LTD T/A SERVICEMASTER,Void Property Management,613.51,Premises Related Expenses     -,Office Cleaning,RBC Standard Invoice,R5921,Housing
Reading Borough Council,21/07/2025,246283,79294,DEELAND LTD T/A SERVICEMASTER,Void Property Management,809.1,Premises Related Expenses     -,Office Cleaning,RBC Standard Invoice,R5921,Housing
Reading Borough Council,21/07/2025,246433,79294,DEELAND LTD T/A SERVICEMASTER,Void Property Management,576.4,Premises Related Expenses     -,Office Cleaning,RBC Standard Invoice,R5921,Housing
Reading Borough Council,21/07/2025,245158,79296,F M CONWAY LTD,Highways,664.2,Supplies and Services         -,Materials,RBC CIS Invoice,R4252,Directorate of Economic Growth and Neighbourhood Services
Reading Borough Council,21/07/2025,245166,79296,F M CONWAY LTD,Highways Infrastructure,530,Capital                       -,Contractors,RBC CIS Invoice,C8280,Capital
Reading Borough Council,21/07/2025,245180,79296,F M CONWAY LTD,Highways,666.9,Supplies and Services         -,Materials,RBC CIS Invoice,R4252,Directorate of Economic Growth and Neighbourhood Services
Reading Borough Council,21/07/2025,250726,79297,CARE MANAGEMENT GROUP LTD,LD Community Services,1722.01,Third Party Payments          -,Day Care Purchases,RBC Mosaic Invoice,R5741,Directorate of Social Care and Health Services
Reading Borough Council,21/07/2025,250873,79298,CARE4U WE LTD,LD Community Services,9360,Third Party Payments          -,Purchased Care,RBC Mosaic Invoice,R5741,Directorate of Social Care and Health Services
Reading Borough Council,21/07/2025,240644,79300,BRIAR ASSOCIATES LTD,Acre Business Park,4095,Supplies and Services         -,Consultancy Fees,RBC Standard Invoice,R2120,Directorate of Economic Growth and Neighbourhood Services
Reading Borough Council,21/07/2025,250602,79301,MEDCARE HOME SERVICES LTD T/A PROACTIVE,Mental Health Community Servic,4027.24,Third Party Payments          -,Purchased Care,RBC Mosaic Invoice,R5731,Directorate of Social Care and Health Services
Reading Borough Council,21/07/2025,243078,79302,CERTAS ENERGY UK LTD,Fleet Management,19966.67,Transport Related Expenditure -,Vehicle Fuel,RBC Standard Invoice,R4552,Directorate of Economic Growth and Neighbourhood Services
Reading Borough Council,21/07/2025,251975,79303,BRAVO BENEFITS LTD,RBC Balance Sheet,4161.45,Control Accounts              -,Payroll Control Account - RBC,RBC Refunds Manual Entry,R9999,Balance Sheet
Reading Borough Council,21/07/2025,240676,79306,SMS CONNECTIONS LTD,Corporate FM - Office Building,2219.99,Premises Related Expenses     -,Routine Maintenance,RBC CIS Invoice,R3738,Directorate of Economic Growth and Neighbourhood Services
Reading Borough Council,21/07/2025,245141,79307,J&R TYRES LTD,Fleet Management,505.5,Transport Related Expenditure -,Vehicle Tyres,RBC Standard Invoice,R4552,Directorate of Economic Growth and Neighbourhood Services
Reading Borough Council,21/07/2025,251757,79310,SPECTRUM GROUP SERVICES LTD,PS Acquired Community Services,1554.96,Third Party Payments          -,Purchased Care,RBC Mosaic Invoice,R5771,Directorate of Social Care and Health Services
Reading Borough Council,21/07/2025,251758,79310,SPECTRUM GROUP SERVICES LTD,PS Acquired Community Services,1154.44,Third Party Payments          -,Purchased Care,RBC Mosaic Invoice,R5771,Directorate of Social Care and Health Services
Reading Borough Council,21/07/2025,251759,79310,SPECTRUM GROUP SERVICES LTD,PS Acquired Community Services,1154.44,Third Party Payments          -,Purchased Care,RBC Mosaic Invoice,R5771,Directorate of Social Care and Health Services
Reading Borough Council,21/07/2025,251762,79310,SPECTRUM GROUP SERVICES LTD,PS Acquired Community Services,895.28,Third Party Payments          -,Purchased Care,RBC Mosaic Invoice,R5771,Directorate of Social Care and Health Services
Reading Borough Council,21/07/2025,251764,79310,SPECTRUM GROUP SERVICES LTD,PS Acquired Community Services,1272.24,Third Party Payments          -,Purchased Care,RBC Mosaic Invoice,R5771,Directorate of Social Care and Health Services
Reading Borough Council,21/07/2025,251765,79310,SPECTRUM GROUP SERVICES LTD,PS Acquired Community Services,1484.28,Third Party Payments          -,Purchased Care,RBC Mosaic Invoice,R5771,Directorate of Social Care and Health Services
Reading Borough Council,21/07/2025,251766,79310,SPECTRUM GROUP SERVICES LTD,PS Acquired Community Services,1484.28,Third Party Payments          -,Purchased Care,RBC Mosaic Invoice,R5771,Directorate of Social Care and Health Services
Reading Borough Council,21/07/2025,251767,79310,SPECTRUM GROUP SERVICES LTD,PS Acquired Community Services,1484.28,Third Party Payments          -,Purchased Care,RBC Mosaic Invoice,R5771,Directorate of Social Care and Health Services
Reading Borough Council,21/07/2025,251768,79310,SPECTRUM GROUP SERVICES LTD,Mental Health Community Servic,1743.44,Third Party Payments          -,Purchased Care,RBC Mosaic Invoice,R5731,Directorate of Social Care and Health Services
Reading Borough Council,21/07/2025,251769,79310,SPECTRUM GROUP SERVICES LTD,PS Acquired Community Services,1154.44,Third Party Payments          -,Purchased Care,RBC Mosaic Invoice,R5771,Directorate of Social Care and Health Services
Reading Borough Council,21/07/2025,251770,79310,SPECTRUM GROUP SERVICES LTD,PS Acquired Community Services,989.52,Third Party Payments          -,Purchased Care,RBC Mosaic Invoice,R5771,Directorate of Social Care and Health Services
Reading Borough Council,21/07/2025,251771,79310,SPECTRUM GROUP SERVICES LTD,PS Acquired Community Services,577.22,Third Party Payments          -,Purchased Care,RBC Mosaic Invoice,R5771,Directorate of Social Care and Health Services
Reading Borough Council,21/07/2025,251772,79310,SPECTRUM GROUP SERVICES LTD,Mental Health Community Servic,929.2,Third Party Payments          -,Purchased Care,RBC Mosaic Invoice,R5731,Directorate of Social Care and Health Services
Reading Borough Council,21/07/2025,251774,79310,SPECTRUM GROUP SERVICES LTD,PS Acquired Community Services,1625.64,Third Party Payments          -,Purchased Care,RBC Mosaic Invoice,R5771,Directorate of Social Care and Health Services
Reading Borough Council,21/07/2025,251775,79310,SPECTRUM GROUP SERVICES LTD,PS Acquired Community Services,1154.44,Third Party Payments          -,Purchased Care,RBC Mosaic Invoice,R5771,Directorate of Social Care and Health Services
Reading Borough Council,21/07/2025,251776,79310,SPECTRUM GROUP SERVICES LTD,PS Acquired Community Services,1767,Third Party Payments          -,Purchased Care,RBC Mosaic Invoice,R5771,Directorate of Social Care and Health Services
Reading Borough Council,21/07/2025,251777,79310,SPECTRUM GROUP SERVICES LTD,LD Community Services,4099.44,Third Party Payments          -,Purchased Care,RBC Mosaic Invoice,R5741,Directorate of Social Care and Health Services
Reading Borough Council,21/07/2025,251778,79310,SPECTRUM GROUP SERVICES LTD,PS Acquired Community Services,4335.04,Third Party Payments          -,Purchased Care,RBC Mosaic Invoice,R5771,Directorate of Social Care and Health Services
Reading Borough Council,21/07/2025,251780,79310,SPECTRUM GROUP SERVICES LTD,Sensory Support Community Serv,753.92,Third Party Payments          -,Purchased Care,RBC Mosaic Invoice,R5711,Directorate of Social Care and Health Services
Reading Borough Council,21/07/2025,251781,79310,SPECTRUM GROUP SERVICES LTD,PS Acquired Community Services,989.52,Third Party Payments          -,Purchased Care,RBC Mosaic Invoice,R5771,Directorate of Social Care and Health Services
Reading Borough Council,21/07/2025,251782,79310,SPECTRUM GROUP SERVICES LTD,PS Acquired Community Services,907.06,Third Party Payments          -,Purchased Care,RBC Mosaic Invoice,R5771,Directorate of Social Care and Health Services
Reading Borough Council,21/07/2025,251783,79310,SPECTRUM GROUP SERVICES LTD,PS Acquired Community Services,1154.44,Third Party Payments          -,Purchased Care,RBC Mosaic Invoice,R5771,Directorate of Social Care and Health Services
Reading Borough Council,21/07/2025,251784,79310,SPECTRUM GROUP SERVICES LTD,PS Acquired Community Services,4335.04,Third Party Payments          -,Purchased Care,RBC Mosaic Invoice,R5771,Directorate of Social Care and Health Services
Reading Borough Council,21/07/2025,251785,79310,SPECTRUM GROUP SERVICES LTD,PS Acquired Community Services,1484.28,Third Party Payments          -,Purchased Care,RBC Mosaic Invoice,R5771,Directorate of Social Care and Health Services
Reading Borough Council,21/07/2025,251786,79310,SPECTRUM GROUP SERVICES LTD,PS Acquired Community Services,2968.56,Third Party Payments          -,Purchased Care,RBC Mosaic Invoice,R5771,Directorate of Social Care and Health Services
Reading Borough Council,21/07/2025,251787,79310,SPECTRUM GROUP SERVICES LTD,PS Acquired Community Services,2120.4,Third Party Payments          -,Purchased Care,RBC Mosaic Invoice,R5771,Directorate of Social Care and Health Services
Reading Borough Council,21/07/2025,251788,79310,SPECTRUM GROUP SERVICES LTD,PS Acquired Community Services,1413.6,Third Party Payments          -,Purchased Care,RBC Mosaic Invoice,R5771,Directorate of Social Care and Health Services
Reading Borough Council,21/07/2025,251790,79310,SPECTRUM GROUP SERVICES LTD,Sensory Support Community Serv,753.92,Third Party Payments          -,Purchased Care,RBC Mosaic Invoice,R5711,Directorate of Social Care and Health Services
Reading Borough Council,21/07/2025,251791,79310,SPECTRUM GROUP SERVICES LTD,PS Acquired Community Services,824.6,Third Party Payments          -,Purchased Care,RBC Mosaic Invoice,R5771,Directorate of Social Care and Health Services
Reading Borough Council,21/07/2025,251792,79310,SPECTRUM GROUP SERVICES LTD,PS Acquired Community Services,1625.64,Third Party Payments          -,Purchased Care,RBC Mosaic Invoice,R5771,Directorate of Social Care and Health Services
Reading Borough Council,21/07/2025,251793,79310,SPECTRUM GROUP SERVICES LTD,Mental Health Community Servic,929.2,Third Party Payments          -,Purchased Care,RBC Mosaic Invoice,R5731,Directorate of Social Care and Health Services
Reading Borough Council,21/07/2025,251794,79310,SPECTRUM GROUP SERVICES LTD,PS Acquired Community Services,1649.2,Third Party Payments          -,Purchased Care,RBC Mosaic Invoice,R5771,Directorate of Social Care and Health Services
Reading Borough Council,21/07/2025,251795,79310,SPECTRUM GROUP SERVICES LTD,PS Acquired Community Services,2732.96,Third Party Payments          -,Purchased Care,RBC Mosaic Invoice,R5771,Directorate of Social Care and Health Services
Reading Borough Council,21/07/2025,251796,79310,SPECTRUM GROUP SERVICES LTD,PS Acquired Community Services,2968.56,Third Party Payments          -,Purchased Care,RBC Mosaic Invoice,R5771,Directorate of Social Care and Health Services
Reading Borough Council,21/07/2025,251797,79310,SPECTRUM GROUP SERVICES LTD,PS Acquired Community Services,2968.56,Third Party Payments          -,Purchased Care,RBC Mosaic Invoice,R5771,Directorate of Social Care and Health Services
Reading Borough Council,21/07/2025,240190,79311,STANTEC UK LTD,Strategic Transport & Concessi,38930.49,Supplies and Services         -,Consultancy Fees,RBC Standard Invoice,R4726,Directorate of Economic Growth and Neighbourhood Services
Reading Borough Council,21/07/2025,240648,79312,MALLATITE LTD,Highways,763.3,Supplies and Services         -,Materials,RBC Standard Invoice,R4252,Directorate of Economic Growth and Neighbourhood Services
Reading Borough Council,21/07/2025,245475,79313,ANCHOR PIPEWORK LTD,Archives General,1017.55,Premises Related Expenses     -,Plant Maintenance,RBC CIS Invoice,R1256,Directorate of Economic Growth and Neighbourhood Services
Reading Borough Council,21/07/2025,251868,79315,LOVING ANGELS CARE,Social Support,666.12,Third Party Payments          -,Purchased Care,RBC Mosaic Invoice,R5790,Directorate of Social Care and Health Services
Reading Borough Council,21/07/2025,251869,79315,LOVING ANGELS CARE,PS Acquired Community Services,2457.54,Third Party Payments          -,Purchased Care,RBC Mosaic Invoice,R5771,Directorate of Social Care and Health Services
Reading Borough Council,21/07/2025,251871,79315,LOVING ANGELS CARE,LD Community Services,3140.2,Third Party Payments          -,Purchased Care,RBC Mosaic Invoice,R5741,Directorate of Social Care and Health Services
Reading Borough Council,21/07/2025,251872,79315,LOVING ANGELS CARE,Mental Health Community Servic,807.48,Third Party Payments          -,Purchased Care,RBC Mosaic Invoice,R5731,Directorate of Social Care and Health Services
Reading Borough Council,21/07/2025,251873,79315,LOVING ANGELS CARE,LD Community Services,1435.52,Third Party Payments          -,Purchased Care,RBC Mosaic Invoice,R5741,Directorate of Social Care and Health Services
Reading Borough Council,21/07/2025,251874,79315,LOVING ANGELS CARE,LD Community Services,1758.88,Third Party Payments          -,Purchased Care,RBC Mosaic Invoice,R5741,Directorate of Social Care and Health Services
Reading Borough Council,21/07/2025,251875,79315,LOVING ANGELS CARE,LD Community Services,4372.02,Third Party Payments          -,Purchased Care,RBC Mosaic Invoice,R5741,Directorate of Social Care and Health Services
Reading Borough Council,21/07/2025,251876,79315,LOVING ANGELS CARE,LD Community Services,1884.12,Third Party Payments          -,Purchased Care,RBC Mosaic Invoice,R5741,Directorate of Social Care and Health Services
Reading Borough Council,21/07/2025,251891,79315,LOVING ANGELS CARE,Mental Health Community Servic,690.84,Third Party Payments          -,Purchased Care,RBC Mosaic Invoice,R5731,Directorate of Social Care and Health Services
Reading Borough Council,21/07/2025,251893,79315,LOVING ANGELS CARE,Mental Health Community Servic,942.06,Third Party Payments          -,Purchased Care,RBC Mosaic Invoice,R5731,Directorate of Social Care and Health Services
Reading Borough Council,21/07/2025,251894,79315,LOVING ANGELS CARE,Mental Health Community Servic,671.11,Third Party Payments          -,Purchased Care,RBC Mosaic Invoice,R5731,Directorate of Social Care and Health Services
Reading Borough Council,21/07/2025,251896,79315,LOVING ANGELS CARE,Mental Health Community Servic,583.18,Third Party Payments          -,Purchased Care,RBC Mosaic Invoice,R5731,Directorate of Social Care and Health Services
Reading Borough Council,21/07/2025,251897,79315,LOVING ANGELS CARE,LD Community Services,2164.9,Third Party Payments          -,Purchased Care,RBC Mosaic Invoice,R5741,Directorate of Social Care and Health Services
Reading Borough Council,21/07/2025,251910,79315,LOVING ANGELS CARE,LD Community Services,538.32,Third Party Payments          -,Purchased Care,RBC Mosaic Invoice,R5741,Directorate of Social Care and Health Services
Reading Borough Council,21/07/2025,251919,79315,LOVING ANGELS CARE,LD Community Services,538.32,Third Party Payments          -,Purchased Care,RBC Mosaic Invoice,R5741,Directorate of Social Care and Health Services
Reading Borough Council,21/07/2025,251925,79315,LOVING ANGELS CARE,LD Community Services,3213.42,Third Party Payments          -,Purchased Care,RBC Mosaic Invoice,R5741,Directorate of Social Care and Health Services
Reading Borough Council,21/07/2025,243419,79316,AGILISYS LTD,IT Management,75365.9,Third Party Payments          -,Third Party Pymts: Other Estab,RBC Standard Invoice,R2300,Directorate of Resources
Reading Borough Council,21/07/2025,243098,79317,M GROUP HIGHWAYS LTD,Street Lighting,10400,Capital                       -,Contractors,RBC CIS Invoice,C8281,Capital
Reading Borough Council,21/07/2025,243099,79317,M GROUP HIGHWAYS LTD,Civil Engineering,2050.65,Premises Related Expenses     -,Street Lighting,RBC CIS Invoice,R4550,Directorate of Economic Growth and Neighbourhood Services
Reading Borough Council,21/07/2025,248376,79321,BERKSHIRE MARQUEES,Events & Engagement,4100,Supplies and Services         -,Special Activities,RBC Standard Invoice,R2080,Chief Executive
Reading Borough Council,21/07/2025,246462,79323,SOLENT RIB CHARTERS LTD,Events & Engagement,3189,Supplies and Services         -,Special Activities,RBC Standard Invoice,R2080,Chief Executive
Reading Borough Council,21/07/2025,243011,79325,KB REAL ESTATE MANAGEMENT LTD,Emergency Accommodation,595,Premises Related Expenses     -,Rents,RBC Standard Invoice,R5871,Directorate of Economic Growth and Neighbourhood Services
Reading Borough Council,21/07/2025,243012,79325,KB REAL ESTATE MANAGEMENT LTD,Emergency Accommodation,700,Premises Related Expenses     -,Rents,RBC Standard Invoice,R5871,Directorate of Economic Growth and Neighbourhood Services
Reading Borough Council,21/07/2025,243014,79325,KB REAL ESTATE MANAGEMENT LTD,Emergency Accommodation,700,Premises Related Expenses     -,Rents,RBC Standard Invoice,R5871,Directorate of Economic Growth and Neighbourhood Services
Reading Borough Council,21/07/2025,243016,79325,KB REAL ESTATE MANAGEMENT LTD,Emergency Accommodation,595,Premises Related Expenses     -,Rents,RBC Standard Invoice,R5871,Directorate of Economic Growth and Neighbourhood Services
Reading Borough Council,21/07/2025,240666,79326,PTG SCAFFOLDING LTD,Corporate Maintenance Services,2053.12,Third Party Payments          -,Corporate Maintenance Contract,RBC CIS Invoice,R4080,Directorate of Economic Growth and Neighbourhood Services
Reading Borough Council,21/07/2025,240670,79327,LARGER THAN LIFE,Events & Engagement,2045,Supplies and Services         -,Special Activities,RBC Standard Invoice,R2080,Chief Executive
Reading Borough Council,21/07/2025,243107,79329,SOPHIA STAPLETON,JLT Disbursements,525,Supplies and Services         -,External Legal Services,RBC Standard Invoice,R2407,Directorate of Resources
Reading Borough Council,21/07/2025,251601,79330,JENNIFER SWAN,JLT Disbursements,850,Supplies and Services         -,External Legal Services,RBC Standard Invoice,R2407,Directorate of Resources
Reading Borough Council,21/07/2025,241562,79331,MICHELLE NELSON KC,Legal Services,13915,Supplies and Services         -,External Legal Services,RBC Standard Invoice,R2400,Directorate of Resources
Reading Borough Council,21/07/2025,245665,79332,HELP2RENT PROPERTY MANAGEMENT LTD,Emergency Accommodation,2250,Premises Related Expenses     -,Rents,RBC Standard Invoice,R5871,Directorate of Economic Growth and Neighbourhood Services
Reading Borough Council,21/07/2025,251424,79333,STAR BOARDING KENNELS LTD,Dog Warden,1549.86,Supplies and Services         -,Other Office Expenses,RBC Standard Invoice,R4612,Directorate of Economic Growth and Neighbourhood Services
Reading Borough Council,21/07/2025,251637,79334,XCLUSIVE PROPERTIES LTD,Emergency Accommodation,3450,Premises Related Expenses     -,Rents,RBC Standard Invoice,R5871,Directorate of Economic Growth and Neighbourhood Services
Reading Borough Council,21/07/2025,251638,79334,XCLUSIVE PROPERTIES LTD,Emergency Accommodation,3450,Premises Related Expenses     -,Rents,RBC Standard Invoice,R5871,Directorate of Economic Growth and Neighbourhood Services
Reading Borough Council,21/07/2025,251639,79334,XCLUSIVE PROPERTIES LTD,Emergency Accommodation,3450,Premises Related Expenses     -,Rents,RBC Standard Invoice,R5871,Directorate of Economic Growth and Neighbourhood Services
Reading Borough Council,21/07/2025,251641,79334,XCLUSIVE PROPERTIES LTD,Emergency Accommodation,3450,Premises Related Expenses     -,Rents,RBC Standard Invoice,R5871,Directorate of Economic Growth and Neighbourhood Services
Reading Borough Council,21/07/2025,243659,79335,CLIFFORD ISABELLE,JLT Disbursements,3500,Supplies and Services         -,External Legal Services,RBC Standard Invoice,R2407,Directorate of Resources
Reading Borough Council,21/07/2025,243359,79336,RAPHSON SOCIAL CARE LTD,Deprivation of Liberty Safegua,4092.57,Supplies and Services         -,Professional Fees,RBC Standard Invoice,R5729,Directorate of Social Care and Health Services
Reading Borough Council,21/07/2025,241597,79337,KAT DRAKE LTD,Sustainability,600,Supplies and Services         -,Consultancy Fees,RBC Standard Invoice,R2026,Directorate of Economic Growth and Neighbourhood Services
Reading Borough Council,21/07/2025,241355,79338,CRAIG JEAKINGS,JLT Disbursements,750,Supplies and Services         -,External Legal Services,RBC Standard Invoice,R2407,Directorate of Resources
Reading Borough Council,21/07/2025,246470,79340,4 BRICK COURT CHAMBERS,JLT Disbursements,630,Supplies and Services         -,External Legal Services,RBC Standard Invoice,R2407,Directorate of Resources
Reading Borough Council,21/07/2025,251598,79340,4 BRICK COURT CHAMBERS,JLT Disbursements,795,Supplies and Services         -,External Legal Services,RBC Standard Invoice,R2407,Directorate of Resources
Reading Borough Council,21/07/2025,251599,79340,4 BRICK COURT CHAMBERS,JLT Disbursements,867,Supplies and Services         -,External Legal Services,RBC Standard Invoice,R2407,Directorate of Resources
Reading Borough Council,21/07/2025,230299,79341,TREST LTD,Fleet Management,2420,Transport Related Expenditure -,Vehicle Spot Hire,RBC Standard Invoice,R4552,Directorate of Economic Growth and Neighbourhood Services
Reading Borough Council,21/07/2025,243651,79342,CONTROL SERVICES LTD,Corporate FM - Office Building,6603,Premises Related Expenses     -,Routine Maintenance,RBC Standard Invoice,R3738,Directorate of Economic Growth and Neighbourhood Services
Reading Borough Council,21/07/2025,251588,79343,GENEVIEVE SCREECHE-POWELL,JLT Disbursements,750,Supplies and Services         -,External Legal Services,RBC Standard Invoice,R2407,Directorate of Resources
Reading Borough Council,21/07/2025,241567,79344,JANE REEDINGS INVESTMENT PROPERTY LTD,Emergency Accommodation,595,Premises Related Expenses     -,Rents,RBC Standard Invoice,R5871,Directorate of Economic Growth and Neighbourhood Services
Reading Borough Council,21/07/2025,241571,79345,SPARE CRIB GLOBAL LTD,Emergency Accommodation,700,Premises Related Expenses     -,Rents,RBC Standard Invoice,R5871,Directorate of Economic Growth and Neighbourhood Services
Reading Borough Council,21/07/2025,241572,79345,SPARE CRIB GLOBAL LTD,Emergency Accommodation,595,Premises Related Expenses     -,Rents,RBC Standard Invoice,R5871,Directorate of Economic Growth and Neighbourhood Services
Reading Borough Council,21/07/2025,243699,79349,STOP HATE UK,Safer Community Unit,2550,Supplies and Services         -,Professional Fees,RBC Standard Invoice,R5365,Directorate of Economic Growth and Neighbourhood Services
Reading Borough Council,21/07/2025,245432,79350,SUSANNA BENNETT,JLT Disbursements,600,Supplies and Services         -,External Legal Services,RBC Standard Invoice,R2407,Directorate of Resources
Reading Borough Council,21/07/2025,240006,79351,CHARLES PLUMMER,JLT Disbursements,564.25,Supplies and Services         -,External Legal Services,RBC Standard Invoice,R2407,Directorate of Resources
Reading Borough Council,21/07/2025,240129,79352,FRAZIER'S WINE MERCHANTS LTD,Town Hall Operations,1044,Supplies and Services         -,Liquor Purchases,RBC Standard Invoice,R1210,Directorate of Economic Growth and Neighbourhood Services
Reading Borough Council,21/07/2025,248005,79354,NB ESTATES,Emergency Accommodation,2700,Premises Related Expenses     -,Rents,RBC Standard Invoice,R5871,Directorate of Economic Growth and Neighbourhood Services
Reading Borough Council,21/07/2025,251976,79356,Sundry Supplier,Repairs,1250,Premises Related Expenses     -,Inspections,RBC Refunds Manual Entry,R5970,Housing
Reading Borough Council,22/07/2025,252367,79392,ROBINSON TRANSPORT & REMOVALS LTD,Mental Health Other Services,780,Premises Related Expenses     -,Rents,RBC Standard Invoice,R5734,Directorate of Social Care and Health Services
Reading Borough Council,22/07/2025,243074,79394,CAPITA BUSINESS SERVICES LTD,Revenues & Benefits Systems,1282.5,Third Party Payments          -,Third Party Pymts: Other Estab,RBC Standard Invoice,R2266,Directorate of Resources
Reading Borough Council,22/07/2025,243030,79395,VAIL WILLIAMS LLP,Valuation,1250,Supplies and Services         -,Consultancy Fees,RBC Standard Invoice,R2100,Directorate of Economic Growth and Neighbourhood Services
Reading Borough Council,22/07/2025,245356,79398,RENAULT TRUCK COMMERCIAL LTD,Fleet Management,1115.09,Transport Related Expenditure -,Vehicle Maint - Unplanned,RBC Standard Invoice,R4552,Directorate of Economic Growth and Neighbourhood Services
Reading Borough Council,22/07/2025,251317,79399,PHS GROUP LTD,Acre Business Park,1227.54,Supplies and Services         -,Waste Disposal,RBC Standard Invoice,R2120,Directorate of Economic Growth and Neighbourhood Services
Reading Borough Council,22/07/2025,243093,79401,NEC SOFTWARE SOLUTIONS UK LTD,Council Tax & Business Rates,633.9,Third Party Payments          -,Third Party Pymts: Other Estab,RBC Standard Invoice,R2250,Directorate of Resources
Reading Borough Council,22/07/2025,252242,79402,READING COMMUNITY LEARNING CENTRE,New Directions,864,Premises Related Expenses     -,Property Hire,RBC Standard Invoice,R3340,Directorate of Economic Growth and Neighbourhood Services
Reading Borough Council,22/07/2025,243496,79403,THAMES TRAVEL,Strategic Transport & Concessi,10673.37,Supplies and Services         -,Payments to Operators,RBC Standard Invoice,R4726,Directorate of Economic Growth and Neighbourhood Services
Reading Borough Council,22/07/2025,243434,79404,HEALTHMATIC LTD,Corporate Maintenance Services,872.1,Third Party Payments          -,Corporate Maintenance Contract,RBC CIS Invoice,R4080,Directorate of Economic Growth and Neighbourhood Services
Reading Borough Council,22/07/2025,246356,79406,CSCO.AUDIO,Events & Engagement,894.5,Supplies and Services         -,Special Activities,RBC Standard Invoice,R2080,Chief Executive
Reading Borough Council,22/07/2025,245746,79407,HD PRO AUDIO,Town Hall Operations,6631,Supplies and Services         -,Equipment Purchase & Repair,RBC Standard Invoice,R1210,Directorate of Economic Growth and Neighbourhood Services
Reading Borough Council,22/07/2025,252279,79411,PESTPRO BIRD SOLUTIONS LTD,Repairs,750,Premises Related Expenses     -,Responsive Repairs,RBC Standard Invoice,R5970,Housing
Reading Borough Council,22/07/2025,252202,79412,ASCENTIS,New Directions,520,Supplies and Services         -,Examination Fees,RBC Standard Invoice,R3340,Directorate of Economic Growth and Neighbourhood Services
Reading Borough Council,22/07/2025,243384,79413,DNA LEGAL LTD,JLT Disbursements,1016,Supplies and Services         -,External Legal Services,RBC Standard Invoice,R2407,Directorate of Resources
Reading Borough Council,22/07/2025,250673,79414,SYLVIANCARE LTD,PS Acquired Community Services,659.68,Third Party Payments          -,Purchased Care,RBC Mosaic Invoice,R5771,Directorate of Social Care and Health Services
Reading Borough Council,22/07/2025,250674,79414,SYLVIANCARE LTD,PS Acquired Community Services,1543.18,Third Party Payments          -,Purchased Care,RBC Mosaic Invoice,R5771,Directorate of Social Care and Health Services
Reading Borough Council,22/07/2025,250675,79414,SYLVIANCARE LTD,PS Acquired Community Services,2950.89,Third Party Payments          -,Purchased Care,RBC Mosaic Invoice,R5771,Directorate of Social Care and Health Services
Reading Borough Council,22/07/2025,250676,79414,SYLVIANCARE LTD,PS Acquired Community Services,1413.6,Third Party Payments          -,Purchased Care,RBC Mosaic Invoice,R5771,Directorate of Social Care and Health Services
Reading Borough Council,22/07/2025,250678,79414,SYLVIANCARE LTD,LD Community Services,1627.6,Third Party Payments          -,Purchased Care,RBC Mosaic Invoice,R5741,Directorate of Social Care and Health Services
Reading Borough Council,22/07/2025,252246,79415,THATCHAM MEDICAL PRACTICE,Berkshire West Public Health H,4894.64,Third Party Payments          -,NHS Trusts,RBC Standard Invoice,R2002,Directorate of Social Care and Health Services
Reading Borough Council,22/07/2025,247638,79416,K M STYLES,JLT Disbursements,750,Supplies and Services         -,External Legal Services,RBC Standard Invoice,R2407,Directorate of Resources
Reading Borough Council,22/07/2025,252250,79417,ELEANOR HOWARD,JLT Disbursements,1450,Supplies and Services         -,External Legal Services,RBC Standard Invoice,R2407,Directorate of Resources
Reading Borough Council,22/07/2025,252251,79417,ELEANOR HOWARD,JLT Disbursements,525,Supplies and Services         -,External Legal Services,RBC Standard Invoice,R2407,Directorate of Resources
Reading Borough Council,22/07/2025,245656,79420,DEBRA FERGUSON,New Directions,2100,Supplies and Services         -,Consultancy Fees,RBC Standard Invoice,R3340,Directorate of Economic Growth and Neighbourhood Services
Reading Borough Council,22/07/2025,245169,79421,F M CONWAY LTD,Highways,949.2,Supplies and Services         -,Materials,RBC CIS Invoice,R4252,Directorate of Economic Growth and Neighbourhood Services
Reading Borough Council,22/07/2025,245173,79421,F M CONWAY LTD,Highways,932.4,Supplies and Services         -,Materials,RBC CIS Invoice,R4252,Directorate of Economic Growth and Neighbourhood Services
Reading Borough Council,22/07/2025,250831,79422,CARE4U WE LTD,LD Community Services,3403.96,Third Party Payments          -,Day Care Purchases,RBC Mosaic Invoice,R5741,Directorate of Social Care and Health Services
Reading Borough Council,22/07/2025,214629,79423,VINYL GRAPHICS LTD,LUDP: New Reading Library: Civ,1711,Capital                       -,Advertising,RBC Standard Invoice,C8200,Capital
Reading Borough Council,22/07/2025,252336,79426,GRANGE & ASSOCIATES,JLT Disbursements,1814.4,Supplies and Services         -,External Legal Services,RBC Standard Invoice,R2407,Directorate of Resources
Reading Borough Council,22/07/2025,242511,79428,PERFECT CIRCLE JV LTD,Highways Infrastructure,517.5,Capital                       -,Contractors,RBC Standard Invoice,C8280,Capital
Reading Borough Council,22/07/2025,243649,79429,BANNER GROUP LTD,Corporate FM - Office Building,782.61,Supplies and Services         -,Stationery,RBC Standard Invoice,R3738,Directorate of Economic Growth and Neighbourhood Services
Reading Borough Council,22/07/2025,247894,79430,EMMA LAULIK-WALTERS,JLT Disbursements,2156.4,Supplies and Services         -,External Legal Services,RBC Standard Invoice,R2407,Directorate of Resources
Reading Borough Council,22/07/2025,243389,79433,SOPHIA STAPLETON,JLT Disbursements,525,Supplies and Services         -,External Legal Services,RBC Standard Invoice,R2407,Directorate of Resources
Reading Borough Council,22/07/2025,244780,79434,FIONA CAROLINE MARTIN SALE,Mayor,729,Supplies and Services         -,Hospitality,RBC Standard Invoice,R2505,Chief Executive
Reading Borough Council,22/07/2025,243497,79436,CAROUSEL BUSES LTD,Strategic Transport & Concessi,7131.8,Supplies and Services         -,Payments to Operators,RBC Standard Invoice,R4726,Directorate of Economic Growth and Neighbourhood Services
Reading Borough Council,22/07/2025,252233,79437,SAI ARYAN PROPERTIES LTD,Emergency Accommodation,2025,Premises Related Expenses     -,Rents,RBC Standard Invoice,R5871,Directorate of Economic Growth and Neighbourhood Services
Reading Borough Council,22/07/2025,252304,79438,ALISTAIR CANTOR,Legal Services,2000,Supplies and Services         -,External Legal Services,Invoice,R2400,Directorate of Resources
Reading Borough Council,22/07/2025,242496,79439,BUCKINGHAM HOTELS GROUP LTD,Temporary Accommodation HRA,1260,Premises Related Expenses     -,Responsive Repairs,RBC Standard Invoice,R5930,Housing
Reading Borough Council,23/07/2025,241665,79587,READING TRANSPORT LTD,Strategic Transport & Concessi,33280.77,Supplies and Services         -,Payments to Operators,RBC Standard Invoice,R4726,Directorate of Economic Growth and Neighbourhood Services
Reading Borough Council,23/07/2025,246125,79588,THE WELDING SHOP LTD,Highways,2290,Third Party Payments          -,Subcontractors Labour,RBC CIS Invoice,R4252,Directorate of Economic Growth and Neighbourhood Services
Reading Borough Council,23/07/2025,252753,79590,ROYAL MAIL GROUP LTD,Electoral Registration,884.85,Supplies and Services         -,Postage,RBC Standard Invoice,R2440,Directorate of Resources
Reading Borough Council,23/07/2025,251846,79591,READING MENCAP,LD Community Services,1064.64,Third Party Payments          -,Day Care Purchases,RBC Mosaic Invoice,R5741,Directorate of Social Care and Health Services
Reading Borough Council,23/07/2025,251858,79591,READING MENCAP,LD Community Services,534.48,Third Party Payments          -,Purchased Care,RBC Mosaic Invoice,R5741,Directorate of Social Care and Health Services
Reading Borough Council,23/07/2025,252802,79592,NORCOT EARLY YEARS CENTRE,Children Services Minor Scheme,18730,Capital                       -,Grants Paid Out,RBC Standard Invoice,C8500,Capital
Reading Borough Council,23/07/2025,252809,79593,AVALON PROMOTIONS LTD,Hexagon Operations,7427.81,Supplies and Services         -,Professional Fees,RBC Refunds Manual Entry,R1200,Directorate of Economic Growth and Neighbourhood Services
Reading Borough Council,23/07/2025,252792,79594,LIVE NATION MUSIC (UK) LTD,Town Hall Operations,5094.58,Supplies and Services         -,Professional Fees,RBC Refunds Manual Entry,R1210,Directorate of Economic Growth and Neighbourhood Services
Reading Borough Council,23/07/2025,252801,79594,LIVE NATION MUSIC (UK) LTD,South Street Operations,1291,Supplies and Services         -,Professional Fees,RBC Refunds Manual Entry,R1220,Directorate of Economic Growth and Neighbourhood Services
Reading Borough Council,23/07/2025,246154,79596,SANDS SECURITY LTD,Hexagon Operations,1645.5,Premises Related Expenses     -,Security Costs,RBC Standard Invoice,R1200,Directorate of Economic Growth and Neighbourhood Services
Reading Borough Council,23/07/2025,252364,79597,BEN SANDIFORD,South Street Operations,2000,Supplies and Services         -,Professional Fees,RBC Standard Invoice,R1220,Directorate of Economic Growth and Neighbourhood Services
Reading Borough Council,23/07/2025,240164,79598,MORGAN SINDALL (CONSTRUCTION) PLC,LUDP: New Reading Library: Civ,27855,Capital                       -,Contractors,RBC CIS Invoice,C8200,Capital
Reading Borough Council,23/07/2025,247861,79598,MORGAN SINDALL (CONSTRUCTION) PLC,New Build & Acquis: Phase 2-4,894588.57,Capital                       -,External Fees  Misc.,RBC CIS Invoice,C8712,Capital
Reading Borough Council,23/07/2025,252782,79599,MULTI CARE,Mental Health Residential,4148.29,Third Party Payments          -,Purchased Care,RBC Mosaic Invoice,R5732,Directorate of Social Care and Health Services
Reading Borough Council,23/07/2025,252783,79599,MULTI CARE,LD Residential,5519.51,Third Party Payments          -,Purchased Care,RBC Mosaic Invoice,R5742,Directorate of Social Care and Health Services
Reading Borough Council,23/07/2025,252784,79599,MULTI CARE,LD Residential,5519.51,Third Party Payments          -,Purchased Care,RBC Mosaic Invoice,R5742,Directorate of Social Care and Health Services
Reading Borough Council,23/07/2025,252785,79599,MULTI CARE,LD Residential,5519.51,Third Party Payments          -,Purchased Care,RBC Mosaic Invoice,R5742,Directorate of Social Care and Health Services
Reading Borough Council,23/07/2025,250680,79600,CREATIVE SUPPORT LTD,PS Acquired Community Services,1212,Third Party Payments          -,Purchased Care,RBC Mosaic Invoice,R5771,Directorate of Social Care and Health Services
Reading Borough Council,23/07/2025,250696,79600,CREATIVE SUPPORT LTD,LD Community Services,1212,Third Party Payments          -,Purchased Care,RBC Mosaic Invoice,R5741,Directorate of Social Care and Health Services
Reading Borough Council,23/07/2025,250702,79600,CREATIVE SUPPORT LTD,LD Community Services,1777.6,Third Party Payments          -,Purchased Care,RBC Mosaic Invoice,R5741,Directorate of Social Care and Health Services
Reading Borough Council,23/07/2025,252800,79601,CECILIA BARRETT,JLT Disbursements,1337.5,Supplies and Services         -,External Legal Services,RBC Standard Invoice,R2407,Directorate of Resources
Reading Borough Council,23/07/2025,246376,79602,MEADEE FLOORING LTD,DLO Voids Trades,32685.04,Third Party Payments          -,Subcontractors Labour,RBC CIS Invoice,R4020,Directorate of Economic Growth and Neighbourhood Services
Reading Borough Council,23/07/2025,251371,79603,FIRST CHOICE LANDSCAPES & FENCING LTD,DLO Day to Day Trades,639.97,Third Party Payments          -,Subcontractors Labour,RBC CIS Invoice,R4010,Directorate of Economic Growth and Neighbourhood Services
Reading Borough Council,23/07/2025,252788,79605,MY LONDON LETS,Emergency Accommodation,1036,Premises Related Expenses     -,Rents,RBC Standard Invoice,R5871,Directorate of Economic Growth and Neighbourhood Services
Reading Borough Council,23/07/2025,252803,79605,MY LONDON LETS,Emergency Accommodation,1036,Premises Related Expenses     -,Rents,RBC Standard Invoice,R5871,Directorate of Economic Growth and Neighbourhood Services
Reading Borough Council,23/07/2025,252787,79606,BLAKE MORGAN LLP,Phoenix College (Reading Alt),2000,Capital                       -,External Fees  Misc.,RBC Standard Invoice,C8264,Capital
Reading Borough Council,23/07/2025,252341,79607,PILON LTD,Repairs,925.86,Premises Related Expenses     -,Building Maintenance,RBC CIS Invoice,R5970,Housing
Reading Borough Council,23/07/2025,252779,79607,PILON LTD,MRA Account,8064.71,Premises Related Expenses     -,Disability Mods & Adaptations,RBC CIS Invoice,R5975,Housing
Reading Borough Council,23/07/2025,252780,79607,PILON LTD,MRA Account,8788.72,Premises Related Expenses     -,Disability Mods & Adaptations,RBC CIS Invoice,R5975,Housing
Reading Borough Council,23/07/2025,252811,79607,PILON LTD,DLO Day to Day Trades,4758.48,Third Party Payments          -,Subcontractors Labour,Invoice,R4010,Directorate of Economic Growth and Neighbourhood Services
Reading Borough Council,23/07/2025,252812,79607,PILON LTD,DLO Day to Day Trades,35154.61,Third Party Payments          -,Subcontractors Labour,Invoice,R4010,Directorate of Economic Growth and Neighbourhood Services
Reading Borough Council,23/07/2025,243039,79608,GCI NETWORK SOLUTIONS LTD TA GCI NATION,IT Management,849.73,Supplies and Services         -,Internet/WiFi,RBC Standard Invoice,R2300,Directorate of Resources
Reading Borough Council,23/07/2025,250830,79610,CARE4U WE LTD,LD Community Services,4888.32,Third Party Payments          -,Day Care Purchases,RBC Mosaic Invoice,R5741,Directorate of Social Care and Health Services
Reading Borough Council,23/07/2025,245983,79612,BERKSHIRE ROOMS LTD,Emergency Accommodation,749,Premises Related Expenses     -,Rents,RBC Standard Invoice,R5871,Directorate of Economic Growth and Neighbourhood Services
Reading Borough Council,23/07/2025,245984,79612,BERKSHIRE ROOMS LTD,Emergency Accommodation,749,Premises Related Expenses     -,Rents,RBC Standard Invoice,R5871,Directorate of Economic Growth and Neighbourhood Services
Reading Borough Council,23/07/2025,245985,79612,BERKSHIRE ROOMS LTD,Emergency Accommodation,749,Premises Related Expenses     -,Rents,RBC Standard Invoice,R5871,Directorate of Economic Growth and Neighbourhood Services
Reading Borough Council,23/07/2025,245994,79612,BERKSHIRE ROOMS LTD,Emergency Accommodation,749,Premises Related Expenses     -,Rents,RBC Standard Invoice,R5871,Directorate of Economic Growth and Neighbourhood Services
Reading Borough Council,23/07/2025,245995,79612,BERKSHIRE ROOMS LTD,Emergency Accommodation,749,Premises Related Expenses     -,Rents,RBC Standard Invoice,R5871,Directorate of Economic Growth and Neighbourhood Services
Reading Borough Council,23/07/2025,245996,79612,BERKSHIRE ROOMS LTD,Emergency Accommodation,749,Premises Related Expenses     -,Rents,RBC Standard Invoice,R5871,Directorate of Economic Growth and Neighbourhood Services
Reading Borough Council,23/07/2025,245997,79612,BERKSHIRE ROOMS LTD,Emergency Accommodation,749,Premises Related Expenses     -,Rents,RBC Standard Invoice,R5871,Directorate of Economic Growth and Neighbourhood Services
Reading Borough Council,23/07/2025,245998,79612,BERKSHIRE ROOMS LTD,Emergency Accommodation,749,Premises Related Expenses     -,Rents,RBC Standard Invoice,R5871,Directorate of Economic Growth and Neighbourhood Services
Reading Borough Council,23/07/2025,245999,79612,BERKSHIRE ROOMS LTD,Emergency Accommodation,749,Premises Related Expenses     -,Rents,RBC Standard Invoice,R5871,Directorate of Economic Growth and Neighbourhood Services
Reading Borough Council,23/07/2025,246000,79612,BERKSHIRE ROOMS LTD,Emergency Accommodation,749,Premises Related Expenses     -,Rents,RBC Standard Invoice,R5871,Directorate of Economic Growth and Neighbourhood Services
Reading Borough Council,23/07/2025,246002,79612,BERKSHIRE ROOMS LTD,Emergency Accommodation,749,Premises Related Expenses     -,Rents,RBC Standard Invoice,R5871,Directorate of Economic Growth and Neighbourhood Services
Reading Borough Council,23/07/2025,246003,79612,BERKSHIRE ROOMS LTD,Emergency Accommodation,749,Premises Related Expenses     -,Rents,RBC Standard Invoice,R5871,Directorate of Economic Growth and Neighbourhood Services
Reading Borough Council,23/07/2025,246004,79612,BERKSHIRE ROOMS LTD,Emergency Accommodation,749,Premises Related Expenses     -,Rents,RBC Standard Invoice,R5871,Directorate of Economic Growth and Neighbourhood Services
Reading Borough Council,23/07/2025,246005,79612,BERKSHIRE ROOMS LTD,Emergency Accommodation,749,Premises Related Expenses     -,Rents,RBC Standard Invoice,R5871,Directorate of Economic Growth and Neighbourhood Services
Reading Borough Council,23/07/2025,246007,79612,BERKSHIRE ROOMS LTD,Emergency Accommodation,749,Premises Related Expenses     -,Rents,RBC Standard Invoice,R5871,Directorate of Economic Growth and Neighbourhood Services
Reading Borough Council,23/07/2025,246008,79612,BERKSHIRE ROOMS LTD,Emergency Accommodation,749,Premises Related Expenses     -,Rents,RBC Standard Invoice,R5871,Directorate of Economic Growth and Neighbourhood Services
Reading Borough Council,23/07/2025,246009,79612,BERKSHIRE ROOMS LTD,Emergency Accommodation,749,Premises Related Expenses     -,Rents,RBC Standard Invoice,R5871,Directorate of Economic Growth and Neighbourhood Services
Reading Borough Council,23/07/2025,246010,79612,BERKSHIRE ROOMS LTD,Emergency Accommodation,749,Premises Related Expenses     -,Rents,RBC Standard Invoice,R5871,Directorate of Economic Growth and Neighbourhood Services
Reading Borough Council,23/07/2025,249624,79614,SOCIALSIGNIN LTD T/AS ORLO,Joint Legal Team,625,Supplies and Services         -,Subscriptions,RBC Standard Invoice,R2405,Directorate of Resources
Reading Borough Council,23/07/2025,250695,79615,SALIS CARE LTD,PS Acquired Community Services,5602.32,Third Party Payments          -,Purchased Care,RBC Mosaic Invoice,R5771,Directorate of Social Care and Health Services
Reading Borough Council,23/07/2025,252291,79616,LONGBARN LANE SURGERY,Berkshire West Public Health H,1140,Third Party Payments          -,NHS Trusts,RBC Standard Invoice,R2002,Directorate of Social Care and Health Services
Reading Borough Council,23/07/2025,239169,79617,SAFEPLAY PLAYGROUND SERVICES LTD,Streetscene,1084.88,Premises Related Expenses     -,Mtce : Childrens Playgrounds,RBC Standard Invoice,R4567,Directorate of Economic Growth and Neighbourhood Services
Reading Borough Council,23/07/2025,252794,79618,ADAM KAYANI,JLT Disbursements,750,Supplies and Services         -,External Legal Services,RBC Standard Invoice,R2407,Directorate of Resources
Reading Borough Council,23/07/2025,243027,79619,ARCUS GLOBAL LTD,Parking & Enforcement,2640,Supplies and Services         -,Software Licences,RBC Standard Invoice,R4725,Directorate of Economic Growth and Neighbourhood Services
Reading Borough Council,23/07/2025,245353,79620,MAGIC INTERNET TECHNOLOGIES LTD,Fleet Management,730,Supplies and Services         -,Computer Maintenance,RBC Standard Invoice,R4552,Directorate of Economic Growth and Neighbourhood Services
Reading Borough Council,23/07/2025,245428,79621,MR SIMON TIMOTHY MAYOR & MS HILARY ANNE,Events & Engagement,2500,Supplies and Services         -,Special Activities,RBC Standard Invoice,R2080,Chief Executive
Reading Borough Council,23/07/2025,252728,79622,CEDAR RECRUITMENT LTD,Joint Legal Team,3300,Supplies and Services         -,External Legal Services,RBC Standard Invoice,R2405,Directorate of Resources
Reading Borough Council,23/07/2025,252750,79624,ARREFUNDSBACS,RBC Balance Sheet,532.24,Current Assets                -,RBC - MAIN BANK AC LLOYDS,RBC AR REFUNDS,R9999,Balance Sheet
Reading Borough Council,23/07/2025,252751,79625,ARREFUNDSBACS,RBC Balance Sheet,532.24,Current Assets                -,RBC - MAIN BANK AC LLOYDS,RBC AR REFUNDS,R9999,Balance Sheet
Reading Borough Council,23/07/2025,252752,79626,ARREFUNDSBACS,RBC Balance Sheet,1308.9,Current Assets                -,RBC - MAIN BANK AC LLOYDS,RBC AR REFUNDS,R9999,Balance Sheet
Reading Borough Council,24/07/2025,253439,79636,WEST BERKSHIRE COUNCIL,Partnership Equipment Group,247892,Supplies and Services         -,Equipment Purchase & Repair,RBC Standard Invoice,R5110,Directorate of Social Care and Health Services
Reading Borough Council,24/07/2025,240187,79637,IMAGE BOX DESIGN LTD,New Directions,2319,Supplies and Services         -,Publicity & Media Work,RBC Standard Invoice,R3340,Directorate of Economic Growth and Neighbourhood Services
Reading Borough Council,24/07/2025,253098,79638,M&R SERVICES,Social Support,900,Third Party Payments          -,Purchased Care,RBC Mosaic Invoice,R5790,Directorate of Social Care and Health Services
Reading Borough Council,24/07/2025,243368,79640,READING SCOTTISH PIPE BAND,Events & Engagement,660,Supplies and Services         -,Special Activities,RBC Standard Invoice,R2080,Chief Executive
Reading Borough Council,24/07/2025,253229,79641,ABSOLUTE CARE UK LTD,PS Acquired Community Services,1272.24,Third Party Payments          -,Purchased Care,RBC Mosaic Invoice,R5771,Directorate of Social Care and Health Services
Reading Borough Council,24/07/2025,253230,79641,ABSOLUTE CARE UK LTD,PS Acquired Community Services,659.68,Third Party Payments          -,Purchased Care,RBC Mosaic Invoice,R5771,Directorate of Social Care and Health Services
Reading Borough Council,24/07/2025,253253,79643,THE KINGWOOD TRUST,LD Community Services,3004.96,Third Party Payments          -,Purchased Care,RBC Mosaic Invoice,R5741,Directorate of Social Care and Health Services
Reading Borough Council,24/07/2025,253254,79643,THE KINGWOOD TRUST,LD Community Services,2515.31,Third Party Payments          -,Purchased Care,RBC Mosaic Invoice,R5741,Directorate of Social Care and Health Services
Reading Borough Council,24/07/2025,253255,79643,THE KINGWOOD TRUST,LD Community Services,2790.32,Third Party Payments          -,Purchased Care,RBC Mosaic Invoice,R5741,Directorate of Social Care and Health Services
Reading Borough Council,24/07/2025,253256,79643,THE KINGWOOD TRUST,LD Community Services,2522.02,Third Party Payments          -,Purchased Care,RBC Mosaic Invoice,R5741,Directorate of Social Care and Health Services
Reading Borough Council,24/07/2025,253314,79644,DUNRAVEN HOUSE,Mental Health Community Servic,2088.34,Third Party Payments          -,Purchased Care,RBC Mosaic Invoice,R5731,Directorate of Social Care and Health Services
Reading Borough Council,24/07/2025,251278,79646,STUART DIGGENS BUILDING & ROOFING LTD,Cemeteries,510,Premises Related Expenses     -,Grounds Maintenance,Invoice,R4607,Directorate of Resources
Reading Borough Council,24/07/2025,253339,79647,READING MENCAP,LD Community Services,740.88,Third Party Payments          -,Purchased Care,RBC Mosaic Invoice,R5741,Directorate of Social Care and Health Services
Reading Borough Council,24/07/2025,253340,79647,READING MENCAP,LD Community Services,740.88,Third Party Payments          -,Purchased Care,RBC Mosaic Invoice,R5741,Directorate of Social Care and Health Services
Reading Borough Council,24/07/2025,253341,79647,READING MENCAP,LD Community Services,1728.72,Third Party Payments          -,Purchased Care,RBC Mosaic Invoice,R5741,Directorate of Social Care and Health Services
Reading Borough Council,24/07/2025,253348,79647,READING MENCAP,LD Community Services,740.88,Third Party Payments          -,Purchased Care,RBC Mosaic Invoice,R5741,Directorate of Social Care and Health Services
Reading Borough Council,24/07/2025,253452,79650,GALLAGHER BASSETT INTERNATIONAL LTD,Insurance CEC,16244,Supplies and Services         -,Insurance Costs : General,RBC Standard Invoice,R2205,Directorate of Resources
Reading Borough Council,24/07/2025,253421,79651,CHEERENT LTD T/A VANDERPUMP & WELLBELOVE,Housing Advice,918.12,Premises Related Expenses     -,Responsive Repairs,Invoice,R5820,Directorate of Economic Growth and Neighbourhood Services
Reading Borough Council,24/07/2025,247158,79654,FLEETWOOD GRAB SERVICES LTD,Highways,4272.78,Supplies and Services         -,Materials,RBC Standard Invoice,R4252,Directorate of Economic Growth and Neighbourhood Services
Reading Borough Council,24/07/2025,247159,79654,FLEETWOOD GRAB SERVICES LTD,Highways,5188,Supplies and Services         -,Waste Disposal,RBC Standard Invoice,R4252,Directorate of Economic Growth and Neighbourhood Services
Reading Borough Council,24/07/2025,253040,79658,VJ CARERS LTD,PS Acquired Community Services,3345.52,Third Party Payments          -,Purchased Care,RBC Mosaic Invoice,R5771,Directorate of Social Care and Health Services
Reading Borough Council,24/07/2025,253041,79658,VJ CARERS LTD,PS Acquired Community Services,2921.44,Third Party Payments          -,Purchased Care,RBC Mosaic Invoice,R5771,Directorate of Social Care and Health Services
Reading Borough Council,24/07/2025,253043,79658,VJ CARERS LTD,PS Acquired Community Services,2638.72,Third Party Payments          -,Purchased Care,RBC Mosaic Invoice,R5771,Directorate of Social Care and Health Services
Reading Borough Council,24/07/2025,253044,79658,VJ CARERS LTD,PS Acquired Community Services,4858.56,Third Party Payments          -,Purchased Care,RBC Mosaic Invoice,R5771,Directorate of Social Care and Health Services
Reading Borough Council,24/07/2025,253045,79658,VJ CARERS LTD,PS Acquired Community Services,1236.9,Third Party Payments          -,Purchased Care,RBC Mosaic Invoice,R5771,Directorate of Social Care and Health Services
Reading Borough Council,24/07/2025,253046,79658,VJ CARERS LTD,PS Acquired Community Services,3098.14,Third Party Payments          -,Purchased Care,RBC Mosaic Invoice,R5771,Directorate of Social Care and Health Services
Reading Borough Council,24/07/2025,253047,79658,VJ CARERS LTD,PS Acquired Community Services,2968.56,Third Party Payments          -,Purchased Care,RBC Mosaic Invoice,R5771,Directorate of Social Care and Health Services
Reading Borough Council,24/07/2025,253048,79658,VJ CARERS LTD,PS Acquired Community Services,3958.08,Third Party Payments          -,Purchased Care,RBC Mosaic Invoice,R5771,Directorate of Social Care and Health Services
Reading Borough Council,24/07/2025,253049,79658,VJ CARERS LTD,PS Acquired Community Services,2285.32,Third Party Payments          -,Purchased Care,RBC Mosaic Invoice,R5771,Directorate of Social Care and Health Services
Reading Borough Council,24/07/2025,253050,79658,VJ CARERS LTD,PS Acquired Community Services,2308.88,Third Party Payments          -,Purchased Care,RBC Mosaic Invoice,R5771,Directorate of Social Care and Health Services
Reading Borough Council,24/07/2025,253051,79658,VJ CARERS LTD,PS Acquired Community Services,1319.36,Third Party Payments          -,Purchased Care,RBC Mosaic Invoice,R5771,Directorate of Social Care and Health Services
Reading Borough Council,24/07/2025,253052,79658,VJ CARERS LTD,PS Acquired Community Services,1154.44,Third Party Payments          -,Purchased Care,RBC Mosaic Invoice,R5771,Directorate of Social Care and Health Services
Reading Borough Council,24/07/2025,253053,79658,VJ CARERS LTD,PS Acquired Community Services,3298.4,Third Party Payments          -,Purchased Care,RBC Mosaic Invoice,R5771,Directorate of Social Care and Health Services
Reading Borough Council,24/07/2025,253054,79658,VJ CARERS LTD,PS Acquired Community Services,2968.56,Third Party Payments          -,Purchased Care,RBC Mosaic Invoice,R5771,Directorate of Social Care and Health Services
Reading Borough Council,24/07/2025,253055,79658,VJ CARERS LTD,PS Acquired Community Services,2968.56,Third Party Payments          -,Purchased Care,RBC Mosaic Invoice,R5771,Directorate of Social Care and Health Services
Reading Borough Council,24/07/2025,253056,79658,VJ CARERS LTD,PS Acquired Community Services,1319.36,Third Party Payments          -,Purchased Care,RBC Mosaic Invoice,R5771,Directorate of Social Care and Health Services
Reading Borough Council,24/07/2025,253057,79658,VJ CARERS LTD,PS Acquired Community Services,1319.36,Third Party Payments          -,Purchased Care,RBC Mosaic Invoice,R5771,Directorate of Social Care and Health Services
Reading Borough Council,24/07/2025,253058,79658,VJ CARERS LTD,PS Acquired Community Services,1060.2,Third Party Payments          -,Purchased Care,RBC Mosaic Invoice,R5771,Directorate of Social Care and Health Services
Reading Borough Council,24/07/2025,253059,79658,VJ CARERS LTD,PS Acquired Community Services,2968.56,Third Party Payments          -,Purchased Care,RBC Mosaic Invoice,R5771,Directorate of Social Care and Health Services
Reading Borough Council,24/07/2025,253060,79658,VJ CARERS LTD,PS Acquired Community Services,2968.56,Third Party Payments          -,Purchased Care,RBC Mosaic Invoice,R5771,Directorate of Social Care and Health Services
Reading Borough Council,24/07/2025,253061,79658,VJ CARERS LTD,PS Acquired Community Services,2968.56,Third Party Payments          -,Purchased Care,RBC Mosaic Invoice,R5771,Directorate of Social Care and Health Services
Reading Borough Council,24/07/2025,253062,79658,VJ CARERS LTD,PS Acquired Community Services,2968.56,Third Party Payments          -,Purchased Care,RBC Mosaic Invoice,R5771,Directorate of Social Care and Health Services
Reading Borough Council,24/07/2025,253063,79658,VJ CARERS LTD,PS Acquired Community Services,2968.56,Third Party Payments          -,Purchased Care,RBC Mosaic Invoice,R5771,Directorate of Social Care and Health Services
Reading Borough Council,24/07/2025,253064,79658,VJ CARERS LTD,PS Acquired Community Services,3015.68,Third Party Payments          -,Purchased Care,RBC Mosaic Invoice,R5771,Directorate of Social Care and Health Services
Reading Borough Council,24/07/2025,253065,79658,VJ CARERS LTD,PS Acquired Community Services,3298.4,Third Party Payments          -,Purchased Care,RBC Mosaic Invoice,R5771,Directorate of Social Care and Health Services
Reading Borough Council,24/07/2025,253066,79658,VJ CARERS LTD,PS Acquired Community Services,2968.56,Third Party Payments          -,Purchased Care,RBC Mosaic Invoice,R5771,Directorate of Social Care and Health Services
Reading Borough Council,24/07/2025,253068,79658,VJ CARERS LTD,PS Acquired Community Services,2638.72,Third Party Payments          -,Purchased Care,RBC Mosaic Invoice,R5771,Directorate of Social Care and Health Services
Reading Borough Council,24/07/2025,253069,79658,VJ CARERS LTD,PS Acquired Community Services,2968.56,Third Party Payments          -,Purchased Care,RBC Mosaic Invoice,R5771,Directorate of Social Care and Health Services
Reading Borough Council,24/07/2025,253070,79658,VJ CARERS LTD,PS Acquired Community Services,1507.84,Third Party Payments          -,Purchased Care,RBC Mosaic Invoice,R5771,Directorate of Social Care and Health Services
Reading Borough Council,24/07/2025,253071,79658,VJ CARERS LTD,PS Acquired Community Services,1295.8,Third Party Payments          -,Purchased Care,RBC Mosaic Invoice,R5771,Directorate of Social Care and Health Services
Reading Borough Council,24/07/2025,253072,79658,VJ CARERS LTD,PS Acquired Community Services,1342.92,Third Party Payments          -,Purchased Care,RBC Mosaic Invoice,R5771,Directorate of Social Care and Health Services
Reading Borough Council,24/07/2025,253074,79658,VJ CARERS LTD,PS Acquired Community Services,1460.72,Third Party Payments          -,Purchased Care,RBC Mosaic Invoice,R5771,Directorate of Social Care and Health Services
Reading Borough Council,24/07/2025,253075,79658,VJ CARERS LTD,PS Acquired Community Services,1507.84,Third Party Payments          -,Purchased Care,RBC Mosaic Invoice,R5771,Directorate of Social Care and Health Services
Reading Borough Council,24/07/2025,253076,79658,VJ CARERS LTD,PS Acquired Community Services,651.28,Third Party Payments          -,Purchased Care,RBC Mosaic Invoice,R5771,Directorate of Social Care and Health Services
Reading Borough Council,24/07/2025,253077,79658,VJ CARERS LTD,PS Acquired Community Services,659.68,Third Party Payments          -,Purchased Care,RBC Mosaic Invoice,R5771,Directorate of Social Care and Health Services
Reading Borough Council,24/07/2025,253079,79658,VJ CARERS LTD,PS Acquired Community Services,824.6,Third Party Payments          -,Purchased Care,RBC Mosaic Invoice,R5771,Directorate of Social Care and Health Services
Reading Borough Council,24/07/2025,253080,79658,VJ CARERS LTD,PS Acquired Community Services,1979.04,Third Party Payments          -,Purchased Care,RBC Mosaic Invoice,R5771,Directorate of Social Care and Health Services
Reading Borough Council,24/07/2025,253081,79658,VJ CARERS LTD,PS Acquired Community Services,989.52,Third Party Payments          -,Purchased Care,RBC Mosaic Invoice,R5771,Directorate of Social Care and Health Services
Reading Borough Council,24/07/2025,253082,79658,VJ CARERS LTD,PS Acquired Community Services,659.68,Third Party Payments          -,Purchased Care,RBC Mosaic Invoice,R5771,Directorate of Social Care and Health Services
Reading Borough Council,24/07/2025,253083,79658,VJ CARERS LTD,PS Acquired Community Services,824.6,Third Party Payments          -,Purchased Care,RBC Mosaic Invoice,R5771,Directorate of Social Care and Health Services
Reading Borough Council,24/07/2025,253084,79658,VJ CARERS LTD,Social Support,1272.24,Third Party Payments          -,Purchased Care,RBC Mosaic Invoice,R5790,Directorate of Social Care and Health Services
Reading Borough Council,24/07/2025,253085,79658,VJ CARERS LTD,PS Acquired Community Services,1649.2,Third Party Payments          -,Purchased Care,RBC Mosaic Invoice,R5771,Directorate of Social Care and Health Services
Reading Borough Council,24/07/2025,253086,79658,VJ CARERS LTD,Social Support,659.68,Third Party Payments          -,Purchased Care,RBC Mosaic Invoice,R5790,Directorate of Social Care and Health Services
Reading Borough Council,24/07/2025,253088,79658,VJ CARERS LTD,PS Acquired Community Services,824.6,Third Party Payments          -,Purchased Care,RBC Mosaic Invoice,R5771,Directorate of Social Care and Health Services
Reading Borough Council,24/07/2025,253089,79658,VJ CARERS LTD,PS Acquired Community Services,659.68,Third Party Payments          -,Purchased Care,RBC Mosaic Invoice,R5771,Directorate of Social Care and Health Services
Reading Borough Council,24/07/2025,253090,79658,VJ CARERS LTD,PS Acquired Community Services,600.78,Third Party Payments          -,Purchased Care,RBC Mosaic Invoice,R5771,Directorate of Social Care and Health Services
Reading Borough Council,24/07/2025,253091,79658,VJ CARERS LTD,PS Acquired Community Services,2968.56,Third Party Payments          -,Purchased Care,RBC Mosaic Invoice,R5771,Directorate of Social Care and Health Services
Reading Borough Council,24/07/2025,253092,79658,VJ CARERS LTD,PS Acquired Community Services,1154.44,Third Party Payments          -,Purchased Care,RBC Mosaic Invoice,R5771,Directorate of Social Care and Health Services
Reading Borough Council,24/07/2025,253093,79658,VJ CARERS LTD,Social Support,824.6,Third Party Payments          -,Purchased Care,RBC Mosaic Invoice,R5790,Directorate of Social Care and Health Services
Reading Borough Council,24/07/2025,253094,79658,VJ CARERS LTD,PS Acquired Community Services,1979.04,Third Party Payments          -,Purchased Care,RBC Mosaic Invoice,R5771,Directorate of Social Care and Health Services
Reading Borough Council,24/07/2025,253095,79658,VJ CARERS LTD,Mental Health Community Servic,2732.96,Third Party Payments          -,Purchased Care,RBC Mosaic Invoice,R5731,Directorate of Social Care and Health Services
Reading Borough Council,24/07/2025,253097,79658,VJ CARERS LTD,PS Acquired Community Services,2308.88,Third Party Payments          -,Purchased Care,RBC Mosaic Invoice,R5771,Directorate of Social Care and Health Services
Reading Borough Council,24/07/2025,253119,79658,VJ CARERS LTD,PS Acquired Community Services,824.6,Third Party Payments          -,Purchased Care,RBC Mosaic Invoice,R5771,Directorate of Social Care and Health Services
Reading Borough Council,24/07/2025,253124,79658,VJ CARERS LTD,PS Acquired Community Services,1319.36,Third Party Payments          -,Purchased Care,RBC Mosaic Invoice,R5771,Directorate of Social Care and Health Services
Reading Borough Council,24/07/2025,253134,79658,VJ CARERS LTD,PS Acquired Community Services,659.68,Third Party Payments          -,Purchased Care,RBC Mosaic Invoice,R5771,Directorate of Social Care and Health Services
Reading Borough Council,24/07/2025,253138,79658,VJ CARERS LTD,PS Acquired Community Services,1484.28,Third Party Payments          -,Purchased Care,RBC Mosaic Invoice,R5771,Directorate of Social Care and Health Services
Reading Borough Council,24/07/2025,253139,79658,VJ CARERS LTD,LD Community Services,1013.08,Third Party Payments          -,Purchased Care,RBC Mosaic Invoice,R5741,Directorate of Social Care and Health Services
Reading Borough Council,24/07/2025,253141,79658,VJ CARERS LTD,PS Acquired Community Services,989.52,Third Party Payments          -,Purchased Care,RBC Mosaic Invoice,R5771,Directorate of Social Care and Health Services
Reading Borough Council,24/07/2025,253142,79658,VJ CARERS LTD,Mental Health Community Servic,567.32,Third Party Payments          -,Purchased Care,RBC Mosaic Invoice,R5731,Directorate of Social Care and Health Services
Reading Borough Council,24/07/2025,253148,79658,VJ CARERS LTD,PS Acquired Community Services,1390.04,Third Party Payments          -,Purchased Care,RBC Mosaic Invoice,R5771,Directorate of Social Care and Health Services
Reading Borough Council,24/07/2025,253154,79658,VJ CARERS LTD,Mental Health Community Servic,659.68,Third Party Payments          -,Purchased Care,RBC Mosaic Invoice,R5731,Directorate of Social Care and Health Services
Reading Borough Council,24/07/2025,253158,79658,VJ CARERS LTD,PS Acquired Community Services,1484.28,Third Party Payments          -,Purchased Care,RBC Mosaic Invoice,R5771,Directorate of Social Care and Health Services
Reading Borough Council,24/07/2025,253163,79658,VJ CARERS LTD,PS Acquired Community Services,1672.76,Third Party Payments          -,Purchased Care,RBC Mosaic Invoice,R5771,Directorate of Social Care and Health Services
Reading Borough Council,24/07/2025,253183,79658,VJ CARERS LTD,PS Acquired Community Services,1154.44,Third Party Payments          -,Purchased Care,RBC Mosaic Invoice,R5771,Directorate of Social Care and Health Services
Reading Borough Council,24/07/2025,253190,79658,VJ CARERS LTD,PS Acquired Community Services,1319.36,Third Party Payments          -,Purchased Care,RBC Mosaic Invoice,R5771,Directorate of Social Care and Health Services
Reading Borough Council,24/07/2025,253196,79658,VJ CARERS LTD,PS Acquired Community Services,1484.28,Third Party Payments          -,Purchased Care,RBC Mosaic Invoice,R5771,Directorate of Social Care and Health Services
Reading Borough Council,24/07/2025,253198,79658,VJ CARERS LTD,PS Acquired Community Services,753.92,Third Party Payments          -,Purchased Care,RBC Mosaic Invoice,R5771,Directorate of Social Care and Health Services
Reading Borough Council,24/07/2025,253199,79658,VJ CARERS LTD,PS Acquired Community Services,659.68,Third Party Payments          -,Purchased Care,RBC Mosaic Invoice,R5771,Directorate of Social Care and Health Services
Reading Borough Council,24/07/2025,253201,79658,VJ CARERS LTD,PS Acquired Community Services,1485.7,Third Party Payments          -,Purchased Care,RBC Mosaic Invoice,R5771,Directorate of Social Care and Health Services
Reading Borough Council,24/07/2025,253207,79658,VJ CARERS LTD,PS Acquired Community Services,1485.7,Third Party Payments          -,Purchased Care,RBC Mosaic Invoice,R5771,Directorate of Social Care and Health Services
Reading Borough Council,24/07/2025,253221,79658,VJ CARERS LTD,PS Acquired Community Services,824.6,Third Party Payments          -,Purchased Care,RBC Mosaic Invoice,R5771,Directorate of Social Care and Health Services
Reading Borough Council,24/07/2025,253224,79658,VJ CARERS LTD,PS Acquired Community Services,659.68,Third Party Payments          -,Purchased Care,RBC Mosaic Invoice,R5771,Directorate of Social Care and Health Services
Reading Borough Council,24/07/2025,253225,79658,VJ CARERS LTD,PS Acquired Community Services,965.96,Third Party Payments          -,Purchased Care,RBC Mosaic Invoice,R5771,Directorate of Social Care and Health Services
Reading Borough Council,24/07/2025,253227,79658,VJ CARERS LTD,PS Acquired Community Services,806.93,Third Party Payments          -,Purchased Care,RBC Mosaic Invoice,R5771,Directorate of Social Care and Health Services
Reading Borough Council,24/07/2025,253231,79658,VJ CARERS LTD,PS Acquired Community Services,1814.12,Third Party Payments          -,Purchased Care,RBC Mosaic Invoice,R5771,Directorate of Social Care and Health Services
Reading Borough Council,24/07/2025,253232,79658,VJ CARERS LTD,PS Acquired Community Services,1814.12,Third Party Payments          -,Purchased Care,RBC Mosaic Invoice,R5771,Directorate of Social Care and Health Services
Reading Borough Council,24/07/2025,253234,79658,VJ CARERS LTD,PS Acquired Community Services,989.52,Third Party Payments          -,Purchased Care,RBC Mosaic Invoice,R5771,Directorate of Social Care and Health Services
Reading Borough Council,24/07/2025,253235,79658,VJ CARERS LTD,M&C Acquired Community Service,1154.44,Third Party Payments          -,Purchased Care,RBC Mosaic Invoice,R5751,Directorate of Social Care and Health Services
Reading Borough Council,24/07/2025,253236,79658,VJ CARERS LTD,PS Acquired Community Services,1484.28,Third Party Payments          -,Purchased Care,RBC Mosaic Invoice,R5771,Directorate of Social Care and Health Services
Reading Borough Council,24/07/2025,253237,79658,VJ CARERS LTD,PS Acquired Community Services,659.68,Third Party Payments          -,Purchased Care,RBC Mosaic Invoice,R5771,Directorate of Social Care and Health Services
Reading Borough Council,24/07/2025,253239,79658,VJ CARERS LTD,PS Acquired Community Services,1319.36,Third Party Payments          -,Purchased Care,RBC Mosaic Invoice,R5771,Directorate of Social Care and Health Services
Reading Borough Council,24/07/2025,253241,79658,VJ CARERS LTD,PS Acquired Community Services,742.14,Third Party Payments          -,Purchased Care,RBC Mosaic Invoice,R5771,Directorate of Social Care and Health Services
Reading Borough Council,24/07/2025,253258,79658,VJ CARERS LTD,Mental Health Community Servic,719.11,Third Party Payments          -,Purchased Care,RBC Mosaic Invoice,R5731,Directorate of Social Care and Health Services
Reading Borough Council,24/07/2025,253259,79658,VJ CARERS LTD,PS Acquired Community Services,753.92,Third Party Payments          -,Purchased Care,RBC Mosaic Invoice,R5771,Directorate of Social Care and Health Services
Reading Borough Council,24/07/2025,253260,79658,VJ CARERS LTD,PS Acquired Community Services,912.95,Third Party Payments          -,Purchased Care,RBC Mosaic Invoice,R5771,Directorate of Social Care and Health Services
Reading Borough Council,24/07/2025,253261,79658,VJ CARERS LTD,Social Support,848.16,Third Party Payments          -,Purchased Care,RBC Mosaic Invoice,R5790,Directorate of Social Care and Health Services
Reading Borough Council,24/07/2025,253263,79658,VJ CARERS LTD,PS Acquired Community Services,1649.2,Third Party Payments          -,Purchased Care,RBC Mosaic Invoice,R5771,Directorate of Social Care and Health Services
Reading Borough Council,24/07/2025,253321,79658,VJ CARERS LTD,PS Acquired Community Services,1042.53,Third Party Payments          -,Purchased Care,RBC Mosaic Invoice,R5771,Directorate of Social Care and Health Services
Reading Borough Council,24/07/2025,253324,79658,VJ CARERS LTD,PS Acquired Community Services,824.6,Third Party Payments          -,Purchased Care,RBC Mosaic Invoice,R5771,Directorate of Social Care and Health Services
Reading Borough Council,24/07/2025,253325,79658,VJ CARERS LTD,Sensory Support Community Serv,1236.9,Third Party Payments          -,Purchased Care,RBC Mosaic Invoice,R5711,Directorate of Social Care and Health Services
Reading Borough Council,24/07/2025,253326,79658,VJ CARERS LTD,PS Acquired Community Services,671.46,Third Party Payments          -,Purchased Care,RBC Mosaic Invoice,R5771,Directorate of Social Care and Health Services
Reading Borough Council,24/07/2025,253328,79658,VJ CARERS LTD,PS Acquired Community Services,2261.76,Third Party Payments          -,Purchased Care,RBC Mosaic Invoice,R5771,Directorate of Social Care and Health Services
Reading Borough Council,24/07/2025,253329,79658,VJ CARERS LTD,PS Acquired Community Services,1284.02,Third Party Payments          -,Purchased Care,RBC Mosaic Invoice,R5771,Directorate of Social Care and Health Services
Reading Borough Council,24/07/2025,253330,79658,VJ CARERS LTD,PS Acquired Community Services,541.88,Third Party Payments          -,Purchased Care,RBC Mosaic Invoice,R5771,Directorate of Social Care and Health Services
Reading Borough Council,24/07/2025,253332,79658,VJ CARERS LTD,PS Acquired Community Services,871.72,Third Party Payments          -,Purchased Care,RBC Mosaic Invoice,R5771,Directorate of Social Care and Health Services
Reading Borough Council,24/07/2025,253333,79658,VJ CARERS LTD,Mental Health Community Servic,3199.8,Third Party Payments          -,Purchased Care,RBC Mosaic Invoice,R5731,Directorate of Social Care and Health Services
Reading Borough Council,24/07/2025,253334,79658,VJ CARERS LTD,PS Acquired Community Services,1672.76,Third Party Payments          -,Purchased Care,RBC Mosaic Invoice,R5771,Directorate of Social Care and Health Services
Reading Borough Council,24/07/2025,253336,79658,VJ CARERS LTD,PS Acquired Community Services,1154.44,Third Party Payments          -,Purchased Care,RBC Mosaic Invoice,R5771,Directorate of Social Care and Health Services
Reading Borough Council,24/07/2025,253338,79658,VJ CARERS LTD,PS Acquired Community Services,824.6,Third Party Payments          -,Purchased Care,RBC Mosaic Invoice,R5771,Directorate of Social Care and Health Services
Reading Borough Council,24/07/2025,253343,79658,VJ CARERS LTD,PS Acquired Community Services,824.6,Third Party Payments          -,Purchased Care,RBC Mosaic Invoice,R5771,Directorate of Social Care and Health Services
Reading Borough Council,24/07/2025,253345,79658,VJ CARERS LTD,PS Acquired Community Services,1154.44,Third Party Payments          -,Purchased Care,RBC Mosaic Invoice,R5771,Directorate of Social Care and Health Services
Reading Borough Council,24/07/2025,253361,79658,VJ CARERS LTD,PS Acquired Community Services,1649.2,Third Party Payments          -,Purchased Care,RBC Mosaic Invoice,R5771,Directorate of Social Care and Health Services
Reading Borough Council,24/07/2025,253382,79658,VJ CARERS LTD,PS Acquired Community Services,824.6,Third Party Payments          -,Purchased Care,RBC Mosaic Invoice,R5771,Directorate of Social Care and Health Services
Reading Borough Council,24/07/2025,253391,79658,VJ CARERS LTD,PS Acquired Community Services,1154.44,Third Party Payments          -,Purchased Care,RBC Mosaic Invoice,R5771,Directorate of Social Care and Health Services
Reading Borough Council,24/07/2025,253396,79658,VJ CARERS LTD,PS Acquired Community Services,1649.2,Third Party Payments          -,Purchased Care,RBC Mosaic Invoice,R5771,Directorate of Social Care and Health Services
Reading Borough Council,24/07/2025,253397,79658,VJ CARERS LTD,PS Acquired Community Services,2308.88,Third Party Payments          -,Purchased Care,RBC Mosaic Invoice,R5771,Directorate of Social Care and Health Services
Reading Borough Council,24/07/2025,253399,79658,VJ CARERS LTD,PS Acquired Community Services,1649.2,Third Party Payments          -,Purchased Care,RBC Mosaic Invoice,R5771,Directorate of Social Care and Health Services
Reading Borough Council,24/07/2025,253400,79658,VJ CARERS LTD,PS Acquired Community Services,824.6,Third Party Payments          -,Purchased Care,RBC Mosaic Invoice,R5771,Directorate of Social Care and Health Services
Reading Borough Council,24/07/2025,253401,79658,VJ CARERS LTD,LD Community Services,1625.64,Third Party Payments          -,Purchased Care,RBC Mosaic Invoice,R5741,Directorate of Social Care and Health Services
Reading Borough Council,24/07/2025,253402,79658,VJ CARERS LTD,PS Acquired Community Services,1319.36,Third Party Payments          -,Purchased Care,RBC Mosaic Invoice,R5771,Directorate of Social Care and Health Services
Reading Borough Council,24/07/2025,253403,79658,VJ CARERS LTD,PS Acquired Community Services,6039.24,Third Party Payments          -,Purchased Care,RBC Mosaic Invoice,R5771,Directorate of Social Care and Health Services
Reading Borough Council,24/07/2025,253404,79658,VJ CARERS LTD,Mental Health Community Servic,659.68,Third Party Payments          -,Purchased Care,RBC Mosaic Invoice,R5731,Directorate of Social Care and Health Services
Reading Borough Council,24/07/2025,252905,79660,DOMESTIC LIFT SERVICES LTD,DFG & Priv Sector Adaptations,5480,Capital                       -,Grants Paid Out,RBC Refunds Manual Entry,C8120,Capital
Reading Borough Council,24/07/2025,253038,79662,CARE MANAGEMENT GROUP LTD,Mental Health Community Servic,4306.44,Third Party Payments          -,Purchased Care,RBC Mosaic Invoice,R5731,Directorate of Social Care and Health Services
Reading Borough Council,24/07/2025,250728,79663,CARE4U WE LTD,LD Community Services,4286.94,Third Party Payments          -,Day Care Purchases,RBC Mosaic Invoice,R5741,Directorate of Social Care and Health Services
Reading Borough Council,24/07/2025,250949,79663,CARE4U WE LTD,Mental Health Community Servic,1479.53,Third Party Payments          -,Purchased Care,RBC Mosaic Invoice,R5731,Directorate of Social Care and Health Services
Reading Borough Council,24/07/2025,253164,79664,MY HOMECARE (READING AND BRACKNELL) LTD,PS Acquired Community Services,1225.12,Third Party Payments          -,Purchased Care,RBC Mosaic Invoice,R5771,Directorate of Social Care and Health Services
Reading Borough Council,24/07/2025,253166,79664,MY HOMECARE (READING AND BRACKNELL) LTD,PS Acquired Community Services,871.72,Third Party Payments          -,Purchased Care,RBC Mosaic Invoice,R5771,Directorate of Social Care and Health Services
Reading Borough Council,24/07/2025,253167,79664,MY HOMECARE (READING AND BRACKNELL) LTD,PS Acquired Community Services,659.68,Third Party Payments          -,Purchased Care,RBC Mosaic Invoice,R5771,Directorate of Social Care and Health Services
Reading Borough Council,24/07/2025,253168,79664,MY HOMECARE (READING AND BRACKNELL) LTD,PS Acquired Community Services,1107.32,Third Party Payments          -,Purchased Care,RBC Mosaic Invoice,R5771,Directorate of Social Care and Health Services
Reading Borough Council,24/07/2025,253169,79664,MY HOMECARE (READING AND BRACKNELL) LTD,PS Acquired Community Services,1390.04,Third Party Payments          -,Purchased Care,RBC Mosaic Invoice,R5771,Directorate of Social Care and Health Services
Reading Borough Council,24/07/2025,253171,79664,MY HOMECARE (READING AND BRACKNELL) LTD,PS Acquired Community Services,2968.56,Third Party Payments          -,Purchased Care,RBC Mosaic Invoice,R5771,Directorate of Social Care and Health Services
Reading Borough Council,24/07/2025,253172,79664,MY HOMECARE (READING AND BRACKNELL) LTD,PS Acquired Community Services,1531.4,Third Party Payments          -,Purchased Care,RBC Mosaic Invoice,R5771,Directorate of Social Care and Health Services
Reading Borough Council,24/07/2025,253173,79664,MY HOMECARE (READING AND BRACKNELL) LTD,PS Acquired Community Services,3722.48,Third Party Payments          -,Purchased Care,RBC Mosaic Invoice,R5771,Directorate of Social Care and Health Services
Reading Borough Council,24/07/2025,253174,79664,MY HOMECARE (READING AND BRACKNELL) LTD,PS Acquired Community Services,2709.4,Third Party Payments          -,Purchased Care,RBC Mosaic Invoice,R5771,Directorate of Social Care and Health Services
Reading Borough Council,24/07/2025,253175,79664,MY HOMECARE (READING AND BRACKNELL) LTD,PS Acquired Community Services,571.33,Third Party Payments          -,Purchased Care,RBC Mosaic Invoice,R5771,Directorate of Social Care and Health Services
Reading Borough Council,24/07/2025,253176,79664,MY HOMECARE (READING AND BRACKNELL) LTD,M&C Acquired Community Service,647.9,Third Party Payments          -,Purchased Care,RBC Mosaic Invoice,R5751,Directorate of Social Care and Health Services
Reading Borough Council,24/07/2025,253177,79664,MY HOMECARE (READING AND BRACKNELL) LTD,PS Acquired Community Services,1507.84,Third Party Payments          -,Purchased Care,RBC Mosaic Invoice,R5771,Directorate of Social Care and Health Services
Reading Borough Council,24/07/2025,253178,79664,MY HOMECARE (READING AND BRACKNELL) LTD,LD Community Services,2049.72,Third Party Payments          -,Purchased Care,RBC Mosaic Invoice,R5741,Directorate of Social Care and Health Services
Reading Borough Council,24/07/2025,253179,79664,MY HOMECARE (READING AND BRACKNELL) LTD,PS Acquired Community Services,1484.28,Third Party Payments          -,Purchased Care,RBC Mosaic Invoice,R5771,Directorate of Social Care and Health Services
Reading Borough Council,24/07/2025,253180,79664,MY HOMECARE (READING AND BRACKNELL) LTD,M&C Acquired Community Service,1154.44,Third Party Payments          -,Purchased Care,RBC Mosaic Invoice,R5751,Directorate of Social Care and Health Services
Reading Borough Council,24/07/2025,253181,79664,MY HOMECARE (READING AND BRACKNELL) LTD,PS Acquired Community Services,3298.4,Third Party Payments          -,Purchased Care,RBC Mosaic Invoice,R5771,Directorate of Social Care and Health Services
Reading Borough Council,24/07/2025,253182,79664,MY HOMECARE (READING AND BRACKNELL) LTD,PS Acquired Community Services,824.6,Third Party Payments          -,Purchased Care,RBC Mosaic Invoice,R5771,Directorate of Social Care and Health Services
Reading Borough Council,24/07/2025,253184,79664,MY HOMECARE (READING AND BRACKNELL) LTD,PS Acquired Community Services,1236.9,Third Party Payments          -,Purchased Care,RBC Mosaic Invoice,R5771,Directorate of Social Care and Health Services
Reading Borough Council,24/07/2025,253185,79664,MY HOMECARE (READING AND BRACKNELL) LTD,PS Acquired Community Services,1543.18,Third Party Payments          -,Purchased Care,RBC Mosaic Invoice,R5771,Directorate of Social Care and Health Services
Reading Borough Council,24/07/2025,253186,79664,MY HOMECARE (READING AND BRACKNELL) LTD,PS Acquired Community Services,2968.56,Third Party Payments          -,Purchased Care,RBC Mosaic Invoice,R5771,Directorate of Social Care and Health Services
Reading Borough Council,24/07/2025,253187,79664,MY HOMECARE (READING AND BRACKNELL) LTD,PS Acquired Community Services,1395.93,Third Party Payments          -,Purchased Care,RBC Mosaic Invoice,R5771,Directorate of Social Care and Health Services
Reading Borough Council,24/07/2025,253189,79664,MY HOMECARE (READING AND BRACKNELL) LTD,PS Acquired Community Services,1484.28,Third Party Payments          -,Purchased Care,RBC Mosaic Invoice,R5771,Directorate of Social Care and Health Services
Reading Borough Council,24/07/2025,253191,79664,MY HOMECARE (READING AND BRACKNELL) LTD,PS Acquired Community Services,1154.44,Third Party Payments          -,Purchased Care,RBC Mosaic Invoice,R5771,Directorate of Social Care and Health Services
Reading Borough Council,24/07/2025,253192,79664,MY HOMECARE (READING AND BRACKNELL) LTD,PS Acquired Community Services,530.1,Third Party Payments          -,Purchased Care,RBC Mosaic Invoice,R5771,Directorate of Social Care and Health Services
Reading Borough Council,24/07/2025,247161,79665,ANGLIA SIGN CASTING LTD,Crematorium,686.84,Supplies and Services         -,Memorials & Comm'tive Plaques,RBC Standard Invoice,R4606,Directorate of Resources
Reading Borough Council,24/07/2025,253039,79667,ACCREDO SUPPORT & DEVELOPMENT LTD,Mental Health Community Servic,688.2,Third Party Payments          -,Purchased Care,RBC Mosaic Invoice,R5731,Directorate of Social Care and Health Services
Reading Borough Council,24/07/2025,253454,79667,ACCREDO SUPPORT & DEVELOPMENT LTD,Mental Health Community Servic,688.2,Third Party Payments          -,Purchased Care,RBC Mosaic Invoice,R5731,Directorate of Social Care and Health Services
Reading Borough Council,24/07/2025,252911,79668,BARNSFOLD NURSERIES LTD,Streetscene,14978.9,Premises Related Expenses     -,Grounds Maintenance,RBC Standard Invoice,R4567,Directorate of Economic Growth and Neighbourhood Services
Reading Borough Council,24/07/2025,253194,79669,ABINGTON VIEW,M&C Acquired Community Service,3789.08,Third Party Payments          -,Purchased Care,RBC Mosaic Invoice,R5751,Directorate of Social Care and Health Services
Reading Borough Council,24/07/2025,247875,79672,PEMBROKE SURGERY,Berkshire West Public Health H,682.64,Third Party Payments          -,NHS Trusts,RBC Standard Invoice,R2002,Directorate of Social Care and Health Services
Reading Borough Council,24/07/2025,247878,79672,PEMBROKE SURGERY,Berkshire West Public Health H,2240,Third Party Payments          -,NHS Trusts,RBC Standard Invoice,R2002,Directorate of Social Care and Health Services
Reading Borough Council,24/07/2025,251410,79673,GATEWAY QUALIFICATIONS LTD,New Directions,800,Supplies and Services         -,Examination Fees,RBC Standard Invoice,R3340,Directorate of Economic Growth and Neighbourhood Services
Reading Borough Council,24/07/2025,250703,79675,CLARK CARE SERVICES,PS Acquired Community Services,2918.16,Third Party Payments          -,Purchased Care,RBC Mosaic Invoice,R5771,Directorate of Social Care and Health Services
Reading Borough Council,24/07/2025,253426,79676,THE COWSHED,Single Homelessness Grants,7000,Supplies and Services         -,Preventative & Support Svces,RBC Refunds Manual Entry,R5860,Directorate of Economic Growth and Neighbourhood Services
Reading Borough Council,24/07/2025,243366,79679,SM 365 LTD,Deprivation of Liberty Safegua,2569.5,Supplies and Services         -,Professional Fees,RBC Standard Invoice,R5729,Directorate of Social Care and Health Services
Reading Borough Council,24/07/2025,253078,79680,REALCARE+ LTD,PS Acquired Community Services,1312.48,Third Party Payments          -,Purchased Care,RBC Mosaic Invoice,R5771,Directorate of Social Care and Health Services
Reading Borough Council,24/07/2025,253440,79680,REALCARE+ LTD,PS Acquired Community Services,1230.87,Third Party Payments          -,Purchased Care,RBC Refunds Manual Entry,R5771,Directorate of Social Care and Health Services
Reading Borough Council,24/07/2025,253320,79682,FEDCAP EMPLOYMENT LTD,LD Community Services,4590.04,Third Party Payments          -,Purchased Care,RBC Mosaic Invoice,R5741,Directorate of Social Care and Health Services
Reading Borough Council,24/07/2025,252931,79683,ABEL LIVING LTD,Emergency Accommodation,14220,Premises Related Expenses     -,Rents,RBC Standard Invoice,R5871,Directorate of Economic Growth and Neighbourhood Services
Reading Borough Council,24/07/2025,253462,79684,WARRINGTONFIRE TESTING & CERTIFICATION,DLO Housing & Corporate Projec,1260,Premises Related Expenses     -,Responsive Repairs,RBC Standard Invoice,R4045,Directorate of Economic Growth and Neighbourhood Services
Reading Borough Council,24/07/2025,243364,79685,RUSSELL RESIDENCES LTD,Emergency Accommodation,728,Premises Related Expenses     -,Rents,RBC Standard Invoice,R5871,Directorate of Economic Growth and Neighbourhood Services
Reading Borough Council,24/07/2025,252956,79687,ARREFUNDSBACS,RBC Balance Sheet,577.24,Current Assets                -,RBC - MAIN BANK AC LLOYDS,RBC AR REFUNDS,R9999,Balance Sheet
Reading Borough Council,24/07/2025,252957,79688,ARREFUNDSBACS,RBC Balance Sheet,551.24,Current Assets                -,RBC - MAIN BANK AC LLOYDS,RBC AR REFUNDS,R9999,Balance Sheet
Reading Borough Council,24/07/2025,253418,79691,Sundry Supplier,Housing Advice,713.54,Income                        -,Fees & Charges : General,RBC Refunds Manual Entry,R5820,Directorate of Economic Growth and Neighbourhood Services
Reading Borough Council,25/07/2025,244735,79716,JADE SECURITY SERVICES LTD,Corporate Miscellaneous,578.5,Supplies and Services         -,Cash Collection Service,RBC Standard Invoice,R2855,Corporate
Reading Borough Council,25/07/2025,247172,79717,READIBUS LTD,Strategic Transport & Concessi,19326,Supplies and Services         -,Payments to Operators,RBC Standard Invoice,R4726,Directorate of Economic Growth and Neighbourhood Services
Reading Borough Council,25/07/2025,250970,79717,READIBUS LTD,Strategic Transport & Concessi,112500,Supplies and Services         -,Payments to Operators,RBC Standard Invoice,R4726,Directorate of Economic Growth and Neighbourhood Services
Reading Borough Council,25/07/2025,248358,79718,CARELINE,Kennet Day Nursery,802.28,Employees                     -,Agency Staff,RBC Standard Invoice,R3555,Directorate of Resources
Reading Borough Council,25/07/2025,250319,79718,CARELINE,LD Respite,949.32,Employees                     -,Agency Staff,RBC Standard Invoice,R5064,Directorate of Social Care and Health Services
Reading Borough Council,25/07/2025,246463,79720,SOUND & LIGHTING HIRE,Events & Engagement,760,Supplies and Services         -,Special Activities,RBC Standard Invoice,R2080,Chief Executive
Reading Borough Council,25/07/2025,246481,79721,BIDVEST FOODSERVICE (BIDFOOD),Town Hall Operations,1328.75,Income                        -,Sales : Food,RBC Standard Invoice,R1210,Directorate of Economic Growth and Neighbourhood Services
Reading Borough Council,25/07/2025,243412,79723,KOMPAN LTD,Streetscene,772.8,Premises Related Expenses     -,Mtce : Childrens Playgrounds,RBC CIS Invoice,R4567,Directorate of Economic Growth and Neighbourhood Services
Reading Borough Council,25/07/2025,253476,79724,TRAVIS PERKINS TRADING COMPANY LTD,DLO Stock,85920.09,Supplies and Services         -,Stock Purchase,RBC Standard Invoice,R4002,Directorate of Economic Growth and Neighbourhood Services
Reading Borough Council,25/07/2025,253477,79724,TRAVIS PERKINS TRADING COMPANY LTD,DLO Stock,22274.27,Supplies and Services         -,Stock Purchase,RBC Standard Invoice,R4002,Directorate of Economic Growth and Neighbourhood Services
Reading Borough Council,25/07/2025,253478,79724,TRAVIS PERKINS TRADING COMPANY LTD,DLO Stock,9703.24,Supplies and Services         -,Stock Purchase,RBC Standard Invoice,R4002,Directorate of Economic Growth and Neighbourhood Services
Reading Borough Council,25/07/2025,247181,79725,ASKEWS & HOLTS LIBRARY SERVICES LTD,General Reference,2552.78,Supplies and Services         -,Library Books : Adult Fiction,RBC Standard Invoice,R1454,Directorate of Economic Growth and Neighbourhood Services
Reading Borough Council,25/07/2025,247548,79728,BOWAK LTD,Crematorium,501.77,Premises Related Expenses     -,Cleaning Services & Materials,RBC Standard Invoice,R4606,Directorate of Resources
Reading Borough Council,25/07/2025,199955,79730,F.G. MARSHALL LTD,Crematorium,1246.43,Supplies and Services         -,Memorials & Comm'tive Plaques,RBC Standard Invoice,R4606,Directorate of Resources
Reading Borough Council,25/07/2025,245336,79731,GRUNDON WASTE MANAGEMENT LTD,Recycling and Waste,2978.91,Third Party Payments          -,Third Party Pymts: Other Estab,RBC Standard Invoice,R4561,Directorate of Economic Growth and Neighbourhood Services
Reading Borough Council,25/07/2025,245350,79731,GRUNDON WASTE MANAGEMENT LTD,Streetscene,2329.56,Supplies and Services         -,Waste Collection,RBC Standard Invoice,R4567,Directorate of Economic Growth and Neighbourhood Services
Reading Borough Council,25/07/2025,245351,79731,GRUNDON WASTE MANAGEMENT LTD,Streetscene,552.48,Supplies and Services         -,Waste Collection,RBC Standard Invoice,R4567,Directorate of Economic Growth and Neighbourhood Services
Reading Borough Council,25/07/2025,253598,79732,INITIAL,Charles Clore Court,2285.28,Premises Related Expenses     -,Refuse Collection,RBC Standard Invoice,R5157,Directorate of Social Care and Health Services
Reading Borough Council,25/07/2025,246389,79735,AKZONOBEL T/A DULUX DECORATOR CENTRE,Void Property Management,2489.2,Premises Related Expenses     -,Minor Voids : Repairs,RBC Standard Invoice,R5921,Housing
Reading Borough Council,25/07/2025,248300,79739,EXPERIAN,Council Tax & Business Rates,5484.96,Third Party Payments          -,Third Party Pymts: Other Estab,RBC Standard Invoice,R2250,Directorate of Resources
Reading Borough Council,25/07/2025,251446,79742,OBAS UK LTD,Highways,1999.8,Supplies and Services         -,Materials,RBC Standard Invoice,R4252,Directorate of Economic Growth and Neighbourhood Services
Reading Borough Council,25/07/2025,245477,79743,SMS ENVIRONMENTAL LTD,Corporate FM - Office Building,16784.15,Premises Related Expenses     -,Building Maintenance,RBC CIS Invoice,R3738,Directorate of Economic Growth and Neighbourhood Services
Reading Borough Council,25/07/2025,245331,79744,GAP GROUP LTD,Highways,1213.8,Transport Related Expenditure -,Hire of Plant,RBC Standard Invoice,R4252,Directorate of Economic Growth and Neighbourhood Services
Reading Borough Council,25/07/2025,253467,79746,M & B ELECTRICAL SERVICES (READING) LTD,Corp & Community Buildings,19500,Capital                       -,Building Works,RBC CIS Invoice,C8310,Capital
Reading Borough Council,25/07/2025,253468,79746,M & B ELECTRICAL SERVICES (READING) LTD,Corp & Community Buildings,46000,Capital                       -,Building Works,RBC CIS Invoice,C8310,Capital
Reading Borough Council,25/07/2025,253665,79747,ALINA PARRY & MR A A RUSSELL,Housing Advice,1000,Supplies and Services         -,Preventative & Support Svces,RBC Refunds Manual Entry,R5820,Directorate of Economic Growth and Neighbourhood Services
Reading Borough Council,25/07/2025,247164,79748,COPE OCCUPATIONAL HEALTH & ERGONOMIC SER,HR & Payroll,5311.53,Supplies and Services         -,Health & Safety,RBC Standard Invoice,R2600,Directorate of Resources
Reading Borough Council,25/07/2025,245434,79751,EDWARD KIRKWOOD,JLT Disbursements,750,Supplies and Services         -,External Legal Services,RBC Standard Invoice,R2407,Directorate of Resources
Reading Borough Council,25/07/2025,246607,79751,EDWARD KIRKWOOD,JLT Disbursements,950,Supplies and Services         -,External Legal Services,RBC Standard Invoice,R2407,Directorate of Resources
Reading Borough Council,25/07/2025,247615,79751,EDWARD KIRKWOOD,JLT Disbursements,750,Supplies and Services         -,External Legal Services,RBC Standard Invoice,R2407,Directorate of Resources
Reading Borough Council,25/07/2025,245357,79752,THEBIGWORD INTERPRETING SERVICES LTD,Customer Services - Reception,5411.78,Supplies and Services         -,Translation Services,RBC Standard Invoice,R2595,Directorate of Resources
Reading Borough Council,25/07/2025,245320,79755,TOTALMOBILE LTD,DLO Housing Building Maintenan,1525,Supplies and Services         -,Software Support,RBC Standard Invoice,R4005,Directorate of Economic Growth and Neighbourhood Services
Reading Borough Council,25/07/2025,247525,79757,EARLSMERE LTD,DEGNS Management,2610,Employees                     -,Training & Development Costs,RBC Standard Invoice,R1500,Directorate of Economic Growth and Neighbourhood Services
Reading Borough Council,25/07/2025,247526,79757,EARLSMERE LTD,Streetscene,3640,Supplies and Services         -,Equipment Purchase & Repair,RBC Standard Invoice,R4567,Directorate of Economic Growth and Neighbourhood Services
Reading Borough Council,25/07/2025,251398,79758,NCFE,New Directions,1030,Supplies and Services         -,Examination Fees,RBC Standard Invoice,R3340,Directorate of Economic Growth and Neighbourhood Services
Reading Borough Council,25/07/2025,243627,79759,FCC RECYCLING (UK) LTD,Recycling and Waste,11304.35,Third Party Payments          -,Other Waste Disposal Costs,RBC Standard Invoice,R4561,Directorate of Economic Growth and Neighbourhood Services
Reading Borough Council,25/07/2025,251806,79760,TOTAL HEALTH SUPPORT & TRAINING SERVICES,LD Community Services,691.2,Third Party Payments          -,Purchased Care,RBC Mosaic Invoice,R5741,Directorate of Social Care and Health Services
Reading Borough Council,25/07/2025,251807,79760,TOTAL HEALTH SUPPORT & TRAINING SERVICES,PS Acquired Community Services,2968.56,Third Party Payments          -,Purchased Care,RBC Mosaic Invoice,R5771,Directorate of Social Care and Health Services
Reading Borough Council,25/07/2025,251808,79760,TOTAL HEALTH SUPPORT & TRAINING SERVICES,LD Community Services,777.6,Third Party Payments          -,Purchased Care,RBC Mosaic Invoice,R5741,Directorate of Social Care and Health Services
Reading Borough Council,25/07/2025,251810,79760,TOTAL HEALTH SUPPORT & TRAINING SERVICES,LD Community Services,648,Third Party Payments          -,Purchased Care,RBC Mosaic Invoice,R5741,Directorate of Social Care and Health Services
Reading Borough Council,25/07/2025,251811,79760,TOTAL HEALTH SUPPORT & TRAINING SERVICES,PS Acquired Community Services,1319.36,Third Party Payments          -,Purchased Care,RBC Mosaic Invoice,R5771,Directorate of Social Care and Health Services
Reading Borough Council,25/07/2025,251815,79760,TOTAL HEALTH SUPPORT & TRAINING SERVICES,PS Acquired Community Services,2968.56,Third Party Payments          -,Purchased Care,RBC Mosaic Invoice,R5771,Directorate of Social Care and Health Services
Reading Borough Council,25/07/2025,251817,79760,TOTAL HEALTH SUPPORT & TRAINING SERVICES,PS Acquired Community Services,700.91,Third Party Payments          -,Purchased Care,RBC Mosaic Invoice,R5771,Directorate of Social Care and Health Services
Reading Borough Council,25/07/2025,251818,79760,TOTAL HEALTH SUPPORT & TRAINING SERVICES,Social Support,942.4,Third Party Payments          -,Purchased Care,RBC Mosaic Invoice,R5790,Directorate of Social Care and Health Services
Reading Borough Council,25/07/2025,251822,79760,TOTAL HEALTH SUPPORT & TRAINING SERVICES,Sensory Support Community Serv,1755.22,Third Party Payments          -,Purchased Care,RBC Mosaic Invoice,R5711,Directorate of Social Care and Health Services
Reading Borough Council,25/07/2025,251823,79760,TOTAL HEALTH SUPPORT & TRAINING SERVICES,PS Acquired Community Services,2968.56,Third Party Payments          -,Purchased Care,RBC Mosaic Invoice,R5771,Directorate of Social Care and Health Services
Reading Borough Council,25/07/2025,251824,79760,TOTAL HEALTH SUPPORT & TRAINING SERVICES,PS Acquired Community Services,612.56,Third Party Payments          -,Purchased Care,RBC Mosaic Invoice,R5771,Directorate of Social Care and Health Services
Reading Borough Council,25/07/2025,251825,79760,TOTAL HEALTH SUPPORT & TRAINING SERVICES,Mental Health Community Servic,626.4,Third Party Payments          -,Purchased Care,RBC Mosaic Invoice,R5731,Directorate of Social Care and Health Services
Reading Borough Council,25/07/2025,251826,79760,TOTAL HEALTH SUPPORT & TRAINING SERVICES,LD Community Services,777.6,Third Party Payments          -,Purchased Care,RBC Mosaic Invoice,R5741,Directorate of Social Care and Health Services
Reading Borough Council,25/07/2025,251827,79760,TOTAL HEALTH SUPPORT & TRAINING SERVICES,PS Acquired Community Services,824.6,Third Party Payments          -,Purchased Care,RBC Mosaic Invoice,R5771,Directorate of Social Care and Health Services
Reading Borough Council,25/07/2025,251828,79760,TOTAL HEALTH SUPPORT & TRAINING SERVICES,PS Acquired Community Services,1319.36,Third Party Payments          -,Purchased Care,RBC Mosaic Invoice,R5771,Directorate of Social Care and Health Services
Reading Borough Council,25/07/2025,251829,79760,TOTAL HEALTH SUPPORT & TRAINING SERVICES,PS Acquired Community Services,2968.56,Third Party Payments          -,Purchased Care,RBC Mosaic Invoice,R5771,Directorate of Social Care and Health Services
Reading Borough Council,25/07/2025,251830,79760,TOTAL HEALTH SUPPORT & TRAINING SERVICES,PS Acquired Community Services,977.74,Third Party Payments          -,Purchased Care,RBC Mosaic Invoice,R5771,Directorate of Social Care and Health Services
Reading Borough Council,25/07/2025,251832,79760,TOTAL HEALTH SUPPORT & TRAINING SERVICES,PS Acquired Community Services,659.68,Third Party Payments          -,Purchased Care,RBC Mosaic Invoice,R5771,Directorate of Social Care and Health Services
Reading Borough Council,25/07/2025,245366,79761,BREEDON SOUTHERN LTD,Highways,1453.8,Supplies and Services         -,Materials,RBC Standard Invoice,R4252,Directorate of Economic Growth and Neighbourhood Services
Reading Borough Council,25/07/2025,252807,79762,MY LONDON LETS,Emergency Accommodation,1036,Premises Related Expenses     -,Rents,RBC Standard Invoice,R5871,Directorate of Economic Growth and Neighbourhood Services
Reading Borough Council,25/07/2025,250841,79764,LINK UP,LD Community Services,681.39,Third Party Payments          -,Purchased Care,RBC Mosaic Invoice,R5741,Directorate of Social Care and Health Services
Reading Borough Council,25/07/2025,243441,79766,VIVEDIA LTD,Crematorium,4130,Supplies and Services         -,Equipment Purchase & Repair,RBC Standard Invoice,R4606,Directorate of Resources
Reading Borough Council,25/07/2025,250634,79768,SYLVIANCARE LTD,PS Acquired Community Services,4287.92,Third Party Payments          -,Purchased Care,RBC Mosaic Invoice,R5771,Directorate of Social Care and Health Services
Reading Borough Council,25/07/2025,243629,79770,YELDALL CHRISTIAN CENTRES,Rough Sleeping DAT Grant,852,Third Party Payments          -,Purchased Care,RBC Standard Invoice,R2069,Directorate of Social Care and Health Services
Reading Borough Council,25/07/2025,252781,79771,PILON LTD,MRA Account,2192.89,Premises Related Expenses     -,Responsive Repairs,RBC CIS Invoice,R5975,Housing
Reading Borough Council,25/07/2025,253661,79771,PILON LTD,DLO Voids Trades,176118.68,Third Party Payments          -,Subcontractors Labour,RBC CIS Invoice,R4020,Directorate of Economic Growth and Neighbourhood Services
Reading Borough Council,25/07/2025,253664,79775,JOHN MAYNARD T/A JRM PROPERTIES,Housing Advice,3600,Supplies and Services         -,Preventative & Support Svces,RBC Refunds Manual Entry,R5820,Directorate of Economic Growth and Neighbourhood Services
Reading Borough Council,25/07/2025,247581,79777,BERKSHIRE VAN HIRE LTD,Fleet Management,591.9,Transport Related Expenditure -,Vehicle Spot Hire,RBC Standard Invoice,R4552,Directorate of Economic Growth and Neighbourhood Services
Reading Borough Council,25/07/2025,247583,79777,BERKSHIRE VAN HIRE LTD,Fleet Management,523.53,Transport Related Expenditure -,Vehicle Spot Hire,RBC Standard Invoice,R4552,Directorate of Economic Growth and Neighbourhood Services
Reading Borough Council,25/07/2025,247584,79777,BERKSHIRE VAN HIRE LTD,Fleet Management,591.9,Transport Related Expenditure -,Vehicle Spot Hire,RBC Standard Invoice,R4552,Directorate of Economic Growth and Neighbourhood Services
Reading Borough Council,25/07/2025,247585,79777,BERKSHIRE VAN HIRE LTD,Fleet Management,1125,Transport Related Expenditure -,Vehicle Spot Hire,RBC Standard Invoice,R4552,Directorate of Economic Growth and Neighbourhood Services
Reading Borough Council,25/07/2025,243701,79779,HOUSING GENIE LTD,Emergency Accommodation,665,Premises Related Expenses     -,Rents,RBC Standard Invoice,R5871,Directorate of Economic Growth and Neighbourhood Services
Reading Borough Council,25/07/2025,243702,79779,HOUSING GENIE LTD,Emergency Accommodation,630,Premises Related Expenses     -,Rents,RBC Standard Invoice,R5871,Directorate of Economic Growth and Neighbourhood Services
Reading Borough Council,25/07/2025,243703,79779,HOUSING GENIE LTD,Emergency Accommodation,700,Premises Related Expenses     -,Rents,RBC Standard Invoice,R5871,Directorate of Economic Growth and Neighbourhood Services
Reading Borough Council,25/07/2025,245178,79780,F M CONWAY LTD,Highways,919.8,Supplies and Services         -,Materials,RBC CIS Invoice,R4252,Directorate of Economic Growth and Neighbourhood Services
Reading Borough Council,25/07/2025,245464,79780,F M CONWAY LTD,Highways,650.7,Supplies and Services         -,Materials,RBC CIS Invoice,R4252,Directorate of Economic Growth and Neighbourhood Services
Reading Borough Council,25/07/2025,250832,79781,CARE4U WE LTD,LD Community Services,4439.82,Third Party Payments          -,Day Care Purchases,RBC Mosaic Invoice,R5741,Directorate of Social Care and Health Services
Reading Borough Council,25/07/2025,250948,79781,CARE4U WE LTD,Mental Health Community Servic,3551.42,Third Party Payments          -,Purchased Care,RBC Mosaic Invoice,R5731,Directorate of Social Care and Health Services
Reading Borough Council,25/07/2025,250951,79781,CARE4U WE LTD,Mental Health Community Servic,2619.22,Third Party Payments          -,Purchased Care,RBC Mosaic Invoice,R5731,Directorate of Social Care and Health Services
Reading Borough Council,25/07/2025,250603,79782,MEDCARE HOME SERVICES LTD T/A PROACTIVE,Mental Health Community Servic,5174.92,Third Party Payments          -,Purchased Care,RBC Mosaic Invoice,R5731,Directorate of Social Care and Health Services
Reading Borough Council,25/07/2025,250604,79782,MEDCARE HOME SERVICES LTD T/A PROACTIVE,Mental Health Community Servic,4644.32,Third Party Payments          -,Purchased Care,RBC Mosaic Invoice,R5731,Directorate of Social Care and Health Services
Reading Borough Council,25/07/2025,250605,79782,MEDCARE HOME SERVICES LTD T/A PROACTIVE,PS Acquired Community Services,3153.76,Third Party Payments          -,Purchased Care,RBC Mosaic Invoice,R5771,Directorate of Social Care and Health Services
Reading Borough Council,25/07/2025,250606,79782,MEDCARE HOME SERVICES LTD T/A PROACTIVE,Mental Health Community Servic,5546.04,Third Party Payments          -,Purchased Care,RBC Mosaic Invoice,R5731,Directorate of Social Care and Health Services
Reading Borough Council,25/07/2025,250608,79782,MEDCARE HOME SERVICES LTD T/A PROACTIVE,LD Community Services,4832.28,Third Party Payments          -,Purchased Care,RBC Mosaic Invoice,R5741,Directorate of Social Care and Health Services
Reading Borough Council,25/07/2025,250609,79782,MEDCARE HOME SERVICES LTD T/A PROACTIVE,LD Community Services,4573.84,Third Party Payments          -,Purchased Care,RBC Mosaic Invoice,R5741,Directorate of Social Care and Health Services
Reading Borough Council,25/07/2025,250611,79782,MEDCARE HOME SERVICES LTD T/A PROACTIVE,Mental Health Community Servic,2739,Third Party Payments          -,Purchased Care,RBC Mosaic Invoice,R5731,Directorate of Social Care and Health Services
Reading Borough Council,25/07/2025,250945,79782,MEDCARE HOME SERVICES LTD T/A PROACTIVE,Mental Health Community Servic,2574.56,Third Party Payments          -,Purchased Care,RBC Mosaic Invoice,R5731,Directorate of Social Care and Health Services
Reading Borough Council,25/07/2025,250946,79782,MEDCARE HOME SERVICES LTD T/A PROACTIVE,Mental Health Community Servic,2032.44,Third Party Payments          -,Purchased Care,RBC Mosaic Invoice,R5731,Directorate of Social Care and Health Services
Reading Borough Council,25/07/2025,245490,79786,INVOTRA LTD,IT Management,4730.45,Third Party Payments          -,Third Party Pymts: Other Estab,RBC Refunds Manual Entry,R2300,Directorate of Resources
Reading Borough Council,25/07/2025,253666,79787,PORTALPLANQUEST LTD,Planning,588,Income                        -,Planning Application Fees,RBC Refunds Manual Entry,R4700,Directorate of Economic Growth and Neighbourhood Services
Reading Borough Council,25/07/2025,243385,79788,BRIDGET DOLAN QC,Coroner,1425,Supplies and Services         -,External Legal Services,RBC Standard Invoice,R4605,Directorate of Economic Growth and Neighbourhood Services
Reading Borough Council,25/07/2025,244738,79790,SANDERSON WEATHERALL LLP,HfR Transition costs (HRA),1425,Supplies and Services         -,Professional Fees,RBC Standard Invoice,R5977,Housing
Reading Borough Council,25/07/2025,243352,79792,LYNGSOE SYSTEMS LTD,Libraries & Museums Minor Sch,12945,Capital                       -,Computer Equipment,RBC Standard Invoice,C8201,Capital
Reading Borough Council,25/07/2025,252875,79793,BERKSHIRE ROOMS LTD,Emergency Accommodation,749,Premises Related Expenses     -,Rents,RBC Standard Invoice,R5871,Directorate of Economic Growth and Neighbourhood Services
Reading Borough Council,25/07/2025,252876,79793,BERKSHIRE ROOMS LTD,Emergency Accommodation,749,Premises Related Expenses     -,Rents,RBC Standard Invoice,R5871,Directorate of Economic Growth and Neighbourhood Services
Reading Borough Council,25/07/2025,252877,79793,BERKSHIRE ROOMS LTD,Emergency Accommodation,749,Premises Related Expenses     -,Rents,RBC Standard Invoice,R5871,Directorate of Economic Growth and Neighbourhood Services
Reading Borough Council,25/07/2025,252878,79793,BERKSHIRE ROOMS LTD,Emergency Accommodation,749,Premises Related Expenses     -,Rents,RBC Standard Invoice,R5871,Directorate of Economic Growth and Neighbourhood Services
Reading Borough Council,25/07/2025,252879,79793,BERKSHIRE ROOMS LTD,Emergency Accommodation,749,Premises Related Expenses     -,Rents,RBC Standard Invoice,R5871,Directorate of Economic Growth and Neighbourhood Services
Reading Borough Council,25/07/2025,252880,79793,BERKSHIRE ROOMS LTD,Emergency Accommodation,749,Premises Related Expenses     -,Rents,RBC Standard Invoice,R5871,Directorate of Economic Growth and Neighbourhood Services
Reading Borough Council,25/07/2025,252881,79793,BERKSHIRE ROOMS LTD,Emergency Accommodation,749,Premises Related Expenses     -,Rents,RBC Standard Invoice,R5871,Directorate of Economic Growth and Neighbourhood Services
Reading Borough Council,25/07/2025,252882,79793,BERKSHIRE ROOMS LTD,Emergency Accommodation,749,Premises Related Expenses     -,Rents,RBC Standard Invoice,R5871,Directorate of Economic Growth and Neighbourhood Services
Reading Borough Council,25/07/2025,245419,79794,HAVERLY CONSULTING LTD,Bus Intelligence & Strat Team,7875,Supplies and Services         -,Consultancy Fees,RBC Standard Invoice,R5916,Housing
Reading Borough Council,25/07/2025,240611,79796,PERFECT CIRCLE JV LTD,New Build & Acquis: Phase 2-4,23339,Capital                       -,External Fees  Misc.,RBC Standard Invoice,C8712,Capital
Reading Borough Council,25/07/2025,245659,79796,PERFECT CIRCLE JV LTD,Civil Engineering,11864.37,Premises Related Expenses     -,Maintenance - Highways,RBC Standard Invoice,R4550,Directorate of Economic Growth and Neighbourhood Services
Reading Borough Council,25/07/2025,245660,79796,PERFECT CIRCLE JV LTD,Public Protection Minor Scheme,8193.61,Capital                       -,Equipment,RBC Standard Invoice,C8060,Capital
Reading Borough Council,25/07/2025,245687,79796,PERFECT CIRCLE JV LTD,Civil Engineering,7067.83,Premises Related Expenses     -,Maintenance - Highways,RBC Standard Invoice,R4550,Directorate of Economic Growth and Neighbourhood Services
Reading Borough Council,25/07/2025,245688,79796,PERFECT CIRCLE JV LTD,Civil Engineering,2070,Third Party Payments          -,Third Party Pymts: Other Estab,RBC Standard Invoice,R4550,Directorate of Economic Growth and Neighbourhood Services
Reading Borough Council,25/07/2025,245689,79796,PERFECT CIRCLE JV LTD,Highways Infrastructure,2070,Capital                       -,Contractors,RBC Standard Invoice,C8280,Capital
Reading Borough Council,25/07/2025,245690,79796,PERFECT CIRCLE JV LTD,Civil Engineering,1823.12,Third Party Payments          -,Third Party Pymts: Other Estab,RBC Standard Invoice,R4550,Directorate of Economic Growth and Neighbourhood Services
Reading Borough Council,25/07/2025,245691,79796,PERFECT CIRCLE JV LTD,Civil Engineering,5175,Third Party Payments          -,Third Party Pymts: Other Estab,RBC Standard Invoice,R4550,Directorate of Economic Growth and Neighbourhood Services
Reading Borough Council,25/07/2025,245693,79796,PERFECT CIRCLE JV LTD,Transportation Minor schemes,6210,Capital                       -,Contractors,RBC Standard Invoice,C8250,Capital
Reading Borough Council,25/07/2025,245694,79796,PERFECT CIRCLE JV LTD,Highways Infrastructure,1210.74,Capital                       -,Contractors,RBC Standard Invoice,C8280,Capital
Reading Borough Council,25/07/2025,245695,79796,PERFECT CIRCLE JV LTD,Highways Infrastructure,2484,Capital                       -,Contractors,RBC Standard Invoice,C8280,Capital
Reading Borough Council,25/07/2025,245696,79796,PERFECT CIRCLE JV LTD,Transportation Minor schemes,1071.23,Capital                       -,Contractors,RBC Standard Invoice,C8250,Capital
Reading Borough Council,25/07/2025,245697,79796,PERFECT CIRCLE JV LTD,Highways Infrastructure,1035,Capital                       -,Contractors,RBC Standard Invoice,C8280,Capital
Reading Borough Council,25/07/2025,245698,79796,PERFECT CIRCLE JV LTD,Highways Infrastructure,2070,Capital                       -,Contractors,RBC Standard Invoice,C8280,Capital
Reading Borough Council,25/07/2025,245700,79796,PERFECT CIRCLE JV LTD,Property Development,4738.04,Supplies and Services         -,Consultancy Fees,RBC Standard Invoice,R5995,Directorate of Economic Growth and Neighbourhood Services
Reading Borough Council,25/07/2025,243341,79799,AGILISYS LTD,IT Management,2250,Third Party Payments          -,Third Party Pymts: Other Estab,RBC Standard Invoice,R2300,Directorate of Resources
Reading Borough Council,25/07/2025,243342,79799,AGILISYS LTD,IT Management,4200.34,Third Party Payments          -,Third Party Pymts: Other Estab,RBC Standard Invoice,R2300,Directorate of Resources
Reading Borough Council,25/07/2025,245337,79800,TTC 2000 LTD,Strategic Transport & Concessi,625,Supplies and Services         -,Consultancy Fees,RBC Standard Invoice,R4726,Directorate of Economic Growth and Neighbourhood Services
Reading Borough Council,25/07/2025,253595,79802,RIVERSIDE ENVIRONMENTAL SERVICES LTD,Repairs,728,Premises Related Expenses     -,Asbestos,RBC Standard Invoice,R5970,Housing
Reading Borough Council,25/07/2025,253597,79802,RIVERSIDE ENVIRONMENTAL SERVICES LTD,Repairs,17127.5,Premises Related Expenses     -,Asbestos,RBC Standard Invoice,R5970,Housing
Reading Borough Council,25/07/2025,253607,79802,RIVERSIDE ENVIRONMENTAL SERVICES LTD,Repairs,10297,Premises Related Expenses     -,Asbestos,RBC Standard Invoice,R5970,Housing
Reading Borough Council,25/07/2025,247166,79803,TILEHURST VILLAGE SURGERY (M. & I THOMPS,Berkshire West Public Health H,2799.32,Third Party Payments          -,NHS Trusts,RBC Standard Invoice,R2002,Directorate of Social Care and Health Services
Reading Borough Council,25/07/2025,253663,79804,DEVELOPMENTS IN DESIGN LTD,DFG & Priv Sector Adaptations,2250,Capital                       -,Grants Paid Out,RBC Refunds Manual Entry,C8120,Capital
Reading Borough Council,25/07/2025,243100,79805,M GROUP HIGHWAYS LTD,Civil Engineering,2332.48,Premises Related Expenses     -,Street Lighting,RBC CIS Invoice,R4550,Directorate of Economic Growth and Neighbourhood Services
Reading Borough Council,25/07/2025,243101,79805,M GROUP HIGHWAYS LTD,Civil Engineering,12126.4,Premises Related Expenses     -,Street Lighting,RBC CIS Invoice,R4550,Directorate of Economic Growth and Neighbourhood Services
Reading Borough Council,25/07/2025,249997,79807,CATERLINK LTD,Kennet Day Nursery,5591.84,Supplies and Services         -,Catering Stock,RBC Standard Invoice,R3555,Directorate of Resources
Reading Borough Council,25/07/2025,244784,79809,MARY JOYCE,Deprivation of Liberty Safegua,2251,Supplies and Services         -,Professional Fees,RBC Standard Invoice,R5729,Directorate of Social Care and Health Services
Reading Borough Council,25/07/2025,243668,79811,ANA TREATMENT CENTRES,Rough Sleeping DAT Grant,5014.29,Third Party Payments          -,Purchased Care,RBC Standard Invoice,R2069,Directorate of Social Care and Health Services
Reading Borough Council,25/07/2025,251331,79812,GHATAURA MEDICAL SERVICES LTD,Coroner,3918.7,Supplies and Services         -,Medical Fees,RBC Standard Invoice,R4605,Directorate of Economic Growth and Neighbourhood Services
Reading Borough Council,25/07/2025,243614,79813,ARCUS GLOBAL LTD,Universal Digital Systems,30105,Capital                       -,Other Capitalisation,RBC Standard Invoice,C8635,Capital
Reading Borough Council,25/07/2025,243612,79814,WORLDWIDE EDUCATION RECRUITMENT LTD,Kennet Day Nursery,1018.13,Employees                     -,Agency Staff,RBC Standard Invoice,R3555,Directorate of Resources
Reading Borough Council,25/07/2025,250689,79817,BASSNA INVESTMENTS GROUP LTD T/A BOW GUE,Social Support,553,Third Party Payments          -,Emergency Accomodation,RBC Mosaic Invoice,R5790,Directorate of Social Care and Health Services
Reading Borough Council,25/07/2025,250690,79817,BASSNA INVESTMENTS GROUP LTD T/A BOW GUE,Social Support,595,Third Party Payments          -,Emergency Accomodation,RBC Mosaic Invoice,R5790,Directorate of Social Care and Health Services
Reading Borough Council,25/07/2025,246374,79819,LITTLEPAY LTD,Strategic Transport & Concessi,500,Supplies and Services         -,Consultancy Fees,RBC Standard Invoice,R4726,Directorate of Economic Growth and Neighbourhood Services
Reading Borough Council,25/07/2025,245414,79820,FCS-LIVE LTD,Corporate Maintenance Services,765,Third Party Payments          -,Subcontractors Labour,RBC Standard Invoice,R4080,Directorate of Economic Growth and Neighbourhood Services
Reading Borough Council,25/07/2025,253592,79820,FCS-LIVE LTD,Corporate Maintenance Services,765,Third Party Payments          -,Subcontractors Labour,RBC Refunds Manual Entry,R4080,Directorate of Economic Growth and Neighbourhood Services
Reading Borough Council,25/07/2025,250732,79821,BRIGHTER LIVING CARE LTD,LD Community Services,28759.92,Third Party Payments          -,Day Care Purchases,RBC Mosaic Invoice,R5741,Directorate of Social Care and Health Services
Reading Borough Council,25/07/2025,243083,79822,EQUALS CONSULTING LTD,LUDP: New perf space: Hexagon,7839.56,Capital                       -,Building Works,RBC Standard Invoice,C8161,Capital
Reading Borough Council,25/07/2025,243420,79823,CARTER JONAS LLP,Valuation,4999,Supplies and Services         -,Professional Fees,RBC Standard Invoice,R2100,Directorate of Economic Growth and Neighbourhood Services
Reading Borough Council,25/07/2025,243423,79823,CARTER JONAS LLP,Valuation,4950,Supplies and Services         -,Professional Fees,RBC Standard Invoice,R2100,Directorate of Economic Growth and Neighbourhood Services
Reading Borough Council,25/07/2025,243616,79824,HAWORTH TOMPKINS LTD,LUDP: New perf space: Hexagon,12000,Capital                       -,Design Fees,RBC Standard Invoice,C8161,Capital
Reading Borough Council,25/07/2025,245730,79825,RINGGO LTD,On Street Pay and Display,6012.36,Supplies and Services         -,Equipment Hire,RBC Standard Invoice,R4727,Directorate of Economic Growth and Neighbourhood Services
Reading Borough Council,25/07/2025,243377,79826,POINT 2 SURVEYORS LTD,LUDP: New perf space: Hexagon,1225,Capital                       -,External Fees  Surveyors,RBC Standard Invoice,C8161,Capital
Reading Borough Council,25/07/2025,243661,79828,LAND SCIENCE LTD,BSF,1525,Capital                       -,External Fees  Misc.,RBC Standard Invoice,C8292,Capital
Reading Borough Council,25/07/2025,247153,79830,INTERNATIONAL PARKING SYSTEMS (UK) LTD,Parking & Enforcement,956,Supplies and Services         -,Credit Card Commission,RBC Standard Invoice,R4725,Directorate of Economic Growth and Neighbourhood Services
Reading Borough Council,25/07/2025,243487,79831,IMPERIAL TREASURY SERVICES,Corporate Miscellaneous,24986.3,Supplies and Services         -,Professional Fees,RBC Standard Invoice,R2855,Corporate
Reading Borough Council,25/07/2025,243485,79832,SMI GROUP LTD,Recycling and Waste,1662.95,Supplies and Services         -,Clothing & Uniforms,RBC Standard Invoice,R4561,Directorate of Economic Growth and Neighbourhood Services
Reading Borough Council,25/07/2025,243486,79833,TP ICAP BROKING LTD,Corporate Miscellaneous,2328.77,Supplies and Services         -,Professional Fees,RBC Standard Invoice,R2855,Corporate
Reading Borough Council,25/07/2025,234973,79834,BRIAN MABE FIRE PROTECTION LTD,Corp & Community Buildings,8625,Capital                       -,Building Works,RBC Refunds Manual Entry,C8310,Capital
Reading Borough Council,25/07/2025,252731,79836,FUSION LETS LTD,Emergency Accommodation,17125,Premises Related Expenses     -,Rents,RBC Standard Invoice,R5871,Directorate of Economic Growth and Neighbourhood Services
Reading Borough Council,25/07/2025,243051,79837,SAFER SPHERE CHS LTD,New Build & Acquis: Phase 2-4,985.32,Capital                       -,External Fees  Misc.,RBC Standard Invoice,C8712,Capital
Reading Borough Council,25/07/2025,245374,79838,CHURCHILL HUI LTD,New Build & Acquis: Phase 2-4,3600,Capital                       -,Property Acquisition,RBC Standard Invoice,C8712,Capital
Reading Borough Council,25/07/2025,243418,79839,TREE TOP ARBORISTS LTD,Streetscene,4000,Premises Related Expenses     -,Forestry,RBC Standard Invoice,R4567,Directorate of Economic Growth and Neighbourhood Services
Reading Borough Council,25/07/2025,251381,79840,M.D. BUILDING SERVICES LTD,DLO Voids Trades,4613.25,Third Party Payments          -,Subcontractors Labour,RBC CIS Invoice,R4020,Directorate of Economic Growth and Neighbourhood Services
Reading Borough Council,25/07/2025,243090,79841,SPARE CRIB GLOBAL LTD,Emergency Accommodation,700,Premises Related Expenses     -,Rents,RBC Standard Invoice,R5871,Directorate of Economic Growth and Neighbourhood Services
Reading Borough Council,25/07/2025,243091,79841,SPARE CRIB GLOBAL LTD,Emergency Accommodation,595,Premises Related Expenses     -,Rents,RBC Standard Invoice,R5871,Directorate of Economic Growth and Neighbourhood Services
Reading Borough Council,25/07/2025,243092,79841,SPARE CRIB GLOBAL LTD,Emergency Accommodation,749,Premises Related Expenses     -,Rents,RBC Standard Invoice,R5871,Directorate of Economic Growth and Neighbourhood Services
Reading Borough Council,25/07/2025,253444,79842,J & LKM PROPERTIES LTD,Emergency Accommodation,1498,Premises Related Expenses     -,Rents,RBC Standard Invoice,R5871,Directorate of Economic Growth and Neighbourhood Services
Reading Borough Council,25/07/2025,248148,79843,CHARLES WILSON ENGINEERS LTD,Highways,1533,Transport Related Expenditure -,Hire of Plant,RBC Standard Invoice,R4252,Directorate of Economic Growth and Neighbourhood Services
Reading Borough Council,25/07/2025,248149,79843,CHARLES WILSON ENGINEERS LTD,Highways,651,Transport Related Expenditure -,Hire of Plant,RBC Standard Invoice,R4252,Directorate of Economic Growth and Neighbourhood Services
Reading Borough Council,25/07/2025,245352,79845,BLUE HORIZON VENTURES LTD,Sport and Culture,5000,Supplies and Services         -,Professional Fees,RBC Standard Invoice,R1300,Directorate of Economic Growth and Neighbourhood Services
Reading Borough Council,25/07/2025,243621,79846,BAKER & ASSOCIATES LTD,Park Lane Primary,1500,Capital                       -,External Fees  Misc.,RBC Standard Invoice,C8225,Capital
Reading Borough Council,25/07/2025,243088,79847,CATHERINE MARRIOTT COACHING &CONSULTANCY,Domestic Abuse Reduction,2500,Supplies and Services         -,Preventative & Support Svces,RBC Standard Invoice,R5366,Directorate of Economic Growth and Neighbourhood Services
Reading Borough Council,25/07/2025,253667,79848,Sundry Supplier,Repairs,4800,Premises Related Expenses     -,Lifts,RBC Refunds Manual Entry,R5970,Housing
Reading Borough Council,25/07/2025,253669,79849,Sundry Supplier,RBC Balance Sheet,547.32,Current Assets                -,Rent Control - Default,RBC Refunds Manual Entry,R9999,Balance Sheet
Reading Borough Council,28/07/2025,248011,79909,IMAGE BOX DESIGN LTD,Leisure Management,795,Third Party Payments          -,Third Party Pymts: Other Estab,RBC Standard Invoice,R1108,Directorate of Economic Growth and Neighbourhood Services
Reading Borough Council,28/07/2025,245438,79910,BUCKINGHAMSHIRE COUNTY COUNCIL,Policy & Performance,2380,Supplies and Services         -,Subscriptions,RBC Standard Invoice,R2025,Directorate of Resources
Reading Borough Council,28/07/2025,250628,79913,ACTIVE ASSISTANCE,PS Acquired Community Services,801.5,Third Party Payments          -,Purchased Care,RBC Mosaic Invoice,R5771,Directorate of Social Care and Health Services
Reading Borough Council,28/07/2025,247958,79914,BIDVEST FOODSERVICE (BIDFOOD),Town Hall Operations,551.36,Income                        -,Sales : Food,RBC Standard Invoice,R1210,Directorate of Economic Growth and Neighbourhood Services
Reading Borough Council,28/07/2025,245134,79916,CAPITA BUSINESS SERVICES LTD,Housing Benefit Administration,22281.13,Third Party Payments          -,Third Party Pymts: Other Estab,RBC Standard Invoice,R2265,Directorate of Resources
Reading Borough Council,28/07/2025,245421,79918,SUNNYSIDE AUTOS,Fleet Management,800,Transport Related Expenditure -,Vehicle Maint - Unplanned,RBC Standard Invoice,R4552,Directorate of Economic Growth and Neighbourhood Services
Reading Borough Council,28/07/2025,246464,79921,THE UNIVERSITY OF READING,Safer Community Unit,3100,Supplies and Services         -,Professional Fees,RBC Standard Invoice,R5365,Directorate of Economic Growth and Neighbourhood Services
Reading Borough Council,28/07/2025,247226,79922,BOWAK LTD,LD Day Services,775.96,Premises Related Expenses     -,Cleaning Services & Materials,RBC Standard Invoice,R5055,Directorate of Social Care and Health Services
Reading Borough Council,28/07/2025,247228,79922,BOWAK LTD,Community Re-ablement Team,1534,Premises Related Expenses     -,Cleaning Services & Materials,RBC Standard Invoice,R5205,Directorate of Social Care and Health Services
Reading Borough Council,28/07/2025,246313,79924,BRITISH TELECOMMUNICATIONS PLC,IT Management,1037.7,Third Party Payments          -,Third Party Pymts: Other Estab,RBC CIS Invoice,R2300,Directorate of Resources
Reading Borough Council,28/07/2025,245415,79926,RENAULT TRUCK COMMERCIAL LTD,Fleet Management,529.64,Transport Related Expenditure -,Vehicle Maint - Unplanned,RBC Standard Invoice,R4552,Directorate of Economic Growth and Neighbourhood Services
Reading Borough Council,28/07/2025,245416,79926,RENAULT TRUCK COMMERCIAL LTD,Fleet Management,2289.43,Transport Related Expenditure -,Vehicle Maint - Unplanned,RBC Standard Invoice,R4552,Directorate of Economic Growth and Neighbourhood Services
Reading Borough Council,28/07/2025,246592,79926,RENAULT TRUCK COMMERCIAL LTD,Fleet Management,570,Transport Related Expenditure -,Vehicle Maintenance,RBC Standard Invoice,R4552,Directorate of Economic Growth and Neighbourhood Services
Reading Borough Council,28/07/2025,246596,79926,RENAULT TRUCK COMMERCIAL LTD,Fleet Management,570,Transport Related Expenditure -,Vehicle Maintenance,RBC Standard Invoice,R4552,Directorate of Economic Growth and Neighbourhood Services
Reading Borough Council,28/07/2025,246609,79926,RENAULT TRUCK COMMERCIAL LTD,Fleet Management,570,Transport Related Expenditure -,Vehicle Maintenance,RBC Standard Invoice,R4552,Directorate of Economic Growth and Neighbourhood Services
Reading Borough Council,28/07/2025,246614,79926,RENAULT TRUCK COMMERCIAL LTD,Fleet Management,570,Transport Related Expenditure -,Vehicle Maintenance,RBC Standard Invoice,R4552,Directorate of Economic Growth and Neighbourhood Services
Reading Borough Council,28/07/2025,246615,79926,RENAULT TRUCK COMMERCIAL LTD,Fleet Management,570,Transport Related Expenditure -,Vehicle Maintenance,RBC Standard Invoice,R4552,Directorate of Economic Growth and Neighbourhood Services
Reading Borough Council,28/07/2025,246618,79926,RENAULT TRUCK COMMERCIAL LTD,Fleet Management,800.05,Transport Related Expenditure -,Vehicle Maint - Unplanned,RBC Standard Invoice,R4552,Directorate of Economic Growth and Neighbourhood Services
Reading Borough Council,28/07/2025,247216,79927,VIRGIN MEDIA BUSINESS LTD,IT Management,28126.28,Supplies and Services         -,Telephone Lines,RBC CIS Invoice,R2300,Directorate of Resources
Reading Borough Council,28/07/2025,247217,79927,VIRGIN MEDIA BUSINESS LTD,IT Management,776.51,Supplies and Services         -,Internet/WiFi,RBC CIS Invoice,R2300,Directorate of Resources
Reading Borough Council,28/07/2025,245380,79929,BIDVEST NOONAN GROUP (UK) LTD,Archives General,1279.88,Premises Related Expenses     -,Office Cleaning,RBC Standard Invoice,R1256,Directorate of Economic Growth and Neighbourhood Services
Reading Borough Council,28/07/2025,253678,79931,RIDGE & PARTNERS,DLO Management & Strategy,15011.44,Supplies and Services         -,Professional Fees,RBC Standard Invoice,R4001,Directorate of Economic Growth and Neighbourhood Services
Reading Borough Council,28/07/2025,241581,79934,SIMONE SURVEYS LTD,Highways Infrastructure,1066,Capital                       -,Contractors,RBC CIS Invoice,C8280,Capital
Reading Borough Council,28/07/2025,245406,79936,SARA GRANSHAW,JLT Disbursements,950,Supplies and Services         -,External Legal Services,RBC Standard Invoice,R2407,Directorate of Resources
Reading Borough Council,28/07/2025,246267,79936,SARA GRANSHAW,JLT Disbursements,5050,Supplies and Services         -,External Legal Services,RBC Standard Invoice,R2407,Directorate of Resources
Reading Borough Council,28/07/2025,246455,79936,SARA GRANSHAW,JLT Disbursements,1000,Supplies and Services         -,External Legal Services,RBC Standard Invoice,R2407,Directorate of Resources
Reading Borough Council,28/07/2025,246457,79936,SARA GRANSHAW,JLT Disbursements,750,Supplies and Services         -,External Legal Services,RBC Standard Invoice,R2407,Directorate of Resources
Reading Borough Council,28/07/2025,244748,79937,STOCK SOLUTIONS LTD,Hexagon Operations,655,Supplies and Services         -,Professional Fees,RBC Standard Invoice,R1200,Directorate of Economic Growth and Neighbourhood Services
Reading Borough Council,28/07/2025,246456,79940,CRESCENT HOTEL,Housing GF General Charges,988,Premises Related Expenses     -,Rents,RBC Standard Invoice,R5810,Directorate of Economic Growth and Neighbourhood Services
Reading Borough Council,28/07/2025,253907,79941,GALLAGHER BASSETT INTERNATIONAL LTD,Insurance CEC,70000,Supplies and Services         -,Insurance Costs : General,RBC Standard Invoice,R2205,Directorate of Resources
Reading Borough Council,28/07/2025,250941,79942,REED,Universal Digital Systems,227508.5,Capital                       -,Staff/Consultancy,RBC REED Invoice,C8635,Capital
Reading Borough Council,28/07/2025,253987,79943,CHEERENT LTD T/A VANDERPUMP & WELLBELOVE,Housing Advice,941,Premises Related Expenses     -,Responsive Repairs,Invoice,R5820,Directorate of Economic Growth and Neighbourhood Services
Reading Borough Council,28/07/2025,249647,79945,XEROX,Printing,1911.15,Supplies and Services         -,Photocopying,RBC Standard Invoice,R2590,Directorate of Economic Growth and Neighbourhood Services
Reading Borough Council,28/07/2025,247551,79949,MORGAN SINDALL (CONSTRUCTION) PLC,LUDP: New Reading Library: Civ,746900,Capital                       -,Contractors,RBC CIS Invoice,C8200,Capital
Reading Borough Council,28/07/2025,253903,79952,EDWARD KIRKWOOD,JLT Disbursements,950,Supplies and Services         -,External Legal Services,RBC Standard Invoice,R2407,Directorate of Resources
Reading Borough Council,28/07/2025,253912,79952,EDWARD KIRKWOOD,JLT Disbursements,1500,Supplies and Services         -,External Legal Services,RBC Standard Invoice,R2407,Directorate of Resources
Reading Borough Council,28/07/2025,245137,79953,SKYGUARD LTD,Health & Safety,2333.95,Supplies and Services         -,Health & Safety,RBC Standard Invoice,R2700,Directorate of Resources
Reading Borough Council,28/07/2025,250933,79955,CROWN LODGE GUEST HOUSE,Emergency Accommodation,595,Premises Related Expenses     -,Rents,RBC Standard Invoice,R5871,Directorate of Economic Growth and Neighbourhood Services
Reading Borough Council,28/07/2025,250855,79955,CROWN LODGE GUEST HOUSE,Social Support,735,Third Party Payments          -,Emergency Accomodation,RBC Mosaic Invoice,R5790,Directorate of Social Care and Health Services
Reading Borough Council,28/07/2025,250856,79955,CROWN LODGE GUEST HOUSE,Social Support,560,Third Party Payments          -,Emergency Accomodation,RBC Mosaic Invoice,R5790,Directorate of Social Care and Health Services
Reading Borough Council,28/07/2025,246453,79957,FIRST CHOICE LANDSCAPES & FENCING LTD,DLO Day to Day Trades,1643.28,Third Party Payments          -,Subcontractors Labour,RBC CIS Invoice,R4010,Directorate of Economic Growth and Neighbourhood Services
Reading Borough Council,28/07/2025,247208,79957,FIRST CHOICE LANDSCAPES & FENCING LTD,DLO Day to Day Trades,513.7,Third Party Payments          -,Subcontractors Labour,RBC CIS Invoice,R4010,Directorate of Economic Growth and Neighbourhood Services
Reading Borough Council,28/07/2025,247209,79957,FIRST CHOICE LANDSCAPES & FENCING LTD,DLO Day to Day Trades,1298.99,Third Party Payments          -,Subcontractors Labour,RBC CIS Invoice,R4010,Directorate of Economic Growth and Neighbourhood Services
Reading Borough Council,28/07/2025,247211,79957,FIRST CHOICE LANDSCAPES & FENCING LTD,DLO Day to Day Trades,744.4,Third Party Payments          -,Subcontractors Labour,RBC CIS Invoice,R4010,Directorate of Economic Growth and Neighbourhood Services
Reading Borough Council,28/07/2025,250788,79959,INDIGO ACCESS LTD,Sensory Support Community Serv,630,Third Party Payments          -,Purchased Care,RBC Mosaic Invoice,R5711,Directorate of Social Care and Health Services
Reading Borough Council,28/07/2025,251798,79960,TOTAL HEALTH SUPPORT & TRAINING SERVICES,LD Community Services,6265.84,Third Party Payments          -,Purchased Care,RBC Mosaic Invoice,R5741,Directorate of Social Care and Health Services
Reading Borough Council,28/07/2025,251799,79960,TOTAL HEALTH SUPPORT & TRAINING SERVICES,LD Community Services,4643.52,Third Party Payments          -,Purchased Care,RBC Mosaic Invoice,R5741,Directorate of Social Care and Health Services
Reading Borough Council,28/07/2025,251800,79960,TOTAL HEALTH SUPPORT & TRAINING SERVICES,LD Community Services,4227.44,Third Party Payments          -,Purchased Care,RBC Mosaic Invoice,R5741,Directorate of Social Care and Health Services
Reading Borough Council,28/07/2025,251801,79960,TOTAL HEALTH SUPPORT & TRAINING SERVICES,LD Community Services,6971.44,Third Party Payments          -,Purchased Care,RBC Mosaic Invoice,R5741,Directorate of Social Care and Health Services
Reading Borough Council,28/07/2025,251802,79960,TOTAL HEALTH SUPPORT & TRAINING SERVICES,LD Community Services,4329.92,Third Party Payments          -,Purchased Care,RBC Mosaic Invoice,R5741,Directorate of Social Care and Health Services
Reading Borough Council,28/07/2025,251803,79960,TOTAL HEALTH SUPPORT & TRAINING SERVICES,LD Community Services,6133.12,Third Party Payments          -,Purchased Care,RBC Mosaic Invoice,R5741,Directorate of Social Care and Health Services
Reading Borough Council,28/07/2025,251804,79960,TOTAL HEALTH SUPPORT & TRAINING SERVICES,Mental Health Community Servic,4708.7,Third Party Payments          -,Purchased Care,RBC Mosaic Invoice,R5731,Directorate of Social Care and Health Services
Reading Borough Council,28/07/2025,251805,79960,TOTAL HEALTH SUPPORT & TRAINING SERVICES,LD Community Services,9033.92,Third Party Payments          -,Purchased Care,RBC Mosaic Invoice,R5741,Directorate of Social Care and Health Services
Reading Borough Council,28/07/2025,251833,79960,TOTAL HEALTH SUPPORT & TRAINING SERVICES,PS Acquired Community Services,11957.12,Third Party Payments          -,Purchased Care,RBC Mosaic Invoice,R5771,Directorate of Social Care and Health Services
Reading Borough Council,28/07/2025,251834,79960,TOTAL HEALTH SUPPORT & TRAINING SERVICES,Mental Health Community Servic,561.6,Third Party Payments          -,Purchased Care,RBC Mosaic Invoice,R5731,Directorate of Social Care and Health Services
Reading Borough Council,28/07/2025,251835,79960,TOTAL HEALTH SUPPORT & TRAINING SERVICES,PS Acquired Community Services,14169.12,Third Party Payments          -,Purchased Care,RBC Mosaic Invoice,R5771,Directorate of Social Care and Health Services
Reading Borough Council,28/07/2025,251842,79960,TOTAL HEALTH SUPPORT & TRAINING SERVICES,PS Acquired Community Services,582.12,Third Party Payments          -,Purchased Care,RBC Mosaic Invoice,R5771,Directorate of Social Care and Health Services
Reading Borough Council,28/07/2025,251843,79960,TOTAL HEALTH SUPPORT & TRAINING SERVICES,Mental Health Community Servic,873.79,Third Party Payments          -,Purchased Care,RBC Mosaic Invoice,R5731,Directorate of Social Care and Health Services
Reading Borough Council,28/07/2025,251844,79960,TOTAL HEALTH SUPPORT & TRAINING SERVICES,M&C Acquired Community Service,1350.86,Third Party Payments          -,Purchased Care,RBC Mosaic Invoice,R5751,Directorate of Social Care and Health Services
Reading Borough Council,28/07/2025,253911,79963,SIAN COX,JLT Disbursements,950,Supplies and Services         -,External Legal Services,RBC Standard Invoice,R2407,Directorate of Resources
Reading Borough Council,28/07/2025,247170,79964,M&D SERVICES,Repairs,9900,Supplies and Services         -,Grants Paid to Vol Sector,RBC CIS Invoice,R5970,Housing
Reading Borough Council,28/07/2025,247957,79964,M&D SERVICES,Cemeteries,565,Premises Related Expenses     -,Grounds Maintenance,RBC CIS Invoice,R4607,Directorate of Resources
Reading Borough Council,28/07/2025,246145,79965,AVANTI CYCLING LTD,Strategic Transport & Concessi,1430,Third Party Payments          -,Third Party Pymts: Other Estab,RBC Standard Invoice,R4726,Directorate of Economic Growth and Neighbourhood Services
Reading Borough Council,28/07/2025,246146,79965,AVANTI CYCLING LTD,Strategic Transport & Concessi,8067,Third Party Payments          -,Third Party Pymts: Other Estab,RBC Standard Invoice,R4726,Directorate of Economic Growth and Neighbourhood Services
Reading Borough Council,28/07/2025,244211,79966,NLC NOVA LIFT CO LTD,Corporate FM - Office Building,2607.5,Premises Related Expenses     -,Building Maintenance,RBC CIS Invoice,R3738,Directorate of Economic Growth and Neighbourhood Services
Reading Borough Council,28/07/2025,244740,79967,THE OYSTER PARTNERSHIP LTD,Licensing Administration,1348.45,Employees                     -,Agency Staff,RBC Standard Invoice,R2269,Directorate of Economic Growth and Neighbourhood Services
Reading Borough Council,28/07/2025,254018,79968,G2 RECRUITMENT SOLUTIONS LTD,Building Control,1365,Supplies and Services         -,Consultancy Fees,RBC Standard Invoice,R4701,Directorate of Economic Growth and Neighbourhood Services
Reading Borough Council,28/07/2025,254025,79968,G2 RECRUITMENT SOLUTIONS LTD,Building Control,617.5,Supplies and Services         -,Consultancy Fees,RBC Standard Invoice,R4701,Directorate of Economic Growth and Neighbourhood Services
Reading Borough Council,28/07/2025,243655,79969,SIGNIS LTD,Transformation,2475,Supplies and Services         -,Consultancy Fees,RBC Standard Invoice,R5289,Directorate of Social Care and Health Services
Reading Borough Council,28/07/2025,246488,79971,CABINET OFFICE,Corporate Investigations Team,13840,Supplies and Services         -,Professional Fees,RBC Standard Invoice,R2230,Directorate of Resources
Reading Borough Council,28/07/2025,245395,79972,THE BEER WAREHOUSE,Hexagon Operations,1139.66,Supplies and Services         -,Catering Stock,RBC Standard Invoice,R1200,Directorate of Economic Growth and Neighbourhood Services
Reading Borough Council,28/07/2025,243458,79976,THE ANSWERING SERVICE,Facilities Management Payroll,1567,Premises Related Expenses     -,Security Costs,RBC Standard Invoice,R3390,Directorate of Economic Growth and Neighbourhood Services
Reading Borough Council,28/07/2025,246278,79978,SPEKTRIX LTD,Cultural Services Marketing,5415.1,Supplies and Services         -,Computer Purchase,RBC Standard Invoice,R1235,Directorate of Economic Growth and Neighbourhood Services
Reading Borough Council,28/07/2025,250821,79979,CARE MANAGEMENT GROUP LTD,LD Community Services,5357.36,Third Party Payments          -,Day Care Purchases,RBC Mosaic Invoice,R5741,Directorate of Social Care and Health Services
Reading Borough Council,28/07/2025,250822,79979,CARE MANAGEMENT GROUP LTD,Mental Health Community Servic,2788.28,Third Party Payments          -,Purchased Care,RBC Mosaic Invoice,R5731,Directorate of Social Care and Health Services
Reading Borough Council,28/07/2025,250823,79979,CARE MANAGEMENT GROUP LTD,Mental Health Community Servic,2923.56,Third Party Payments          -,Purchased Care,RBC Mosaic Invoice,R5731,Directorate of Social Care and Health Services
Reading Borough Council,28/07/2025,250824,79979,CARE MANAGEMENT GROUP LTD,Mental Health Community Servic,2371.52,Third Party Payments          -,Purchased Care,RBC Mosaic Invoice,R5731,Directorate of Social Care and Health Services
Reading Borough Council,28/07/2025,250825,79979,CARE MANAGEMENT GROUP LTD,Mental Health Community Servic,608.32,Third Party Payments          -,Purchased Care,RBC Mosaic Invoice,R5731,Directorate of Social Care and Health Services
Reading Borough Council,28/07/2025,250729,79980,CARE4U WE LTD,LD Community Services,5924.94,Third Party Payments          -,Purchased Care,RBC Mosaic Invoice,R5741,Directorate of Social Care and Health Services
Reading Borough Council,28/07/2025,250730,79980,CARE4U WE LTD,LD Community Services,3104.4,Third Party Payments          -,Day Care Purchases,RBC Mosaic Invoice,R5741,Directorate of Social Care and Health Services
Reading Borough Council,28/07/2025,250833,79980,CARE4U WE LTD,LD Community Services,5258.54,Third Party Payments          -,Purchased Care,RBC Mosaic Invoice,R5741,Directorate of Social Care and Health Services
Reading Borough Council,28/07/2025,250890,79980,CARE4U WE LTD,LD Community Services,1699.01,Third Party Payments          -,Purchased Care,RBC Mosaic Invoice,R5741,Directorate of Social Care and Health Services
Reading Borough Council,28/07/2025,250953,79980,CARE4U WE LTD,Social Support,3776.54,Third Party Payments          -,Purchased Care,RBC Mosaic Invoice,R5790,Directorate of Social Care and Health Services
Reading Borough Council,28/07/2025,243347,79982,ACCESS UK LTD,IT Management,339844.75,Third Party Payments          -,Third Party Pymts: Other Estab,RBC Standard Invoice,R2300,Directorate of Resources
Reading Borough Council,28/07/2025,251352,79984,BERKSHIRE LOWLAND SEARCH AND RESCUE,Events & Engagement,580,Supplies and Services         -,Special Activities,RBC Standard Invoice,R2080,Chief Executive
Reading Borough Council,28/07/2025,246460,79986,THE HOUSING NETWORK,Emergency Accommodation,10588,Premises Related Expenses     -,Rents,RBC Standard Invoice,R5871,Directorate of Economic Growth and Neighbourhood Services
Reading Borough Council,28/07/2025,253917,79987,FIRST ASCENT GROUP,Corporate Organisational Devel,9000,Employees                     -,Training & Development Costs,RBC Standard Invoice,R3435,Directorate of Resources
Reading Borough Council,28/07/2025,243491,79988,BIG BLUE DOOR LTD,IT Management,1350,Supplies and Services         -,Other Supps & Servs Costs,RBC Standard Invoice,R2300,Directorate of Resources
Reading Borough Council,28/07/2025,245412,79992,KATHERINE WILSON LTD,JLT Disbursements,2134.55,Supplies and Services         -,External Legal Services,RBC Standard Invoice,R2407,Directorate of Resources
Reading Borough Council,28/07/2025,245699,79993,HUNT FOREST GROUP LTD,Fleet Management,956.43,Transport Related Expenditure -,Vehicle Maintenance,RBC Standard Invoice,R4552,Directorate of Economic Growth and Neighbourhood Services
Reading Borough Council,28/07/2025,246364,79994,IMPERIAL POLYTHENE PRODUCTS LTD,Streetscene,5800,Supplies and Services         -,Equipment Purchase & Repair,RBC Standard Invoice,R4567,Directorate of Economic Growth and Neighbourhood Services
Reading Borough Council,28/07/2025,252180,79995,CELADOR APARTMENTS LTD,Emergency Accommodation,158906,Premises Related Expenses     -,Rents,RBC Standard Invoice,R5871,Directorate of Economic Growth and Neighbourhood Services
Reading Borough Council,28/07/2025,245335,79996,MISCO TECHNOLOGIES LTD,IT Management,741,Supplies and Services         -,ICT Consumables,RBC Standard Invoice,R2300,Directorate of Resources
Reading Borough Council,28/07/2025,243688,79997,EMPIRE GROUND CARE LTD,Streetscene,13133,Third Party Payments          -,Third Party Pymts: Other Estab,RBC Standard Invoice,R4567,Directorate of Economic Growth and Neighbourhood Services
Reading Borough Council,28/07/2025,243611,80000,KAINOS SOFTWARE LTD,Network Services,3125,Premises Related Expenses     -,New Roads & Streetworks Act Em,RBC Standard Invoice,R4703,Directorate of Economic Growth and Neighbourhood Services
Reading Borough Council,28/07/2025,253629,80001,RIVERSIDE ENVIRONMENTAL SERVICES LTD,Corporate FM - Office Building,1654,Premises Related Expenses     -,Building Maintenance,RBC Standard Invoice,R3738,Directorate of Economic Growth and Neighbourhood Services
Reading Borough Council,28/07/2025,245666,80002,PARKWOOD SPRINGS LTD,Town Hall - Museum,930.2,Supplies and Services         -,Stock Purchase,RBC Standard Invoice,R1255,Directorate of Economic Growth and Neighbourhood Services
Reading Borough Council,28/07/2025,245756,80003,UNIVERSITY HOSPITALS OF LEICESTER NHS TR,Coroner,8719.31,Supplies and Services         -,Medical Fees,RBC Standard Invoice,R4605,Directorate of Economic Growth and Neighbourhood Services
Reading Borough Council,28/07/2025,245318,80005,MAMMOTH SITE STORAGE & TOILET HIRE LTD,Events & Engagement,4190,Supplies and Services         -,Special Activities,RBC Standard Invoice,R2080,Chief Executive
Reading Borough Council,28/07/2025,251363,80005,MAMMOTH SITE STORAGE & TOILET HIRE LTD,Events & Engagement,4190,Supplies and Services         -,Special Activities,RBC Refunds Manual Entry,R2080,Chief Executive
Reading Borough Council,28/07/2025,246276,80006,MEDILINK CONSULTING LTD,Coroner,2800,Supplies and Services         -,Medical Fees,RBC Standard Invoice,R4605,Directorate of Economic Growth and Neighbourhood Services
Reading Borough Council,28/07/2025,244747,80007,VISIONS EVENT SOLUTIONS LTD,Hexagon Operations,514.48,Supplies and Services         -,Equipment Purchase & Repair,RBC Standard Invoice,R1200,Directorate of Economic Growth and Neighbourhood Services
Reading Borough Council,28/07/2025,245146,80008,BRETT DU TOIT,Deprivation of Liberty Safegua,1156.06,Supplies and Services         -,Professional Fees,RBC Standard Invoice,R5729,Directorate of Social Care and Health Services
Reading Borough Council,28/07/2025,246468,80009,INTELESANT HOWZ,Independent Living Project ILP,2100,Supplies and Services         -,Equipment Purchase & Repair,RBC Standard Invoice,R5304,Directorate of Social Care and Health Services
Reading Borough Council,28/07/2025,246586,80010,ASTRIX MEDICAL,Events & Engagement,2025,Supplies and Services         -,Special Activities,RBC Standard Invoice,R2080,Chief Executive
Reading Borough Council,28/07/2025,246469,80011,BF SOCIAL WORK,JLT Disbursements,2890.91,Supplies and Services         -,External Legal Services,RBC Standard Invoice,R2407,Directorate of Resources
Reading Borough Council,28/07/2025,243690,80014,ENERGY FOOTPRINT LTD T/A ENSURE SAFETY &,Repairs,1061.6,Premises Related Expenses     -,Fire Protection,RBC Standard Invoice,R5970,Housing
Reading Borough Council,28/07/2025,250926,80015,CHIRON CARE (UK) LTD,Mental Health Community Servic,5517.52,Third Party Payments          -,Purchased Care,RBC Mosaic Invoice,R5731,Directorate of Social Care and Health Services
Reading Borough Council,28/07/2025,251836,80015,CHIRON CARE (UK) LTD,Mental Health Community Servic,973.68,Third Party Payments          -,Purchased Care,RBC Mosaic Invoice,R5731,Directorate of Social Care and Health Services
Reading Borough Council,28/07/2025,250966,80016,HANNINGTONS LTD,Emergency Accommodation,2700,Premises Related Expenses     -,Rents,RBC Standard Invoice,R5871,Directorate of Economic Growth and Neighbourhood Services
Reading Borough Council,28/07/2025,253882,80017,THE READING ROCK ACADEMY,Cultural Place Making,570,Supplies and Services         -,Professional Fees,RBC Standard Invoice,R1224,Directorate of Economic Growth and Neighbourhood Services
Reading Borough Council,28/07/2025,245717,80018,KB REAL ESTATE MANAGEMENT LTD,Emergency Accommodation,595,Premises Related Expenses     -,Rents,RBC Standard Invoice,R5871,Directorate of Economic Growth and Neighbourhood Services
Reading Borough Council,28/07/2025,245718,80018,KB REAL ESTATE MANAGEMENT LTD,Emergency Accommodation,700,Premises Related Expenses     -,Rents,RBC Standard Invoice,R5871,Directorate of Economic Growth and Neighbourhood Services
Reading Borough Council,28/07/2025,245719,80018,KB REAL ESTATE MANAGEMENT LTD,Emergency Accommodation,700,Premises Related Expenses     -,Rents,RBC Standard Invoice,R5871,Directorate of Economic Growth and Neighbourhood Services
Reading Borough Council,28/07/2025,245720,80018,KB REAL ESTATE MANAGEMENT LTD,Emergency Accommodation,595,Premises Related Expenses     -,Rents,RBC Standard Invoice,R5871,Directorate of Economic Growth and Neighbourhood Services
Reading Borough Council,28/07/2025,243426,80019,TUSKERDIRECT LTD,IT Management,650.36,Employees                     -,Basic Pay : General,RBC Standard Invoice,R2300,Directorate of Resources
Reading Borough Council,28/07/2025,243427,80019,TUSKERDIRECT LTD,Housing Management,605.37,Employees                     -,Basic Pay : General,RBC Standard Invoice,R5920,Housing
Reading Borough Council,28/07/2025,243451,80019,TUSKERDIRECT LTD,Berkshire West Public Health H,608.59,Employees                     -,Basic Pay : General,RBC Standard Invoice,R2002,Directorate of Social Care and Health Services
Reading Borough Council,28/07/2025,243452,80019,TUSKERDIRECT LTD,Facilities Management Payroll,546.85,Employees                     -,Basic Pay : General,RBC Standard Invoice,R3390,Directorate of Economic Growth and Neighbourhood Services
Reading Borough Council,28/07/2025,243470,80019,TUSKERDIRECT LTD,Safer Community Unit,554.98,Employees                     -,Basic Pay : General,RBC Standard Invoice,R5365,Directorate of Economic Growth and Neighbourhood Services
Reading Borough Council,28/07/2025,243619,80019,TUSKERDIRECT LTD,Private Sector Renewal & Adapt,538.91,Employees                     -,Basic Pay : General,RBC Standard Invoice,R4608,Directorate of Economic Growth and Neighbourhood Services
Reading Borough Council,28/07/2025,243666,80019,TUSKERDIRECT LTD,Audit,663.79,Employees                     -,Basic Pay : General,RBC Standard Invoice,R2225,Directorate of Resources
Reading Borough Council,28/07/2025,243692,80019,TUSKERDIRECT LTD,Housing Advice,629.45,Employees                     -,Basic Pay : General,RBC Standard Invoice,R5820,Directorate of Economic Growth and Neighbourhood Services
Reading Borough Council,28/07/2025,243693,80019,TUSKERDIRECT LTD,DLO Housing & Corporate Projec,858.01,Employees                     -,Basic Pay : General,RBC Standard Invoice,R4045,Directorate of Economic Growth and Neighbourhood Services
Reading Borough Council,28/07/2025,245505,80019,TUSKERDIRECT LTD,Joint Legal Team,603.31,Employees                     -,Basic Pay : General,RBC Refunds Manual Entry,R2405,Directorate of Resources
Reading Borough Council,28/07/2025,245655,80019,TUSKERDIRECT LTD,HR & Payroll,736.13,Employees                     -,Basic Pay : General,RBC Refunds Manual Entry,R2600,Directorate of Resources
Reading Borough Council,28/07/2025,245668,80019,TUSKERDIRECT LTD,Joint Legal Team,876.01,Employees                     -,Basic Pay : General,RBC Refunds Manual Entry,R2405,Directorate of Resources
Reading Borough Council,28/07/2025,245670,80019,TUSKERDIRECT LTD,Corporate Investigations Team,681.09,Employees                     -,Basic Pay : General,RBC Refunds Manual Entry,R2230,Directorate of Resources
Reading Borough Council,28/07/2025,243650,80020,SAVIGAR SERVICES LTD,Voluntary Sector & Community G,1400,Supplies and Services         -,Consultancy Fees,RBC Standard Invoice,R2041,Directorate of Resources
Reading Borough Council,28/07/2025,244775,80021,PLASTIC DATA CARD LTD,Reading Libraries,1272,Supplies and Services         -,Professional Fees,RBC Standard Invoice,R1400,Directorate of Economic Growth and Neighbourhood Services
Reading Borough Council,28/07/2025,245468,80023,JOHN GRAHAM CONSTRUCTION LTD,Bus Service Improvement,143916.31,Capital                       -,Contractors,RBC CIS Invoice,C8071,Capital
Reading Borough Council,28/07/2025,245376,80024,MICHELLE MORLEY,DCASC Training,600,Employees                     -,Training & Development Costs,RBC Standard Invoice,R5705,Directorate of Social Care and Health Services
Reading Borough Council,28/07/2025,250827,80026,AIRPORT TRAVELS (READING) LTD,PS Acquired Community Services,720,Third Party Payments          -,Service User Travel Costs,RBC Mosaic Invoice,R5771,Directorate of Social Care and Health Services
Reading Borough Council,28/07/2025,250839,80026,AIRPORT TRAVELS (READING) LTD,LD Community Services,1440,Third Party Payments          -,Service User Travel Costs,RBC Mosaic Invoice,R5741,Directorate of Social Care and Health Services
Reading Borough Council,28/07/2025,244773,80028,TRADITION (UK) LTD,Corporate Miscellaneous,1643.84,Supplies and Services         -,Professional Fees,RBC Standard Invoice,R2855,Corporate
Reading Borough Council,28/07/2025,243494,80030,GOLDLEAF TREEWORKS LTD,Streetscene,750,Premises Related Expenses     -,Forestry,RBC Standard Invoice,R4567,Directorate of Economic Growth and Neighbourhood Services
Reading Borough Council,28/07/2025,243495,80030,GOLDLEAF TREEWORKS LTD,Streetscene,3500,Premises Related Expenses     -,Forestry,RBC Standard Invoice,R4567,Directorate of Economic Growth and Neighbourhood Services
Reading Borough Council,28/07/2025,252819,80031,JAN STEWART,Deprivation of Liberty Safegua,824.4,Supplies and Services         -,Professional Fees,RBC Standard Invoice,R5729,Directorate of Social Care and Health Services
Reading Borough Council,28/07/2025,247993,80032,LAUNCHPAD READING (2),Housing GF General Charges,22500,Supplies and Services         -,Preventative & Support Svces,RBC Standard Invoice,R5810,Directorate of Economic Growth and Neighbourhood Services
Reading Borough Council,28/07/2025,247994,80032,LAUNCHPAD READING (2),Housing GF General Charges,25500,Supplies and Services         -,Preventative & Support Svces,RBC Standard Invoice,R5810,Directorate of Economic Growth and Neighbourhood Services
Reading Borough Council,28/07/2025,247995,80032,LAUNCHPAD READING (2),Single Homelessness Grants,64326.58,Supplies and Services         -,Preventative & Support Svces,RBC Standard Invoice,R5860,Directorate of Economic Growth and Neighbourhood Services
Reading Borough Council,28/07/2025,245417,80033,ACP ALL CLEAN PLUS LTD,South Street Operations,929.5,Premises Related Expenses     -,Office Cleaning,RBC Standard Invoice,R1220,Directorate of Economic Growth and Neighbourhood Services
Reading Borough Council,28/07/2025,253986,80034,HUSET LTD,Housing Advice,3700,Supplies and Services         -,Preventative & Support Svces,RBC Refunds Manual Entry,R5820,Directorate of Economic Growth and Neighbourhood Services
Reading Borough Council,28/07/2025,249653,80035,NOVUS PROPERTY SOLUTIONS LTD,DLO Kitchen & Bathroom Trades,49278.18,Third Party Payments          -,Subcontractors Labour,RBC CIS Invoice,R4042,Directorate of Economic Growth and Neighbourhood Services
Reading Borough Council,28/07/2025,253913,80036,HANNAH MCSORLEY,JLT Disbursements,600,Supplies and Services         -,External Legal Services,RBC Standard Invoice,R2407,Directorate of Resources
Reading Borough Council,28/07/2025,247129,80038,ABEL LIVING LTD,Emergency Accommodation,13115,Premises Related Expenses     -,Rents,RBC Standard Invoice,R5871,Directorate of Economic Growth and Neighbourhood Services
Reading Borough Council,28/07/2025,246117,80040,F&M TELECOMMUNICATIONS LTD,Network Services,1430.71,Third Party Payments          -,Third Party Pymts: Other Estab,Invoice,R4703,Directorate of Economic Growth and Neighbourhood Services
Reading Borough Council,28/07/2025,243700,80044,CEREMONY OF ROSES LTD,Hexagon Operations,765.63,Supplies and Services         -,Professional Fees,RBC Standard Invoice,R1200,Directorate of Economic Growth and Neighbourhood Services
Reading Borough Council,28/07/2025,253982,80050,Sundry Supplier,Repairs,2350,Premises Related Expenses     -,Lifts,RBC Refunds Manual Entry,R5970,Housing
Reading Borough Council,28/07/2025,253997,CHAPS 21/07/2025,Brighter Futures for Children,BFFC - Grants Pass Through,15000,Supplies and Services         -,Grant Paid : Other Ext Parties,RBC Refunds Manual Entry,R5431,Former Directorate of Education and Childrens Services
Reading Borough Council,28/07/2025,253998,CHAPS 21/07/2025,Brighter Futures for Children,BFFC - Grants Pass Through,749177,Supplies and Services         -,Grant Paid : Other Ext Parties,RBC Refunds Manual Entry,R5431,Former Directorate of Education and Childrens Services
Reading Borough Council,28/07/2025,253999,CHAPS 21/07/2025,Brighter Futures for Children,BFFC - Grants Pass Through,461121.43,Supplies and Services         -,Grant Paid : Other Ext Parties,RBC Refunds Manual Entry,R5431,Former Directorate of Education and Childrens Services
Reading Borough Council,28/07/2025,254001,CHAPS 21/07/2025,Brighter Futures for Children,BFFC - Grants Pass Through,6000,Supplies and Services         -,Grant Paid : Other Ext Parties,RBC Refunds Manual Entry,R5431,Former Directorate of Education and Childrens Services
Reading Borough Council,28/07/2025,254005,CHAPS 21/07/2025,Brighter Futures for Children,BFFC - Grants Pass Through,105000,Supplies and Services         -,Grant Paid : Other Ext Parties,RBC Refunds Manual Entry,R5431,Former Directorate of Education and Childrens Services
Reading Borough Council,28/07/2025,254008,CHAPS 21/07/2025,Brighter Futures for Children,BFFC - Grants Pass Through,508850,Supplies and Services         -,Grant Paid : Other Ext Parties,RBC Refunds Manual Entry,R5431,Former Directorate of Education and Childrens Services
Reading Borough Council,28/07/2025,254010,CHAPS 21/07/2025,Brighter Futures for Children,BFFC - Grants Pass Through,7356.34,Supplies and Services         -,Grant Paid : Other Ext Parties,RBC Refunds Manual Entry,R5431,Former Directorate of Education and Childrens Services
Reading Borough Council,28/07/2025,245449,FOREIGN PAYMENT,LUCID SOFTWARE INC,IT Management,7800.4,Supplies and Services         -,Software Licences,RBC Standard Invoice,R2300,Directorate of Resources
Reading Borough Council,29/07/2025,247178,80119,ASKEWS & HOLTS LIBRARY SERVICES LTD,Reading Libraries,1500,Supplies and Services         -,Professional Fees,RBC Standard Invoice,R1400,Directorate of Economic Growth and Neighbourhood Services
Reading Borough Council,29/07/2025,247179,80119,ASKEWS & HOLTS LIBRARY SERVICES LTD,Reading Libraries,1500,Supplies and Services         -,Professional Fees,RBC Standard Invoice,R1400,Directorate of Economic Growth and Neighbourhood Services
Reading Borough Council,29/07/2025,253202,80120,ABSOLUTE CARE UK LTD,LD Community Services,1272.24,Third Party Payments          -,Purchased Care,RBC Mosaic Invoice,R5741,Directorate of Social Care and Health Services
Reading Borough Council,29/07/2025,253203,80120,ABSOLUTE CARE UK LTD,PS Acquired Community Services,665.57,Third Party Payments          -,Purchased Care,RBC Mosaic Invoice,R5771,Directorate of Social Care and Health Services
Reading Borough Council,29/07/2025,253204,80120,ABSOLUTE CARE UK LTD,PS Acquired Community Services,1554.96,Third Party Payments          -,Purchased Care,RBC Mosaic Invoice,R5771,Directorate of Social Care and Health Services
Reading Borough Council,29/07/2025,253205,80120,ABSOLUTE CARE UK LTD,PS Acquired Community Services,983.63,Third Party Payments          -,Purchased Care,RBC Mosaic Invoice,R5771,Directorate of Social Care and Health Services
Reading Borough Council,29/07/2025,253208,80120,ABSOLUTE CARE UK LTD,PS Acquired Community Services,824.6,Third Party Payments          -,Purchased Care,RBC Mosaic Invoice,R5771,Directorate of Social Care and Health Services
Reading Borough Council,29/07/2025,253210,80120,ABSOLUTE CARE UK LTD,PS Acquired Community Services,3298.4,Third Party Payments          -,Purchased Care,RBC Mosaic Invoice,R5771,Directorate of Social Care and Health Services
Reading Borough Council,29/07/2025,253212,80120,ABSOLUTE CARE UK LTD,PS Acquired Community Services,1024.86,Third Party Payments          -,Purchased Care,RBC Mosaic Invoice,R5771,Directorate of Social Care and Health Services
Reading Borough Council,29/07/2025,253213,80120,ABSOLUTE CARE UK LTD,PS Acquired Community Services,3958.08,Third Party Payments          -,Purchased Care,RBC Mosaic Invoice,R5771,Directorate of Social Care and Health Services
Reading Borough Council,29/07/2025,253214,80120,ABSOLUTE CARE UK LTD,PS Acquired Community Services,824.6,Third Party Payments          -,Purchased Care,RBC Mosaic Invoice,R5771,Directorate of Social Care and Health Services
Reading Borough Council,29/07/2025,253216,80120,ABSOLUTE CARE UK LTD,PS Acquired Community Services,659.68,Third Party Payments          -,Purchased Care,RBC Mosaic Invoice,R5771,Directorate of Social Care and Health Services
Reading Borough Council,29/07/2025,253218,80120,ABSOLUTE CARE UK LTD,Social Support,541.88,Third Party Payments          -,Purchased Care,RBC Mosaic Invoice,R5790,Directorate of Social Care and Health Services
Reading Borough Council,29/07/2025,253220,80120,ABSOLUTE CARE UK LTD,PS Acquired Community Services,1484.28,Third Party Payments          -,Purchased Care,RBC Mosaic Invoice,R5771,Directorate of Social Care and Health Services
Reading Borough Council,29/07/2025,253228,80120,ABSOLUTE CARE UK LTD,PS Acquired Community Services,2886.1,Third Party Payments          -,Purchased Care,RBC Mosaic Invoice,R5771,Directorate of Social Care and Health Services
Reading Borough Council,29/07/2025,254281,80122,READING VOLUNTARY ACTION,Better Care Fund,35000,Supplies and Services         -,Grants Paid to Vol Sector,RBC Standard Invoice,R5310,Directorate of Social Care and Health Services
Reading Borough Council,29/07/2025,245506,80125,CLC CONTRACTORS LTD,DLO Voids Trades,3047.23,Third Party Payments          -,Subcontractors Labour,RBC CIS Invoice,R4020,Directorate of Economic Growth and Neighbourhood Services
Reading Borough Council,29/07/2025,245512,80125,CLC CONTRACTORS LTD,DLO Voids Trades,4313.07,Third Party Payments          -,Subcontractors Labour,RBC CIS Invoice,R4020,Directorate of Economic Growth and Neighbourhood Services
Reading Borough Council,29/07/2025,245513,80125,CLC CONTRACTORS LTD,DLO Voids Trades,4833.77,Third Party Payments          -,Subcontractors Labour,RBC CIS Invoice,R4020,Directorate of Economic Growth and Neighbourhood Services
Reading Borough Council,29/07/2025,254287,80129,BERKSHIRE WOMENS AID,Safer Community Unit,1140,Supplies and Services         -,Professional Fees,RBC Standard Invoice,R5365,Directorate of Economic Growth and Neighbourhood Services
Reading Borough Council,29/07/2025,245724,80130,POSTURITE LTD,Civil Engineering,1016.44,Supplies and Services         -,Equipment Purchase & Repair,RBC Standard Invoice,R4550,Directorate of Economic Growth and Neighbourhood Services
Reading Borough Council,29/07/2025,254289,80131,READING UK CIC,RBC Balance Sheet,3000,Current Assets                -,Cash Control Account,RBC Refunds Manual Entry,R9999,Balance Sheet
Reading Borough Council,29/07/2025,246647,80132,EDWARD KIRKWOOD,JLT Disbursements,750,Supplies and Services         -,External Legal Services,RBC Standard Invoice,R2407,Directorate of Resources
Reading Borough Council,29/07/2025,250633,80138,SYLVIANCARE LTD,PS Acquired Community Services,1643.31,Third Party Payments          -,Purchased Care,RBC Mosaic Invoice,R5771,Directorate of Social Care and Health Services
Reading Borough Council,29/07/2025,254253,80139,UNIVERSITY HOSPITAL SOUTHAMPTON NHS FT,Coroner,1790.15,Supplies and Services         -,Medical Fees,RBC Standard Invoice,R4605,Directorate of Economic Growth and Neighbourhood Services
Reading Borough Council,29/07/2025,247847,80141,DEELAND LTD T/A SERVICEMASTER,Void Property Management,886.92,Premises Related Expenses     -,Office Cleaning,RBC Standard Invoice,R5921,Housing
Reading Borough Council,29/07/2025,247852,80141,DEELAND LTD T/A SERVICEMASTER,Void Property Management,513.55,Premises Related Expenses     -,Office Cleaning,RBC Standard Invoice,R5921,Housing
Reading Borough Council,29/07/2025,253675,80144,WILLIAMS COMMERCE LTD,Cultural Services Marketing,2325,Supplies and Services         -,Computer Maintenance,RBC Standard Invoice,R1235,Directorate of Economic Growth and Neighbourhood Services
Reading Borough Council,29/07/2025,254023,80145,HURLEY INDUSTRIAL CLEANING EQUIPMENT LTD,Corporate FM - Office Building,535.31,Premises Related Expenses     -,Routine Maintenance,RBC Standard Invoice,R3738,Directorate of Economic Growth and Neighbourhood Services
Reading Borough Council,29/07/2025,254328,80147,CHANGE GROW LIVE SERVICES LTD,Public Health Team Costs,485200,Supplies and Services         -,Payments to Operators,RBC Standard Invoice,R2065,Directorate of Social Care and Health Services
Reading Borough Council,29/07/2025,251426,80148,EDWARD ELTON,Legal Services,600,Supplies and Services         -,External Legal Services,RBC Standard Invoice,R2400,Directorate of Resources
Reading Borough Council,29/07/2025,245663,80149,MISCO TECHNOLOGIES LTD,IT Management,1209,Supplies and Services         -,ICT Consumables,RBC Standard Invoice,R2300,Directorate of Resources
Reading Borough Council,29/07/2025,245723,80154,TUSKERDIRECT LTD,LD Respite,592.62,Employees                     -,Basic Pay : General,RBC Standard Invoice,R5064,Directorate of Social Care and Health Services
Reading Borough Council,29/07/2025,246477,80155,DG CONSTRUCTION GROUP LTD,Corporate FM - Community Build,3249,Premises Related Expenses     -,Routine Maintenance,RBC CIS Invoice,R3739,Directorate of Economic Growth and Neighbourhood Services
Reading Borough Council,29/07/2025,254351,80157,SENSE SENSORY,MRA Account,1499.62,Premises Related Expenses     -,Disability Mods & Adaptations,RBC Standard Invoice,R5975,Housing
Reading Borough Council,29/07/2025,245444,80158,GOLDLEAF TREEWORKS LTD,Streetscene,1650,Premises Related Expenses     -,Forestry,RBC Standard Invoice,R4567,Directorate of Economic Growth and Neighbourhood Services
Reading Borough Council,29/07/2025,253565,80159,ELITE ENTERPRISE PROPERTIES LTD,Emergency Accommodation,3000,Premises Related Expenses     -,Rents,RBC Standard Invoice,R5871,Directorate of Economic Growth and Neighbourhood Services
Reading Borough Council,29/07/2025,253566,80159,ELITE ENTERPRISE PROPERTIES LTD,Emergency Accommodation,3300,Premises Related Expenses     -,Rents,RBC Standard Invoice,R5871,Directorate of Economic Growth and Neighbourhood Services
Reading Borough Council,29/07/2025,245711,80161,PHL UK LTD,Fleet Management,1175,Employees                     -,Training & Development Costs,RBC Standard Invoice,R4552,Directorate of Economic Growth and Neighbourhood Services
Reading Borough Council,29/07/2025,247146,80162,APPLIED RESILIENCE LTD,Health & Safety,6230,Supplies and Services         -,Health & Safety,RBC Standard Invoice,R2700,Directorate of Resources
Reading Borough Council,29/07/2025,243416,FASTER PAYMENT,HELIX CONSTRUCT LTD,New Build & Acquis: Phase 2-4,513232.34,Capital                       -,External Fees  Misc.,RBC CIS Invoice,C8712,Capital
Reading Borough Council,30/07/2025,255273,80196,READING CITIZENS ADVICE BUREAU,Joint ArrangementCommCare,8024.33,Supplies and Services         -,Payments to Operators,RBC Spreadsheet Invoice,R5307,Directorate of Social Care and Health Services
Reading Borough Council,30/07/2025,255270,80197,THAMES VALLEY POSITIVE SUPPORT,Joint ArrangementCommCare,2579.16,Supplies and Services         -,Payments to Operators,RBC Spreadsheet Invoice,R5307,Directorate of Social Care and Health Services
Reading Borough Council,30/07/2025,254843,80199,MRS H C UWANNAH & DR E C UWANNAH,Guaranteed Rent Scheme,1092,Premises Related Expenses     -,Rents,RBC Spreadsheet Invoice,R5872,Directorate of Economic Growth and Neighbourhood Services
Reading Borough Council,30/07/2025,255343,80201,LAPLACE BUILDING SOLUTIONS (SOUTH) LTD,Corp & Community Buildings,975,Capital                       -,Building Works,RBC CIS Invoice,C8310,Capital
Reading Borough Council,30/07/2025,255276,80203,CHRISTIAN COMMUNITY ACTION,Joint ArrangementCommCare,833.33,Supplies and Services         -,Payments to Operators,RBC Spreadsheet Invoice,R5307,Directorate of Social Care and Health Services
Reading Borough Council,30/07/2025,255275,80204,CHURCHES IN READING DROP IN CENTRE,Joint ArrangementCommCare,833.33,Supplies and Services         -,Payments to Operators,RBC Spreadsheet Invoice,R5307,Directorate of Social Care and Health Services
Reading Borough Council,30/07/2025,255282,80207,BERKSHIRE AUTISTIC SOCIETY,Joint ArrangementCommCare,1083.33,Supplies and Services         -,Payments to Operators,RBC Spreadsheet Invoice,R5307,Directorate of Social Care and Health Services
Reading Borough Council,30/07/2025,255260,80209,COMMUNICARE (READING),Joint ArrangementCommCare,1666.66,Supplies and Services         -,Payments to Operators,RBC Spreadsheet Invoice,R5307,Directorate of Social Care and Health Services
Reading Borough Council,30/07/2025,255274,80209,COMMUNICARE (READING),Joint ArrangementCommCare,2500,Supplies and Services         -,Payments to Operators,RBC Spreadsheet Invoice,R5307,Directorate of Social Care and Health Services
Reading Borough Council,30/07/2025,255285,80209,COMMUNICARE (READING),Joint ArrangementCommCare,5291.66,Supplies and Services         -,Payments to Operators,RBC Spreadsheet Invoice,R5307,Directorate of Social Care and Health Services
Reading Borough Council,30/07/2025,255259,80210,READING VOLUNTARY ACTION,Joint ArrangementCommCare,2500,Supplies and Services         -,Payments to Operators,RBC Spreadsheet Invoice,R5307,Directorate of Social Care and Health Services
Reading Borough Council,30/07/2025,255272,80210,READING VOLUNTARY ACTION,Joint ArrangementCommCare,13166.67,Supplies and Services         -,Payments to Operators,RBC Spreadsheet Invoice,R5307,Directorate of Social Care and Health Services
Reading Borough Council,30/07/2025,255288,80211,BRITISH RED CROSS SOCIETY,Better Care Fund,10796.08,Supplies and Services         -,Payments to Operators,RBC Spreadsheet Invoice,R5310,Directorate of Social Care and Health Services
Reading Borough Council,30/07/2025,255317,80213,BOND CARE (HENLEY) LTD,PS Acquired Nursing,7042.86,Third Party Payments          -,Purchased Care,RBC Mosaic Invoice,R5773,Directorate of Social Care and Health Services
Reading Borough Council,30/07/2025,255283,80215,READING CENTRE FOR THE DEAF,Joint ArrangementCommCare,1287.5,Supplies and Services         -,Payments to Operators,RBC Spreadsheet Invoice,R5307,Directorate of Social Care and Health Services
Reading Borough Council,30/07/2025,255279,80216,READING COMMUNITY WELFARE RIGHTS UNIT,Joint ArrangementCommCare,6583.33,Supplies and Services         -,Payments to Operators,RBC Spreadsheet Invoice,R5307,Directorate of Social Care and Health Services
Reading Borough Council,30/07/2025,254510,80217,LANDLORDS & TENANTS,Guaranteed Rent Scheme,1296.45,Premises Related Expenses     -,Rents,RBC Spreadsheet Invoice,R5872,Directorate of Economic Growth and Neighbourhood Services
Reading Borough Council,30/07/2025,254617,80217,LANDLORDS & TENANTS,Guaranteed Rent Scheme,1092,Premises Related Expenses     -,Rents,RBC Spreadsheet Invoice,R5872,Directorate of Economic Growth and Neighbourhood Services
Reading Borough Council,30/07/2025,254736,80217,LANDLORDS & TENANTS,Guaranteed Rent Scheme,1092,Premises Related Expenses     -,Rents,RBC Spreadsheet Invoice,R5872,Directorate of Economic Growth and Neighbourhood Services
Reading Borough Council,30/07/2025,254739,80217,LANDLORDS & TENANTS,Guaranteed Rent Scheme,1296.45,Premises Related Expenses     -,Rents,RBC Spreadsheet Invoice,R5872,Directorate of Economic Growth and Neighbourhood Services
Reading Borough Council,30/07/2025,254753,80217,LANDLORDS & TENANTS,Guaranteed Rent Scheme,1092,Premises Related Expenses     -,Rents,RBC Spreadsheet Invoice,R5872,Directorate of Economic Growth and Neighbourhood Services
Reading Borough Council,30/07/2025,254770,80217,LANDLORDS & TENANTS,Guaranteed Rent Scheme,1296.45,Premises Related Expenses     -,Rents,RBC Spreadsheet Invoice,R5872,Directorate of Economic Growth and Neighbourhood Services
Reading Borough Council,30/07/2025,254814,80217,LANDLORDS & TENANTS,Guaranteed Rent Scheme,1092,Premises Related Expenses     -,Rents,RBC Spreadsheet Invoice,R5872,Directorate of Economic Growth and Neighbourhood Services
Reading Borough Council,30/07/2025,254834,80217,LANDLORDS & TENANTS,Guaranteed Rent Scheme,1092,Premises Related Expenses     -,Rents,RBC Spreadsheet Invoice,R5872,Directorate of Economic Growth and Neighbourhood Services
Reading Borough Council,30/07/2025,254851,80217,LANDLORDS & TENANTS,Guaranteed Rent Scheme,1092,Premises Related Expenses     -,Rents,RBC Spreadsheet Invoice,R5872,Directorate of Economic Growth and Neighbourhood Services
Reading Borough Council,30/07/2025,254878,80217,LANDLORDS & TENANTS,Guaranteed Rent Scheme,1296.45,Premises Related Expenses     -,Rents,RBC Spreadsheet Invoice,R5872,Directorate of Economic Growth and Neighbourhood Services
Reading Borough Council,30/07/2025,255015,80217,LANDLORDS & TENANTS,Guaranteed Rent Scheme,1092,Premises Related Expenses     -,Rents,RBC Spreadsheet Invoice,R5872,Directorate of Economic Growth and Neighbourhood Services
Reading Borough Council,30/07/2025,255064,80217,LANDLORDS & TENANTS,Guaranteed Rent Scheme,792.83,Premises Related Expenses     -,Rents,RBC Spreadsheet Invoice,R5872,Directorate of Economic Growth and Neighbourhood Services
Reading Borough Council,30/07/2025,255124,80217,LANDLORDS & TENANTS,Guaranteed Rent Scheme,1092,Premises Related Expenses     -,Rents,RBC Spreadsheet Invoice,R5872,Directorate of Economic Growth and Neighbourhood Services
Reading Borough Council,30/07/2025,255262,80218,AGE UK READING,Joint ArrangementCommCare,3333.33,Supplies and Services         -,Payments to Operators,RBC Spreadsheet Invoice,R5307,Directorate of Social Care and Health Services
Reading Borough Council,30/07/2025,255286,80218,AGE UK READING,Joint ArrangementCommCare,3445.16,Supplies and Services         -,Payments to Operators,RBC Spreadsheet Invoice,R5307,Directorate of Social Care and Health Services
Reading Borough Council,30/07/2025,217851,80219,LISTER WILDER LTD,Cemeteries,740.35,Supplies and Services         -,Equipment Purchase & Repair,RBC Standard Invoice,R4607,Directorate of Resources
Reading Borough Council,30/07/2025,255281,80220,READING MENCAP,Joint ArrangementCommCare,3810.08,Supplies and Services         -,Payments to Operators,RBC Spreadsheet Invoice,R5307,Directorate of Social Care and Health Services
Reading Borough Council,30/07/2025,255284,80220,READING MENCAP,Joint ArrangementCommCare,3445.16,Supplies and Services         -,Payments to Operators,RBC Spreadsheet Invoice,R5307,Directorate of Social Care and Health Services
Reading Borough Council,30/07/2025,255290,80221,BLAGDON NURSERY,DSG Schools Block (BFfC),50000,Transfer Payments             -,School Transfer Payment,RBC Spreadsheet Invoice,R3140,Former Directorate of Education and Childrens Services
Reading Borough Council,30/07/2025,254652,80222,ADDINGTON PROPERTIES,Guaranteed Rent Scheme,847.69,Premises Related Expenses     -,Rents,RBC Spreadsheet Invoice,R5872,Directorate of Economic Growth and Neighbourhood Services
Reading Borough Council,30/07/2025,254707,80222,ADDINGTON PROPERTIES,Guaranteed Rent Scheme,847.69,Premises Related Expenses     -,Rents,RBC Spreadsheet Invoice,R5872,Directorate of Economic Growth and Neighbourhood Services
Reading Borough Council,30/07/2025,254722,80222,ADDINGTON PROPERTIES,Guaranteed Rent Scheme,847.69,Premises Related Expenses     -,Rents,RBC Spreadsheet Invoice,R5872,Directorate of Economic Growth and Neighbourhood Services
Reading Borough Council,30/07/2025,254859,80222,ADDINGTON PROPERTIES,Guaranteed Rent Scheme,847.69,Premises Related Expenses     -,Rents,RBC Spreadsheet Invoice,R5872,Directorate of Economic Growth and Neighbourhood Services
Reading Borough Council,30/07/2025,254919,80222,ADDINGTON PROPERTIES,Guaranteed Rent Scheme,847.69,Premises Related Expenses     -,Rents,RBC Spreadsheet Invoice,R5872,Directorate of Economic Growth and Neighbourhood Services
Reading Borough Council,30/07/2025,254920,80222,ADDINGTON PROPERTIES,Guaranteed Rent Scheme,847.69,Premises Related Expenses     -,Rents,RBC Spreadsheet Invoice,R5872,Directorate of Economic Growth and Neighbourhood Services
Reading Borough Council,30/07/2025,254969,80222,ADDINGTON PROPERTIES,Guaranteed Rent Scheme,847.69,Premises Related Expenses     -,Rents,RBC Spreadsheet Invoice,R5872,Directorate of Economic Growth and Neighbourhood Services
Reading Borough Council,30/07/2025,255067,80222,ADDINGTON PROPERTIES,Guaranteed Rent Scheme,847.69,Premises Related Expenses     -,Rents,RBC Spreadsheet Invoice,R5872,Directorate of Economic Growth and Neighbourhood Services
Reading Borough Council,30/07/2025,255081,80222,ADDINGTON PROPERTIES,Guaranteed Rent Scheme,847.69,Premises Related Expenses     -,Rents,RBC Spreadsheet Invoice,R5872,Directorate of Economic Growth and Neighbourhood Services
Reading Borough Council,30/07/2025,255122,80222,ADDINGTON PROPERTIES,Guaranteed Rent Scheme,847.69,Premises Related Expenses     -,Rents,RBC Spreadsheet Invoice,R5872,Directorate of Economic Growth and Neighbourhood Services
Reading Borough Council,30/07/2025,255135,80222,ADDINGTON PROPERTIES,Guaranteed Rent Scheme,847.69,Premises Related Expenses     -,Rents,RBC Spreadsheet Invoice,R5872,Directorate of Economic Growth and Neighbourhood Services
Reading Borough Council,30/07/2025,255176,80222,ADDINGTON PROPERTIES,Guaranteed Rent Scheme,847.69,Premises Related Expenses     -,Rents,RBC Spreadsheet Invoice,R5872,Directorate of Economic Growth and Neighbourhood Services
Reading Borough Council,30/07/2025,255194,80222,ADDINGTON PROPERTIES,Guaranteed Rent Scheme,847.69,Premises Related Expenses     -,Rents,RBC Spreadsheet Invoice,R5872,Directorate of Economic Growth and Neighbourhood Services
Reading Borough Council,30/07/2025,254479,80224,A H LANSLEY RESIDENTIAL LTD,Guaranteed Rent Scheme,847.69,Premises Related Expenses     -,Rents,RBC Spreadsheet Invoice,R5872,Directorate of Economic Growth and Neighbourhood Services
Reading Borough Council,30/07/2025,254683,80224,A H LANSLEY RESIDENTIAL LTD,Guaranteed Rent Scheme,847.69,Premises Related Expenses     -,Rents,RBC Spreadsheet Invoice,R5872,Directorate of Economic Growth and Neighbourhood Services
Reading Borough Council,30/07/2025,254767,80224,A H LANSLEY RESIDENTIAL LTD,Guaranteed Rent Scheme,847.69,Premises Related Expenses     -,Rents,RBC Spreadsheet Invoice,R5872,Directorate of Economic Growth and Neighbourhood Services
Reading Borough Council,30/07/2025,254873,80224,A H LANSLEY RESIDENTIAL LTD,Guaranteed Rent Scheme,847.69,Premises Related Expenses     -,Rents,RBC Spreadsheet Invoice,R5872,Directorate of Economic Growth and Neighbourhood Services
Reading Borough Council,30/07/2025,254897,80224,A H LANSLEY RESIDENTIAL LTD,Guaranteed Rent Scheme,847.69,Premises Related Expenses     -,Rents,RBC Spreadsheet Invoice,R5872,Directorate of Economic Growth and Neighbourhood Services
Reading Borough Council,30/07/2025,254932,80224,A H LANSLEY RESIDENTIAL LTD,Guaranteed Rent Scheme,847.69,Premises Related Expenses     -,Rents,RBC Spreadsheet Invoice,R5872,Directorate of Economic Growth and Neighbourhood Services
Reading Borough Council,30/07/2025,254941,80224,A H LANSLEY RESIDENTIAL LTD,Guaranteed Rent Scheme,847.69,Premises Related Expenses     -,Rents,RBC Spreadsheet Invoice,R5872,Directorate of Economic Growth and Neighbourhood Services
Reading Borough Council,30/07/2025,254985,80224,A H LANSLEY RESIDENTIAL LTD,Guaranteed Rent Scheme,847.69,Premises Related Expenses     -,Rents,RBC Spreadsheet Invoice,R5872,Directorate of Economic Growth and Neighbourhood Services
Reading Borough Council,30/07/2025,255080,80224,A H LANSLEY RESIDENTIAL LTD,Guaranteed Rent Scheme,847.69,Premises Related Expenses     -,Rents,RBC Spreadsheet Invoice,R5872,Directorate of Economic Growth and Neighbourhood Services
Reading Borough Council,30/07/2025,255245,80224,A H LANSLEY RESIDENTIAL LTD,Guaranteed Rent Scheme,1649.48,Premises Related Expenses     -,Rents,RBC Spreadsheet Invoice,R5872,Directorate of Economic Growth and Neighbourhood Services
Reading Borough Council,30/07/2025,254544,80225,MARTIN COSTELLOE,Guaranteed Rent Scheme,1092,Premises Related Expenses     -,Rents,RBC Spreadsheet Invoice,R5872,Directorate of Economic Growth and Neighbourhood Services
Reading Borough Council,30/07/2025,254545,80225,MARTIN COSTELLOE,Guaranteed Rent Scheme,847.69,Premises Related Expenses     -,Rents,RBC Spreadsheet Invoice,R5872,Directorate of Economic Growth and Neighbourhood Services
Reading Borough Council,30/07/2025,254549,80225,MARTIN COSTELLOE,Guaranteed Rent Scheme,792.83,Premises Related Expenses     -,Rents,RBC Spreadsheet Invoice,R5872,Directorate of Economic Growth and Neighbourhood Services
Reading Borough Council,30/07/2025,254571,80225,MARTIN COSTELLOE,Guaranteed Rent Scheme,1092,Premises Related Expenses     -,Rents,RBC Spreadsheet Invoice,R5872,Directorate of Economic Growth and Neighbourhood Services
Reading Borough Council,30/07/2025,254616,80225,MARTIN COSTELLOE,Guaranteed Rent Scheme,1092,Premises Related Expenses     -,Rents,RBC Spreadsheet Invoice,R5872,Directorate of Economic Growth and Neighbourhood Services
Reading Borough Council,30/07/2025,254648,80225,MARTIN COSTELLOE,Guaranteed Rent Scheme,847.69,Premises Related Expenses     -,Rents,RBC Spreadsheet Invoice,R5872,Directorate of Economic Growth and Neighbourhood Services
Reading Borough Council,30/07/2025,254717,80225,MARTIN COSTELLOE,Guaranteed Rent Scheme,847.69,Premises Related Expenses     -,Rents,RBC Spreadsheet Invoice,R5872,Directorate of Economic Growth and Neighbourhood Services
Reading Borough Council,30/07/2025,254763,80225,MARTIN COSTELLOE,Guaranteed Rent Scheme,1092,Premises Related Expenses     -,Rents,RBC Spreadsheet Invoice,R5872,Directorate of Economic Growth and Neighbourhood Services
Reading Borough Council,30/07/2025,254840,80225,MARTIN COSTELLOE,Guaranteed Rent Scheme,847.69,Premises Related Expenses     -,Rents,RBC Spreadsheet Invoice,R5872,Directorate of Economic Growth and Neighbourhood Services
Reading Borough Council,30/07/2025,254849,80225,MARTIN COSTELLOE,Guaranteed Rent Scheme,847.69,Premises Related Expenses     -,Rents,RBC Spreadsheet Invoice,R5872,Directorate of Economic Growth and Neighbourhood Services
Reading Borough Council,30/07/2025,254912,80225,MARTIN COSTELLOE,Guaranteed Rent Scheme,1092,Premises Related Expenses     -,Rents,RBC Spreadsheet Invoice,R5872,Directorate of Economic Growth and Neighbourhood Services
Reading Borough Council,30/07/2025,254921,80225,MARTIN COSTELLOE,Guaranteed Rent Scheme,847.69,Premises Related Expenses     -,Rents,RBC Spreadsheet Invoice,R5872,Directorate of Economic Growth and Neighbourhood Services
Reading Borough Council,30/07/2025,254925,80225,MARTIN COSTELLOE,Guaranteed Rent Scheme,847.69,Premises Related Expenses     -,Rents,RBC Spreadsheet Invoice,R5872,Directorate of Economic Growth and Neighbourhood Services
Reading Borough Council,30/07/2025,254974,80225,MARTIN COSTELLOE,Guaranteed Rent Scheme,1092,Premises Related Expenses     -,Rents,RBC Spreadsheet Invoice,R5872,Directorate of Economic Growth and Neighbourhood Services
Reading Borough Council,30/07/2025,255130,80225,MARTIN COSTELLOE,Guaranteed Rent Scheme,1092,Premises Related Expenses     -,Rents,RBC Spreadsheet Invoice,R5872,Directorate of Economic Growth and Neighbourhood Services
Reading Borough Council,30/07/2025,255269,80226,READING REFUGEE SUPPORT GROUP,Joint ArrangementCommCare,2000,Supplies and Services         -,Payments to Operators,RBC Spreadsheet Invoice,R5307,Directorate of Social Care and Health Services
Reading Borough Council,30/07/2025,255268,80227,READING COMMUNITY LEARNING CENTRE,Joint ArrangementCommCare,1250,Supplies and Services         -,Payments to Operators,RBC Spreadsheet Invoice,R5307,Directorate of Social Care and Health Services
Reading Borough Council,30/07/2025,255278,80227,READING COMMUNITY LEARNING CENTRE,Joint ArrangementCommCare,2083.33,Supplies and Services         -,Payments to Operators,RBC Spreadsheet Invoice,R5307,Directorate of Social Care and Health Services
Reading Borough Council,30/07/2025,255358,80227,READING COMMUNITY LEARNING CENTRE,Afghan Resettlement Programme,4460,Supplies and Services         -,Professional Fees,RBC Refunds Manual Entry,R2021,Chief Executive
Reading Borough Council,30/07/2025,254563,80228,HUNTERS READING,Guaranteed Rent Scheme,847.69,Premises Related Expenses     -,Rents,RBC Spreadsheet Invoice,R5872,Directorate of Economic Growth and Neighbourhood Services
Reading Borough Council,30/07/2025,254593,80228,HUNTERS READING,Guaranteed Rent Scheme,1092,Premises Related Expenses     -,Rents,RBC Spreadsheet Invoice,R5872,Directorate of Economic Growth and Neighbourhood Services
Reading Borough Council,30/07/2025,254607,80229,ROB WATSON,Guaranteed Rent Scheme,1006.72,Premises Related Expenses     -,Rents,RBC Spreadsheet Invoice,R5872,Directorate of Economic Growth and Neighbourhood Services
Reading Borough Council,30/07/2025,254731,80230,DEEPAK GILL,Guaranteed Rent Scheme,1092,Premises Related Expenses     -,Rents,RBC Spreadsheet Invoice,R5872,Directorate of Economic Growth and Neighbourhood Services
Reading Borough Council,30/07/2025,255047,80230,DEEPAK GILL,Guaranteed Rent Scheme,1092,Premises Related Expenses     -,Rents,RBC Spreadsheet Invoice,R5872,Directorate of Economic Growth and Neighbourhood Services
Reading Borough Council,30/07/2025,255265,80231,ALLIANCE FOR COHESION & RACIAL EQUALITY,Joint ArrangementCommCare,2579.58,Supplies and Services         -,Payments to Operators,RBC Spreadsheet Invoice,R5307,Directorate of Social Care and Health Services
Reading Borough Council,30/07/2025,254685,80232,SHAZIA FAZAL,Guaranteed Rent Scheme,847.69,Premises Related Expenses     -,Rents,RBC Spreadsheet Invoice,R5872,Directorate of Economic Growth and Neighbourhood Services
Reading Borough Council,30/07/2025,254705,80232,SHAZIA FAZAL,Guaranteed Rent Scheme,847.69,Premises Related Expenses     -,Rents,RBC Spreadsheet Invoice,R5872,Directorate of Economic Growth and Neighbourhood Services
Reading Borough Council,30/07/2025,254841,80232,SHAZIA FAZAL,Guaranteed Rent Scheme,1092,Premises Related Expenses     -,Rents,RBC Spreadsheet Invoice,R5872,Directorate of Economic Growth and Neighbourhood Services
Reading Borough Council,30/07/2025,254577,80233,MIKE & JACQUELINE MOSELEY,Guaranteed Rent Scheme,1092,Premises Related Expenses     -,Rents,RBC Spreadsheet Invoice,R5872,Directorate of Economic Growth and Neighbourhood Services
Reading Borough Council,30/07/2025,254635,80233,MIKE & JACQUELINE MOSELEY,Guaranteed Rent Scheme,1092,Premises Related Expenses     -,Rents,RBC Spreadsheet Invoice,R5872,Directorate of Economic Growth and Neighbourhood Services
Reading Borough Council,30/07/2025,254550,80234,A SIMMONS,Guaranteed Rent Scheme,1296.45,Premises Related Expenses     -,Rents,RBC Spreadsheet Invoice,R5872,Directorate of Economic Growth and Neighbourhood Services
Reading Borough Council,30/07/2025,254572,80234,A SIMMONS,Guaranteed Rent Scheme,1296.45,Premises Related Expenses     -,Rents,RBC Spreadsheet Invoice,R5872,Directorate of Economic Growth and Neighbourhood Services
Reading Borough Council,30/07/2025,254483,80235,MS E HUTCHINSON,Guaranteed Rent Scheme,1296.45,Premises Related Expenses     -,Rents,RBC Spreadsheet Invoice,R5872,Directorate of Economic Growth and Neighbourhood Services
Reading Borough Council,30/07/2025,254597,80236,AARON MAYCOCK,Guaranteed Rent Scheme,847.69,Premises Related Expenses     -,Rents,RBC Spreadsheet Invoice,R5872,Directorate of Economic Growth and Neighbourhood Services
Reading Borough Council,30/07/2025,254598,80236,AARON MAYCOCK,Guaranteed Rent Scheme,847.69,Premises Related Expenses     -,Rents,RBC Spreadsheet Invoice,R5872,Directorate of Economic Growth and Neighbourhood Services
Reading Borough Council,30/07/2025,254733,80236,AARON MAYCOCK,Guaranteed Rent Scheme,1092,Premises Related Expenses     -,Rents,RBC Spreadsheet Invoice,R5872,Directorate of Economic Growth and Neighbourhood Services
Reading Borough Council,30/07/2025,254514,80237,PRODATA SYSTEMS LTD,Guaranteed Rent Scheme,1092,Premises Related Expenses     -,Rents,RBC Spreadsheet Invoice,R5872,Directorate of Economic Growth and Neighbourhood Services
Reading Borough Council,30/07/2025,254637,80237,PRODATA SYSTEMS LTD,Guaranteed Rent Scheme,1092,Premises Related Expenses     -,Rents,RBC Spreadsheet Invoice,R5872,Directorate of Economic Growth and Neighbourhood Services
Reading Borough Council,30/07/2025,254709,80238,PAUL HUTCHMAN,Guaranteed Rent Scheme,847.69,Premises Related Expenses     -,Rents,RBC Spreadsheet Invoice,R5872,Directorate of Economic Growth and Neighbourhood Services
Reading Borough Council,30/07/2025,254481,80239,AIDAN COSTELLOE,Guaranteed Rent Scheme,847.69,Premises Related Expenses     -,Rents,RBC Spreadsheet Invoice,R5872,Directorate of Economic Growth and Neighbourhood Services
Reading Borough Council,30/07/2025,254534,80239,AIDAN COSTELLOE,Guaranteed Rent Scheme,1092,Premises Related Expenses     -,Rents,RBC Spreadsheet Invoice,R5872,Directorate of Economic Growth and Neighbourhood Services
Reading Borough Council,30/07/2025,254831,80239,AIDAN COSTELLOE,Guaranteed Rent Scheme,847.69,Premises Related Expenses     -,Rents,RBC Spreadsheet Invoice,R5872,Directorate of Economic Growth and Neighbourhood Services
Reading Borough Council,30/07/2025,254870,80239,AIDAN COSTELLOE,Guaranteed Rent Scheme,1092,Premises Related Expenses     -,Rents,RBC Spreadsheet Invoice,R5872,Directorate of Economic Growth and Neighbourhood Services
Reading Borough Council,30/07/2025,255007,80239,AIDAN COSTELLOE,Guaranteed Rent Scheme,1092,Premises Related Expenses     -,Rents,RBC Spreadsheet Invoice,R5872,Directorate of Economic Growth and Neighbourhood Services
Reading Borough Council,30/07/2025,255158,80239,AIDAN COSTELLOE,Guaranteed Rent Scheme,1092,Premises Related Expenses     -,Rents,RBC Spreadsheet Invoice,R5872,Directorate of Economic Growth and Neighbourhood Services
Reading Borough Council,30/07/2025,254583,80240,SANSOME & GEORGE (BERKSHIRE) LTD,Guaranteed Rent Scheme,1092,Premises Related Expenses     -,Rents,RBC Spreadsheet Invoice,R5872,Directorate of Economic Growth and Neighbourhood Services
Reading Borough Council,30/07/2025,254646,80240,SANSOME & GEORGE (BERKSHIRE) LTD,Guaranteed Rent Scheme,847.69,Premises Related Expenses     -,Rents,RBC Spreadsheet Invoice,R5872,Directorate of Economic Growth and Neighbourhood Services
Reading Borough Council,30/07/2025,254665,80240,SANSOME & GEORGE (BERKSHIRE) LTD,Guaranteed Rent Scheme,847.69,Premises Related Expenses     -,Rents,RBC Spreadsheet Invoice,R5872,Directorate of Economic Growth and Neighbourhood Services
Reading Borough Council,30/07/2025,254713,80240,SANSOME & GEORGE (BERKSHIRE) LTD,Guaranteed Rent Scheme,1092,Premises Related Expenses     -,Rents,RBC Spreadsheet Invoice,R5872,Directorate of Economic Growth and Neighbourhood Services
Reading Borough Council,30/07/2025,254794,80240,SANSOME & GEORGE (BERKSHIRE) LTD,Guaranteed Rent Scheme,847.69,Premises Related Expenses     -,Rents,RBC Spreadsheet Invoice,R5872,Directorate of Economic Growth and Neighbourhood Services
Reading Borough Council,30/07/2025,254853,80240,SANSOME & GEORGE (BERKSHIRE) LTD,Guaranteed Rent Scheme,847.69,Premises Related Expenses     -,Rents,RBC Spreadsheet Invoice,R5872,Directorate of Economic Growth and Neighbourhood Services
Reading Borough Council,30/07/2025,254865,80240,SANSOME & GEORGE (BERKSHIRE) LTD,Guaranteed Rent Scheme,847.69,Premises Related Expenses     -,Rents,RBC Spreadsheet Invoice,R5872,Directorate of Economic Growth and Neighbourhood Services
Reading Borough Council,30/07/2025,254880,80240,SANSOME & GEORGE (BERKSHIRE) LTD,Guaranteed Rent Scheme,1092,Premises Related Expenses     -,Rents,RBC Spreadsheet Invoice,R5872,Directorate of Economic Growth and Neighbourhood Services
Reading Borough Council,30/07/2025,254959,80240,SANSOME & GEORGE (BERKSHIRE) LTD,Guaranteed Rent Scheme,847.69,Premises Related Expenses     -,Rents,RBC Spreadsheet Invoice,R5872,Directorate of Economic Growth and Neighbourhood Services
Reading Borough Council,30/07/2025,255029,80240,SANSOME & GEORGE (BERKSHIRE) LTD,Guaranteed Rent Scheme,1092,Premises Related Expenses     -,Rents,RBC Spreadsheet Invoice,R5872,Directorate of Economic Growth and Neighbourhood Services
Reading Borough Council,30/07/2025,255277,80241,FAITH CHRISTIAN GROUP (READING),Joint ArrangementCommCare,833.33,Supplies and Services         -,Payments to Operators,RBC Spreadsheet Invoice,R5307,Directorate of Social Care and Health Services
Reading Borough Council,30/07/2025,255267,80243,PARENTS & CHILDREN TOGETHER,Joint ArrangementCommCare,7702.33,Supplies and Services         -,Payments to Operators,RBC Spreadsheet Invoice,R5307,Directorate of Social Care and Health Services
Reading Borough Council,30/07/2025,254558,80244,LAUNCHPAD READING,Guaranteed Rent Scheme,1092,Premises Related Expenses     -,Rents,RBC Spreadsheet Invoice,R5872,Directorate of Economic Growth and Neighbourhood Services
Reading Borough Council,30/07/2025,254644,80244,LAUNCHPAD READING,Guaranteed Rent Scheme,847.69,Premises Related Expenses     -,Rents,RBC Spreadsheet Invoice,R5872,Directorate of Economic Growth and Neighbourhood Services
Reading Borough Council,30/07/2025,254681,80244,LAUNCHPAD READING,Guaranteed Rent Scheme,1092,Premises Related Expenses     -,Rents,RBC Spreadsheet Invoice,R5872,Directorate of Economic Growth and Neighbourhood Services
Reading Borough Council,30/07/2025,254931,80244,LAUNCHPAD READING,Guaranteed Rent Scheme,847.69,Premises Related Expenses     -,Rents,RBC Spreadsheet Invoice,R5872,Directorate of Economic Growth and Neighbourhood Services
Reading Borough Council,30/07/2025,255097,80244,LAUNCHPAD READING,Guaranteed Rent Scheme,847.69,Premises Related Expenses     -,Rents,RBC Spreadsheet Invoice,R5872,Directorate of Economic Growth and Neighbourhood Services
Reading Borough Council,30/07/2025,254551,80245,D GRIFFITHS,Guaranteed Rent Scheme,1092,Premises Related Expenses     -,Rents,RBC Spreadsheet Invoice,R5872,Directorate of Economic Growth and Neighbourhood Services
Reading Borough Council,30/07/2025,254678,80245,D GRIFFITHS,Guaranteed Rent Scheme,1092,Premises Related Expenses     -,Rents,RBC Spreadsheet Invoice,R5872,Directorate of Economic Growth and Neighbourhood Services
Reading Borough Council,30/07/2025,255050,80245,D GRIFFITHS,Guaranteed Rent Scheme,847.69,Premises Related Expenses     -,Rents,RBC Spreadsheet Invoice,R5872,Directorate of Economic Growth and Neighbourhood Services
Reading Borough Council,30/07/2025,254982,80246,JANE MALEY,Guaranteed Rent Scheme,1092,Premises Related Expenses     -,Rents,RBC Spreadsheet Invoice,R5872,Directorate of Economic Growth and Neighbourhood Services
Reading Borough Council,30/07/2025,255083,80246,JANE MALEY,Guaranteed Rent Scheme,1296.45,Premises Related Expenses     -,Rents,RBC Spreadsheet Invoice,R5872,Directorate of Economic Growth and Neighbourhood Services
Reading Borough Council,30/07/2025,255127,80246,JANE MALEY,Guaranteed Rent Scheme,1092,Premises Related Expenses     -,Rents,RBC Spreadsheet Invoice,R5872,Directorate of Economic Growth and Neighbourhood Services
Reading Borough Council,30/07/2025,254511,80247,CHEERENT LTD T/A VANDERPUMP & WELLBELOVE,Guaranteed Rent Scheme,1296.45,Premises Related Expenses     -,Rents,RBC Spreadsheet Invoice,R5872,Directorate of Economic Growth and Neighbourhood Services
Reading Borough Council,30/07/2025,254522,80247,CHEERENT LTD T/A VANDERPUMP & WELLBELOVE,Guaranteed Rent Scheme,847.69,Premises Related Expenses     -,Rents,RBC Spreadsheet Invoice,R5872,Directorate of Economic Growth and Neighbourhood Services
Reading Borough Council,30/07/2025,254529,80247,CHEERENT LTD T/A VANDERPUMP & WELLBELOVE,Guaranteed Rent Scheme,1296.45,Premises Related Expenses     -,Rents,RBC Spreadsheet Invoice,R5872,Directorate of Economic Growth and Neighbourhood Services
Reading Borough Council,30/07/2025,254533,80247,CHEERENT LTD T/A VANDERPUMP & WELLBELOVE,Guaranteed Rent Scheme,1296.45,Premises Related Expenses     -,Rents,RBC Spreadsheet Invoice,R5872,Directorate of Economic Growth and Neighbourhood Services
Reading Borough Council,30/07/2025,254540,80247,CHEERENT LTD T/A VANDERPUMP & WELLBELOVE,Guaranteed Rent Scheme,1092,Premises Related Expenses     -,Rents,RBC Spreadsheet Invoice,R5872,Directorate of Economic Growth and Neighbourhood Services
Reading Borough Council,30/07/2025,254541,80247,CHEERENT LTD T/A VANDERPUMP & WELLBELOVE,Guaranteed Rent Scheme,1296.45,Premises Related Expenses     -,Rents,RBC Spreadsheet Invoice,R5872,Directorate of Economic Growth and Neighbourhood Services
Reading Borough Council,30/07/2025,254579,80247,CHEERENT LTD T/A VANDERPUMP & WELLBELOVE,Guaranteed Rent Scheme,847.69,Premises Related Expenses     -,Rents,RBC Spreadsheet Invoice,R5872,Directorate of Economic Growth and Neighbourhood Services
Reading Borough Council,30/07/2025,254645,80247,CHEERENT LTD T/A VANDERPUMP & WELLBELOVE,Guaranteed Rent Scheme,1092,Premises Related Expenses     -,Rents,RBC Spreadsheet Invoice,R5872,Directorate of Economic Growth and Neighbourhood Services
Reading Borough Council,30/07/2025,254651,80247,CHEERENT LTD T/A VANDERPUMP & WELLBELOVE,Guaranteed Rent Scheme,847.69,Premises Related Expenses     -,Rents,RBC Spreadsheet Invoice,R5872,Directorate of Economic Growth and Neighbourhood Services
Reading Borough Council,30/07/2025,254657,80247,CHEERENT LTD T/A VANDERPUMP & WELLBELOVE,Guaranteed Rent Scheme,847.69,Premises Related Expenses     -,Rents,RBC Spreadsheet Invoice,R5872,Directorate of Economic Growth and Neighbourhood Services
Reading Borough Council,30/07/2025,254672,80247,CHEERENT LTD T/A VANDERPUMP & WELLBELOVE,Guaranteed Rent Scheme,1092,Premises Related Expenses     -,Rents,RBC Spreadsheet Invoice,R5872,Directorate of Economic Growth and Neighbourhood Services
Reading Borough Council,30/07/2025,254689,80247,CHEERENT LTD T/A VANDERPUMP & WELLBELOVE,Guaranteed Rent Scheme,1296.45,Premises Related Expenses     -,Rents,RBC Spreadsheet Invoice,R5872,Directorate of Economic Growth and Neighbourhood Services
Reading Borough Council,30/07/2025,254694,80247,CHEERENT LTD T/A VANDERPUMP & WELLBELOVE,Guaranteed Rent Scheme,1092,Premises Related Expenses     -,Rents,RBC Spreadsheet Invoice,R5872,Directorate of Economic Growth and Neighbourhood Services
Reading Borough Council,30/07/2025,254695,80247,CHEERENT LTD T/A VANDERPUMP & WELLBELOVE,Guaranteed Rent Scheme,1092,Premises Related Expenses     -,Rents,RBC Spreadsheet Invoice,R5872,Directorate of Economic Growth and Neighbourhood Services
Reading Borough Council,30/07/2025,254699,80247,CHEERENT LTD T/A VANDERPUMP & WELLBELOVE,Guaranteed Rent Scheme,847.69,Premises Related Expenses     -,Rents,RBC Spreadsheet Invoice,R5872,Directorate of Economic Growth and Neighbourhood Services
Reading Borough Council,30/07/2025,254710,80247,CHEERENT LTD T/A VANDERPUMP & WELLBELOVE,Guaranteed Rent Scheme,1092,Premises Related Expenses     -,Rents,RBC Spreadsheet Invoice,R5872,Directorate of Economic Growth and Neighbourhood Services
Reading Borough Council,30/07/2025,254732,80247,CHEERENT LTD T/A VANDERPUMP & WELLBELOVE,Guaranteed Rent Scheme,792.83,Premises Related Expenses     -,Rents,RBC Spreadsheet Invoice,R5872,Directorate of Economic Growth and Neighbourhood Services
Reading Borough Council,30/07/2025,254742,80247,CHEERENT LTD T/A VANDERPUMP & WELLBELOVE,Guaranteed Rent Scheme,847.69,Premises Related Expenses     -,Rents,RBC Spreadsheet Invoice,R5872,Directorate of Economic Growth and Neighbourhood Services
Reading Borough Council,30/07/2025,254778,80247,CHEERENT LTD T/A VANDERPUMP & WELLBELOVE,Guaranteed Rent Scheme,1092,Premises Related Expenses     -,Rents,RBC Spreadsheet Invoice,R5872,Directorate of Economic Growth and Neighbourhood Services
Reading Borough Council,30/07/2025,254781,80247,CHEERENT LTD T/A VANDERPUMP & WELLBELOVE,Guaranteed Rent Scheme,1296.45,Premises Related Expenses     -,Rents,RBC Spreadsheet Invoice,R5872,Directorate of Economic Growth and Neighbourhood Services
Reading Borough Council,30/07/2025,254785,80247,CHEERENT LTD T/A VANDERPUMP & WELLBELOVE,Guaranteed Rent Scheme,1092,Premises Related Expenses     -,Rents,RBC Spreadsheet Invoice,R5872,Directorate of Economic Growth and Neighbourhood Services
Reading Borough Council,30/07/2025,254792,80247,CHEERENT LTD T/A VANDERPUMP & WELLBELOVE,Guaranteed Rent Scheme,847.69,Premises Related Expenses     -,Rents,RBC Spreadsheet Invoice,R5872,Directorate of Economic Growth and Neighbourhood Services
Reading Borough Council,30/07/2025,254799,80247,CHEERENT LTD T/A VANDERPUMP & WELLBELOVE,Guaranteed Rent Scheme,847.69,Premises Related Expenses     -,Rents,RBC Spreadsheet Invoice,R5872,Directorate of Economic Growth and Neighbourhood Services
Reading Borough Council,30/07/2025,254805,80247,CHEERENT LTD T/A VANDERPUMP & WELLBELOVE,Guaranteed Rent Scheme,847.69,Premises Related Expenses     -,Rents,RBC Spreadsheet Invoice,R5872,Directorate of Economic Growth and Neighbourhood Services
Reading Borough Council,30/07/2025,254813,80247,CHEERENT LTD T/A VANDERPUMP & WELLBELOVE,Guaranteed Rent Scheme,1092,Premises Related Expenses     -,Rents,RBC Spreadsheet Invoice,R5872,Directorate of Economic Growth and Neighbourhood Services
Reading Borough Council,30/07/2025,254858,80247,CHEERENT LTD T/A VANDERPUMP & WELLBELOVE,Guaranteed Rent Scheme,1296.45,Premises Related Expenses     -,Rents,RBC Spreadsheet Invoice,R5872,Directorate of Economic Growth and Neighbourhood Services
Reading Borough Council,30/07/2025,254862,80247,CHEERENT LTD T/A VANDERPUMP & WELLBELOVE,Guaranteed Rent Scheme,1092,Premises Related Expenses     -,Rents,RBC Spreadsheet Invoice,R5872,Directorate of Economic Growth and Neighbourhood Services
Reading Borough Council,30/07/2025,254871,80247,CHEERENT LTD T/A VANDERPUMP & WELLBELOVE,Guaranteed Rent Scheme,792.83,Premises Related Expenses     -,Rents,RBC Spreadsheet Invoice,R5872,Directorate of Economic Growth and Neighbourhood Services
Reading Borough Council,30/07/2025,254876,80247,CHEERENT LTD T/A VANDERPUMP & WELLBELOVE,Guaranteed Rent Scheme,1092,Premises Related Expenses     -,Rents,RBC Spreadsheet Invoice,R5872,Directorate of Economic Growth and Neighbourhood Services
Reading Borough Council,30/07/2025,254892,80247,CHEERENT LTD T/A VANDERPUMP & WELLBELOVE,Guaranteed Rent Scheme,1092,Premises Related Expenses     -,Rents,RBC Spreadsheet Invoice,R5872,Directorate of Economic Growth and Neighbourhood Services
Reading Borough Council,30/07/2025,254923,80247,CHEERENT LTD T/A VANDERPUMP & WELLBELOVE,Guaranteed Rent Scheme,1296.45,Premises Related Expenses     -,Rents,RBC Spreadsheet Invoice,R5872,Directorate of Economic Growth and Neighbourhood Services
Reading Borough Council,30/07/2025,254934,80247,CHEERENT LTD T/A VANDERPUMP & WELLBELOVE,Guaranteed Rent Scheme,847.69,Premises Related Expenses     -,Rents,RBC Spreadsheet Invoice,R5872,Directorate of Economic Growth and Neighbourhood Services
Reading Borough Council,30/07/2025,254944,80247,CHEERENT LTD T/A VANDERPUMP & WELLBELOVE,Guaranteed Rent Scheme,847.69,Premises Related Expenses     -,Rents,RBC Spreadsheet Invoice,R5872,Directorate of Economic Growth and Neighbourhood Services
Reading Borough Council,30/07/2025,254953,80247,CHEERENT LTD T/A VANDERPUMP & WELLBELOVE,Guaranteed Rent Scheme,847.69,Premises Related Expenses     -,Rents,RBC Spreadsheet Invoice,R5872,Directorate of Economic Growth and Neighbourhood Services
Reading Borough Council,30/07/2025,254957,80247,CHEERENT LTD T/A VANDERPUMP & WELLBELOVE,Guaranteed Rent Scheme,847.69,Premises Related Expenses     -,Rents,RBC Spreadsheet Invoice,R5872,Directorate of Economic Growth and Neighbourhood Services
Reading Borough Council,30/07/2025,254967,80247,CHEERENT LTD T/A VANDERPUMP & WELLBELOVE,Guaranteed Rent Scheme,847.69,Premises Related Expenses     -,Rents,RBC Spreadsheet Invoice,R5872,Directorate of Economic Growth and Neighbourhood Services
Reading Borough Council,30/07/2025,254987,80247,CHEERENT LTD T/A VANDERPUMP & WELLBELOVE,Guaranteed Rent Scheme,847.69,Premises Related Expenses     -,Rents,RBC Spreadsheet Invoice,R5872,Directorate of Economic Growth and Neighbourhood Services
Reading Borough Council,30/07/2025,255000,80247,CHEERENT LTD T/A VANDERPUMP & WELLBELOVE,Guaranteed Rent Scheme,1092,Premises Related Expenses     -,Rents,RBC Spreadsheet Invoice,R5872,Directorate of Economic Growth and Neighbourhood Services
Reading Borough Council,30/07/2025,255004,80247,CHEERENT LTD T/A VANDERPUMP & WELLBELOVE,Guaranteed Rent Scheme,847.69,Premises Related Expenses     -,Rents,RBC Spreadsheet Invoice,R5872,Directorate of Economic Growth and Neighbourhood Services
Reading Borough Council,30/07/2025,255035,80247,CHEERENT LTD T/A VANDERPUMP & WELLBELOVE,Guaranteed Rent Scheme,847.69,Premises Related Expenses     -,Rents,RBC Spreadsheet Invoice,R5872,Directorate of Economic Growth and Neighbourhood Services
Reading Borough Council,30/07/2025,255041,80247,CHEERENT LTD T/A VANDERPUMP & WELLBELOVE,Guaranteed Rent Scheme,847.69,Premises Related Expenses     -,Rents,RBC Spreadsheet Invoice,R5872,Directorate of Economic Growth and Neighbourhood Services
Reading Borough Council,30/07/2025,255065,80247,CHEERENT LTD T/A VANDERPUMP & WELLBELOVE,Guaranteed Rent Scheme,947.4,Premises Related Expenses     -,Rents,RBC Spreadsheet Invoice,R5872,Directorate of Economic Growth and Neighbourhood Services
Reading Borough Council,30/07/2025,255069,80247,CHEERENT LTD T/A VANDERPUMP & WELLBELOVE,Guaranteed Rent Scheme,847.69,Premises Related Expenses     -,Rents,RBC Spreadsheet Invoice,R5872,Directorate of Economic Growth and Neighbourhood Services
Reading Borough Council,30/07/2025,255073,80247,CHEERENT LTD T/A VANDERPUMP & WELLBELOVE,Guaranteed Rent Scheme,847.69,Premises Related Expenses     -,Rents,RBC Spreadsheet Invoice,R5872,Directorate of Economic Growth and Neighbourhood Services
Reading Borough Council,30/07/2025,255107,80247,CHEERENT LTD T/A VANDERPUMP & WELLBELOVE,Guaranteed Rent Scheme,847.69,Premises Related Expenses     -,Rents,RBC Spreadsheet Invoice,R5872,Directorate of Economic Growth and Neighbourhood Services
Reading Borough Council,30/07/2025,255114,80247,CHEERENT LTD T/A VANDERPUMP & WELLBELOVE,Guaranteed Rent Scheme,847.69,Premises Related Expenses     -,Rents,RBC Spreadsheet Invoice,R5872,Directorate of Economic Growth and Neighbourhood Services
Reading Borough Council,30/07/2025,255128,80247,CHEERENT LTD T/A VANDERPUMP & WELLBELOVE,Guaranteed Rent Scheme,847.69,Premises Related Expenses     -,Rents,RBC Spreadsheet Invoice,R5872,Directorate of Economic Growth and Neighbourhood Services
Reading Borough Council,30/07/2025,255179,80247,CHEERENT LTD T/A VANDERPUMP & WELLBELOVE,Guaranteed Rent Scheme,847.69,Premises Related Expenses     -,Rents,RBC Spreadsheet Invoice,R5872,Directorate of Economic Growth and Neighbourhood Services
Reading Borough Council,30/07/2025,255192,80247,CHEERENT LTD T/A VANDERPUMP & WELLBELOVE,Guaranteed Rent Scheme,1649.48,Premises Related Expenses     -,Rents,RBC Spreadsheet Invoice,R5872,Directorate of Economic Growth and Neighbourhood Services
Reading Borough Council,30/07/2025,255205,80247,CHEERENT LTD T/A VANDERPUMP & WELLBELOVE,Guaranteed Rent Scheme,1092,Premises Related Expenses     -,Rents,RBC Spreadsheet Invoice,R5872,Directorate of Economic Growth and Neighbourhood Services
Reading Borough Council,30/07/2025,255228,80247,CHEERENT LTD T/A VANDERPUMP & WELLBELOVE,Guaranteed Rent Scheme,1092,Premises Related Expenses     -,Rents,RBC Spreadsheet Invoice,R5872,Directorate of Economic Growth and Neighbourhood Services
Reading Borough Council,30/07/2025,255252,80247,CHEERENT LTD T/A VANDERPUMP & WELLBELOVE,Guaranteed Rent Scheme,847.69,Premises Related Expenses     -,Rents,RBC Spreadsheet Invoice,R5872,Directorate of Economic Growth and Neighbourhood Services
Reading Borough Council,30/07/2025,255266,80248,BERKSHIRE COUNTY BLIND SOCIETY,Joint ArrangementCommCare,1788.69,Supplies and Services         -,Payments to Operators,RBC Spreadsheet Invoice,R5307,Directorate of Social Care and Health Services
Reading Borough Council,30/07/2025,254688,80249,NIGEL ELKES & KARL FISCHER T/A ATTERBURY,Guaranteed Rent Scheme,847.69,Premises Related Expenses     -,Rents,RBC Spreadsheet Invoice,R5872,Directorate of Economic Growth and Neighbourhood Services
Reading Borough Council,30/07/2025,255140,80249,NIGEL ELKES & KARL FISCHER T/A ATTERBURY,Guaranteed Rent Scheme,1092,Premises Related Expenses     -,Rents,RBC Spreadsheet Invoice,R5872,Directorate of Economic Growth and Neighbourhood Services
Reading Borough Council,30/07/2025,255199,80249,NIGEL ELKES & KARL FISCHER T/A ATTERBURY,Guaranteed Rent Scheme,847.69,Premises Related Expenses     -,Rents,RBC Spreadsheet Invoice,R5872,Directorate of Economic Growth and Neighbourhood Services
Reading Borough Council,30/07/2025,247902,80251,SANDS SECURITY LTD,Hexagon Operations,1749,Premises Related Expenses     -,Security Costs,RBC Standard Invoice,R1200,Directorate of Economic Growth and Neighbourhood Services
Reading Borough Council,30/07/2025,255315,80252,M & B ELECTRICAL SERVICES (READING) LTD,Corporate Maintenance Services,25239.11,Third Party Payments          -,Corporate Maintenance Contract,RBC CIS Invoice,R4080,Directorate of Economic Growth and Neighbourhood Services
Reading Borough Council,30/07/2025,255263,80254,THE MUSTARD TREE FOUNDATION,Joint ArrangementCommCare,3333.33,Supplies and Services         -,Payments to Operators,RBC Spreadsheet Invoice,R5307,Directorate of Social Care and Health Services
Reading Borough Council,30/07/2025,255280,80254,THE MUSTARD TREE FOUNDATION,Joint ArrangementCommCare,833.33,Supplies and Services         -,Payments to Operators,RBC Spreadsheet Invoice,R5307,Directorate of Social Care and Health Services
Reading Borough Council,30/07/2025,254907,80255,ANTHONY METHVEN,Guaranteed Rent Scheme,847.69,Premises Related Expenses     -,Rents,RBC Spreadsheet Invoice,R5872,Directorate of Economic Growth and Neighbourhood Services
Reading Borough Council,30/07/2025,254548,80257,TRACY THACKER,Guaranteed Rent Scheme,1092,Premises Related Expenses     -,Rents,RBC Spreadsheet Invoice,R5872,Directorate of Economic Growth and Neighbourhood Services
Reading Borough Council,30/07/2025,254962,80257,TRACY THACKER,Guaranteed Rent Scheme,1092,Premises Related Expenses     -,Rents,RBC Spreadsheet Invoice,R5872,Directorate of Economic Growth and Neighbourhood Services
Reading Borough Council,30/07/2025,254724,80259,RNR PROPERTIES LTD,Guaranteed Rent Scheme,1092,Premises Related Expenses     -,Rents,RBC Spreadsheet Invoice,R5872,Directorate of Economic Growth and Neighbourhood Services
Reading Borough Council,30/07/2025,254594,80261,EAMONN KELLY,Guaranteed Rent Scheme,847.69,Premises Related Expenses     -,Rents,RBC Spreadsheet Invoice,R5872,Directorate of Economic Growth and Neighbourhood Services
Reading Borough Council,30/07/2025,254661,80261,EAMONN KELLY,Guaranteed Rent Scheme,1296.44,Premises Related Expenses     -,Rents,RBC Spreadsheet Invoice,R5872,Directorate of Economic Growth and Neighbourhood Services
Reading Borough Council,30/07/2025,255220,80262,DUNCAN KLITGAARD,Guaranteed Rent Scheme,847.69,Premises Related Expenses     -,Rents,RBC Spreadsheet Invoice,R5872,Directorate of Economic Growth and Neighbourhood Services
Reading Borough Council,30/07/2025,255238,80262,DUNCAN KLITGAARD,Guaranteed Rent Scheme,847.69,Premises Related Expenses     -,Rents,RBC Spreadsheet Invoice,R5872,Directorate of Economic Growth and Neighbourhood Services
Reading Borough Council,30/07/2025,254503,80263,IBRAHIM JALLOH,Guaranteed Rent Scheme,1296.45,Premises Related Expenses     -,Rents,RBC Spreadsheet Invoice,R5872,Directorate of Economic Growth and Neighbourhood Services
Reading Borough Council,30/07/2025,254495,80264,CHRISTOPHER SCOTT,Guaranteed Rent Scheme,1092,Premises Related Expenses     -,Rents,RBC Spreadsheet Invoice,R5872,Directorate of Economic Growth and Neighbourhood Services
Reading Borough Council,30/07/2025,254889,80264,CHRISTOPHER SCOTT,Guaranteed Rent Scheme,1092,Premises Related Expenses     -,Rents,RBC Spreadsheet Invoice,R5872,Directorate of Economic Growth and Neighbourhood Services
Reading Borough Council,30/07/2025,255293,80265,IMPACT RENOVATIONS LTD,DFG & Priv Sector Adaptations,16176.39,Capital                       -,Grants Paid Out,RBC Refunds Manual Entry,C8120,Capital
Reading Borough Council,30/07/2025,255271,80266,TOGETHER WORKING FOR WELLBEING,Joint ArrangementCommCare,8759.66,Supplies and Services         -,Payments to Operators,RBC Spreadsheet Invoice,R5307,Directorate of Social Care and Health Services
Reading Borough Council,30/07/2025,254562,80267,MOHAMMED ARSHAD,Guaranteed Rent Scheme,847.69,Premises Related Expenses     -,Rents,RBC Spreadsheet Invoice,R5872,Directorate of Economic Growth and Neighbourhood Services
Reading Borough Council,30/07/2025,255072,80267,MOHAMMED ARSHAD,Guaranteed Rent Scheme,1092,Premises Related Expenses     -,Rents,RBC Spreadsheet Invoice,R5872,Directorate of Economic Growth and Neighbourhood Services
Reading Borough Council,30/07/2025,253585,80268,HOUSING PARTNERS LTD,Admin Account,8560.37,Supplies and Services         -,Professional Fees,RBC Standard Invoice,R5960,Housing
Reading Borough Council,30/07/2025,255805,80269,LOVE2SHOP,Co-Production,760.8,Third Party Payments          -,Volunteers Expenses,RBC Standard Invoice,R5155,Directorate of Social Care and Health Services
Reading Borough Council,30/07/2025,254902,80270,CLIVE BULLER,Guaranteed Rent Scheme,1296.45,Premises Related Expenses     -,Rents,RBC Spreadsheet Invoice,R5872,Directorate of Economic Growth and Neighbourhood Services
Reading Borough Council,30/07/2025,254496,80271,PANDORA MAPLE T/A HANNINGTONS PARTNERSHI,Guaranteed Rent Scheme,1649.48,Premises Related Expenses     -,Rents,RBC Spreadsheet Invoice,R5872,Directorate of Economic Growth and Neighbourhood Services
Reading Borough Council,30/07/2025,254595,80271,PANDORA MAPLE T/A HANNINGTONS PARTNERSHI,Guaranteed Rent Scheme,847.69,Premises Related Expenses     -,Rents,RBC Spreadsheet Invoice,R5872,Directorate of Economic Growth and Neighbourhood Services
Reading Borough Council,30/07/2025,254640,80271,PANDORA MAPLE T/A HANNINGTONS PARTNERSHI,Guaranteed Rent Scheme,1092,Premises Related Expenses     -,Rents,RBC Spreadsheet Invoice,R5872,Directorate of Economic Growth and Neighbourhood Services
Reading Borough Council,30/07/2025,254671,80271,PANDORA MAPLE T/A HANNINGTONS PARTNERSHI,Guaranteed Rent Scheme,1092,Premises Related Expenses     -,Rents,RBC Spreadsheet Invoice,R5872,Directorate of Economic Growth and Neighbourhood Services
Reading Borough Council,30/07/2025,255261,80272,AGE UK BERKSHIRE,Joint ArrangementCommCare,4875,Supplies and Services         -,Payments to Operators,RBC Spreadsheet Invoice,R5307,Directorate of Social Care and Health Services
Reading Borough Council,30/07/2025,255287,80272,AGE UK BERKSHIRE,Joint ArrangementCommCare,4135.66,Supplies and Services         -,Payments to Operators,RBC Spreadsheet Invoice,R5307,Directorate of Social Care and Health Services
Reading Borough Council,30/07/2025,254546,80273,JANICE SIMMONS,Guaranteed Rent Scheme,1092,Premises Related Expenses     -,Rents,RBC Spreadsheet Invoice,R5872,Directorate of Economic Growth and Neighbourhood Services
Reading Borough Council,30/07/2025,254758,80273,JANICE SIMMONS,Guaranteed Rent Scheme,1092,Premises Related Expenses     -,Rents,RBC Spreadsheet Invoice,R5872,Directorate of Economic Growth and Neighbourhood Services
Reading Borough Council,30/07/2025,254809,80273,JANICE SIMMONS,Guaranteed Rent Scheme,1092,Premises Related Expenses     -,Rents,RBC Spreadsheet Invoice,R5872,Directorate of Economic Growth and Neighbourhood Services
Reading Borough Council,30/07/2025,254856,80273,JANICE SIMMONS,Guaranteed Rent Scheme,1092,Premises Related Expenses     -,Rents,RBC Spreadsheet Invoice,R5872,Directorate of Economic Growth and Neighbourhood Services
Reading Borough Council,30/07/2025,254954,80273,JANICE SIMMONS,Guaranteed Rent Scheme,1649.48,Premises Related Expenses     -,Rents,RBC Spreadsheet Invoice,R5872,Directorate of Economic Growth and Neighbourhood Services
Reading Borough Council,30/07/2025,254979,80274,PETER + FIONA BULLOCK,Guaranteed Rent Scheme,847.69,Premises Related Expenses     -,Rents,RBC Spreadsheet Invoice,R5872,Directorate of Economic Growth and Neighbourhood Services
Reading Borough Council,30/07/2025,254523,80275,CAROLE TAYLOR,Guaranteed Rent Scheme,792.83,Premises Related Expenses     -,Rents,RBC Spreadsheet Invoice,R5872,Directorate of Economic Growth and Neighbourhood Services
Reading Borough Council,30/07/2025,254601,80275,CAROLE TAYLOR,Guaranteed Rent Scheme,947.4,Premises Related Expenses     -,Rents,RBC Spreadsheet Invoice,R5872,Directorate of Economic Growth and Neighbourhood Services
Reading Borough Council,30/07/2025,255289,80276,WHITLEY PARK SCHOOL,DSG Schools Block (BFfC),70000,Transfer Payments             -,School Transfer Payment,RBC Spreadsheet Invoice,R3140,Former Directorate of Education and Childrens Services
Reading Borough Council,30/07/2025,254795,80277,ROB HEATH,Guaranteed Rent Scheme,1296.45,Premises Related Expenses     -,Rents,RBC Spreadsheet Invoice,R5872,Directorate of Economic Growth and Neighbourhood Services
Reading Borough Council,30/07/2025,254972,80277,ROB HEATH,Guaranteed Rent Scheme,1092,Premises Related Expenses     -,Rents,RBC Spreadsheet Invoice,R5872,Directorate of Economic Growth and Neighbourhood Services
Reading Borough Council,30/07/2025,255303,80280,THE ADVOCACY PEOPLE,Deprivation of Liberty Safegua,811.25,Supplies and Services         -,Professional Fees,RBC Standard Invoice,R5729,Directorate of Social Care and Health Services
Reading Borough Council,30/07/2025,255117,80283,MARTYN RUSSELL PROPERTY SERVICES LTD,Guaranteed Rent Scheme,1092,Premises Related Expenses     -,Rents,RBC Spreadsheet Invoice,R5872,Directorate of Economic Growth and Neighbourhood Services
Reading Borough Council,30/07/2025,254650,80284,MATTHEW BRAZIL,Guaranteed Rent Scheme,1092,Premises Related Expenses     -,Rents,RBC Spreadsheet Invoice,R5872,Directorate of Economic Growth and Neighbourhood Services
Reading Borough Council,30/07/2025,254761,80285,GILLS ESTATES,Guaranteed Rent Scheme,847.69,Premises Related Expenses     -,Rents,RBC Spreadsheet Invoice,R5872,Directorate of Economic Growth and Neighbourhood Services
Reading Borough Council,30/07/2025,254568,80286,MAYA RANI MALHOTRA,Guaranteed Rent Scheme,1649.48,Premises Related Expenses     -,Rents,RBC Spreadsheet Invoice,R5872,Directorate of Economic Growth and Neighbourhood Services
Reading Borough Council,30/07/2025,254673,80287,WILLIAMS PROPERTY PARTNERSHIP,Guaranteed Rent Scheme,1092,Premises Related Expenses     -,Rents,RBC Spreadsheet Invoice,R5872,Directorate of Economic Growth and Neighbourhood Services
Reading Borough Council,30/07/2025,254955,80287,WILLIAMS PROPERTY PARTNERSHIP,Guaranteed Rent Scheme,1092,Premises Related Expenses     -,Rents,RBC Spreadsheet Invoice,R5872,Directorate of Economic Growth and Neighbourhood Services
Reading Borough Council,30/07/2025,254949,80288,IAN + AMANDA PERKIN,Guaranteed Rent Scheme,1296.45,Premises Related Expenses     -,Rents,RBC Spreadsheet Invoice,R5872,Directorate of Economic Growth and Neighbourhood Services
Reading Borough Council,30/07/2025,252277,80289,BALMORE PARK SURGERY,Berkshire West Public Health H,3083.92,Third Party Payments          -,NHS Trusts,RBC Standard Invoice,R2002,Directorate of Social Care and Health Services
Reading Borough Council,30/07/2025,254656,80290,ANDREW & JACQUELINE FREEBORN,Guaranteed Rent Scheme,847.69,Premises Related Expenses     -,Rents,RBC Spreadsheet Invoice,R5872,Directorate of Economic Growth and Neighbourhood Services
Reading Borough Council,30/07/2025,254697,80290,ANDREW & JACQUELINE FREEBORN,Guaranteed Rent Scheme,847.69,Premises Related Expenses     -,Rents,RBC Spreadsheet Invoice,R5872,Directorate of Economic Growth and Neighbourhood Services
Reading Borough Council,30/07/2025,255134,80291,LUCY CAMERON,Guaranteed Rent Scheme,1092,Premises Related Expenses     -,Rents,RBC Spreadsheet Invoice,R5872,Directorate of Economic Growth and Neighbourhood Services
Reading Borough Council,30/07/2025,254581,80292,PROSPECT HOLDINGS (READING) LTD,Guaranteed Rent Scheme,694.59,Premises Related Expenses     -,Rents,RBC Spreadsheet Invoice,R5872,Directorate of Economic Growth and Neighbourhood Services
Reading Borough Council,30/07/2025,254582,80292,PROSPECT HOLDINGS (READING) LTD,Guaranteed Rent Scheme,694.59,Premises Related Expenses     -,Rents,RBC Spreadsheet Invoice,R5872,Directorate of Economic Growth and Neighbourhood Services
Reading Borough Council,30/07/2025,254663,80292,PROSPECT HOLDINGS (READING) LTD,Guaranteed Rent Scheme,947.4,Premises Related Expenses     -,Rents,RBC Spreadsheet Invoice,R5872,Directorate of Economic Growth and Neighbourhood Services
Reading Borough Council,30/07/2025,254560,80295,LYNX LETTINGS LTD,Guaranteed Rent Scheme,1649.48,Premises Related Expenses     -,Rents,RBC Spreadsheet Invoice,R5872,Directorate of Economic Growth and Neighbourhood Services
Reading Borough Council,30/07/2025,254566,80295,LYNX LETTINGS LTD,Guaranteed Rent Scheme,1649.48,Premises Related Expenses     -,Rents,RBC Spreadsheet Invoice,R5872,Directorate of Economic Growth and Neighbourhood Services
Reading Borough Council,30/07/2025,254820,80295,LYNX LETTINGS LTD,Guaranteed Rent Scheme,1296.45,Premises Related Expenses     -,Rents,RBC Spreadsheet Invoice,R5872,Directorate of Economic Growth and Neighbourhood Services
Reading Borough Council,30/07/2025,255202,80295,LYNX LETTINGS LTD,Guaranteed Rent Scheme,1296.45,Premises Related Expenses     -,Rents,RBC Spreadsheet Invoice,R5872,Directorate of Economic Growth and Neighbourhood Services
Reading Borough Council,30/07/2025,254703,80296,SEAN HEATH,Guaranteed Rent Scheme,1092,Premises Related Expenses     -,Rents,RBC Spreadsheet Invoice,R5872,Directorate of Economic Growth and Neighbourhood Services
Reading Borough Council,30/07/2025,254552,80297,SEAN HEATH,Guaranteed Rent Scheme,847.69,Premises Related Expenses     -,Rents,RBC Spreadsheet Invoice,R5872,Directorate of Economic Growth and Neighbourhood Services
Reading Borough Council,30/07/2025,254628,80297,SEAN HEATH,Guaranteed Rent Scheme,1092,Premises Related Expenses     -,Rents,RBC Spreadsheet Invoice,R5872,Directorate of Economic Growth and Neighbourhood Services
Reading Borough Council,30/07/2025,254769,80297,SEAN HEATH,Guaranteed Rent Scheme,847.69,Premises Related Expenses     -,Rents,RBC Spreadsheet Invoice,R5872,Directorate of Economic Growth and Neighbourhood Services
Reading Borough Council,30/07/2025,254900,80297,SEAN HEATH,Guaranteed Rent Scheme,1092,Premises Related Expenses     -,Rents,RBC Spreadsheet Invoice,R5872,Directorate of Economic Growth and Neighbourhood Services
Reading Borough Council,30/07/2025,254926,80297,SEAN HEATH,Guaranteed Rent Scheme,847.69,Premises Related Expenses     -,Rents,RBC Spreadsheet Invoice,R5872,Directorate of Economic Growth and Neighbourhood Services
Reading Borough Council,30/07/2025,255008,80297,SEAN HEATH,Guaranteed Rent Scheme,847.69,Premises Related Expenses     -,Rents,RBC Spreadsheet Invoice,R5872,Directorate of Economic Growth and Neighbourhood Services
Reading Borough Council,30/07/2025,255156,80297,SEAN HEATH,Guaranteed Rent Scheme,847.69,Premises Related Expenses     -,Rents,RBC Spreadsheet Invoice,R5872,Directorate of Economic Growth and Neighbourhood Services
Reading Borough Council,30/07/2025,255235,80297,SEAN HEATH,Guaranteed Rent Scheme,847.69,Premises Related Expenses     -,Rents,RBC Spreadsheet Invoice,R5872,Directorate of Economic Growth and Neighbourhood Services
Reading Borough Council,30/07/2025,254822,80298,SEAN HEATH,Guaranteed Rent Scheme,847.69,Premises Related Expenses     -,Rents,RBC Spreadsheet Invoice,R5872,Directorate of Economic Growth and Neighbourhood Services
Reading Borough Council,30/07/2025,254556,80299,SEAN HEATH,Guaranteed Rent Scheme,847.69,Premises Related Expenses     -,Rents,RBC Spreadsheet Invoice,R5872,Directorate of Economic Growth and Neighbourhood Services
Reading Borough Council,30/07/2025,254654,80299,SEAN HEATH,Guaranteed Rent Scheme,1092,Premises Related Expenses     -,Rents,RBC Spreadsheet Invoice,R5872,Directorate of Economic Growth and Neighbourhood Services
Reading Borough Council,30/07/2025,254981,80299,SEAN HEATH,Guaranteed Rent Scheme,1092,Premises Related Expenses     -,Rents,RBC Spreadsheet Invoice,R5872,Directorate of Economic Growth and Neighbourhood Services
Reading Borough Council,30/07/2025,254669,80300,GURINDER SINGH,Guaranteed Rent Scheme,1092,Premises Related Expenses     -,Rents,RBC Spreadsheet Invoice,R5872,Directorate of Economic Growth and Neighbourhood Services
Reading Borough Council,30/07/2025,254574,80301,ROSS ERLAM,Guaranteed Rent Scheme,1092,Premises Related Expenses     -,Rents,RBC Spreadsheet Invoice,R5872,Directorate of Economic Growth and Neighbourhood Services
Reading Borough Council,30/07/2025,254655,80302,MR P C BIDGOOD,Guaranteed Rent Scheme,1092,Premises Related Expenses     -,Rents,RBC Spreadsheet Invoice,R5872,Directorate of Economic Growth and Neighbourhood Services
Reading Borough Council,30/07/2025,255264,80303,GET BERKSHIRE ACTIVE,Joint ArrangementCommCare,666.66,Supplies and Services         -,Payments to Operators,RBC Spreadsheet Invoice,R5307,Directorate of Social Care and Health Services
Reading Borough Council,30/07/2025,254515,80305,JEREMY SIMMONS,Guaranteed Rent Scheme,1296.45,Premises Related Expenses     -,Rents,RBC Spreadsheet Invoice,R5872,Directorate of Economic Growth and Neighbourhood Services
Reading Borough Council,30/07/2025,254692,80305,JEREMY SIMMONS,Guaranteed Rent Scheme,1296.45,Premises Related Expenses     -,Rents,RBC Spreadsheet Invoice,R5872,Directorate of Economic Growth and Neighbourhood Services
Reading Borough Council,30/07/2025,254866,80305,JEREMY SIMMONS,Guaranteed Rent Scheme,1092,Premises Related Expenses     -,Rents,RBC Spreadsheet Invoice,R5872,Directorate of Economic Growth and Neighbourhood Services
Reading Borough Council,30/07/2025,254910,80305,JEREMY SIMMONS,Guaranteed Rent Scheme,1092,Premises Related Expenses     -,Rents,RBC Spreadsheet Invoice,R5872,Directorate of Economic Growth and Neighbourhood Services
Reading Borough Council,30/07/2025,255169,80305,JEREMY SIMMONS,Guaranteed Rent Scheme,1092,Premises Related Expenses     -,Rents,RBC Spreadsheet Invoice,R5872,Directorate of Economic Growth and Neighbourhood Services
Reading Borough Council,30/07/2025,254725,80306,RAJINDER SOHPAL,Guaranteed Rent Scheme,1092,Premises Related Expenses     -,Rents,RBC Spreadsheet Invoice,R5872,Directorate of Economic Growth and Neighbourhood Services
Reading Borough Council,30/07/2025,254791,80306,RAJINDER SOHPAL,Guaranteed Rent Scheme,1092,Premises Related Expenses     -,Rents,RBC Spreadsheet Invoice,R5872,Directorate of Economic Growth and Neighbourhood Services
Reading Borough Council,30/07/2025,255028,80306,RAJINDER SOHPAL,Guaranteed Rent Scheme,1092,Premises Related Expenses     -,Rents,RBC Spreadsheet Invoice,R5872,Directorate of Economic Growth and Neighbourhood Services
Reading Borough Council,30/07/2025,255125,80306,RAJINDER SOHPAL,Guaranteed Rent Scheme,847.69,Premises Related Expenses     -,Rents,RBC Spreadsheet Invoice,R5872,Directorate of Economic Growth and Neighbourhood Services
Reading Borough Council,30/07/2025,254608,80307,WOODLEYS ESTATE AGENT,Guaranteed Rent Scheme,847.69,Premises Related Expenses     -,Rents,RBC Spreadsheet Invoice,R5872,Directorate of Economic Growth and Neighbourhood Services
Reading Borough Council,30/07/2025,254649,80307,WOODLEYS ESTATE AGENT,Guaranteed Rent Scheme,1649.48,Premises Related Expenses     -,Rents,RBC Spreadsheet Invoice,R5872,Directorate of Economic Growth and Neighbourhood Services
Reading Borough Council,30/07/2025,254498,80308,READING LETTINGS,Guaranteed Rent Scheme,847.69,Premises Related Expenses     -,Rents,RBC Spreadsheet Invoice,R5872,Directorate of Economic Growth and Neighbourhood Services
Reading Borough Council,30/07/2025,254506,80308,READING LETTINGS,Guaranteed Rent Scheme,847.69,Premises Related Expenses     -,Rents,RBC Spreadsheet Invoice,R5872,Directorate of Economic Growth and Neighbourhood Services
Reading Borough Council,30/07/2025,254780,80308,READING LETTINGS,Guaranteed Rent Scheme,1092,Premises Related Expenses     -,Rents,RBC Spreadsheet Invoice,R5872,Directorate of Economic Growth and Neighbourhood Services
Reading Borough Council,30/07/2025,254808,80308,READING LETTINGS,Guaranteed Rent Scheme,847.69,Premises Related Expenses     -,Rents,RBC Spreadsheet Invoice,R5872,Directorate of Economic Growth and Neighbourhood Services
Reading Borough Council,30/07/2025,254627,80309,BRIAN SHARP,Guaranteed Rent Scheme,840.58,Premises Related Expenses     -,Rents,RBC Spreadsheet Invoice,R5872,Directorate of Economic Growth and Neighbourhood Services
Reading Borough Council,30/07/2025,254765,80311,STEPHEN DORSEY,Guaranteed Rent Scheme,847.69,Premises Related Expenses     -,Rents,RBC Spreadsheet Invoice,R5872,Directorate of Economic Growth and Neighbourhood Services
Reading Borough Council,30/07/2025,255084,80311,STEPHEN DORSEY,Guaranteed Rent Scheme,847.69,Premises Related Expenses     -,Rents,RBC Spreadsheet Invoice,R5872,Directorate of Economic Growth and Neighbourhood Services
Reading Borough Council,30/07/2025,255006,80312,STEPHEN DORSEY,Guaranteed Rent Scheme,847.69,Premises Related Expenses     -,Rents,RBC Spreadsheet Invoice,R5872,Directorate of Economic Growth and Neighbourhood Services
Reading Borough Council,30/07/2025,254857,80314,MARTYN GRANT,Guaranteed Rent Scheme,847.69,Premises Related Expenses     -,Rents,RBC Spreadsheet Invoice,R5872,Directorate of Economic Growth and Neighbourhood Services
Reading Borough Council,30/07/2025,255031,80315,MIMI BARSOUM,Guaranteed Rent Scheme,1092,Premises Related Expenses     -,Rents,RBC Spreadsheet Invoice,R5872,Directorate of Economic Growth and Neighbourhood Services
Reading Borough Council,30/07/2025,254505,80316,JAY JONES,Guaranteed Rent Scheme,1296.45,Premises Related Expenses     -,Rents,RBC Spreadsheet Invoice,R5872,Directorate of Economic Growth and Neighbourhood Services
Reading Borough Council,30/07/2025,254480,80317,MARK & VENERA YOUNG,Guaranteed Rent Scheme,930,Premises Related Expenses     -,Rents,RBC Spreadsheet Invoice,R5872,Directorate of Economic Growth and Neighbourhood Services
Reading Borough Council,30/07/2025,254513,80318,MOHAMMED S AHMED,Guaranteed Rent Scheme,1649.48,Premises Related Expenses     -,Rents,RBC Spreadsheet Invoice,R5872,Directorate of Economic Growth and Neighbourhood Services
Reading Borough Council,30/07/2025,254623,80319,LEE & HANNAH VOCKINS,Guaranteed Rent Scheme,1296.45,Premises Related Expenses     -,Rents,RBC Spreadsheet Invoice,R5872,Directorate of Economic Growth and Neighbourhood Services
Reading Borough Council,30/07/2025,254559,80320,JOANNE ASKIN,Guaranteed Rent Scheme,1092,Premises Related Expenses     -,Rents,RBC Spreadsheet Invoice,R5872,Directorate of Economic Growth and Neighbourhood Services
Reading Borough Council,30/07/2025,254570,80321,MICHAEL HUNKA,Guaranteed Rent Scheme,1092,Premises Related Expenses     -,Rents,RBC Spreadsheet Invoice,R5872,Directorate of Economic Growth and Neighbourhood Services
Reading Borough Council,30/07/2025,254662,80321,MICHAEL HUNKA,Guaranteed Rent Scheme,1649.48,Premises Related Expenses     -,Rents,RBC Spreadsheet Invoice,R5872,Directorate of Economic Growth and Neighbourhood Services
Reading Borough Council,30/07/2025,254706,80321,MICHAEL HUNKA,Guaranteed Rent Scheme,847.69,Premises Related Expenses     -,Rents,RBC Spreadsheet Invoice,R5872,Directorate of Economic Growth and Neighbourhood Services
Reading Borough Council,30/07/2025,254852,80321,MICHAEL HUNKA,Guaranteed Rent Scheme,1092,Premises Related Expenses     -,Rents,RBC Spreadsheet Invoice,R5872,Directorate of Economic Growth and Neighbourhood Services
Reading Borough Council,30/07/2025,254895,80321,MICHAEL HUNKA,Guaranteed Rent Scheme,1092,Premises Related Expenses     -,Rents,RBC Spreadsheet Invoice,R5872,Directorate of Economic Growth and Neighbourhood Services
Reading Borough Council,30/07/2025,255112,80321,MICHAEL HUNKA,Guaranteed Rent Scheme,1092,Premises Related Expenses     -,Rents,RBC Spreadsheet Invoice,R5872,Directorate of Economic Growth and Neighbourhood Services
Reading Borough Council,30/07/2025,255153,80321,MICHAEL HUNKA,Guaranteed Rent Scheme,1092,Premises Related Expenses     -,Rents,RBC Spreadsheet Invoice,R5872,Directorate of Economic Growth and Neighbourhood Services
Reading Borough Council,30/07/2025,254749,80322,LISA & MARTIN PERRIN,Guaranteed Rent Scheme,1092,Premises Related Expenses     -,Rents,RBC Spreadsheet Invoice,R5872,Directorate of Economic Growth and Neighbourhood Services
Reading Borough Council,30/07/2025,254482,80323,E VAN DER KAMP & S BLAKENEY,Guaranteed Rent Scheme,1296.45,Premises Related Expenses     -,Rents,RBC Spreadsheet Invoice,R5872,Directorate of Economic Growth and Neighbourhood Services
Reading Borough Council,30/07/2025,254565,80324,NIGEL & ELIANA SYDES,Guaranteed Rent Scheme,847.69,Premises Related Expenses     -,Rents,RBC Spreadsheet Invoice,R5872,Directorate of Economic Growth and Neighbourhood Services
Reading Borough Council,30/07/2025,254554,80325,AQSA QURESHI,Guaranteed Rent Scheme,1296.45,Premises Related Expenses     -,Rents,RBC Spreadsheet Invoice,R5872,Directorate of Economic Growth and Neighbourhood Services
Reading Borough Council,30/07/2025,254590,80325,AQSA QURESHI,Guaranteed Rent Scheme,1092,Premises Related Expenses     -,Rents,RBC Spreadsheet Invoice,R5872,Directorate of Economic Growth and Neighbourhood Services
Reading Borough Council,30/07/2025,254887,80325,AQSA QURESHI,Guaranteed Rent Scheme,1092,Premises Related Expenses     -,Rents,RBC Spreadsheet Invoice,R5872,Directorate of Economic Growth and Neighbourhood Services
Reading Borough Council,30/07/2025,255045,80326,EDWARD BATSON,Guaranteed Rent Scheme,1296.45,Premises Related Expenses     -,Rents,RBC Spreadsheet Invoice,R5872,Directorate of Economic Growth and Neighbourhood Services
Reading Borough Council,30/07/2025,254507,80327,MICHELLE BOYLAN,Guaranteed Rent Scheme,1296.45,Premises Related Expenses     -,Rents,RBC Spreadsheet Invoice,R5872,Directorate of Economic Growth and Neighbourhood Services
Reading Borough Council,30/07/2025,254751,80328,SHAHIN GULAMALI,Guaranteed Rent Scheme,847.69,Premises Related Expenses     -,Rents,RBC Spreadsheet Invoice,R5872,Directorate of Economic Growth and Neighbourhood Services
Reading Borough Council,30/07/2025,254486,80329,MARTIN JOHN PRODGER,Guaranteed Rent Scheme,1649.48,Premises Related Expenses     -,Rents,RBC Spreadsheet Invoice,R5872,Directorate of Economic Growth and Neighbourhood Services
Reading Borough Council,30/07/2025,254484,80330,JAMES MILLER,Guaranteed Rent Scheme,1092,Premises Related Expenses     -,Rents,RBC Spreadsheet Invoice,R5872,Directorate of Economic Growth and Neighbourhood Services
Reading Borough Council,30/07/2025,254898,80331,ANDREW WILKINSON,Guaranteed Rent Scheme,1092,Premises Related Expenses     -,Rents,RBC Spreadsheet Invoice,R5872,Directorate of Economic Growth and Neighbourhood Services
Reading Borough Council,30/07/2025,254943,80331,ANDREW WILKINSON,Guaranteed Rent Scheme,847.69,Premises Related Expenses     -,Rents,RBC Spreadsheet Invoice,R5872,Directorate of Economic Growth and Neighbourhood Services
Reading Borough Council,30/07/2025,255193,80332,SHING HEUNG,Guaranteed Rent Scheme,847.69,Premises Related Expenses     -,Rents,RBC Spreadsheet Invoice,R5872,Directorate of Economic Growth and Neighbourhood Services
Reading Borough Council,30/07/2025,254899,80333,RUTH KINYANJUI,Guaranteed Rent Scheme,1092,Premises Related Expenses     -,Rents,RBC Spreadsheet Invoice,R5872,Directorate of Economic Growth and Neighbourhood Services
Reading Borough Council,30/07/2025,254487,80334,JEREMY SIMMONS & STEFAN WASYLCIW,Guaranteed Rent Scheme,1296.45,Premises Related Expenses     -,Rents,RBC Spreadsheet Invoice,R5872,Directorate of Economic Growth and Neighbourhood Services
Reading Borough Council,30/07/2025,254532,80334,JEREMY SIMMONS & STEFAN WASYLCIW,Guaranteed Rent Scheme,1092,Premises Related Expenses     -,Rents,RBC Spreadsheet Invoice,R5872,Directorate of Economic Growth and Neighbourhood Services
Reading Borough Council,30/07/2025,254916,80334,JEREMY SIMMONS & STEFAN WASYLCIW,Guaranteed Rent Scheme,847.69,Premises Related Expenses     -,Rents,RBC Spreadsheet Invoice,R5872,Directorate of Economic Growth and Neighbourhood Services
Reading Borough Council,30/07/2025,254488,80335,MICHAEL & PAULINE MILLER,Guaranteed Rent Scheme,1092,Premises Related Expenses     -,Rents,RBC Spreadsheet Invoice,R5872,Directorate of Economic Growth and Neighbourhood Services
Reading Borough Council,30/07/2025,254530,80337,MIKE COTTER,Guaranteed Rent Scheme,1649.48,Premises Related Expenses     -,Rents,RBC Spreadsheet Invoice,R5872,Directorate of Economic Growth and Neighbourhood Services
Reading Borough Council,30/07/2025,254489,80338,HANNAH WATSON-TOFT,Guaranteed Rent Scheme,1296.45,Premises Related Expenses     -,Rents,RBC Spreadsheet Invoice,R5872,Directorate of Economic Growth and Neighbourhood Services
Reading Borough Council,30/07/2025,254620,80339,DEBORAH JEFFRIES,Guaranteed Rent Scheme,1146.86,Premises Related Expenses     -,Rents,RBC Spreadsheet Invoice,R5872,Directorate of Economic Growth and Neighbourhood Services
Reading Borough Council,30/07/2025,254535,80340,BRIJINDER & SUNITA ARJUNA,Guaranteed Rent Scheme,1092,Premises Related Expenses     -,Rents,RBC Spreadsheet Invoice,R5872,Directorate of Economic Growth and Neighbourhood Services
Reading Borough Council,30/07/2025,254573,80341,JEMP LLP,Guaranteed Rent Scheme,847.69,Premises Related Expenses     -,Rents,RBC Spreadsheet Invoice,R5872,Directorate of Economic Growth and Neighbourhood Services
Reading Borough Council,30/07/2025,254526,80342,JEMP LLP,Guaranteed Rent Scheme,1092,Premises Related Expenses     -,Rents,RBC Spreadsheet Invoice,R5872,Directorate of Economic Growth and Neighbourhood Services
Reading Borough Council,30/07/2025,254494,80343,POLLY & NIGEL TUCKER,Guaranteed Rent Scheme,1092,Premises Related Expenses     -,Rents,RBC Spreadsheet Invoice,R5872,Directorate of Economic Growth and Neighbourhood Services
Reading Borough Council,30/07/2025,254756,80343,POLLY & NIGEL TUCKER,Guaranteed Rent Scheme,1092,Premises Related Expenses     -,Rents,RBC Spreadsheet Invoice,R5872,Directorate of Economic Growth and Neighbourhood Services
Reading Borough Council,30/07/2025,254542,80344,CLIFF WALLER,Guaranteed Rent Scheme,1092,Premises Related Expenses     -,Rents,RBC Spreadsheet Invoice,R5872,Directorate of Economic Growth and Neighbourhood Services
Reading Borough Council,30/07/2025,254493,80345,CHRISTINE O'NEIL,Guaranteed Rent Scheme,840.58,Premises Related Expenses     -,Rents,RBC Spreadsheet Invoice,R5872,Directorate of Economic Growth and Neighbourhood Services
Reading Borough Council,30/07/2025,254995,80346,ROSALIND SIMMONS & POLLY TUCKER,Guaranteed Rent Scheme,1092,Premises Related Expenses     -,Rents,RBC Spreadsheet Invoice,R5872,Directorate of Economic Growth and Neighbourhood Services
Reading Borough Council,30/07/2025,254854,80347,MEDACCO LTD,Guaranteed Rent Scheme,847.69,Premises Related Expenses     -,Rents,RBC Spreadsheet Invoice,R5872,Directorate of Economic Growth and Neighbourhood Services
Reading Borough Council,30/07/2025,254855,80347,MEDACCO LTD,Guaranteed Rent Scheme,847.69,Premises Related Expenses     -,Rents,RBC Spreadsheet Invoice,R5872,Directorate of Economic Growth and Neighbourhood Services
Reading Borough Council,30/07/2025,254537,80348,MEDACCO LTD,Guaranteed Rent Scheme,847.69,Premises Related Expenses     -,Rents,RBC Spreadsheet Invoice,R5872,Directorate of Economic Growth and Neighbourhood Services
Reading Borough Council,30/07/2025,254624,80348,MEDACCO LTD,Guaranteed Rent Scheme,847.69,Premises Related Expenses     -,Rents,RBC Spreadsheet Invoice,R5872,Directorate of Economic Growth and Neighbourhood Services
Reading Borough Council,30/07/2025,254755,80348,MEDACCO LTD,Guaranteed Rent Scheme,847.69,Premises Related Expenses     -,Rents,RBC Spreadsheet Invoice,R5872,Directorate of Economic Growth and Neighbourhood Services
Reading Borough Council,30/07/2025,254837,80348,MEDACCO LTD,Guaranteed Rent Scheme,847.69,Premises Related Expenses     -,Rents,RBC Spreadsheet Invoice,R5872,Directorate of Economic Growth and Neighbourhood Services
Reading Borough Council,30/07/2025,254848,80348,MEDACCO LTD,Guaranteed Rent Scheme,847.69,Premises Related Expenses     -,Rents,RBC Spreadsheet Invoice,R5872,Directorate of Economic Growth and Neighbourhood Services
Reading Borough Council,30/07/2025,255033,80348,MEDACCO LTD,Guaranteed Rent Scheme,847.69,Premises Related Expenses     -,Rents,RBC Spreadsheet Invoice,R5872,Directorate of Economic Growth and Neighbourhood Services
Reading Borough Council,30/07/2025,254754,80349,PRIYA SAJU KANNATH,Guaranteed Rent Scheme,1296.45,Premises Related Expenses     -,Rents,RBC Spreadsheet Invoice,R5872,Directorate of Economic Growth and Neighbourhood Services
Reading Borough Council,30/07/2025,255024,80350,FIONA LOVELUCK,Guaranteed Rent Scheme,1092,Premises Related Expenses     -,Rents,RBC Spreadsheet Invoice,R5872,Directorate of Economic Growth and Neighbourhood Services
Reading Borough Council,30/07/2025,254497,80351,GARRY & TERESA SOUTHERN,Guaranteed Rent Scheme,1092,Premises Related Expenses     -,Rents,RBC Spreadsheet Invoice,R5872,Directorate of Economic Growth and Neighbourhood Services
Reading Borough Council,30/07/2025,254499,80352,JAMES & TERESA WARD,Guaranteed Rent Scheme,1296.45,Premises Related Expenses     -,Rents,RBC Spreadsheet Invoice,R5872,Directorate of Economic Growth and Neighbourhood Services
Reading Borough Council,30/07/2025,254517,80353,ANTHONY ROE,Guaranteed Rent Scheme,1649.48,Premises Related Expenses     -,Rents,RBC Spreadsheet Invoice,R5872,Directorate of Economic Growth and Neighbourhood Services
Reading Borough Council,30/07/2025,254592,80353,ANTHONY ROE,Guaranteed Rent Scheme,847.69,Premises Related Expenses     -,Rents,RBC Spreadsheet Invoice,R5872,Directorate of Economic Growth and Neighbourhood Services
Reading Borough Council,30/07/2025,254816,80353,ANTHONY ROE,Guaranteed Rent Scheme,1092,Premises Related Expenses     -,Rents,RBC Spreadsheet Invoice,R5872,Directorate of Economic Growth and Neighbourhood Services
Reading Borough Council,30/07/2025,254509,80354,TIMOTHY LANGDALE,Guaranteed Rent Scheme,1649.48,Premises Related Expenses     -,Rents,RBC Spreadsheet Invoice,R5872,Directorate of Economic Growth and Neighbourhood Services
Reading Borough Council,30/07/2025,254500,80355,VICTORIA EDWARDS,Guaranteed Rent Scheme,847.69,Premises Related Expenses     -,Rents,RBC Spreadsheet Invoice,R5872,Directorate of Economic Growth and Neighbourhood Services
Reading Borough Council,30/07/2025,254575,80356,ALAN BULLOCK,Guaranteed Rent Scheme,1092,Premises Related Expenses     -,Rents,RBC Spreadsheet Invoice,R5872,Directorate of Economic Growth and Neighbourhood Services
Reading Borough Council,30/07/2025,254502,80357,MARK WATTON,Guaranteed Rent Scheme,1092,Premises Related Expenses     -,Rents,RBC Spreadsheet Invoice,R5872,Directorate of Economic Growth and Neighbourhood Services
Reading Borough Council,30/07/2025,254501,80358,JASON & SCOTT LONDON,Guaranteed Rent Scheme,816.1,Premises Related Expenses     -,Rents,RBC Spreadsheet Invoice,R5872,Directorate of Economic Growth and Neighbourhood Services
Reading Borough Council,30/07/2025,254504,80359,RAVI MISHRA,Guaranteed Rent Scheme,1649.48,Premises Related Expenses     -,Rents,RBC Spreadsheet Invoice,R5872,Directorate of Economic Growth and Neighbourhood Services
Reading Borough Council,30/07/2025,254930,80360,ENGLER PROPERTIES LTD,Guaranteed Rent Scheme,1092,Premises Related Expenses     -,Rents,RBC Spreadsheet Invoice,R5872,Directorate of Economic Growth and Neighbourhood Services
Reading Borough Council,30/07/2025,255344,80361,HORIZON SUPPORTED ACCOMMODATION LTD,Emergency Accommodation,2333.37,Premises Related Expenses     -,Rents,RBC Standard Invoice,R5871,Directorate of Economic Growth and Neighbourhood Services
Reading Borough Council,30/07/2025,254773,80362,PATRICK ARTWELL,Guaranteed Rent Scheme,1296.45,Premises Related Expenses     -,Rents,RBC Spreadsheet Invoice,R5872,Directorate of Economic Growth and Neighbourhood Services
Reading Borough Council,30/07/2025,254508,80363,EUROCARB LTD,Guaranteed Rent Scheme,1092,Premises Related Expenses     -,Rents,RBC Spreadsheet Invoice,R5872,Directorate of Economic Growth and Neighbourhood Services
Reading Borough Council,30/07/2025,254922,80364,DR FARLEY & MINERVA FERNANDO,Guaranteed Rent Scheme,1092,Premises Related Expenses     -,Rents,RBC Spreadsheet Invoice,R5872,Directorate of Economic Growth and Neighbourhood Services
Reading Borough Council,30/07/2025,254888,80365,GEORGE HALLMEY,Guaranteed Rent Scheme,1092,Premises Related Expenses     -,Rents,RBC Spreadsheet Invoice,R5872,Directorate of Economic Growth and Neighbourhood Services
Reading Borough Council,30/07/2025,254698,80366,AMAR AZIZ,Guaranteed Rent Scheme,847.69,Premises Related Expenses     -,Rents,RBC Spreadsheet Invoice,R5872,Directorate of Economic Growth and Neighbourhood Services
Reading Borough Council,30/07/2025,254519,80367,FRANK & GARY HOPE,Guaranteed Rent Scheme,1092,Premises Related Expenses     -,Rents,RBC Spreadsheet Invoice,R5872,Directorate of Economic Growth and Neighbourhood Services
Reading Borough Council,30/07/2025,254835,80367,FRANK & GARY HOPE,Guaranteed Rent Scheme,847.69,Premises Related Expenses     -,Rents,RBC Spreadsheet Invoice,R5872,Directorate of Economic Growth and Neighbourhood Services
Reading Borough Council,30/07/2025,254796,80368,FIONA & STEVE HOLLOWAY,Guaranteed Rent Scheme,847.69,Premises Related Expenses     -,Rents,RBC Spreadsheet Invoice,R5872,Directorate of Economic Growth and Neighbourhood Services
Reading Borough Council,30/07/2025,254605,80369,RALPH CHANANDA,Guaranteed Rent Scheme,847.69,Premises Related Expenses     -,Rents,RBC Spreadsheet Invoice,R5872,Directorate of Economic Growth and Neighbourhood Services
Reading Borough Council,30/07/2025,255187,80369,RALPH CHANANDA,Guaranteed Rent Scheme,847.69,Premises Related Expenses     -,Rents,RBC Spreadsheet Invoice,R5872,Directorate of Economic Growth and Neighbourhood Services
Reading Borough Council,30/07/2025,254512,80370,ROY & JANET SIMMONDS,Guaranteed Rent Scheme,1649.48,Premises Related Expenses     -,Rents,RBC Spreadsheet Invoice,R5872,Directorate of Economic Growth and Neighbourhood Services
Reading Borough Council,30/07/2025,254525,80371,ALLAN KEW,Guaranteed Rent Scheme,847.69,Premises Related Expenses     -,Rents,RBC Spreadsheet Invoice,R5872,Directorate of Economic Growth and Neighbourhood Services
Reading Borough Council,30/07/2025,254576,80371,ALLAN KEW,Guaranteed Rent Scheme,847.69,Premises Related Expenses     -,Rents,RBC Spreadsheet Invoice,R5872,Directorate of Economic Growth and Neighbourhood Services
Reading Borough Council,30/07/2025,254653,80371,ALLAN KEW,Guaranteed Rent Scheme,847.69,Premises Related Expenses     -,Rents,RBC Spreadsheet Invoice,R5872,Directorate of Economic Growth and Neighbourhood Services
Reading Borough Council,30/07/2025,254679,80372,JOHN MAYNARD T/A JRM PROPERTIES,Guaranteed Rent Scheme,1092,Premises Related Expenses     -,Rents,RBC Spreadsheet Invoice,R5872,Directorate of Economic Growth and Neighbourhood Services
Reading Borough Council,30/07/2025,255254,80372,JOHN MAYNARD T/A JRM PROPERTIES,Guaranteed Rent Scheme,1092,Premises Related Expenses     -,Rents,RBC Spreadsheet Invoice,R5872,Directorate of Economic Growth and Neighbourhood Services
Reading Borough Council,30/07/2025,254664,80373,BERYL BANISTER,Guaranteed Rent Scheme,1092,Premises Related Expenses     -,Rents,RBC Spreadsheet Invoice,R5872,Directorate of Economic Growth and Neighbourhood Services
Reading Borough Council,30/07/2025,254518,80374,WINKWORTH ESTATE AGENTS,Guaranteed Rent Scheme,847.69,Premises Related Expenses     -,Rents,RBC Spreadsheet Invoice,R5872,Directorate of Economic Growth and Neighbourhood Services
Reading Borough Council,30/07/2025,254804,80375,ELLEN TOGHER,Guaranteed Rent Scheme,847.69,Premises Related Expenses     -,Rents,RBC Spreadsheet Invoice,R5872,Directorate of Economic Growth and Neighbourhood Services
Reading Borough Council,30/07/2025,254801,80376,NORTHWOOD READING,Guaranteed Rent Scheme,1000,Premises Related Expenses     -,Rents,RBC Spreadsheet Invoice,R5872,Directorate of Economic Growth and Neighbourhood Services
Reading Borough Council,30/07/2025,255242,80376,NORTHWOOD READING,Guaranteed Rent Scheme,1092,Premises Related Expenses     -,Rents,RBC Spreadsheet Invoice,R5872,Directorate of Economic Growth and Neighbourhood Services
Reading Borough Council,30/07/2025,254711,80377,EDMUND & MARGARET ATKINSON,Guaranteed Rent Scheme,1092,Premises Related Expenses     -,Rents,RBC Spreadsheet Invoice,R5872,Directorate of Economic Growth and Neighbourhood Services
Reading Borough Council,30/07/2025,254817,80378,BOYD RANWELL,Guaranteed Rent Scheme,1296.45,Premises Related Expenses     -,Rents,RBC Spreadsheet Invoice,R5872,Directorate of Economic Growth and Neighbourhood Services
Reading Borough Council,30/07/2025,254516,80379,ALEXANDER & YAS BATCHELOR,Guaranteed Rent Scheme,847.69,Premises Related Expenses     -,Rents,RBC Spreadsheet Invoice,R5872,Directorate of Economic Growth and Neighbourhood Services
Reading Borough Council,30/07/2025,254619,80380,NETHER GREEN LTD,Guaranteed Rent Scheme,1296.45,Premises Related Expenses     -,Rents,RBC Spreadsheet Invoice,R5872,Directorate of Economic Growth and Neighbourhood Services
Reading Borough Council,30/07/2025,255036,80380,NETHER GREEN LTD,Guaranteed Rent Scheme,1092,Premises Related Expenses     -,Rents,RBC Spreadsheet Invoice,R5872,Directorate of Economic Growth and Neighbourhood Services
Reading Borough Council,30/07/2025,254901,80381,HOUSING GENIE LTD,Guaranteed Rent Scheme,1146.86,Premises Related Expenses     -,Rents,RBC Spreadsheet Invoice,R5872,Directorate of Economic Growth and Neighbourhood Services
Reading Borough Council,30/07/2025,254603,80382,DAMON GERARD HALL & SARAH ANN ORME,Guaranteed Rent Scheme,847.69,Premises Related Expenses     -,Rents,RBC Spreadsheet Invoice,R5872,Directorate of Economic Growth and Neighbourhood Services
Reading Borough Council,30/07/2025,254520,80383,MARK PEARCE,Guaranteed Rent Scheme,1092,Premises Related Expenses     -,Rents,RBC Spreadsheet Invoice,R5872,Directorate of Economic Growth and Neighbourhood Services
Reading Borough Council,30/07/2025,254521,80384,ELIZABETH & TOBY WILSON,Guaranteed Rent Scheme,1296.45,Premises Related Expenses     -,Rents,RBC Spreadsheet Invoice,R5872,Directorate of Economic Growth and Neighbourhood Services
Reading Borough Council,30/07/2025,250725,80385,CARE4U WE LTD,LD Community Services,9418.64,Third Party Payments          -,Purchased Care,RBC Mosaic Invoice,R5741,Directorate of Social Care and Health Services
Reading Borough Council,30/07/2025,250930,80385,CARE4U WE LTD,Social Support,2935.96,Third Party Payments          -,Purchased Care,RBC Mosaic Invoice,R5790,Directorate of Social Care and Health Services
Reading Borough Council,30/07/2025,254485,80386,DONNA COLLINS,Guaranteed Rent Scheme,847.69,Premises Related Expenses     -,Rents,RBC Spreadsheet Invoice,R5872,Directorate of Economic Growth and Neighbourhood Services
Reading Borough Council,30/07/2025,254613,80386,DONNA COLLINS,Guaranteed Rent Scheme,1092,Premises Related Expenses     -,Rents,RBC Spreadsheet Invoice,R5872,Directorate of Economic Growth and Neighbourhood Services
Reading Borough Council,30/07/2025,254716,80386,DONNA COLLINS,Guaranteed Rent Scheme,1092,Premises Related Expenses     -,Rents,RBC Spreadsheet Invoice,R5872,Directorate of Economic Growth and Neighbourhood Services
Reading Borough Council,30/07/2025,254823,80386,DONNA COLLINS,Guaranteed Rent Scheme,1092,Premises Related Expenses     -,Rents,RBC Spreadsheet Invoice,R5872,Directorate of Economic Growth and Neighbourhood Services
Reading Borough Council,30/07/2025,255046,80386,DONNA COLLINS,Guaranteed Rent Scheme,847.69,Premises Related Expenses     -,Rents,RBC Spreadsheet Invoice,R5872,Directorate of Economic Growth and Neighbourhood Services
Reading Borough Council,30/07/2025,255133,80386,DONNA COLLINS,Guaranteed Rent Scheme,847.69,Premises Related Expenses     -,Rents,RBC Spreadsheet Invoice,R5872,Directorate of Economic Growth and Neighbourhood Services
Reading Borough Council,30/07/2025,255196,80386,DONNA COLLINS,Guaranteed Rent Scheme,1092,Premises Related Expenses     -,Rents,RBC Spreadsheet Invoice,R5872,Directorate of Economic Growth and Neighbourhood Services
Reading Borough Council,30/07/2025,254827,80387,OLUKEMI ILELABOYE,Guaranteed Rent Scheme,1092,Premises Related Expenses     -,Rents,RBC Spreadsheet Invoice,R5872,Directorate of Economic Growth and Neighbourhood Services
Reading Borough Council,30/07/2025,254524,80388,KIM LEWENDON,Guaranteed Rent Scheme,1092,Premises Related Expenses     -,Rents,RBC Spreadsheet Invoice,R5872,Directorate of Economic Growth and Neighbourhood Services
Reading Borough Council,30/07/2025,254800,80389,OJAS ASSOCIATES LTD,Guaranteed Rent Scheme,1092,Premises Related Expenses     -,Rents,RBC Spreadsheet Invoice,R5872,Directorate of Economic Growth and Neighbourhood Services
Reading Borough Council,30/07/2025,254947,80390,JACQUELINE STUBBS,Guaranteed Rent Scheme,1092,Premises Related Expenses     -,Rents,RBC Spreadsheet Invoice,R5872,Directorate of Economic Growth and Neighbourhood Services
Reading Borough Council,30/07/2025,250612,80391,MEDCARE HOME SERVICES LTD T/A PROACTIVE,Mental Health Community Servic,2471.16,Third Party Payments          -,Purchased Care,RBC Mosaic Invoice,R5731,Directorate of Social Care and Health Services
Reading Borough Council,30/07/2025,254528,80392,EDWARD KEITH JERROME,Guaranteed Rent Scheme,1388.74,Premises Related Expenses     -,Rents,RBC Spreadsheet Invoice,R5872,Directorate of Economic Growth and Neighbourhood Services
Reading Borough Council,30/07/2025,254531,80393,DOUGLAS PUFFETT,Guaranteed Rent Scheme,1092,Premises Related Expenses     -,Rents,RBC Spreadsheet Invoice,R5872,Directorate of Economic Growth and Neighbourhood Services
Reading Borough Council,30/07/2025,254527,80394,NEIL COOKE,Guaranteed Rent Scheme,1092,Premises Related Expenses     -,Rents,RBC Spreadsheet Invoice,R5872,Directorate of Economic Growth and Neighbourhood Services
Reading Borough Council,30/07/2025,254811,80395,SIMON MCNIFFE,Guaranteed Rent Scheme,1092,Premises Related Expenses     -,Rents,RBC Spreadsheet Invoice,R5872,Directorate of Economic Growth and Neighbourhood Services
Reading Borough Council,30/07/2025,255002,80396,LORD BOREHAM + JACQUELINE O'CONNELL,Guaranteed Rent Scheme,947.4,Premises Related Expenses     -,Rents,RBC Spreadsheet Invoice,R5872,Directorate of Economic Growth and Neighbourhood Services
Reading Borough Council,30/07/2025,254584,80397,NATHAN WARD,Guaranteed Rent Scheme,847.69,Premises Related Expenses     -,Rents,RBC Spreadsheet Invoice,R5872,Directorate of Economic Growth and Neighbourhood Services
Reading Borough Council,30/07/2025,254539,80398,ASHOK RODA,Guaranteed Rent Scheme,1296.45,Premises Related Expenses     -,Rents,RBC Spreadsheet Invoice,R5872,Directorate of Economic Growth and Neighbourhood Services
Reading Borough Council,30/07/2025,254536,80399,SALIM & NIMMI AHMED,Guaranteed Rent Scheme,1296.45,Premises Related Expenses     -,Rents,RBC Spreadsheet Invoice,R5872,Directorate of Economic Growth and Neighbourhood Services
Reading Borough Council,30/07/2025,254918,80400,JOHN & ROSEMARIE BOOTH,Guaranteed Rent Scheme,1146.86,Premises Related Expenses     -,Rents,RBC Spreadsheet Invoice,R5872,Directorate of Economic Growth and Neighbourhood Services
Reading Borough Council,30/07/2025,254553,80401,JIM TOWNSEND & COMPANY,Guaranteed Rent Scheme,1296.45,Premises Related Expenses     -,Rents,RBC Spreadsheet Invoice,R5872,Directorate of Economic Growth and Neighbourhood Services
Reading Borough Council,30/07/2025,254585,80401,JIM TOWNSEND & COMPANY,Guaranteed Rent Scheme,847.69,Premises Related Expenses     -,Rents,RBC Spreadsheet Invoice,R5872,Directorate of Economic Growth and Neighbourhood Services
Reading Borough Council,30/07/2025,254599,80401,JIM TOWNSEND & COMPANY,Guaranteed Rent Scheme,1296.45,Premises Related Expenses     -,Rents,RBC Spreadsheet Invoice,R5872,Directorate of Economic Growth and Neighbourhood Services
Reading Borough Council,30/07/2025,254641,80401,JIM TOWNSEND & COMPANY,Guaranteed Rent Scheme,1092,Premises Related Expenses     -,Rents,RBC Spreadsheet Invoice,R5872,Directorate of Economic Growth and Neighbourhood Services
Reading Borough Council,30/07/2025,254696,80401,JIM TOWNSEND & COMPANY,Guaranteed Rent Scheme,847.69,Premises Related Expenses     -,Rents,RBC Spreadsheet Invoice,R5872,Directorate of Economic Growth and Neighbourhood Services
Reading Borough Council,30/07/2025,254743,80401,JIM TOWNSEND & COMPANY,Guaranteed Rent Scheme,1296.45,Premises Related Expenses     -,Rents,RBC Spreadsheet Invoice,R5872,Directorate of Economic Growth and Neighbourhood Services
Reading Borough Council,30/07/2025,254748,80401,JIM TOWNSEND & COMPANY,Guaranteed Rent Scheme,1092,Premises Related Expenses     -,Rents,RBC Spreadsheet Invoice,R5872,Directorate of Economic Growth and Neighbourhood Services
Reading Borough Council,30/07/2025,254891,80401,JIM TOWNSEND & COMPANY,Guaranteed Rent Scheme,1296.45,Premises Related Expenses     -,Rents,RBC Spreadsheet Invoice,R5872,Directorate of Economic Growth and Neighbourhood Services
Reading Borough Council,30/07/2025,254903,80401,JIM TOWNSEND & COMPANY,Guaranteed Rent Scheme,1296.45,Premises Related Expenses     -,Rents,RBC Spreadsheet Invoice,R5872,Directorate of Economic Growth and Neighbourhood Services
Reading Borough Council,30/07/2025,254909,80401,JIM TOWNSEND & COMPANY,Guaranteed Rent Scheme,847.69,Premises Related Expenses     -,Rents,RBC Spreadsheet Invoice,R5872,Directorate of Economic Growth and Neighbourhood Services
Reading Borough Council,30/07/2025,254914,80401,JIM TOWNSEND & COMPANY,Guaranteed Rent Scheme,1296.45,Premises Related Expenses     -,Rents,RBC Spreadsheet Invoice,R5872,Directorate of Economic Growth and Neighbourhood Services
Reading Borough Council,30/07/2025,254924,80401,JIM TOWNSEND & COMPANY,Guaranteed Rent Scheme,1296.45,Premises Related Expenses     -,Rents,RBC Spreadsheet Invoice,R5872,Directorate of Economic Growth and Neighbourhood Services
Reading Borough Council,30/07/2025,254940,80401,JIM TOWNSEND & COMPANY,Guaranteed Rent Scheme,1296.45,Premises Related Expenses     -,Rents,RBC Spreadsheet Invoice,R5872,Directorate of Economic Growth and Neighbourhood Services
Reading Borough Council,30/07/2025,254942,80401,JIM TOWNSEND & COMPANY,Guaranteed Rent Scheme,847.69,Premises Related Expenses     -,Rents,RBC Spreadsheet Invoice,R5872,Directorate of Economic Growth and Neighbourhood Services
Reading Borough Council,30/07/2025,255038,80401,JIM TOWNSEND & COMPANY,Guaranteed Rent Scheme,1296.45,Premises Related Expenses     -,Rents,RBC Spreadsheet Invoice,R5872,Directorate of Economic Growth and Neighbourhood Services
Reading Borough Council,30/07/2025,255040,80401,JIM TOWNSEND & COMPANY,Guaranteed Rent Scheme,847.69,Premises Related Expenses     -,Rents,RBC Spreadsheet Invoice,R5872,Directorate of Economic Growth and Neighbourhood Services
Reading Borough Council,30/07/2025,255042,80401,JIM TOWNSEND & COMPANY,Guaranteed Rent Scheme,1296.45,Premises Related Expenses     -,Rents,RBC Spreadsheet Invoice,R5872,Directorate of Economic Growth and Neighbourhood Services
Reading Borough Council,30/07/2025,255138,80401,JIM TOWNSEND & COMPANY,Guaranteed Rent Scheme,1296.45,Premises Related Expenses     -,Rents,RBC Spreadsheet Invoice,R5872,Directorate of Economic Growth and Neighbourhood Services
Reading Borough Council,30/07/2025,254886,80402,FRANK MCDONAGH,Guaranteed Rent Scheme,847.69,Premises Related Expenses     -,Rents,RBC Spreadsheet Invoice,R5872,Directorate of Economic Growth and Neighbourhood Services
Reading Borough Council,30/07/2025,255001,80402,FRANK MCDONAGH,Guaranteed Rent Scheme,1092,Premises Related Expenses     -,Rents,RBC Spreadsheet Invoice,R5872,Directorate of Economic Growth and Neighbourhood Services
Reading Borough Council,30/07/2025,255011,80402,FRANK MCDONAGH,Guaranteed Rent Scheme,747.93,Premises Related Expenses     -,Rents,RBC Spreadsheet Invoice,R5872,Directorate of Economic Growth and Neighbourhood Services
Reading Borough Council,30/07/2025,254610,80403,P J CHANCE,Guaranteed Rent Scheme,1092,Premises Related Expenses     -,Rents,RBC Spreadsheet Invoice,R5872,Directorate of Economic Growth and Neighbourhood Services
Reading Borough Council,30/07/2025,254675,80403,P J CHANCE,Guaranteed Rent Scheme,847.69,Premises Related Expenses     -,Rents,RBC Spreadsheet Invoice,R5872,Directorate of Economic Growth and Neighbourhood Services
Reading Borough Council,30/07/2025,254883,80403,P J CHANCE,Guaranteed Rent Scheme,1649.48,Premises Related Expenses     -,Rents,RBC Spreadsheet Invoice,R5872,Directorate of Economic Growth and Neighbourhood Services
Reading Borough Council,30/07/2025,254965,80403,P J CHANCE,Guaranteed Rent Scheme,847.69,Premises Related Expenses     -,Rents,RBC Spreadsheet Invoice,R5872,Directorate of Economic Growth and Neighbourhood Services
Reading Borough Council,30/07/2025,254977,80403,P J CHANCE,Guaranteed Rent Scheme,847.69,Premises Related Expenses     -,Rents,RBC Spreadsheet Invoice,R5872,Directorate of Economic Growth and Neighbourhood Services
Reading Borough Council,30/07/2025,255005,80404,EDWARD PAUL,Guaranteed Rent Scheme,1146.86,Premises Related Expenses     -,Rents,RBC Spreadsheet Invoice,R5872,Directorate of Economic Growth and Neighbourhood Services
Reading Borough Council,30/07/2025,254557,80405,CELIA HALL,Guaranteed Rent Scheme,1296.45,Premises Related Expenses     -,Rents,RBC Spreadsheet Invoice,R5872,Directorate of Economic Growth and Neighbourhood Services
Reading Borough Council,30/07/2025,254561,80406,TWUMASI OKYERE,Guaranteed Rent Scheme,1296.45,Premises Related Expenses     -,Rents,RBC Spreadsheet Invoice,R5872,Directorate of Economic Growth and Neighbourhood Services
Reading Borough Council,30/07/2025,254779,80407,RITA LEE,Guaranteed Rent Scheme,847.69,Premises Related Expenses     -,Rents,RBC Spreadsheet Invoice,R5872,Directorate of Economic Growth and Neighbourhood Services
Reading Borough Council,30/07/2025,254846,80408,INFO - SITE LTD,Guaranteed Rent Scheme,1649.48,Premises Related Expenses     -,Rents,RBC Spreadsheet Invoice,R5872,Directorate of Economic Growth and Neighbourhood Services
Reading Borough Council,30/07/2025,254491,80409,HOMES FOR READING LTD,Guaranteed Rent Scheme,792.83,Premises Related Expenses     -,Rents,RBC Spreadsheet Invoice,R5872,Directorate of Economic Growth and Neighbourhood Services
Reading Borough Council,30/07/2025,254555,80409,HOMES FOR READING LTD,Guaranteed Rent Scheme,792.83,Premises Related Expenses     -,Rents,RBC Spreadsheet Invoice,R5872,Directorate of Economic Growth and Neighbourhood Services
Reading Borough Council,30/07/2025,254564,80409,HOMES FOR READING LTD,Guaranteed Rent Scheme,1388.74,Premises Related Expenses     -,Rents,RBC Spreadsheet Invoice,R5872,Directorate of Economic Growth and Neighbourhood Services
Reading Borough Council,30/07/2025,254586,80409,HOMES FOR READING LTD,Guaranteed Rent Scheme,1388.74,Premises Related Expenses     -,Rents,RBC Spreadsheet Invoice,R5872,Directorate of Economic Growth and Neighbourhood Services
Reading Borough Council,30/07/2025,254609,80409,HOMES FOR READING LTD,Guaranteed Rent Scheme,1545.74,Premises Related Expenses     -,Rents,RBC Spreadsheet Invoice,R5872,Directorate of Economic Growth and Neighbourhood Services
Reading Borough Council,30/07/2025,254625,80409,HOMES FOR READING LTD,Guaranteed Rent Scheme,1388.74,Premises Related Expenses     -,Rents,RBC Spreadsheet Invoice,R5872,Directorate of Economic Growth and Neighbourhood Services
Reading Borough Council,30/07/2025,254629,80409,HOMES FOR READING LTD,Guaranteed Rent Scheme,792.83,Premises Related Expenses     -,Rents,RBC Spreadsheet Invoice,R5872,Directorate of Economic Growth and Neighbourhood Services
Reading Borough Council,30/07/2025,254630,80409,HOMES FOR READING LTD,Guaranteed Rent Scheme,792.83,Premises Related Expenses     -,Rents,RBC Spreadsheet Invoice,R5872,Directorate of Economic Growth and Neighbourhood Services
Reading Borough Council,30/07/2025,254631,80409,HOMES FOR READING LTD,Guaranteed Rent Scheme,792.83,Premises Related Expenses     -,Rents,RBC Spreadsheet Invoice,R5872,Directorate of Economic Growth and Neighbourhood Services
Reading Borough Council,30/07/2025,254643,80409,HOMES FOR READING LTD,Guaranteed Rent Scheme,1388.74,Premises Related Expenses     -,Rents,RBC Spreadsheet Invoice,R5872,Directorate of Economic Growth and Neighbourhood Services
Reading Borough Council,30/07/2025,254668,80409,HOMES FOR READING LTD,Guaranteed Rent Scheme,792.83,Premises Related Expenses     -,Rents,RBC Spreadsheet Invoice,R5872,Directorate of Economic Growth and Neighbourhood Services
Reading Borough Council,30/07/2025,254764,80409,HOMES FOR READING LTD,Guaranteed Rent Scheme,792.83,Premises Related Expenses     -,Rents,RBC Spreadsheet Invoice,R5872,Directorate of Economic Growth and Neighbourhood Services
Reading Borough Council,30/07/2025,254807,80409,HOMES FOR READING LTD,Guaranteed Rent Scheme,792.83,Premises Related Expenses     -,Rents,RBC Spreadsheet Invoice,R5872,Directorate of Economic Growth and Neighbourhood Services
Reading Borough Council,30/07/2025,254937,80409,HOMES FOR READING LTD,Guaranteed Rent Scheme,1545.74,Premises Related Expenses     -,Rents,RBC Spreadsheet Invoice,R5872,Directorate of Economic Growth and Neighbourhood Services
Reading Borough Council,30/07/2025,254993,80409,HOMES FOR READING LTD,Guaranteed Rent Scheme,947.4,Premises Related Expenses     -,Rents,RBC Spreadsheet Invoice,R5872,Directorate of Economic Growth and Neighbourhood Services
Reading Borough Council,30/07/2025,255014,80409,HOMES FOR READING LTD,Guaranteed Rent Scheme,947.4,Premises Related Expenses     -,Rents,RBC Spreadsheet Invoice,R5872,Directorate of Economic Growth and Neighbourhood Services
Reading Borough Council,30/07/2025,255025,80409,HOMES FOR READING LTD,Guaranteed Rent Scheme,1146.86,Premises Related Expenses     -,Rents,RBC Spreadsheet Invoice,R5872,Directorate of Economic Growth and Neighbourhood Services
Reading Borough Council,30/07/2025,255034,80409,HOMES FOR READING LTD,Guaranteed Rent Scheme,792.83,Premises Related Expenses     -,Rents,RBC Spreadsheet Invoice,R5872,Directorate of Economic Growth and Neighbourhood Services
Reading Borough Council,30/07/2025,254825,80410,SAMIDHA MALHOTRA,Guaranteed Rent Scheme,1296.45,Premises Related Expenses     -,Rents,RBC Spreadsheet Invoice,R5872,Directorate of Economic Growth and Neighbourhood Services
Reading Borough Council,30/07/2025,254614,80411,ALDERKEY PROPERTIES,Guaranteed Rent Scheme,792.83,Premises Related Expenses     -,Rents,RBC Spreadsheet Invoice,R5872,Directorate of Economic Growth and Neighbourhood Services
Reading Borough Council,30/07/2025,254737,80411,ALDERKEY PROPERTIES,Guaranteed Rent Scheme,847.69,Premises Related Expenses     -,Rents,RBC Spreadsheet Invoice,R5872,Directorate of Economic Growth and Neighbourhood Services
Reading Borough Council,30/07/2025,254580,80412,COLIN JAMES,Guaranteed Rent Scheme,1092,Premises Related Expenses     -,Rents,RBC Spreadsheet Invoice,R5872,Directorate of Economic Growth and Neighbourhood Services
Reading Borough Council,30/07/2025,254612,80413,KAH HOOI LIM,Guaranteed Rent Scheme,847.69,Premises Related Expenses     -,Rents,RBC Spreadsheet Invoice,R5872,Directorate of Economic Growth and Neighbourhood Services
Reading Borough Council,30/07/2025,254621,80413,KAH HOOI LIM,Guaranteed Rent Scheme,1092,Premises Related Expenses     -,Rents,RBC Spreadsheet Invoice,R5872,Directorate of Economic Growth and Neighbourhood Services
Reading Borough Council,30/07/2025,254680,80413,KAH HOOI LIM,Guaranteed Rent Scheme,1092,Premises Related Expenses     -,Rents,RBC Spreadsheet Invoice,R5872,Directorate of Economic Growth and Neighbourhood Services
Reading Borough Council,30/07/2025,254958,80413,KAH HOOI LIM,Guaranteed Rent Scheme,1296.45,Premises Related Expenses     -,Rents,RBC Spreadsheet Invoice,R5872,Directorate of Economic Growth and Neighbourhood Services
Reading Borough Council,30/07/2025,255164,80413,KAH HOOI LIM,Guaranteed Rent Scheme,1092,Premises Related Expenses     -,Rents,RBC Spreadsheet Invoice,R5872,Directorate of Economic Growth and Neighbourhood Services
Reading Borough Council,30/07/2025,254704,80414,LISA CLAIRE BAKER,Guaranteed Rent Scheme,1296,Premises Related Expenses     -,Rents,RBC Spreadsheet Invoice,R5872,Directorate of Economic Growth and Neighbourhood Services
Reading Borough Council,30/07/2025,254589,80415,PHILIP DALE,Guaranteed Rent Scheme,1649.48,Premises Related Expenses     -,Rents,RBC Spreadsheet Invoice,R5872,Directorate of Economic Growth and Neighbourhood Services
Reading Borough Council,30/07/2025,254587,80416,PHILIPPA COLLINGS,Guaranteed Rent Scheme,1092,Premises Related Expenses     -,Rents,RBC Spreadsheet Invoice,R5872,Directorate of Economic Growth and Neighbourhood Services
Reading Borough Council,30/07/2025,254588,80417,MORGAN PERRET & SARAH PERRET,Guaranteed Rent Scheme,1092,Premises Related Expenses     -,Rents,RBC Spreadsheet Invoice,R5872,Directorate of Economic Growth and Neighbourhood Services
Reading Borough Council,30/07/2025,254596,80418,ANTHONY & NASEEMA CHAWAMA,Guaranteed Rent Scheme,1296.45,Premises Related Expenses     -,Rents,RBC Spreadsheet Invoice,R5872,Directorate of Economic Growth and Neighbourhood Services
Reading Borough Council,30/07/2025,255098,80419,JULIE PROVINO,Guaranteed Rent Scheme,1092,Premises Related Expenses     -,Rents,RBC Spreadsheet Invoice,R5872,Directorate of Economic Growth and Neighbourhood Services
Reading Borough Council,30/07/2025,254602,80421,BILLY LEUNG,Guaranteed Rent Scheme,1146.86,Premises Related Expenses     -,Rents,RBC Spreadsheet Invoice,R5872,Directorate of Economic Growth and Neighbourhood Services
Reading Borough Council,30/07/2025,254615,80422,SYEDA SAMEENA AHMED,Guaranteed Rent Scheme,1640,Premises Related Expenses     -,Rents,RBC Spreadsheet Invoice,R5872,Directorate of Economic Growth and Neighbourhood Services
Reading Borough Council,30/07/2025,254741,80423,AMY & RICHARD GATES,Guaranteed Rent Scheme,1092,Premises Related Expenses     -,Rents,RBC Spreadsheet Invoice,R5872,Directorate of Economic Growth and Neighbourhood Services
Reading Borough Council,30/07/2025,254622,80424,RAYMOND ALLAN WARD,Guaranteed Rent Scheme,847.69,Premises Related Expenses     -,Rents,RBC Spreadsheet Invoice,R5872,Directorate of Economic Growth and Neighbourhood Services
Reading Borough Council,30/07/2025,254618,80425,SANJAY DESAI & INDIRA DESAI,Guaranteed Rent Scheme,1296.45,Premises Related Expenses     -,Rents,RBC Spreadsheet Invoice,R5872,Directorate of Economic Growth and Neighbourhood Services
Reading Borough Council,30/07/2025,254634,80426,JOSEPH SESAY,Guaranteed Rent Scheme,1296.45,Premises Related Expenses     -,Rents,RBC Spreadsheet Invoice,R5872,Directorate of Economic Growth and Neighbourhood Services
Reading Borough Council,30/07/2025,253103,80427,I.V CARE LTD,PS Acquired Community Services,1154.44,Third Party Payments          -,Purchased Care,RBC Mosaic Invoice,R5771,Directorate of Social Care and Health Services
Reading Borough Council,30/07/2025,253104,80427,I.V CARE LTD,PS Acquired Community Services,989.52,Third Party Payments          -,Purchased Care,RBC Mosaic Invoice,R5771,Directorate of Social Care and Health Services
Reading Borough Council,30/07/2025,253105,80427,I.V CARE LTD,PS Acquired Community Services,1036.64,Third Party Payments          -,Purchased Care,RBC Mosaic Invoice,R5771,Directorate of Social Care and Health Services
Reading Borough Council,30/07/2025,253106,80427,I.V CARE LTD,PS Acquired Community Services,2968.56,Third Party Payments          -,Purchased Care,RBC Mosaic Invoice,R5771,Directorate of Social Care and Health Services
Reading Borough Council,30/07/2025,253107,80427,I.V CARE LTD,PS Acquired Community Services,1284.02,Third Party Payments          -,Purchased Care,RBC Mosaic Invoice,R5771,Directorate of Social Care and Health Services
Reading Borough Council,30/07/2025,253110,80427,I.V CARE LTD,PS Acquired Community Services,1507.84,Third Party Payments          -,Purchased Care,RBC Mosaic Invoice,R5771,Directorate of Social Care and Health Services
Reading Borough Council,30/07/2025,253111,80427,I.V CARE LTD,LD Community Services,7821.92,Third Party Payments          -,Purchased Care,RBC Mosaic Invoice,R5741,Directorate of Social Care and Health Services
Reading Borough Council,30/07/2025,253113,80427,I.V CARE LTD,PS Acquired Community Services,1649.2,Third Party Payments          -,Purchased Care,RBC Mosaic Invoice,R5771,Directorate of Social Care and Health Services
Reading Borough Council,30/07/2025,253114,80427,I.V CARE LTD,PS Acquired Community Services,1425.38,Third Party Payments          -,Purchased Care,RBC Mosaic Invoice,R5771,Directorate of Social Care and Health Services
Reading Borough Council,30/07/2025,253115,80427,I.V CARE LTD,PS Acquired Community Services,824.6,Third Party Payments          -,Purchased Care,RBC Mosaic Invoice,R5771,Directorate of Social Care and Health Services
Reading Borough Council,30/07/2025,253117,80427,I.V CARE LTD,PS Acquired Community Services,824.6,Third Party Payments          -,Purchased Care,RBC Mosaic Invoice,R5771,Directorate of Social Care and Health Services
Reading Borough Council,30/07/2025,253118,80427,I.V CARE LTD,PS Acquired Community Services,1154.44,Third Party Payments          -,Purchased Care,RBC Mosaic Invoice,R5771,Directorate of Social Care and Health Services
Reading Borough Council,30/07/2025,253121,80427,I.V CARE LTD,PS Acquired Community Services,1484.28,Third Party Payments          -,Purchased Care,RBC Mosaic Invoice,R5771,Directorate of Social Care and Health Services
Reading Borough Council,30/07/2025,253122,80427,I.V CARE LTD,PS Acquired Community Services,1484.28,Third Party Payments          -,Purchased Care,RBC Mosaic Invoice,R5771,Directorate of Social Care and Health Services
Reading Borough Council,30/07/2025,253125,80427,I.V CARE LTD,PS Acquired Community Services,659.68,Third Party Payments          -,Purchased Care,RBC Mosaic Invoice,R5771,Directorate of Social Care and Health Services
Reading Borough Council,30/07/2025,253127,80427,I.V CARE LTD,LD Community Services,848.16,Third Party Payments          -,Purchased Care,RBC Mosaic Invoice,R5741,Directorate of Social Care and Health Services
Reading Borough Council,30/07/2025,253128,80427,I.V CARE LTD,PS Acquired Community Services,618.45,Third Party Payments          -,Purchased Care,RBC Mosaic Invoice,R5771,Directorate of Social Care and Health Services
Reading Borough Council,30/07/2025,253130,80427,I.V CARE LTD,PS Acquired Community Services,989.52,Third Party Payments          -,Purchased Care,RBC Mosaic Invoice,R5771,Directorate of Social Care and Health Services
Reading Borough Council,30/07/2025,253131,80427,I.V CARE LTD,PS Acquired Community Services,1178,Third Party Payments          -,Purchased Care,RBC Mosaic Invoice,R5771,Directorate of Social Care and Health Services
Reading Borough Council,30/07/2025,253136,80427,I.V CARE LTD,PS Acquired Community Services,989.52,Third Party Payments          -,Purchased Care,RBC Mosaic Invoice,R5771,Directorate of Social Care and Health Services
Reading Borough Council,30/07/2025,253137,80427,I.V CARE LTD,PS Acquired Community Services,1501.95,Third Party Payments          -,Purchased Care,RBC Mosaic Invoice,R5771,Directorate of Social Care and Health Services
Reading Borough Council,30/07/2025,254626,80428,MICHELLE CRITTENDEN,Guaranteed Rent Scheme,663.08,Premises Related Expenses     -,Rents,RBC Spreadsheet Invoice,R5872,Directorate of Economic Growth and Neighbourhood Services
Reading Borough Council,30/07/2025,254693,80428,MICHELLE CRITTENDEN,Guaranteed Rent Scheme,989.91,Premises Related Expenses     -,Rents,RBC Spreadsheet Invoice,R5872,Directorate of Economic Growth and Neighbourhood Services
Reading Borough Council,30/07/2025,254776,80429,DORIS TALLON,Guaranteed Rent Scheme,1092,Premises Related Expenses     -,Rents,RBC Spreadsheet Invoice,R5872,Directorate of Economic Growth and Neighbourhood Services
Reading Borough Council,30/07/2025,254633,80430,KATE NEAL,Guaranteed Rent Scheme,1296.45,Premises Related Expenses     -,Rents,RBC Spreadsheet Invoice,R5872,Directorate of Economic Growth and Neighbourhood Services
Reading Borough Council,30/07/2025,254638,80432,FRANK MADRAY,Guaranteed Rent Scheme,1296.45,Premises Related Expenses     -,Rents,RBC Spreadsheet Invoice,R5872,Directorate of Economic Growth and Neighbourhood Services
Reading Borough Council,30/07/2025,255090,80432,FRANK MADRAY,Guaranteed Rent Scheme,1092,Premises Related Expenses     -,Rents,RBC Spreadsheet Invoice,R5872,Directorate of Economic Growth and Neighbourhood Services
Reading Borough Council,30/07/2025,254686,80434,DANIEL DUNNE & TRUDIE DUNNE,Guaranteed Rent Scheme,947.4,Premises Related Expenses     -,Rents,RBC Spreadsheet Invoice,R5872,Directorate of Economic Growth and Neighbourhood Services
Reading Borough Council,30/07/2025,254658,80435,GERARD DAVIS,Guaranteed Rent Scheme,1296.45,Premises Related Expenses     -,Rents,RBC Spreadsheet Invoice,R5872,Directorate of Economic Growth and Neighbourhood Services
Reading Borough Council,30/07/2025,254793,80436,FINEWAYS PROPERTY LTD,Guaranteed Rent Scheme,847.69,Premises Related Expenses     -,Rents,RBC Spreadsheet Invoice,R5872,Directorate of Economic Growth and Neighbourhood Services
Reading Borough Council,30/07/2025,255110,80437,PATRICK & VIVIAN NWEKE,Guaranteed Rent Scheme,1296.45,Premises Related Expenses     -,Rents,RBC Spreadsheet Invoice,R5872,Directorate of Economic Growth and Neighbourhood Services
Reading Borough Council,30/07/2025,254666,80438,ROBERT WATSON & JAMIE HEPBURN,Guaranteed Rent Scheme,847,Premises Related Expenses     -,Rents,RBC Spreadsheet Invoice,R5872,Directorate of Economic Growth and Neighbourhood Services
Reading Borough Council,30/07/2025,254674,80439,SIMON GROVES,Guaranteed Rent Scheme,847.69,Premises Related Expenses     -,Rents,RBC Spreadsheet Invoice,R5872,Directorate of Economic Growth and Neighbourhood Services
Reading Borough Council,30/07/2025,255172,80440,TAIRA CATON,Guaranteed Rent Scheme,1092,Premises Related Expenses     -,Rents,RBC Spreadsheet Invoice,R5872,Directorate of Economic Growth and Neighbourhood Services
Reading Borough Council,30/07/2025,254676,80441,CLIFFORD ALMOND,Guaranteed Rent Scheme,792.83,Premises Related Expenses     -,Rents,RBC Spreadsheet Invoice,R5872,Directorate of Economic Growth and Neighbourhood Services
Reading Borough Council,30/07/2025,254677,80442,TREVOR FITZPATRICK-BROWNE,Guaranteed Rent Scheme,847.69,Premises Related Expenses     -,Rents,RBC Spreadsheet Invoice,R5872,Directorate of Economic Growth and Neighbourhood Services
Reading Borough Council,30/07/2025,254690,80443,MITCHELL & JOANNE TOWNSEND,Guaranteed Rent Scheme,1296.45,Premises Related Expenses     -,Rents,RBC Spreadsheet Invoice,R5872,Directorate of Economic Growth and Neighbourhood Services
Reading Borough Council,30/07/2025,254684,80444,MR RICHARD GRAHAM,Guaranteed Rent Scheme,1296.45,Premises Related Expenses     -,Rents,RBC Spreadsheet Invoice,R5872,Directorate of Economic Growth and Neighbourhood Services
Reading Borough Council,30/07/2025,255074,80446,RUKHSANA BUTT,Guaranteed Rent Scheme,1092,Premises Related Expenses     -,Rents,RBC Spreadsheet Invoice,R5872,Directorate of Economic Growth and Neighbourhood Services
Reading Borough Council,30/07/2025,255197,80447,JUDRIN PHILLIPS,Guaranteed Rent Scheme,1296.45,Premises Related Expenses     -,Rents,RBC Spreadsheet Invoice,R5872,Directorate of Economic Growth and Neighbourhood Services
Reading Borough Council,30/07/2025,254687,80448,ALLEN YOUNG,Guaranteed Rent Scheme,847.69,Premises Related Expenses     -,Rents,RBC Spreadsheet Invoice,R5872,Directorate of Economic Growth and Neighbourhood Services
Reading Borough Council,30/07/2025,254721,80449,MARIANNE IBRAHIM,Guaranteed Rent Scheme,1296.25,Premises Related Expenses     -,Rents,RBC Spreadsheet Invoice,R5872,Directorate of Economic Growth and Neighbourhood Services
Reading Borough Council,30/07/2025,254700,80450,AF PROPERTY LTD,Guaranteed Rent Scheme,1146.86,Premises Related Expenses     -,Rents,RBC Spreadsheet Invoice,R5872,Directorate of Economic Growth and Neighbourhood Services
Reading Borough Council,30/07/2025,254714,80451,MICHAEL HOLT,Guaranteed Rent Scheme,1520,Premises Related Expenses     -,Rents,RBC Spreadsheet Invoice,R5872,Directorate of Economic Growth and Neighbourhood Services
Reading Borough Council,30/07/2025,254701,80452,SUCHETA MULLICK,Guaranteed Rent Scheme,1092,Premises Related Expenses     -,Rents,RBC Spreadsheet Invoice,R5872,Directorate of Economic Growth and Neighbourhood Services
Reading Borough Council,30/07/2025,254830,80453,MELODIE CHILD & DANIEL GRIFFITH,Guaranteed Rent Scheme,1092,Premises Related Expenses     -,Rents,RBC Spreadsheet Invoice,R5872,Directorate of Economic Growth and Neighbourhood Services
Reading Borough Council,30/07/2025,254712,80454,EURETTA HUTCHINSON,Guaranteed Rent Scheme,1092,Premises Related Expenses     -,Rents,RBC Spreadsheet Invoice,R5872,Directorate of Economic Growth and Neighbourhood Services
Reading Borough Council,30/07/2025,254818,80454,EURETTA HUTCHINSON,Guaranteed Rent Scheme,1296.45,Premises Related Expenses     -,Rents,RBC Spreadsheet Invoice,R5872,Directorate of Economic Growth and Neighbourhood Services
Reading Borough Council,30/07/2025,254708,80455,ROSE MENEZES,Guaranteed Rent Scheme,1649.48,Premises Related Expenses     -,Rents,RBC Spreadsheet Invoice,R5872,Directorate of Economic Growth and Neighbourhood Services
Reading Borough Council,30/07/2025,255247,80456,SHARON & ROYDEL ROBINSON,Guaranteed Rent Scheme,897.54,Premises Related Expenses     -,Rents,RBC Spreadsheet Invoice,R5872,Directorate of Economic Growth and Neighbourhood Services
Reading Borough Council,30/07/2025,255248,80456,SHARON & ROYDEL ROBINSON,Guaranteed Rent Scheme,1296.45,Premises Related Expenses     -,Rents,RBC Spreadsheet Invoice,R5872,Directorate of Economic Growth and Neighbourhood Services
Reading Borough Council,30/07/2025,254718,80457,TONI HENDERSON,Guaranteed Rent Scheme,847.69,Premises Related Expenses     -,Rents,RBC Spreadsheet Invoice,R5872,Directorate of Economic Growth and Neighbourhood Services
Reading Borough Council,30/07/2025,254719,80457,TONI HENDERSON,Guaranteed Rent Scheme,847.69,Premises Related Expenses     -,Rents,RBC Spreadsheet Invoice,R5872,Directorate of Economic Growth and Neighbourhood Services
Reading Borough Council,30/07/2025,254906,80457,TONI HENDERSON,Guaranteed Rent Scheme,847.69,Premises Related Expenses     -,Rents,RBC Spreadsheet Invoice,R5872,Directorate of Economic Growth and Neighbourhood Services
Reading Borough Council,30/07/2025,254720,80458,JULIE HOGAN,Guaranteed Rent Scheme,847.69,Premises Related Expenses     -,Rents,RBC Spreadsheet Invoice,R5872,Directorate of Economic Growth and Neighbourhood Services
Reading Borough Council,30/07/2025,254728,80459,SUMANA SEEBORUTH,Guaranteed Rent Scheme,1296.45,Premises Related Expenses     -,Rents,RBC Spreadsheet Invoice,R5872,Directorate of Economic Growth and Neighbourhood Services
Reading Borough Council,30/07/2025,254730,80460,ANDREW BYNOE & DENNY LEWIS-BYNOE,Guaranteed Rent Scheme,1092,Premises Related Expenses     -,Rents,RBC Spreadsheet Invoice,R5872,Directorate of Economic Growth and Neighbourhood Services
Reading Borough Council,30/07/2025,254971,80461,LAURA BULLION,Guaranteed Rent Scheme,847.69,Premises Related Expenses     -,Rents,RBC Spreadsheet Invoice,R5872,Directorate of Economic Growth and Neighbourhood Services
Reading Borough Council,30/07/2025,254726,80462,RICHARD GRAHAM AND EMMA GRAHAM,Guaranteed Rent Scheme,1092,Premises Related Expenses     -,Rents,RBC Spreadsheet Invoice,R5872,Directorate of Economic Growth and Neighbourhood Services
Reading Borough Council,30/07/2025,254727,80463,ADAM PERRYMAN,Guaranteed Rent Scheme,847,Premises Related Expenses     -,Rents,RBC Spreadsheet Invoice,R5872,Directorate of Economic Growth and Neighbourhood Services
Reading Borough Council,30/07/2025,254740,80464,HOMES COUNTRYWIDE LTD,Guaranteed Rent Scheme,1649.48,Premises Related Expenses     -,Rents,RBC Spreadsheet Invoice,R5872,Directorate of Economic Growth and Neighbourhood Services
Reading Borough Council,30/07/2025,254759,80465,ANDREW SEARS,Guaranteed Rent Scheme,1092,Premises Related Expenses     -,Rents,RBC Spreadsheet Invoice,R5872,Directorate of Economic Growth and Neighbourhood Services
Reading Borough Council,30/07/2025,254744,80466,DEBORAH COURTNAGE,Guaranteed Rent Scheme,1296.45,Premises Related Expenses     -,Rents,RBC Spreadsheet Invoice,R5872,Directorate of Economic Growth and Neighbourhood Services
Reading Borough Council,30/07/2025,254735,80467,MARC VAN ACKER + FABRICE GHIOTTO,Guaranteed Rent Scheme,847.69,Premises Related Expenses     -,Rents,RBC Spreadsheet Invoice,R5872,Directorate of Economic Growth and Neighbourhood Services
Reading Borough Council,30/07/2025,254734,80468,ZOE WAREHAM,Guaranteed Rent Scheme,847.69,Premises Related Expenses     -,Rents,RBC Spreadsheet Invoice,R5872,Directorate of Economic Growth and Neighbourhood Services
Reading Borough Council,30/07/2025,254752,80469,RATNA GHOSH,Guaranteed Rent Scheme,1092,Premises Related Expenses     -,Rents,RBC Spreadsheet Invoice,R5872,Directorate of Economic Growth and Neighbourhood Services
Reading Borough Council,30/07/2025,254745,80470,RAJENDRA SHAH,Guaranteed Rent Scheme,1092,Premises Related Expenses     -,Rents,RBC Spreadsheet Invoice,R5872,Directorate of Economic Growth and Neighbourhood Services
Reading Borough Council,30/07/2025,255017,80470,RAJENDRA SHAH,Guaranteed Rent Scheme,1092,Premises Related Expenses     -,Rents,RBC Spreadsheet Invoice,R5872,Directorate of Economic Growth and Neighbourhood Services
Reading Borough Council,30/07/2025,254746,80471,CHRISTOPHER DEAN,Guaranteed Rent Scheme,792.83,Premises Related Expenses     -,Rents,RBC Spreadsheet Invoice,R5872,Directorate of Economic Growth and Neighbourhood Services
Reading Borough Council,30/07/2025,250849,80472,SALIS CARE LTD,Social Support,4453.48,Third Party Payments          -,Purchased Care,RBC Mosaic Invoice,R5790,Directorate of Social Care and Health Services
Reading Borough Council,30/07/2025,250850,80472,SALIS CARE LTD,LD Community Services,6379.76,Third Party Payments          -,Purchased Care,RBC Mosaic Invoice,R5741,Directorate of Social Care and Health Services
Reading Borough Council,30/07/2025,255009,80473,BALVER SINGH,Guaranteed Rent Scheme,1649.48,Premises Related Expenses     -,Rents,RBC Spreadsheet Invoice,R5872,Directorate of Economic Growth and Neighbourhood Services
Reading Borough Council,30/07/2025,254766,80474,MICHAEL JONES & MARY JONES,Guaranteed Rent Scheme,1649.48,Premises Related Expenses     -,Rents,RBC Spreadsheet Invoice,R5872,Directorate of Economic Growth and Neighbourhood Services
Reading Borough Council,30/07/2025,254768,80475,MARTIN BROWN,Guaranteed Rent Scheme,1092,Premises Related Expenses     -,Rents,RBC Spreadsheet Invoice,R5872,Directorate of Economic Growth and Neighbourhood Services
Reading Borough Council,30/07/2025,254774,80476,LAWRENCE TAYLOR,Guaranteed Rent Scheme,1092,Premises Related Expenses     -,Rents,RBC Spreadsheet Invoice,R5872,Directorate of Economic Growth and Neighbourhood Services
Reading Borough Council,30/07/2025,254772,80477,LANGHAMS PARTNERSHIP LTD,Guaranteed Rent Scheme,880.53,Premises Related Expenses     -,Rents,RBC Spreadsheet Invoice,R5872,Directorate of Economic Growth and Neighbourhood Services
Reading Borough Council,30/07/2025,254984,80478,MITCHESONS LTD,Guaranteed Rent Scheme,1296,Premises Related Expenses     -,Rents,RBC Spreadsheet Invoice,R5872,Directorate of Economic Growth and Neighbourhood Services
Reading Borough Council,30/07/2025,254775,80479,ALKA BAHUGUNA,Guaranteed Rent Scheme,1092,Premises Related Expenses     -,Rents,RBC Spreadsheet Invoice,R5872,Directorate of Economic Growth and Neighbourhood Services
Reading Borough Council,30/07/2025,254945,80480,RABIA BUTT,Guaranteed Rent Scheme,1092,Premises Related Expenses     -,Rents,RBC Spreadsheet Invoice,R5872,Directorate of Economic Growth and Neighbourhood Services
Reading Borough Council,30/07/2025,254789,80481,LOLA MONICA SMITH,Guaranteed Rent Scheme,847.69,Premises Related Expenses     -,Rents,RBC Spreadsheet Invoice,R5872,Directorate of Economic Growth and Neighbourhood Services
Reading Borough Council,30/07/2025,254787,80482,JEFFREY UNSWORTH & NEENA PATEL,Guaranteed Rent Scheme,1092,Premises Related Expenses     -,Rents,RBC Spreadsheet Invoice,R5872,Directorate of Economic Growth and Neighbourhood Services
Reading Borough Council,30/07/2025,254783,80483,JASVIR SINGH,Guaranteed Rent Scheme,1092,Premises Related Expenses     -,Rents,RBC Spreadsheet Invoice,R5872,Directorate of Economic Growth and Neighbourhood Services
Reading Borough Council,30/07/2025,254786,80484,SIMON O'BRIEN,Guaranteed Rent Scheme,1296.45,Premises Related Expenses     -,Rents,RBC Spreadsheet Invoice,R5872,Directorate of Economic Growth and Neighbourhood Services
Reading Borough Council,30/07/2025,255215,80485,JOHN LYNCH,Guaranteed Rent Scheme,847.69,Premises Related Expenses     -,Rents,RBC Spreadsheet Invoice,R5872,Directorate of Economic Growth and Neighbourhood Services
Reading Borough Council,30/07/2025,254784,80486,TIMOTHY PAUL CARTER,Guaranteed Rent Scheme,1092,Premises Related Expenses     -,Rents,RBC Spreadsheet Invoice,R5872,Directorate of Economic Growth and Neighbourhood Services
Reading Borough Council,30/07/2025,254788,80487,MARK PARMENTER,Guaranteed Rent Scheme,847.69,Premises Related Expenses     -,Rents,RBC Spreadsheet Invoice,R5872,Directorate of Economic Growth and Neighbourhood Services
Reading Borough Council,30/07/2025,254790,80488,ASHWANI ANAND,Guaranteed Rent Scheme,1092,Premises Related Expenses     -,Rents,RBC Spreadsheet Invoice,R5872,Directorate of Economic Growth and Neighbourhood Services
Reading Borough Council,30/07/2025,254879,80489,REBECCA TAYNTON,Guaranteed Rent Scheme,947.4,Premises Related Expenses     -,Rents,RBC Spreadsheet Invoice,R5872,Directorate of Economic Growth and Neighbourhood Services
Reading Borough Council,30/07/2025,254798,80490,GVA PROPERTIES LTD,Guaranteed Rent Scheme,847.69,Premises Related Expenses     -,Rents,RBC Spreadsheet Invoice,R5872,Directorate of Economic Growth and Neighbourhood Services
Reading Borough Council,30/07/2025,254797,80491,BRIJ BHARATI & ALKA BAHUGUNA,Guaranteed Rent Scheme,1092,Premises Related Expenses     -,Rents,RBC Spreadsheet Invoice,R5872,Directorate of Economic Growth and Neighbourhood Services
Reading Borough Council,30/07/2025,255016,80492,VTS SERVICES & CONSULTING LTD,Guaranteed Rent Scheme,1092,Premises Related Expenses     -,Rents,RBC Spreadsheet Invoice,R5872,Directorate of Economic Growth and Neighbourhood Services
Reading Borough Council,30/07/2025,254838,80493,CYRILENE TOLLAFIELD-SMALL,Guaranteed Rent Scheme,1092,Premises Related Expenses     -,Rents,RBC Spreadsheet Invoice,R5872,Directorate of Economic Growth and Neighbourhood Services
Reading Borough Council,30/07/2025,254802,80494,NICOLA BUTLER,Guaranteed Rent Scheme,792.83,Premises Related Expenses     -,Rents,RBC Spreadsheet Invoice,R5872,Directorate of Economic Growth and Neighbourhood Services
Reading Borough Council,30/07/2025,254803,80495,REDACTED,Guaranteed Rent Scheme,1006.72,Premises Related Expenses     -,Rents,RBC Spreadsheet Invoice,R5872,Directorate of Economic Growth and Neighbourhood Services
Reading Borough Council,30/07/2025,254872,80496,GURINDER KAUR JUTLAY,Guaranteed Rent Scheme,847.69,Premises Related Expenses     -,Rents,RBC Spreadsheet Invoice,R5872,Directorate of Economic Growth and Neighbourhood Services
Reading Borough Council,30/07/2025,254875,80496,GURINDER KAUR JUTLAY,Guaranteed Rent Scheme,847.69,Premises Related Expenses     -,Rents,RBC Spreadsheet Invoice,R5872,Directorate of Economic Growth and Neighbourhood Services
Reading Borough Council,30/07/2025,255204,80496,GURINDER KAUR JUTLAY,Guaranteed Rent Scheme,1092,Premises Related Expenses     -,Rents,RBC Spreadsheet Invoice,R5872,Directorate of Economic Growth and Neighbourhood Services
Reading Borough Council,30/07/2025,254819,80497,SAID KAMAL HASHEMI,Guaranteed Rent Scheme,1296.45,Premises Related Expenses     -,Rents,RBC Spreadsheet Invoice,R5872,Directorate of Economic Growth and Neighbourhood Services
Reading Borough Council,30/07/2025,254939,80498,MISS N H PEARSON,Guaranteed Rent Scheme,1092,Premises Related Expenses     -,Rents,RBC Spreadsheet Invoice,R5872,Directorate of Economic Growth and Neighbourhood Services
Reading Borough Council,30/07/2025,254812,80499,WASEEM ZAKIR,Guaranteed Rent Scheme,1296.45,Premises Related Expenses     -,Rents,RBC Spreadsheet Invoice,R5872,Directorate of Economic Growth and Neighbourhood Services
Reading Borough Council,30/07/2025,254815,80500,THAMES VALLEY MOTS,Guaranteed Rent Scheme,880.53,Premises Related Expenses     -,Rents,RBC Spreadsheet Invoice,R5872,Directorate of Economic Growth and Neighbourhood Services
Reading Borough Council,30/07/2025,254828,80501,MRS V C MORRIS & MRS P J MORRIS,Guaranteed Rent Scheme,1092,Premises Related Expenses     -,Rents,RBC Spreadsheet Invoice,R5872,Directorate of Economic Growth and Neighbourhood Services
Reading Borough Council,30/07/2025,254868,80501,MRS V C MORRIS & MRS P J MORRIS,Guaranteed Rent Scheme,847.69,Premises Related Expenses     -,Rents,RBC Spreadsheet Invoice,R5872,Directorate of Economic Growth and Neighbourhood Services
Reading Borough Council,30/07/2025,254845,80502,JON HUNDY,Guaranteed Rent Scheme,1092,Premises Related Expenses     -,Rents,RBC Spreadsheet Invoice,R5872,Directorate of Economic Growth and Neighbourhood Services
Reading Borough Council,30/07/2025,254826,80503,MARK COOMBES,Guaranteed Rent Scheme,847.69,Premises Related Expenses     -,Rents,RBC Spreadsheet Invoice,R5872,Directorate of Economic Growth and Neighbourhood Services
Reading Borough Council,30/07/2025,254829,80503,MARK COOMBES,Guaranteed Rent Scheme,847.69,Premises Related Expenses     -,Rents,RBC Spreadsheet Invoice,R5872,Directorate of Economic Growth and Neighbourhood Services
Reading Borough Council,30/07/2025,254905,80503,MARK COOMBES,Guaranteed Rent Scheme,847.69,Premises Related Expenses     -,Rents,RBC Spreadsheet Invoice,R5872,Directorate of Economic Growth and Neighbourhood Services
Reading Borough Council,30/07/2025,254968,80503,MARK COOMBES,Guaranteed Rent Scheme,847.69,Premises Related Expenses     -,Rents,RBC Spreadsheet Invoice,R5872,Directorate of Economic Growth and Neighbourhood Services
Reading Borough Council,30/07/2025,255120,80503,MARK COOMBES,Guaranteed Rent Scheme,847.69,Premises Related Expenses     -,Rents,RBC Spreadsheet Invoice,R5872,Directorate of Economic Growth and Neighbourhood Services
Reading Borough Council,30/07/2025,254824,80504,ANDY MEIGHEN,Guaranteed Rent Scheme,792.83,Premises Related Expenses     -,Rents,RBC Spreadsheet Invoice,R5872,Directorate of Economic Growth and Neighbourhood Services
Reading Borough Council,30/07/2025,254850,80504,ANDY MEIGHEN,Guaranteed Rent Scheme,792.83,Premises Related Expenses     -,Rents,RBC Spreadsheet Invoice,R5872,Directorate of Economic Growth and Neighbourhood Services
Reading Borough Council,30/07/2025,254836,80505,JENNIFER STAYTE,Guaranteed Rent Scheme,880.53,Premises Related Expenses     -,Rents,RBC Spreadsheet Invoice,R5872,Directorate of Economic Growth and Neighbourhood Services
Reading Borough Council,30/07/2025,175356,80506,RICHARD CARROLL,JLT Disbursements,600,Supplies and Services         -,External Legal Services,RBC Standard Invoice,R2407,Directorate of Resources
Reading Borough Council,30/07/2025,254832,80507,JIN YAN HE,Guaranteed Rent Scheme,1092,Premises Related Expenses     -,Rents,RBC Spreadsheet Invoice,R5872,Directorate of Economic Growth and Neighbourhood Services
Reading Borough Council,30/07/2025,254936,80507,JIN YAN HE,Guaranteed Rent Scheme,1649.48,Premises Related Expenses     -,Rents,RBC Spreadsheet Invoice,R5872,Directorate of Economic Growth and Neighbourhood Services
Reading Borough Council,30/07/2025,255143,80508,BRADLEY HAMBRIDGE,Guaranteed Rent Scheme,1092,Premises Related Expenses     -,Rents,RBC Spreadsheet Invoice,R5872,Directorate of Economic Growth and Neighbourhood Services
Reading Borough Council,30/07/2025,254839,80509,HEATHER GINETTE MILLER SIMPSON,Guaranteed Rent Scheme,847.69,Premises Related Expenses     -,Rents,RBC Spreadsheet Invoice,R5872,Directorate of Economic Growth and Neighbourhood Services
Reading Borough Council,30/07/2025,254992,80510,HUI JUN YONG & KAH HOOI LIM,Guaranteed Rent Scheme,847.69,Premises Related Expenses     -,Rents,RBC Spreadsheet Invoice,R5872,Directorate of Economic Growth and Neighbourhood Services
Reading Borough Council,30/07/2025,254844,80511,TANYA KYNASTON,Guaranteed Rent Scheme,830.53,Premises Related Expenses     -,Rents,RBC Spreadsheet Invoice,R5872,Directorate of Economic Growth and Neighbourhood Services
Reading Borough Council,30/07/2025,254994,80512,ELIZABETH BEWKETU,Guaranteed Rent Scheme,1146.86,Premises Related Expenses     -,Rents,RBC Spreadsheet Invoice,R5872,Directorate of Economic Growth and Neighbourhood Services
Reading Borough Council,30/07/2025,255195,80513,CHRIS HARDING,Guaranteed Rent Scheme,1092,Premises Related Expenses     -,Rents,RBC Spreadsheet Invoice,R5872,Directorate of Economic Growth and Neighbourhood Services
Reading Borough Council,30/07/2025,254864,80514,DANIEL SAWYERS,Guaranteed Rent Scheme,1649.48,Premises Related Expenses     -,Rents,RBC Spreadsheet Invoice,R5872,Directorate of Economic Growth and Neighbourhood Services
Reading Borough Council,30/07/2025,255129,80514,DANIEL SAWYERS,Guaranteed Rent Scheme,1092,Premises Related Expenses     -,Rents,RBC Spreadsheet Invoice,R5872,Directorate of Economic Growth and Neighbourhood Services
Reading Borough Council,30/07/2025,254861,80515,READING ALMSHOUSE CHARITY,Guaranteed Rent Scheme,729,Premises Related Expenses     -,Rents,RBC Spreadsheet Invoice,R5872,Directorate of Economic Growth and Neighbourhood Services
Reading Borough Council,30/07/2025,254863,80516,LISA JONES-ALLEN,Guaranteed Rent Scheme,694.59,Premises Related Expenses     -,Rents,RBC Spreadsheet Invoice,R5872,Directorate of Economic Growth and Neighbourhood Services
Reading Borough Council,30/07/2025,254877,80517,VX KVA LTD,Guaranteed Rent Scheme,847.69,Premises Related Expenses     -,Rents,RBC Spreadsheet Invoice,R5872,Directorate of Economic Growth and Neighbourhood Services
Reading Borough Council,30/07/2025,254867,80518,LYNN & ROBERT ELEY,Guaranteed Rent Scheme,847.69,Premises Related Expenses     -,Rents,RBC Spreadsheet Invoice,R5872,Directorate of Economic Growth and Neighbourhood Services
Reading Borough Council,30/07/2025,254874,80519,ELAINE VAN DER KAMP,Guaranteed Rent Scheme,847.69,Premises Related Expenses     -,Rents,RBC Spreadsheet Invoice,R5872,Directorate of Economic Growth and Neighbourhood Services
Reading Borough Council,30/07/2025,254890,80520,MELANIE SAUNDERS,Guaranteed Rent Scheme,1545.74,Premises Related Expenses     -,Rents,RBC Spreadsheet Invoice,R5872,Directorate of Economic Growth and Neighbourhood Services
Reading Borough Council,30/07/2025,254882,80521,H Y ESTATE LTD,Guaranteed Rent Scheme,847.69,Premises Related Expenses     -,Rents,RBC Spreadsheet Invoice,R5872,Directorate of Economic Growth and Neighbourhood Services
Reading Borough Council,30/07/2025,254885,80521,H Y ESTATE LTD,Guaranteed Rent Scheme,847.69,Premises Related Expenses     -,Rents,RBC Spreadsheet Invoice,R5872,Directorate of Economic Growth and Neighbourhood Services
Reading Borough Council,30/07/2025,255239,80521,H Y ESTATE LTD,Guaranteed Rent Scheme,1092,Premises Related Expenses     -,Rents,RBC Spreadsheet Invoice,R5872,Directorate of Economic Growth and Neighbourhood Services
Reading Borough Council,30/07/2025,254904,80522,BAIJU KRISHNAN & SUNISHA BAIJU,Guaranteed Rent Scheme,1092,Premises Related Expenses     -,Rents,RBC Spreadsheet Invoice,R5872,Directorate of Economic Growth and Neighbourhood Services
Reading Borough Council,30/07/2025,254894,80523,MR & MRS D FAWZY,Guaranteed Rent Scheme,1092,Premises Related Expenses     -,Rents,RBC Spreadsheet Invoice,R5872,Directorate of Economic Growth and Neighbourhood Services
Reading Borough Council,30/07/2025,254893,80524,SHANE RYAN POWELL,Guaranteed Rent Scheme,847.69,Premises Related Expenses     -,Rents,RBC Spreadsheet Invoice,R5872,Directorate of Economic Growth and Neighbourhood Services
Reading Borough Council,30/07/2025,254908,80525,PETER BANJO,Guaranteed Rent Scheme,1092,Premises Related Expenses     -,Rents,RBC Spreadsheet Invoice,R5872,Directorate of Economic Growth and Neighbourhood Services
Reading Borough Council,30/07/2025,254915,80526,MELISSA DIXON,Guaranteed Rent Scheme,1092,Premises Related Expenses     -,Rents,RBC Spreadsheet Invoice,R5872,Directorate of Economic Growth and Neighbourhood Services
Reading Borough Council,30/07/2025,254973,80527,UREEN MARGARET VAUGHAN,Guaranteed Rent Scheme,1296.45,Premises Related Expenses     -,Rents,RBC Spreadsheet Invoice,R5872,Directorate of Economic Growth and Neighbourhood Services
Reading Borough Council,30/07/2025,254933,80528,MAIWAND SHERZAD,Guaranteed Rent Scheme,1296.45,Premises Related Expenses     -,Rents,RBC Spreadsheet Invoice,R5872,Directorate of Economic Growth and Neighbourhood Services
Reading Borough Council,30/07/2025,255088,80528,MAIWAND SHERZAD,Guaranteed Rent Scheme,1649.48,Premises Related Expenses     -,Rents,RBC Spreadsheet Invoice,R5872,Directorate of Economic Growth and Neighbourhood Services
Reading Borough Council,30/07/2025,254938,80529,ILKNUR AKKAYA,Guaranteed Rent Scheme,1092,Premises Related Expenses     -,Rents,RBC Spreadsheet Invoice,R5872,Directorate of Economic Growth and Neighbourhood Services
Reading Borough Council,30/07/2025,254946,80530,SHAZIA SHAH,Guaranteed Rent Scheme,1296.45,Premises Related Expenses     -,Rents,RBC Spreadsheet Invoice,R5872,Directorate of Economic Growth and Neighbourhood Services
Reading Borough Council,30/07/2025,254948,80531,MR + MRS QADRI,Guaranteed Rent Scheme,847.69,Premises Related Expenses     -,Rents,RBC Spreadsheet Invoice,R5872,Directorate of Economic Growth and Neighbourhood Services
Reading Borough Council,30/07/2025,254952,80532,"R, P, F, C GRAHAM",Guaranteed Rent Scheme,792.83,Premises Related Expenses     -,Rents,RBC Spreadsheet Invoice,R5872,Directorate of Economic Growth and Neighbourhood Services
Reading Borough Council,30/07/2025,254951,80533,BARRY GODDEN,Guaranteed Rent Scheme,847.69,Premises Related Expenses     -,Rents,RBC Spreadsheet Invoice,R5872,Directorate of Economic Growth and Neighbourhood Services
Reading Borough Council,30/07/2025,255209,80533,BARRY GODDEN,Guaranteed Rent Scheme,847.69,Premises Related Expenses     -,Rents,RBC Spreadsheet Invoice,R5872,Directorate of Economic Growth and Neighbourhood Services
Reading Borough Council,30/07/2025,254691,80534,RAMSES REAL ESTATE LTD,Guaranteed Rent Scheme,1092,Premises Related Expenses     -,Rents,RBC Spreadsheet Invoice,R5872,Directorate of Economic Growth and Neighbourhood Services
Reading Borough Council,30/07/2025,254960,80535,MICHELLE CUSHION,Guaranteed Rent Scheme,847.69,Premises Related Expenses     -,Rents,RBC Spreadsheet Invoice,R5872,Directorate of Economic Growth and Neighbourhood Services
Reading Borough Council,30/07/2025,254963,80536,HAZEL STRONG,Guaranteed Rent Scheme,1092,Premises Related Expenses     -,Rents,RBC Spreadsheet Invoice,R5872,Directorate of Economic Growth and Neighbourhood Services
Reading Borough Council,30/07/2025,254964,80536,HAZEL STRONG,Guaranteed Rent Scheme,1092,Premises Related Expenses     -,Rents,RBC Spreadsheet Invoice,R5872,Directorate of Economic Growth and Neighbourhood Services
Reading Borough Council,30/07/2025,254961,80537,FORREST PROPERTY SERVICES LTD,Guaranteed Rent Scheme,694.59,Premises Related Expenses     -,Rents,RBC Spreadsheet Invoice,R5872,Directorate of Economic Growth and Neighbourhood Services
Reading Borough Council,30/07/2025,255214,80538,BARBARA MCGUIRE,Guaranteed Rent Scheme,1092,Premises Related Expenses     -,Rents,RBC Spreadsheet Invoice,R5872,Directorate of Economic Growth and Neighbourhood Services
Reading Borough Council,30/07/2025,254975,80539,EUNICE ASIEDU,Guaranteed Rent Scheme,642.75,Premises Related Expenses     -,Rents,RBC Spreadsheet Invoice,R5872,Directorate of Economic Growth and Neighbourhood Services
Reading Borough Council,30/07/2025,254978,80541,GRAHAM + GRAHAM BUILDERS LTD,Guaranteed Rent Scheme,1092,Premises Related Expenses     -,Rents,RBC Spreadsheet Invoice,R5872,Directorate of Economic Growth and Neighbourhood Services
Reading Borough Council,30/07/2025,254990,80543,INFINIDEV LTD,Guaranteed Rent Scheme,847.69,Premises Related Expenses     -,Rents,RBC Spreadsheet Invoice,R5872,Directorate of Economic Growth and Neighbourhood Services
Reading Borough Council,30/07/2025,254988,80544,WYONNIE HASTINGS,Guaranteed Rent Scheme,847.69,Premises Related Expenses     -,Rents,RBC Spreadsheet Invoice,R5872,Directorate of Economic Growth and Neighbourhood Services
Reading Borough Council,30/07/2025,254986,80545,RJS PROPS LTD C/O ROSANNE SHOCOT,Guaranteed Rent Scheme,1649.48,Premises Related Expenses     -,Rents,RBC Spreadsheet Invoice,R5872,Directorate of Economic Growth and Neighbourhood Services
Reading Borough Council,30/07/2025,254935,80546,FAYE REYNOLDS,Guaranteed Rent Scheme,1092,Premises Related Expenses     -,Rents,RBC Spreadsheet Invoice,R5872,Directorate of Economic Growth and Neighbourhood Services
Reading Borough Council,30/07/2025,254996,80547,PETAR BUKATAREVIC & NATASA CIRIC BUKAT,Guaranteed Rent Scheme,947.4,Premises Related Expenses     -,Rents,RBC Spreadsheet Invoice,R5872,Directorate of Economic Growth and Neighbourhood Services
Reading Borough Council,30/07/2025,254547,80548,REBECCA (BECKY) ALEXANDER,Guaranteed Rent Scheme,1296.45,Premises Related Expenses     -,Rents,RBC Spreadsheet Invoice,R5872,Directorate of Economic Growth and Neighbourhood Services
Reading Borough Council,30/07/2025,254997,80549,BRIEYA SERVICES LTD,Guaranteed Rent Scheme,847.69,Premises Related Expenses     -,Rents,RBC Spreadsheet Invoice,R5872,Directorate of Economic Growth and Neighbourhood Services
Reading Borough Council,30/07/2025,254999,80550,ABDUL JOHN KABIR,Guaranteed Rent Scheme,1092,Premises Related Expenses     -,Rents,RBC Spreadsheet Invoice,R5872,Directorate of Economic Growth and Neighbourhood Services
Reading Borough Council,30/07/2025,255010,80551,LUKMAN MOHAMED,Guaranteed Rent Scheme,847.69,Premises Related Expenses     -,Rents,RBC Spreadsheet Invoice,R5872,Directorate of Economic Growth and Neighbourhood Services
Reading Borough Council,30/07/2025,255003,80552,MIRIAM THOMPSON,Guaranteed Rent Scheme,1296.45,Premises Related Expenses     -,Rents,RBC Spreadsheet Invoice,R5872,Directorate of Economic Growth and Neighbourhood Services
Reading Borough Council,30/07/2025,255012,80553,CHRISTIAN ANDREOU,Guaranteed Rent Scheme,1092,Premises Related Expenses     -,Rents,RBC Spreadsheet Invoice,R5872,Directorate of Economic Growth and Neighbourhood Services
Reading Borough Council,30/07/2025,255018,80554,NATIVE RESIDENTIAL LTD,Guaranteed Rent Scheme,947.4,Premises Related Expenses     -,Rents,RBC Spreadsheet Invoice,R5872,Directorate of Economic Growth and Neighbourhood Services
Reading Borough Council,30/07/2025,255019,80554,NATIVE RESIDENTIAL LTD,Guaranteed Rent Scheme,847.69,Premises Related Expenses     -,Rents,RBC Spreadsheet Invoice,R5872,Directorate of Economic Growth and Neighbourhood Services
Reading Borough Council,30/07/2025,255020,80554,NATIVE RESIDENTIAL LTD,Guaranteed Rent Scheme,947.4,Premises Related Expenses     -,Rents,RBC Spreadsheet Invoice,R5872,Directorate of Economic Growth and Neighbourhood Services
Reading Borough Council,30/07/2025,255021,80554,NATIVE RESIDENTIAL LTD,Guaranteed Rent Scheme,1092,Premises Related Expenses     -,Rents,RBC Spreadsheet Invoice,R5872,Directorate of Economic Growth and Neighbourhood Services
Reading Borough Council,30/07/2025,255022,80554,NATIVE RESIDENTIAL LTD,Guaranteed Rent Scheme,1092,Premises Related Expenses     -,Rents,RBC Spreadsheet Invoice,R5872,Directorate of Economic Growth and Neighbourhood Services
Reading Borough Council,30/07/2025,255023,80554,NATIVE RESIDENTIAL LTD,Guaranteed Rent Scheme,1092,Premises Related Expenses     -,Rents,RBC Spreadsheet Invoice,R5872,Directorate of Economic Growth and Neighbourhood Services
Reading Borough Council,30/07/2025,255026,80554,NATIVE RESIDENTIAL LTD,Guaranteed Rent Scheme,947.4,Premises Related Expenses     -,Rents,RBC Spreadsheet Invoice,R5872,Directorate of Economic Growth and Neighbourhood Services
Reading Borough Council,30/07/2025,255037,80554,NATIVE RESIDENTIAL LTD,Guaranteed Rent Scheme,792.83,Premises Related Expenses     -,Rents,RBC Spreadsheet Invoice,R5872,Directorate of Economic Growth and Neighbourhood Services
Reading Borough Council,30/07/2025,255052,80554,NATIVE RESIDENTIAL LTD,Guaranteed Rent Scheme,947.4,Premises Related Expenses     -,Rents,RBC Spreadsheet Invoice,R5872,Directorate of Economic Growth and Neighbourhood Services
Reading Borough Council,30/07/2025,255053,80554,NATIVE RESIDENTIAL LTD,Guaranteed Rent Scheme,792.83,Premises Related Expenses     -,Rents,RBC Spreadsheet Invoice,R5872,Directorate of Economic Growth and Neighbourhood Services
Reading Borough Council,30/07/2025,255054,80554,NATIVE RESIDENTIAL LTD,Guaranteed Rent Scheme,947.4,Premises Related Expenses     -,Rents,RBC Spreadsheet Invoice,R5872,Directorate of Economic Growth and Neighbourhood Services
Reading Borough Council,30/07/2025,255055,80554,NATIVE RESIDENTIAL LTD,Guaranteed Rent Scheme,947.4,Premises Related Expenses     -,Rents,RBC Spreadsheet Invoice,R5872,Directorate of Economic Growth and Neighbourhood Services
Reading Borough Council,30/07/2025,255056,80554,NATIVE RESIDENTIAL LTD,Guaranteed Rent Scheme,947.4,Premises Related Expenses     -,Rents,RBC Spreadsheet Invoice,R5872,Directorate of Economic Growth and Neighbourhood Services
Reading Borough Council,30/07/2025,255057,80554,NATIVE RESIDENTIAL LTD,Guaranteed Rent Scheme,792.83,Premises Related Expenses     -,Rents,RBC Spreadsheet Invoice,R5872,Directorate of Economic Growth and Neighbourhood Services
Reading Borough Council,30/07/2025,255058,80554,NATIVE RESIDENTIAL LTD,Guaranteed Rent Scheme,947.4,Premises Related Expenses     -,Rents,RBC Spreadsheet Invoice,R5872,Directorate of Economic Growth and Neighbourhood Services
Reading Borough Council,30/07/2025,255059,80554,NATIVE RESIDENTIAL LTD,Guaranteed Rent Scheme,947.4,Premises Related Expenses     -,Rents,RBC Spreadsheet Invoice,R5872,Directorate of Economic Growth and Neighbourhood Services
Reading Borough Council,30/07/2025,255060,80554,NATIVE RESIDENTIAL LTD,Guaranteed Rent Scheme,947.4,Premises Related Expenses     -,Rents,RBC Spreadsheet Invoice,R5872,Directorate of Economic Growth and Neighbourhood Services
Reading Borough Council,30/07/2025,255061,80554,NATIVE RESIDENTIAL LTD,Guaranteed Rent Scheme,947.4,Premises Related Expenses     -,Rents,RBC Spreadsheet Invoice,R5872,Directorate of Economic Growth and Neighbourhood Services
Reading Borough Council,30/07/2025,255062,80554,NATIVE RESIDENTIAL LTD,Guaranteed Rent Scheme,947.4,Premises Related Expenses     -,Rents,RBC Spreadsheet Invoice,R5872,Directorate of Economic Growth and Neighbourhood Services
Reading Borough Council,30/07/2025,255063,80554,NATIVE RESIDENTIAL LTD,Guaranteed Rent Scheme,792.83,Premises Related Expenses     -,Rents,RBC Spreadsheet Invoice,R5872,Directorate of Economic Growth and Neighbourhood Services
Reading Borough Council,30/07/2025,255068,80554,NATIVE RESIDENTIAL LTD,Guaranteed Rent Scheme,947.4,Premises Related Expenses     -,Rents,RBC Spreadsheet Invoice,R5872,Directorate of Economic Growth and Neighbourhood Services
Reading Borough Council,30/07/2025,255070,80554,NATIVE RESIDENTIAL LTD,Guaranteed Rent Scheme,947.4,Premises Related Expenses     -,Rents,RBC Spreadsheet Invoice,R5872,Directorate of Economic Growth and Neighbourhood Services
Reading Borough Council,30/07/2025,255075,80554,NATIVE RESIDENTIAL LTD,Guaranteed Rent Scheme,947.4,Premises Related Expenses     -,Rents,RBC Spreadsheet Invoice,R5872,Directorate of Economic Growth and Neighbourhood Services
Reading Borough Council,30/07/2025,255077,80554,NATIVE RESIDENTIAL LTD,Guaranteed Rent Scheme,847.69,Premises Related Expenses     -,Rents,RBC Spreadsheet Invoice,R5872,Directorate of Economic Growth and Neighbourhood Services
Reading Borough Council,30/07/2025,255079,80554,NATIVE RESIDENTIAL LTD,Guaranteed Rent Scheme,847.69,Premises Related Expenses     -,Rents,RBC Spreadsheet Invoice,R5872,Directorate of Economic Growth and Neighbourhood Services
Reading Borough Council,30/07/2025,255082,80554,NATIVE RESIDENTIAL LTD,Guaranteed Rent Scheme,847.69,Premises Related Expenses     -,Rents,RBC Spreadsheet Invoice,R5872,Directorate of Economic Growth and Neighbourhood Services
Reading Borough Council,30/07/2025,255087,80554,NATIVE RESIDENTIAL LTD,Guaranteed Rent Scheme,1092,Premises Related Expenses     -,Rents,RBC Spreadsheet Invoice,R5872,Directorate of Economic Growth and Neighbourhood Services
Reading Borough Council,30/07/2025,255227,80554,NATIVE RESIDENTIAL LTD,Guaranteed Rent Scheme,1092,Premises Related Expenses     -,Rents,RBC Spreadsheet Invoice,R5872,Directorate of Economic Growth and Neighbourhood Services
Reading Borough Council,30/07/2025,255229,80554,NATIVE RESIDENTIAL LTD,Guaranteed Rent Scheme,847.69,Premises Related Expenses     -,Rents,RBC Spreadsheet Invoice,R5872,Directorate of Economic Growth and Neighbourhood Services
Reading Borough Council,30/07/2025,255244,80554,NATIVE RESIDENTIAL LTD,Guaranteed Rent Scheme,1092,Premises Related Expenses     -,Rents,RBC Spreadsheet Invoice,R5872,Directorate of Economic Growth and Neighbourhood Services
Reading Borough Council,30/07/2025,255027,80555,PTS UK GROUP LTD,Guaranteed Rent Scheme,1092,Premises Related Expenses     -,Rents,RBC Spreadsheet Invoice,R5872,Directorate of Economic Growth and Neighbourhood Services
Reading Borough Council,30/07/2025,255030,80556,SPD RENTAL LTD,Guaranteed Rent Scheme,792.83,Premises Related Expenses     -,Rents,RBC Spreadsheet Invoice,R5872,Directorate of Economic Growth and Neighbourhood Services
Reading Borough Council,30/07/2025,255175,80556,SPD RENTAL LTD,Guaranteed Rent Scheme,847.69,Premises Related Expenses     -,Rents,RBC Spreadsheet Invoice,R5872,Directorate of Economic Growth and Neighbourhood Services
Reading Borough Council,30/07/2025,255223,80557,VIORICA-NICOLETA MERCEA,Guaranteed Rent Scheme,1296.45,Premises Related Expenses     -,Rents,RBC Spreadsheet Invoice,R5872,Directorate of Economic Growth and Neighbourhood Services
Reading Borough Council,30/07/2025,255043,80559,CORNELIA VAN DER POLL,Guaranteed Rent Scheme,792.83,Premises Related Expenses     -,Rents,RBC Spreadsheet Invoice,R5872,Directorate of Economic Growth and Neighbourhood Services
Reading Borough Council,30/07/2025,255044,80560,ABU BAKR MASJID READING,Guaranteed Rent Scheme,1146.86,Premises Related Expenses     -,Rents,RBC Spreadsheet Invoice,R5872,Directorate of Economic Growth and Neighbourhood Services
Reading Borough Council,30/07/2025,255048,80562,KEITH + HELEN PUGH,Guaranteed Rent Scheme,1092,Premises Related Expenses     -,Rents,RBC Spreadsheet Invoice,R5872,Directorate of Economic Growth and Neighbourhood Services
Reading Borough Council,30/07/2025,255051,80563,SINEAID COLLINS,Guaranteed Rent Scheme,830,Premises Related Expenses     -,Rents,RBC Spreadsheet Invoice,R5872,Directorate of Economic Growth and Neighbourhood Services
Reading Borough Council,30/07/2025,254760,80564,FRANCES GREEN,Guaranteed Rent Scheme,847.69,Premises Related Expenses     -,Rents,RBC Spreadsheet Invoice,R5872,Directorate of Economic Growth and Neighbourhood Services
Reading Borough Council,30/07/2025,254492,80565,RUSSELL & RUSSELL,Guaranteed Rent Scheme,847.69,Premises Related Expenses     -,Rents,RBC Spreadsheet Invoice,R5872,Directorate of Economic Growth and Neighbourhood Services
Reading Borough Council,30/07/2025,254771,80565,RUSSELL & RUSSELL,Guaranteed Rent Scheme,847.69,Premises Related Expenses     -,Rents,RBC Spreadsheet Invoice,R5872,Directorate of Economic Growth and Neighbourhood Services
Reading Borough Council,30/07/2025,254847,80565,RUSSELL & RUSSELL,Guaranteed Rent Scheme,847.69,Premises Related Expenses     -,Rents,RBC Spreadsheet Invoice,R5872,Directorate of Economic Growth and Neighbourhood Services
Reading Borough Council,30/07/2025,254917,80565,RUSSELL & RUSSELL,Guaranteed Rent Scheme,847.69,Premises Related Expenses     -,Rents,RBC Spreadsheet Invoice,R5872,Directorate of Economic Growth and Neighbourhood Services
Reading Borough Council,30/07/2025,254927,80565,RUSSELL & RUSSELL,Guaranteed Rent Scheme,847.69,Premises Related Expenses     -,Rents,RBC Spreadsheet Invoice,R5872,Directorate of Economic Growth and Neighbourhood Services
Reading Borough Council,30/07/2025,255013,80565,RUSSELL & RUSSELL,Guaranteed Rent Scheme,847.69,Premises Related Expenses     -,Rents,RBC Spreadsheet Invoice,R5872,Directorate of Economic Growth and Neighbourhood Services
Reading Borough Council,30/07/2025,255039,80565,RUSSELL & RUSSELL,Guaranteed Rent Scheme,847.69,Premises Related Expenses     -,Rents,RBC Spreadsheet Invoice,R5872,Directorate of Economic Growth and Neighbourhood Services
Reading Borough Council,30/07/2025,255249,80565,RUSSELL & RUSSELL,Guaranteed Rent Scheme,586.86,Premises Related Expenses     -,Rents,RBC Spreadsheet Invoice,R5872,Directorate of Economic Growth and Neighbourhood Services
Reading Borough Council,30/07/2025,255250,80565,RUSSELL & RUSSELL,Guaranteed Rent Scheme,847.69,Premises Related Expenses     -,Rents,RBC Spreadsheet Invoice,R5872,Directorate of Economic Growth and Neighbourhood Services
Reading Borough Council,30/07/2025,255144,80566,SONI.ME LTD,Guaranteed Rent Scheme,847.69,Premises Related Expenses     -,Rents,RBC Spreadsheet Invoice,R5872,Directorate of Economic Growth and Neighbourhood Services
Reading Borough Council,30/07/2025,255145,80566,SONI.ME LTD,Guaranteed Rent Scheme,847.69,Premises Related Expenses     -,Rents,RBC Spreadsheet Invoice,R5872,Directorate of Economic Growth and Neighbourhood Services
Reading Borough Council,30/07/2025,255146,80566,SONI.ME LTD,Guaranteed Rent Scheme,847.69,Premises Related Expenses     -,Rents,RBC Spreadsheet Invoice,R5872,Directorate of Economic Growth and Neighbourhood Services
Reading Borough Council,30/07/2025,255147,80566,SONI.ME LTD,Guaranteed Rent Scheme,847.69,Premises Related Expenses     -,Rents,RBC Spreadsheet Invoice,R5872,Directorate of Economic Growth and Neighbourhood Services
Reading Borough Council,30/07/2025,255148,80566,SONI.ME LTD,Guaranteed Rent Scheme,1092,Premises Related Expenses     -,Rents,RBC Spreadsheet Invoice,R5872,Directorate of Economic Growth and Neighbourhood Services
Reading Borough Council,30/07/2025,255149,80566,SONI.ME LTD,Guaranteed Rent Scheme,847.69,Premises Related Expenses     -,Rents,RBC Spreadsheet Invoice,R5872,Directorate of Economic Growth and Neighbourhood Services
Reading Borough Council,30/07/2025,255150,80566,SONI.ME LTD,Guaranteed Rent Scheme,847.69,Premises Related Expenses     -,Rents,RBC Spreadsheet Invoice,R5872,Directorate of Economic Growth and Neighbourhood Services
Reading Borough Council,30/07/2025,255157,80566,SONI.ME LTD,Guaranteed Rent Scheme,1092,Premises Related Expenses     -,Rents,RBC Spreadsheet Invoice,R5872,Directorate of Economic Growth and Neighbourhood Services
Reading Borough Council,30/07/2025,255159,80566,SONI.ME LTD,Guaranteed Rent Scheme,1092,Premises Related Expenses     -,Rents,RBC Spreadsheet Invoice,R5872,Directorate of Economic Growth and Neighbourhood Services
Reading Borough Council,30/07/2025,255160,80566,SONI.ME LTD,Guaranteed Rent Scheme,847.69,Premises Related Expenses     -,Rents,RBC Spreadsheet Invoice,R5872,Directorate of Economic Growth and Neighbourhood Services
Reading Borough Council,30/07/2025,255161,80566,SONI.ME LTD,Guaranteed Rent Scheme,847.69,Premises Related Expenses     -,Rents,RBC Spreadsheet Invoice,R5872,Directorate of Economic Growth and Neighbourhood Services
Reading Borough Council,30/07/2025,255162,80566,SONI.ME LTD,Guaranteed Rent Scheme,847.69,Premises Related Expenses     -,Rents,RBC Spreadsheet Invoice,R5872,Directorate of Economic Growth and Neighbourhood Services
Reading Borough Council,30/07/2025,255163,80566,SONI.ME LTD,Guaranteed Rent Scheme,847.69,Premises Related Expenses     -,Rents,RBC Spreadsheet Invoice,R5872,Directorate of Economic Growth and Neighbourhood Services
Reading Borough Council,30/07/2025,255165,80566,SONI.ME LTD,Guaranteed Rent Scheme,1092,Premises Related Expenses     -,Rents,RBC Spreadsheet Invoice,R5872,Directorate of Economic Growth and Neighbourhood Services
Reading Borough Council,30/07/2025,255166,80566,SONI.ME LTD,Guaranteed Rent Scheme,847.69,Premises Related Expenses     -,Rents,RBC Spreadsheet Invoice,R5872,Directorate of Economic Growth and Neighbourhood Services
Reading Borough Council,30/07/2025,255168,80566,SONI.ME LTD,Guaranteed Rent Scheme,847.69,Premises Related Expenses     -,Rents,RBC Spreadsheet Invoice,R5872,Directorate of Economic Growth and Neighbourhood Services
Reading Borough Council,30/07/2025,252166,80567,DAWSON GROUP ENVIRONMENTAL MUNICIPAL CIV,Fleet Management,4050,Transport Related Expenditure -,Vehicle Spot Hire,RBC Standard Invoice,R4552,Directorate of Economic Growth and Neighbourhood Services
Reading Borough Council,30/07/2025,254478,80568,ARTHUR J GALLAGHER INSURANCE BROKERS LTD,LUDP: New perf space: Hexagon,93407.31,Capital                       -,External Fees  Misc.,RBC Standard Invoice,C8161,Capital
Reading Borough Council,30/07/2025,255078,80569,T + M PROPERTIES LTD,Guaranteed Rent Scheme,1649.48,Premises Related Expenses     -,Rents,RBC Spreadsheet Invoice,R5872,Directorate of Economic Growth and Neighbourhood Services
Reading Borough Council,30/07/2025,255089,80570,REBECCA WOOLF & MICHAEL WOOLF,Guaranteed Rent Scheme,1296.45,Premises Related Expenses     -,Rents,RBC Spreadsheet Invoice,R5872,Directorate of Economic Growth and Neighbourhood Services
Reading Borough Council,30/07/2025,254349,80571,A S MILES CONSULTING LTD,Fleet Management,1800,Employees                     -,Training & Development Costs,RBC Standard Invoice,R4552,Directorate of Economic Growth and Neighbourhood Services
Reading Borough Council,30/07/2025,254350,80571,A S MILES CONSULTING LTD,Fleet Management,1500,Employees                     -,Training & Development Costs,RBC Standard Invoice,R4552,Directorate of Economic Growth and Neighbourhood Services
Reading Borough Council,30/07/2025,255106,80573,PINKNEYS GREEN (06) LTD,Guaranteed Rent Scheme,847.69,Premises Related Expenses     -,Rents,RBC Spreadsheet Invoice,R5872,Directorate of Economic Growth and Neighbourhood Services
Reading Borough Council,30/07/2025,255115,80574,SHABNAM AKHTER AHMED,Guaranteed Rent Scheme,847.69,Premises Related Expenses     -,Rents,RBC Spreadsheet Invoice,R5872,Directorate of Economic Growth and Neighbourhood Services
Reading Borough Council,30/07/2025,255152,80574,SHABNAM AKHTER AHMED,Guaranteed Rent Scheme,847.69,Premises Related Expenses     -,Rents,RBC Spreadsheet Invoice,R5872,Directorate of Economic Growth and Neighbourhood Services
Reading Borough Council,30/07/2025,255113,80575,HUSET LTD,Guaranteed Rent Scheme,1092,Premises Related Expenses     -,Rents,RBC Spreadsheet Invoice,R5872,Directorate of Economic Growth and Neighbourhood Services
Reading Borough Council,30/07/2025,255121,80576,RACHEL & CHRISTOPHER DUVALL,Guaranteed Rent Scheme,1296.45,Premises Related Expenses     -,Rents,RBC Spreadsheet Invoice,R5872,Directorate of Economic Growth and Neighbourhood Services
Reading Borough Council,30/07/2025,255123,80577,ANTHONY + AILSA MORRIS,Guaranteed Rent Scheme,1296.45,Premises Related Expenses     -,Rents,RBC Spreadsheet Invoice,R5872,Directorate of Economic Growth and Neighbourhood Services
Reading Borough Council,30/07/2025,255136,80578,JOLANTA KILROY + DAREN KILROY,Guaranteed Rent Scheme,1296.45,Premises Related Expenses     -,Rents,RBC Spreadsheet Invoice,R5872,Directorate of Economic Growth and Neighbourhood Services
Reading Borough Council,30/07/2025,255141,80579,EBONY GEORGE,Guaranteed Rent Scheme,1092,Premises Related Expenses     -,Rents,RBC Spreadsheet Invoice,R5872,Directorate of Economic Growth and Neighbourhood Services
Reading Borough Council,30/07/2025,255137,80580,SIMON PARR,Guaranteed Rent Scheme,847.69,Premises Related Expenses     -,Rents,RBC Spreadsheet Invoice,R5872,Directorate of Economic Growth and Neighbourhood Services
Reading Borough Council,30/07/2025,248389,80581,TREST LTD,Fleet Management,1890,Transport Related Expenditure -,Vehicle Spot Hire,RBC Standard Invoice,R4552,Directorate of Economic Growth and Neighbourhood Services
Reading Borough Council,30/07/2025,255139,80582,BALKAR JOHAL,Guaranteed Rent Scheme,1092,Premises Related Expenses     -,Rents,RBC Spreadsheet Invoice,R5872,Directorate of Economic Growth and Neighbourhood Services
Reading Borough Council,30/07/2025,255155,80583,FREDA GUNSTON,Guaranteed Rent Scheme,1649.48,Premises Related Expenses     -,Rents,RBC Spreadsheet Invoice,R5872,Directorate of Economic Growth and Neighbourhood Services
Reading Borough Council,30/07/2025,255151,80584,SHIVALKA SERVICES LTD,Guaranteed Rent Scheme,847.69,Premises Related Expenses     -,Rents,RBC Spreadsheet Invoice,R5872,Directorate of Economic Growth and Neighbourhood Services
Reading Borough Council,30/07/2025,255198,80584,SHIVALKA SERVICES LTD,Guaranteed Rent Scheme,1092,Premises Related Expenses     -,Rents,RBC Spreadsheet Invoice,R5872,Directorate of Economic Growth and Neighbourhood Services
Reading Borough Council,30/07/2025,255154,80585,KAREN CULLOTY,Guaranteed Rent Scheme,1092,Premises Related Expenses     -,Rents,RBC Spreadsheet Invoice,R5872,Directorate of Economic Growth and Neighbourhood Services
Reading Borough Council,30/07/2025,255173,80586,PTS ESTATE GROUP LTD,Guaranteed Rent Scheme,1092,Premises Related Expenses     -,Rents,RBC Spreadsheet Invoice,R5872,Directorate of Economic Growth and Neighbourhood Services
Reading Borough Council,30/07/2025,255171,80587,ELAINE REED,Guaranteed Rent Scheme,1296.45,Premises Related Expenses     -,Rents,RBC Spreadsheet Invoice,R5872,Directorate of Economic Growth and Neighbourhood Services
Reading Borough Council,30/07/2025,255178,80588,RICHARD NEALE,Guaranteed Rent Scheme,1092,Premises Related Expenses     -,Rents,RBC Spreadsheet Invoice,R5872,Directorate of Economic Growth and Neighbourhood Services
Reading Borough Council,30/07/2025,255167,80589,FARMER & DYER LTD,Guaranteed Rent Scheme,1092,Premises Related Expenses     -,Rents,RBC Spreadsheet Invoice,R5872,Directorate of Economic Growth and Neighbourhood Services
Reading Borough Council,30/07/2025,255184,80590,MOSES SERRUYA,Guaranteed Rent Scheme,1092,Premises Related Expenses     -,Rents,RBC Spreadsheet Invoice,R5872,Directorate of Economic Growth and Neighbourhood Services
Reading Borough Council,30/07/2025,254490,80591,N&J HOLDINGS T/A AS NOBEL & JONES PROPER,Guaranteed Rent Scheme,1092,Premises Related Expenses     -,Rents,RBC Spreadsheet Invoice,R5872,Directorate of Economic Growth and Neighbourhood Services
Reading Borough Council,30/07/2025,254543,80591,N&J HOLDINGS T/A AS NOBEL & JONES PROPER,Guaranteed Rent Scheme,847.69,Premises Related Expenses     -,Rents,RBC Spreadsheet Invoice,R5872,Directorate of Economic Growth and Neighbourhood Services
Reading Borough Council,30/07/2025,254567,80591,N&J HOLDINGS T/A AS NOBEL & JONES PROPER,Guaranteed Rent Scheme,847.69,Premises Related Expenses     -,Rents,RBC Spreadsheet Invoice,R5872,Directorate of Economic Growth and Neighbourhood Services
Reading Borough Council,30/07/2025,254569,80591,N&J HOLDINGS T/A AS NOBEL & JONES PROPER,Guaranteed Rent Scheme,847.69,Premises Related Expenses     -,Rents,RBC Spreadsheet Invoice,R5872,Directorate of Economic Growth and Neighbourhood Services
Reading Borough Council,30/07/2025,254578,80591,N&J HOLDINGS T/A AS NOBEL & JONES PROPER,Guaranteed Rent Scheme,1092,Premises Related Expenses     -,Rents,RBC Spreadsheet Invoice,R5872,Directorate of Economic Growth and Neighbourhood Services
Reading Borough Council,30/07/2025,254591,80591,N&J HOLDINGS T/A AS NOBEL & JONES PROPER,Guaranteed Rent Scheme,847.69,Premises Related Expenses     -,Rents,RBC Spreadsheet Invoice,R5872,Directorate of Economic Growth and Neighbourhood Services
Reading Borough Council,30/07/2025,254604,80591,N&J HOLDINGS T/A AS NOBEL & JONES PROPER,Guaranteed Rent Scheme,1092,Premises Related Expenses     -,Rents,RBC Spreadsheet Invoice,R5872,Directorate of Economic Growth and Neighbourhood Services
Reading Borough Council,30/07/2025,254611,80591,N&J HOLDINGS T/A AS NOBEL & JONES PROPER,Guaranteed Rent Scheme,847.69,Premises Related Expenses     -,Rents,RBC Spreadsheet Invoice,R5872,Directorate of Economic Growth and Neighbourhood Services
Reading Borough Council,30/07/2025,254632,80591,N&J HOLDINGS T/A AS NOBEL & JONES PROPER,Guaranteed Rent Scheme,847.69,Premises Related Expenses     -,Rents,RBC Spreadsheet Invoice,R5872,Directorate of Economic Growth and Neighbourhood Services
Reading Borough Council,30/07/2025,254647,80591,N&J HOLDINGS T/A AS NOBEL & JONES PROPER,Guaranteed Rent Scheme,847.69,Premises Related Expenses     -,Rents,RBC Spreadsheet Invoice,R5872,Directorate of Economic Growth and Neighbourhood Services
Reading Borough Council,30/07/2025,254670,80591,N&J HOLDINGS T/A AS NOBEL & JONES PROPER,Guaranteed Rent Scheme,1092,Premises Related Expenses     -,Rents,RBC Spreadsheet Invoice,R5872,Directorate of Economic Growth and Neighbourhood Services
Reading Borough Council,30/07/2025,254682,80591,N&J HOLDINGS T/A AS NOBEL & JONES PROPER,Guaranteed Rent Scheme,847.69,Premises Related Expenses     -,Rents,RBC Spreadsheet Invoice,R5872,Directorate of Economic Growth and Neighbourhood Services
Reading Borough Council,30/07/2025,254702,80591,N&J HOLDINGS T/A AS NOBEL & JONES PROPER,Guaranteed Rent Scheme,847.69,Premises Related Expenses     -,Rents,RBC Spreadsheet Invoice,R5872,Directorate of Economic Growth and Neighbourhood Services
Reading Borough Council,30/07/2025,254723,80591,N&J HOLDINGS T/A AS NOBEL & JONES PROPER,Guaranteed Rent Scheme,847.69,Premises Related Expenses     -,Rents,RBC Spreadsheet Invoice,R5872,Directorate of Economic Growth and Neighbourhood Services
Reading Borough Council,30/07/2025,254729,80591,N&J HOLDINGS T/A AS NOBEL & JONES PROPER,Guaranteed Rent Scheme,847.69,Premises Related Expenses     -,Rents,RBC Spreadsheet Invoice,R5872,Directorate of Economic Growth and Neighbourhood Services
Reading Borough Council,30/07/2025,254738,80591,N&J HOLDINGS T/A AS NOBEL & JONES PROPER,Guaranteed Rent Scheme,847.69,Premises Related Expenses     -,Rents,RBC Spreadsheet Invoice,R5872,Directorate of Economic Growth and Neighbourhood Services
Reading Borough Council,30/07/2025,254750,80591,N&J HOLDINGS T/A AS NOBEL & JONES PROPER,Guaranteed Rent Scheme,847.69,Premises Related Expenses     -,Rents,RBC Spreadsheet Invoice,R5872,Directorate of Economic Growth and Neighbourhood Services
Reading Borough Council,30/07/2025,254757,80591,N&J HOLDINGS T/A AS NOBEL & JONES PROPER,Guaranteed Rent Scheme,1092,Premises Related Expenses     -,Rents,RBC Spreadsheet Invoice,R5872,Directorate of Economic Growth and Neighbourhood Services
Reading Borough Council,30/07/2025,254762,80591,N&J HOLDINGS T/A AS NOBEL & JONES PROPER,Guaranteed Rent Scheme,1092,Premises Related Expenses     -,Rents,RBC Spreadsheet Invoice,R5872,Directorate of Economic Growth and Neighbourhood Services
Reading Borough Council,30/07/2025,254777,80591,N&J HOLDINGS T/A AS NOBEL & JONES PROPER,Guaranteed Rent Scheme,847.69,Premises Related Expenses     -,Rents,RBC Spreadsheet Invoice,R5872,Directorate of Economic Growth and Neighbourhood Services
Reading Borough Council,30/07/2025,254806,80591,N&J HOLDINGS T/A AS NOBEL & JONES PROPER,Guaranteed Rent Scheme,847.69,Premises Related Expenses     -,Rents,RBC Spreadsheet Invoice,R5872,Directorate of Economic Growth and Neighbourhood Services
Reading Borough Council,30/07/2025,254810,80591,N&J HOLDINGS T/A AS NOBEL & JONES PROPER,Guaranteed Rent Scheme,1092,Premises Related Expenses     -,Rents,RBC Spreadsheet Invoice,R5872,Directorate of Economic Growth and Neighbourhood Services
Reading Borough Council,30/07/2025,254821,80591,N&J HOLDINGS T/A AS NOBEL & JONES PROPER,Guaranteed Rent Scheme,1296.45,Premises Related Expenses     -,Rents,RBC Spreadsheet Invoice,R5872,Directorate of Economic Growth and Neighbourhood Services
Reading Borough Council,30/07/2025,254860,80591,N&J HOLDINGS T/A AS NOBEL & JONES PROPER,Guaranteed Rent Scheme,847.69,Premises Related Expenses     -,Rents,RBC Spreadsheet Invoice,R5872,Directorate of Economic Growth and Neighbourhood Services
Reading Borough Council,30/07/2025,254881,80591,N&J HOLDINGS T/A AS NOBEL & JONES PROPER,Guaranteed Rent Scheme,847.69,Premises Related Expenses     -,Rents,RBC Spreadsheet Invoice,R5872,Directorate of Economic Growth and Neighbourhood Services
Reading Borough Council,30/07/2025,254884,80591,N&J HOLDINGS T/A AS NOBEL & JONES PROPER,Guaranteed Rent Scheme,847.69,Premises Related Expenses     -,Rents,RBC Spreadsheet Invoice,R5872,Directorate of Economic Growth and Neighbourhood Services
Reading Borough Council,30/07/2025,254928,80591,N&J HOLDINGS T/A AS NOBEL & JONES PROPER,Guaranteed Rent Scheme,847.69,Premises Related Expenses     -,Rents,RBC Spreadsheet Invoice,R5872,Directorate of Economic Growth and Neighbourhood Services
Reading Borough Council,30/07/2025,254929,80591,N&J HOLDINGS T/A AS NOBEL & JONES PROPER,Guaranteed Rent Scheme,847.69,Premises Related Expenses     -,Rents,RBC Spreadsheet Invoice,R5872,Directorate of Economic Growth and Neighbourhood Services
Reading Borough Council,30/07/2025,254956,80591,N&J HOLDINGS T/A AS NOBEL & JONES PROPER,Guaranteed Rent Scheme,847.69,Premises Related Expenses     -,Rents,RBC Spreadsheet Invoice,R5872,Directorate of Economic Growth and Neighbourhood Services
Reading Borough Council,30/07/2025,254976,80591,N&J HOLDINGS T/A AS NOBEL & JONES PROPER,Guaranteed Rent Scheme,847.69,Premises Related Expenses     -,Rents,RBC Spreadsheet Invoice,R5872,Directorate of Economic Growth and Neighbourhood Services
Reading Borough Council,30/07/2025,254980,80591,N&J HOLDINGS T/A AS NOBEL & JONES PROPER,Guaranteed Rent Scheme,847.69,Premises Related Expenses     -,Rents,RBC Spreadsheet Invoice,R5872,Directorate of Economic Growth and Neighbourhood Services
Reading Borough Council,30/07/2025,254989,80591,N&J HOLDINGS T/A AS NOBEL & JONES PROPER,Guaranteed Rent Scheme,847.69,Premises Related Expenses     -,Rents,RBC Spreadsheet Invoice,R5872,Directorate of Economic Growth and Neighbourhood Services
Reading Borough Council,30/07/2025,255032,80591,N&J HOLDINGS T/A AS NOBEL & JONES PROPER,Guaranteed Rent Scheme,847.69,Premises Related Expenses     -,Rents,RBC Spreadsheet Invoice,R5872,Directorate of Economic Growth and Neighbourhood Services
Reading Borough Council,30/07/2025,255066,80591,N&J HOLDINGS T/A AS NOBEL & JONES PROPER,Guaranteed Rent Scheme,847.69,Premises Related Expenses     -,Rents,RBC Spreadsheet Invoice,R5872,Directorate of Economic Growth and Neighbourhood Services
Reading Borough Council,30/07/2025,255071,80591,N&J HOLDINGS T/A AS NOBEL & JONES PROPER,Guaranteed Rent Scheme,847.69,Premises Related Expenses     -,Rents,RBC Spreadsheet Invoice,R5872,Directorate of Economic Growth and Neighbourhood Services
Reading Borough Council,30/07/2025,255076,80591,N&J HOLDINGS T/A AS NOBEL & JONES PROPER,Guaranteed Rent Scheme,847.69,Premises Related Expenses     -,Rents,RBC Spreadsheet Invoice,R5872,Directorate of Economic Growth and Neighbourhood Services
Reading Borough Council,30/07/2025,255085,80591,N&J HOLDINGS T/A AS NOBEL & JONES PROPER,Guaranteed Rent Scheme,847.69,Premises Related Expenses     -,Rents,RBC Spreadsheet Invoice,R5872,Directorate of Economic Growth and Neighbourhood Services
Reading Borough Council,30/07/2025,255086,80591,N&J HOLDINGS T/A AS NOBEL & JONES PROPER,Guaranteed Rent Scheme,847.69,Premises Related Expenses     -,Rents,RBC Spreadsheet Invoice,R5872,Directorate of Economic Growth and Neighbourhood Services
Reading Borough Council,30/07/2025,255105,80591,N&J HOLDINGS T/A AS NOBEL & JONES PROPER,Guaranteed Rent Scheme,847.69,Premises Related Expenses     -,Rents,RBC Spreadsheet Invoice,R5872,Directorate of Economic Growth and Neighbourhood Services
Reading Borough Council,30/07/2025,255116,80591,N&J HOLDINGS T/A AS NOBEL & JONES PROPER,Guaranteed Rent Scheme,847.69,Premises Related Expenses     -,Rents,RBC Spreadsheet Invoice,R5872,Directorate of Economic Growth and Neighbourhood Services
Reading Borough Council,30/07/2025,255118,80591,N&J HOLDINGS T/A AS NOBEL & JONES PROPER,Guaranteed Rent Scheme,1092,Premises Related Expenses     -,Rents,RBC Spreadsheet Invoice,R5872,Directorate of Economic Growth and Neighbourhood Services
Reading Borough Council,30/07/2025,255119,80591,N&J HOLDINGS T/A AS NOBEL & JONES PROPER,Guaranteed Rent Scheme,847.69,Premises Related Expenses     -,Rents,RBC Spreadsheet Invoice,R5872,Directorate of Economic Growth and Neighbourhood Services
Reading Borough Council,30/07/2025,255126,80591,N&J HOLDINGS T/A AS NOBEL & JONES PROPER,Guaranteed Rent Scheme,847.69,Premises Related Expenses     -,Rents,RBC Spreadsheet Invoice,R5872,Directorate of Economic Growth and Neighbourhood Services
Reading Borough Council,30/07/2025,255132,80591,N&J HOLDINGS T/A AS NOBEL & JONES PROPER,Guaranteed Rent Scheme,847.69,Premises Related Expenses     -,Rents,RBC Spreadsheet Invoice,R5872,Directorate of Economic Growth and Neighbourhood Services
Reading Borough Council,30/07/2025,255174,80591,N&J HOLDINGS T/A AS NOBEL & JONES PROPER,Guaranteed Rent Scheme,847.69,Premises Related Expenses     -,Rents,RBC Spreadsheet Invoice,R5872,Directorate of Economic Growth and Neighbourhood Services
Reading Borough Council,30/07/2025,255177,80591,N&J HOLDINGS T/A AS NOBEL & JONES PROPER,Guaranteed Rent Scheme,847.69,Premises Related Expenses     -,Rents,RBC Spreadsheet Invoice,R5872,Directorate of Economic Growth and Neighbourhood Services
Reading Borough Council,30/07/2025,255180,80591,N&J HOLDINGS T/A AS NOBEL & JONES PROPER,Guaranteed Rent Scheme,847.69,Premises Related Expenses     -,Rents,RBC Spreadsheet Invoice,R5872,Directorate of Economic Growth and Neighbourhood Services
Reading Borough Council,30/07/2025,255181,80591,N&J HOLDINGS T/A AS NOBEL & JONES PROPER,Guaranteed Rent Scheme,847.69,Premises Related Expenses     -,Rents,RBC Spreadsheet Invoice,R5872,Directorate of Economic Growth and Neighbourhood Services
Reading Borough Council,30/07/2025,255186,80591,N&J HOLDINGS T/A AS NOBEL & JONES PROPER,Guaranteed Rent Scheme,847.69,Premises Related Expenses     -,Rents,RBC Spreadsheet Invoice,R5872,Directorate of Economic Growth and Neighbourhood Services
Reading Borough Council,30/07/2025,255200,80591,N&J HOLDINGS T/A AS NOBEL & JONES PROPER,Guaranteed Rent Scheme,847.69,Premises Related Expenses     -,Rents,RBC Spreadsheet Invoice,R5872,Directorate of Economic Growth and Neighbourhood Services
Reading Borough Council,30/07/2025,255207,80591,N&J HOLDINGS T/A AS NOBEL & JONES PROPER,Guaranteed Rent Scheme,1092,Premises Related Expenses     -,Rents,RBC Spreadsheet Invoice,R5872,Directorate of Economic Growth and Neighbourhood Services
Reading Borough Council,30/07/2025,255208,80591,N&J HOLDINGS T/A AS NOBEL & JONES PROPER,Guaranteed Rent Scheme,847.69,Premises Related Expenses     -,Rents,RBC Spreadsheet Invoice,R5872,Directorate of Economic Growth and Neighbourhood Services
Reading Borough Council,30/07/2025,255212,80591,N&J HOLDINGS T/A AS NOBEL & JONES PROPER,Guaranteed Rent Scheme,847.69,Premises Related Expenses     -,Rents,RBC Spreadsheet Invoice,R5872,Directorate of Economic Growth and Neighbourhood Services
Reading Borough Council,30/07/2025,255217,80591,N&J HOLDINGS T/A AS NOBEL & JONES PROPER,Guaranteed Rent Scheme,847.69,Premises Related Expenses     -,Rents,RBC Spreadsheet Invoice,R5872,Directorate of Economic Growth and Neighbourhood Services
Reading Borough Council,30/07/2025,255226,80591,N&J HOLDINGS T/A AS NOBEL & JONES PROPER,Guaranteed Rent Scheme,847.69,Premises Related Expenses     -,Rents,RBC Spreadsheet Invoice,R5872,Directorate of Economic Growth and Neighbourhood Services
Reading Borough Council,30/07/2025,255236,80591,N&J HOLDINGS T/A AS NOBEL & JONES PROPER,Guaranteed Rent Scheme,847.69,Premises Related Expenses     -,Rents,RBC Spreadsheet Invoice,R5872,Directorate of Economic Growth and Neighbourhood Services
Reading Borough Council,30/07/2025,255240,80591,N&J HOLDINGS T/A AS NOBEL & JONES PROPER,Guaranteed Rent Scheme,847.69,Premises Related Expenses     -,Rents,RBC Spreadsheet Invoice,R5872,Directorate of Economic Growth and Neighbourhood Services
Reading Borough Council,30/07/2025,255243,80591,N&J HOLDINGS T/A AS NOBEL & JONES PROPER,Guaranteed Rent Scheme,847.69,Premises Related Expenses     -,Rents,RBC Spreadsheet Invoice,R5872,Directorate of Economic Growth and Neighbourhood Services
Reading Borough Council,30/07/2025,255142,80592,DENISE LAFFORD,Guaranteed Rent Scheme,1092,Premises Related Expenses     -,Rents,RBC Spreadsheet Invoice,R5872,Directorate of Economic Growth and Neighbourhood Services
Reading Borough Council,30/07/2025,255191,80593,ACADEMIC ESTATES LTD,Guaranteed Rent Scheme,1649.48,Premises Related Expenses     -,Rents,RBC Spreadsheet Invoice,R5872,Directorate of Economic Growth and Neighbourhood Services
Reading Borough Council,30/07/2025,255188,80594,JUST HEADLEY FUTURES LTD,Guaranteed Rent Scheme,847.69,Premises Related Expenses     -,Rents,RBC Spreadsheet Invoice,R5872,Directorate of Economic Growth and Neighbourhood Services
Reading Borough Council,30/07/2025,255201,80595,STEPHANIE LEES + CHRISTOPHER PAYNE,Guaranteed Rent Scheme,1649.48,Premises Related Expenses     -,Rents,RBC Spreadsheet Invoice,R5872,Directorate of Economic Growth and Neighbourhood Services
Reading Borough Council,30/07/2025,255189,80596,BRIAN + DEBRA GODFREY,Guaranteed Rent Scheme,1092,Premises Related Expenses     -,Rents,RBC Spreadsheet Invoice,R5872,Directorate of Economic Growth and Neighbourhood Services
Reading Borough Council,30/07/2025,255203,80597,THE STYLE COUNSELLOR LTD,Guaranteed Rent Scheme,1296.45,Premises Related Expenses     -,Rents,RBC Spreadsheet Invoice,R5872,Directorate of Economic Growth and Neighbourhood Services
Reading Borough Council,30/07/2025,255213,80598,NIKITA KOCHHAR LTD,Guaranteed Rent Scheme,847.69,Premises Related Expenses     -,Rents,RBC Spreadsheet Invoice,R5872,Directorate of Economic Growth and Neighbourhood Services
Reading Borough Council,30/07/2025,255222,80599,HELEN CHILDS,Guaranteed Rent Scheme,1649.48,Premises Related Expenses     -,Rents,RBC Spreadsheet Invoice,R5872,Directorate of Economic Growth and Neighbourhood Services
Reading Borough Council,30/07/2025,255210,80600,SARAH WITCHALLS,Guaranteed Rent Scheme,1296.45,Premises Related Expenses     -,Rents,RBC Spreadsheet Invoice,R5872,Directorate of Economic Growth and Neighbourhood Services
Reading Borough Council,30/07/2025,255211,80601,STERLING COMMERCIAL MANAGEMENT LTD,Guaranteed Rent Scheme,1092,Premises Related Expenses     -,Rents,RBC Spreadsheet Invoice,R5872,Directorate of Economic Growth and Neighbourhood Services
Reading Borough Council,30/07/2025,255216,80601,STERLING COMMERCIAL MANAGEMENT LTD,Guaranteed Rent Scheme,1092,Premises Related Expenses     -,Rents,RBC Spreadsheet Invoice,R5872,Directorate of Economic Growth and Neighbourhood Services
Reading Borough Council,30/07/2025,255218,80602,KEVIN PORTER,Guaranteed Rent Scheme,847.69,Premises Related Expenses     -,Rents,RBC Spreadsheet Invoice,R5872,Directorate of Economic Growth and Neighbourhood Services
Reading Borough Council,30/07/2025,255221,80603,AMANDA SIMS,Guaranteed Rent Scheme,1092,Premises Related Expenses     -,Rents,RBC Spreadsheet Invoice,R5872,Directorate of Economic Growth and Neighbourhood Services
Reading Borough Council,30/07/2025,255219,80604,THE BERKSHIRE TRADING COMPANY (UK) LTD,Guaranteed Rent Scheme,1092,Premises Related Expenses     -,Rents,RBC Spreadsheet Invoice,R5872,Directorate of Economic Growth and Neighbourhood Services
Reading Borough Council,30/07/2025,254466,80605,D A LANGUAGES LTD,JLT Disbursements,1486.12,Supplies and Services         -,External Legal Services,RBC Standard Invoice,R2407,Directorate of Resources
Reading Borough Council,30/07/2025,255225,80606,STEVEN BROOKING,Guaranteed Rent Scheme,847.69,Premises Related Expenses     -,Rents,RBC Spreadsheet Invoice,R5872,Directorate of Economic Growth and Neighbourhood Services
Reading Borough Council,30/07/2025,255170,80607,KHAIRA LETTINGS LTD,Guaranteed Rent Scheme,847.69,Premises Related Expenses     -,Rents,RBC Spreadsheet Invoice,R5872,Directorate of Economic Growth and Neighbourhood Services
Reading Borough Council,30/07/2025,254950,80608,ADAM KELLY T/A AJK PROPERTIES,Guaranteed Rent Scheme,847.69,Premises Related Expenses     -,Rents,RBC Spreadsheet Invoice,R5872,Directorate of Economic Growth and Neighbourhood Services
Reading Borough Council,30/07/2025,255241,80610,VKARE HOMES LTD,Guaranteed Rent Scheme,1092,Premises Related Expenses     -,Rents,RBC Spreadsheet Invoice,R5872,Directorate of Economic Growth and Neighbourhood Services
Reading Borough Council,30/07/2025,255257,80611,LOUISA NOZAY,Guaranteed Rent Scheme,1092,Premises Related Expenses     -,Rents,RBC Spreadsheet Invoice,R5872,Directorate of Economic Growth and Neighbourhood Services
Reading Borough Council,30/07/2025,255258,80611,LOUISA NOZAY,Guaranteed Rent Scheme,1092,Premises Related Expenses     -,Rents,RBC Spreadsheet Invoice,R5872,Directorate of Economic Growth and Neighbourhood Services
Reading Borough Council,30/07/2025,255246,80612,STOCK PAGE STOCK LTD,Guaranteed Rent Scheme,847.69,Premises Related Expenses     -,Rents,RBC Spreadsheet Invoice,R5872,Directorate of Economic Growth and Neighbourhood Services
Reading Borough Council,30/07/2025,254600,80613,REKHA LETTINGS,Guaranteed Rent Scheme,847.69,Premises Related Expenses     -,Rents,RBC Spreadsheet Invoice,R5872,Directorate of Economic Growth and Neighbourhood Services
Reading Borough Council,30/07/2025,254667,80613,REKHA LETTINGS,Guaranteed Rent Scheme,1296.45,Premises Related Expenses     -,Rents,RBC Spreadsheet Invoice,R5872,Directorate of Economic Growth and Neighbourhood Services
Reading Borough Council,30/07/2025,255111,80613,REKHA LETTINGS,Guaranteed Rent Scheme,1296.45,Premises Related Expenses     -,Rents,RBC Spreadsheet Invoice,R5872,Directorate of Economic Growth and Neighbourhood Services
Reading Borough Council,30/07/2025,255182,80613,REKHA LETTINGS,Guaranteed Rent Scheme,1296.45,Premises Related Expenses     -,Rents,RBC Spreadsheet Invoice,R5872,Directorate of Economic Growth and Neighbourhood Services
Reading Borough Council,30/07/2025,255185,80613,REKHA LETTINGS,Guaranteed Rent Scheme,1296.45,Premises Related Expenses     -,Rents,RBC Spreadsheet Invoice,R5872,Directorate of Economic Growth and Neighbourhood Services
Reading Borough Council,30/07/2025,254538,80614,NG LETTINGS,Guaranteed Rent Scheme,1649.48,Premises Related Expenses     -,Rents,RBC Spreadsheet Invoice,R5872,Directorate of Economic Growth and Neighbourhood Services
Reading Borough Council,30/07/2025,254636,80614,NG LETTINGS,Guaranteed Rent Scheme,1296.45,Premises Related Expenses     -,Rents,RBC Spreadsheet Invoice,R5872,Directorate of Economic Growth and Neighbourhood Services
Reading Borough Council,30/07/2025,254659,80614,NG LETTINGS,Guaranteed Rent Scheme,1092,Premises Related Expenses     -,Rents,RBC Spreadsheet Invoice,R5872,Directorate of Economic Growth and Neighbourhood Services
Reading Borough Council,30/07/2025,254715,80615,GALOT DEVELOPMENTS,Guaranteed Rent Scheme,1296.45,Premises Related Expenses     -,Rents,RBC Spreadsheet Invoice,R5872,Directorate of Economic Growth and Neighbourhood Services
Reading Borough Council,30/07/2025,254998,80616,RG LETTINGS,Guaranteed Rent Scheme,1296.45,Premises Related Expenses     -,Rents,RBC Spreadsheet Invoice,R5872,Directorate of Economic Growth and Neighbourhood Services
Reading Borough Council,30/07/2025,255206,80616,RG LETTINGS,Guaranteed Rent Scheme,1296.45,Premises Related Expenses     -,Rents,RBC Spreadsheet Invoice,R5872,Directorate of Economic Growth and Neighbourhood Services
Reading Borough Council,30/07/2025,255922,80712,Sundry Supplier,RBC Balance Sheet,1638.26,Current Assets                -,Rent Control - Default,RBC Refunds Manual Entry,R9999,Balance Sheet
Reading Borough Council,30/07/2025,254464,CHAPS 25/07/2025,Brighter Futures for Children,Brighter Futures for Children,6392746.34,Third Party Payments          -,Third Party Pymts: Other Estab,RBC Refunds Manual Entry,R5430,Former Directorate of Education and Childrens Services
Reading Borough Council,31/07/2025,257087,80983,CHILMINGTON HOMES LTD,LD Community Services,1158.64,Third Party Payments          -,Purchased Care,RBC Mosaic Invoice,R5741,Directorate of Social Care and Health Services
Reading Borough Council,31/07/2025,257088,80983,CHILMINGTON HOMES LTD,PS Acquired Community Services,11054.12,Third Party Payments          -,Purchased Care,RBC Mosaic Invoice,R5771,Directorate of Social Care and Health Services
Reading Borough Council,31/07/2025,252288,80984,EMMER GREEN SURGERY,Berkshire West Public Health H,1296.38,Third Party Payments          -,NHS Trusts,RBC Standard Invoice,R2002,Directorate of Social Care and Health Services
Reading Borough Council,31/07/2025,257002,80985,PURLEY PARK TRUST LTD,LD Community Services,4010.88,Third Party Payments          -,Purchased Care,RBC Mosaic Invoice,R5741,Directorate of Social Care and Health Services
Reading Borough Council,31/07/2025,257003,80985,PURLEY PARK TRUST LTD,LD Community Services,4143.44,Third Party Payments          -,Purchased Care,RBC Mosaic Invoice,R5741,Directorate of Social Care and Health Services
Reading Borough Council,31/07/2025,257004,80985,PURLEY PARK TRUST LTD,PS Acquired Community Services,4557.04,Third Party Payments          -,Purchased Care,RBC Mosaic Invoice,R5771,Directorate of Social Care and Health Services
Reading Borough Council,31/07/2025,257005,80985,PURLEY PARK TRUST LTD,LD Community Services,5161.52,Third Party Payments          -,Purchased Care,RBC Mosaic Invoice,R5741,Directorate of Social Care and Health Services
Reading Borough Council,31/07/2025,257126,80985,PURLEY PARK TRUST LTD,PS Acquired Community Services,1124.42,Third Party Payments          -,Purchased Care,RBC Mosaic Invoice,R5771,Directorate of Social Care and Health Services
Reading Borough Council,31/07/2025,257127,80985,PURLEY PARK TRUST LTD,PS Acquired Community Services,3373.26,Third Party Payments          -,Purchased Care,RBC Mosaic Invoice,R5771,Directorate of Social Care and Health Services
Reading Borough Council,31/07/2025,257129,80985,PURLEY PARK TRUST LTD,LD Community Services,1267.35,Third Party Payments          -,Purchased Care,RBC Mosaic Invoice,R5741,Directorate of Social Care and Health Services
Reading Borough Council,31/07/2025,257130,80985,PURLEY PARK TRUST LTD,LD Community Services,3802.05,Third Party Payments          -,Purchased Care,RBC Mosaic Invoice,R5741,Directorate of Social Care and Health Services
Reading Borough Council,31/07/2025,257131,80985,PURLEY PARK TRUST LTD,LD Community Services,984.9,Third Party Payments          -,Purchased Care,RBC Mosaic Invoice,R5741,Directorate of Social Care and Health Services
Reading Borough Council,31/07/2025,257132,80985,PURLEY PARK TRUST LTD,LD Community Services,2954.7,Third Party Payments          -,Purchased Care,RBC Mosaic Invoice,R5741,Directorate of Social Care and Health Services
Reading Borough Council,31/07/2025,257133,80985,PURLEY PARK TRUST LTD,LD Community Services,3051.93,Third Party Payments          -,Purchased Care,RBC Mosaic Invoice,R5741,Directorate of Social Care and Health Services
Reading Borough Council,31/07/2025,257134,80985,PURLEY PARK TRUST LTD,LD Community Services,1017.31,Third Party Payments          -,Purchased Care,RBC Mosaic Invoice,R5741,Directorate of Social Care and Health Services
Reading Borough Council,31/07/2025,257239,80985,PURLEY PARK TRUST LTD,LD Community Services,4143.44,Third Party Payments          -,Purchased Care,RBC Mosaic Invoice,R5741,Directorate of Social Care and Health Services
Reading Borough Council,31/07/2025,257240,80985,PURLEY PARK TRUST LTD,LD Community Services,4010.88,Third Party Payments          -,Purchased Care,RBC Mosaic Invoice,R5741,Directorate of Social Care and Health Services
Reading Borough Council,31/07/2025,257241,80985,PURLEY PARK TRUST LTD,LD Community Services,5161.52,Third Party Payments          -,Purchased Care,RBC Mosaic Invoice,R5741,Directorate of Social Care and Health Services
Reading Borough Council,31/07/2025,257242,80985,PURLEY PARK TRUST LTD,PS Acquired Community Services,4557.04,Third Party Payments          -,Purchased Care,RBC Mosaic Invoice,R5771,Directorate of Social Care and Health Services
Reading Borough Council,31/07/2025,257205,80986,CHOICE LTD,LD Community Services,10906.68,Third Party Payments          -,Day Care Purchases,RBC Mosaic Invoice,R5741,Directorate of Social Care and Health Services
Reading Borough Council,31/07/2025,223078,80987,SYSCO GB LTD T/A BRAKE BROS FOODSERVICE,Hexagon Operations,545.89,Supplies and Services         -,Catering Stock,RBC Standard Invoice,R1200,Directorate of Economic Growth and Neighbourhood Services
Reading Borough Council,31/07/2025,234965,80987,SYSCO GB LTD T/A BRAKE BROS FOODSERVICE,Hexagon Operations,834.33,Supplies and Services         -,Catering Stock,RBC Standard Invoice,R1200,Directorate of Economic Growth and Neighbourhood Services
Reading Borough Council,31/07/2025,235458,80987,SYSCO GB LTD T/A BRAKE BROS FOODSERVICE,Hexagon Operations,1547.5,Supplies and Services         -,Catering Stock,RBC Standard Invoice,R1200,Directorate of Economic Growth and Neighbourhood Services
Reading Borough Council,31/07/2025,249621,80988,STUART DIGGENS BUILDING & ROOFING LTD,Cemeteries,2840,Premises Related Expenses     -,Grounds Maintenance,RBC CIS Invoice,R4607,Directorate of Resources
Reading Borough Council,31/07/2025,253889,80990,OXFORD UNIVERSITY HOSPITALS NHS TRUST,Berkshire West Public Health H,1018.76,Third Party Payments          -,NHS Trusts,RBC Refunds Manual Entry,R2002,Directorate of Social Care and Health Services
Reading Borough Council,31/07/2025,256797,80990,OXFORD UNIVERSITY HOSPITALS NHS TRUST,Berkshire West Public Health H,503.16,Third Party Payments          -,NHS Trusts,RBC Standard Invoice,R2002,Directorate of Social Care and Health Services
Reading Borough Council,31/07/2025,257258,80991,TONNA CARE SERVICES LTD,LD Community Services,602,Third Party Payments          -,Purchased Care,RBC Mosaic Invoice,R5741,Directorate of Social Care and Health Services
Reading Borough Council,31/07/2025,257259,80991,TONNA CARE SERVICES LTD,LD Community Services,681.64,Third Party Payments          -,Purchased Care,RBC Mosaic Invoice,R5741,Directorate of Social Care and Health Services
Reading Borough Council,31/07/2025,257260,80991,TONNA CARE SERVICES LTD,LD Community Services,587.16,Third Party Payments          -,Purchased Care,RBC Mosaic Invoice,R5741,Directorate of Social Care and Health Services
Reading Borough Council,31/07/2025,257262,80991,TONNA CARE SERVICES LTD,LD Community Services,671.04,Third Party Payments          -,Purchased Care,RBC Mosaic Invoice,R5741,Directorate of Social Care and Health Services
Reading Borough Council,31/07/2025,257273,80991,TONNA CARE SERVICES LTD,LD Community Services,516,Third Party Payments          -,Purchased Care,RBC Mosaic Invoice,R5741,Directorate of Social Care and Health Services
Reading Borough Council,31/07/2025,257278,80991,TONNA CARE SERVICES LTD,PS Acquired Community Services,2654.4,Third Party Payments          -,Purchased Care,RBC Mosaic Invoice,R5771,Directorate of Social Care and Health Services
Reading Borough Council,31/07/2025,257020,80992,DIMENSIONS (UK) LTD,LD Community Services,545.76,Third Party Payments          -,Purchased Care,RBC Mosaic Invoice,R5741,Directorate of Social Care and Health Services
Reading Borough Council,31/07/2025,257112,80993,VOYAGE CARE,LD Community Services,5137.16,Third Party Payments          -,Purchased Care,RBC Mosaic Invoice,R5741,Directorate of Social Care and Health Services
Reading Borough Council,31/07/2025,257114,80993,VOYAGE CARE,LD Community Services,4469.64,Third Party Payments          -,Purchased Care,RBC Mosaic Invoice,R5741,Directorate of Social Care and Health Services
Reading Borough Council,31/07/2025,257115,80993,VOYAGE CARE,LD Community Services,2721.2,Third Party Payments          -,Purchased Care,RBC Mosaic Invoice,R5741,Directorate of Social Care and Health Services
Reading Borough Council,31/07/2025,257116,80993,VOYAGE CARE,LD Community Services,4056.36,Third Party Payments          -,Purchased Care,RBC Mosaic Invoice,R5741,Directorate of Social Care and Health Services
Reading Borough Council,31/07/2025,257117,80993,VOYAGE CARE,Social Support,1895.88,Third Party Payments          -,Purchased Care,RBC Mosaic Invoice,R5790,Directorate of Social Care and Health Services
Reading Borough Council,31/07/2025,257190,80994,KCARE NURSING AGENCY LTD,PS Acquired Community Services,1123.11,Third Party Payments          -,Purchased Care,RBC Mosaic Invoice,R5771,Directorate of Social Care and Health Services
Reading Borough Council,31/07/2025,257197,80994,KCARE NURSING AGENCY LTD,PS Acquired Community Services,1154.44,Third Party Payments          -,Purchased Care,RBC Mosaic Invoice,R5771,Directorate of Social Care and Health Services
Reading Borough Council,31/07/2025,257202,80994,KCARE NURSING AGENCY LTD,PS Acquired Community Services,1288.26,Third Party Payments          -,Purchased Care,RBC Mosaic Invoice,R5771,Directorate of Social Care and Health Services
Reading Borough Council,31/07/2025,257206,81000,BROOK HOUSE RESIDENTIAL CARE HOME LTD,Mental Health Community Servic,3483.76,Third Party Payments          -,Purchased Care,RBC Mosaic Invoice,R5731,Directorate of Social Care and Health Services
Reading Borough Council,31/07/2025,257028,81001,CREATIVE SUPPORT LTD,LD Community Services,547.14,Third Party Payments          -,Purchased Care,RBC Mosaic Invoice,R5741,Directorate of Social Care and Health Services
Reading Borough Council,31/07/2025,257264,81002,CROWN LODGE GUEST HOUSE,Social Support,553,Third Party Payments          -,Emergency Accomodation,RBC Mosaic Invoice,R5790,Directorate of Social Care and Health Services
Reading Borough Council,31/07/2025,257265,81002,CROWN LODGE GUEST HOUSE,Social Support,553,Third Party Payments          -,Emergency Accomodation,RBC Mosaic Invoice,R5790,Directorate of Social Care and Health Services
Reading Borough Council,31/07/2025,257266,81002,CROWN LODGE GUEST HOUSE,Social Support,553,Third Party Payments          -,Emergency Accomodation,RBC Mosaic Invoice,R5790,Directorate of Social Care and Health Services
Reading Borough Council,31/07/2025,256758,81003,QUARTIX LTD,Fleet Management,5259.87,Supplies and Services         -,Computer Maintenance,RBC Standard Invoice,R4552,Directorate of Economic Growth and Neighbourhood Services
Reading Borough Council,31/07/2025,248377,81005,BREEDON SOUTHERN LTD,Highways,757.19,Supplies and Services         -,Materials,RBC Standard Invoice,R4252,Directorate of Economic Growth and Neighbourhood Services
Reading Borough Council,31/07/2025,248085,81007,M&D SERVICES,Parks&N'hood Svs Minor Sch,2517,Capital                       -,Contractors,RBC CIS Invoice,C8290,Capital
Reading Borough Council,31/07/2025,248086,81007,M&D SERVICES,Streetscene,1893,Premises Related Expenses     -,Mtce : Childrens Playgrounds,RBC CIS Invoice,R4567,Directorate of Economic Growth and Neighbourhood Services
Reading Borough Council,31/07/2025,257000,81013,CARE4U WE LTD,LD Community Services,4232.71,Third Party Payments          -,Day Care Purchases,RBC Mosaic Invoice,R5741,Directorate of Social Care and Health Services
Reading Borough Council,31/07/2025,257022,81014,PEOPLE MATTER SUPPORT SERVICES LTD,PS Acquired Community Services,5646.13,Third Party Payments          -,Purchased Care,RBC Mosaic Invoice,R5771,Directorate of Social Care and Health Services
Reading Borough Council,31/07/2025,257023,81014,PEOPLE MATTER SUPPORT SERVICES LTD,PS Acquired Community Services,5115.11,Third Party Payments          -,Purchased Care,RBC Mosaic Invoice,R5771,Directorate of Social Care and Health Services
Reading Borough Council,31/07/2025,257024,81014,PEOPLE MATTER SUPPORT SERVICES LTD,PS Acquired Community Services,4950.11,Third Party Payments          -,Purchased Care,RBC Mosaic Invoice,R5771,Directorate of Social Care and Health Services
Reading Borough Council,31/07/2025,257025,81014,PEOPLE MATTER SUPPORT SERVICES LTD,PS Acquired Community Services,8926.92,Third Party Payments          -,Purchased Care,RBC Mosaic Invoice,R5771,Directorate of Social Care and Health Services
Reading Borough Council,31/07/2025,257026,81014,PEOPLE MATTER SUPPORT SERVICES LTD,PS Acquired Community Services,2062.06,Third Party Payments          -,Purchased Care,RBC Mosaic Invoice,R5771,Directorate of Social Care and Health Services
Reading Borough Council,31/07/2025,257027,81014,PEOPLE MATTER SUPPORT SERVICES LTD,PS Acquired Community Services,4760.31,Third Party Payments          -,Purchased Care,RBC Mosaic Invoice,R5771,Directorate of Social Care and Health Services
Reading Borough Council,31/07/2025,257029,81014,PEOPLE MATTER SUPPORT SERVICES LTD,PS Acquired Community Services,4933.08,Third Party Payments          -,Purchased Care,RBC Mosaic Invoice,R5771,Directorate of Social Care and Health Services
Reading Borough Council,31/07/2025,257030,81014,PEOPLE MATTER SUPPORT SERVICES LTD,PS Acquired Community Services,5537.48,Third Party Payments          -,Purchased Care,RBC Mosaic Invoice,R5771,Directorate of Social Care and Health Services
Reading Borough Council,31/07/2025,257031,81014,PEOPLE MATTER SUPPORT SERVICES LTD,PS Acquired Community Services,5741.82,Third Party Payments          -,Purchased Care,RBC Mosaic Invoice,R5771,Directorate of Social Care and Health Services
Reading Borough Council,31/07/2025,257032,81014,PEOPLE MATTER SUPPORT SERVICES LTD,PS Acquired Community Services,5556.6,Third Party Payments          -,Purchased Care,RBC Mosaic Invoice,R5771,Directorate of Social Care and Health Services
Reading Borough Council,31/07/2025,257033,81014,PEOPLE MATTER SUPPORT SERVICES LTD,PS Acquired Community Services,5665.61,Third Party Payments          -,Purchased Care,RBC Mosaic Invoice,R5771,Directorate of Social Care and Health Services
Reading Borough Council,31/07/2025,257036,81014,PEOPLE MATTER SUPPORT SERVICES LTD,PS Acquired Community Services,914.17,Third Party Payments          -,Purchased Care,RBC Mosaic Invoice,R5771,Directorate of Social Care and Health Services
Reading Borough Council,31/07/2025,252300,81015,UNIVERSITY MEDICAL GROUP,Berkshire West Public Health H,4276.02,Third Party Payments          -,NHS Trusts,RBC Standard Invoice,R2002,Directorate of Social Care and Health Services
Reading Borough Council,31/07/2025,257257,81016,I.V CARE LTD,LD Community Services,7963.28,Third Party Payments          -,Purchased Care,RBC Mosaic Invoice,R5741,Directorate of Social Care and Health Services
Reading Borough Council,31/07/2025,256815,81017,LOVING ANGELS CARE,LD Community Services,1256.08,Third Party Payments          -,Purchased Care,RBC Mosaic Invoice,R5741,Directorate of Social Care and Health Services
Reading Borough Council,31/07/2025,256817,81017,LOVING ANGELS CARE,PS Acquired Community Services,2457.54,Third Party Payments          -,Purchased Care,RBC Mosaic Invoice,R5771,Directorate of Social Care and Health Services
Reading Borough Council,31/07/2025,256818,81017,LOVING ANGELS CARE,Social Support,666.12,Third Party Payments          -,Purchased Care,RBC Mosaic Invoice,R5790,Directorate of Social Care and Health Services
Reading Borough Council,31/07/2025,256819,81017,LOVING ANGELS CARE,Mental Health Community Servic,1166.36,Third Party Payments          -,Purchased Care,RBC Mosaic Invoice,R5731,Directorate of Social Care and Health Services
Reading Borough Council,31/07/2025,256821,81017,LOVING ANGELS CARE,LD Community Services,3140.2,Third Party Payments          -,Purchased Care,RBC Mosaic Invoice,R5741,Directorate of Social Care and Health Services
Reading Borough Council,31/07/2025,256823,81017,LOVING ANGELS CARE,LD Community Services,1758.88,Third Party Payments          -,Purchased Care,RBC Mosaic Invoice,R5741,Directorate of Social Care and Health Services
Reading Borough Council,31/07/2025,256825,81017,LOVING ANGELS CARE,LD Community Services,4372.02,Third Party Payments          -,Purchased Care,RBC Mosaic Invoice,R5741,Directorate of Social Care and Health Services
Reading Borough Council,31/07/2025,256830,81017,LOVING ANGELS CARE,LD Community Services,1884.12,Third Party Payments          -,Purchased Care,RBC Mosaic Invoice,R5741,Directorate of Social Care and Health Services
Reading Borough Council,31/07/2025,256842,81017,LOVING ANGELS CARE,Mental Health Community Servic,549.09,Third Party Payments          -,Purchased Care,RBC Mosaic Invoice,R5731,Directorate of Social Care and Health Services
Reading Borough Council,31/07/2025,256845,81017,LOVING ANGELS CARE,Mental Health Community Servic,690.84,Third Party Payments          -,Purchased Care,RBC Mosaic Invoice,R5731,Directorate of Social Care and Health Services
Reading Borough Council,31/07/2025,256847,81017,LOVING ANGELS CARE,Mental Health Community Servic,706.55,Third Party Payments          -,Purchased Care,RBC Mosaic Invoice,R5731,Directorate of Social Care and Health Services
Reading Borough Council,31/07/2025,256848,81017,LOVING ANGELS CARE,LD Community Services,2164.9,Third Party Payments          -,Purchased Care,RBC Mosaic Invoice,R5741,Directorate of Social Care and Health Services
Reading Borough Council,31/07/2025,256849,81017,LOVING ANGELS CARE,Mental Health Community Servic,583.18,Third Party Payments          -,Purchased Care,RBC Mosaic Invoice,R5731,Directorate of Social Care and Health Services
Reading Borough Council,31/07/2025,256862,81017,LOVING ANGELS CARE,LD Community Services,3213.42,Third Party Payments          -,Purchased Care,RBC Mosaic Invoice,R5741,Directorate of Social Care and Health Services
Reading Borough Council,31/07/2025,256876,81017,LOVING ANGELS CARE,Mental Health Community Servic,560.75,Third Party Payments          -,Purchased Care,RBC Mosaic Invoice,R5731,Directorate of Social Care and Health Services
Reading Borough Council,31/07/2025,256878,81017,LOVING ANGELS CARE,LD Community Services,538.32,Third Party Payments          -,Purchased Care,RBC Mosaic Invoice,R5741,Directorate of Social Care and Health Services
Reading Borough Council,31/07/2025,256988,81018,ENRICHED CARE SUPPORT SERVICES LTD,Mental Health Community Servic,4303.6,Third Party Payments          -,Purchased Care,RBC Mosaic Invoice,R5731,Directorate of Social Care and Health Services
Reading Borough Council,31/07/2025,257108,81018,ENRICHED CARE SUPPORT SERVICES LTD,Mental Health Community Servic,2150,Third Party Payments          -,Purchased Care,RBC Mosaic Invoice,R5731,Directorate of Social Care and Health Services
Reading Borough Council,31/07/2025,257109,81018,ENRICHED CARE SUPPORT SERVICES LTD,LD Community Services,10239.6,Third Party Payments          -,Purchased Care,RBC Mosaic Invoice,R5741,Directorate of Social Care and Health Services
Reading Borough Council,31/07/2025,257110,81018,ENRICHED CARE SUPPORT SERVICES LTD,Mental Health Community Servic,9591.8,Third Party Payments          -,Purchased Care,RBC Mosaic Invoice,R5731,Directorate of Social Care and Health Services
Reading Borough Council,31/07/2025,257256,81018,ENRICHED CARE SUPPORT SERVICES LTD,Mental Health Community Servic,5151.6,Third Party Payments          -,Purchased Care,RBC Mosaic Invoice,R5731,Directorate of Social Care and Health Services
Reading Borough Council,31/07/2025,256925,81019,ALL CARE (GB) LTD,PS Acquired Community Services,789.04,Third Party Payments          -,Purchased Care,RBC Mosaic Invoice,R5771,Directorate of Social Care and Health Services
Reading Borough Council,31/07/2025,256927,81019,ALL CARE (GB) LTD,PS Acquired Community Services,674.23,Third Party Payments          -,Purchased Care,RBC Mosaic Invoice,R5771,Directorate of Social Care and Health Services
Reading Borough Council,31/07/2025,256928,81019,ALL CARE (GB) LTD,PS Acquired Community Services,1971.48,Third Party Payments          -,Purchased Care,RBC Mosaic Invoice,R5771,Directorate of Social Care and Health Services
Reading Borough Council,31/07/2025,256930,81019,ALL CARE (GB) LTD,PS Acquired Community Services,2931.02,Third Party Payments          -,Purchased Care,RBC Mosaic Invoice,R5771,Directorate of Social Care and Health Services
Reading Borough Council,31/07/2025,256933,81019,ALL CARE (GB) LTD,PS Acquired Community Services,1218.56,Third Party Payments          -,Purchased Care,RBC Mosaic Invoice,R5771,Directorate of Social Care and Health Services
Reading Borough Council,31/07/2025,256934,81019,ALL CARE (GB) LTD,PS Acquired Community Services,1324.44,Third Party Payments          -,Purchased Care,RBC Mosaic Invoice,R5771,Directorate of Social Care and Health Services
Reading Borough Council,31/07/2025,256936,81019,ALL CARE (GB) LTD,PS Acquired Community Services,2936.91,Third Party Payments          -,Purchased Care,RBC Mosaic Invoice,R5771,Directorate of Social Care and Health Services
Reading Borough Council,31/07/2025,256938,81019,ALL CARE (GB) LTD,PS Acquired Community Services,877.24,Third Party Payments          -,Purchased Care,RBC Mosaic Invoice,R5771,Directorate of Social Care and Health Services
Reading Borough Council,31/07/2025,256940,81019,ALL CARE (GB) LTD,PS Acquired Community Services,1501.07,Third Party Payments          -,Purchased Care,RBC Mosaic Invoice,R5771,Directorate of Social Care and Health Services
Reading Borough Council,31/07/2025,256941,81019,ALL CARE (GB) LTD,PS Acquired Community Services,1083.2,Third Party Payments          -,Purchased Care,RBC Mosaic Invoice,R5771,Directorate of Social Care and Health Services
Reading Borough Council,31/07/2025,256942,81019,ALL CARE (GB) LTD,PS Acquired Community Services,877.02,Third Party Payments          -,Purchased Care,RBC Mosaic Invoice,R5771,Directorate of Social Care and Health Services
Reading Borough Council,31/07/2025,256943,81019,ALL CARE (GB) LTD,PS Acquired Community Services,606.29,Third Party Payments          -,Purchased Care,RBC Mosaic Invoice,R5771,Directorate of Social Care and Health Services
Reading Borough Council,31/07/2025,256949,81019,ALL CARE (GB) LTD,PS Acquired Community Services,1024.18,Third Party Payments          -,Purchased Care,RBC Mosaic Invoice,R5771,Directorate of Social Care and Health Services
Reading Borough Council,31/07/2025,256950,81019,ALL CARE (GB) LTD,Social Support,729.91,Third Party Payments          -,Purchased Care,RBC Mosaic Invoice,R5790,Directorate of Social Care and Health Services
Reading Borough Council,31/07/2025,256951,81019,ALL CARE (GB) LTD,PS Acquired Community Services,4074.14,Third Party Payments          -,Purchased Care,RBC Mosaic Invoice,R5771,Directorate of Social Care and Health Services
Reading Borough Council,31/07/2025,256953,81019,ALL CARE (GB) LTD,PS Acquired Community Services,630,Third Party Payments          -,Purchased Care,RBC Mosaic Invoice,R5771,Directorate of Social Care and Health Services
Reading Borough Council,31/07/2025,256955,81019,ALL CARE (GB) LTD,PS Acquired Community Services,1077.32,Third Party Payments          -,Purchased Care,RBC Mosaic Invoice,R5771,Directorate of Social Care and Health Services
Reading Borough Council,31/07/2025,256957,81019,ALL CARE (GB) LTD,Mental Health Community Servic,1353.67,Third Party Payments          -,Purchased Care,RBC Mosaic Invoice,R5731,Directorate of Social Care and Health Services
Reading Borough Council,31/07/2025,256960,81019,ALL CARE (GB) LTD,PS Acquired Community Services,565.02,Third Party Payments          -,Purchased Care,RBC Mosaic Invoice,R5771,Directorate of Social Care and Health Services
Reading Borough Council,31/07/2025,256964,81019,ALL CARE (GB) LTD,PS Acquired Community Services,612.96,Third Party Payments          -,Purchased Care,RBC Mosaic Invoice,R5771,Directorate of Social Care and Health Services
Reading Borough Council,31/07/2025,256965,81019,ALL CARE (GB) LTD,LD Community Services,1699.38,Third Party Payments          -,Purchased Care,RBC Mosaic Invoice,R5741,Directorate of Social Care and Health Services
Reading Borough Council,31/07/2025,253100,81020,ETERNAL READING HOMECARE,PS Acquired Community Services,2214.64,Third Party Payments          -,Purchased Care,RBC Mosaic Invoice,R5771,Directorate of Social Care and Health Services
Reading Borough Council,31/07/2025,253101,81020,ETERNAL READING HOMECARE,PS Acquired Community Services,659.68,Third Party Payments          -,Purchased Care,RBC Mosaic Invoice,R5771,Directorate of Social Care and Health Services
Reading Borough Council,31/07/2025,253631,81021,EDDISONS,Minster Quarter Revenue costs,11725,Supplies and Services         -,Consultancy Fees,RBC Standard Invoice,R1392,Directorate of Economic Growth and Neighbourhood Services
Reading Borough Council,31/07/2025,256888,81022,CARE OUTLOOK LTD,PS Acquired Community Services,2019.08,Third Party Payments          -,Purchased Care,RBC Mosaic Invoice,R5771,Directorate of Social Care and Health Services
Reading Borough Council,31/07/2025,256889,81022,CARE OUTLOOK LTD,PS Acquired Community Services,3751.23,Third Party Payments          -,Purchased Care,RBC Mosaic Invoice,R5771,Directorate of Social Care and Health Services
Reading Borough Council,31/07/2025,256890,81022,CARE OUTLOOK LTD,PS Acquired Community Services,1242.92,Third Party Payments          -,Purchased Care,RBC Mosaic Invoice,R5771,Directorate of Social Care and Health Services
Reading Borough Council,31/07/2025,256891,81022,CARE OUTLOOK LTD,Sensory Support Community Serv,932.04,Third Party Payments          -,Purchased Care,RBC Mosaic Invoice,R5711,Directorate of Social Care and Health Services
Reading Borough Council,31/07/2025,256892,81022,CARE OUTLOOK LTD,PS Acquired Community Services,1176.6,Third Party Payments          -,Purchased Care,RBC Mosaic Invoice,R5771,Directorate of Social Care and Health Services
Reading Borough Council,31/07/2025,256893,81022,CARE OUTLOOK LTD,PS Acquired Community Services,9319.8,Third Party Payments          -,Purchased Care,RBC Mosaic Invoice,R5771,Directorate of Social Care and Health Services
Reading Borough Council,31/07/2025,256895,81022,CARE OUTLOOK LTD,PS Acquired Community Services,9319.8,Third Party Payments          -,Purchased Care,RBC Mosaic Invoice,R5771,Directorate of Social Care and Health Services
Reading Borough Council,31/07/2025,256897,81022,CARE OUTLOOK LTD,LD Community Services,1065.22,Third Party Payments          -,Purchased Care,RBC Mosaic Invoice,R5741,Directorate of Social Care and Health Services
Reading Borough Council,31/07/2025,256898,81022,CARE OUTLOOK LTD,PS Acquired Community Services,3262.56,Third Party Payments          -,Purchased Care,RBC Mosaic Invoice,R5771,Directorate of Social Care and Health Services
Reading Borough Council,31/07/2025,256899,81022,CARE OUTLOOK LTD,LD Community Services,599.13,Third Party Payments          -,Purchased Care,RBC Mosaic Invoice,R5741,Directorate of Social Care and Health Services
Reading Borough Council,31/07/2025,256900,81022,CARE OUTLOOK LTD,PS Acquired Community Services,865.41,Third Party Payments          -,Purchased Care,RBC Mosaic Invoice,R5771,Directorate of Social Care and Health Services
Reading Borough Council,31/07/2025,256903,81022,CARE OUTLOOK LTD,PS Acquired Community Services,1398.32,Third Party Payments          -,Purchased Care,RBC Mosaic Invoice,R5771,Directorate of Social Care and Health Services
Reading Borough Council,31/07/2025,256905,81022,CARE OUTLOOK LTD,PS Acquired Community Services,1087.31,Third Party Payments          -,Purchased Care,RBC Mosaic Invoice,R5771,Directorate of Social Care and Health Services
Reading Borough Council,31/07/2025,256906,81022,CARE OUTLOOK LTD,PS Acquired Community Services,2796.64,Third Party Payments          -,Purchased Care,RBC Mosaic Invoice,R5771,Directorate of Social Care and Health Services
Reading Borough Council,31/07/2025,256907,81022,CARE OUTLOOK LTD,Mental Health Community Servic,549.39,Third Party Payments          -,Purchased Care,RBC Mosaic Invoice,R5731,Directorate of Social Care and Health Services
Reading Borough Council,31/07/2025,256944,81022,CARE OUTLOOK LTD,PS Acquired Community Services,1864.24,Third Party Payments          -,Purchased Care,RBC Mosaic Invoice,R5771,Directorate of Social Care and Health Services
Reading Borough Council,31/07/2025,256945,81022,CARE OUTLOOK LTD,LD Community Services,688.12,Third Party Payments          -,Purchased Care,RBC Mosaic Invoice,R5741,Directorate of Social Care and Health Services
Reading Borough Council,31/07/2025,256946,81022,CARE OUTLOOK LTD,Mental Health Community Servic,532.56,Third Party Payments          -,Purchased Care,RBC Mosaic Invoice,R5731,Directorate of Social Care and Health Services
Reading Borough Council,31/07/2025,256947,81022,CARE OUTLOOK LTD,PS Acquired Community Services,2641.24,Third Party Payments          -,Purchased Care,RBC Mosaic Invoice,R5771,Directorate of Social Care and Health Services
Reading Borough Council,31/07/2025,256958,81022,CARE OUTLOOK LTD,PS Acquired Community Services,2795.94,Third Party Payments          -,Purchased Care,RBC Mosaic Invoice,R5771,Directorate of Social Care and Health Services
Reading Borough Council,31/07/2025,256959,81022,CARE OUTLOOK LTD,PS Acquired Community Services,621.6,Third Party Payments          -,Purchased Care,RBC Mosaic Invoice,R5771,Directorate of Social Care and Health Services
Reading Borough Council,31/07/2025,256967,81022,CARE OUTLOOK LTD,Mental Health Community Servic,688.12,Third Party Payments          -,Purchased Care,RBC Mosaic Invoice,R5731,Directorate of Social Care and Health Services
Reading Borough Council,31/07/2025,256971,81022,CARE OUTLOOK LTD,LD Community Services,754.76,Third Party Payments          -,Purchased Care,RBC Mosaic Invoice,R5741,Directorate of Social Care and Health Services
Reading Borough Council,31/07/2025,256972,81022,CARE OUTLOOK LTD,PS Acquired Community Services,2685.38,Third Party Payments          -,Purchased Care,RBC Mosaic Invoice,R5771,Directorate of Social Care and Health Services
Reading Borough Council,31/07/2025,256975,81022,CARE OUTLOOK LTD,Mental Health Community Servic,1420.52,Third Party Payments          -,Purchased Care,RBC Mosaic Invoice,R5731,Directorate of Social Care and Health Services
Reading Borough Council,31/07/2025,256976,81022,CARE OUTLOOK LTD,PS Acquired Community Services,9319.8,Third Party Payments          -,Purchased Care,RBC Mosaic Invoice,R5771,Directorate of Social Care and Health Services
Reading Borough Council,31/07/2025,256977,81022,CARE OUTLOOK LTD,Mental Health Community Servic,887.88,Third Party Payments          -,Purchased Care,RBC Mosaic Invoice,R5731,Directorate of Social Care and Health Services
Reading Borough Council,31/07/2025,256978,81022,CARE OUTLOOK LTD,PS Acquired Community Services,932.4,Third Party Payments          -,Purchased Care,RBC Mosaic Invoice,R5771,Directorate of Social Care and Health Services
Reading Borough Council,31/07/2025,256981,81022,CARE OUTLOOK LTD,PS Acquired Community Services,643.62,Third Party Payments          -,Purchased Care,RBC Mosaic Invoice,R5771,Directorate of Social Care and Health Services
Reading Borough Council,31/07/2025,256982,81022,CARE OUTLOOK LTD,PS Acquired Community Services,1309.8,Third Party Payments          -,Purchased Care,RBC Mosaic Invoice,R5771,Directorate of Social Care and Health Services
Reading Borough Council,31/07/2025,256983,81022,CARE OUTLOOK LTD,PS Acquired Community Services,932.4,Third Party Payments          -,Purchased Care,RBC Mosaic Invoice,R5771,Directorate of Social Care and Health Services
Reading Borough Council,31/07/2025,256984,81022,CARE OUTLOOK LTD,PS Acquired Community Services,1365.08,Third Party Payments          -,Purchased Care,RBC Mosaic Invoice,R5771,Directorate of Social Care and Health Services
Reading Borough Council,31/07/2025,256987,81022,CARE OUTLOOK LTD,PS Acquired Community Services,1531.76,Third Party Payments          -,Purchased Care,RBC Mosaic Invoice,R5771,Directorate of Social Care and Health Services
Reading Borough Council,31/07/2025,257006,81023,CHIRON CARE (UK) LTD,Mental Health Community Servic,2686.2,Third Party Payments          -,Purchased Care,RBC Mosaic Invoice,R5731,Directorate of Social Care and Health Services
Reading Borough Council,31/07/2025,257007,81023,CHIRON CARE (UK) LTD,Mental Health Community Servic,2500.2,Third Party Payments          -,Purchased Care,RBC Mosaic Invoice,R5731,Directorate of Social Care and Health Services
Reading Borough Council,31/07/2025,257008,81023,CHIRON CARE (UK) LTD,PS Acquired Community Services,2034.3,Third Party Payments          -,Purchased Care,RBC Mosaic Invoice,R5771,Directorate of Social Care and Health Services
Reading Borough Council,31/07/2025,257009,81023,CHIRON CARE (UK) LTD,Mental Health Community Servic,3426.3,Third Party Payments          -,Purchased Care,RBC Mosaic Invoice,R5731,Directorate of Social Care and Health Services
Reading Borough Council,31/07/2025,257010,81023,CHIRON CARE (UK) LTD,Mental Health Community Servic,3088.2,Third Party Payments          -,Purchased Care,RBC Mosaic Invoice,R5731,Directorate of Social Care and Health Services
Reading Borough Council,31/07/2025,257011,81023,CHIRON CARE (UK) LTD,Mental Health Community Servic,1799.4,Third Party Payments          -,Purchased Care,RBC Mosaic Invoice,R5731,Directorate of Social Care and Health Services
Reading Borough Council,31/07/2025,246277,81026,RAPHSON SOCIAL CARE LTD,Deprivation of Liberty Safegua,2173.86,Supplies and Services         -,Professional Fees,RBC Standard Invoice,R5729,Directorate of Social Care and Health Services
Reading Borough Council,31/07/2025,239737,81027,REFUSE VEHICLE SOLUTIONS,Fleet Management,1300,Transport Related Expenditure -,Vehicle Spot Hire,RBC Standard Invoice,R4552,Directorate of Economic Growth and Neighbourhood Services
Reading Borough Council,31/07/2025,240172,81027,REFUSE VEHICLE SOLUTIONS,Fleet Management,750,Transport Related Expenditure -,Vehicle Spot Hire,RBC Standard Invoice,R4552,Directorate of Economic Growth and Neighbourhood Services
Reading Borough Council,31/07/2025,244750,81027,REFUSE VEHICLE SOLUTIONS,Fleet Management,750,Transport Related Expenditure -,Vehicle Spot Hire,RBC Standard Invoice,R4552,Directorate of Economic Growth and Neighbourhood Services
Reading Borough Council,31/07/2025,246381,81027,REFUSE VEHICLE SOLUTIONS,Fleet Management,600,Transport Related Expenditure -,Vehicle Spot Hire,RBC Standard Invoice,R4552,Directorate of Economic Growth and Neighbourhood Services
Reading Borough Council,04/07/2025,,25100,DOMLOW Ltd,Housing Advice,1292.31,Premises Related Expenses     -,Preventative & Support Svces,Faster Payment,R5820,Directorate of Economic Growth and Neighbourhood Services
Reading Borough Council,08/07/2025,,25102,Homes for Reading,New Build & Acquis: Phase 2-4,2240000,Capital                       -,Property Acquisition,CHAPS,C8712,Capital
Reading Borough Council,08/07/2025,,25103,Post Office Limited ,Voluntary Sector & Community G,503125,Supplies and Services         -,Other Supps & Servs Costs,CHAPS,R2041,Directorate of Resources
Reading Borough Council,09/07/2025,,25109,Reliance Property Lets Ltd,Housing Advice,1695.38,Premises Related Expenses     -,Preventative & Support Svces,Faster Payment,R5820,Directorate of Economic Growth and Neighbourhood Services
Reading Borough Council,10/07/2025,,25111,LOCKE PROPERTY MANAGEMENT LTD,Housing Advice,1700,Premises Related Expenses     -,Preventative & Support Svces,Faster Payment,R5820,Directorate of Economic Growth and Neighbourhood Services
Reading Borough Council,11/07/2025,,25112,QUADJ PROPERTY GROUP LIMITED,Housing Advice,3123.07,Premises Related Expenses     -,Preventative & Support Svces,Faster Payment,R5820,Directorate of Economic Growth and Neighbourhood Services
Reading Borough Council,14/07/2025,,25108,Sansome and George Residential Sales,Housing Advice,2308.61,Premises Related Expenses     -,Preventative & Support Svces,Faster Payment,R5820,Directorate of Economic Growth and Neighbourhood Services
Reading Borough Council,16/07/2025,,25115,David Dallas,RBC Balance Sheet,4596.8,Current Assets                -,RIA - DEGNS,Faster Payment,R9999,Balance Sheet
Reading Borough Council,16/07/2025,,25116,Apollo Housing Ltd,Housing Advice,1825.79,Premises Related Expenses     -,Preventative & Support Svces,Faster Payment,R5820,Directorate of Economic Growth and Neighbourhood Services
Reading Borough Council,17/07/2025,,25119,James Nowell,Housing Advice,1634.76,Premises Related Expenses     -,Preventative & Support Svces,Faster Payment,R5820,Directorate of Economic Growth and Neighbourhood Services
Reading Borough Council,17/07/2025,,25121,Watson Rekai Properties Ltd,Housing Advice,1345,Premises Related Expenses     -,Preventative & Support Svces,Faster Payment,R5820,Directorate of Economic Growth and Neighbourhood Services
Reading Borough Council,22/07/2025,,25127,Northwood Reading,Housing Advice,1830,Premises Related Expenses     -,Preventative & Support Svces,Faster Payment,R5820,Directorate of Economic Growth and Neighbourhood Services
Reading Borough Council,23/07/2025,,25129,Mercia Jackson,Housing Advice,1750,Premises Related Expenses     -,Preventative & Support Svces,Faster Payment,R5820,Directorate of Economic Growth and Neighbourhood Services
Reading Borough Council,23/07/2025,,25130,Mr A J Norman  ,Housing Advice,2584.62,Premises Related Expenses     -,Preventative & Support Svces,Faster Payment,R5820,Directorate of Economic Growth and Neighbourhood Services
Reading Borough Council,24/07/2025,,25132,SOVEREIGN HOUSING,Mental Health Other Services,791.18,Supplies and Services         -,Other Social Care Support,Faster Payment,R5734,Directorate of Social Care and Health Services
Reading Borough Council,25/07/2025,,25133,Pugh Property Management Group Ltd ,Housing Advice,1370,Premises Related Expenses     -,Preventative & Support Svces,Faster Payment,R5820,Directorate of Economic Growth and Neighbourhood Services
Reading Borough Council,28/07/2025,,25135,Field Seymour Parkes LLP,Local Authority Housing Fund,137328.97,Capital                       -,Property Acquisition,Faster Payment,C8710,Capital
Reading Borough Council,28/07/2025,,25137,IRENE NGACHA,Public Health Team Costs,850,Supplies and Services         -,Rents,Faster Payment,R2065,Directorate of Social Care and Health Services
Reading Borough Council,29/07/2025,,25138, Mrs J F Gray ,Housing Advice,3230.76,Premises Related Expenses     -,Preventative & Support Svces,Faster Payment,R5820,Directorate of Economic Growth and Neighbourhood Services
Reading Borough Council,29/07/2025,,25139,CHRISTOPHER PAUL MERCIER t/as PRINTMAKER,RBC Balance Sheet,1800,Current Assets                -,RIA - DEGNS,Faster Payment,R9999,Balance Sheet
Reading Borough Council,30/07/2025,,25141,DOMLOW LTD,Housing Advice,3173.08,Premises Related Expenses     -,Preventative & Support Svces,Faster Payment,R5820,Directorate of Economic Growth and Neighbourhood Services
Reading Borough Council,30/07/2025,,25142,Cedar Housing Group LTD,Housing Advice,10400,Premises Related Expenses     -,Preventative & Support Svces,Faster Payment,R5820,Directorate of Economic Growth and Neighbourhood Services
Reading Borough Council,30/07/2025,,25143,DOMLOW LTD,Housing Advice,2584,Premises Related Expenses     -,Preventative & Support Svces,Faster Payment,R5820,Directorate of Economic Growth and Neighbourhood Services
Reading Borough Council,30/07/2025,,25145,LOCKE PROPERTY MANAGEMENT LTD,Housing Advice,2000,Premises Related Expenses     -,Preventative & Support Svces,Faster Payment,R5820,Directorate of Economic Growth and Neighbourhood Services
Reading Borough Council,31/07/2025,,25144,Adams Estates Limited,Housing Advice,3338,Premises Related Expenses     -,Preventative & Support Svces,Faster Payment,R5820,Directorate of Economic Growth and Neighbourhood Services
Reading Borough Council,03/07/2025,,,Facebk *shsf9vlxb2,Cultural Services Marketing,546.47,Supplies and Services         -,Publicity & Media Work,Visa Purchasing Card,R1235,Directorate of Economic Growth and Neighbourhood Services
Reading Borough Council,10/07/2025,,,Graham,Homes for Reading - Market Ren,563.52,Premises Related Expenses     -,Preventative & Support Svces,Visa Purchasing Card,R5875,Directorate of Economic Growth and Neighbourhood Services
Reading Borough Council,16/07/2025,,,Intuit Ltd Mailchimp,Waste Disposal,510.93,Supplies and Services         -,Publicity & Media Work,Visa Purchasing Card,R4562,Directorate of Economic Growth and Neighbourhood Services
Reading Borough Council,17/07/2025,,,Howdens Stock Mid,Planned Maintenance Trades,500.68,Third Party Payments          -,Materials,Visa Purchasing Card,R4040,Directorate of Economic Growth and Neighbourhood Services
Reading Borough Council,18/07/2025,,,Travelodge Gb0000,Housing Management,505.61,Supplies and Services         -,Professional Fees,Visa Purchasing Card,R5920,Housing
Reading Borough Council,24/07/2025,,,Mailchimp *monthly,IT Management,549.82,Supplies and Services         -,Bank Charges,Visa Purchasing Card,R2300,Directorate of Resources
Reading Borough Council,25/07/2025,,,Travelodge Gb0000,Housing Management,572.85,Supplies and Services         -,Professional Fees,Visa Purchasing Card,R5920,Housing
Reading Borough Council,29/07/2025,,,Www.Barprofessionaltra,Joint Legal Team,950,Supplies and Services         -,Training & Development Costs,Visa Purchasing Card,R2405,Directorate of Resources
Reading Borough Council,31/07/2025,,,Bfbc Telephone,Partnership Equipment Group,1014,Supplies and Services         -,Equipment Purchase & Repair,Visa Purchasing Card,R5110,Directorate of Social Care and Health Services
