Purchasing Organisation,Payment Date,Voucher Number (Internal Classification),Payment Number,Supplier Name,Service Area,Amount (œ),Purpose,Supplier Type (Internal Classification),Invoice Type (Internal Classification),Cost Centre No,Directorate
RBC Legal Entity,03/02/2022,4648549,62,DEAF REACH UK,ASC Senior Management Team,-4645,Other support - not recoverabl,Third Party Supplier,CREDIT,5700,JAAA-Directorate of Social Care and Health Services
RBC Legal Entity,09/02/2022,3823127,63,SWIIS UK LTD,External Placements,693.98,Foster Care Allowance,Third Party Supplier,STANDARD,5400,NAAA-Former Directorate of Education and Childrens Services
RBC Legal Entity,09/02/2022,3823130,63,SWIIS UK LTD,External Placements,-693.98,Foster Care Allowance,Third Party Supplier,CREDIT,5400,NAAA-Former Directorate of Education and Childrens Services
RBC Legal Entity,09/02/2022,3823132,63,SWIIS UK LTD,External Placements,-693.98,Foster Care Allowance,Third Party Supplier,CREDIT,5400,NAAA-Former Directorate of Education and Childrens Services
RBC Legal Entity,09/02/2022,4649434,64,FORPSYCH LTD,JLT Disbursements,-700,Misc. Legal Expenses,Third Party Supplier,CREDIT,2407,LAAA-Directorate of Resources
RBC Legal Entity,15/02/2022,4650748,65,MORRIS & BLUNT,Crematorium,-1518,Grounds Maintenance,SUB-CONTRACTOR,CREDIT,4606,LAAA-Directorate of Resources
RBC Legal Entity,02/02/2022,4647088,176,FLORENCE CARE (READING) LTD,M&C Acquired Nursing,97584,EMI,Direct Payments,STANDARD,5753,JAAA-Directorate of Social Care and Health Services
RBC Legal Entity,02/02/2022,4647197,176,FLORENCE CARE (READING) LTD,M&C Acquired Nursing,-11556,EMI,Direct Payments,CREDIT,5753,JAAA-Directorate of Social Care and Health Services
RBC Legal Entity,11/02/2022,4087017,178,ABILITY HOUSING ASSOCIATION,LD Community Services,1722.82,Purchased Care,SUPPLIER,STANDARD,5741,JAAA-Directorate of Social Care and Health Services
RBC Legal Entity,11/02/2022,4087018,178,ABILITY HOUSING ASSOCIATION,LD Community Services,-1722.82,Purchased Care,SUPPLIER,CREDIT,5741,JAAA-Directorate of Social Care and Health Services
RBC Legal Entity,11/02/2022,4087019,178,ABILITY HOUSING ASSOCIATION,LD Community Services,1556.1,Purchased Care,SUPPLIER,STANDARD,5741,JAAA-Directorate of Social Care and Health Services
RBC Legal Entity,11/02/2022,4087020,178,ABILITY HOUSING ASSOCIATION,LD Community Services,-1556.1,Purchased Care,SUPPLIER,CREDIT,5741,JAAA-Directorate of Social Care and Health Services
RBC Legal Entity,11/02/2022,4279252,179,BMT GROUP LIMITED,Planning,800,TPP  Contract,SUPPLIER,STANDARD,4700,KAAA-Directorate of Economic Growth and Neighbourhood Services
RBC Legal Entity,11/02/2022,4288744,179,BMT GROUP LIMITED,Planning,-800,TPP  Contract,SUPPLIER,CREDIT,4700,KAAA-Directorate of Economic Growth and Neighbourhood Services
RBC Legal Entity,11/02/2022,3754958,180,CU CARE LTD,PS Acquired Residential,-15268.67,Purchased Care,SUPPLIER,CREDIT,5772,JAAA-Directorate of Social Care and Health Services
RBC Legal Entity,11/02/2022,3755086,180,CU CARE LTD,M&C Acquired Residential,15268.67,Purchased Care,SUPPLIER,STANDARD,5752,JAAA-Directorate of Social Care and Health Services
RBC Legal Entity,11/02/2022,4531096,181,ECOLAB LTD,Repairs,901.97,Estate Maintenance,SUPPLIER,STANDARD,5970,HAAA-Housing Revenue Account
RBC Legal Entity,11/02/2022,4536545,181,ECOLAB LTD,Repairs,-901.97,Estate Maintenance,SUPPLIER,CREDIT,5970,HAAA-Housing Revenue Account
RBC Legal Entity,11/02/2022,4048547,182,FINEFUTURES LTD,LD Community Services,1820,Purchased Care,SUPPLIER,STANDARD,5741,JAAA-Directorate of Social Care and Health Services
RBC Legal Entity,11/02/2022,4048548,182,FINEFUTURES LTD,LD Community Services,-1820,Purchased Care,SUPPLIER,CREDIT,5741,JAAA-Directorate of Social Care and Health Services
RBC Legal Entity,11/02/2022,4294632,184,HORIZON CARE,External Placements,5750,Purchased Care,SUPPLIER,STANDARD,5400,NAAA-Former Directorate of Education and Childrens Services
RBC Legal Entity,11/02/2022,4294633,184,HORIZON CARE,External Placements,-5750,Purchased Care,SUPPLIER,CREDIT,5400,NAAA-Former Directorate of Education and Childrens Services
RBC Legal Entity,11/02/2022,4341205,184,HORIZON CARE,External Placements,10500,Purchased Care,SUPPLIER,STANDARD,5400,NAAA-Former Directorate of Education and Childrens Services
RBC Legal Entity,11/02/2022,4341206,184,HORIZON CARE,External Placements,-10500,Purchased Care,SUPPLIER,CREDIT,5400,NAAA-Former Directorate of Education and Childrens Services
RBC Legal Entity,11/02/2022,4641802,185,HQN LIMITED,DLO Housing Building Maintenance (General),-450,Training & Development Costs,SUPPLIER,CREDIT,4005,KAAA-Directorate of Economic Growth and Neighbourhood Services
RBC Legal Entity,11/02/2022,4644191,185,HQN LIMITED,DLO Housing Building Maintenance (General),450,Training & Development Costs,SUPPLIER,STANDARD,4005,KAAA-Directorate of Economic Growth and Neighbourhood Services
RBC Legal Entity,11/02/2022,4109470,190,MARK A'BEAR,School Improvement,-1040,Consultancy Fees,Third Party Supplier,CREDIT,3863,NAAA-Former Directorate of Education and Childrens Services
RBC Legal Entity,11/02/2022,4109473,190,MARK A'BEAR,School Improvement,1040,Consultancy Fees,Third Party Supplier,STANDARD,3863,NAAA-Former Directorate of Education and Childrens Services
RBC Legal Entity,11/02/2022,4279464,192,NEWBURY COLLEGE,High Needs Block (DSG) ? Top Up Funding,39195.95,Education Placements,SUPPLIER,STANDARD,3625,NAAA-Former Directorate of Education and Childrens Services
RBC Legal Entity,11/02/2022,4279465,192,NEWBURY COLLEGE,High Needs Block (DSG) ? Top Up Funding,-35628.39,Education Placements,SUPPLIER,CREDIT,3625,NAAA-Former Directorate of Education and Childrens Services
RBC Legal Entity,11/02/2022,4456914,192,NEWBURY COLLEGE,High Needs Block (DSG) ? Top Up Funding,-1783.78,Education Placements,SUPPLIER,CREDIT,3625,NAAA-Former Directorate of Education and Childrens Services
RBC Legal Entity,11/02/2022,4456915,192,NEWBURY COLLEGE,High Needs Block (DSG) ? Top Up Funding,-1783.78,Education Placements,SUPPLIER,CREDIT,3625,NAAA-Former Directorate of Education and Childrens Services
RBC Legal Entity,11/02/2022,4327069,193,NEXT STEP FOSTERING,External Placements,9189.77,Foster Care Allowance,SUPPLIER,STANDARD,5400,NAAA-Former Directorate of Education and Childrens Services
RBC Legal Entity,11/02/2022,4327070,193,NEXT STEP FOSTERING,External Placements,-9189.77,Foster Care Allowance,SUPPLIER,CREDIT,5400,NAAA-Former Directorate of Education and Childrens Services
RBC Legal Entity,11/02/2022,4057363,195,OXFORD HEALTH NHS FOUNDATION TRUST,Exchequer Services,10010,Building Maintenance,SUPPLIER,STANDARD,2210,LAAA-Directorate of Resources
RBC Legal Entity,11/02/2022,4057364,195,OXFORD HEALTH NHS FOUNDATION TRUST,Exchequer Services,-10010,Building Maintenance,SUPPLIER,CREDIT,2210,LAAA-Directorate of Resources
RBC Legal Entity,11/02/2022,4379236,196,PERSONAL SECURITY SERVICES LIMITED,Children in need expenses,1182.22,Booked Travel,Third Party Supplier,STANDARD,5426,NAAA-Former Directorate of Education and Childrens Services
RBC Legal Entity,11/02/2022,4379237,196,PERSONAL SECURITY SERVICES LIMITED,Children in need expenses,-1182.22,Booked Travel,Third Party Supplier,CREDIT,5426,NAAA-Former Directorate of Education and Childrens Services
RBC Legal Entity,11/02/2022,4587641,198,PPC TRANSPORT LIMITED,Corporate Maintenance Services,580,NNDR Pool,Third Party Supplier,STANDARD,4080,KAAA-Directorate of Economic Growth and Neighbourhood Services
RBC Legal Entity,11/02/2022,4601166,198,PPC TRANSPORT LIMITED,Corporate Maintenance Services,-580,NNDR Pool,Third Party Supplier,CREDIT,4080,KAAA-Directorate of Economic Growth and Neighbourhood Services
RBC Legal Entity,11/02/2022,4319527,199,PROSPECT SCHOOL,Syrian Refugee?s,-3100,Computer Consumables,SUPPLIER,CREDIT,2022,LAAA-Directorate of Resources
RBC Legal Entity,11/02/2022,4613821,199,PROSPECT SCHOOL,Syrian Refugee?s,620,Computer Consumables,SUPPLIER,STANDARD,2022,LAAA-Directorate of Resources
RBC Legal Entity,11/02/2022,4613821,199,PROSPECT SCHOOL,Syrian Refugee?s,3100,Computer Consumables,SUPPLIER,STANDARD,2022,LAAA-Directorate of Resources
RBC Legal Entity,11/02/2022,4613822,199,PROSPECT SCHOOL,Syrian Refugee?s,-620,Computer Consumables,SUPPLIER,CREDIT,2022,LAAA-Directorate of Resources
RBC Legal Entity,11/02/2022,3984312,200,RANDSTAD CARE LTD,Personal Budget Support Team,1725,Travel Expenses,SUPPLIER,STANDARD,5258,JAAA-Directorate of Social Care and Health Services
RBC Legal Entity,11/02/2022,4237515,200,RANDSTAD CARE LTD,Personal Budget Support Team,-1725,Travel Expenses,SUPPLIER,CREDIT,5258,JAAA-Directorate of Social Care and Health Services
RBC Legal Entity,11/02/2022,4204349,201,RED BALLOON LEARNER CENTRE READING,High Needs Block (DSG) ? Top Up Funding,7000,Education Placements,SUPPLIER,STANDARD,3625,NAAA-Former Directorate of Education and Childrens Services
RBC Legal Entity,11/02/2022,4220541,201,RED BALLOON LEARNER CENTRE READING,High Needs Block (DSG) ? Top Up Funding,-7000,Education Placements,SUPPLIER,CREDIT,3625,NAAA-Former Directorate of Education and Childrens Services
RBC Legal Entity,11/02/2022,4577876,202,RENAULT TRUCK COMMERCIAL LTD,Corporate Vehicle Procurement,-66787,Vehicles,SUPPLIER,CREDIT,8623,ZZZC-Capital
RBC Legal Entity,11/02/2022,4577876,202,RENAULT TRUCK COMMERCIAL LTD,Corporate Vehicle Procurement,-340,Vehicles,SUPPLIER,CREDIT,8623,ZZZC-Capital
RBC Legal Entity,11/02/2022,4577877,202,RENAULT TRUCK COMMERCIAL LTD,Corporate Vehicle Procurement,340,Vehicles,SUPPLIER,STANDARD,8623,ZZZC-Capital
RBC Legal Entity,11/02/2022,4577877,202,RENAULT TRUCK COMMERCIAL LTD,Corporate Vehicle Procurement,66787,Vehicles,SUPPLIER,STANDARD,8623,ZZZC-Capital
RBC Legal Entity,11/02/2022,3951161,203,ROSAMOND CAPEK,Section 17 expenses,-1800,Rent Paid,SUPPLIER,CREDIT,5427,NAAA-Former Directorate of Education and Childrens Services
RBC Legal Entity,11/02/2022,4021161,203,ROSAMOND CAPEK,Section 17 expenses,900,Rent Paid,SUPPLIER,STANDARD,5427,NAAA-Former Directorate of Education and Childrens Services
RBC Legal Entity,11/02/2022,4021162,203,ROSAMOND CAPEK,Section 17 expenses,900,Rent Paid,SUPPLIER,STANDARD,5427,NAAA-Former Directorate of Education and Childrens Services
RBC Legal Entity,11/02/2022,4536009,205,SECURITY AND ELECTRONIC SOLUTIONS LTD,Strategic Transport & Concessionary Fares,-1148.02,TPP to Others,SUPPLIER,CREDIT,4726,KAAA-Directorate of Economic Growth and Neighbourhood Services
RBC Legal Entity,11/02/2022,4544777,205,SECURITY AND ELECTRONIC SOLUTIONS LTD,Strategic Transport & Concessionary Fares,1148.02,TPP to Others,SUPPLIER,STANDARD,4726,KAAA-Directorate of Economic Growth and Neighbourhood Services
RBC Legal Entity,11/02/2022,4275494,206,SIMPLY COMMERCE GROUP LTD,ASC Locality Team,-2350,Car Allowances,SUPPLIER,CREDIT,5721,JAAA-Directorate of Social Care and Health Services
RBC Legal Entity,11/02/2022,4275495,206,SIMPLY COMMERCE GROUP LTD,ASC Locality Team,2350,Car Allowances,SUPPLIER,STANDARD,5721,JAAA-Directorate of Social Care and Health Services
RBC Legal Entity,11/02/2022,4642818,207,SOLUTIONS 4 HEALTH LTD,Berkshire West Public Health Hub,48000,Payments to Operators,Third Party Supplier,STANDARD,2002,JAAA-Directorate of Social Care and Health Services
RBC Legal Entity,11/02/2022,4642819,207,SOLUTIONS 4 HEALTH LTD,Berkshire West Public Health Hub,-48000,Payments to Operators,Third Party Supplier,CREDIT,2002,JAAA-Directorate of Social Care and Health Services
RBC Legal Entity,11/02/2022,4199713,211,THE GREEN ROOM FOUNDATION LTD,High Needs Block (DSG) ? Top Up Funding,12500,Education Placements,Third Party Supplier,STANDARD,3625,NAAA-Former Directorate of Education and Childrens Services
RBC Legal Entity,11/02/2022,4199716,211,THE GREEN ROOM FOUNDATION LTD,High Needs Block (DSG) ? Top Up Funding,-12500,Education Placements,Third Party Supplier,CREDIT,3625,NAAA-Former Directorate of Education and Childrens Services
RBC Legal Entity,11/02/2022,4189328,212,THE SOUTHOVER PARTNERSHIP,High Needs Block (DSG) ? Top Up Funding,14200,Education Placements,SUPPLIER,STANDARD,3625,NAAA-Former Directorate of Education and Childrens Services
RBC Legal Entity,11/02/2022,4226573,212,THE SOUTHOVER PARTNERSHIP,High Needs Block (DSG) ? Top Up Funding,-14200,Education Placements,SUPPLIER,CREDIT,3625,NAAA-Former Directorate of Education and Childrens Services
RBC Legal Entity,11/02/2022,4618952,213,THERA EAST ANGLIA,Mental Health Community Services,2788.38,Purchased Care,SUPPLIER,STANDARD,5731,JAAA-Directorate of Social Care and Health Services
RBC Legal Entity,11/02/2022,4618953,213,THERA EAST ANGLIA,Mental Health Community Services,-2788.38,Purchased Care,SUPPLIER,CREDIT,5731,JAAA-Directorate of Social Care and Health Services
RBC Legal Entity,11/02/2022,4618956,213,THERA EAST ANGLIA,Mental Health Community Services,2788.38,Purchased Care,SUPPLIER,STANDARD,5731,JAAA-Directorate of Social Care and Health Services
RBC Legal Entity,11/02/2022,4618959,213,THERA EAST ANGLIA,Mental Health Community Services,-2788.38,Purchased Care,SUPPLIER,CREDIT,5731,JAAA-Directorate of Social Care and Health Services
RBC Legal Entity,11/02/2022,4478031,214,TOGETHER WORKING FOR WELLBEING,ASC Voluntary Grants,40250,GrantsVolunt.Organ.,SUPPLIER,STANDARD,5300,JAAA-Directorate of Social Care and Health Services
RBC Legal Entity,11/02/2022,4478036,214,TOGETHER WORKING FOR WELLBEING,ASC Voluntary Grants,-40250,GrantsVolunt.Organ.,SUPPLIER,CREDIT,5300,JAAA-Directorate of Social Care and Health Services
RBC Legal Entity,11/02/2022,4203264,218,TRIMBLE UK LTD,Valuation,15300,Equipment Purchase & Repair,SUPPLIER,STANDARD,2100,KAAA-Directorate of Economic Growth and Neighbourhood Services
RBC Legal Entity,11/02/2022,4203265,218,TRIMBLE UK LTD,Valuation,-15300,Equipment Purchase & Repair,SUPPLIER,CREDIT,2100,KAAA-Directorate of Economic Growth and Neighbourhood Services
RBC Legal Entity,11/02/2022,4362318,220,WHALE TANKERS LTD,Civil Engineering,904.16,Surface Water Management Plan,SUPPLIER,STANDARD,4550,KAAA-Directorate of Economic Growth and Neighbourhood Services
RBC Legal Entity,11/02/2022,4445375,220,WHALE TANKERS LTD,Civil Engineering,-904.16,Surface Water Management Plan,SUPPLIER,CREDIT,4550,KAAA-Directorate of Economic Growth and Neighbourhood Services
RBC Legal Entity,14/02/2022,3018526,221,RESOURCING GROUP,DLO Day to Day Trades,565.06,Subcontractors Labour,SUPPLIER,STANDARD,4010,KAAA-Directorate of Economic Growth and Neighbourhood Services
RBC Legal Entity,14/02/2022,3809834,221,RESOURCING GROUP,DLO Day to Day Trades,565.06,Subcontractors Labour,SUPPLIER,STANDARD,4010,KAAA-Directorate of Economic Growth and Neighbourhood Services
RBC Legal Entity,14/02/2022,3809835,221,RESOURCING GROUP,DLO Day to Day Trades,-1130.12,Subcontractors Labour,SUPPLIER,CREDIT,4010,KAAA-Directorate of Economic Growth and Neighbourhood Services
RBC Legal Entity,14/02/2022,4319858,223,PROJECT AUDIO VISUAL LTD T/A MASS MEDIA ADVERTISING,Cultural Services Marketing,3750,Publicity & Media Work,Third Party Supplier,STANDARD,1235,KAAA-Directorate of Economic Growth and Neighbourhood Services
RBC Legal Entity,14/02/2022,4321962,223,PROJECT AUDIO VISUAL LTD T/A MASS MEDIA ADVERTISING,Cultural Services Marketing,-3750,Publicity & Media Work,Third Party Supplier,CREDIT,1235,KAAA-Directorate of Economic Growth and Neighbourhood Services
RBC Legal Entity,01/02/2022,4643592,269184,PITNEY BOWES LTD,Post Room,-61.1,Postage Carriage Stamp Duty,Third Party Supplier,CREDIT,2585,KAAA-Directorate of Economic Growth and Neighbourhood Services
RBC Legal Entity,01/02/2022,4643592,269184,PITNEY BOWES LTD,Post Room,5,Postage Carriage Stamp Duty,Third Party Supplier,STANDARD,2585,KAAA-Directorate of Economic Growth and Neighbourhood Services
RBC Legal Entity,01/02/2022,4643592,269184,PITNEY BOWES LTD,Post Room,56.1,Postage Carriage Stamp Duty,Third Party Supplier,STANDARD,2585,KAAA-Directorate of Economic Growth and Neighbourhood Services
RBC Legal Entity,01/02/2022,4643592,269184,PITNEY BOWES LTD,Post Room,4102.59,Postage Carriage Stamp Duty,Third Party Supplier,STANDARD,2585,KAAA-Directorate of Economic Growth and Neighbourhood Services
RBC Legal Entity,01/02/2022,4642137,269185,BIDVEST FOODSERVICE (BIDFOOD),Hexagon Catering,4.13,Purchases - Stock Provisions,SUPPLIER,STANDARD,1241,KAAA-Directorate of Economic Growth and Neighbourhood Services
RBC Legal Entity,01/02/2022,4642137,269185,BIDVEST FOODSERVICE (BIDFOOD),Hexagon Catering,577.52,Purchases - Stock Provisions,SUPPLIER,STANDARD,1241,KAAA-Directorate of Economic Growth and Neighbourhood Services
RBC Legal Entity,01/02/2022,4646524,269186,TRAVIS PERKINS TRADING COMPANY LTD,DLO Stock,20985.6,Stock Purchase,Third Party Supplier,STANDARD,4002,KAAA-Directorate of Economic Growth and Neighbourhood Services
RBC Legal Entity,01/02/2022,4646600,269186,TRAVIS PERKINS TRADING COMPANY LTD,DLO Stock,4846.33,Stock Purchase,Third Party Supplier,STANDARD,4002,KAAA-Directorate of Economic Growth and Neighbourhood Services
RBC Legal Entity,01/02/2022,4646600,269186,TRAVIS PERKINS TRADING COMPANY LTD,DLO Stock,6893.4,Stock Purchase,Third Party Supplier,STANDARD,4002,KAAA-Directorate of Economic Growth and Neighbourhood Services
RBC Legal Entity,01/02/2022,4646618,269186,TRAVIS PERKINS TRADING COMPANY LTD,DLO Stock,13.44,Stock Purchase,Third Party Supplier,STANDARD,4002,KAAA-Directorate of Economic Growth and Neighbourhood Services
RBC Legal Entity,01/02/2022,4646618,269186,TRAVIS PERKINS TRADING COMPANY LTD,DLO Stock,71613.23,Stock Purchase,Third Party Supplier,STANDARD,4002,KAAA-Directorate of Economic Growth and Neighbourhood Services
RBC Legal Entity,01/02/2022,4642789,269187,BOWAK LTD,Building Cleaning,1073.45,Materials from Store,Third Party Supplier,STANDARD,4351,KAAA-Directorate of Economic Growth and Neighbourhood Services
RBC Legal Entity,01/02/2022,4646606,269188,PERMADOOR,MRA Account,716.6,Roofs + Structural,SUB-CONTRACTOR,STANDARD,5975,HAAA-Housing Revenue Account
RBC Legal Entity,01/02/2022,4646607,269188,PERMADOOR,MRA Account,705.6,Roofs + Structural,SUB-CONTRACTOR,STANDARD,5975,HAAA-Housing Revenue Account
RBC Legal Entity,01/02/2022,4646608,269188,PERMADOOR,MRA Account,705.6,Roofs + Structural,SUB-CONTRACTOR,STANDARD,5975,HAAA-Housing Revenue Account
RBC Legal Entity,01/02/2022,4646504,269190,MCCARTHY PROPERTIES READING LTD,Housing Advice,918.12,Responsive Repairs,Landlord,STANDARD,5820,KAAA-Directorate of Economic Growth and Neighbourhood Services
RBC Legal Entity,01/02/2022,4643453,269194,M & B ELECTRICAL SERVICES,Blagdon Nursery,17400,External Fees  Misc.,SUB-CONTRACTOR,STANDARD,8246,ZZZC-Capital
RBC Legal Entity,01/02/2022,4644163,269196,J H CRESSWELL & SONS LTD,Civil Engineering,1627.07,Winter Maintenance,SUB-CONTRACTOR,STANDARD,4550,KAAA-Directorate of Economic Growth and Neighbourhood Services
RBC Legal Entity,01/02/2022,4646512,269198,CROWN LODGE GUEST HOUSE,Bed and Breakfast,665,Rents,Third Party Supplier,STANDARD,5871,KAAA-Directorate of Economic Growth and Neighbourhood Services
RBC Legal Entity,01/02/2022,4646561,269198,CROWN LODGE GUEST HOUSE,Bed and Breakfast,665,Rents,Third Party Supplier,STANDARD,5871,KAAA-Directorate of Economic Growth and Neighbourhood Services
RBC Legal Entity,01/02/2022,4643244,269199,SURECARE (READING & EAST BERKSHIRE),PS Acquired Community Services,608,Purchased Care,Third Party Supplier,STANDARD,5771,JAAA-Directorate of Social Care and Health Services
RBC Legal Entity,01/02/2022,4643245,269199,SURECARE (READING & EAST BERKSHIRE),PS Acquired Community Services,3382,Purchased Care,Third Party Supplier,STANDARD,5771,JAAA-Directorate of Social Care and Health Services
RBC Legal Entity,01/02/2022,4643247,269199,SURECARE (READING & EAST BERKSHIRE),PS Acquired Community Services,2394,Purchased Care,Third Party Supplier,STANDARD,5771,JAAA-Directorate of Social Care and Health Services
RBC Legal Entity,01/02/2022,4643248,269199,SURECARE (READING & EAST BERKSHIRE),Sensory Support Community Services,3192,Purchased Care,Third Party Supplier,STANDARD,5711,JAAA-Directorate of Social Care and Health Services
RBC Legal Entity,01/02/2022,4643249,269199,SURECARE (READING & EAST BERKSHIRE),PS Acquired Community Services,3192,Purchased Care,Third Party Supplier,STANDARD,5771,JAAA-Directorate of Social Care and Health Services
RBC Legal Entity,01/02/2022,4643250,269199,SURECARE (READING & EAST BERKSHIRE),PS Acquired Community Services,921.5,Purchased Care,Third Party Supplier,STANDARD,5771,JAAA-Directorate of Social Care and Health Services
RBC Legal Entity,01/02/2022,4643251,269199,SURECARE (READING & EAST BERKSHIRE),PS Acquired Community Services,2812,Purchased Care,Third Party Supplier,STANDARD,5771,JAAA-Directorate of Social Care and Health Services
RBC Legal Entity,01/02/2022,4643252,269199,SURECARE (READING & EAST BERKSHIRE),PS Acquired Community Services,532,Purchased Care,Third Party Supplier,STANDARD,5771,JAAA-Directorate of Social Care and Health Services
RBC Legal Entity,01/02/2022,4643253,269199,SURECARE (READING & EAST BERKSHIRE),PS Acquired Community Services,3534,Purchased Care,Third Party Supplier,STANDARD,5771,JAAA-Directorate of Social Care and Health Services
RBC Legal Entity,01/02/2022,4643255,269199,SURECARE (READING & EAST BERKSHIRE),PS Acquired Community Services,665,Purchased Care,Third Party Supplier,STANDARD,5771,JAAA-Directorate of Social Care and Health Services
RBC Legal Entity,01/02/2022,4643257,269199,SURECARE (READING & EAST BERKSHIRE),PS Acquired Community Services,1230.25,Purchased Care,Third Party Supplier,STANDARD,5771,JAAA-Directorate of Social Care and Health Services
RBC Legal Entity,01/02/2022,4643258,269199,SURECARE (READING & EAST BERKSHIRE),PS Acquired Community Services,2080.5,Purchased Care,Third Party Supplier,STANDARD,5771,JAAA-Directorate of Social Care and Health Services
RBC Legal Entity,01/02/2022,4643260,269199,SURECARE (READING & EAST BERKSHIRE),M&C Acquired Community Services,1168.5,Purchased Care,Third Party Supplier,STANDARD,5751,JAAA-Directorate of Social Care and Health Services
RBC Legal Entity,01/02/2022,4643261,269199,SURECARE (READING & EAST BERKSHIRE),PS Acquired Community Services,2394,Purchased Care,Third Party Supplier,STANDARD,5771,JAAA-Directorate of Social Care and Health Services
RBC Legal Entity,01/02/2022,4643262,269199,SURECARE (READING & EAST BERKSHIRE),PS Acquired Community Services,1368,Purchased Care,Third Party Supplier,STANDARD,5771,JAAA-Directorate of Social Care and Health Services
RBC Legal Entity,01/02/2022,4643263,269199,SURECARE (READING & EAST BERKSHIRE),Mental Health Community Services,1197,Purchased Care,Third Party Supplier,STANDARD,5731,JAAA-Directorate of Social Care and Health Services
RBC Legal Entity,01/02/2022,4643265,269199,SURECARE (READING & EAST BERKSHIRE),PS Acquired Community Services,1463,Purchased Care,Third Party Supplier,STANDARD,5771,JAAA-Directorate of Social Care and Health Services
RBC Legal Entity,01/02/2022,4643267,269199,SURECARE (READING & EAST BERKSHIRE),PS Acquired Community Services,1026,Purchased Care,Third Party Supplier,STANDARD,5771,JAAA-Directorate of Social Care and Health Services
RBC Legal Entity,01/02/2022,4643268,269199,SURECARE (READING & EAST BERKSHIRE),PS Acquired Community Services,2337,Purchased Care,Third Party Supplier,STANDARD,5771,JAAA-Directorate of Social Care and Health Services
RBC Legal Entity,01/02/2022,4641883,269201,HAMPTONS RESOURCING LTD,Commissioning Team,2000,Agency Staff,Third Party Supplier,STANDARD,3452,JAAA-Directorate of Social Care and Health Services
RBC Legal Entity,01/02/2022,4646612,269202,THAMES VALLEY BUSES LTD,Strategic Transport & Concessionary Fares,1988.51,Payments for Bus Services,Third Party Supplier,STANDARD,4726,KAAA-Directorate of Economic Growth and Neighbourhood Services
RBC Legal Entity,01/02/2022,4646588,269204,CLIVE HUDSON ASSOCIATES LTD,Building Control,1320,Consultancy Fees,SUPPLIER,STANDARD,4701,KAAA-Directorate of Economic Growth and Neighbourhood Services
RBC Legal Entity,01/02/2022,4646450,269206,PILON LTD,DLO Voids Trades,33664.1,Subcontractors Labour,SUB-CONTRACTOR,STANDARD,4020,KAAA-Directorate of Economic Growth and Neighbourhood Services
RBC Legal Entity,01/02/2022,4642021,269207,CHRIS FORSEY,HSHAZ programme,1000,Professional Fees,SUPPLIER,STANDARD,1316,KAAA-Directorate of Economic Growth and Neighbourhood Services
RBC Legal Entity,01/02/2022,4642199,269209,MODUS CONSTRUCTION LTD,Corporate Offices,2793.2,Building Works,SUB-CONTRACTOR,STANDARD,8602,ZZZC-Capital
RBC Legal Entity,01/02/2022,4643437,269209,MODUS CONSTRUCTION LTD,Corporate Maintenance Services,516.36,TPP  Contract,SUB-CONTRACTOR,STANDARD,4080,KAAA-Directorate of Economic Growth and Neighbourhood Services
RBC Legal Entity,01/02/2022,4643446,269209,MODUS CONSTRUCTION LTD,Corporate Maintenance Services,635,NNDR Pool,SUB-CONTRACTOR,STANDARD,4080,KAAA-Directorate of Economic Growth and Neighbourhood Services
RBC Legal Entity,01/02/2022,4643448,269209,MODUS CONSTRUCTION LTD,Corporate Maintenance Services,626.21,NNDR Pool,SUB-CONTRACTOR,STANDARD,4080,KAAA-Directorate of Economic Growth and Neighbourhood Services
RBC Legal Entity,01/02/2022,4646549,269211,EUROPEAN ASBESTOS SERVICES LTD,Corporate Offices,938.5,External Fees  Surveyors,SUB-CONTRACTOR,STANDARD,8602,ZZZC-Capital
RBC Legal Entity,01/02/2022,4646523,269212,EVOLUTIONARY SYSTEMS COMPANY LTD,Accountancy,2250,Software Support,SUPPLIER,STANDARD,2200,LAAA-Directorate of Resources
RBC Legal Entity,01/02/2022,4619895,269213,HAVERLY CONSULTING LTD,Business Intelligence and Strategy Team,6600,Consultancy Fees,SUPPLIER,STANDARD,5916,HAAA-Housing Revenue Account
RBC Legal Entity,01/02/2022,4638583,269213,HAVERLY CONSULTING LTD,Business Intelligence and Strategy Team,4800,Consultancy Fees,SUPPLIER,STANDARD,5916,HAAA-Housing Revenue Account
RBC Legal Entity,01/02/2022,4645503,269215,CELADOR APARTMENTS LIMITED,Bed and Breakfast,644,Rents,SUPPLIER,STANDARD,5871,KAAA-Directorate of Economic Growth and Neighbourhood Services
RBC Legal Entity,01/02/2022,4642786,269217,BIG YELLOW SELF STORAGE LTD,Mental Health Team,153.9,Equipment Purchase & Repair,Third Party Supplier,STANDARD,5253,JAAA-Directorate of Social Care and Health Services
RBC Legal Entity,01/02/2022,4642786,269217,BIG YELLOW SELF STORAGE LTD,Mental Health Team,712.5,Equipment Purchase & Repair,Third Party Supplier,STANDARD,5253,JAAA-Directorate of Social Care and Health Services
RBC Legal Entity,01/02/2022,4642788,269217,BIG YELLOW SELF STORAGE LTD,Mental Health Team,153.9,Equipment Purchase & Repair,Third Party Supplier,STANDARD,5253,JAAA-Directorate of Social Care and Health Services
RBC Legal Entity,01/02/2022,4642788,269217,BIG YELLOW SELF STORAGE LTD,Mental Health Team,712.5,Equipment Purchase & Repair,Third Party Supplier,STANDARD,5253,JAAA-Directorate of Social Care and Health Services
RBC Legal Entity,01/02/2022,4646586,269218,LMG SOCIAL WORK SERVICES LTD,JLT Disbursements,2422.95,Misc. Legal Expenses,Third Party Supplier,STANDARD,2407,LAAA-Directorate of Resources
RBC Legal Entity,01/02/2022,4632640,269219,GAS CALL SERVICES LTD,MRA Account,11045.38,Feasibility Studies,SUB-CONTRACTOR,STANDARD,5975,HAAA-Housing Revenue Account
RBC Legal Entity,01/02/2022,4643843,269220,DESIRED CARE 4 U LTD,PS Acquired Community Services,872.48,Purchased Care,Third Party Supplier,STANDARD,5771,JAAA-Directorate of Social Care and Health Services
RBC Legal Entity,01/02/2022,4646462,269222,SOUTHERN COUNTIES BUILDING SOLUTIONS LTD T/A SCBS LTD,Private Sector Grants,2603.4,Grants (Paid out by RBC),SUB-CONTRACTOR,STANDARD,8500,ZZZC-Capital
RBC Legal Entity,01/02/2022,4646617,269223,DAVITT JONES BOULD LTD,Park Service,2146.3,External Legal Services,Third Party Supplier,STANDARD,1302,KAAA-Directorate of Economic Growth and Neighbourhood Services
RBC Legal Entity,02/02/2022,4647218,269224,GLOUCESTERSHIRE GROUP HOMES,LD Residential,-425.6,Client Contrib. Residential,SUPPLIER,CREDIT,5742,JAAA-Directorate of Social Care and Health Services
RBC Legal Entity,02/02/2022,4647218,269224,GLOUCESTERSHIRE GROUP HOMES,LD Residential,7520.04,Purchased Care,SUPPLIER,STANDARD,5742,JAAA-Directorate of Social Care and Health Services
RBC Legal Entity,02/02/2022,4647308,269225,RESIDENTIAL COMMUNITY CARE,LD Residential,9384,Purchased Care,Third Party Supplier,STANDARD,5742,JAAA-Directorate of Social Care and Health Services
RBC Legal Entity,02/02/2022,4647361,269225,RESIDENTIAL COMMUNITY CARE,LD Residential,9449.76,Purchased Care,Third Party Supplier,STANDARD,5742,JAAA-Directorate of Social Care and Health Services
RBC Legal Entity,02/02/2022,4647232,269228,CARETECH COMMUNITY SERVICES LTD,LD Residential,6668,Purchased Care,SUPPLIER,STANDARD,5742,JAAA-Directorate of Social Care and Health Services
RBC Legal Entity,02/02/2022,4647236,269228,CARETECH COMMUNITY SERVICES LTD,LD Residential,8940,Purchased Care,SUPPLIER,STANDARD,5742,JAAA-Directorate of Social Care and Health Services
RBC Legal Entity,02/02/2022,4647245,269228,CARETECH COMMUNITY SERVICES LTD,PS Acquired Residential,5975.92,Purchased Care,SUPPLIER,STANDARD,5772,JAAA-Directorate of Social Care and Health Services
RBC Legal Entity,02/02/2022,4647277,269228,CARETECH COMMUNITY SERVICES LTD,Mental Health Residential,3149.04,Purchased Care,SUPPLIER,STANDARD,5732,JAAA-Directorate of Social Care and Health Services
RBC Legal Entity,02/02/2022,4647330,269228,CARETECH COMMUNITY SERVICES LTD,LD Residential,6404.04,Purchased Care,SUPPLIER,STANDARD,5742,JAAA-Directorate of Social Care and Health Services
RBC Legal Entity,02/02/2022,4647357,269228,CARETECH COMMUNITY SERVICES LTD,M&C Acquired Residential,6668,Purchased Care,SUPPLIER,STANDARD,5752,JAAA-Directorate of Social Care and Health Services
RBC Legal Entity,02/02/2022,4647393,269228,CARETECH COMMUNITY SERVICES LTD,LD Residential,6276,Purchased Care,SUPPLIER,STANDARD,5742,JAAA-Directorate of Social Care and Health Services
RBC Legal Entity,02/02/2022,4647270,269231,RESIDENTIAL CARE PROVIDERS LTD,LD Residential,8226.32,Purchased Care,SUPPLIER,STANDARD,5742,JAAA-Directorate of Social Care and Health Services
RBC Legal Entity,02/02/2022,4647263,269232,PRIORY EDUCATIONAL SERVICES LTD,LD Residential,16371.68,Purchased Care,Third Party Supplier,STANDARD,5742,JAAA-Directorate of Social Care and Health Services
RBC Legal Entity,02/02/2022,4647398,269235,ASHAMBER HOMES LTD,Mental Health Residential,2884.4,Purchased Care,Third Party Supplier,STANDARD,5732,JAAA-Directorate of Social Care and Health Services
RBC Legal Entity,02/02/2022,4647059,269237,PAYCOLL PAYROLL,PS Acquired Community Services,-470.52,Fairer charging charges,Third Party Supplier,CREDIT,5771,JAAA-Directorate of Social Care and Health Services
RBC Legal Entity,02/02/2022,4647059,269237,PAYCOLL PAYROLL,PS Acquired Community Services,1362,Purchased Care,Third Party Supplier,STANDARD,5771,JAAA-Directorate of Social Care and Health Services
RBC Legal Entity,02/02/2022,4640703,269238,ICS ACCOUNTING,Transformation,3600,Consultancy Fees,Third Party Supplier,STANDARD,5289,JAAA-Directorate of Social Care and Health Services
RBC Legal Entity,02/02/2022,4646862,269239,PAYCOLL PAYROLL,PS Acquired Community Services,-106.24,Fairer charging charges,Third Party Supplier,CREDIT,5771,JAAA-Directorate of Social Care and Health Services
RBC Legal Entity,02/02/2022,4646862,269239,PAYCOLL PAYROLL,PS Acquired Community Services,832.4,Purchased Care,Third Party Supplier,STANDARD,5771,JAAA-Directorate of Social Care and Health Services
RBC Legal Entity,02/02/2022,4646997,269241,PAYCOLL PAYROLL,PS Acquired Community Services,-201.28,Fairer charging charges,Third Party Supplier,CREDIT,5771,JAAA-Directorate of Social Care and Health Services
RBC Legal Entity,02/02/2022,4646997,269241,PAYCOLL PAYROLL,PS Acquired Community Services,1762.4,Purchased Care,Third Party Supplier,STANDARD,5771,JAAA-Directorate of Social Care and Health Services
RBC Legal Entity,02/02/2022,4646909,269242,PAYCOLL PAYROLL,Mental Health Community Services,8018.32,Purchased Care,Third Party Supplier,STANDARD,5731,JAAA-Directorate of Social Care and Health Services
RBC Legal Entity,02/02/2022,4646930,269243,PAYCOLL PAYROLL,LD Community Services,19873.64,Purchased Care,Third Party Supplier,STANDARD,5741,JAAA-Directorate of Social Care and Health Services
RBC Legal Entity,02/02/2022,4647269,269245,HALLMARK CARE HOMES GROUP HOLDINGS LTD,PS Acquired Residential,33331.43,Purchased Care,Third Party Supplier,STANDARD,5772,JAAA-Directorate of Social Care and Health Services
RBC Legal Entity,02/02/2022,4640419,269247,BELL BRUSH CLEANING & JANITORIAL SUPPLIES,Street Cleansing,600,Materials from Store,SUPPLIER,STANDARD,4566,KAAA-Directorate of Economic Growth and Neighbourhood Services
RBC Legal Entity,02/02/2022,4647239,269249,BROOK HOUSE RESIDENTIAL CARE HOME LTD,Mental Health Residential,3746.4,Purchased Care,Third Party Supplier,STANDARD,5732,JAAA-Directorate of Social Care and Health Services
RBC Legal Entity,02/02/2022,4647278,269251,OAKVIEW CARE (BERKSHIRE) LTD,LD Residential,12233.72,Purchased Care,SUPPLIER,STANDARD,5742,JAAA-Directorate of Social Care and Health Services
RBC Legal Entity,02/02/2022,4647397,269251,OAKVIEW CARE (BERKSHIRE) LTD,LD Residential,3999.24,Purchased Care,SUPPLIER,STANDARD,5742,JAAA-Directorate of Social Care and Health Services
RBC Legal Entity,02/02/2022,4647234,269252,DOWNSHIRE HOUSE,LD Residential,2793.12,Purchased Care,SUPPLIER,STANDARD,5742,JAAA-Directorate of Social Care and Health Services
RBC Legal Entity,02/02/2022,4647276,269252,DOWNSHIRE HOUSE,LD Residential,5363.6,Purchased Care,SUPPLIER,STANDARD,5742,JAAA-Directorate of Social Care and Health Services
RBC Legal Entity,02/02/2022,4647394,269252,DOWNSHIRE HOUSE,LD Residential,4877.84,Purchased Care,SUPPLIER,STANDARD,5742,JAAA-Directorate of Social Care and Health Services
RBC Legal Entity,02/02/2022,4647413,269252,DOWNSHIRE HOUSE,LD Residential,5667.2,Purchased Care,SUPPLIER,STANDARD,5742,JAAA-Directorate of Social Care and Health Services
RBC Legal Entity,02/02/2022,4647426,269252,DOWNSHIRE HOUSE,LD Residential,3509.52,Purchased Care,SUPPLIER,STANDARD,5742,JAAA-Directorate of Social Care and Health Services
RBC Legal Entity,02/02/2022,4646635,269253,CROWN LODGE GUEST HOUSE,Bed and Breakfast,525,Rents,Third Party Supplier,STANDARD,5871,KAAA-Directorate of Economic Growth and Neighbourhood Services
RBC Legal Entity,02/02/2022,4647223,269254,N NOTARO HOMES LTD,PS Acquired Residential,3243.6,Purchased Care,SUPPLIER,STANDARD,5772,JAAA-Directorate of Social Care and Health Services
RBC Legal Entity,02/02/2022,4647231,269254,N NOTARO HOMES LTD,PS Acquired Residential,3243.6,Purchased Care,SUPPLIER,STANDARD,5772,JAAA-Directorate of Social Care and Health Services
RBC Legal Entity,02/02/2022,4647233,269254,N NOTARO HOMES LTD,Social Support,3243.6,Purchased Care,SUPPLIER,STANDARD,5790,JAAA-Directorate of Social Care and Health Services
RBC Legal Entity,02/02/2022,4647235,269254,N NOTARO HOMES LTD,PS Acquired Residential,3386.4,Purchased Care,SUPPLIER,STANDARD,5772,JAAA-Directorate of Social Care and Health Services
RBC Legal Entity,02/02/2022,4646717,269255,IMAGINE THEATRE LTD,Hexagon Operations,-662868.05,Ticket SalesPerformances,SUPPLIER,CREDIT,1200,KAAA-Directorate of Economic Growth and Neighbourhood Services
RBC Legal Entity,02/02/2022,4646717,269255,IMAGINE THEATRE LTD,Hexagon Operations,-50014.65,Administration Charges,SUPPLIER,CREDIT,1200,KAAA-Directorate of Economic Growth and Neighbourhood Services
RBC Legal Entity,02/02/2022,4646717,269255,IMAGINE THEATRE LTD,Hexagon Operations,-3068.85,Royalties,SUPPLIER,CREDIT,1200,KAAA-Directorate of Economic Growth and Neighbourhood Services
RBC Legal Entity,02/02/2022,4646717,269255,IMAGINE THEATRE LTD,Hexagon Operations,79316.57,Professional Fees,SUPPLIER,STANDARD,1200,KAAA-Directorate of Economic Growth and Neighbourhood Services
RBC Legal Entity,02/02/2022,4646717,269255,IMAGINE THEATRE LTD,Hexagon Performances,715951.55,Ticket SalesPerformances,SUPPLIER,STANDARD,1202,KAAA-Directorate of Economic Growth and Neighbourhood Services
RBC Legal Entity,02/02/2022,4646718,269255,IMAGINE THEATRE LTD,Hexagon Operations,3664.75,Professional Fees,SUPPLIER,STANDARD,1200,KAAA-Directorate of Economic Growth and Neighbourhood Services
RBC Legal Entity,02/02/2022,4646719,269255,IMAGINE THEATRE LTD,Hexagon Operations,-1827.9,General & Admin & Clerical,SUPPLIER,CREDIT,1200,KAAA-Directorate of Economic Growth and Neighbourhood Services
RBC Legal Entity,02/02/2022,4646719,269255,IMAGINE THEATRE LTD,Hexagon Catering,-382.08,Sales  Food,SUPPLIER,CREDIT,1241,KAAA-Directorate of Economic Growth and Neighbourhood Services
RBC Legal Entity,02/02/2022,4647213,269257,CHOICE CARE GROUP,LD Residential,7696,Purchased Care,Third Party Supplier,STANDARD,5742,JAAA-Directorate of Social Care and Health Services
RBC Legal Entity,02/02/2022,4647349,269257,CHOICE CARE GROUP,LD Residential,7835.48,Purchased Care,Third Party Supplier,STANDARD,5742,JAAA-Directorate of Social Care and Health Services
RBC Legal Entity,02/02/2022,4647405,269257,CHOICE CARE GROUP,LD Residential,6692,Purchased Care,Third Party Supplier,STANDARD,5742,JAAA-Directorate of Social Care and Health Services
RBC Legal Entity,02/02/2022,4647067,269260,LIFE CARE CORPORATION LIMITED,PS Acquired Residential,3060,Purchased Care,SUPPLIER,STANDARD,5772,JAAA-Directorate of Social Care and Health Services
RBC Legal Entity,02/02/2022,4647091,269260,LIFE CARE CORPORATION LIMITED,PS Acquired Residential,3200,Purchased Care,SUPPLIER,STANDARD,5772,JAAA-Directorate of Social Care and Health Services
RBC Legal Entity,02/02/2022,4647096,269260,LIFE CARE CORPORATION LIMITED,M&C Acquired Residential,3200,Purchased Care,SUPPLIER,STANDARD,5752,JAAA-Directorate of Social Care and Health Services
RBC Legal Entity,02/02/2022,4647114,269260,LIFE CARE CORPORATION LIMITED,Mental Health Residential,3200,Purchased Care,SUPPLIER,STANDARD,5732,JAAA-Directorate of Social Care and Health Services
RBC Legal Entity,02/02/2022,4647116,269260,LIFE CARE CORPORATION LIMITED,PS Acquired Residential,3200,Purchased Care,SUPPLIER,STANDARD,5772,JAAA-Directorate of Social Care and Health Services
RBC Legal Entity,02/02/2022,4647131,269260,LIFE CARE CORPORATION LIMITED,PS Acquired Residential,3060,Purchased Care,SUPPLIER,STANDARD,5772,JAAA-Directorate of Social Care and Health Services
RBC Legal Entity,02/02/2022,4647141,269260,LIFE CARE CORPORATION LIMITED,M&C Acquired Residential,3200,Purchased Care,SUPPLIER,STANDARD,5752,JAAA-Directorate of Social Care and Health Services
RBC Legal Entity,02/02/2022,4647143,269260,LIFE CARE CORPORATION LIMITED,PS Acquired Residential,3300,Purchased Care,SUPPLIER,STANDARD,5772,JAAA-Directorate of Social Care and Health Services
RBC Legal Entity,02/02/2022,4647154,269260,LIFE CARE CORPORATION LIMITED,M&C Acquired Residential,2185.71,Purchased Care,SUPPLIER,STANDARD,5752,JAAA-Directorate of Social Care and Health Services
RBC Legal Entity,02/02/2022,4647155,269260,LIFE CARE CORPORATION LIMITED,PS Acquired Residential,-6557.14,Purchased Care,SUPPLIER,CREDIT,5772,JAAA-Directorate of Social Care and Health Services
RBC Legal Entity,02/02/2022,4647164,269260,LIFE CARE CORPORATION LIMITED,PS Acquired Residential,3060,Purchased Care,SUPPLIER,STANDARD,5772,JAAA-Directorate of Social Care and Health Services
RBC Legal Entity,02/02/2022,4647168,269260,LIFE CARE CORPORATION LIMITED,PS Acquired Residential,3468,Purchased Care,SUPPLIER,STANDARD,5772,JAAA-Directorate of Social Care and Health Services
RBC Legal Entity,02/02/2022,4647195,269260,LIFE CARE CORPORATION LIMITED,M&C Acquired Residential,3465,Purchased Care,SUPPLIER,STANDARD,5752,JAAA-Directorate of Social Care and Health Services
RBC Legal Entity,02/02/2022,4647444,269261,MARNEL LODGE,M&C Acquired Nursing,1620,Purchased Care,SUPPLIER,STANDARD,5753,JAAA-Directorate of Social Care and Health Services
RBC Legal Entity,02/02/2022,4647296,269262,HC-ONE OVAL LIMITED,PS Acquired Nursing,1954.32,Purchased Care,SUPPLIER,STANDARD,5773,JAAA-Directorate of Social Care and Health Services
RBC Legal Entity,02/02/2022,4647422,269265,ALEXANDRA HOMES (BRISTOL) LTD,Mental Health Residential,2434.96,Purchased Care,SUPPLIER,STANDARD,5732,JAAA-Directorate of Social Care and Health Services
RBC Legal Entity,02/02/2022,4646738,269266,CANSFORD LABORATORIES LIMITED,JLT Disbursements,514.67,Misc. Legal Expenses,SUPPLIER,STANDARD,2407,LAAA-Directorate of Resources
RBC Legal Entity,02/02/2022,4647228,269267,GLYNDERWEN HOUSE,LD Residential,9800.68,Purchased Care,SUPPLIER,STANDARD,5742,JAAA-Directorate of Social Care and Health Services
RBC Legal Entity,02/02/2022,4640664,269268,FCC RECYCLING (UK) LTD,Refuse Collection,9235.18,Tipping Charge,SUPPLIER,STANDARD,4561,KAAA-Directorate of Economic Growth and Neighbourhood Services
RBC Legal Entity,02/02/2022,4640665,269268,FCC RECYCLING (UK) LTD,Grounds Maintenance,740.29,Parks Tipping,SUPPLIER,STANDARD,1306,KAAA-Directorate of Economic Growth and Neighbourhood Services
RBC Legal Entity,02/02/2022,4640717,269268,FCC RECYCLING (UK) LTD,Grounds Maintenance,440.61,Parks Tipping,SUPPLIER,STANDARD,1306,KAAA-Directorate of Economic Growth and Neighbourhood Services
RBC Legal Entity,02/02/2022,4647313,269271,WOODBURY HOUSE,PS Acquired Nursing,3400,Purchased Care,SUPPLIER,STANDARD,5773,JAAA-Directorate of Social Care and Health Services
RBC Legal Entity,02/02/2022,4647409,269274,ROWAN LODGE,M&C Acquired Residential,3800,Purchased Care,SUPPLIER,STANDARD,5752,JAAA-Directorate of Social Care and Health Services
RBC Legal Entity,02/02/2022,4646582,269275,EXPERT IN MIND,JLT Disbursements,2338.6,Misc. Legal Expenses,SUPPLIER,STANDARD,2407,LAAA-Directorate of Resources
RBC Legal Entity,02/02/2022,4647290,269278,REACH LTD,LD Nursing,2678.76,Purchased Care,SUPPLIER,STANDARD,5743,JAAA-Directorate of Social Care and Health Services
RBC Legal Entity,02/02/2022,4647411,269278,REACH LTD,LD Residential,6179.52,Purchased Care,SUPPLIER,STANDARD,5742,JAAA-Directorate of Social Care and Health Services
RBC Legal Entity,02/02/2022,4647208,269281,CHOICE LIMITED,LD Residential,8744,Purchased Care,SUPPLIER,STANDARD,5742,JAAA-Directorate of Social Care and Health Services
RBC Legal Entity,02/02/2022,4647210,269281,CHOICE LIMITED,LD Residential,3518,Purchased Care,SUPPLIER,STANDARD,5742,JAAA-Directorate of Social Care and Health Services
RBC Legal Entity,02/02/2022,4647211,269281,CHOICE LIMITED,LD Residential,7200,Purchased Care,SUPPLIER,STANDARD,5742,JAAA-Directorate of Social Care and Health Services
RBC Legal Entity,02/02/2022,4647212,269281,CHOICE LIMITED,LD Residential,6800,Purchased Care,SUPPLIER,STANDARD,5742,JAAA-Directorate of Social Care and Health Services
RBC Legal Entity,02/02/2022,4647220,269281,CHOICE LIMITED,Mental Health Residential,6448,Purchased Care,SUPPLIER,STANDARD,5732,JAAA-Directorate of Social Care and Health Services
RBC Legal Entity,02/02/2022,4647280,269281,CHOICE LIMITED,LD Residential,7752,Purchased Care,SUPPLIER,STANDARD,5742,JAAA-Directorate of Social Care and Health Services
RBC Legal Entity,02/02/2022,4647286,269281,CHOICE LIMITED,LD Residential,9564.52,Purchased Care,SUPPLIER,STANDARD,5742,JAAA-Directorate of Social Care and Health Services
RBC Legal Entity,02/02/2022,4647289,269281,CHOICE LIMITED,LD Residential,6800,Purchased Care,SUPPLIER,STANDARD,5742,JAAA-Directorate of Social Care and Health Services
RBC Legal Entity,02/02/2022,4647295,269281,CHOICE LIMITED,LD Residential,7327.4,Purchased Care,SUPPLIER,STANDARD,5742,JAAA-Directorate of Social Care and Health Services
RBC Legal Entity,02/02/2022,4647298,269281,CHOICE LIMITED,LD Residential,7664.8,Purchased Care,SUPPLIER,STANDARD,5742,JAAA-Directorate of Social Care and Health Services
RBC Legal Entity,02/02/2022,4647299,269281,CHOICE LIMITED,LD Residential,8664.24,Purchased Care,SUPPLIER,STANDARD,5742,JAAA-Directorate of Social Care and Health Services
RBC Legal Entity,02/02/2022,4647312,269281,CHOICE LIMITED,LD Residential,6998.2,Purchased Care,SUPPLIER,STANDARD,5742,JAAA-Directorate of Social Care and Health Services
RBC Legal Entity,02/02/2022,4647341,269281,CHOICE LIMITED,LD Residential,6648,Purchased Care,SUPPLIER,STANDARD,5742,JAAA-Directorate of Social Care and Health Services
RBC Legal Entity,02/02/2022,4647360,269281,CHOICE LIMITED,Mental Health Residential,2854.72,Purchased Care,SUPPLIER,STANDARD,5732,JAAA-Directorate of Social Care and Health Services
RBC Legal Entity,02/02/2022,4647367,269281,CHOICE LIMITED,LD Residential,3539.64,Purchased Care,SUPPLIER,STANDARD,5742,JAAA-Directorate of Social Care and Health Services
RBC Legal Entity,02/02/2022,4647400,269281,CHOICE LIMITED,LD Residential,7800,Purchased Care,SUPPLIER,STANDARD,5742,JAAA-Directorate of Social Care and Health Services
RBC Legal Entity,02/02/2022,4647401,269281,CHOICE LIMITED,LD Residential,7200,Purchased Care,SUPPLIER,STANDARD,5742,JAAA-Directorate of Social Care and Health Services
RBC Legal Entity,02/02/2022,4647403,269281,CHOICE LIMITED,LD Residential,6936.44,Purchased Care,SUPPLIER,STANDARD,5742,JAAA-Directorate of Social Care and Health Services
RBC Legal Entity,02/02/2022,4647404,269281,CHOICE LIMITED,LD Residential,6072,Purchased Care,SUPPLIER,STANDARD,5742,JAAA-Directorate of Social Care and Health Services
RBC Legal Entity,02/02/2022,4647406,269281,CHOICE LIMITED,LD Residential,6788,Purchased Care,SUPPLIER,STANDARD,5742,JAAA-Directorate of Social Care and Health Services
RBC Legal Entity,02/02/2022,4647420,269281,CHOICE LIMITED,Mental Health Residential,6263.2,Purchased Care,SUPPLIER,STANDARD,5732,JAAA-Directorate of Social Care and Health Services
RBC Legal Entity,02/02/2022,4647292,269282,NORMANHURST RESIDENTIAL HOME,M&C Acquired Residential,3264,Purchased Care,SUPPLIER,STANDARD,5752,JAAA-Directorate of Social Care and Health Services
RBC Legal Entity,02/02/2022,4647249,269283,BELAMIE GABLES CARE HOME,M&C Acquired Residential,3400,Purchased Care,Direct Payments,STANDARD,5752,JAAA-Directorate of Social Care and Health Services
RBC Legal Entity,02/02/2022,4647264,269284,WEST OAK,M&C Acquired Nursing,3880,Purchased Care,Third Party Supplier,STANDARD,5753,JAAA-Directorate of Social Care and Health Services
RBC Legal Entity,02/02/2022,4647266,269284,WEST OAK,LD Nursing,-3631.89,Purchased Care,Third Party Supplier,CREDIT,5743,JAAA-Directorate of Social Care and Health Services
RBC Legal Entity,02/02/2022,4645459,269285,PROVIDE SESS LTD,Grounds Maintenance,1144,TPP to Others,Third Party Supplier,STANDARD,1306,KAAA-Directorate of Economic Growth and Neighbourhood Services
RBC Legal Entity,02/02/2022,4647384,269286,HUNGERFORD CARE HOME,M&C Acquired Nursing,3100,Purchased Care,SUPPLIER,STANDARD,5753,JAAA-Directorate of Social Care and Health Services
RBC Legal Entity,02/02/2022,4648000,269287,ALICIA COLLINSON,JLT Disbursements,650,Misc. Legal Expenses,SUPPLIER,STANDARD,2407,LAAA-Directorate of Resources
RBC Legal Entity,02/02/2022,4647320,269291,ASTON CARE LTD,LD Residential,12000,Purchased Care,SUPPLIER,STANDARD,5742,JAAA-Directorate of Social Care and Health Services
RBC Legal Entity,02/02/2022,4647378,269291,ASTON CARE LTD,LD Residential,4906.32,Purchased Care,SUPPLIER,STANDARD,5742,JAAA-Directorate of Social Care and Health Services
RBC Legal Entity,02/02/2022,4647431,269293,SALT HILL CARE CENTRE,PS Acquired Nursing,3876,Purchased Care,Third Party Supplier,STANDARD,5773,JAAA-Directorate of Social Care and Health Services
RBC Legal Entity,02/02/2022,4647421,269295,DORMY HOUSE CARE HOME WITH NURSING,PS Acquired Nursing,4000,Purchased Care,SUPPLIER,STANDARD,5773,JAAA-Directorate of Social Care and Health Services
RBC Legal Entity,02/02/2022,4647352,269297,SHINFIELD LODGE CARE LIMITED,Mental Health Residential,2570.4,Purchased Care,SUPPLIER,STANDARD,5732,JAAA-Directorate of Social Care and Health Services
RBC Legal Entity,02/02/2022,4646860,269298,PAYCOLL PAYROLL,PS Acquired Community Services,-222.68,Fairer charging charges,Third Party Supplier,CREDIT,5771,JAAA-Directorate of Social Care and Health Services
RBC Legal Entity,02/02/2022,4646860,269298,PAYCOLL PAYROLL,PS Acquired Community Services,1162,Purchased Care,Third Party Supplier,STANDARD,5771,JAAA-Directorate of Social Care and Health Services
RBC Legal Entity,02/02/2022,4646949,269299,PAYCOLL PAYROLL,LD Community Services,-219,Fairer charging charges,Third Party Supplier,CREDIT,5741,JAAA-Directorate of Social Care and Health Services
RBC Legal Entity,02/02/2022,4646949,269299,PAYCOLL PAYROLL,LD Community Services,1223.32,Purchased Care,Third Party Supplier,STANDARD,5741,JAAA-Directorate of Social Care and Health Services
RBC Legal Entity,02/02/2022,4646864,269300,PAYCOLL PAYROLL,PS Acquired Community Services,-64.36,Fairer charging charges,Third Party Supplier,CREDIT,5771,JAAA-Directorate of Social Care and Health Services
RBC Legal Entity,02/02/2022,4646864,269300,PAYCOLL PAYROLL,PS Acquired Community Services,595,Purchased Care,Third Party Supplier,STANDARD,5771,JAAA-Directorate of Social Care and Health Services
RBC Legal Entity,02/02/2022,4646947,269301,PAYCOLL PAYROLL,PS Acquired Community Services,-91.72,Fairer charging charges,Third Party Supplier,CREDIT,5771,JAAA-Directorate of Social Care and Health Services
RBC Legal Entity,02/02/2022,4646947,269301,PAYCOLL PAYROLL,PS Acquired Community Services,1424,Purchased Care,Third Party Supplier,STANDARD,5771,JAAA-Directorate of Social Care and Health Services
RBC Legal Entity,02/02/2022,4646948,269302,PAYCOLL PAYROLL,M&C Acquired Community Services,-235.56,Fairer charging charges,Third Party Supplier,CREDIT,5751,JAAA-Directorate of Social Care and Health Services
RBC Legal Entity,02/02/2022,4646948,269302,PAYCOLL PAYROLL,M&C Acquired Community Services,3084.92,Purchased Care,Third Party Supplier,STANDARD,5751,JAAA-Directorate of Social Care and Health Services
RBC Legal Entity,02/02/2022,4646965,269303,PAYCOLL PAYROLL,LD Community Services,642,Purchased Care,Third Party Supplier,STANDARD,5741,JAAA-Directorate of Social Care and Health Services
RBC Legal Entity,02/02/2022,4646800,269304,PAYCOLL PAYROLL,Mental Health Community Services,735.24,Purchased Care,Third Party Supplier,STANDARD,5731,JAAA-Directorate of Social Care and Health Services
RBC Legal Entity,02/02/2022,4647033,269305,PAYCOLL PAYROLL,PS Lifelong Community Services,1879.36,Purchased Care,Third Party Supplier,STANDARD,5781,JAAA-Directorate of Social Care and Health Services
RBC Legal Entity,02/02/2022,4646784,269306,ALLPAY.NET.LIMITED,LD Community Services,-116.72,Fairer charging charges,Third Party Supplier,CREDIT,5741,JAAA-Directorate of Social Care and Health Services
RBC Legal Entity,02/02/2022,4646784,269306,ALLPAY.NET.LIMITED,LD Community Services,852.8,Purchased Care,Third Party Supplier,STANDARD,5741,JAAA-Directorate of Social Care and Health Services
RBC Legal Entity,02/02/2022,4646785,269306,ALLPAY.NET.LIMITED,LD Community Services,-525.08,Fairer charging charges,Third Party Supplier,CREDIT,5741,JAAA-Directorate of Social Care and Health Services
RBC Legal Entity,02/02/2022,4646785,269306,ALLPAY.NET.LIMITED,LD Community Services,8947.2,Purchased Care,Third Party Supplier,STANDARD,5741,JAAA-Directorate of Social Care and Health Services
RBC Legal Entity,02/02/2022,4646786,269306,ALLPAY.NET.LIMITED,LD Community Services,-38.64,Fairer charging charges,Third Party Supplier,CREDIT,5741,JAAA-Directorate of Social Care and Health Services
RBC Legal Entity,02/02/2022,4646786,269306,ALLPAY.NET.LIMITED,LD Community Services,1400,Purchased Care,Third Party Supplier,STANDARD,5741,JAAA-Directorate of Social Care and Health Services
RBC Legal Entity,02/02/2022,4646788,269306,ALLPAY.NET.LIMITED,PS Acquired Community Services,-464.92,Fairer charging charges,Third Party Supplier,CREDIT,5771,JAAA-Directorate of Social Care and Health Services
RBC Legal Entity,02/02/2022,4646788,269306,ALLPAY.NET.LIMITED,PS Acquired Community Services,2394,Purchased Care,Third Party Supplier,STANDARD,5771,JAAA-Directorate of Social Care and Health Services
RBC Legal Entity,02/02/2022,4646789,269306,ALLPAY.NET.LIMITED,PS Acquired Community Services,504.6,Purchased Care,Third Party Supplier,STANDARD,5771,JAAA-Directorate of Social Care and Health Services
RBC Legal Entity,02/02/2022,4646791,269306,ALLPAY.NET.LIMITED,M&C Acquired Community Services,-22.52,Fairer charging charges,Third Party Supplier,CREDIT,5751,JAAA-Directorate of Social Care and Health Services
RBC Legal Entity,02/02/2022,4646791,269306,ALLPAY.NET.LIMITED,M&C Acquired Community Services,926.68,Purchased Care,Third Party Supplier,STANDARD,5751,JAAA-Directorate of Social Care and Health Services
RBC Legal Entity,02/02/2022,4646793,269306,ALLPAY.NET.LIMITED,LD Community Services,-257.8,Fairer charging charges,Third Party Supplier,CREDIT,5741,JAAA-Directorate of Social Care and Health Services
RBC Legal Entity,02/02/2022,4646793,269306,ALLPAY.NET.LIMITED,LD Community Services,2724.36,Purchased Care,Third Party Supplier,STANDARD,5741,JAAA-Directorate of Social Care and Health Services
RBC Legal Entity,02/02/2022,4646795,269306,ALLPAY.NET.LIMITED,PS Lifelong Community Services,-52.88,Fairer charging charges,Third Party Supplier,CREDIT,5781,JAAA-Directorate of Social Care and Health Services
RBC Legal Entity,02/02/2022,4646795,269306,ALLPAY.NET.LIMITED,PS Lifelong Community Services,1300,Purchased Care,Third Party Supplier,STANDARD,5781,JAAA-Directorate of Social Care and Health Services
RBC Legal Entity,02/02/2022,4646796,269306,ALLPAY.NET.LIMITED,PS Acquired Community Services,-501.2,Fairer charging charges,Third Party Supplier,CREDIT,5771,JAAA-Directorate of Social Care and Health Services
RBC Legal Entity,02/02/2022,4646796,269306,ALLPAY.NET.LIMITED,PS Acquired Community Services,1530,Purchased Care,Third Party Supplier,STANDARD,5771,JAAA-Directorate of Social Care and Health Services
RBC Legal Entity,02/02/2022,4646797,269306,ALLPAY.NET.LIMITED,LD Community Services,1589.16,Purchased Care,Third Party Supplier,STANDARD,5741,JAAA-Directorate of Social Care and Health Services
RBC Legal Entity,02/02/2022,4646798,269306,ALLPAY.NET.LIMITED,PS Acquired Community Services,-943.33,Purchased Care,Third Party Supplier,CREDIT,5771,JAAA-Directorate of Social Care and Health Services
RBC Legal Entity,02/02/2022,4646799,269306,ALLPAY.NET.LIMITED,PS Acquired Community Services,-224.48,Fairer charging charges,Third Party Supplier,CREDIT,5771,JAAA-Directorate of Social Care and Health Services
RBC Legal Entity,02/02/2022,4646799,269306,ALLPAY.NET.LIMITED,PS Acquired Community Services,1392,Purchased Care,Third Party Supplier,STANDARD,5771,JAAA-Directorate of Social Care and Health Services
RBC Legal Entity,02/02/2022,4646803,269306,ALLPAY.NET.LIMITED,PS Acquired Community Services,1698.2,Purchased Care,Third Party Supplier,STANDARD,5771,JAAA-Directorate of Social Care and Health Services
RBC Legal Entity,02/02/2022,4646804,269306,ALLPAY.NET.LIMITED,PS Acquired Community Services,-1787.52,Purchased Care,Third Party Supplier,CREDIT,5771,JAAA-Directorate of Social Care and Health Services
RBC Legal Entity,02/02/2022,4646804,269306,ALLPAY.NET.LIMITED,PS Acquired Community Services,772.8,Fairer charging charges,Third Party Supplier,STANDARD,5771,JAAA-Directorate of Social Care and Health Services
RBC Legal Entity,02/02/2022,4646805,269306,ALLPAY.NET.LIMITED,LD Community Services,-63.32,Fairer charging charges,Third Party Supplier,CREDIT,5741,JAAA-Directorate of Social Care and Health Services
RBC Legal Entity,02/02/2022,4646805,269306,ALLPAY.NET.LIMITED,LD Community Services,679.2,Purchased Care,Third Party Supplier,STANDARD,5741,JAAA-Directorate of Social Care and Health Services
RBC Legal Entity,02/02/2022,4646811,269306,ALLPAY.NET.LIMITED,LD Community Services,876.12,Purchased Care,Third Party Supplier,STANDARD,5741,JAAA-Directorate of Social Care and Health Services
RBC Legal Entity,02/02/2022,4646813,269306,ALLPAY.NET.LIMITED,PS Acquired Community Services,-593.12,Fairer charging charges,Third Party Supplier,CREDIT,5771,JAAA-Directorate of Social Care and Health Services
RBC Legal Entity,02/02/2022,4646813,269306,ALLPAY.NET.LIMITED,PS Acquired Community Services,3000,Purchased Care,Third Party Supplier,STANDARD,5771,JAAA-Directorate of Social Care and Health Services
RBC Legal Entity,02/02/2022,4646814,269306,ALLPAY.NET.LIMITED,LD Community Services,2910.96,Purchased Care,Third Party Supplier,STANDARD,5741,JAAA-Directorate of Social Care and Health Services
RBC Legal Entity,02/02/2022,4646817,269306,ALLPAY.NET.LIMITED,LD Community Services,1290,Purchased Care,Third Party Supplier,STANDARD,5741,JAAA-Directorate of Social Care and Health Services
RBC Legal Entity,02/02/2022,4646818,269306,ALLPAY.NET.LIMITED,LD Community Services,-86.2,Fairer charging charges,Third Party Supplier,CREDIT,5741,JAAA-Directorate of Social Care and Health Services
RBC Legal Entity,02/02/2022,4646818,269306,ALLPAY.NET.LIMITED,LD Community Services,757.72,Purchased Care,Third Party Supplier,STANDARD,5741,JAAA-Directorate of Social Care and Health Services
RBC Legal Entity,02/02/2022,4646819,269306,ALLPAY.NET.LIMITED,LD Community Services,-175.04,Fairer charging charges,Third Party Supplier,CREDIT,5741,JAAA-Directorate of Social Care and Health Services
RBC Legal Entity,02/02/2022,4646819,269306,ALLPAY.NET.LIMITED,LD Community Services,4724,Purchased Care,Third Party Supplier,STANDARD,5741,JAAA-Directorate of Social Care and Health Services
RBC Legal Entity,02/02/2022,4646822,269306,ALLPAY.NET.LIMITED,LD Community Services,-211.24,Fairer charging charges,Third Party Supplier,CREDIT,5741,JAAA-Directorate of Social Care and Health Services
RBC Legal Entity,02/02/2022,4646822,269306,ALLPAY.NET.LIMITED,LD Community Services,3402.4,Purchased Care,Third Party Supplier,STANDARD,5741,JAAA-Directorate of Social Care and Health Services
RBC Legal Entity,02/02/2022,4646823,269306,ALLPAY.NET.LIMITED,LD Community Services,-213.08,Fairer charging charges,Third Party Supplier,CREDIT,5741,JAAA-Directorate of Social Care and Health Services
RBC Legal Entity,02/02/2022,4646823,269306,ALLPAY.NET.LIMITED,LD Community Services,4548,Purchased Care,Third Party Supplier,STANDARD,5741,JAAA-Directorate of Social Care and Health Services
RBC Legal Entity,02/02/2022,4646825,269306,ALLPAY.NET.LIMITED,PS Acquired Community Services,1243.08,Purchased Care,Third Party Supplier,STANDARD,5771,JAAA-Directorate of Social Care and Health Services
RBC Legal Entity,02/02/2022,4646826,269306,ALLPAY.NET.LIMITED,LD Community Services,640.72,Purchased Care,Third Party Supplier,STANDARD,5741,JAAA-Directorate of Social Care and Health Services
RBC Legal Entity,02/02/2022,4646827,269306,ALLPAY.NET.LIMITED,PS Acquired Community Services,-97.44,Fairer charging charges,Third Party Supplier,CREDIT,5771,JAAA-Directorate of Social Care and Health Services
RBC Legal Entity,02/02/2022,4646827,269306,ALLPAY.NET.LIMITED,PS Acquired Community Services,1389.08,Purchased Care,Third Party Supplier,STANDARD,5771,JAAA-Directorate of Social Care and Health Services
RBC Legal Entity,02/02/2022,4646833,269306,ALLPAY.NET.LIMITED,PS Acquired Community Services,-1517.92,Fairer charging charges,Third Party Supplier,CREDIT,5771,JAAA-Directorate of Social Care and Health Services
RBC Legal Entity,02/02/2022,4646833,269306,ALLPAY.NET.LIMITED,PS Acquired Community Services,5800,Purchased Care,Third Party Supplier,STANDARD,5771,JAAA-Directorate of Social Care and Health Services
RBC Legal Entity,02/02/2022,4646837,269306,ALLPAY.NET.LIMITED,LD Community Services,833.76,Purchased Care,Third Party Supplier,STANDARD,5741,JAAA-Directorate of Social Care and Health Services
RBC Legal Entity,02/02/2022,4646838,269306,ALLPAY.NET.LIMITED,PS Acquired Community Services,-441.6,Fairer charging charges,Third Party Supplier,CREDIT,5771,JAAA-Directorate of Social Care and Health Services
RBC Legal Entity,02/02/2022,4646838,269306,ALLPAY.NET.LIMITED,PS Acquired Community Services,1064,Purchased Care,Third Party Supplier,STANDARD,5771,JAAA-Directorate of Social Care and Health Services
RBC Legal Entity,02/02/2022,4646841,269306,ALLPAY.NET.LIMITED,PS Acquired Community Services,-657.92,Fairer charging charges,Third Party Supplier,CREDIT,5771,JAAA-Directorate of Social Care and Health Services
RBC Legal Entity,02/02/2022,4646841,269306,ALLPAY.NET.LIMITED,PS Acquired Community Services,4326.4,Purchased Care,Third Party Supplier,STANDARD,5771,JAAA-Directorate of Social Care and Health Services
RBC Legal Entity,02/02/2022,4646844,269306,ALLPAY.NET.LIMITED,LD Community Services,-222.68,Fairer charging charges,Third Party Supplier,CREDIT,5741,JAAA-Directorate of Social Care and Health Services
RBC Legal Entity,02/02/2022,4646844,269306,ALLPAY.NET.LIMITED,LD Community Services,2455.2,Purchased Care,Third Party Supplier,STANDARD,5741,JAAA-Directorate of Social Care and Health Services
RBC Legal Entity,02/02/2022,4646845,269306,ALLPAY.NET.LIMITED,LD Community Services,-218.28,Fairer charging charges,Third Party Supplier,CREDIT,5741,JAAA-Directorate of Social Care and Health Services
RBC Legal Entity,02/02/2022,4646845,269306,ALLPAY.NET.LIMITED,LD Community Services,1041.2,Purchased Care,Third Party Supplier,STANDARD,5741,JAAA-Directorate of Social Care and Health Services
RBC Legal Entity,02/02/2022,4646847,269306,ALLPAY.NET.LIMITED,PS Acquired Community Services,-554.96,Fairer charging charges,Third Party Supplier,CREDIT,5771,JAAA-Directorate of Social Care and Health Services
RBC Legal Entity,02/02/2022,4646847,269306,ALLPAY.NET.LIMITED,PS Acquired Community Services,1057.28,Purchased Care,Third Party Supplier,STANDARD,5771,JAAA-Directorate of Social Care and Health Services
RBC Legal Entity,02/02/2022,4646848,269306,ALLPAY.NET.LIMITED,PS Acquired Community Services,-236.28,Fairer charging charges,Third Party Supplier,CREDIT,5771,JAAA-Directorate of Social Care and Health Services
RBC Legal Entity,02/02/2022,4646848,269306,ALLPAY.NET.LIMITED,PS Acquired Community Services,832.56,Purchased Care,Third Party Supplier,STANDARD,5771,JAAA-Directorate of Social Care and Health Services
RBC Legal Entity,02/02/2022,4646851,269306,ALLPAY.NET.LIMITED,PS Acquired Community Services,1131.6,Purchased Care,Third Party Supplier,STANDARD,5771,JAAA-Directorate of Social Care and Health Services
RBC Legal Entity,02/02/2022,4646853,269306,ALLPAY.NET.LIMITED,PS Acquired Community Services,2304.08,Purchased Care,Third Party Supplier,STANDARD,5771,JAAA-Directorate of Social Care and Health Services
RBC Legal Entity,02/02/2022,4646854,269306,ALLPAY.NET.LIMITED,PS Acquired Community Services,-427.56,Fairer charging charges,Third Party Supplier,CREDIT,5771,JAAA-Directorate of Social Care and Health Services
RBC Legal Entity,02/02/2022,4646854,269306,ALLPAY.NET.LIMITED,PS Acquired Community Services,2660,Purchased Care,Third Party Supplier,STANDARD,5771,JAAA-Directorate of Social Care and Health Services
RBC Legal Entity,02/02/2022,4646855,269306,ALLPAY.NET.LIMITED,PS Acquired Community Services,832,Purchased Care,Third Party Supplier,STANDARD,5771,JAAA-Directorate of Social Care and Health Services
RBC Legal Entity,02/02/2022,4646856,269306,ALLPAY.NET.LIMITED,Mental Health Community Services,1065.28,Purchased Care,Third Party Supplier,STANDARD,5731,JAAA-Directorate of Social Care and Health Services
RBC Legal Entity,02/02/2022,4646858,269306,ALLPAY.NET.LIMITED,PS Acquired Community Services,-324.08,Fairer charging charges,Third Party Supplier,CREDIT,5771,JAAA-Directorate of Social Care and Health Services
RBC Legal Entity,02/02/2022,4646858,269306,ALLPAY.NET.LIMITED,PS Acquired Community Services,2087,Purchased Care,Third Party Supplier,STANDARD,5771,JAAA-Directorate of Social Care and Health Services
RBC Legal Entity,02/02/2022,4646861,269306,ALLPAY.NET.LIMITED,LD Community Services,-210.52,Fairer charging charges,Third Party Supplier,CREDIT,5741,JAAA-Directorate of Social Care and Health Services
RBC Legal Entity,02/02/2022,4646861,269306,ALLPAY.NET.LIMITED,LD Community Services,2455.68,Purchased Care,Third Party Supplier,STANDARD,5741,JAAA-Directorate of Social Care and Health Services
RBC Legal Entity,02/02/2022,4646867,269306,ALLPAY.NET.LIMITED,PS Acquired Community Services,1527,Purchased Care,Third Party Supplier,STANDARD,5771,JAAA-Directorate of Social Care and Health Services
RBC Legal Entity,02/02/2022,4646868,269306,ALLPAY.NET.LIMITED,PS Acquired Community Services,-39.32,Fairer charging charges,Third Party Supplier,CREDIT,5771,JAAA-Directorate of Social Care and Health Services
RBC Legal Entity,02/02/2022,4646868,269306,ALLPAY.NET.LIMITED,PS Acquired Community Services,1852,Purchased Care,Third Party Supplier,STANDARD,5771,JAAA-Directorate of Social Care and Health Services
RBC Legal Entity,02/02/2022,4646870,269306,ALLPAY.NET.LIMITED,Support to Carers,514.8,Purchased Care,Third Party Supplier,STANDARD,5301,JAAA-Directorate of Social Care and Health Services
RBC Legal Entity,02/02/2022,4646872,269306,ALLPAY.NET.LIMITED,LD Community Services,-256.16,Fairer charging charges,Third Party Supplier,CREDIT,5741,JAAA-Directorate of Social Care and Health Services
RBC Legal Entity,02/02/2022,4646872,269306,ALLPAY.NET.LIMITED,LD Community Services,1140,Purchased Care,Third Party Supplier,STANDARD,5741,JAAA-Directorate of Social Care and Health Services
RBC Legal Entity,02/02/2022,4646874,269306,ALLPAY.NET.LIMITED,PS Acquired Community Services,-336.96,Fairer charging charges,Third Party Supplier,CREDIT,5771,JAAA-Directorate of Social Care and Health Services
RBC Legal Entity,02/02/2022,4646874,269306,ALLPAY.NET.LIMITED,PS Acquired Community Services,1055.64,Purchased Care,Third Party Supplier,STANDARD,5771,JAAA-Directorate of Social Care and Health Services
RBC Legal Entity,02/02/2022,4646876,269306,ALLPAY.NET.LIMITED,LD Community Services,944,Purchased Care,Third Party Supplier,STANDARD,5741,JAAA-Directorate of Social Care and Health Services
RBC Legal Entity,02/02/2022,4646877,269306,ALLPAY.NET.LIMITED,LD Community Services,1279.76,Purchased Care,Third Party Supplier,STANDARD,5741,JAAA-Directorate of Social Care and Health Services
RBC Legal Entity,02/02/2022,4646879,269306,ALLPAY.NET.LIMITED,PS Lifelong Community Services,-40064.14,Purchased Care,Third Party Supplier,CREDIT,5781,JAAA-Directorate of Social Care and Health Services
RBC Legal Entity,02/02/2022,4646882,269306,ALLPAY.NET.LIMITED,PS Acquired Community Services,-304.52,Fairer charging charges,Third Party Supplier,CREDIT,5771,JAAA-Directorate of Social Care and Health Services
RBC Legal Entity,02/02/2022,4646882,269306,ALLPAY.NET.LIMITED,PS Acquired Community Services,1196,Purchased Care,Third Party Supplier,STANDARD,5771,JAAA-Directorate of Social Care and Health Services
RBC Legal Entity,02/02/2022,4646883,269306,ALLPAY.NET.LIMITED,PS Acquired Community Services,-290.8,Fairer charging charges,Third Party Supplier,CREDIT,5771,JAAA-Directorate of Social Care and Health Services
RBC Legal Entity,02/02/2022,4646883,269306,ALLPAY.NET.LIMITED,PS Acquired Community Services,833,Purchased Care,Third Party Supplier,STANDARD,5771,JAAA-Directorate of Social Care and Health Services
RBC Legal Entity,02/02/2022,4646885,269306,ALLPAY.NET.LIMITED,PS Acquired Community Services,-1577.8,Purchased Care,Third Party Supplier,CREDIT,5771,JAAA-Directorate of Social Care and Health Services
RBC Legal Entity,02/02/2022,4646886,269306,ALLPAY.NET.LIMITED,LD Community Services,660,Purchased Care,Third Party Supplier,STANDARD,5741,JAAA-Directorate of Social Care and Health Services
RBC Legal Entity,02/02/2022,4646890,269306,ALLPAY.NET.LIMITED,PS Acquired Community Services,-76,Fairer charging charges,Third Party Supplier,CREDIT,5771,JAAA-Directorate of Social Care and Health Services
RBC Legal Entity,02/02/2022,4646890,269306,ALLPAY.NET.LIMITED,PS Acquired Community Services,901.6,Purchased Care,Third Party Supplier,STANDARD,5771,JAAA-Directorate of Social Care and Health Services
RBC Legal Entity,02/02/2022,4646892,269306,ALLPAY.NET.LIMITED,PS Acquired Community Services,-560,Fairer charging charges,Third Party Supplier,CREDIT,5771,JAAA-Directorate of Social Care and Health Services
RBC Legal Entity,02/02/2022,4646892,269306,ALLPAY.NET.LIMITED,PS Acquired Community Services,1330,Purchased Care,Third Party Supplier,STANDARD,5771,JAAA-Directorate of Social Care and Health Services
RBC Legal Entity,02/02/2022,4646894,269306,ALLPAY.NET.LIMITED,LD Community Services,565.72,Purchased Care,Third Party Supplier,STANDARD,5741,JAAA-Directorate of Social Care and Health Services
RBC Legal Entity,02/02/2022,4646895,269306,ALLPAY.NET.LIMITED,PS Acquired Community Services,-412.92,Fairer charging charges,Third Party Supplier,CREDIT,5771,JAAA-Directorate of Social Care and Health Services
RBC Legal Entity,02/02/2022,4646895,269306,ALLPAY.NET.LIMITED,PS Acquired Community Services,1314.92,Purchased Care,Third Party Supplier,STANDARD,5771,JAAA-Directorate of Social Care and Health Services
RBC Legal Entity,02/02/2022,4646897,269306,ALLPAY.NET.LIMITED,LD Community Services,3370.4,Purchased Care,Third Party Supplier,STANDARD,5741,JAAA-Directorate of Social Care and Health Services
RBC Legal Entity,02/02/2022,4646898,269306,ALLPAY.NET.LIMITED,Social Support,1416.96,Purchased Care,Third Party Supplier,STANDARD,5790,JAAA-Directorate of Social Care and Health Services
RBC Legal Entity,02/02/2022,4646901,269306,ALLPAY.NET.LIMITED,PS Acquired Community Services,-419.68,Fairer charging charges,Third Party Supplier,CREDIT,5771,JAAA-Directorate of Social Care and Health Services
RBC Legal Entity,02/02/2022,4646901,269306,ALLPAY.NET.LIMITED,PS Acquired Community Services,2660,Purchased Care,Third Party Supplier,STANDARD,5771,JAAA-Directorate of Social Care and Health Services
RBC Legal Entity,02/02/2022,4646902,269306,ALLPAY.NET.LIMITED,PS Acquired Community Services,-2470,Purchased Care,Third Party Supplier,CREDIT,5771,JAAA-Directorate of Social Care and Health Services
RBC Legal Entity,02/02/2022,4646902,269306,ALLPAY.NET.LIMITED,PS Acquired Community Services,638.49,Fairer charging charges,Third Party Supplier,STANDARD,5771,JAAA-Directorate of Social Care and Health Services
RBC Legal Entity,02/02/2022,4646906,269306,ALLPAY.NET.LIMITED,LD Community Services,665.2,Purchased Care,Third Party Supplier,STANDARD,5741,JAAA-Directorate of Social Care and Health Services
RBC Legal Entity,02/02/2022,4646908,269306,ALLPAY.NET.LIMITED,M&C Acquired Community Services,570,Purchased Care,Third Party Supplier,STANDARD,5751,JAAA-Directorate of Social Care and Health Services
RBC Legal Entity,02/02/2022,4646911,269306,ALLPAY.NET.LIMITED,Mental Health Community Services,666,Purchased Care,Third Party Supplier,STANDARD,5731,JAAA-Directorate of Social Care and Health Services
RBC Legal Entity,02/02/2022,4646922,269306,ALLPAY.NET.LIMITED,PS Acquired Community Services,1558,Purchased Care,Third Party Supplier,STANDARD,5771,JAAA-Directorate of Social Care and Health Services
RBC Legal Entity,02/02/2022,4646924,269306,ALLPAY.NET.LIMITED,PS Acquired Community Services,-760.92,Fairer charging charges,Third Party Supplier,CREDIT,5771,JAAA-Directorate of Social Care and Health Services
RBC Legal Entity,02/02/2022,4646924,269306,ALLPAY.NET.LIMITED,PS Acquired Community Services,4075.68,Purchased Care,Third Party Supplier,STANDARD,5771,JAAA-Directorate of Social Care and Health Services
RBC Legal Entity,02/02/2022,4646925,269306,ALLPAY.NET.LIMITED,LD Community Services,-247.36,Fairer charging charges,Third Party Supplier,CREDIT,5741,JAAA-Directorate of Social Care and Health Services
RBC Legal Entity,02/02/2022,4646925,269306,ALLPAY.NET.LIMITED,LD Community Services,1680.96,Purchased Care,Third Party Supplier,STANDARD,5741,JAAA-Directorate of Social Care and Health Services
RBC Legal Entity,02/02/2022,4646928,269306,ALLPAY.NET.LIMITED,PS Acquired Community Services,-491.36,Fairer charging charges,Third Party Supplier,CREDIT,5771,JAAA-Directorate of Social Care and Health Services
RBC Legal Entity,02/02/2022,4646928,269306,ALLPAY.NET.LIMITED,PS Acquired Community Services,992.32,Purchased Care,Third Party Supplier,STANDARD,5771,JAAA-Directorate of Social Care and Health Services
RBC Legal Entity,02/02/2022,4646931,269306,ALLPAY.NET.LIMITED,PS Acquired Community Services,618.96,Purchased Care,Third Party Supplier,STANDARD,5771,JAAA-Directorate of Social Care and Health Services
RBC Legal Entity,02/02/2022,4646932,269306,ALLPAY.NET.LIMITED,PS Acquired Community Services,2369.57,Purchased Care,Third Party Supplier,STANDARD,5771,JAAA-Directorate of Social Care and Health Services
RBC Legal Entity,02/02/2022,4646933,269306,ALLPAY.NET.LIMITED,PS Acquired Community Services,-266.7,Fairer charging charges,Third Party Supplier,CREDIT,5771,JAAA-Directorate of Social Care and Health Services
RBC Legal Entity,02/02/2022,4646933,269306,ALLPAY.NET.LIMITED,PS Acquired Community Services,2565,Purchased Care,Third Party Supplier,STANDARD,5771,JAAA-Directorate of Social Care and Health Services
RBC Legal Entity,02/02/2022,4646938,269306,ALLPAY.NET.LIMITED,LD Community Services,-128.52,Fairer charging charges,Third Party Supplier,CREDIT,5741,JAAA-Directorate of Social Care and Health Services
RBC Legal Entity,02/02/2022,4646938,269306,ALLPAY.NET.LIMITED,LD Community Services,962.36,Purchased Care,Third Party Supplier,STANDARD,5741,JAAA-Directorate of Social Care and Health Services
RBC Legal Entity,02/02/2022,4646940,269306,ALLPAY.NET.LIMITED,LD Community Services,991.68,Purchased Care,Third Party Supplier,STANDARD,5741,JAAA-Directorate of Social Care and Health Services
RBC Legal Entity,02/02/2022,4646943,269306,ALLPAY.NET.LIMITED,PS Acquired Community Services,-12.84,Fairer charging charges,Third Party Supplier,CREDIT,5771,JAAA-Directorate of Social Care and Health Services
RBC Legal Entity,02/02/2022,4646943,269306,ALLPAY.NET.LIMITED,PS Acquired Community Services,664.52,Purchased Care,Third Party Supplier,STANDARD,5771,JAAA-Directorate of Social Care and Health Services
RBC Legal Entity,02/02/2022,4646945,269306,ALLPAY.NET.LIMITED,LD Community Services,-257.8,Fairer charging charges,Third Party Supplier,CREDIT,5741,JAAA-Directorate of Social Care and Health Services
RBC Legal Entity,02/02/2022,4646945,269306,ALLPAY.NET.LIMITED,LD Community Services,11854.08,Purchased Care,Third Party Supplier,STANDARD,5741,JAAA-Directorate of Social Care and Health Services
RBC Legal Entity,02/02/2022,4646946,269306,ALLPAY.NET.LIMITED,LD Community Services,-147.32,Fairer charging charges,Third Party Supplier,CREDIT,5741,JAAA-Directorate of Social Care and Health Services
RBC Legal Entity,02/02/2022,4646946,269306,ALLPAY.NET.LIMITED,LD Community Services,2870.76,Purchased Care,Third Party Supplier,STANDARD,5741,JAAA-Directorate of Social Care and Health Services
RBC Legal Entity,02/02/2022,4646954,269306,ALLPAY.NET.LIMITED,LD Community Services,-61.88,Fairer charging charges,Third Party Supplier,CREDIT,5741,JAAA-Directorate of Social Care and Health Services
RBC Legal Entity,02/02/2022,4646954,269306,ALLPAY.NET.LIMITED,LD Community Services,10562,Purchased Care,Third Party Supplier,STANDARD,5741,JAAA-Directorate of Social Care and Health Services
RBC Legal Entity,02/02/2022,4646957,269306,ALLPAY.NET.LIMITED,LD Community Services,-92.12,Fairer charging charges,Third Party Supplier,CREDIT,5741,JAAA-Directorate of Social Care and Health Services
RBC Legal Entity,02/02/2022,4646957,269306,ALLPAY.NET.LIMITED,LD Community Services,605.92,Purchased Care,Third Party Supplier,STANDARD,5741,JAAA-Directorate of Social Care and Health Services
RBC Legal Entity,02/02/2022,4646959,269306,ALLPAY.NET.LIMITED,PS Acquired Community Services,-441.6,Fairer charging charges,Third Party Supplier,CREDIT,5771,JAAA-Directorate of Social Care and Health Services
RBC Legal Entity,02/02/2022,4646959,269306,ALLPAY.NET.LIMITED,PS Acquired Community Services,2394,Purchased Care,Third Party Supplier,STANDARD,5771,JAAA-Directorate of Social Care and Health Services
RBC Legal Entity,02/02/2022,4646960,269306,ALLPAY.NET.LIMITED,PS Acquired Community Services,-320.12,Fairer charging charges,Third Party Supplier,CREDIT,5771,JAAA-Directorate of Social Care and Health Services
RBC Legal Entity,02/02/2022,4646960,269306,ALLPAY.NET.LIMITED,PS Acquired Community Services,3091.2,Purchased Care,Third Party Supplier,STANDARD,5771,JAAA-Directorate of Social Care and Health Services
RBC Legal Entity,02/02/2022,4646962,269306,ALLPAY.NET.LIMITED,LD Community Services,656.12,Purchased Care,Third Party Supplier,STANDARD,5741,JAAA-Directorate of Social Care and Health Services
RBC Legal Entity,02/02/2022,4646966,269306,ALLPAY.NET.LIMITED,PS Acquired Community Services,-172.4,Fairer charging charges,Third Party Supplier,CREDIT,5771,JAAA-Directorate of Social Care and Health Services
RBC Legal Entity,02/02/2022,4646966,269306,ALLPAY.NET.LIMITED,PS Acquired Community Services,1037.12,Purchased Care,Third Party Supplier,STANDARD,5771,JAAA-Directorate of Social Care and Health Services
RBC Legal Entity,02/02/2022,4646968,269306,ALLPAY.NET.LIMITED,PS Acquired Community Services,3248.6,Purchased Care,Third Party Supplier,STANDARD,5771,JAAA-Directorate of Social Care and Health Services
RBC Legal Entity,02/02/2022,4646978,269306,ALLPAY.NET.LIMITED,LD Community Services,-527,Fairer charging charges,Third Party Supplier,CREDIT,5741,JAAA-Directorate of Social Care and Health Services
RBC Legal Entity,02/02/2022,4646978,269306,ALLPAY.NET.LIMITED,LD Community Services,8289.32,Purchased Care,Third Party Supplier,STANDARD,5741,JAAA-Directorate of Social Care and Health Services
RBC Legal Entity,02/02/2022,4646979,269306,ALLPAY.NET.LIMITED,Social Support,1037.12,Purchased Care,Third Party Supplier,STANDARD,5790,JAAA-Directorate of Social Care and Health Services
RBC Legal Entity,02/02/2022,4646980,269306,ALLPAY.NET.LIMITED,PS Acquired Community Services,-144,Fairer charging charges,Third Party Supplier,CREDIT,5771,JAAA-Directorate of Social Care and Health Services
RBC Legal Entity,02/02/2022,4646980,269306,ALLPAY.NET.LIMITED,PS Acquired Community Services,3273.34,Purchased Care,Third Party Supplier,STANDARD,5771,JAAA-Directorate of Social Care and Health Services
RBC Legal Entity,02/02/2022,4646981,269306,ALLPAY.NET.LIMITED,LD Community Services,2108.64,Purchased Care,Third Party Supplier,STANDARD,5741,JAAA-Directorate of Social Care and Health Services
RBC Legal Entity,02/02/2022,4646985,269306,ALLPAY.NET.LIMITED,PS Acquired Community Services,980,Purchased Care,Third Party Supplier,STANDARD,5771,JAAA-Directorate of Social Care and Health Services
RBC Legal Entity,02/02/2022,4646986,269306,ALLPAY.NET.LIMITED,PS Acquired Community Services,-290.8,Fairer charging charges,Third Party Supplier,CREDIT,5771,JAAA-Directorate of Social Care and Health Services
RBC Legal Entity,02/02/2022,4646986,269306,ALLPAY.NET.LIMITED,PS Acquired Community Services,2481.68,Purchased Care,Third Party Supplier,STANDARD,5771,JAAA-Directorate of Social Care and Health Services
RBC Legal Entity,02/02/2022,4646989,269306,ALLPAY.NET.LIMITED,PS Acquired Community Services,-555.88,Fairer charging charges,Third Party Supplier,CREDIT,5771,JAAA-Directorate of Social Care and Health Services
RBC Legal Entity,02/02/2022,4646989,269306,ALLPAY.NET.LIMITED,PS Acquired Community Services,1140,Purchased Care,Third Party Supplier,STANDARD,5771,JAAA-Directorate of Social Care and Health Services
RBC Legal Entity,02/02/2022,4646991,269306,ALLPAY.NET.LIMITED,PS Acquired Community Services,-3797.36,Fairer charging charges,Third Party Supplier,CREDIT,5771,JAAA-Directorate of Social Care and Health Services
RBC Legal Entity,02/02/2022,4646991,269306,ALLPAY.NET.LIMITED,PS Acquired Community Services,6240,Purchased Care,Third Party Supplier,STANDARD,5771,JAAA-Directorate of Social Care and Health Services
RBC Legal Entity,02/02/2022,4646992,269306,ALLPAY.NET.LIMITED,LD Community Services,2902.04,Purchased Care,Third Party Supplier,STANDARD,5741,JAAA-Directorate of Social Care and Health Services
RBC Legal Entity,02/02/2022,4646996,269306,ALLPAY.NET.LIMITED,LD Community Services,-194.24,Fairer charging charges,Third Party Supplier,CREDIT,5741,JAAA-Directorate of Social Care and Health Services
RBC Legal Entity,02/02/2022,4646996,269306,ALLPAY.NET.LIMITED,LD Community Services,10550.4,Purchased Care,Third Party Supplier,STANDARD,5741,JAAA-Directorate of Social Care and Health Services
RBC Legal Entity,02/02/2022,4646998,269306,ALLPAY.NET.LIMITED,PS Acquired Community Services,-441.6,Fairer charging charges,Third Party Supplier,CREDIT,5771,JAAA-Directorate of Social Care and Health Services
RBC Legal Entity,02/02/2022,4646998,269306,ALLPAY.NET.LIMITED,PS Acquired Community Services,1197,Purchased Care,Third Party Supplier,STANDARD,5771,JAAA-Directorate of Social Care and Health Services
RBC Legal Entity,02/02/2022,4646999,269306,ALLPAY.NET.LIMITED,PS Acquired Community Services,34570.71,Purchased Care,Third Party Supplier,STANDARD,5771,JAAA-Directorate of Social Care and Health Services
RBC Legal Entity,02/02/2022,4647001,269306,ALLPAY.NET.LIMITED,M&C Acquired Community Services,-1762.07,Fairer charging charges,Third Party Supplier,CREDIT,5751,JAAA-Directorate of Social Care and Health Services
RBC Legal Entity,02/02/2022,4647001,269306,ALLPAY.NET.LIMITED,M&C Acquired Community Services,2764.5,Purchased Care,Third Party Supplier,STANDARD,5751,JAAA-Directorate of Social Care and Health Services
RBC Legal Entity,02/02/2022,4647002,269306,ALLPAY.NET.LIMITED,LD Community Services,-77.68,Fairer charging charges,Third Party Supplier,CREDIT,5741,JAAA-Directorate of Social Care and Health Services
RBC Legal Entity,02/02/2022,4647002,269306,ALLPAY.NET.LIMITED,LD Community Services,2477.04,Purchased Care,Third Party Supplier,STANDARD,5741,JAAA-Directorate of Social Care and Health Services
RBC Legal Entity,02/02/2022,4647004,269306,ALLPAY.NET.LIMITED,PS Lifelong Community Services,933.92,Purchased Care,Third Party Supplier,STANDARD,5781,JAAA-Directorate of Social Care and Health Services
RBC Legal Entity,02/02/2022,4647007,269306,ALLPAY.NET.LIMITED,PS Acquired Community Services,759.64,Purchased Care,Third Party Supplier,STANDARD,5771,JAAA-Directorate of Social Care and Health Services
RBC Legal Entity,02/02/2022,4647008,269306,ALLPAY.NET.LIMITED,PS Acquired Community Services,-428.04,Fairer charging charges,Third Party Supplier,CREDIT,5771,JAAA-Directorate of Social Care and Health Services
RBC Legal Entity,02/02/2022,4647008,269306,ALLPAY.NET.LIMITED,PS Acquired Community Services,1385.76,Purchased Care,Third Party Supplier,STANDARD,5771,JAAA-Directorate of Social Care and Health Services
RBC Legal Entity,02/02/2022,4647014,269306,ALLPAY.NET.LIMITED,PS Acquired Community Services,508,Purchased Care,Third Party Supplier,STANDARD,5771,JAAA-Directorate of Social Care and Health Services
RBC Legal Entity,02/02/2022,4647015,269306,ALLPAY.NET.LIMITED,PS Acquired Community Services,1013.56,Purchased Care,Third Party Supplier,STANDARD,5771,JAAA-Directorate of Social Care and Health Services
RBC Legal Entity,02/02/2022,4647019,269306,ALLPAY.NET.LIMITED,PS Acquired Community Services,-382.76,Fairer charging charges,Third Party Supplier,CREDIT,5771,JAAA-Directorate of Social Care and Health Services
RBC Legal Entity,02/02/2022,4647019,269306,ALLPAY.NET.LIMITED,PS Acquired Community Services,1814.96,Purchased Care,Third Party Supplier,STANDARD,5771,JAAA-Directorate of Social Care and Health Services
RBC Legal Entity,02/02/2022,4647023,269306,ALLPAY.NET.LIMITED,LD Community Services,1107.68,Purchased Care,Third Party Supplier,STANDARD,5741,JAAA-Directorate of Social Care and Health Services
RBC Legal Entity,02/02/2022,4647025,269306,ALLPAY.NET.LIMITED,PS Lifelong Community Services,1762.92,Purchased Care,Third Party Supplier,STANDARD,5781,JAAA-Directorate of Social Care and Health Services
RBC Legal Entity,02/02/2022,4647026,269306,ALLPAY.NET.LIMITED,PS Acquired Community Services,-235.56,Fairer charging charges,Third Party Supplier,CREDIT,5771,JAAA-Directorate of Social Care and Health Services
RBC Legal Entity,02/02/2022,4647026,269306,ALLPAY.NET.LIMITED,PS Acquired Community Services,746,Purchased Care,Third Party Supplier,STANDARD,5771,JAAA-Directorate of Social Care and Health Services
RBC Legal Entity,02/02/2022,4647031,269306,ALLPAY.NET.LIMITED,PS Acquired Community Services,1596,Purchased Care,Third Party Supplier,STANDARD,5771,JAAA-Directorate of Social Care and Health Services
RBC Legal Entity,02/02/2022,4647037,269306,ALLPAY.NET.LIMITED,LD Community Services,605.4,Purchased Care,Third Party Supplier,STANDARD,5741,JAAA-Directorate of Social Care and Health Services
RBC Legal Entity,02/02/2022,4647038,269306,ALLPAY.NET.LIMITED,LD Community Services,-387.64,Fairer charging charges,Third Party Supplier,CREDIT,5741,JAAA-Directorate of Social Care and Health Services
RBC Legal Entity,02/02/2022,4647038,269306,ALLPAY.NET.LIMITED,LD Community Services,6039,Purchased Care,Third Party Supplier,STANDARD,5741,JAAA-Directorate of Social Care and Health Services
RBC Legal Entity,02/02/2022,4647039,269306,ALLPAY.NET.LIMITED,PS Acquired Community Services,-1674.6,Fairer charging charges,Third Party Supplier,CREDIT,5771,JAAA-Directorate of Social Care and Health Services
RBC Legal Entity,02/02/2022,4647039,269306,ALLPAY.NET.LIMITED,PS Acquired Community Services,4156,Purchased Care,Third Party Supplier,STANDARD,5771,JAAA-Directorate of Social Care and Health Services
RBC Legal Entity,02/02/2022,4647040,269306,ALLPAY.NET.LIMITED,PS Acquired Community Services,1140.8,Purchased Care,Third Party Supplier,STANDARD,5771,JAAA-Directorate of Social Care and Health Services
RBC Legal Entity,02/02/2022,4647041,269306,ALLPAY.NET.LIMITED,LD Community Services,880.8,Purchased Care,Third Party Supplier,STANDARD,5741,JAAA-Directorate of Social Care and Health Services
RBC Legal Entity,02/02/2022,4647042,269306,ALLPAY.NET.LIMITED,Sensory Support Community Services,1043.2,Purchased Care,Third Party Supplier,STANDARD,5711,JAAA-Directorate of Social Care and Health Services
RBC Legal Entity,02/02/2022,4647043,269306,ALLPAY.NET.LIMITED,PS Acquired Community Services,1759.72,Purchased Care,Third Party Supplier,STANDARD,5771,JAAA-Directorate of Social Care and Health Services
RBC Legal Entity,02/02/2022,4647046,269306,ALLPAY.NET.LIMITED,PS Acquired Community Services,-1174.96,Fairer charging charges,Third Party Supplier,CREDIT,5771,JAAA-Directorate of Social Care and Health Services
RBC Legal Entity,02/02/2022,4647046,269306,ALLPAY.NET.LIMITED,PS Acquired Community Services,3150,Purchased Care,Third Party Supplier,STANDARD,5771,JAAA-Directorate of Social Care and Health Services
RBC Legal Entity,02/02/2022,4647049,269306,ALLPAY.NET.LIMITED,LD Community Services,11387.6,Purchased Care,Third Party Supplier,STANDARD,5741,JAAA-Directorate of Social Care and Health Services
RBC Legal Entity,02/02/2022,4647056,269306,ALLPAY.NET.LIMITED,PS Acquired Community Services,-49.92,Fairer charging charges,Third Party Supplier,CREDIT,5771,JAAA-Directorate of Social Care and Health Services
RBC Legal Entity,02/02/2022,4647056,269306,ALLPAY.NET.LIMITED,PS Acquired Community Services,665.36,Purchased Care,Third Party Supplier,STANDARD,5771,JAAA-Directorate of Social Care and Health Services
RBC Legal Entity,02/02/2022,4647060,269306,ALLPAY.NET.LIMITED,PS Acquired Community Services,-1571.64,Purchased Care,Third Party Supplier,CREDIT,5771,JAAA-Directorate of Social Care and Health Services
RBC Legal Entity,02/02/2022,4647060,269306,ALLPAY.NET.LIMITED,PS Acquired Community Services,405.48,Fairer charging charges,Third Party Supplier,STANDARD,5771,JAAA-Directorate of Social Care and Health Services
RBC Legal Entity,02/02/2022,4647353,269307,BASSET HOUSE CARE HOME,PS Acquired Nursing,2830.48,Purchased Care,SUPPLIER,STANDARD,5773,JAAA-Directorate of Social Care and Health Services
RBC Legal Entity,02/02/2022,4646802,269308,PAYCOLL PAYROLL,Mental Health Community Services,1252.8,Purchased Care,Third Party Supplier,STANDARD,5731,JAAA-Directorate of Social Care and Health Services
RBC Legal Entity,02/02/2022,4647419,269309,BRAMLEY HEALTH,LD Residential,6773.2,Purchased Care,SUPPLIER,STANDARD,5742,JAAA-Directorate of Social Care and Health Services
RBC Legal Entity,02/02/2022,4641805,269311,HOUSING GENIE LIMITED,Rowe Court Fire,455,Rents,SUPPLIER,STANDARD,2299,KAAA-Directorate of Economic Growth and Neighbourhood Services
RBC Legal Entity,02/02/2022,4641059,269312,F M CONWAY LTD,Highways,610,Materials Direct,SUB-CONTRACTOR,STANDARD,4252,KAAA-Directorate of Economic Growth and Neighbourhood Services
RBC Legal Entity,02/02/2022,4647301,269313,BARCLAY HOUSE,PS Acquired Nursing,8568,Purchased Care,SUPPLIER,STANDARD,5773,JAAA-Directorate of Social Care and Health Services
RBC Legal Entity,02/02/2022,4646865,269314,PAYCOLL PAYROLL,LD Community Services,-209.8,Fairer charging charges,Third Party Supplier,CREDIT,5741,JAAA-Directorate of Social Care and Health Services
RBC Legal Entity,02/02/2022,4646865,269314,PAYCOLL PAYROLL,LD Community Services,1285.08,Purchased Care,Third Party Supplier,STANDARD,5741,JAAA-Directorate of Social Care and Health Services
RBC Legal Entity,02/02/2022,4646866,269315,PAYCOLL PAYROLL,PS Lifelong Community Services,-225.88,Fairer charging charges,Third Party Supplier,CREDIT,5781,JAAA-Directorate of Social Care and Health Services
RBC Legal Entity,02/02/2022,4646866,269315,PAYCOLL PAYROLL,PS Lifelong Community Services,2969.28,Purchased Care,Third Party Supplier,STANDARD,5781,JAAA-Directorate of Social Care and Health Services
RBC Legal Entity,02/02/2022,4647224,269317,AUTISM CARE WILTSHIRE,LD Residential,8453.76,Purchased Care,Direct Payments,STANDARD,5742,JAAA-Directorate of Social Care and Health Services
RBC Legal Entity,02/02/2022,4640825,269318,FARROW CREATIVE LTD,Archives General,1200,Equipment Purchase & Repair,Third Party Supplier,STANDARD,1256,KAAA-Directorate of Economic Growth and Neighbourhood Services
RBC Legal Entity,02/02/2022,4647242,269319,TRANSPARENT CARE LTD,LD Residential,5294.84,Purchased Care,SUPPLIER,STANDARD,5742,JAAA-Directorate of Social Care and Health Services
RBC Legal Entity,02/02/2022,4647262,269319,TRANSPARENT CARE LTD,LD Residential,2872.52,Purchased Care,SUPPLIER,STANDARD,5742,JAAA-Directorate of Social Care and Health Services
RBC Legal Entity,02/02/2022,4647374,269319,TRANSPARENT CARE LTD,LD Residential,3270.56,Purchased Care,SUPPLIER,STANDARD,5742,JAAA-Directorate of Social Care and Health Services
RBC Legal Entity,02/02/2022,4647300,269320,WELLHEAD LANE LIMITED,LD Residential,8404.72,Purchased Care,SUPPLIER,STANDARD,5742,JAAA-Directorate of Social Care and Health Services
RBC Legal Entity,02/02/2022,4646916,269321,PAYCOLL PAYROLL,LD Community Services,3438.32,Purchased Care,Third Party Supplier,STANDARD,5741,JAAA-Directorate of Social Care and Health Services
RBC Legal Entity,02/02/2022,4647069,269322,MMCG (2) LIMITED,PS Acquired Nursing,1305.6,Purchased Care,Third Party Supplier,STANDARD,5773,JAAA-Directorate of Social Care and Health Services
RBC Legal Entity,02/02/2022,4647070,269322,MMCG (2) LIMITED,M&C Acquired Nursing,3200,Purchased Care,Third Party Supplier,STANDARD,5753,JAAA-Directorate of Social Care and Health Services
RBC Legal Entity,02/02/2022,4647071,269322,MMCG (2) LIMITED,PS Acquired Nursing,2900,Purchased Care,Third Party Supplier,STANDARD,5773,JAAA-Directorate of Social Care and Health Services
RBC Legal Entity,02/02/2022,4647072,269322,MMCG (2) LIMITED,PS Acquired Nursing,2900,Purchased Care,Third Party Supplier,STANDARD,5773,JAAA-Directorate of Social Care and Health Services
RBC Legal Entity,02/02/2022,4647074,269322,MMCG (2) LIMITED,PS Acquired Nursing,-5385.71,Purchased Care,Third Party Supplier,CREDIT,5773,JAAA-Directorate of Social Care and Health Services
RBC Legal Entity,02/02/2022,4647079,269322,MMCG (2) LIMITED,PS Acquired Nursing,2996,Purchased Care,Third Party Supplier,STANDARD,5773,JAAA-Directorate of Social Care and Health Services
RBC Legal Entity,02/02/2022,4647080,269322,MMCG (2) LIMITED,PS Acquired Nursing,2996,Purchased Care,Third Party Supplier,STANDARD,5773,JAAA-Directorate of Social Care and Health Services
RBC Legal Entity,02/02/2022,4647081,269322,MMCG (2) LIMITED,Social Support,-3642.86,Purchased Care,Third Party Supplier,CREDIT,5790,JAAA-Directorate of Social Care and Health Services
RBC Legal Entity,02/02/2022,4647085,269322,MMCG (2) LIMITED,PS Acquired Nursing,2900,Purchased Care,Third Party Supplier,STANDARD,5773,JAAA-Directorate of Social Care and Health Services
RBC Legal Entity,02/02/2022,4647087,269322,MMCG (2) LIMITED,PS Acquired Nursing,3600,Purchased Care,Third Party Supplier,STANDARD,5773,JAAA-Directorate of Social Care and Health Services
RBC Legal Entity,02/02/2022,4647089,269322,MMCG (2) LIMITED,LD Nursing,1853.43,Respite Care,Third Party Supplier,STANDARD,5743,JAAA-Directorate of Social Care and Health Services
RBC Legal Entity,02/02/2022,4647092,269322,MMCG (2) LIMITED,PS Acquired Nursing,2996,Purchased Care,Third Party Supplier,STANDARD,5773,JAAA-Directorate of Social Care and Health Services
RBC Legal Entity,02/02/2022,4647098,269322,MMCG (2) LIMITED,PS Acquired Nursing,2996,Purchased Care,Third Party Supplier,STANDARD,5773,JAAA-Directorate of Social Care and Health Services
RBC Legal Entity,02/02/2022,4647101,269322,MMCG (2) LIMITED,PS Acquired Nursing,-7852.83,Purchased Care,Third Party Supplier,CREDIT,5773,JAAA-Directorate of Social Care and Health Services
RBC Legal Entity,02/02/2022,4647102,269322,MMCG (2) LIMITED,PS Acquired Nursing,3060,Purchased Care,Third Party Supplier,STANDARD,5773,JAAA-Directorate of Social Care and Health Services
RBC Legal Entity,02/02/2022,4647103,269322,MMCG (2) LIMITED,Mental Health Nursing,3060,Purchased Care,Third Party Supplier,STANDARD,5733,JAAA-Directorate of Social Care and Health Services
RBC Legal Entity,02/02/2022,4647108,269322,MMCG (2) LIMITED,PS Acquired Nursing,2900,Purchased Care,Third Party Supplier,STANDARD,5773,JAAA-Directorate of Social Care and Health Services
RBC Legal Entity,02/02/2022,4647110,269322,MMCG (2) LIMITED,Mental Health Nursing,3200,Purchased Care,Third Party Supplier,STANDARD,5733,JAAA-Directorate of Social Care and Health Services
RBC Legal Entity,02/02/2022,4647111,269322,MMCG (2) LIMITED,PS Acquired Nursing,3200,Purchased Care,Third Party Supplier,STANDARD,5773,JAAA-Directorate of Social Care and Health Services
RBC Legal Entity,02/02/2022,4647112,269322,MMCG (2) LIMITED,PS Acquired Nursing,2996,Purchased Care,Third Party Supplier,STANDARD,5773,JAAA-Directorate of Social Care and Health Services
RBC Legal Entity,02/02/2022,4647113,269322,MMCG (2) LIMITED,PS Acquired Nursing,2996,Purchased Care,Third Party Supplier,STANDARD,5773,JAAA-Directorate of Social Care and Health Services
RBC Legal Entity,02/02/2022,4647123,269322,MMCG (2) LIMITED,PS Acquired Nursing,3521.43,Purchased Care,Third Party Supplier,STANDARD,5773,JAAA-Directorate of Social Care and Health Services
RBC Legal Entity,02/02/2022,4647129,269322,MMCG (2) LIMITED,PS Acquired Nursing,3060,Purchased Care,Third Party Supplier,STANDARD,5773,JAAA-Directorate of Social Care and Health Services
RBC Legal Entity,02/02/2022,4647134,269322,MMCG (2) LIMITED,PS Acquired Nursing,3060,Purchased Care,Third Party Supplier,STANDARD,5773,JAAA-Directorate of Social Care and Health Services
RBC Legal Entity,02/02/2022,4647137,269322,MMCG (2) LIMITED,PS Acquired Nursing,-7146.43,Purchased Care,Third Party Supplier,CREDIT,5773,JAAA-Directorate of Social Care and Health Services
RBC Legal Entity,02/02/2022,4647139,269322,MMCG (2) LIMITED,Mental Health Nursing,2900,Purchased Care,Third Party Supplier,STANDARD,5733,JAAA-Directorate of Social Care and Health Services
RBC Legal Entity,02/02/2022,4647140,269322,MMCG (2) LIMITED,PS Acquired Nursing,2900,Purchased Care,Third Party Supplier,STANDARD,5773,JAAA-Directorate of Social Care and Health Services
RBC Legal Entity,02/02/2022,4647142,269322,MMCG (2) LIMITED,PS Acquired Nursing,3200,Purchased Care,Third Party Supplier,STANDARD,5773,JAAA-Directorate of Social Care and Health Services
RBC Legal Entity,02/02/2022,4647145,269322,MMCG (2) LIMITED,PS Acquired Nursing,-1139.29,Purchased Care,Third Party Supplier,CREDIT,5773,JAAA-Directorate of Social Care and Health Services
RBC Legal Entity,02/02/2022,4647147,269322,MMCG (2) LIMITED,M&C Acquired Nursing,2996,Purchased Care,Third Party Supplier,STANDARD,5753,JAAA-Directorate of Social Care and Health Services
RBC Legal Entity,02/02/2022,4647148,269322,MMCG (2) LIMITED,PS Acquired Nursing,2996,Purchased Care,Third Party Supplier,STANDARD,5773,JAAA-Directorate of Social Care and Health Services
RBC Legal Entity,02/02/2022,4647149,269322,MMCG (2) LIMITED,PS Acquired Nursing,2996,Purchased Care,Third Party Supplier,STANDARD,5773,JAAA-Directorate of Social Care and Health Services
RBC Legal Entity,02/02/2022,4647150,269322,MMCG (2) LIMITED,PS Acquired Nursing,2996,Purchased Care,Third Party Supplier,STANDARD,5773,JAAA-Directorate of Social Care and Health Services
RBC Legal Entity,02/02/2022,4647151,269322,MMCG (2) LIMITED,PS Acquired Nursing,-4857.14,Purchased Care,Third Party Supplier,CREDIT,5773,JAAA-Directorate of Social Care and Health Services
RBC Legal Entity,02/02/2022,4647152,269322,MMCG (2) LIMITED,PS Acquired Nursing,-4614.29,Purchased Care,Third Party Supplier,CREDIT,5773,JAAA-Directorate of Social Care and Health Services
RBC Legal Entity,02/02/2022,4647153,269322,MMCG (2) LIMITED,PS Acquired Nursing,-4007.14,Purchased Care,Third Party Supplier,CREDIT,5773,JAAA-Directorate of Social Care and Health Services
RBC Legal Entity,02/02/2022,4647157,269322,MMCG (2) LIMITED,PS Acquired Nursing,3521.43,Purchased Care,Third Party Supplier,STANDARD,5773,JAAA-Directorate of Social Care and Health Services
RBC Legal Entity,02/02/2022,4647163,269322,MMCG (2) LIMITED,M&C Acquired Nursing,2996,Purchased Care,Third Party Supplier,STANDARD,5753,JAAA-Directorate of Social Care and Health Services
RBC Legal Entity,02/02/2022,4647165,269322,MMCG (2) LIMITED,Mental Health Nursing,1224,Purchased Care,Third Party Supplier,STANDARD,5733,JAAA-Directorate of Social Care and Health Services
RBC Legal Entity,02/02/2022,4647172,269322,MMCG (2) LIMITED,Mental Health Nursing,2035.92,Purchased Care,Third Party Supplier,STANDARD,5733,JAAA-Directorate of Social Care and Health Services
RBC Legal Entity,02/02/2022,4647174,269322,MMCG (2) LIMITED,PS Acquired Nursing,1996,Purchased Care,Third Party Supplier,STANDARD,5773,JAAA-Directorate of Social Care and Health Services
RBC Legal Entity,02/02/2022,4647175,269322,MMCG (2) LIMITED,PS Acquired Nursing,2900,Purchased Care,Third Party Supplier,STANDARD,5773,JAAA-Directorate of Social Care and Health Services
RBC Legal Entity,02/02/2022,4647176,269322,MMCG (2) LIMITED,PS Acquired Nursing,2900,Purchased Care,Third Party Supplier,STANDARD,5773,JAAA-Directorate of Social Care and Health Services
RBC Legal Entity,02/02/2022,4647178,269322,MMCG (2) LIMITED,PS Acquired Nursing,2900,Purchased Care,Third Party Supplier,STANDARD,5773,JAAA-Directorate of Social Care and Health Services
RBC Legal Entity,02/02/2022,4647183,269322,MMCG (2) LIMITED,PS Acquired Nursing,2996,Purchased Care,Third Party Supplier,STANDARD,5773,JAAA-Directorate of Social Care and Health Services
RBC Legal Entity,02/02/2022,4647184,269322,MMCG (2) LIMITED,Social Support,2996,Purchased Care,Third Party Supplier,STANDARD,5790,JAAA-Directorate of Social Care and Health Services
RBC Legal Entity,02/02/2022,4647185,269322,MMCG (2) LIMITED,Mental Health Nursing,2996,Purchased Care,Third Party Supplier,STANDARD,5733,JAAA-Directorate of Social Care and Health Services
RBC Legal Entity,02/02/2022,4647186,269322,MMCG (2) LIMITED,M&C Acquired Nursing,2996,Purchased Care,Third Party Supplier,STANDARD,5753,JAAA-Directorate of Social Care and Health Services
RBC Legal Entity,02/02/2022,4647187,269322,MMCG (2) LIMITED,PS Acquired Nursing,2996,Purchased Care,Third Party Supplier,STANDARD,5773,JAAA-Directorate of Social Care and Health Services
RBC Legal Entity,02/02/2022,4647188,269322,MMCG (2) LIMITED,PS Acquired Nursing,2996,Purchased Care,Third Party Supplier,STANDARD,5773,JAAA-Directorate of Social Care and Health Services
RBC Legal Entity,02/02/2022,4647189,269322,MMCG (2) LIMITED,PS Acquired Nursing,2996,Purchased Care,Third Party Supplier,STANDARD,5773,JAAA-Directorate of Social Care and Health Services
RBC Legal Entity,02/02/2022,4647190,269322,MMCG (2) LIMITED,Mental Health Nursing,2996,Purchased Care,Third Party Supplier,STANDARD,5733,JAAA-Directorate of Social Care and Health Services
RBC Legal Entity,02/02/2022,4647191,269322,MMCG (2) LIMITED,PS Acquired Nursing,2996,Purchased Care,Third Party Supplier,STANDARD,5773,JAAA-Directorate of Social Care and Health Services
RBC Legal Entity,02/02/2022,4647192,269322,MMCG (2) LIMITED,PS Acquired Nursing,2996,Purchased Care,Third Party Supplier,STANDARD,5773,JAAA-Directorate of Social Care and Health Services
RBC Legal Entity,02/02/2022,4647193,269322,MMCG (2) LIMITED,PS Acquired Nursing,3400,Purchased Care,Third Party Supplier,STANDARD,5773,JAAA-Directorate of Social Care and Health Services
RBC Legal Entity,02/02/2022,4647194,269322,MMCG (2) LIMITED,M&C Acquired Nursing,3400,Purchased Care,Third Party Supplier,STANDARD,5753,JAAA-Directorate of Social Care and Health Services
RBC Legal Entity,02/02/2022,4647198,269322,MMCG (2) LIMITED,PS Acquired Nursing,3400,Purchased Care,Third Party Supplier,STANDARD,5773,JAAA-Directorate of Social Care and Health Services
RBC Legal Entity,02/02/2022,4647201,269322,MMCG (2) LIMITED,PS Acquired Nursing,10407.71,Purchased Care,Third Party Supplier,STANDARD,5773,JAAA-Directorate of Social Care and Health Services
RBC Legal Entity,02/02/2022,4647202,269322,MMCG (2) LIMITED,M&C Acquired Nursing,11548.29,Purchased Care,Third Party Supplier,STANDARD,5753,JAAA-Directorate of Social Care and Health Services
RBC Legal Entity,02/02/2022,4647314,269322,MMCG (2) LIMITED,M&C Acquired Nursing,3024.2,Purchased Care,Third Party Supplier,STANDARD,5753,JAAA-Directorate of Social Care and Health Services
RBC Legal Entity,02/02/2022,4646896,269323,PAYCOLL PAYROLL,LD Community Services,-258.88,Fairer charging charges,Third Party Supplier,CREDIT,5741,JAAA-Directorate of Social Care and Health Services
RBC Legal Entity,02/02/2022,4646896,269323,PAYCOLL PAYROLL,LD Community Services,1699.56,Purchased Care,Third Party Supplier,STANDARD,5741,JAAA-Directorate of Social Care and Health Services
RBC Legal Entity,02/02/2022,4647225,269324,MANORHEY CARE CENTRE,Mental Health Residential,3806.64,Purchased Care,SUPPLIER,STANDARD,5732,JAAA-Directorate of Social Care and Health Services
RBC Legal Entity,02/02/2022,4647355,269326,HEREWARDS HOUSE LTD,Mental Health Residential,1326,Purchased Care,SUPPLIER,STANDARD,5732,JAAA-Directorate of Social Care and Health Services
RBC Legal Entity,02/02/2022,4640838,269327,GREGORY PSYCHOLOGICAL SERVICES LTD,JLT Disbursements,8256.6,Misc. Legal Expenses,SUPPLIER,STANDARD,2407,LAAA-Directorate of Resources
RBC Legal Entity,02/02/2022,4647350,269331,GRACEWELL HEALTHCARE 3 LTD,PS Acquired Nursing,3669.16,Purchased Care,SUPPLIER,STANDARD,5773,JAAA-Directorate of Social Care and Health Services
RBC Legal Entity,02/02/2022,4646942,269332,PAYCOLL PAYROLL,PS Acquired Community Services,681.44,Purchased Care,Third Party Supplier,STANDARD,5771,JAAA-Directorate of Social Care and Health Services
RBC Legal Entity,02/02/2022,4646871,269333,ENHAM TRUST,LD Community Services,1815.52,Purchased Care,Third Party Supplier,STANDARD,5741,JAAA-Directorate of Social Care and Health Services
RBC Legal Entity,02/02/2022,4647029,269334,ENHAM TRUST,LD Community Services,1097.16,Purchased Care,Third Party Supplier,STANDARD,5741,JAAA-Directorate of Social Care and Health Services
RBC Legal Entity,02/02/2022,4647363,269336,EQUINOX CARE,PS Acquired Residential,3834.2,Purchased Care,SUPPLIER,STANDARD,5772,JAAA-Directorate of Social Care and Health Services
RBC Legal Entity,02/02/2022,4646857,269338,PAYCOLL PAYROLL,LD Community Services,4893.76,Purchased Care,Third Party Supplier,STANDARD,5741,JAAA-Directorate of Social Care and Health Services
RBC Legal Entity,02/02/2022,4646952,269339,PAYCOLL PAYROLL,LD Community Services,-128.4,Fairer charging charges,Third Party Supplier,CREDIT,5741,JAAA-Directorate of Social Care and Health Services
RBC Legal Entity,02/02/2022,4646952,269339,PAYCOLL PAYROLL,LD Community Services,2361.56,Purchased Care,Third Party Supplier,STANDARD,5741,JAAA-Directorate of Social Care and Health Services
RBC Legal Entity,02/02/2022,4646934,269340,PAYCOLL PAYROLL,PS Acquired Community Services,-979.2,Fairer charging charges,Third Party Supplier,CREDIT,5771,JAAA-Directorate of Social Care and Health Services
RBC Legal Entity,02/02/2022,4646934,269340,PAYCOLL PAYROLL,PS Acquired Community Services,1894,Purchased Care,Third Party Supplier,STANDARD,5771,JAAA-Directorate of Social Care and Health Services
RBC Legal Entity,02/02/2022,4647253,269341,ST MATTHEWS HEALTHCARE,Mental Health Residential,908.6,Purchased Care,SUPPLIER,STANDARD,5732,JAAA-Directorate of Social Care and Health Services
RBC Legal Entity,02/02/2022,4647366,269341,ST MATTHEWS HEALTHCARE,PS Acquired Nursing,2960,Purchased Care,SUPPLIER,STANDARD,5773,JAAA-Directorate of Social Care and Health Services
RBC Legal Entity,02/02/2022,4647304,269343,VALORUM CARE LTD,PS Acquired Nursing,4648.6,Purchased Care,SUPPLIER,STANDARD,5773,JAAA-Directorate of Social Care and Health Services
RBC Legal Entity,02/02/2022,4647416,269343,VALORUM CARE LTD,PS Acquired Nursing,-698.08,Client Contrib. Residential,SUPPLIER,CREDIT,5773,JAAA-Directorate of Social Care and Health Services
RBC Legal Entity,02/02/2022,4647416,269343,VALORUM CARE LTD,PS Acquired Nursing,3622.08,Purchased Care,SUPPLIER,STANDARD,5773,JAAA-Directorate of Social Care and Health Services
RBC Legal Entity,02/02/2022,4647273,269344,QUALITY CARE PROVIDERS LIMITED,LD Residential,9911.12,Purchased Care,SUPPLIER,STANDARD,5742,JAAA-Directorate of Social Care and Health Services
RBC Legal Entity,02/02/2022,4647336,269344,QUALITY CARE PROVIDERS LIMITED,LD Residential,6105.88,Purchased Care,SUPPLIER,STANDARD,5742,JAAA-Directorate of Social Care and Health Services
RBC Legal Entity,02/02/2022,4647337,269344,QUALITY CARE PROVIDERS LIMITED,LD Residential,6618.8,Purchased Care,SUPPLIER,STANDARD,5742,JAAA-Directorate of Social Care and Health Services
RBC Legal Entity,02/02/2022,4647307,269345,BRAMLEY HEALTH,M&C Acquired Nursing,4480,Purchased Care,SUPPLIER,STANDARD,5753,JAAA-Directorate of Social Care and Health Services
RBC Legal Entity,02/02/2022,4647323,269345,BRAMLEY HEALTH,Mental Health Residential,1848,Purchased Care,SUPPLIER,STANDARD,5732,JAAA-Directorate of Social Care and Health Services
RBC Legal Entity,02/02/2022,4643452,269346,THE WELLER CENTRE,Compass Recovery College,1000,General & Admin & Clerical,SUPPLIER,STANDARD,5006,JAAA-Directorate of Social Care and Health Services
RBC Legal Entity,02/02/2022,4647319,269347,WINDSAR CARE CENTRE LTD,Mental Health Residential,2280,Purchased Care,Third Party Supplier,STANDARD,5732,JAAA-Directorate of Social Care and Health Services
RBC Legal Entity,02/02/2022,4647369,269347,WINDSAR CARE CENTRE LTD,PS Acquired Residential,3876,Purchased Care,Third Party Supplier,STANDARD,5772,JAAA-Directorate of Social Care and Health Services
RBC Legal Entity,02/02/2022,4647434,269347,WINDSAR CARE CENTRE LTD,Mental Health Residential,2448,Purchased Care,Third Party Supplier,STANDARD,5732,JAAA-Directorate of Social Care and Health Services
RBC Legal Entity,02/02/2022,4647439,269347,WINDSAR CARE CENTRE LTD,M&C Acquired Nursing,4528.8,Purchased Care,Third Party Supplier,STANDARD,5753,JAAA-Directorate of Social Care and Health Services
RBC Legal Entity,02/02/2022,4647442,269347,WINDSAR CARE CENTRE LTD,PS Acquired Nursing,3800,Purchased Care,Third Party Supplier,STANDARD,5773,JAAA-Directorate of Social Care and Health Services
RBC Legal Entity,02/02/2022,4647326,269348,THE PINES,Mental Health Residential,3731.2,Purchased Care,SUPPLIER,STANDARD,5732,JAAA-Directorate of Social Care and Health Services
RBC Legal Entity,02/02/2022,4647035,269349,PAYCOLL PAYROLL,PS Acquired Community Services,-186.08,Fairer charging charges,Third Party Supplier,CREDIT,5771,JAAA-Directorate of Social Care and Health Services
RBC Legal Entity,02/02/2022,4647035,269349,PAYCOLL PAYROLL,PS Acquired Community Services,3042,Purchased Care,Third Party Supplier,STANDARD,5771,JAAA-Directorate of Social Care and Health Services
RBC Legal Entity,02/02/2022,4643426,269350,DOUBLE-BARRELLED BREWERY LTD,South Street Operations,502,Purchases  Liquor,SUPPLIER,STANDARD,1220,KAAA-Directorate of Economic Growth and Neighbourhood Services
RBC Legal Entity,02/02/2022,4646964,269351,PAYCOLL PAYROLL,PS Acquired Community Services,1982.04,Purchased Care,Third Party Supplier,STANDARD,5771,JAAA-Directorate of Social Care and Health Services
RBC Legal Entity,02/02/2022,4641464,269352,ACCREDO SUPPORT & DEVELOPMENT LTD,Mental Health Community Services,845.63,Purchased Care,Third Party Supplier,STANDARD,5731,JAAA-Directorate of Social Care and Health Services
RBC Legal Entity,02/02/2022,4641467,269352,ACCREDO SUPPORT & DEVELOPMENT LTD,LD Community Services,4394.88,Purchased Care,Third Party Supplier,STANDARD,5741,JAAA-Directorate of Social Care and Health Services
RBC Legal Entity,02/02/2022,4646887,269353,PAYCOLL PAYROLL,PS Acquired Community Services,702,Purchased Care,Third Party Supplier,STANDARD,5771,JAAA-Directorate of Social Care and Health Services
RBC Legal Entity,02/02/2022,4647207,269356,LIVABILITY,PS Lifelong Residential,5078.52,Purchased Care,Third Party Supplier,STANDARD,5782,JAAA-Directorate of Social Care and Health Services
RBC Legal Entity,02/02/2022,4647342,269356,LIVABILITY,LD Residential,4003.24,Purchased Care,Third Party Supplier,STANDARD,5742,JAAA-Directorate of Social Care and Health Services
RBC Legal Entity,02/02/2022,4647415,269356,LIVABILITY,PS Acquired Residential,5078.52,Purchased Care,Third Party Supplier,STANDARD,5772,JAAA-Directorate of Social Care and Health Services
RBC Legal Entity,02/02/2022,4647227,269361,THE BOLTONS,PS Acquired Residential,3264,Purchased Care,SUPPLIER,STANDARD,5772,JAAA-Directorate of Social Care and Health Services
RBC Legal Entity,02/02/2022,4647230,269361,THE BOLTONS,Mental Health Residential,1734,Purchased Care,SUPPLIER,STANDARD,5732,JAAA-Directorate of Social Care and Health Services
RBC Legal Entity,02/02/2022,4647254,269361,THE BOLTONS,PS Acquired Residential,1360,Purchased Care,SUPPLIER,STANDARD,5772,JAAA-Directorate of Social Care and Health Services
RBC Legal Entity,02/02/2022,4647291,269361,THE BOLTONS,PS Acquired Residential,3060,Purchased Care,SUPPLIER,STANDARD,5772,JAAA-Directorate of Social Care and Health Services
RBC Legal Entity,02/02/2022,4647311,269361,THE BOLTONS,Mental Health Residential,3570,Purchased Care,SUPPLIER,STANDARD,5732,JAAA-Directorate of Social Care and Health Services
RBC Legal Entity,02/02/2022,4647325,269361,THE BOLTONS,Mental Health Residential,1122,Purchased Care,SUPPLIER,STANDARD,5732,JAAA-Directorate of Social Care and Health Services
RBC Legal Entity,02/02/2022,4647332,269361,THE BOLTONS,PS Acquired Residential,3400,Purchased Care,SUPPLIER,STANDARD,5772,JAAA-Directorate of Social Care and Health Services
RBC Legal Entity,02/02/2022,4647372,269361,THE BOLTONS,M&C Acquired Residential,3182.4,Purchased Care,SUPPLIER,STANDARD,5752,JAAA-Directorate of Social Care and Health Services
RBC Legal Entity,02/02/2022,4647373,269361,THE BOLTONS,Mental Health Residential,3468,Purchased Care,SUPPLIER,STANDARD,5732,JAAA-Directorate of Social Care and Health Services
RBC Legal Entity,02/02/2022,4647376,269361,THE BOLTONS,PS Acquired Residential,3366,Purchased Care,SUPPLIER,STANDARD,5772,JAAA-Directorate of Social Care and Health Services
RBC Legal Entity,02/02/2022,4647387,269361,THE BOLTONS,PS Acquired Residential,3400,Purchased Care,SUPPLIER,STANDARD,5772,JAAA-Directorate of Social Care and Health Services
RBC Legal Entity,02/02/2022,4647429,269361,THE BOLTONS,M&C Acquired Residential,3264,Purchased Care,SUPPLIER,STANDARD,5752,JAAA-Directorate of Social Care and Health Services
RBC Legal Entity,02/02/2022,4647433,269361,THE BOLTONS,M&C Acquired Residential,3264,Purchased Care,SUPPLIER,STANDARD,5752,JAAA-Directorate of Social Care and Health Services
RBC Legal Entity,02/02/2022,4647437,269361,THE BOLTONS,Mental Health Residential,3182.4,Purchased Care,SUPPLIER,STANDARD,5732,JAAA-Directorate of Social Care and Health Services
RBC Legal Entity,02/02/2022,4647446,269361,THE BOLTONS,M&C Acquired Residential,3560,Purchased Care,SUPPLIER,STANDARD,5752,JAAA-Directorate of Social Care and Health Services
RBC Legal Entity,02/02/2022,4647449,269361,THE BOLTONS,PS Acquired Residential,3200,Purchased Care,SUPPLIER,STANDARD,5772,JAAA-Directorate of Social Care and Health Services
RBC Legal Entity,02/02/2022,4647240,269362,NAVARA LODGE,PS Acquired Residential,3092.2,Purchased Care,SUPPLIER,STANDARD,5772,JAAA-Directorate of Social Care and Health Services
RBC Legal Entity,02/02/2022,4647241,269362,NAVARA LODGE,PS Acquired Residential,2951.64,Purchased Care,SUPPLIER,STANDARD,5772,JAAA-Directorate of Social Care and Health Services
RBC Legal Entity,02/02/2022,4647310,269362,NAVARA LODGE,PS Acquired Residential,3092.2,Purchased Care,SUPPLIER,STANDARD,5772,JAAA-Directorate of Social Care and Health Services
RBC Legal Entity,02/02/2022,4647370,269362,NAVARA LODGE,PS Acquired Residential,2951.64,Purchased Care,SUPPLIER,STANDARD,5772,JAAA-Directorate of Social Care and Health Services
RBC Legal Entity,02/02/2022,4647371,269362,NAVARA LODGE,Mental Health Residential,3246.04,Purchased Care,SUPPLIER,STANDARD,5732,JAAA-Directorate of Social Care and Health Services
RBC Legal Entity,02/02/2022,4647424,269362,NAVARA LODGE,PS Acquired Residential,3246.04,Purchased Care,SUPPLIER,STANDARD,5772,JAAA-Directorate of Social Care and Health Services
RBC Legal Entity,02/02/2022,4647436,269362,NAVARA LODGE,Mental Health Residential,3246.04,Purchased Care,SUPPLIER,STANDARD,5732,JAAA-Directorate of Social Care and Health Services
RBC Legal Entity,02/02/2022,4647222,269363,MOORLANDS REST HOME,Mental Health Residential,3308.48,Purchased Care,SUPPLIER,STANDARD,5732,JAAA-Directorate of Social Care and Health Services
RBC Legal Entity,02/02/2022,4647267,269363,MOORLANDS REST HOME,PS Acquired Residential,3520,Purchased Care,SUPPLIER,STANDARD,5772,JAAA-Directorate of Social Care and Health Services
RBC Legal Entity,02/02/2022,4647297,269363,MOORLANDS REST HOME,Mental Health Residential,1968.44,Purchased Care,SUPPLIER,STANDARD,5732,JAAA-Directorate of Social Care and Health Services
RBC Legal Entity,02/02/2022,4647334,269363,MOORLANDS REST HOME,PS Acquired Residential,771.42,Respite Care,SUPPLIER,STANDARD,5772,JAAA-Directorate of Social Care and Health Services
RBC Legal Entity,02/02/2022,4647359,269363,MOORLANDS REST HOME,PS Acquired Residential,3141.6,Purchased Care,SUPPLIER,STANDARD,5772,JAAA-Directorate of Social Care and Health Services
RBC Legal Entity,02/02/2022,4647386,269363,MOORLANDS REST HOME,M&C Acquired Residential,3280,Purchased Care,SUPPLIER,STANDARD,5752,JAAA-Directorate of Social Care and Health Services
RBC Legal Entity,02/02/2022,4647443,269363,MOORLANDS REST HOME,PS Acquired Residential,3200,Purchased Care,SUPPLIER,STANDARD,5772,JAAA-Directorate of Social Care and Health Services
RBC Legal Entity,02/02/2022,4647445,269363,MOORLANDS REST HOME,M&C Acquired Residential,3428.57,Purchased Care,SUPPLIER,STANDARD,5752,JAAA-Directorate of Social Care and Health Services
RBC Legal Entity,02/02/2022,4647423,269364,HILLTOP HOUSE,Mental Health Residential,1989.84,Purchased Care,SUPPLIER,STANDARD,5732,JAAA-Directorate of Social Care and Health Services
RBC Legal Entity,02/02/2022,4647065,269365,MULBERRY HOUSE RESIDENTIAL CARE HOME,PS Acquired Residential,3200,Purchased Care,SUPPLIER,STANDARD,5772,JAAA-Directorate of Social Care and Health Services
RBC Legal Entity,02/02/2022,4647075,269365,MULBERRY HOUSE RESIDENTIAL CARE HOME,PS Acquired Residential,3200,Purchased Care,SUPPLIER,STANDARD,5772,JAAA-Directorate of Social Care and Health Services
RBC Legal Entity,02/02/2022,4647086,269365,MULBERRY HOUSE RESIDENTIAL CARE HOME,PS Acquired Residential,3400,Purchased Care,SUPPLIER,STANDARD,5772,JAAA-Directorate of Social Care and Health Services
RBC Legal Entity,02/02/2022,4647095,269365,MULBERRY HOUSE RESIDENTIAL CARE HOME,M&C Acquired Residential,3200,Purchased Care,SUPPLIER,STANDARD,5752,JAAA-Directorate of Social Care and Health Services
RBC Legal Entity,02/02/2022,4647100,269365,MULBERRY HOUSE RESIDENTIAL CARE HOME,PS Acquired Residential,3060,Purchased Care,SUPPLIER,STANDARD,5772,JAAA-Directorate of Social Care and Health Services
RBC Legal Entity,02/02/2022,4647104,269365,MULBERRY HOUSE RESIDENTIAL CARE HOME,Social Support,3060,Purchased Care,SUPPLIER,STANDARD,5790,JAAA-Directorate of Social Care and Health Services
RBC Legal Entity,02/02/2022,4647106,269365,MULBERRY HOUSE RESIDENTIAL CARE HOME,PS Acquired Residential,3300,Purchased Care,SUPPLIER,STANDARD,5772,JAAA-Directorate of Social Care and Health Services
RBC Legal Entity,02/02/2022,4647124,269365,MULBERRY HOUSE RESIDENTIAL CARE HOME,M&C Acquired Residential,3200,Purchased Care,SUPPLIER,STANDARD,5752,JAAA-Directorate of Social Care and Health Services
RBC Legal Entity,02/02/2022,4647138,269365,MULBERRY HOUSE RESIDENTIAL CARE HOME,M&C Acquired Residential,3200,Purchased Care,SUPPLIER,STANDARD,5752,JAAA-Directorate of Social Care and Health Services
RBC Legal Entity,02/02/2022,4647162,269365,MULBERRY HOUSE RESIDENTIAL CARE HOME,PS Acquired Residential,3200,Purchased Care,SUPPLIER,STANDARD,5772,JAAA-Directorate of Social Care and Health Services
RBC Legal Entity,02/02/2022,4647170,269365,MULBERRY HOUSE RESIDENTIAL CARE HOME,PS Acquired Residential,3060,Purchased Care,SUPPLIER,STANDARD,5772,JAAA-Directorate of Social Care and Health Services
RBC Legal Entity,02/02/2022,4647177,269365,MULBERRY HOUSE RESIDENTIAL CARE HOME,PS Acquired Residential,3800,Purchased Care,SUPPLIER,STANDARD,5772,JAAA-Directorate of Social Care and Health Services
RBC Legal Entity,02/02/2022,4647410,269366,LEONARD CHESHIRE SOUTH REGION,Mental Health Residential,2636.36,Purchased Care,SUPPLIER,STANDARD,5732,JAAA-Directorate of Social Care and Health Services
RBC Legal Entity,02/02/2022,4647377,269369,FIDELITY HEALTHCARE GROVE HILL LTD,PS Acquired Residential,2448,Purchased Care,SUPPLIER,STANDARD,5772,JAAA-Directorate of Social Care and Health Services
RBC Legal Entity,02/02/2022,4647389,269370,WILLIAM MORRIS COLLEGE LIMITED,LD Residential,508.61,Purchased Care,SUPPLIER,STANDARD,5742,JAAA-Directorate of Social Care and Health Services
RBC Legal Entity,02/02/2022,4646967,269372,PAYCOLL PAYROLL,PS Acquired Community Services,-176.76,Fairer charging charges,Third Party Supplier,CREDIT,5771,JAAA-Directorate of Social Care and Health Services
RBC Legal Entity,02/02/2022,4646967,269372,PAYCOLL PAYROLL,PS Acquired Community Services,753.64,Purchased Care,Third Party Supplier,STANDARD,5771,JAAA-Directorate of Social Care and Health Services
RBC Legal Entity,02/02/2022,4646829,269374,ENHAM TRUST,PS Acquired Community Services,-128.2,Fairer charging charges,Third Party Supplier,CREDIT,5771,JAAA-Directorate of Social Care and Health Services
RBC Legal Entity,02/02/2022,4646829,269374,ENHAM TRUST,PS Acquired Community Services,4661.12,Purchased Care,Third Party Supplier,STANDARD,5771,JAAA-Directorate of Social Care and Health Services
RBC Legal Entity,02/02/2022,4647440,269375,REAL LIFE OPTIONS,LD Residential,2292,Purchased Care,SUPPLIER,STANDARD,5742,JAAA-Directorate of Social Care and Health Services
RBC Legal Entity,02/02/2022,4646889,269376,PAYCOLL PAYROLL,PS Acquired Community Services,-312.56,Fairer charging charges,Third Party Supplier,CREDIT,5771,JAAA-Directorate of Social Care and Health Services
RBC Legal Entity,02/02/2022,4646889,269376,PAYCOLL PAYROLL,PS Acquired Community Services,9673.2,Purchased Care,Third Party Supplier,STANDARD,5771,JAAA-Directorate of Social Care and Health Services
RBC Legal Entity,02/02/2022,4647971,269377,BERKSHIRE ROOMS,Rowe Court Fire,665,Rents,Third Party Supplier,STANDARD,2299,KAAA-Directorate of Economic Growth and Neighbourhood Services
RBC Legal Entity,02/02/2022,4646929,269378,PAYCOLL PAYROLL,Mental Health Community Services,4119.24,Purchased Care,Third Party Supplier,STANDARD,5731,JAAA-Directorate of Social Care and Health Services
RBC Legal Entity,02/02/2022,4646893,269379,PAYCOLL PAYROLL,PS Acquired Community Services,-1257.2,Fairer charging charges,Third Party Supplier,CREDIT,5771,JAAA-Directorate of Social Care and Health Services
RBC Legal Entity,02/02/2022,4646893,269379,PAYCOLL PAYROLL,PS Acquired Community Services,3130.4,Purchased Care,Third Party Supplier,STANDARD,5771,JAAA-Directorate of Social Care and Health Services
RBC Legal Entity,02/02/2022,4646888,269380,PAYCOLL PAYROLL,PS Acquired Community Services,3059,Purchased Care,Third Party Supplier,STANDARD,5771,JAAA-Directorate of Social Care and Health Services
RBC Legal Entity,02/02/2022,4647237,269382,COLLEYCARE LIMITED,PS Acquired Residential,3121.2,Purchased Care,SUPPLIER,STANDARD,5772,JAAA-Directorate of Social Care and Health Services
RBC Legal Entity,02/02/2022,4647243,269382,COLLEYCARE LIMITED,Mental Health Residential,3060,Purchased Care,SUPPLIER,STANDARD,5732,JAAA-Directorate of Social Care and Health Services
RBC Legal Entity,02/02/2022,4647252,269382,COLLEYCARE LIMITED,PS Acquired Residential,3000,Purchased Care,SUPPLIER,STANDARD,5772,JAAA-Directorate of Social Care and Health Services
RBC Legal Entity,02/02/2022,4647257,269382,COLLEYCARE LIMITED,Mental Health Residential,1530,Purchased Care,SUPPLIER,STANDARD,5732,JAAA-Directorate of Social Care and Health Services
RBC Legal Entity,02/02/2022,4647260,269382,COLLEYCARE LIMITED,M&C Acquired Residential,3060,Purchased Care,SUPPLIER,STANDARD,5752,JAAA-Directorate of Social Care and Health Services
RBC Legal Entity,02/02/2022,4647265,269382,COLLEYCARE LIMITED,PS Acquired Residential,3900,Purchased Care,SUPPLIER,STANDARD,5772,JAAA-Directorate of Social Care and Health Services
RBC Legal Entity,02/02/2022,4647305,269382,COLLEYCARE LIMITED,PS Acquired Residential,3060,Purchased Care,SUPPLIER,STANDARD,5772,JAAA-Directorate of Social Care and Health Services
RBC Legal Entity,02/02/2022,4647306,269382,COLLEYCARE LIMITED,M&C Acquired Residential,-3169.29,Purchased Care,SUPPLIER,CREDIT,5752,JAAA-Directorate of Social Care and Health Services
RBC Legal Entity,02/02/2022,4647315,269382,COLLEYCARE LIMITED,PS Acquired Residential,3060,Purchased Care,SUPPLIER,STANDARD,5772,JAAA-Directorate of Social Care and Health Services
RBC Legal Entity,02/02/2022,4647316,269382,COLLEYCARE LIMITED,PS Acquired Residential,-4122.14,Purchased Care,SUPPLIER,CREDIT,5772,JAAA-Directorate of Social Care and Health Services
RBC Legal Entity,02/02/2022,4647318,269382,COLLEYCARE LIMITED,PS Acquired Residential,3300,Purchased Care,SUPPLIER,STANDARD,5772,JAAA-Directorate of Social Care and Health Services
RBC Legal Entity,02/02/2022,4647321,269382,COLLEYCARE LIMITED,PS Acquired Residential,3880,Purchased Care,SUPPLIER,STANDARD,5772,JAAA-Directorate of Social Care and Health Services
RBC Legal Entity,02/02/2022,4647322,269382,COLLEYCARE LIMITED,PS Acquired Residential,3000,Purchased Care,SUPPLIER,STANDARD,5772,JAAA-Directorate of Social Care and Health Services
RBC Legal Entity,02/02/2022,4647328,269382,COLLEYCARE LIMITED,PS Acquired Residential,800,Purchased Care,SUPPLIER,STANDARD,5772,JAAA-Directorate of Social Care and Health Services
RBC Legal Entity,02/02/2022,4647331,269382,COLLEYCARE LIMITED,PS Acquired Residential,3800,Purchased Care,SUPPLIER,STANDARD,5772,JAAA-Directorate of Social Care and Health Services
RBC Legal Entity,02/02/2022,4647335,269382,COLLEYCARE LIMITED,M&C Acquired Residential,15996.42,Purchased Care,SUPPLIER,STANDARD,5752,JAAA-Directorate of Social Care and Health Services
RBC Legal Entity,02/02/2022,4647364,269382,COLLEYCARE LIMITED,PS Acquired Residential,3060,Purchased Care,SUPPLIER,STANDARD,5772,JAAA-Directorate of Social Care and Health Services
RBC Legal Entity,02/02/2022,4647381,269382,COLLEYCARE LIMITED,M&C Acquired Residential,3200,Purchased Care,SUPPLIER,STANDARD,5752,JAAA-Directorate of Social Care and Health Services
RBC Legal Entity,02/02/2022,4647388,269382,COLLEYCARE LIMITED,PS Acquired Residential,3880,Purchased Care,SUPPLIER,STANDARD,5772,JAAA-Directorate of Social Care and Health Services
RBC Legal Entity,02/02/2022,4647390,269382,COLLEYCARE LIMITED,Sensory Support Residential,3980,Purchased Care,SUPPLIER,STANDARD,5712,JAAA-Directorate of Social Care and Health Services
RBC Legal Entity,02/02/2022,4647432,269382,COLLEYCARE LIMITED,PS Acquired Residential,3060,Purchased Care,SUPPLIER,STANDARD,5772,JAAA-Directorate of Social Care and Health Services
RBC Legal Entity,02/02/2022,4647435,269382,COLLEYCARE LIMITED,M&C Acquired Residential,27200,EMI,SUPPLIER,STANDARD,5752,JAAA-Directorate of Social Care and Health Services
RBC Legal Entity,02/02/2022,4641457,269383,ACTIVE ASSISTANCE,PS Acquired Community Services,634.34,Purchased Care,SUPPLIER,STANDARD,5771,JAAA-Directorate of Social Care and Health Services
RBC Legal Entity,02/02/2022,4641458,269383,ACTIVE ASSISTANCE,PS Acquired Community Services,952.83,Purchased Care,SUPPLIER,STANDARD,5771,JAAA-Directorate of Social Care and Health Services
RBC Legal Entity,02/02/2022,4647282,269384,SEEABILITY,LD Residential,-425.6,Client Contrib. Residential,SUPPLIER,CREDIT,5742,JAAA-Directorate of Social Care and Health Services
RBC Legal Entity,02/02/2022,4647282,269384,SEEABILITY,LD Residential,9143.44,Purchased Care,SUPPLIER,STANDARD,5742,JAAA-Directorate of Social Care and Health Services
RBC Legal Entity,02/02/2022,4640711,269385,MIDLAND SOFTWARE LIMITED,HR & Payroll,480,Software Licences,SUPPLIER,STANDARD,2600,LAAA-Directorate of Resources
RBC Legal Entity,02/02/2022,4646683,269387,ASKEWS & HOLTS LIBRARY SERVICES LTD,General Reference,39.79,Childrens Stock,SUPPLIER,STANDARD,1454,KAAA-Directorate of Economic Growth and Neighbourhood Services
RBC Legal Entity,02/02/2022,4646683,269387,ASKEWS & HOLTS LIBRARY SERVICES LTD,General Reference,69.13,Adult Non Fiction Books,SUPPLIER,STANDARD,1454,KAAA-Directorate of Economic Growth and Neighbourhood Services
RBC Legal Entity,02/02/2022,4646683,269387,ASKEWS & HOLTS LIBRARY SERVICES LTD,General Reference,211.31,Childrens Stock,SUPPLIER,STANDARD,1454,KAAA-Directorate of Economic Growth and Neighbourhood Services
RBC Legal Entity,02/02/2022,4646683,269387,ASKEWS & HOLTS LIBRARY SERVICES LTD,General Reference,490.62,Adult Fiction Books,SUPPLIER,STANDARD,1454,KAAA-Directorate of Economic Growth and Neighbourhood Services
RBC Legal Entity,02/02/2022,4647603,269387,ASKEWS & HOLTS LIBRARY SERVICES LTD,General Reference,643.42,Childrens Stock,SUPPLIER,STANDARD,1454,KAAA-Directorate of Economic Growth and Neighbourhood Services
RBC Legal Entity,02/02/2022,4647428,269389,THE DISABILITIES TRUST,LD Residential,5219.16,Purchased Care,SUPPLIER,STANDARD,5742,JAAA-Directorate of Social Care and Health Services
RBC Legal Entity,02/02/2022,4647244,269390,THE DISABILITIES TRUST,LD Residential,7060,Purchased Care,SUPPLIER,STANDARD,5742,JAAA-Directorate of Social Care and Health Services
RBC Legal Entity,02/02/2022,4647221,269391,CHILMINGTON HOMES LIMITED,LD Residential,7135.32,Purchased Care,Third Party Supplier,STANDARD,5742,JAAA-Directorate of Social Care and Health Services
RBC Legal Entity,02/02/2022,4647261,269391,CHILMINGTON HOMES LIMITED,LD Residential,6787.2,Purchased Care,Third Party Supplier,STANDARD,5742,JAAA-Directorate of Social Care and Health Services
RBC Legal Entity,02/02/2022,4647418,269391,CHILMINGTON HOMES LIMITED,LD Residential,5638.76,Purchased Care,Third Party Supplier,STANDARD,5742,JAAA-Directorate of Social Care and Health Services
RBC Legal Entity,02/02/2022,4647329,269393,THE ABBEYFIELD READING SOCIETY LTD,PS Acquired Residential,3200,Purchased Care,Third Party Supplier,STANDARD,5772,JAAA-Directorate of Social Care and Health Services
RBC Legal Entity,02/02/2022,4643392,269395,TREVAL CLEANING SERVICES,South Street Catering,1827,Office Cleaning,SUPPLIER,STANDARD,1243,KAAA-Directorate of Economic Growth and Neighbourhood Services
RBC Legal Entity,02/02/2022,4646832,269397,PAYCOLL PAYROLL,PS Acquired Community Services,-167.32,Fairer charging charges,Third Party Supplier,CREDIT,5771,JAAA-Directorate of Social Care and Health Services
RBC Legal Entity,02/02/2022,4646832,269397,PAYCOLL PAYROLL,PS Acquired Community Services,2375.52,Purchased Care,Third Party Supplier,STANDARD,5771,JAAA-Directorate of Social Care and Health Services
RBC Legal Entity,02/02/2022,4646843,269398,PAYCOLL PAYROLL,LD Community Services,-200,Fairer charging charges,Third Party Supplier,CREDIT,5741,JAAA-Directorate of Social Care and Health Services
RBC Legal Entity,02/02/2022,4646843,269398,PAYCOLL PAYROLL,LD Community Services,2498.52,Purchased Care,Third Party Supplier,STANDARD,5741,JAAA-Directorate of Social Care and Health Services
RBC Legal Entity,02/02/2022,4647052,269400,PAYCOLL PAYROLL,PS Acquired Community Services,1292.76,Purchased Care,Third Party Supplier,STANDARD,5771,JAAA-Directorate of Social Care and Health Services
RBC Legal Entity,02/02/2022,4646820,269401,PAYCOLL PAYROLL,LD Community Services,-227.04,Fairer charging charges,Third Party Supplier,CREDIT,5741,JAAA-Directorate of Social Care and Health Services
RBC Legal Entity,02/02/2022,4646820,269401,PAYCOLL PAYROLL,LD Community Services,1532.48,Purchased Care,Third Party Supplier,STANDARD,5741,JAAA-Directorate of Social Care and Health Services
RBC Legal Entity,02/02/2022,4646849,269402,PAYCOLL PAYROLL,PS Acquired Community Services,-283.68,Fairer charging charges,Third Party Supplier,CREDIT,5771,JAAA-Directorate of Social Care and Health Services
RBC Legal Entity,02/02/2022,4646849,269402,PAYCOLL PAYROLL,PS Acquired Community Services,1389.6,Purchased Care,Third Party Supplier,STANDARD,5771,JAAA-Directorate of Social Care and Health Services
RBC Legal Entity,02/02/2022,4646828,269403,PAYCOLL PAYROLL,PS Acquired Community Services,1929.56,Purchased Care,Third Party Supplier,STANDARD,5771,JAAA-Directorate of Social Care and Health Services
RBC Legal Entity,02/02/2022,4647013,269405,PAYCOLL PAYROLL,PS Acquired Community Services,-560,Fairer charging charges,Third Party Supplier,CREDIT,5771,JAAA-Directorate of Social Care and Health Services
RBC Legal Entity,02/02/2022,4647013,269405,PAYCOLL PAYROLL,PS Acquired Community Services,2353.64,Purchased Care,Third Party Supplier,STANDARD,5771,JAAA-Directorate of Social Care and Health Services
RBC Legal Entity,02/02/2022,4647009,269408,PAYCOLL PAYROLL,PS Acquired Community Services,620.96,Purchased Care,Third Party Supplier,STANDARD,5771,JAAA-Directorate of Social Care and Health Services
RBC Legal Entity,02/02/2022,4647248,269410,AUSTEN HOUSE BARCHESTER HEALTHCARE,PS Acquired Nursing,3800,Purchased Care,Third Party Supplier,STANDARD,5773,JAAA-Directorate of Social Care and Health Services
RBC Legal Entity,02/02/2022,4647275,269410,AUSTEN HOUSE BARCHESTER HEALTHCARE,M&C Acquired Nursing,3138.8,Purchased Care,Third Party Supplier,STANDARD,5753,JAAA-Directorate of Social Care and Health Services
RBC Legal Entity,02/02/2022,4647333,269410,AUSTEN HOUSE BARCHESTER HEALTHCARE,Mental Health Nursing,3600,Purchased Care,Third Party Supplier,STANDARD,5733,JAAA-Directorate of Social Care and Health Services
RBC Legal Entity,02/02/2022,4647383,269410,AUSTEN HOUSE BARCHESTER HEALTHCARE,M&C Acquired Nursing,3800,Purchased Care,Third Party Supplier,STANDARD,5753,JAAA-Directorate of Social Care and Health Services
RBC Legal Entity,02/02/2022,4647447,269410,AUSTEN HOUSE BARCHESTER HEALTHCARE,PS Acquired Nursing,3800,Purchased Care,Third Party Supplier,STANDARD,5773,JAAA-Directorate of Social Care and Health Services
RBC Legal Entity,02/02/2022,4647205,269411,PURLEY PARK TRUST LTD,LD Residential,4492,Purchased Care,Third Party Supplier,STANDARD,5742,JAAA-Directorate of Social Care and Health Services
RBC Legal Entity,02/02/2022,4647229,269411,PURLEY PARK TRUST LTD,LD Residential,4152,Purchased Care,Third Party Supplier,STANDARD,5742,JAAA-Directorate of Social Care and Health Services
RBC Legal Entity,02/02/2022,4647271,269411,PURLEY PARK TRUST LTD,LD Residential,4492,Purchased Care,Third Party Supplier,STANDARD,5742,JAAA-Directorate of Social Care and Health Services
RBC Legal Entity,02/02/2022,4647272,269411,PURLEY PARK TRUST LTD,PS Lifelong Residential,4492,Purchased Care,Third Party Supplier,STANDARD,5782,JAAA-Directorate of Social Care and Health Services
RBC Legal Entity,02/02/2022,4647274,269411,PURLEY PARK TRUST LTD,LD Residential,4152,Purchased Care,Third Party Supplier,STANDARD,5742,JAAA-Directorate of Social Care and Health Services
RBC Legal Entity,02/02/2022,4647279,269411,PURLEY PARK TRUST LTD,LD Residential,-425.6,Client Contrib. Residential,Third Party Supplier,CREDIT,5742,JAAA-Directorate of Social Care and Health Services
RBC Legal Entity,02/02/2022,4647279,269411,PURLEY PARK TRUST LTD,LD Residential,4693.04,Purchased Care,Third Party Supplier,STANDARD,5742,JAAA-Directorate of Social Care and Health Services
RBC Legal Entity,02/02/2022,4647281,269411,PURLEY PARK TRUST LTD,LD Residential,-608.8,Client Contrib. Residential,Third Party Supplier,CREDIT,5742,JAAA-Directorate of Social Care and Health Services
RBC Legal Entity,02/02/2022,4647281,269411,PURLEY PARK TRUST LTD,LD Residential,4492,Purchased Care,Third Party Supplier,STANDARD,5742,JAAA-Directorate of Social Care and Health Services
RBC Legal Entity,02/02/2022,4647294,269411,PURLEY PARK TRUST LTD,LD Residential,4492,Purchased Care,Third Party Supplier,STANDARD,5742,JAAA-Directorate of Social Care and Health Services
RBC Legal Entity,02/02/2022,4647414,269411,PURLEY PARK TRUST LTD,PS Lifelong Residential,4492,Purchased Care,Third Party Supplier,STANDARD,5782,JAAA-Directorate of Social Care and Health Services
RBC Legal Entity,02/02/2022,4647417,269411,PURLEY PARK TRUST LTD,LD Residential,4492,Purchased Care,Third Party Supplier,STANDARD,5742,JAAA-Directorate of Social Care and Health Services
RBC Legal Entity,02/02/2022,4647427,269411,PURLEY PARK TRUST LTD,Mental Health Residential,3000,Purchased Care,Third Party Supplier,STANDARD,5732,JAAA-Directorate of Social Care and Health Services
RBC Legal Entity,02/02/2022,4647351,269412,HOLLIES CARE HOME,PS Acquired Nursing,2978.4,Purchased Care,SUPPLIER,STANDARD,5773,JAAA-Directorate of Social Care and Health Services
RBC Legal Entity,02/02/2022,4647219,269413,DUNRAVEN HOUSE,M&C Acquired Residential,-608.8,Client Contrib. Residential,SUPPLIER,CREDIT,5752,JAAA-Directorate of Social Care and Health Services
RBC Legal Entity,02/02/2022,4647219,269413,DUNRAVEN HOUSE,M&C Acquired Residential,2002.08,Purchased Care,SUPPLIER,STANDARD,5752,JAAA-Directorate of Social Care and Health Services
RBC Legal Entity,02/02/2022,4647362,269414,NORWOOD SCHOOLS LIMITED,LD Residential,8872,Purchased Care,SUPPLIER,STANDARD,5742,JAAA-Directorate of Social Care and Health Services
RBC Legal Entity,02/02/2022,4647284,269415,UNITED RESPONSE,LD Residential,-425.6,Client Contrib. Residential,Third Party Supplier,CREDIT,5742,JAAA-Directorate of Social Care and Health Services
RBC Legal Entity,02/02/2022,4647284,269415,UNITED RESPONSE,LD Residential,5469.4,Purchased Care,Third Party Supplier,STANDARD,5742,JAAA-Directorate of Social Care and Health Services
RBC Legal Entity,02/02/2022,4647343,269416,SENSE,LD Residential,-425.6,Client Contrib. Residential,SUPPLIER,CREDIT,5742,JAAA-Directorate of Social Care and Health Services
RBC Legal Entity,02/02/2022,4647343,269416,SENSE,LD Residential,7558,Purchased Care,SUPPLIER,STANDARD,5742,JAAA-Directorate of Social Care and Health Services
RBC Legal Entity,02/02/2022,4647251,269418,NORTHCOURT LODGE CARE HOME LTD,PS Acquired Nursing,3520,Purchased Care,SUPPLIER,STANDARD,5773,JAAA-Directorate of Social Care and Health Services
RBC Legal Entity,02/02/2022,4647368,269418,NORTHCOURT LODGE CARE HOME LTD,PS Acquired Nursing,3468,Purchased Care,SUPPLIER,STANDARD,5773,JAAA-Directorate of Social Care and Health Services
RBC Legal Entity,02/02/2022,4647375,269418,NORTHCOURT LODGE CARE HOME LTD,PS Acquired Nursing,3520,Purchased Care,SUPPLIER,STANDARD,5773,JAAA-Directorate of Social Care and Health Services
RBC Legal Entity,02/02/2022,4647438,269418,NORTHCOURT LODGE CARE HOME LTD,PS Acquired Nursing,3468,Purchased Care,SUPPLIER,STANDARD,5773,JAAA-Directorate of Social Care and Health Services
RBC Legal Entity,02/02/2022,4647317,269419,BOND CARE (HENLEY) LTD,PS Acquired Nursing,3600,Purchased Care,Third Party Supplier,STANDARD,5773,JAAA-Directorate of Social Care and Health Services
RBC Legal Entity,02/02/2022,4647452,269419,BOND CARE (HENLEY) LTD,Mental Health Nursing,141035.71,Purchased Care,Third Party Supplier,STANDARD,5733,JAAA-Directorate of Social Care and Health Services
RBC Legal Entity,02/02/2022,4646706,269420,PERMADOOR,Planned Maintenance Trades,1736.1,Materials from Store,SUB-CONTRACTOR,STANDARD,4040,KAAA-Directorate of Economic Growth and Neighbourhood Services
RBC Legal Entity,02/02/2022,4646975,269421,PAYCOLL PAYROLL,Sensory Support Community Services,505,Purchased Care,Third Party Supplier,STANDARD,5711,JAAA-Directorate of Social Care and Health Services
RBC Legal Entity,02/02/2022,4646976,269422,PAYCOLL PAYROLL,Mental Health Community Services,812.96,Purchased Care,Third Party Supplier,STANDARD,5731,JAAA-Directorate of Social Care and Health Services
RBC Legal Entity,02/02/2022,4646971,269425,PAYCOLL PAYROLL,LD Community Services,-251.84,Fairer charging charges,Third Party Supplier,CREDIT,5741,JAAA-Directorate of Social Care and Health Services
RBC Legal Entity,02/02/2022,4646971,269425,PAYCOLL PAYROLL,LD Community Services,8100.88,Purchased Care,Third Party Supplier,STANDARD,5741,JAAA-Directorate of Social Care and Health Services
RBC Legal Entity,02/02/2022,4647382,269426,SILVERSPRINGS RCH LTD,LD Residential,7000,Purchased Care,SUPPLIER,STANDARD,5742,JAAA-Directorate of Social Care and Health Services
RBC Legal Entity,02/02/2022,4647055,269427,PAYCOLL PAYROLL,Social Support,5923.8,Purchased Care,Third Party Supplier,STANDARD,5790,JAAA-Directorate of Social Care and Health Services
RBC Legal Entity,02/02/2022,4646910,269428,PAYCOLL PAYROLL,LD Community Services,2135.04,Purchased Care,Third Party Supplier,STANDARD,5741,JAAA-Directorate of Social Care and Health Services
RBC Legal Entity,02/02/2022,4647250,269429,BENTLEY LODGE CARE HOME LTD,PS Acquired Nursing,3000,Purchased Care,Third Party Supplier,STANDARD,5773,JAAA-Directorate of Social Care and Health Services
RBC Legal Entity,02/02/2022,4646836,269430,PAYCOLL PAYROLL,Social Support,-527,Fairer charging charges,Third Party Supplier,CREDIT,5790,JAAA-Directorate of Social Care and Health Services
RBC Legal Entity,02/02/2022,4646836,269430,PAYCOLL PAYROLL,Social Support,12066,Purchased Care,Third Party Supplier,STANDARD,5790,JAAA-Directorate of Social Care and Health Services
RBC Legal Entity,02/02/2022,4646732,269436,RIDGE & PARTNERS,HRA portfolio expansion,1445,External Fees  Misc.,SUPPLIER,STANDARD,8518,ZZZC-Capital
RBC Legal Entity,02/02/2022,4646735,269436,RIDGE & PARTNERS,HRA portfolio expansion,682,External Fees  Misc.,SUPPLIER,STANDARD,8518,ZZZC-Capital
RBC Legal Entity,02/02/2022,4646744,269436,RIDGE & PARTNERS,HRA portfolio expansion,500,External Fees  Misc.,SUPPLIER,STANDARD,8518,ZZZC-Capital
RBC Legal Entity,02/02/2022,4647344,269437,STROUD COURT COMMUNITY TRUST,LD Residential,-595.8,Client Contrib. Residential,SUPPLIER,CREDIT,5742,JAAA-Directorate of Social Care and Health Services
RBC Legal Entity,02/02/2022,4647344,269437,STROUD COURT COMMUNITY TRUST,LD Residential,6054.52,Purchased Care,SUPPLIER,STANDARD,5742,JAAA-Directorate of Social Care and Health Services
RBC Legal Entity,02/02/2022,4647338,269438,LANDLACE CAREHOMES LTD,LD Residential,4437.12,Purchased Care,SUPPLIER,STANDARD,5742,JAAA-Directorate of Social Care and Health Services
RBC Legal Entity,02/02/2022,4647283,269440,TCM PARTNERSHIP,LD Residential,-425.6,Client Contrib. Residential,SUPPLIER,CREDIT,5742,JAAA-Directorate of Social Care and Health Services
RBC Legal Entity,02/02/2022,4647283,269440,TCM PARTNERSHIP,LD Residential,8322.24,Purchased Care,SUPPLIER,STANDARD,5742,JAAA-Directorate of Social Care and Health Services
RBC Legal Entity,02/02/2022,4647093,269442,BUPA CARE SERVICES,PS Acquired Nursing,5289.36,Purchased Care,SUPPLIER,STANDARD,5773,JAAA-Directorate of Social Care and Health Services
RBC Legal Entity,02/02/2022,4647094,269442,BUPA CARE SERVICES,PS Acquired Nursing,5289.36,Purchased Care,SUPPLIER,STANDARD,5773,JAAA-Directorate of Social Care and Health Services
RBC Legal Entity,02/02/2022,4647097,269442,BUPA CARE SERVICES,PS Acquired Nursing,5289.36,Purchased Care,SUPPLIER,STANDARD,5773,JAAA-Directorate of Social Care and Health Services
RBC Legal Entity,02/02/2022,4647099,269442,BUPA CARE SERVICES,PS Acquired Nursing,5289.36,Purchased Care,SUPPLIER,STANDARD,5773,JAAA-Directorate of Social Care and Health Services
RBC Legal Entity,02/02/2022,4647105,269442,BUPA CARE SERVICES,PS Acquired Nursing,5289.36,Purchased Care,SUPPLIER,STANDARD,5773,JAAA-Directorate of Social Care and Health Services
RBC Legal Entity,02/02/2022,4647107,269442,BUPA CARE SERVICES,PS Acquired Nursing,5289.36,Purchased Care,SUPPLIER,STANDARD,5773,JAAA-Directorate of Social Care and Health Services
RBC Legal Entity,02/02/2022,4647125,269442,BUPA CARE SERVICES,PS Acquired Nursing,5289.36,Purchased Care,SUPPLIER,STANDARD,5773,JAAA-Directorate of Social Care and Health Services
RBC Legal Entity,02/02/2022,4647126,269442,BUPA CARE SERVICES,PS Acquired Nursing,5135.32,Purchased Care,SUPPLIER,STANDARD,5773,JAAA-Directorate of Social Care and Health Services
RBC Legal Entity,02/02/2022,4647127,269442,BUPA CARE SERVICES,PS Lifelong Nursing,5289.36,Purchased Care,SUPPLIER,STANDARD,5783,JAAA-Directorate of Social Care and Health Services
RBC Legal Entity,02/02/2022,4647132,269442,BUPA CARE SERVICES,PS Acquired Nursing,5289.36,Purchased Care,SUPPLIER,STANDARD,5773,JAAA-Directorate of Social Care and Health Services
RBC Legal Entity,02/02/2022,4647135,269442,BUPA CARE SERVICES,Mental Health Nursing,5289.36,Purchased Care,SUPPLIER,STANDARD,5733,JAAA-Directorate of Social Care and Health Services
RBC Legal Entity,02/02/2022,4647166,269442,BUPA CARE SERVICES,PS Acquired Nursing,5289.36,Purchased Care,SUPPLIER,STANDARD,5773,JAAA-Directorate of Social Care and Health Services
RBC Legal Entity,02/02/2022,4647167,269442,BUPA CARE SERVICES,PS Acquired Nursing,5289.36,Purchased Care,SUPPLIER,STANDARD,5773,JAAA-Directorate of Social Care and Health Services
RBC Legal Entity,02/02/2022,4647169,269442,BUPA CARE SERVICES,PS Acquired Nursing,5289.36,Purchased Care,SUPPLIER,STANDARD,5773,JAAA-Directorate of Social Care and Health Services
RBC Legal Entity,02/02/2022,4647173,269442,BUPA CARE SERVICES,Mental Health Nursing,1790.56,Purchased Care,SUPPLIER,STANDARD,5733,JAAA-Directorate of Social Care and Health Services
RBC Legal Entity,02/02/2022,4647247,269442,BUPA CARE SERVICES,Social Support,4128.72,Purchased Care,SUPPLIER,STANDARD,5790,JAAA-Directorate of Social Care and Health Services
RBC Legal Entity,02/02/2022,4647302,269442,BUPA CARE SERVICES,Mental Health Nursing,1107,Purchased Care,SUPPLIER,STANDARD,5733,JAAA-Directorate of Social Care and Health Services
RBC Legal Entity,02/02/2022,4647365,269442,BUPA CARE SERVICES,Mental Health Nursing,-5004.93,Purchased Care,SUPPLIER,CREDIT,5733,JAAA-Directorate of Social Care and Health Services
RBC Legal Entity,02/02/2022,4647238,269443,DIVINE CARE SOLUTIONS,LD Residential,3184.44,Purchased Care,SUPPLIER,STANDARD,5742,JAAA-Directorate of Social Care and Health Services
RBC Legal Entity,02/02/2022,4647392,269444,DIMENSIONS (UK) LTD,LD Residential,742.5,Respite Care,Third Party Supplier,STANDARD,5742,JAAA-Directorate of Social Care and Health Services
RBC Legal Entity,02/02/2022,4647395,269444,DIMENSIONS (UK) LTD,LD Residential,6683.04,Purchased Care,Third Party Supplier,STANDARD,5742,JAAA-Directorate of Social Care and Health Services
RBC Legal Entity,02/02/2022,4647385,269445,PEMBROKE LODGE,M&C Acquired Residential,3600,Purchased Care,SUPPLIER,STANDARD,5752,JAAA-Directorate of Social Care and Health Services
RBC Legal Entity,02/02/2022,4647451,269445,PEMBROKE LODGE,M&C Acquired Residential,29042.86,Purchased Care,SUPPLIER,STANDARD,5752,JAAA-Directorate of Social Care and Health Services
RBC Legal Entity,02/02/2022,4647048,269447,PAYCOLL PAYROLL,Mental Health Community Services,2701.2,Purchased Care,Third Party Supplier,STANDARD,5731,JAAA-Directorate of Social Care and Health Services
RBC Legal Entity,02/02/2022,4647024,269448,PAYCOLL PAYROLL,LD Community Services,1618.6,Purchased Care,Third Party Supplier,STANDARD,5741,JAAA-Directorate of Social Care and Health Services
RBC Legal Entity,02/02/2022,4646919,269449,PAYCOLL PAYROLL,Mental Health Community Services,3425.5,Fairer charging charges,Third Party Supplier,STANDARD,5731,JAAA-Directorate of Social Care and Health Services
RBC Legal Entity,02/02/2022,4646919,269449,PAYCOLL PAYROLL,Mental Health Community Services,4422.2,Purchased Care,Third Party Supplier,STANDARD,5731,JAAA-Directorate of Social Care and Health Services
RBC Legal Entity,02/02/2022,4646914,269451,PAYCOLL PAYROLL,Mental Health Community Services,2282,Purchased Care,Third Party Supplier,STANDARD,5731,JAAA-Directorate of Social Care and Health Services
RBC Legal Entity,02/02/2022,4646840,269452,PAYCOLL PAYROLL,LD Community Services,1962,Purchased Care,Third Party Supplier,STANDARD,5741,JAAA-Directorate of Social Care and Health Services
RBC Legal Entity,02/02/2022,4646839,269453,PAYCOLL PAYROLL,Social Support,731.68,Purchased Care,Third Party Supplier,STANDARD,5790,JAAA-Directorate of Social Care and Health Services
RBC Legal Entity,02/02/2022,4646907,269457,PAYCOLL PAYROLL,Mental Health Community Services,762,Purchased Care,Third Party Supplier,STANDARD,5731,JAAA-Directorate of Social Care and Health Services
RBC Legal Entity,02/02/2022,4646987,269458,PAYCOLL PAYROLL,LD Community Services,2375.44,Purchased Care,Third Party Supplier,STANDARD,5741,JAAA-Directorate of Social Care and Health Services
RBC Legal Entity,02/02/2022,4647340,269460,DOWNVIEW RESIDENTIAL CARE,LD Residential,-425.6,Client Contrib. Residential,SUPPLIER,CREDIT,5742,JAAA-Directorate of Social Care and Health Services
RBC Legal Entity,02/02/2022,4647340,269460,DOWNVIEW RESIDENTIAL CARE,LD Residential,5546.72,Purchased Care,SUPPLIER,STANDARD,5742,JAAA-Directorate of Social Care and Health Services
RBC Legal Entity,02/02/2022,4640650,269462,CIVICA UK LTD,Accountancy,740,Consultancy Fees,Third Party Supplier,STANDARD,2200,LAAA-Directorate of Resources
RBC Legal Entity,02/02/2022,4640793,269462,CIVICA UK LTD,Financial Services - Financial Systems Team,15755,Software Licences,Third Party Supplier,STANDARD,2202,LAAA-Directorate of Resources
RBC Legal Entity,02/02/2022,4641992,269462,CIVICA UK LTD,Financial Services - Financial Systems Team,-604.97,Software Licences,Third Party Supplier,CREDIT,2202,LAAA-Directorate of Resources
RBC Legal Entity,02/02/2022,4644192,269462,CIVICA UK LTD,Financial Services - Financial Systems Team,604.97,Software Licences,Third Party Supplier,STANDARD,2202,LAAA-Directorate of Resources
RBC Legal Entity,02/02/2022,4647066,269463,FLORENCE CARE (READING) LTD,PS Acquired Nursing,3186.48,Purchased Care,Direct Payments,STANDARD,5773,JAAA-Directorate of Social Care and Health Services
RBC Legal Entity,02/02/2022,4647068,269463,FLORENCE CARE (READING) LTD,PS Acquired Nursing,3366,Purchased Care,Direct Payments,STANDARD,5773,JAAA-Directorate of Social Care and Health Services
RBC Legal Entity,02/02/2022,4647073,269463,FLORENCE CARE (READING) LTD,M&C Acquired Nursing,3400,Purchased Care,Direct Payments,STANDARD,5753,JAAA-Directorate of Social Care and Health Services
RBC Legal Entity,02/02/2022,4647076,269463,FLORENCE CARE (READING) LTD,PS Acquired Nursing,7592,Purchased Care,Direct Payments,STANDARD,5773,JAAA-Directorate of Social Care and Health Services
RBC Legal Entity,02/02/2022,4647077,269463,FLORENCE CARE (READING) LTD,PS Acquired Nursing,3400,Purchased Care,Direct Payments,STANDARD,5773,JAAA-Directorate of Social Care and Health Services
RBC Legal Entity,02/02/2022,4647078,269463,FLORENCE CARE (READING) LTD,M&C Acquired Nursing,8350,Purchased Care,Direct Payments,STANDARD,5753,JAAA-Directorate of Social Care and Health Services
RBC Legal Entity,02/02/2022,4647082,269463,FLORENCE CARE (READING) LTD,Mental Health Nursing,3800,Purchased Care,Direct Payments,STANDARD,5733,JAAA-Directorate of Social Care and Health Services
RBC Legal Entity,02/02/2022,4647084,269463,FLORENCE CARE (READING) LTD,PS Acquired Nursing,600,Purchased Care,Direct Payments,STANDARD,5773,JAAA-Directorate of Social Care and Health Services
RBC Legal Entity,02/02/2022,4647090,269463,FLORENCE CARE (READING) LTD,PS Acquired Nursing,3366,Purchased Care,Direct Payments,STANDARD,5773,JAAA-Directorate of Social Care and Health Services
RBC Legal Entity,02/02/2022,4647109,269463,FLORENCE CARE (READING) LTD,PS Acquired Nursing,3600,Purchased Care,Direct Payments,STANDARD,5773,JAAA-Directorate of Social Care and Health Services
RBC Legal Entity,02/02/2022,4647115,269463,FLORENCE CARE (READING) LTD,PS Acquired Nursing,3400,Purchased Care,Direct Payments,STANDARD,5773,JAAA-Directorate of Social Care and Health Services
RBC Legal Entity,02/02/2022,4647118,269463,FLORENCE CARE (READING) LTD,PS Acquired Nursing,800,Purchased Care,Direct Payments,STANDARD,5773,JAAA-Directorate of Social Care and Health Services
RBC Legal Entity,02/02/2022,4647119,269463,FLORENCE CARE (READING) LTD,PS Acquired Nursing,-785.71,Purchased Care,Direct Payments,CREDIT,5773,JAAA-Directorate of Social Care and Health Services
RBC Legal Entity,02/02/2022,4647120,269463,FLORENCE CARE (READING) LTD,PS Acquired Nursing,3600,Purchased Care,Direct Payments,STANDARD,5773,JAAA-Directorate of Social Care and Health Services
RBC Legal Entity,02/02/2022,4647121,269463,FLORENCE CARE (READING) LTD,PS Acquired Nursing,600,Purchased Care,Direct Payments,STANDARD,5773,JAAA-Directorate of Social Care and Health Services
RBC Legal Entity,02/02/2022,4647128,269463,FLORENCE CARE (READING) LTD,PS Acquired Nursing,3137.12,Purchased Care,Direct Payments,STANDARD,5773,JAAA-Directorate of Social Care and Health Services
RBC Legal Entity,02/02/2022,4647133,269463,FLORENCE CARE (READING) LTD,PS Acquired Nursing,3366,Purchased Care,Direct Payments,STANDARD,5773,JAAA-Directorate of Social Care and Health Services
RBC Legal Entity,02/02/2022,4647136,269463,FLORENCE CARE (READING) LTD,PS Acquired Nursing,3060,Purchased Care,Direct Payments,STANDARD,5773,JAAA-Directorate of Social Care and Health Services
RBC Legal Entity,02/02/2022,4647144,269463,FLORENCE CARE (READING) LTD,PS Acquired Nursing,-24228.57,Purchased Care,Direct Payments,CREDIT,5773,JAAA-Directorate of Social Care and Health Services
RBC Legal Entity,02/02/2022,4647146,269463,FLORENCE CARE (READING) LTD,PS Acquired Nursing,-15300,Purchased Care,Direct Payments,CREDIT,5773,JAAA-Directorate of Social Care and Health Services
RBC Legal Entity,02/02/2022,4647156,269463,FLORENCE CARE (READING) LTD,PS Acquired Nursing,18700,Purchased Care,Direct Payments,STANDARD,5773,JAAA-Directorate of Social Care and Health Services
RBC Legal Entity,02/02/2022,4647171,269463,FLORENCE CARE (READING) LTD,PS Acquired Nursing,3590.4,Purchased Care,Direct Payments,STANDARD,5773,JAAA-Directorate of Social Care and Health Services
RBC Legal Entity,02/02/2022,4647179,269463,FLORENCE CARE (READING) LTD,PS Acquired Nursing,3600,Purchased Care,Direct Payments,STANDARD,5773,JAAA-Directorate of Social Care and Health Services
RBC Legal Entity,02/02/2022,4647180,269463,FLORENCE CARE (READING) LTD,PS Acquired Nursing,3800,Purchased Care,Direct Payments,STANDARD,5773,JAAA-Directorate of Social Care and Health Services
RBC Legal Entity,02/02/2022,4647181,269463,FLORENCE CARE (READING) LTD,PS Acquired Nursing,3400,Purchased Care,Direct Payments,STANDARD,5773,JAAA-Directorate of Social Care and Health Services
RBC Legal Entity,02/02/2022,4647182,269463,FLORENCE CARE (READING) LTD,PS Acquired Nursing,4404,Purchased Care,Direct Payments,STANDARD,5773,JAAA-Directorate of Social Care and Health Services
RBC Legal Entity,02/02/2022,4647196,269463,FLORENCE CARE (READING) LTD,PS Acquired Nursing,3789,Purchased Care,Direct Payments,STANDARD,5773,JAAA-Directorate of Social Care and Health Services
RBC Legal Entity,02/02/2022,4647199,269463,FLORENCE CARE (READING) LTD,PS Acquired Nursing,-5942.86,Purchased Care,Direct Payments,CREDIT,5773,JAAA-Directorate of Social Care and Health Services
RBC Legal Entity,02/02/2022,4647200,269463,FLORENCE CARE (READING) LTD,PS Acquired Nursing,27428.57,Purchased Care,Direct Payments,STANDARD,5773,JAAA-Directorate of Social Care and Health Services
RBC Legal Entity,02/02/2022,4640386,269464,IMPERIAL CIVIL ENFORCEMENT SOLUTIONS,Parking & Enforcement,74.72,Credit Card Commission,SUPPLIER,STANDARD,4725,KAAA-Directorate of Economic Growth and Neighbourhood Services
RBC Legal Entity,02/02/2022,4640386,269464,IMPERIAL CIVIL ENFORCEMENT SOLUTIONS,Residents Parking,691.49,Credit Card Commission,SUPPLIER,STANDARD,4723,KAAA-Directorate of Economic Growth and Neighbourhood Services
RBC Legal Entity,02/02/2022,4647206,269466,VOYAGE CARE,LD Residential,5376.8,Purchased Care,Third Party Supplier,STANDARD,5742,JAAA-Directorate of Social Care and Health Services
RBC Legal Entity,02/02/2022,4647209,269466,VOYAGE CARE,LD Residential,-425.6,Client Contrib. Residential,Third Party Supplier,CREDIT,5742,JAAA-Directorate of Social Care and Health Services
RBC Legal Entity,02/02/2022,4647209,269466,VOYAGE CARE,LD Residential,6575.32,Purchased Care,Third Party Supplier,STANDARD,5742,JAAA-Directorate of Social Care and Health Services
RBC Legal Entity,02/02/2022,4647214,269466,VOYAGE CARE,LD Residential,5865.92,Purchased Care,Third Party Supplier,STANDARD,5742,JAAA-Directorate of Social Care and Health Services
RBC Legal Entity,02/02/2022,4647215,269466,VOYAGE CARE,LD Residential,-425.6,Client Contrib. Residential,Third Party Supplier,CREDIT,5742,JAAA-Directorate of Social Care and Health Services
RBC Legal Entity,02/02/2022,4647215,269466,VOYAGE CARE,LD Residential,5675.24,Purchased Care,Third Party Supplier,STANDARD,5742,JAAA-Directorate of Social Care and Health Services
RBC Legal Entity,02/02/2022,4647216,269466,VOYAGE CARE,LD Residential,-608.8,Client Contrib. Residential,Third Party Supplier,CREDIT,5742,JAAA-Directorate of Social Care and Health Services
RBC Legal Entity,02/02/2022,4647216,269466,VOYAGE CARE,LD Residential,5654.84,Purchased Care,Third Party Supplier,STANDARD,5742,JAAA-Directorate of Social Care and Health Services
RBC Legal Entity,02/02/2022,4647217,269466,VOYAGE CARE,LD Residential,-425.6,Client Contrib. Residential,Third Party Supplier,CREDIT,5742,JAAA-Directorate of Social Care and Health Services
RBC Legal Entity,02/02/2022,4647217,269466,VOYAGE CARE,LD Residential,5336.64,Purchased Care,Third Party Supplier,STANDARD,5742,JAAA-Directorate of Social Care and Health Services
RBC Legal Entity,02/02/2022,4647226,269466,VOYAGE CARE,LD Residential,4896,Purchased Care,Third Party Supplier,STANDARD,5742,JAAA-Directorate of Social Care and Health Services
RBC Legal Entity,02/02/2022,4647255,269466,VOYAGE CARE,Mental Health Residential,3461.64,Purchased Care,Third Party Supplier,STANDARD,5732,JAAA-Directorate of Social Care and Health Services
RBC Legal Entity,02/02/2022,4647256,269466,VOYAGE CARE,LD Residential,6579.6,Purchased Care,Third Party Supplier,STANDARD,5742,JAAA-Directorate of Social Care and Health Services
RBC Legal Entity,02/02/2022,4647285,269466,VOYAGE CARE,LD Residential,-425.6,Client Contrib. Residential,Third Party Supplier,CREDIT,5742,JAAA-Directorate of Social Care and Health Services
RBC Legal Entity,02/02/2022,4647285,269466,VOYAGE CARE,LD Residential,5336.64,Purchased Care,Third Party Supplier,STANDARD,5742,JAAA-Directorate of Social Care and Health Services
RBC Legal Entity,02/02/2022,4647287,269466,VOYAGE CARE,LD Residential,-425.6,Client Contrib. Residential,Third Party Supplier,CREDIT,5742,JAAA-Directorate of Social Care and Health Services
RBC Legal Entity,02/02/2022,4647287,269466,VOYAGE CARE,LD Residential,5704,Purchased Care,Third Party Supplier,STANDARD,5742,JAAA-Directorate of Social Care and Health Services
RBC Legal Entity,02/02/2022,4647288,269466,VOYAGE CARE,LD Residential,-365.6,Client Contrib. Residential,Third Party Supplier,CREDIT,5742,JAAA-Directorate of Social Care and Health Services
RBC Legal Entity,02/02/2022,4647288,269466,VOYAGE CARE,LD Residential,4788,Purchased Care,Third Party Supplier,STANDARD,5742,JAAA-Directorate of Social Care and Health Services
RBC Legal Entity,02/02/2022,4647293,269466,VOYAGE CARE,LD Residential,6120,Purchased Care,Third Party Supplier,STANDARD,5742,JAAA-Directorate of Social Care and Health Services
RBC Legal Entity,02/02/2022,4647303,269466,VOYAGE CARE,LD Residential,-425.6,Client Contrib. Residential,Third Party Supplier,CREDIT,5742,JAAA-Directorate of Social Care and Health Services
RBC Legal Entity,02/02/2022,4647303,269466,VOYAGE CARE,LD Residential,5100,Purchased Care,Third Party Supplier,STANDARD,5742,JAAA-Directorate of Social Care and Health Services
RBC Legal Entity,02/02/2022,4647327,269466,VOYAGE CARE,LD Residential,4032.48,Purchased Care,Third Party Supplier,STANDARD,5742,JAAA-Directorate of Social Care and Health Services
RBC Legal Entity,02/02/2022,4647339,269466,VOYAGE CARE,LD Residential,-425.6,Client Contrib. Residential,Third Party Supplier,CREDIT,5742,JAAA-Directorate of Social Care and Health Services
RBC Legal Entity,02/02/2022,4647339,269466,VOYAGE CARE,LD Residential,5800,Purchased Care,Third Party Supplier,STANDARD,5742,JAAA-Directorate of Social Care and Health Services
RBC Legal Entity,02/02/2022,4647345,269466,VOYAGE CARE,LD Residential,5865.92,Purchased Care,Third Party Supplier,STANDARD,5742,JAAA-Directorate of Social Care and Health Services
RBC Legal Entity,02/02/2022,4647346,269466,VOYAGE CARE,LD Residential,-425.6,Client Contrib. Residential,Third Party Supplier,CREDIT,5742,JAAA-Directorate of Social Care and Health Services
RBC Legal Entity,02/02/2022,4647346,269466,VOYAGE CARE,LD Residential,5675.24,Purchased Care,Third Party Supplier,STANDARD,5742,JAAA-Directorate of Social Care and Health Services
RBC Legal Entity,02/02/2022,4647347,269466,VOYAGE CARE,LD Residential,5926.52,Purchased Care,Third Party Supplier,STANDARD,5742,JAAA-Directorate of Social Care and Health Services
RBC Legal Entity,02/02/2022,4647348,269466,VOYAGE CARE,LD Residential,6881.24,Purchased Care,Third Party Supplier,STANDARD,5742,JAAA-Directorate of Social Care and Health Services
RBC Legal Entity,02/02/2022,4647354,269466,VOYAGE CARE,LD Residential,7113.44,Purchased Care,Third Party Supplier,STANDARD,5742,JAAA-Directorate of Social Care and Health Services
RBC Legal Entity,02/02/2022,4647356,269466,VOYAGE CARE,LD Residential,6924,Purchased Care,Third Party Supplier,STANDARD,5742,JAAA-Directorate of Social Care and Health Services
RBC Legal Entity,02/02/2022,4647379,269466,VOYAGE CARE,Sensory Support Residential,6843.4,Purchased Care,Third Party Supplier,STANDARD,5712,JAAA-Directorate of Social Care and Health Services
RBC Legal Entity,02/02/2022,4647380,269466,VOYAGE CARE,LD Residential,7569.44,Purchased Care,Third Party Supplier,STANDARD,5742,JAAA-Directorate of Social Care and Health Services
RBC Legal Entity,02/02/2022,4647396,269466,VOYAGE CARE,LD Residential,6201.6,Purchased Care,Third Party Supplier,STANDARD,5742,JAAA-Directorate of Social Care and Health Services
RBC Legal Entity,02/02/2022,4647407,269466,VOYAGE CARE,LD Residential,-425.6,Client Contrib. Residential,Third Party Supplier,CREDIT,5742,JAAA-Directorate of Social Care and Health Services
RBC Legal Entity,02/02/2022,4647407,269466,VOYAGE CARE,LD Residential,5336.64,Purchased Care,Third Party Supplier,STANDARD,5742,JAAA-Directorate of Social Care and Health Services
RBC Legal Entity,02/02/2022,4647408,269466,VOYAGE CARE,LD Residential,-417.6,Client Contrib. Residential,Third Party Supplier,CREDIT,5742,JAAA-Directorate of Social Care and Health Services
RBC Legal Entity,02/02/2022,4647408,269466,VOYAGE CARE,LD Residential,5926.52,Purchased Care,Third Party Supplier,STANDARD,5742,JAAA-Directorate of Social Care and Health Services
RBC Legal Entity,02/02/2022,4647412,269466,VOYAGE CARE,LD Residential,-425.6,Client Contrib. Residential,Third Party Supplier,CREDIT,5742,JAAA-Directorate of Social Care and Health Services
RBC Legal Entity,02/02/2022,4647412,269466,VOYAGE CARE,LD Residential,9357.88,Purchased Care,Third Party Supplier,STANDARD,5742,JAAA-Directorate of Social Care and Health Services
RBC Legal Entity,02/02/2022,4647430,269466,VOYAGE CARE,LD Residential,7096,Purchased Care,Third Party Supplier,STANDARD,5742,JAAA-Directorate of Social Care and Health Services
RBC Legal Entity,02/02/2022,4647441,269466,VOYAGE CARE,LD Residential,6192.36,Purchased Care,Third Party Supplier,STANDARD,5742,JAAA-Directorate of Social Care and Health Services
RBC Legal Entity,02/02/2022,4647259,269470,ABBEYFIELD DEMENTIA CARE HOME ,PS Acquired Residential,3400,Purchased Care,Direct Payments,STANDARD,5772,JAAA-Directorate of Social Care and Health Services
RBC Legal Entity,02/02/2022,4647054,269472,PAYCOLL PAYROLL,PS Acquired Community Services,-586.84,Fairer charging charges,Third Party Supplier,CREDIT,5771,JAAA-Directorate of Social Care and Health Services
RBC Legal Entity,02/02/2022,4647054,269472,PAYCOLL PAYROLL,PS Acquired Community Services,3042,Purchased Care,Third Party Supplier,STANDARD,5771,JAAA-Directorate of Social Care and Health Services
RBC Legal Entity,02/02/2022,4646990,269473,PAYCOLL PAYROLL,LD Community Services,4754,Purchased Care,Third Party Supplier,STANDARD,5741,JAAA-Directorate of Social Care and Health Services
RBC Legal Entity,02/02/2022,4646926,269474,PAYCOLL PAYROLL,PS Acquired Community Services,897,Purchased Care,Third Party Supplier,STANDARD,5771,JAAA-Directorate of Social Care and Health Services
RBC Legal Entity,02/02/2022,4646988,269475,PAYCOLL PAYROLL,LD Community Services,3002,Purchased Care,Third Party Supplier,STANDARD,5741,JAAA-Directorate of Social Care and Health Services
RBC Legal Entity,02/02/2022,4646927,269476,PAYCOLL PAYROLL,PS Acquired Community Services,-1645.34,Purchased Care,Third Party Supplier,CREDIT,5771,JAAA-Directorate of Social Care and Health Services
RBC Legal Entity,02/02/2022,4647057,269476,PAYCOLL PAYROLL,PS Acquired Community Services,-193.6,Fairer charging charges,Third Party Supplier,CREDIT,5771,JAAA-Directorate of Social Care and Health Services
RBC Legal Entity,02/02/2022,4647057,269476,PAYCOLL PAYROLL,PS Acquired Community Services,3063.35,Purchased Care,Third Party Supplier,STANDARD,5771,JAAA-Directorate of Social Care and Health Services
RBC Legal Entity,02/02/2022,4646903,269477,PAYCOLL PAYROLL,PS Acquired Community Services,940.56,Purchased Care,Third Party Supplier,STANDARD,5771,JAAA-Directorate of Social Care and Health Services
RBC Legal Entity,02/02/2022,4647448,269478,NELLSAR LTD T/A PRINCESS CHRISTIAN CARE CENTRE,M&C Acquired Nursing,8456,Purchased Care,Third Party Supplier,STANDARD,5753,JAAA-Directorate of Social Care and Health Services
RBC Legal Entity,02/02/2022,4647083,269479,CARE UK COMMUNITY PARTNERSHIPS LTD,M&C Acquired Nursing,48222.6,EMI,Third Party Supplier,STANDARD,5753,JAAA-Directorate of Social Care and Health Services
RBC Legal Entity,02/02/2022,4647058,269480,PAYCOLL PAYROLL,PS Acquired Community Services,522,Purchased Care,Third Party Supplier,STANDARD,5771,JAAA-Directorate of Social Care and Health Services
RBC Legal Entity,02/02/2022,4646904,269481,PAYCOLL PAYROLL,PS Acquired Community Services,973,Purchased Care,Third Party Supplier,STANDARD,5771,JAAA-Directorate of Social Care and Health Services
RBC Legal Entity,03/02/2022,4640757,269484,EARTH ANCHORS LTD,Parks + Open Spaces,1962,Furniture,Third Party Supplier,STANDARD,8003,ZZZC-Capital
RBC Legal Entity,03/02/2022,4643461,269485,ST MUNGO'S COMMUNITY HOUSING ASSOCIATION LTD,Single Homelessness Grants,29026,Preventive+SupportiveServ,SUPPLIER,STANDARD,5860,KAAA-Directorate of Economic Growth and Neighbourhood Services
RBC Legal Entity,03/02/2022,4643462,269485,ST MUNGO'S COMMUNITY HOUSING ASSOCIATION LTD,Single Homelessness Grants,31346,Preventive+SupportiveServ,SUPPLIER,STANDARD,5860,KAAA-Directorate of Economic Growth and Neighbourhood Services
RBC Legal Entity,03/02/2022,4643463,269485,ST MUNGO'S COMMUNITY HOUSING ASSOCIATION LTD,Single Homelessness Grants,18307,Preventive+SupportiveServ,SUPPLIER,STANDARD,5860,KAAA-Directorate of Economic Growth and Neighbourhood Services
RBC Legal Entity,03/02/2022,4643464,269485,ST MUNGO'S COMMUNITY HOUSING ASSOCIATION LTD,Single Homelessness Grants,19045,Preventive+SupportiveServ,SUPPLIER,STANDARD,5860,KAAA-Directorate of Economic Growth and Neighbourhood Services
RBC Legal Entity,03/02/2022,4643468,269485,ST MUNGO'S COMMUNITY HOUSING ASSOCIATION LTD,Single Homelessness Grants,12541,Preventive+SupportiveServ,SUPPLIER,STANDARD,5860,KAAA-Directorate of Economic Growth and Neighbourhood Services
RBC Legal Entity,03/02/2022,4643469,269485,ST MUNGO'S COMMUNITY HOUSING ASSOCIATION LTD,Single Homelessness Grants,38809,Preventive+SupportiveServ,SUPPLIER,STANDARD,5860,KAAA-Directorate of Economic Growth and Neighbourhood Services
RBC Legal Entity,03/02/2022,4643602,269485,ST MUNGO'S COMMUNITY HOUSING ASSOCIATION LTD,Housing GF General Charges,14166,Preventive+SupportiveServ,SUPPLIER,STANDARD,5810,KAAA-Directorate of Economic Growth and Neighbourhood Services
RBC Legal Entity,03/02/2022,4645431,269486,BEN BANKS,Town Hall - Museum,507.5,Display/Museum Exhibits,Third Party Supplier,STANDARD,1255,KAAA-Directorate of Economic Growth and Neighbourhood Services
RBC Legal Entity,03/02/2022,4640845,269487,MIRUS PROJECTS LIMITED,Corporate Maintenance Services,525,Leasing Costs,SUB-CONTRACTOR,STANDARD,4080,KAAA-Directorate of Economic Growth and Neighbourhood Services
RBC Legal Entity,03/02/2022,4640845,269487,MIRUS PROJECTS LIMITED,Repairs,2940,Essential Cyclical Insp. + Mai,SUB-CONTRACTOR,STANDARD,5970,HAAA-Housing Revenue Account
RBC Legal Entity,03/02/2022,4643746,269489,DAVIS SCAFFOLDING,DLO Wokingham Trades,760,Subcontractors Labour,SUB-CONTRACTOR,STANDARD,4050,KAAA-Directorate of Economic Growth and Neighbourhood Services
RBC Legal Entity,03/02/2022,4643753,269489,DAVIS SCAFFOLDING,DLO Day to Day Trades,3300,Subcontractors Labour,SUB-CONTRACTOR,STANDARD,4010,KAAA-Directorate of Economic Growth and Neighbourhood Services
RBC Legal Entity,03/02/2022,4643754,269489,DAVIS SCAFFOLDING,DLO Day to Day Trades,660,Subcontractors Labour,SUB-CONTRACTOR,STANDARD,4010,KAAA-Directorate of Economic Growth and Neighbourhood Services
RBC Legal Entity,03/02/2022,4640915,269492,AVANTI CYCLING,Strategic Transport & Concessionary Fares,4500,TPP to Others,Third Party Supplier,STANDARD,4726,KAAA-Directorate of Economic Growth and Neighbourhood Services
RBC Legal Entity,03/02/2022,4640736,269493,NLC NOVA LIFT CO LTD,FM R&M Car Parks,223.11,Building Maintenance,SUB-CONTRACTOR,STANDARD,4081,KAAA-Directorate of Economic Growth and Neighbourhood Services
RBC Legal Entity,03/02/2022,4640736,269493,NLC NOVA LIFT CO LTD,Corporate Maintenance Services,1191.82,Leasing Costs,SUB-CONTRACTOR,STANDARD,4080,KAAA-Directorate of Economic Growth and Neighbourhood Services
RBC Legal Entity,03/02/2022,4640736,269493,NLC NOVA LIFT CO LTD,Repairs,2736.7,Essential Cyclical Insp. + Mai,SUB-CONTRACTOR,STANDARD,5970,HAAA-Housing Revenue Account
RBC Legal Entity,03/02/2022,4640737,269493,NLC NOVA LIFT CO LTD,Corporate Maintenance Services,350,Leasing Costs,SUB-CONTRACTOR,STANDARD,4080,KAAA-Directorate of Economic Growth and Neighbourhood Services
RBC Legal Entity,03/02/2022,4640737,269493,NLC NOVA LIFT CO LTD,Repairs,743.75,Essential Cyclical Insp. + Mai,SUB-CONTRACTOR,STANDARD,5970,HAAA-Housing Revenue Account
RBC Legal Entity,03/02/2022,4640862,269494,DOMESTIC APPLIANCE SPECIALISTS,DLO Day to Day Trades,979.17,Subcontractors Labour,SUPPLIER,STANDARD,4010,KAAA-Directorate of Economic Growth and Neighbourhood Services
RBC Legal Entity,03/02/2022,4648191,269497,SIMPLE RECRUITMENT SERVICES LIMITED,Hexagon Operations,740.64,Equipment Hire,Third Party Supplier,STANDARD,1200,KAAA-Directorate of Economic Growth and Neighbourhood Services
RBC Legal Entity,03/02/2022,4640615,269498,PILON LTD,DLO Day to Day Trades,23223.28,Subcontractors Labour,SUB-CONTRACTOR,STANDARD,4010,KAAA-Directorate of Economic Growth and Neighbourhood Services
RBC Legal Entity,03/02/2022,4640709,269501,SAFETY LABEL,Crime Reduction,2268,Contractors,Third Party Supplier,STANDARD,8671,ZZZC-Capital
RBC Legal Entity,03/02/2022,4643636,269502,RE3 LTD,Waste Disposal,1976063.12,Household Waste,SUPPLIER,STANDARD,4562,KAAA-Directorate of Economic Growth and Neighbourhood Services
RBC Legal Entity,03/02/2022,4643868,269503,KCARE NURSING AGENCY LTD,ASC Operational Management Team,-118.37,Purchased Care,Third Party Supplier,CREDIT,5309,JAAA-Directorate of Social Care and Health Services
RBC Legal Entity,03/02/2022,4643868,269503,KCARE NURSING AGENCY LTD,PS Acquired Community Services,591.85,Purchased Care,Third Party Supplier,STANDARD,5771,JAAA-Directorate of Social Care and Health Services
RBC Legal Entity,03/02/2022,4643869,269503,KCARE NURSING AGENCY LTD,ASC Operational Management Team,-273.6,Purchased Care,Third Party Supplier,CREDIT,5309,JAAA-Directorate of Social Care and Health Services
RBC Legal Entity,03/02/2022,4643869,269503,KCARE NURSING AGENCY LTD,PS Acquired Community Services,1368,Purchased Care,Third Party Supplier,STANDARD,5771,JAAA-Directorate of Social Care and Health Services
RBC Legal Entity,03/02/2022,4643870,269503,KCARE NURSING AGENCY LTD,ASC Operational Management Team,-241.03,Purchased Care,Third Party Supplier,CREDIT,5309,JAAA-Directorate of Social Care and Health Services
RBC Legal Entity,03/02/2022,4643870,269503,KCARE NURSING AGENCY LTD,PS Acquired Community Services,1205.17,Purchased Care,Third Party Supplier,STANDARD,5771,JAAA-Directorate of Social Care and Health Services
RBC Legal Entity,03/02/2022,4643871,269503,KCARE NURSING AGENCY LTD,ASC Operational Management Team,-130.34,Purchased Care,Third Party Supplier,CREDIT,5309,JAAA-Directorate of Social Care and Health Services
RBC Legal Entity,03/02/2022,4643871,269503,KCARE NURSING AGENCY LTD,PS Acquired Community Services,651.7,Purchased Care,Third Party Supplier,STANDARD,5771,JAAA-Directorate of Social Care and Health Services
RBC Legal Entity,03/02/2022,4643872,269503,KCARE NURSING AGENCY LTD,ASC Operational Management Team,-395.2,Purchased Care,Third Party Supplier,CREDIT,5309,JAAA-Directorate of Social Care and Health Services
RBC Legal Entity,03/02/2022,4643872,269503,KCARE NURSING AGENCY LTD,PS Acquired Community Services,1976,Purchased Care,Third Party Supplier,STANDARD,5771,JAAA-Directorate of Social Care and Health Services
RBC Legal Entity,03/02/2022,4643873,269503,KCARE NURSING AGENCY LTD,ASC Operational Management Team,-239.4,Purchased Care,Third Party Supplier,CREDIT,5309,JAAA-Directorate of Social Care and Health Services
RBC Legal Entity,03/02/2022,4643873,269503,KCARE NURSING AGENCY LTD,PS Acquired Community Services,1197,Purchased Care,Third Party Supplier,STANDARD,5771,JAAA-Directorate of Social Care and Health Services
RBC Legal Entity,03/02/2022,4643876,269503,KCARE NURSING AGENCY LTD,ASC Operational Management Team,-106.4,Purchased Care,Third Party Supplier,CREDIT,5309,JAAA-Directorate of Social Care and Health Services
RBC Legal Entity,03/02/2022,4643876,269503,KCARE NURSING AGENCY LTD,PS Acquired Community Services,532,Purchased Care,Third Party Supplier,STANDARD,5771,JAAA-Directorate of Social Care and Health Services
RBC Legal Entity,03/02/2022,4643877,269503,KCARE NURSING AGENCY LTD,ASC Operational Management Team,-213.9,Purchased Care,Third Party Supplier,CREDIT,5309,JAAA-Directorate of Social Care and Health Services
RBC Legal Entity,03/02/2022,4643877,269503,KCARE NURSING AGENCY LTD,Mental Health Community Services,1069.51,Purchased Care,Third Party Supplier,STANDARD,5731,JAAA-Directorate of Social Care and Health Services
RBC Legal Entity,03/02/2022,4643878,269503,KCARE NURSING AGENCY LTD,ASC Operational Management Team,-235.6,Purchased Care,Third Party Supplier,CREDIT,5309,JAAA-Directorate of Social Care and Health Services
RBC Legal Entity,03/02/2022,4643878,269503,KCARE NURSING AGENCY LTD,PS Acquired Community Services,1178,Purchased Care,Third Party Supplier,STANDARD,5771,JAAA-Directorate of Social Care and Health Services
RBC Legal Entity,03/02/2022,4643880,269503,KCARE NURSING AGENCY LTD,ASC Operational Management Team,-182.4,Purchased Care,Third Party Supplier,CREDIT,5309,JAAA-Directorate of Social Care and Health Services
RBC Legal Entity,03/02/2022,4643880,269503,KCARE NURSING AGENCY LTD,PS Acquired Community Services,912,Purchased Care,Third Party Supplier,STANDARD,5771,JAAA-Directorate of Social Care and Health Services
RBC Legal Entity,03/02/2022,4643881,269503,KCARE NURSING AGENCY LTD,ASC Operational Management Team,-210.14,Purchased Care,Third Party Supplier,CREDIT,5309,JAAA-Directorate of Social Care and Health Services
RBC Legal Entity,03/02/2022,4643881,269503,KCARE NURSING AGENCY LTD,PS Acquired Community Services,1050.7,Purchased Care,Third Party Supplier,STANDARD,5771,JAAA-Directorate of Social Care and Health Services
RBC Legal Entity,03/02/2022,4640799,269504,BARBOUR LOGIC LTD,Special Parking Area,7500,Equipment Purchase & Repair,SUPPLIER,STANDARD,4724,KAAA-Directorate of Economic Growth and Neighbourhood Services
RBC Legal Entity,03/02/2022,4640799,269504,BARBOUR LOGIC LTD,Bus Lane Enforcement,7500,EquiptMaintenanceContract,SUPPLIER,STANDARD,4722,KAAA-Directorate of Economic Growth and Neighbourhood Services
RBC Legal Entity,03/02/2022,4645401,269505,PEPPERMILL INTERIORS,South Street Operations,105.41,Equipment Purchase & Repair,Third Party Supplier,STANDARD,1220,KAAA-Directorate of Economic Growth and Neighbourhood Services
RBC Legal Entity,03/02/2022,4645401,269505,PEPPERMILL INTERIORS,South Street Operations,2727.09,Equipment Purchase & Repair,Third Party Supplier,STANDARD,1220,KAAA-Directorate of Economic Growth and Neighbourhood Services
RBC Legal Entity,03/02/2022,4648184,269506,F M CONWAY LTD,Highways,460,Materials Direct,SUB-CONTRACTOR,STANDARD,4252,KAAA-Directorate of Economic Growth and Neighbourhood Services
RBC Legal Entity,03/02/2022,4648204,269506,F M CONWAY LTD,Highways,575,Materials Direct,SUB-CONTRACTOR,STANDARD,4252,KAAA-Directorate of Economic Growth and Neighbourhood Services
RBC Legal Entity,03/02/2022,4648318,269509,MEDCARE HOME SERVICES LTD T/A PROACTIVE LIFE,LD Community Services,3844.92,Purchased Care,SUPPLIER,STANDARD,5741,JAAA-Directorate of Social Care and Health Services
RBC Legal Entity,03/02/2022,4648319,269509,MEDCARE HOME SERVICES LTD T/A PROACTIVE LIFE,LD Community Services,3844.92,Purchased Care,SUPPLIER,STANDARD,5741,JAAA-Directorate of Social Care and Health Services
RBC Legal Entity,03/02/2022,4648320,269509,MEDCARE HOME SERVICES LTD T/A PROACTIVE LIFE,Mental Health Community Services,1847.28,Purchased Care,SUPPLIER,STANDARD,5731,JAAA-Directorate of Social Care and Health Services
RBC Legal Entity,03/02/2022,4648321,269509,MEDCARE HOME SERVICES LTD T/A PROACTIVE LIFE,Mental Health Community Services,1847.28,Purchased Care,SUPPLIER,STANDARD,5731,JAAA-Directorate of Social Care and Health Services
RBC Legal Entity,03/02/2022,4648315,269511,MY HOMECARE (READING AND BRACKNELL) LTD,PS Acquired Community Services,2698,Purchased Care,Third Party Supplier,STANDARD,5771,JAAA-Directorate of Social Care and Health Services
RBC Legal Entity,03/02/2022,4648317,269511,MY HOMECARE (READING AND BRACKNELL) LTD,PS Acquired Community Services,1653,Purchased Care,Third Party Supplier,STANDARD,5771,JAAA-Directorate of Social Care and Health Services
RBC Legal Entity,03/02/2022,4646610,269513,PPL PRS LTD,Town Hall - Concert Hall Events,829.95,Royalties,SUPPLIER,STANDARD,1213,KAAA-Directorate of Economic Growth and Neighbourhood Services
RBC Legal Entity,03/02/2022,4648515,269516,Brighter Futures for Children,Brighter Futures for Children,184921,TPP  Contract,Internal,STANDARD,5430,NAAA-Former Directorate of Education and Childrens Services
RBC Legal Entity,03/02/2022,4648518,269516,Brighter Futures for Children,DSG (RBC),17333,TPP  Contract,Internal,STANDARD,5432,NAAA-Former Directorate of Education and Childrens Services
RBC Legal Entity,03/02/2022,4648518,269516,Brighter Futures for Children,DSG (RBC),84042,TPP  Contract,Internal,STANDARD,5432,NAAA-Former Directorate of Education and Childrens Services
RBC Legal Entity,03/02/2022,4648518,269516,Brighter Futures for Children,DSG (RBC),701641,TPP  Contract,Internal,STANDARD,5432,NAAA-Former Directorate of Education and Childrens Services
RBC Legal Entity,03/02/2022,4648518,269516,Brighter Futures for Children,DSG (RBC),1713964,TPP  Contract,Internal,STANDARD,5432,NAAA-Former Directorate of Education and Childrens Services
RBC Legal Entity,03/02/2022,4648519,269516,Brighter Futures for Children,Brighter Futures for Children,3389942,TPP  Contract,Internal,STANDARD,5430,NAAA-Former Directorate of Education and Childrens Services
RBC Legal Entity,03/02/2022,4648521,269516,Brighter Futures for Children,Brighter Futures for Children,374744,TPP  Contract,Internal,STANDARD,5430,NAAA-Former Directorate of Education and Childrens Services
RBC Legal Entity,03/02/2022,4640792,269518,STORAGETECH LTD,New Directions,1380,Software Support,SUPPLIER,STANDARD,3340,KAAA-Directorate of Economic Growth and Neighbourhood Services
RBC Legal Entity,03/02/2022,4648361,269519,SPECTRUM GROUP SERVICES LIMITED,PS Acquired Community Services,532,Purchased Care,Third Party Supplier,STANDARD,5771,JAAA-Directorate of Social Care and Health Services
RBC Legal Entity,03/02/2022,4648363,269519,SPECTRUM GROUP SERVICES LIMITED,PS Acquired Community Services,774.25,Purchased Care,Third Party Supplier,STANDARD,5771,JAAA-Directorate of Social Care and Health Services
RBC Legal Entity,03/02/2022,4648365,269519,SPECTRUM GROUP SERVICES LIMITED,PS Acquired Community Services,2660,Purchased Care,Third Party Supplier,STANDARD,5771,JAAA-Directorate of Social Care and Health Services
RBC Legal Entity,03/02/2022,4648368,269519,SPECTRUM GROUP SERVICES LIMITED,PS Acquired Community Services,532,Purchased Care,Third Party Supplier,STANDARD,5771,JAAA-Directorate of Social Care and Health Services
RBC Legal Entity,03/02/2022,4648369,269519,SPECTRUM GROUP SERVICES LIMITED,PS Acquired Community Services,1368,Purchased Care,Third Party Supplier,STANDARD,5771,JAAA-Directorate of Social Care and Health Services
RBC Legal Entity,03/02/2022,4648370,269519,SPECTRUM GROUP SERVICES LIMITED,PS Acquired Community Services,1425,Purchased Care,Third Party Supplier,STANDARD,5771,JAAA-Directorate of Social Care and Health Services
RBC Legal Entity,03/02/2022,4648371,269519,SPECTRUM GROUP SERVICES LIMITED,PS Acquired Community Services,1425,Purchased Care,Third Party Supplier,STANDARD,5771,JAAA-Directorate of Social Care and Health Services
RBC Legal Entity,03/02/2022,4648373,269519,SPECTRUM GROUP SERVICES LIMITED,PS Acquired Community Services,665,Purchased Care,Third Party Supplier,STANDARD,5771,JAAA-Directorate of Social Care and Health Services
RBC Legal Entity,03/02/2022,4648375,269519,SPECTRUM GROUP SERVICES LIMITED,PS Acquired Community Services,532,Purchased Care,Third Party Supplier,STANDARD,5771,JAAA-Directorate of Social Care and Health Services
RBC Legal Entity,03/02/2022,4648381,269519,SPECTRUM GROUP SERVICES LIMITED,PS Acquired Community Services,1102,Purchased Care,Third Party Supplier,STANDARD,5771,JAAA-Directorate of Social Care and Health Services
RBC Legal Entity,03/02/2022,4648383,269519,SPECTRUM GROUP SERVICES LIMITED,PS Acquired Community Services,931,Purchased Care,Third Party Supplier,STANDARD,5771,JAAA-Directorate of Social Care and Health Services
RBC Legal Entity,03/02/2022,4648385,269519,SPECTRUM GROUP SERVICES LIMITED,Mental Health Community Services,608,Purchased Care,Third Party Supplier,STANDARD,5731,JAAA-Directorate of Social Care and Health Services
RBC Legal Entity,03/02/2022,4648386,269519,SPECTRUM GROUP SERVICES LIMITED,PS Acquired Community Services,2926,Purchased Care,Third Party Supplier,STANDARD,5771,JAAA-Directorate of Social Care and Health Services
RBC Legal Entity,03/02/2022,4648387,269519,SPECTRUM GROUP SERVICES LIMITED,PS Acquired Community Services,1102,Purchased Care,Third Party Supplier,STANDARD,5771,JAAA-Directorate of Social Care and Health Services
RBC Legal Entity,03/02/2022,4648388,269519,SPECTRUM GROUP SERVICES LIMITED,Mental Health Community Services,608,Purchased Care,Third Party Supplier,STANDARD,5731,JAAA-Directorate of Social Care and Health Services
RBC Legal Entity,03/02/2022,4648390,269519,SPECTRUM GROUP SERVICES LIMITED,PS Acquired Community Services,931,Purchased Care,Third Party Supplier,STANDARD,5771,JAAA-Directorate of Social Care and Health Services
RBC Legal Entity,03/02/2022,4648391,269519,SPECTRUM GROUP SERVICES LIMITED,PS Acquired Community Services,1349,Purchased Care,Third Party Supplier,STANDARD,5771,JAAA-Directorate of Social Care and Health Services
RBC Legal Entity,03/02/2022,4648393,269519,SPECTRUM GROUP SERVICES LIMITED,PS Acquired Community Services,532,Purchased Care,Third Party Supplier,STANDARD,5771,JAAA-Directorate of Social Care and Health Services
RBC Legal Entity,03/02/2022,4648394,269519,SPECTRUM GROUP SERVICES LIMITED,PS Acquired Community Services,1349,Purchased Care,Third Party Supplier,STANDARD,5771,JAAA-Directorate of Social Care and Health Services
RBC Legal Entity,03/02/2022,4648472,269522,BECKLAND CARE LTD,Mental Health Community Services,13532.32,Purchased Care,SUPPLIER,STANDARD,5731,JAAA-Directorate of Social Care and Health Services
RBC Legal Entity,03/02/2022,4648490,269523,ENRICHED CARE SUPPORT SERVICES LTD,Mental Health Community Services,1840,Purchased Care,Third Party Supplier,STANDARD,5731,JAAA-Directorate of Social Care and Health Services
RBC Legal Entity,03/02/2022,4648491,269523,ENRICHED CARE SUPPORT SERVICES LTD,Mental Health Community Services,2400,Purchased Care,Third Party Supplier,STANDARD,5731,JAAA-Directorate of Social Care and Health Services
RBC Legal Entity,03/02/2022,4648492,269523,ENRICHED CARE SUPPORT SERVICES LTD,Mental Health Community Services,3600,Purchased Care,Third Party Supplier,STANDARD,5731,JAAA-Directorate of Social Care and Health Services
RBC Legal Entity,03/02/2022,4648493,269523,ENRICHED CARE SUPPORT SERVICES LTD,Mental Health Community Services,4960,Purchased Care,Third Party Supplier,STANDARD,5731,JAAA-Directorate of Social Care and Health Services
RBC Legal Entity,03/02/2022,4648494,269523,ENRICHED CARE SUPPORT SERVICES LTD,LD Community Services,14840,Purchased Care,Third Party Supplier,STANDARD,5741,JAAA-Directorate of Social Care and Health Services
RBC Legal Entity,03/02/2022,4648523,269527,BANNER GROUP LTD,Buildings Payroll,1075.07,Stationery  Consumables,Third Party Supplier,STANDARD,3390,KAAA-Directorate of Economic Growth and Neighbourhood Services
RBC Legal Entity,03/02/2022,4640847,269528,TOTAL COMPUTER NETWORKS LTD,IT Management,710,Computer Consumables,Third Party Supplier,STANDARD,2300,EAAA-Chief Executive
RBC Legal Entity,03/02/2022,4648412,269529,THE REGARD PARTNERSHIP LTD,Mental Health Community Services,2301.32,Purchased Care,Third Party Supplier,STANDARD,5731,JAAA-Directorate of Social Care and Health Services
RBC Legal Entity,03/02/2022,4641841,269530,RUSSELL HOLLAND,JLT Disbursements,1500,Misc. Legal Expenses,INDIVIDUAL,STANDARD,2407,LAAA-Directorate of Resources
RBC Legal Entity,03/02/2022,4648556,269533,NATHANIEL LICHFIELD & PARTNERS LTD,Planning,2255,Consultancy Fees,Third Party Supplier,STANDARD,4700,KAAA-Directorate of Economic Growth and Neighbourhood Services
RBC Legal Entity,03/02/2022,4644487,269534,SKETCH STUDIOS LTD,Reading Abbey Revealed project,4961.79,Equipment Purchase & Repair,Third Party Supplier,STANDARD,1315,KAAA-Directorate of Economic Growth and Neighbourhood Services
RBC Legal Entity,03/02/2022,4648536,269534,SKETCH STUDIOS LTD,Reading Abbey Revealed project,-2480.89,Equipment Purchase & Repair,Third Party Supplier,CREDIT,1315,KAAA-Directorate of Economic Growth and Neighbourhood Services
RBC Legal Entity,03/02/2022,4648500,269535,THE KINGWOOD TRUST,LD Community Services,1234.56,Purchased Care,Third Party Supplier,STANDARD,5741,JAAA-Directorate of Social Care and Health Services
RBC Legal Entity,03/02/2022,4648503,269535,THE KINGWOOD TRUST,LD Community Services,1163.16,Purchased Care,Third Party Supplier,STANDARD,5741,JAAA-Directorate of Social Care and Health Services
RBC Legal Entity,03/02/2022,4648326,269536,RADIS COMMUNITY CARE,Mental Health Community Services,544.83,Purchased Care,Third Party Supplier,STANDARD,5731,JAAA-Directorate of Social Care and Health Services
RBC Legal Entity,03/02/2022,4648327,269536,RADIS COMMUNITY CARE,LD Community Services,891.54,Purchased Care,Third Party Supplier,STANDARD,5741,JAAA-Directorate of Social Care and Health Services
RBC Legal Entity,03/02/2022,4648330,269536,RADIS COMMUNITY CARE,PS Lifelong Community Services,660.4,Purchased Care,Third Party Supplier,STANDARD,5781,JAAA-Directorate of Social Care and Health Services
RBC Legal Entity,03/02/2022,4648335,269536,RADIS COMMUNITY CARE,LD Community Services,561.34,Purchased Care,Third Party Supplier,STANDARD,5741,JAAA-Directorate of Social Care and Health Services
RBC Legal Entity,03/02/2022,4648338,269536,RADIS COMMUNITY CARE,LD Community Services,2364.16,Purchased Care,Third Party Supplier,STANDARD,5741,JAAA-Directorate of Social Care and Health Services
RBC Legal Entity,03/02/2022,4648103,269538,WSP UK LTD,Strategic Transport & Concessionary Fares,2850.41,TPP to Others,SUPPLIER,STANDARD,4726,KAAA-Directorate of Economic Growth and Neighbourhood Services
RBC Legal Entity,03/02/2022,4641684,269539,CAPITA BUSINESS SERVICES LTD,Revenues & Benefits Systems,1305,TPP  Contract,Third Party Supplier,STANDARD,2266,LAAA-Directorate of Resources
RBC Legal Entity,03/02/2022,4641971,269541,SUNNYSIDE AUTOS,Fleet Management,5806.2,Unfair Wear + Tear Costs,Third Party Supplier,STANDARD,4552,KAAA-Directorate of Economic Growth and Neighbourhood Services
RBC Legal Entity,03/02/2022,4646528,269544,RIDGE & PARTNERS,HRA portfolio expansion,5000,External Fees  Misc.,SUPPLIER,STANDARD,8518,ZZZC-Capital
RBC Legal Entity,03/02/2022,4646556,269544,RIDGE & PARTNERS,HRA portfolio expansion,5000,External Fees  Misc.,SUPPLIER,STANDARD,8518,ZZZC-Capital
RBC Legal Entity,03/02/2022,4646557,269544,RIDGE & PARTNERS,HRA portfolio expansion,550,External Fees  Misc.,SUPPLIER,STANDARD,8518,ZZZC-Capital
RBC Legal Entity,03/02/2022,4646557,269544,RIDGE & PARTNERS,HRA portfolio expansion,750,External Fees  Misc.,SUPPLIER,STANDARD,8518,ZZZC-Capital
RBC Legal Entity,03/02/2022,4646579,269544,RIDGE & PARTNERS,HRA portfolio expansion,797,External Fees  Misc.,SUPPLIER,STANDARD,8518,ZZZC-Capital
RBC Legal Entity,03/02/2022,4648087,269548,READING HOTEL,Bed and Breakfast,455,Rents,SUPPLIER,STANDARD,5871,KAAA-Directorate of Economic Growth and Neighbourhood Services
RBC Legal Entity,03/02/2022,4648087,269548,READING HOTEL,Bed and Breakfast,3280,Rents,SUPPLIER,STANDARD,5871,KAAA-Directorate of Economic Growth and Neighbourhood Services
RBC Legal Entity,03/02/2022,4648093,269548,READING HOTEL,Bed and Breakfast,455,Rents,SUPPLIER,STANDARD,5871,KAAA-Directorate of Economic Growth and Neighbourhood Services
RBC Legal Entity,03/02/2022,4648093,269548,READING HOTEL,Bed and Breakfast,3955,Rents,SUPPLIER,STANDARD,5871,KAAA-Directorate of Economic Growth and Neighbourhood Services
RBC Legal Entity,03/02/2022,4648094,269548,READING HOTEL,Bed and Breakfast,455,Rents,SUPPLIER,STANDARD,5871,KAAA-Directorate of Economic Growth and Neighbourhood Services
RBC Legal Entity,03/02/2022,4648094,269548,READING HOTEL,Bed and Breakfast,2905,Rents,SUPPLIER,STANDARD,5871,KAAA-Directorate of Economic Growth and Neighbourhood Services
RBC Legal Entity,03/02/2022,4648177,269548,READING HOTEL,Single Homelessness Grants,520,Preventive+SupportiveServ,SUPPLIER,STANDARD,5860,KAAA-Directorate of Economic Growth and Neighbourhood Services
RBC Legal Entity,03/02/2022,4648474,269549,DIMENSIONS (UK) LTD,LD Community Services,8139.56,Purchased Care,Third Party Supplier,STANDARD,5741,JAAA-Directorate of Social Care and Health Services
RBC Legal Entity,03/02/2022,4648484,269549,DIMENSIONS (UK) LTD,LD Community Services,1357.53,Purchased Care,Third Party Supplier,STANDARD,5741,JAAA-Directorate of Social Care and Health Services
RBC Legal Entity,03/02/2022,4648550,269551,CHRISTIAN COMMUNITY ACTION,Voluntary Sector & Community Grants,75000,Discretionary Items,SUPPLIER,STANDARD,2041,LAAA-Directorate of Resources
RBC Legal Entity,04/02/2022,4646646,269560,MR DAVID LINTOTT,Planning,58600,Misc. Legal Expenses,SUPPLIER,STANDARD,4700,KAAA-Directorate of Economic Growth and Neighbourhood Services
RBC Legal Entity,04/02/2022,4641046,269562,KABA (UK) LTD,DLO Day to Day Trades,853.4,Materials Direct,SUPPLIER,STANDARD,4010,KAAA-Directorate of Economic Growth and Neighbourhood Services
RBC Legal Entity,04/02/2022,4642773,269563,RNID,Customer Services - Reception,1505.9,Translat.+Interpretation,Third Party Supplier,STANDARD,2595,LAAA-Directorate of Resources
RBC Legal Entity,04/02/2022,4642062,269568,ROWVALE HOTELS LTD T/A BOW GUEST HOUSE,Housing GF General Charges,623,Preventive+SupportiveServ,Third Party Supplier,STANDARD,5810,KAAA-Directorate of Economic Growth and Neighbourhood Services
RBC Legal Entity,04/02/2022,4645519,269568,ROWVALE HOTELS LTD T/A BOW GUEST HOUSE,Bed and Breakfast,560,Rents,Third Party Supplier,STANDARD,5871,KAAA-Directorate of Economic Growth and Neighbourhood Services
RBC Legal Entity,04/02/2022,4646529,269570,RIDGE & PARTNERS,HRA portfolio expansion,2500,External Fees  Misc.,SUPPLIER,STANDARD,8518,ZZZC-Capital
RBC Legal Entity,04/02/2022,4646530,269570,RIDGE & PARTNERS,HRA portfolio expansion,500,External Fees  Misc.,SUPPLIER,STANDARD,8518,ZZZC-Capital
RBC Legal Entity,04/02/2022,4646531,269570,RIDGE & PARTNERS,HRA portfolio expansion,500,External Fees  Misc.,SUPPLIER,STANDARD,8518,ZZZC-Capital
RBC Legal Entity,04/02/2022,4646578,269570,RIDGE & PARTNERS,HRA portfolio expansion,5000,External Fees  Misc.,SUPPLIER,STANDARD,8518,ZZZC-Capital
RBC Legal Entity,04/02/2022,4648641,269571,WHITLEY WOOD COMMUNITY CENTRE,Service Development,600,Printing + Duplicating,SUPPLIER,STANDARD,5302,JAAA-Directorate of Social Care and Health Services
RBC Legal Entity,04/02/2022,4626052,269573,READING HOTEL,Single Homelessness Grants,975,Preventive+SupportiveServ,SUPPLIER,STANDARD,5860,KAAA-Directorate of Economic Growth and Neighbourhood Services
RBC Legal Entity,04/02/2022,4648179,269573,READING HOTEL,Single Homelessness Grants,420,Preventive+SupportiveServ,SUPPLIER,STANDARD,5860,KAAA-Directorate of Economic Growth and Neighbourhood Services
RBC Legal Entity,04/02/2022,4643639,269574,EVERYCARE READING,Charles Clore Court,1018.28,Agency Staff,SUPPLIER,STANDARD,5157,JAAA-Directorate of Social Care and Health Services
RBC Legal Entity,04/02/2022,4648396,269575,TONNA CARE SERVICES LTD,LD Community Services,926.87,Purchased Care,Third Party Supplier,STANDARD,5741,JAAA-Directorate of Social Care and Health Services
RBC Legal Entity,04/02/2022,4648419,269575,TONNA CARE SERVICES LTD,LD Community Services,6931.16,Purchased Care,Third Party Supplier,STANDARD,5741,JAAA-Directorate of Social Care and Health Services
RBC Legal Entity,04/02/2022,4648420,269575,TONNA CARE SERVICES LTD,LD Community Services,3991.56,Purchased Care,Third Party Supplier,STANDARD,5741,JAAA-Directorate of Social Care and Health Services
RBC Legal Entity,04/02/2022,4648421,269575,TONNA CARE SERVICES LTD,PS Acquired Community Services,617.6,Purchased Care,Third Party Supplier,STANDARD,5771,JAAA-Directorate of Social Care and Health Services
RBC Legal Entity,04/02/2022,4648422,269575,TONNA CARE SERVICES LTD,LD Community Services,617.6,Purchased Care,Third Party Supplier,STANDARD,5741,JAAA-Directorate of Social Care and Health Services
RBC Legal Entity,04/02/2022,4648423,269575,TONNA CARE SERVICES LTD,Mental Health Community Services,617.6,Purchased Care,Third Party Supplier,STANDARD,5731,JAAA-Directorate of Social Care and Health Services
RBC Legal Entity,04/02/2022,4648424,269575,TONNA CARE SERVICES LTD,LD Community Services,3621.04,Purchased Care,Third Party Supplier,STANDARD,5741,JAAA-Directorate of Social Care and Health Services
RBC Legal Entity,04/02/2022,4648427,269575,TONNA CARE SERVICES LTD,PS Acquired Community Services,10375.68,Purchased Care,Third Party Supplier,STANDARD,5771,JAAA-Directorate of Social Care and Health Services
RBC Legal Entity,04/02/2022,4648428,269575,TONNA CARE SERVICES LTD,LD Community Services,648.48,Purchased Care,Third Party Supplier,STANDARD,5741,JAAA-Directorate of Social Care and Health Services
RBC Legal Entity,04/02/2022,4648429,269575,TONNA CARE SERVICES LTD,LD Community Services,741.12,Purchased Care,Third Party Supplier,STANDARD,5741,JAAA-Directorate of Social Care and Health Services
RBC Legal Entity,04/02/2022,4648431,269575,TONNA CARE SERVICES LTD,LD Community Services,926.4,Purchased Care,Third Party Supplier,STANDARD,5741,JAAA-Directorate of Social Care and Health Services
RBC Legal Entity,04/02/2022,4648432,269575,TONNA CARE SERVICES LTD,Social Support,864.64,Purchased Care,Third Party Supplier,STANDARD,5790,JAAA-Directorate of Social Care and Health Services
RBC Legal Entity,04/02/2022,4648433,269575,TONNA CARE SERVICES LTD,PS Acquired Community Services,2470.4,Purchased Care,Third Party Supplier,STANDARD,5771,JAAA-Directorate of Social Care and Health Services
RBC Legal Entity,04/02/2022,4648440,269575,TONNA CARE SERVICES LTD,M&C Acquired Community Services,1232.45,Purchased Care,Third Party Supplier,STANDARD,5751,JAAA-Directorate of Social Care and Health Services
RBC Legal Entity,04/02/2022,4648446,269575,TONNA CARE SERVICES LTD,LD Community Services,7639.68,Purchased Care,Third Party Supplier,STANDARD,5741,JAAA-Directorate of Social Care and Health Services
RBC Legal Entity,04/02/2022,4648451,269575,TONNA CARE SERVICES LTD,LD Community Services,753.6,Purchased Care,Third Party Supplier,STANDARD,5741,JAAA-Directorate of Social Care and Health Services
RBC Legal Entity,04/02/2022,4648460,269575,TONNA CARE SERVICES LTD,LD Community Services,753.6,Purchased Care,Third Party Supplier,STANDARD,5741,JAAA-Directorate of Social Care and Health Services
RBC Legal Entity,04/02/2022,4648462,269575,TONNA CARE SERVICES LTD,M&C Acquired Community Services,706.5,Purchased Care,Third Party Supplier,STANDARD,5751,JAAA-Directorate of Social Care and Health Services
RBC Legal Entity,04/02/2022,4648464,269575,TONNA CARE SERVICES LTD,LD Community Services,753.6,Purchased Care,Third Party Supplier,STANDARD,5741,JAAA-Directorate of Social Care and Health Services
RBC Legal Entity,04/02/2022,4648471,269575,TONNA CARE SERVICES LTD,LD Community Services,5839.54,Purchased Care,Third Party Supplier,STANDARD,5741,JAAA-Directorate of Social Care and Health Services
RBC Legal Entity,04/02/2022,4648674,269576,READING REFUGEE SUPPORT GROUP,Voluntary Sector & Community Grants,5000,Discretionary Items,SUPPLIER,STANDARD,2041,LAAA-Directorate of Resources
RBC Legal Entity,04/02/2022,4646574,269577,OBAS UK LTD,Highways,499,Materials Direct,SUPPLIER,STANDARD,4252,KAAA-Directorate of Economic Growth and Neighbourhood Services
RBC Legal Entity,04/02/2022,4646574,269577,OBAS UK LTD,Highways,949.9,Materials Direct,SUPPLIER,STANDARD,4252,KAAA-Directorate of Economic Growth and Neighbourhood Services
RBC Legal Entity,04/02/2022,4642140,269578,ARRIVA THE SHIRES LTD,Strategic Transport & Concessionary Fares,6281.03,Payments for Bus Services,SUPPLIER,STANDARD,4726,KAAA-Directorate of Economic Growth and Neighbourhood Services
RBC Legal Entity,04/02/2022,4648568,269579,SMS ENVIRONMENTAL LTD,Corporate Maintenance Services,420,TPP  Contract,SUB-CONTRACTOR,STANDARD,4080,KAAA-Directorate of Economic Growth and Neighbourhood Services
RBC Legal Entity,04/02/2022,4641040,269580,GAP GROUP LTD,Grounds Maintenance,422.5,Horticultrl MachineryHire,SUPPLIER,STANDARD,1306,KAAA-Directorate of Economic Growth and Neighbourhood Services
RBC Legal Entity,04/02/2022,4643606,269581,REDLAND HEALTHCARE LTD,ASC Short Term Team,1362.8,Equipment Purchase & Repair,SUPPLIER,STANDARD,5722,JAAA-Directorate of Social Care and Health Services
RBC Legal Entity,04/02/2022,4643626,269583,WILLIAM MCVICKER,Town Hall - Concert Hall Events,874,Professional Fees,SUPPLIER,STANDARD,1213,KAAA-Directorate of Economic Growth and Neighbourhood Services
RBC Legal Entity,04/02/2022,4643455,269584,M & B ELECTRICAL SERVICES,Emmer Green Primary,7400,External Fees  Misc.,SUB-CONTRACTOR,STANDARD,8214,ZZZC-Capital
RBC Legal Entity,04/02/2022,4643456,269584,M & B ELECTRICAL SERVICES,Emmer Green Primary,21400,External Fees  Misc.,SUB-CONTRACTOR,STANDARD,8214,ZZZC-Capital
RBC Legal Entity,04/02/2022,4648691,269585,FLEETWOOD GRAB SERVICES LIMITED,Highways,280,Waste Disposal,Third Party Supplier,STANDARD,4252,KAAA-Directorate of Economic Growth and Neighbourhood Services
RBC Legal Entity,04/02/2022,4648691,269585,FLEETWOOD GRAB SERVICES LIMITED,Highways,280,Waste Disposal,Third Party Supplier,STANDARD,4252,KAAA-Directorate of Economic Growth and Neighbourhood Services
RBC Legal Entity,04/02/2022,4648691,269585,FLEETWOOD GRAB SERVICES LIMITED,Highways,280,Waste Disposal,Third Party Supplier,STANDARD,4252,KAAA-Directorate of Economic Growth and Neighbourhood Services
RBC Legal Entity,04/02/2022,4648691,269585,FLEETWOOD GRAB SERVICES LIMITED,Highways,280,Waste Disposal,Third Party Supplier,STANDARD,4252,KAAA-Directorate of Economic Growth and Neighbourhood Services
RBC Legal Entity,04/02/2022,4648691,269585,FLEETWOOD GRAB SERVICES LIMITED,Highways,280,Waste Disposal,Third Party Supplier,STANDARD,4252,KAAA-Directorate of Economic Growth and Neighbourhood Services
RBC Legal Entity,04/02/2022,4648691,269585,FLEETWOOD GRAB SERVICES LIMITED,Highways,280,Waste Disposal,Third Party Supplier,STANDARD,4252,KAAA-Directorate of Economic Growth and Neighbourhood Services
RBC Legal Entity,04/02/2022,4648691,269585,FLEETWOOD GRAB SERVICES LIMITED,Highways,459,Materials Direct,Third Party Supplier,STANDARD,4252,KAAA-Directorate of Economic Growth and Neighbourhood Services
RBC Legal Entity,04/02/2022,4648692,269585,FLEETWOOD GRAB SERVICES LIMITED,Highways,493,Materials Direct,Third Party Supplier,STANDARD,4252,KAAA-Directorate of Economic Growth and Neighbourhood Services
RBC Legal Entity,04/02/2022,4648692,269585,FLEETWOOD GRAB SERVICES LIMITED,Highways,560,Waste Disposal,Third Party Supplier,STANDARD,4252,KAAA-Directorate of Economic Growth and Neighbourhood Services
RBC Legal Entity,04/02/2022,4648692,269585,FLEETWOOD GRAB SERVICES LIMITED,Highways,560,Waste Disposal,Third Party Supplier,STANDARD,4252,KAAA-Directorate of Economic Growth and Neighbourhood Services
RBC Legal Entity,04/02/2022,4648692,269585,FLEETWOOD GRAB SERVICES LIMITED,Highways,952,Materials Direct,Third Party Supplier,STANDARD,4252,KAAA-Directorate of Economic Growth and Neighbourhood Services
RBC Legal Entity,04/02/2022,4646638,269586,J H CRESSWELL & SONS LTD,Civil Engineering,1627.07,Winter Maintenance,SUB-CONTRACTOR,STANDARD,4550,KAAA-Directorate of Economic Growth and Neighbourhood Services
RBC Legal Entity,04/02/2022,4646547,269587,GREENWICH LEISURE LIMITED,Leisure Review,1590,External Fees  Misc.,Third Party Supplier,STANDARD,8016,ZZZC-Capital
RBC Legal Entity,04/02/2022,4646569,269587,GREENWICH LEISURE LIMITED,Leisure Review,2728,External Fees  Misc.,Third Party Supplier,STANDARD,8016,ZZZC-Capital
RBC Legal Entity,04/02/2022,4648670,269588,ST MUNGO'S COMMUNITY HOUSING ASSOCIATION LTD,Voluntary Sector & Community Grants,5000,Discretionary Items,SUPPLIER,STANDARD,2041,LAAA-Directorate of Resources
RBC Legal Entity,04/02/2022,4641007,269590,S H JONES & COMPANY LTD,Hexagon Catering,444.6,Purchases - Stock Provisions,SUPPLIER,STANDARD,1241,KAAA-Directorate of Economic Growth and Neighbourhood Services
RBC Legal Entity,04/02/2022,4641072,269591,MIRUS PROJECTS LIMITED,Corporate Maintenance Services,560,Leasing Costs,SUB-CONTRACTOR,STANDARD,4080,KAAA-Directorate of Economic Growth and Neighbourhood Services
RBC Legal Entity,04/02/2022,4641056,269592,MR JAMES TURNER,JLT Disbursements,675,Misc. Legal Expenses,SUPPLIER,STANDARD,2407,LAAA-Directorate of Resources
RBC Legal Entity,04/02/2022,4648034,269593,D J TAYLOR SERVICES LTD,Repairs,6686.6,Special Adaptions,Third Party Supplier,STANDARD,5970,HAAA-Housing Revenue Account
RBC Legal Entity,04/02/2022,4641685,269594,THEBIGWORD INTERPRETING SERVICES LTD,Customer Services - Reception,599.68,Translat.+Interpretation,SUPPLIER,STANDARD,2595,LAAA-Directorate of Resources
RBC Legal Entity,04/02/2022,4648591,269595,ENRYCH BERKSHIRE,ASC Voluntary Grants,3000,GrantsVolunt.Organ.,SUPPLIER,STANDARD,5300,JAAA-Directorate of Social Care and Health Services
RBC Legal Entity,04/02/2022,4644165,269596,CROWN LODGE GUEST HOUSE,Housing GF General Charges,623,Preventive+SupportiveServ,Third Party Supplier,STANDARD,5810,KAAA-Directorate of Economic Growth and Neighbourhood Services
RBC Legal Entity,04/02/2022,4648088,269596,CROWN LODGE GUEST HOUSE,Bed and Breakfast,525,Rents,Third Party Supplier,STANDARD,5871,KAAA-Directorate of Economic Growth and Neighbourhood Services
RBC Legal Entity,04/02/2022,4648105,269596,CROWN LODGE GUEST HOUSE,Bed and Breakfast,525,Rents,Third Party Supplier,STANDARD,5871,KAAA-Directorate of Economic Growth and Neighbourhood Services
RBC Legal Entity,04/02/2022,4606148,269598,MEADEE FLOORING LTD,DLO Wokingham Trades,120,Subcontractors Labour,SUB-CONTRACTOR,STANDARD,4050,KAAA-Directorate of Economic Growth and Neighbourhood Services
RBC Legal Entity,04/02/2022,4606148,269598,MEADEE FLOORING LTD,DLO Wokingham Trades,366,Subcontractors Labour,SUB-CONTRACTOR,STANDARD,4050,KAAA-Directorate of Economic Growth and Neighbourhood Services
RBC Legal Entity,04/02/2022,4641700,269599,CANSFORD LABORATORIES LIMITED,JLT Disbursements,906,Misc. Legal Expenses,SUPPLIER,STANDARD,2407,LAAA-Directorate of Resources
RBC Legal Entity,04/02/2022,4648688,269602,CLIVE HUDSON ASSOCIATES LTD,Building Control,750,Consultancy Fees,SUPPLIER,STANDARD,4701,KAAA-Directorate of Economic Growth and Neighbourhood Services
RBC Legal Entity,04/02/2022,4648689,269602,CLIVE HUDSON ASSOCIATES LTD,Building Control,440.2,Consultancy Fees,SUPPLIER,STANDARD,4701,KAAA-Directorate of Economic Growth and Neighbourhood Services
RBC Legal Entity,04/02/2022,4641005,269603,G2 RECRUITMENT SOLUTIONS LTD,Building Control,500,Consultancy Fees,SUPPLIER,STANDARD,4701,KAAA-Directorate of Economic Growth and Neighbourhood Services
RBC Legal Entity,04/02/2022,4641006,269603,G2 RECRUITMENT SOLUTIONS LTD,Building Control,1270.8,Consultancy Fees,SUPPLIER,STANDARD,4701,KAAA-Directorate of Economic Growth and Neighbourhood Services
RBC Legal Entity,04/02/2022,4641008,269603,G2 RECRUITMENT SOLUTIONS LTD,Building Control,966.55,Consultancy Fees,SUPPLIER,STANDARD,4701,KAAA-Directorate of Economic Growth and Neighbourhood Services
RBC Legal Entity,04/02/2022,4648142,269605,MISS CHLOE WILKINS,JLT Disbursements,735,Misc. Legal Expenses,Third Party Supplier,STANDARD,2407,LAAA-Directorate of Resources
RBC Legal Entity,04/02/2022,4640610,269606,PILON LTD,DLO Wokingham Trades,27258.15,Subcontractors Labour,SUB-CONTRACTOR,STANDARD,4050,KAAA-Directorate of Economic Growth and Neighbourhood Services
RBC Legal Entity,04/02/2022,4646451,269606,PILON LTD,DLO Kitchen & Bathroom Trades,41024.91,Subcontractors Labour,SUB-CONTRACTOR,STANDARD,4042,KAAA-Directorate of Economic Growth and Neighbourhood Services
RBC Legal Entity,04/02/2022,4646452,269606,PILON LTD,DLO Kitchen & Bathroom Trades,67220.56,Subcontractors Labour,SUB-CONTRACTOR,STANDARD,4042,KAAA-Directorate of Economic Growth and Neighbourhood Services
RBC Legal Entity,04/02/2022,4646453,269606,PILON LTD,DLO Kitchen & Bathroom Trades,11843.51,Subcontractors Labour,SUB-CONTRACTOR,STANDARD,4042,KAAA-Directorate of Economic Growth and Neighbourhood Services
RBC Legal Entity,04/02/2022,4644388,269607,SYLVIANCARE LTD,PS Acquired Community Services,1263.5,Purchased Care,Third Party Supplier,STANDARD,5771,JAAA-Directorate of Social Care and Health Services
RBC Legal Entity,04/02/2022,4644389,269607,SYLVIANCARE LTD,PS Acquired Community Services,1197,Purchased Care,Third Party Supplier,STANDARD,5771,JAAA-Directorate of Social Care and Health Services
RBC Legal Entity,04/02/2022,4639972,269608,HAZLEMERE WINDOW COMPANY LTD,The Hill Primary,3957.74,External Fees  Misc.,SUB-CONTRACTOR,STANDARD,8218,ZZZC-Capital
RBC Legal Entity,04/02/2022,4639972,269608,HAZLEMERE WINDOW COMPANY LTD,The Hill Primary,34840.93,External Fees  Misc.,SUB-CONTRACTOR,STANDARD,8218,ZZZC-Capital
RBC Legal Entity,04/02/2022,4642800,269609,ORION MEDICAL SUPPLIES LTD,Drug Treatment Crime and Harm Reduction Grant,2721.6,Payments to Operators,SUPPLIER,STANDARD,2070,JAAA-Directorate of Social Care and Health Services
RBC Legal Entity,04/02/2022,4648676,269610,DR FARLEY FERNANDO,Housing Advice,688.67,Responsive Repairs,Direct Payments,STANDARD,5820,KAAA-Directorate of Economic Growth and Neighbourhood Services
RBC Legal Entity,04/02/2022,4641013,269611,CHANNEL 3 CONSULTING LTD,Future ICT operating model,875,Staff/Consultancy,SUPPLIER,STANDARD,8636,ZZZC-Capital
RBC Legal Entity,04/02/2022,4648207,269612,F M CONWAY LTD,Highways,1004.11,Materials Direct,SUB-CONTRACTOR,STANDARD,4252,KAAA-Directorate of Economic Growth and Neighbourhood Services
RBC Legal Entity,04/02/2022,4648561,269614,MODUS CONSTRUCTION LTD,Corporate Maintenance Services,932.8,NNDR Pool,SUB-CONTRACTOR,STANDARD,4080,KAAA-Directorate of Economic Growth and Neighbourhood Services
RBC Legal Entity,04/02/2022,4648562,269614,MODUS CONSTRUCTION LTD,Corporate Maintenance Services,589.56,NNDR Pool,SUB-CONTRACTOR,STANDARD,4080,KAAA-Directorate of Economic Growth and Neighbourhood Services
RBC Legal Entity,04/02/2022,4648570,269614,MODUS CONSTRUCTION LTD,Corporate Maintenance Services,636.25,NNDR Pool,SUB-CONTRACTOR,STANDARD,4080,KAAA-Directorate of Economic Growth and Neighbourhood Services
RBC Legal Entity,04/02/2022,4648579,269614,MODUS CONSTRUCTION LTD,Corporate Maintenance Services,635,NNDR Pool,SUB-CONTRACTOR,STANDARD,4080,KAAA-Directorate of Economic Growth and Neighbourhood Services
RBC Legal Entity,04/02/2022,4641057,269615,FORESIGHT CLINICAL SERVICES LTD,JLT Disbursements,675,Misc. Legal Expenses,Third Party Supplier,STANDARD,2407,LAAA-Directorate of Resources
RBC Legal Entity,04/02/2022,4648610,269617,Brighter Futures for Children,Safer Community Unit,9718.17,Special Activities,Internal,STANDARD,5365,KAAA-Directorate of Economic Growth and Neighbourhood Services
RBC Legal Entity,04/02/2022,4648611,269617,Brighter Futures for Children,Public Health Team Costs,500,Recharges from other services,Internal,STANDARD,2065,JAAA-Directorate of Social Care and Health Services
RBC Legal Entity,04/02/2022,4641054,269618,CORE ASSETS GROUP,JLT Disbursements,2800,Misc. Legal Expenses,Third Party Supplier,STANDARD,2407,LAAA-Directorate of Resources
RBC Legal Entity,04/02/2022,4648634,269618,CORE ASSETS GROUP,JLT Disbursements,1790.8,Misc. Legal Expenses,Third Party Supplier,STANDARD,2407,LAAA-Directorate of Resources
RBC Legal Entity,04/02/2022,4644186,269621,IBIS STYLES READING CENTRE,Housing GF General Charges,136.56,Preventive+SupportiveServ,Third Party Supplier,STANDARD,5810,KAAA-Directorate of Economic Growth and Neighbourhood Services
RBC Legal Entity,04/02/2022,4644186,269621,IBIS STYLES READING CENTRE,Housing GF General Charges,140,Preventive+SupportiveServ,Third Party Supplier,STANDARD,5810,KAAA-Directorate of Economic Growth and Neighbourhood Services
RBC Legal Entity,04/02/2022,4644186,269621,IBIS STYLES READING CENTRE,Housing GF General Charges,546.37,Preventive+SupportiveServ,Third Party Supplier,STANDARD,5810,KAAA-Directorate of Economic Growth and Neighbourhood Services
RBC Legal Entity,04/02/2022,4644219,269621,IBIS STYLES READING CENTRE,Single Homelessness Grants,136.56,Preventive+SupportiveServ,Third Party Supplier,STANDARD,5860,KAAA-Directorate of Economic Growth and Neighbourhood Services
RBC Legal Entity,04/02/2022,4644219,269621,IBIS STYLES READING CENTRE,Single Homelessness Grants,546.37,Preventive+SupportiveServ,Third Party Supplier,STANDARD,5860,KAAA-Directorate of Economic Growth and Neighbourhood Services
RBC Legal Entity,04/02/2022,4648100,269621,IBIS STYLES READING CENTRE,Housing Advice,1015.11,GrantsVolunt.Organ.,Third Party Supplier,STANDARD,5820,KAAA-Directorate of Economic Growth and Neighbourhood Services
RBC Legal Entity,04/02/2022,4641048,269626,MISS HELEN LITTLE,JLT Disbursements,755,Misc. Legal Expenses,INDIVIDUAL,STANDARD,2407,LAAA-Directorate of Resources
RBC Legal Entity,04/02/2022,4642160,269627,AJANA LTD,Safeguarding Adults,1000,Professional Fees,Third Party Supplier,STANDARD,5158,JAAA-Directorate of Social Care and Health Services
RBC Legal Entity,04/02/2022,4639903,269631,G L JONES PLAYGROUNDS LTD,Parks + Open Spaces,7411,Equipment,SUB-CONTRACTOR,STANDARD,8003,ZZZC-Capital
RBC Legal Entity,04/02/2022,4641726,269632,SUMILLION LTD,IT Management,2399,Computer Consumables,Third Party Supplier,STANDARD,2300,EAAA-Chief Executive
RBC Legal Entity,04/02/2022,4643630,269633,GEORGE CARR & SONS (SAWS) LTD,Grounds Maintenance,522.04,HortcultrlMachServ/Repair,Third Party Supplier,STANDARD,1306,KAAA-Directorate of Economic Growth and Neighbourhood Services
RBC Legal Entity,04/02/2022,4642760,269634,RUSSELL CALIGARI,Town Hall - Museum,1000,Display/Museum Exhibits,Third Party Supplier,STANDARD,1255,KAAA-Directorate of Economic Growth and Neighbourhood Services
RBC Legal Entity,04/02/2022,4641002,269635,DAVIES & CO (ENVIRONMENTAL),Crematorium,1764,Plant Maintenance,INDIVIDUAL,STANDARD,4606,LAAA-Directorate of Resources
RBC Legal Entity,04/02/2022,4641033,269636,PUBLIC CONSULTING GROUP UK LTD,Transformation,22875,Consultancy Fees,Third Party Supplier,STANDARD,5289,JAAA-Directorate of Social Care and Health Services
RBC Legal Entity,08/02/2022,4649072,269638,TWYFORD SURGERY,Berkshire West Public Health Hub,1814.5,NHS Trusts,Third Party Supplier,STANDARD,2002,JAAA-Directorate of Social Care and Health Services
RBC Legal Entity,08/02/2022,4649073,269639,WARGRAVE PRACTICE,Berkshire West Public Health Hub,1226,NHS Trusts,Third Party Supplier,STANDARD,2002,JAAA-Directorate of Social Care and Health Services
RBC Legal Entity,08/02/2022,4643561,269640,HAMPTONS RESOURCING LTD,Commissioning Team,2500,Agency Staff,Third Party Supplier,STANDARD,3452,JAAA-Directorate of Social Care and Health Services
RBC Legal Entity,08/02/2022,4649106,269641,BALMORE PARK SURGERY,Berkshire West Public Health Hub,260,NHS Trusts,Third Party Supplier,STANDARD,2002,JAAA-Directorate of Social Care and Health Services
RBC Legal Entity,08/02/2022,4649106,269641,BALMORE PARK SURGERY,Berkshire West Public Health Hub,3194.5,NHS Trusts,Third Party Supplier,STANDARD,2002,JAAA-Directorate of Social Care and Health Services
RBC Legal Entity,08/02/2022,4644179,269643,MARTIN'S LIGHTS LTD,Hexagon Operations,459.5,Equipment Hire,Third Party Supplier,STANDARD,1200,KAAA-Directorate of Economic Growth and Neighbourhood Services
RBC Legal Entity,08/02/2022,4644218,269647,WESSEX SITE INSPECTION LTD,Phoenix College (Reading Alternative),937.5,External Fees  Misc.,SUPPLIER,STANDARD,8264,ZZZC-Capital
RBC Legal Entity,08/02/2022,4649126,269648,THATCHAM MEDICAL PRACTICE,Berkshire West Public Health Hub,3552.5,NHS Trusts,Third Party Supplier,STANDARD,2002,JAAA-Directorate of Social Care and Health Services
RBC Legal Entity,08/02/2022,4643358,269649,FREETHS LLP,Strategic Transport & Concessionary Fares,2403,TPP to Others,Third Party Supplier,STANDARD,4726,KAAA-Directorate of Economic Growth and Neighbourhood Services
RBC Legal Entity,08/02/2022,4649123,269650,MORTIMER SURGERY,Berkshire West Public Health Hub,1485,NHS Trusts,Third Party Supplier,STANDARD,2002,JAAA-Directorate of Social Care and Health Services
RBC Legal Entity,08/02/2022,4649123,269650,MORTIMER SURGERY,Berkshire West Public Health Hub,5052,NHS Trusts,Third Party Supplier,STANDARD,2002,JAAA-Directorate of Social Care and Health Services
RBC Legal Entity,08/02/2022,4649132,269652,DOMESTIC APPLIANCE SPECIALISTS,DLO Day to Day Trades,979.17,Subcontractors Labour,SUPPLIER,STANDARD,4010,KAAA-Directorate of Economic Growth and Neighbourhood Services
RBC Legal Entity,08/02/2022,4642065,269653,PSYCH ASSESSMENTS LTD,JLT Disbursements,772.2,Misc. Legal Expenses,SUPPLIER,STANDARD,2407,LAAA-Directorate of Resources
RBC Legal Entity,08/02/2022,4649090,269654,MISS CHLOE WILKINS,JLT Disbursements,735,Misc. Legal Expenses,Third Party Supplier,STANDARD,2407,LAAA-Directorate of Resources
RBC Legal Entity,08/02/2022,4649076,269655,WOODLEY CENTRE SURGERY,Berkshire West Public Health Hub,2622.5,NHS Trusts,Third Party Supplier,STANDARD,2002,JAAA-Directorate of Social Care and Health Services
RBC Legal Entity,08/02/2022,4649075,269656,WOKINGHAM MEDICAL CENTRE,Berkshire West Public Health Hub,5421,NHS Trusts,Third Party Supplier,STANDARD,2002,JAAA-Directorate of Social Care and Health Services
RBC Legal Entity,08/02/2022,4649067,269657,THE BROOKSIDE GROUP PRACTICE,Berkshire West Public Health Hub,5529.5,NHS Trusts,Third Party Supplier,STANDARD,2002,JAAA-Directorate of Social Care and Health Services
RBC Legal Entity,08/02/2022,4644387,269658,SYLVIANCARE LTD,PS Acquired Community Services,988,Purchased Care,Third Party Supplier,STANDARD,5771,JAAA-Directorate of Social Care and Health Services
RBC Legal Entity,08/02/2022,4641713,269659,RUTH CABEZA,JLT Disbursements,612.5,Misc. Legal Expenses,INDIVIDUAL,STANDARD,2407,LAAA-Directorate of Resources
RBC Legal Entity,08/02/2022,4643624,269660,SHABANA B LIMITED,Bed and Breakfast,840,Rents,SUPPLIER,STANDARD,5871,KAAA-Directorate of Economic Growth and Neighbourhood Services
RBC Legal Entity,08/02/2022,4648783,269662,PABLO DIABLO'S LEGITIMATE BUSINESS FIRM LTD,Hexagon Operations,-24851.9,Ticket SalesPerformances,Third Party Supplier,CREDIT,1200,KAAA-Directorate of Economic Growth and Neighbourhood Services
RBC Legal Entity,08/02/2022,4648783,269662,PABLO DIABLO'S LEGITIMATE BUSINESS FIRM LTD,Hexagon Operations,-1655.11,Administration Charges,Third Party Supplier,CREDIT,1200,KAAA-Directorate of Economic Growth and Neighbourhood Services
RBC Legal Entity,08/02/2022,4648783,269662,PABLO DIABLO'S LEGITIMATE BUSINESS FIRM LTD,Hexagon Operations,-1113.96,Fees + Commissions,Third Party Supplier,CREDIT,1200,KAAA-Directorate of Economic Growth and Neighbourhood Services
RBC Legal Entity,08/02/2022,4648783,269662,PABLO DIABLO'S LEGITIMATE BUSINESS FIRM LTD,Hexagon Operations,-878.81,Credit Card Commission,Third Party Supplier,CREDIT,1200,KAAA-Directorate of Economic Growth and Neighbourhood Services
RBC Legal Entity,08/02/2022,4648783,269662,PABLO DIABLO'S LEGITIMATE BUSINESS FIRM LTD,Hexagon Operations,-308,Security Charges,Third Party Supplier,CREDIT,1200,KAAA-Directorate of Economic Growth and Neighbourhood Services
RBC Legal Entity,08/02/2022,4648783,269662,PABLO DIABLO'S LEGITIMATE BUSINESS FIRM LTD,Hexagon Operations,-30,Sales  Surplus Equipment,Third Party Supplier,CREDIT,1200,KAAA-Directorate of Economic Growth and Neighbourhood Services
RBC Legal Entity,08/02/2022,4648783,269662,PABLO DIABLO'S LEGITIMATE BUSINESS FIRM LTD,Hexagon Operations,1143.96,Professional Fees,Third Party Supplier,STANDARD,1200,KAAA-Directorate of Economic Growth and Neighbourhood Services
RBC Legal Entity,08/02/2022,4648783,269662,PABLO DIABLO'S LEGITIMATE BUSINESS FIRM LTD,Hexagon Operations,18737.57,Professional Fees,Third Party Supplier,STANDARD,1200,KAAA-Directorate of Economic Growth and Neighbourhood Services
RBC Legal Entity,08/02/2022,4648783,269662,PABLO DIABLO'S LEGITIMATE BUSINESS FIRM LTD,Hexagon Performances,27693.82,Ticket SalesPerformances,Third Party Supplier,STANDARD,1202,KAAA-Directorate of Economic Growth and Neighbourhood Services
RBC Legal Entity,08/02/2022,4641952,269664,F M CONWAY LTD,Highways,708,Materials Direct,SUB-CONTRACTOR,STANDARD,4252,KAAA-Directorate of Economic Growth and Neighbourhood Services
RBC Legal Entity,08/02/2022,4641997,269664,F M CONWAY LTD,Highways,781,Materials Direct,SUB-CONTRACTOR,STANDARD,4252,KAAA-Directorate of Economic Growth and Neighbourhood Services
RBC Legal Entity,08/02/2022,4642034,269664,F M CONWAY LTD,Highways,610,Materials Direct,SUB-CONTRACTOR,STANDARD,4252,KAAA-Directorate of Economic Growth and Neighbourhood Services
RBC Legal Entity,08/02/2022,4643213,269665,CARE4U WE LTD,LD Community Services,7872,Purchased Care,Third Party Supplier,STANDARD,5741,JAAA-Directorate of Social Care and Health Services
RBC Legal Entity,08/02/2022,4643734,269666,MODUS CONSTRUCTION LTD,Corporate FM - Office Buildings,4028,Building Maintenance,SUB-CONTRACTOR,STANDARD,3738,KAAA-Directorate of Economic Growth and Neighbourhood Services
RBC Legal Entity,08/02/2022,4649122,269667,LAMBOURN SURGERY,Berkshire West Public Health Hub,1658,NHS Trusts,Third Party Supplier,STANDARD,2002,JAAA-Directorate of Social Care and Health Services
RBC Legal Entity,08/02/2022,4648778,269668,ELLIS LIVE LTD,Hexagon Operations,-29541.5,Ticket SalesPerformances,Third Party Supplier,CREDIT,1200,KAAA-Directorate of Economic Growth and Neighbourhood Services
RBC Legal Entity,08/02/2022,4648778,269668,ELLIS LIVE LTD,Hexagon Operations,-2900,Hire of Function Rooms,Third Party Supplier,CREDIT,1200,KAAA-Directorate of Economic Growth and Neighbourhood Services
RBC Legal Entity,08/02/2022,4648778,269668,ELLIS LIVE LTD,Hexagon Operations,-1808,Administration Charges,Third Party Supplier,CREDIT,1200,KAAA-Directorate of Economic Growth and Neighbourhood Services
RBC Legal Entity,08/02/2022,4648778,269668,ELLIS LIVE LTD,Hexagon Operations,-1126.54,Royalties,Third Party Supplier,CREDIT,1200,KAAA-Directorate of Economic Growth and Neighbourhood Services
RBC Legal Entity,08/02/2022,4648778,269668,ELLIS LIVE LTD,Hexagon Operations,-886.25,Credit Card Commission,Third Party Supplier,CREDIT,1200,KAAA-Directorate of Economic Growth and Neighbourhood Services
RBC Legal Entity,08/02/2022,4648778,269668,ELLIS LIVE LTD,Hexagon Operations,-490,Security Charges,Third Party Supplier,CREDIT,1200,KAAA-Directorate of Economic Growth and Neighbourhood Services
RBC Legal Entity,08/02/2022,4648778,269668,ELLIS LIVE LTD,Hexagon Catering,-10,Sales  Food,Third Party Supplier,CREDIT,1241,KAAA-Directorate of Economic Growth and Neighbourhood Services
RBC Legal Entity,08/02/2022,4648778,269668,ELLIS LIVE LTD,Hexagon Operations,6495.35,Professional Fees,Third Party Supplier,STANDARD,1200,KAAA-Directorate of Economic Growth and Neighbourhood Services
RBC Legal Entity,08/02/2022,4648778,269668,ELLIS LIVE LTD,Hexagon Operations,23046.16,Professional Fees,Third Party Supplier,STANDARD,1200,KAAA-Directorate of Economic Growth and Neighbourhood Services
RBC Legal Entity,08/02/2022,4648778,269668,ELLIS LIVE LTD,Hexagon Performances,31349.5,Ticket SalesPerformances,Third Party Supplier,STANDARD,1202,KAAA-Directorate of Economic Growth and Neighbourhood Services
RBC Legal Entity,08/02/2022,4642035,269669,NECTAR IMPORTS LTD,Hexagon Catering,989.96,Purchases - Stock Provisions,SUPPLIER,STANDARD,1241,KAAA-Directorate of Economic Growth and Neighbourhood Services
RBC Legal Entity,08/02/2022,4649105,269670,UNIVERSITY MEDICAL GROUP,Berkshire West Public Health Hub,60,NHS Trusts,Third Party Supplier,STANDARD,2002,JAAA-Directorate of Social Care and Health Services
RBC Legal Entity,08/02/2022,4649105,269670,UNIVERSITY MEDICAL GROUP,Berkshire West Public Health Hub,3634,NHS Trusts,Third Party Supplier,STANDARD,2002,JAAA-Directorate of Social Care and Health Services
RBC Legal Entity,08/02/2022,4643108,269671,GLENHOLME HEALTHCARE (NGC) LTD,LD Community Services,7378.44,Purchased Care,Third Party Supplier,STANDARD,5741,JAAA-Directorate of Social Care and Health Services
RBC Legal Entity,08/02/2022,4649148,269672,SIEMENS PLC,Traffic,30814.97,TPP  Contract,SUB-CONTRACTOR,STANDARD,4703,KAAA-Directorate of Economic Growth and Neighbourhood Services
RBC Legal Entity,08/02/2022,4649149,269672,SIEMENS PLC,Traffic,30814.97,TPP  Contract,SUB-CONTRACTOR,STANDARD,4703,KAAA-Directorate of Economic Growth and Neighbourhood Services
RBC Legal Entity,08/02/2022,4648837,269689,DR TRAINING LTD,Corporate Organisational Development,600,Miscellaneous Income,SUPPLIER,STANDARD,3435,LAAA-Directorate of Resources
RBC Legal Entity,08/02/2022,4642814,269690,BUCKS FIRE SAFETY TRAINING,Crematorium,450,Training & Development Costs,Third Party Supplier,STANDARD,4606,LAAA-Directorate of Resources
RBC Legal Entity,08/02/2022,4643216,269691,SUNLIGHT HOMECARE SERVICES LIMITED,Mental Health Community Services,1197.92,Purchased Care,Third Party Supplier,STANDARD,5731,JAAA-Directorate of Social Care and Health Services
RBC Legal Entity,08/02/2022,4642022,269692,BIG BLUE DOOR LTD,IT Management,1245,Contract  Other,SUPPLIER,STANDARD,2300,EAAA-Chief Executive
RBC Legal Entity,08/02/2022,4642066,269695,KATHERINE WILSON LIMITED,JLT Disbursements,589.88,Misc. Legal Expenses,SUPPLIER,STANDARD,2407,LAAA-Directorate of Resources
RBC Legal Entity,08/02/2022,4645338,269696,CELADOR APARTMENTS LIMITED,Bed and Breakfast,644,Rents,SUPPLIER,STANDARD,5871,KAAA-Directorate of Economic Growth and Neighbourhood Services
RBC Legal Entity,08/02/2022,4648829,269697,BERKSHIRE ROOMS,Bed and Breakfast,840,Rents,Third Party Supplier,STANDARD,5871,KAAA-Directorate of Economic Growth and Neighbourhood Services
RBC Legal Entity,08/02/2022,4648865,269697,BERKSHIRE ROOMS,Bed and Breakfast,840,Rents,Third Party Supplier,STANDARD,5871,KAAA-Directorate of Economic Growth and Neighbourhood Services
RBC Legal Entity,08/02/2022,4648866,269697,BERKSHIRE ROOMS,Bed and Breakfast,770,Rents,Third Party Supplier,STANDARD,5871,KAAA-Directorate of Economic Growth and Neighbourhood Services
RBC Legal Entity,08/02/2022,4648905,269697,BERKSHIRE ROOMS,Bed and Breakfast,665,Rents,Third Party Supplier,STANDARD,5871,KAAA-Directorate of Economic Growth and Neighbourhood Services
RBC Legal Entity,08/02/2022,4648906,269697,BERKSHIRE ROOMS,Bed and Breakfast,475,Rents,Third Party Supplier,STANDARD,5871,KAAA-Directorate of Economic Growth and Neighbourhood Services
RBC Legal Entity,08/02/2022,4648926,269697,BERKSHIRE ROOMS,Bed and Breakfast,75,Rents,Third Party Supplier,STANDARD,5871,KAAA-Directorate of Economic Growth and Neighbourhood Services
RBC Legal Entity,08/02/2022,4648926,269697,BERKSHIRE ROOMS,Bed and Breakfast,240,Rents,Third Party Supplier,STANDARD,5871,KAAA-Directorate of Economic Growth and Neighbourhood Services
RBC Legal Entity,08/02/2022,4648926,269697,BERKSHIRE ROOMS,Bed and Breakfast,525,Rents,Third Party Supplier,STANDARD,5871,KAAA-Directorate of Economic Growth and Neighbourhood Services
RBC Legal Entity,08/02/2022,4648931,269697,BERKSHIRE ROOMS,Bed and Breakfast,840,Rents,Third Party Supplier,STANDARD,5871,KAAA-Directorate of Economic Growth and Neighbourhood Services
RBC Legal Entity,08/02/2022,4644400,269713,SALIS CARE LTD,PS Acquired Community Services,4753.56,Purchased Care,SUPPLIER,STANDARD,5771,JAAA-Directorate of Social Care and Health Services
RBC Legal Entity,08/02/2022,4648699,269714,BLAKE MORGAN LLP,Leisure Review,750,External Fees  Misc.,SUPPLIER,STANDARD,8016,ZZZC-Capital
RBC Legal Entity,08/02/2022,4649089,269715,NEWAUTO LTD T/A MOGO,Taxi & Private Hire Licensing,906.57,Equipment Purchase & Repair,Third Party Supplier,STANDARD,4603,KAAA-Directorate of Economic Growth and Neighbourhood Services
RBC Legal Entity,08/02/2022,4641824,269716,CONTRACT OPTIONS LTD,Road Resurfacing,3113.64,Contractors,Third Party Supplier,STANDARD,8870,ZZZC-Capital
RBC Legal Entity,08/02/2022,4641902,269717,PROSIS LTD,Traffic,1440.3,TPP  Contract,Third Party Supplier,STANDARD,4703,KAAA-Directorate of Economic Growth and Neighbourhood Services
RBC Legal Entity,08/02/2022,4648756,269719,DR UNA MCDERMOTT,JLT Disbursements,2039,Misc. Legal Expenses,Third Party Supplier,STANDARD,2407,LAAA-Directorate of Resources
RBC Legal Entity,08/02/2022,4648709,269720,STEEL SOCIAL WORK LTD,JLT Disbursements,1750,Misc. Legal Expenses,Third Party Supplier,STANDARD,2407,LAAA-Directorate of Resources
RBC Legal Entity,08/02/2022,4649068,269722,BURMA HILL PRACTICE,Berkshire West Public Health Hub,575,NHS Trusts,Third Party Supplier,STANDARD,2002,JAAA-Directorate of Social Care and Health Services
RBC Legal Entity,08/02/2022,4649069,269723,FINCHAMPSTEAD SURGERY,Berkshire West Public Health Hub,42,NHS Trusts,Third Party Supplier,STANDARD,2002,JAAA-Directorate of Social Care and Health Services
RBC Legal Entity,08/02/2022,4649069,269723,FINCHAMPSTEAD SURGERY,Berkshire West Public Health Hub,2767,NHS Trusts,Third Party Supplier,STANDARD,2002,JAAA-Directorate of Social Care and Health Services
RBC Legal Entity,08/02/2022,4649070,269724,LODDON VALE PRACTICE,Berkshire West Public Health Hub,63,NHS Trusts,Third Party Supplier,STANDARD,2002,JAAA-Directorate of Social Care and Health Services
RBC Legal Entity,08/02/2022,4649070,269724,LODDON VALE PRACTICE,Berkshire West Public Health Hub,3597,NHS Trusts,Third Party Supplier,STANDARD,2002,JAAA-Directorate of Social Care and Health Services
RBC Legal Entity,08/02/2022,4649095,269739,PARKSIDE FAMILY PRACTICE,Berkshire West Public Health Hub,3783,NHS Trusts,Third Party Supplier,STANDARD,2002,JAAA-Directorate of Social Care and Health Services
RBC Legal Entity,08/02/2022,4649071,269740,SHINFIELD GROUP MEDICAL PRACTICE,Berkshire West Public Health Hub,781,NHS Trusts,Third Party Supplier,STANDARD,2002,JAAA-Directorate of Social Care and Health Services
RBC Legal Entity,08/02/2022,4649096,269741,SWALLOWFIELD MEDICAL PRACTICE,Berkshire West Public Health Hub,1498,NHS Trusts,Third Party Supplier,STANDARD,2002,JAAA-Directorate of Social Care and Health Services
RBC Legal Entity,08/02/2022,4649077,269742,WOOSEHILL PRACTICE,Berkshire West Public Health Hub,1203,NHS Trusts,Third Party Supplier,STANDARD,2002,JAAA-Directorate of Social Care and Health Services
RBC Legal Entity,08/02/2022,4649077,269742,WOOSEHILL PRACTICE,Berkshire West Public Health Hub,2831,NHS Trusts,Third Party Supplier,STANDARD,2002,JAAA-Directorate of Social Care and Health Services
RBC Legal Entity,08/02/2022,4649107,269743,CIRCUIT LANE SURGERY & WESTERN ELMS,Berkshire West Public Health Hub,260,NHS Trusts,Third Party Supplier,STANDARD,2002,JAAA-Directorate of Social Care and Health Services
RBC Legal Entity,08/02/2022,4649107,269743,CIRCUIT LANE SURGERY & WESTERN ELMS,Berkshire West Public Health Hub,3204.5,NHS Trusts,Third Party Supplier,STANDARD,2002,JAAA-Directorate of Social Care and Health Services
RBC Legal Entity,08/02/2022,4649103,269744,MELROSE SURGERY & ELDON ROAD SURGERY,Berkshire West Public Health Hub,1680,NHS Trusts,Third Party Supplier,STANDARD,2002,JAAA-Directorate of Social Care and Health Services
RBC Legal Entity,08/02/2022,4649103,269744,MELROSE SURGERY & ELDON ROAD SURGERY,Berkshire West Public Health Hub,8208,NHS Trusts,Third Party Supplier,STANDARD,2002,JAAA-Directorate of Social Care and Health Services
RBC Legal Entity,08/02/2022,4649112,269745,GROVELANDS MEDICAL CENTRE,Berkshire West Public Health Hub,40,NHS Trusts,Third Party Supplier,STANDARD,2002,JAAA-Directorate of Social Care and Health Services
RBC Legal Entity,08/02/2022,4649112,269745,GROVELANDS MEDICAL CENTRE,Berkshire West Public Health Hub,1253,NHS Trusts,Third Party Supplier,STANDARD,2002,JAAA-Directorate of Social Care and Health Services
RBC Legal Entity,08/02/2022,4649101,269746,LONGBARN LANE SURGERY,Berkshire West Public Health Hub,1140,NHS Trusts,Third Party Supplier,STANDARD,2002,JAAA-Directorate of Social Care and Health Services
RBC Legal Entity,08/02/2022,4649101,269746,LONGBARN LANE SURGERY,Berkshire West Public Health Hub,1242,NHS Trusts,Third Party Supplier,STANDARD,2002,JAAA-Directorate of Social Care and Health Services
RBC Legal Entity,08/02/2022,4649102,269747,PEMBROKE SURGERY,Berkshire West Public Health Hub,405,NHS Trusts,Third Party Supplier,STANDARD,2002,JAAA-Directorate of Social Care and Health Services
RBC Legal Entity,08/02/2022,4649102,269747,PEMBROKE SURGERY,Berkshire West Public Health Hub,460,NHS Trusts,Third Party Supplier,STANDARD,2002,JAAA-Directorate of Social Care and Health Services
RBC Legal Entity,08/02/2022,4649104,269748,READING WALK-IN HEALTH CENTRE - ASSURA READING LLP,Berkshire West Public Health Hub,8100,NHS Trusts,Third Party Supplier,STANDARD,2002,JAAA-Directorate of Social Care and Health Services
RBC Legal Entity,08/02/2022,4649099,269749,WESTWOOD ROAD SURGERY,Berkshire West Public Health Hub,1420,NHS Trusts,Third Party Supplier,STANDARD,2002,JAAA-Directorate of Social Care and Health Services
RBC Legal Entity,08/02/2022,4649117,269750,THE DOWNLAND PRACTICE,Berkshire West Public Health Hub,988,NHS Trusts,Third Party Supplier,STANDARD,2002,JAAA-Directorate of Social Care and Health Services
RBC Legal Entity,08/02/2022,4649117,269750,THE DOWNLAND PRACTICE,Berkshire West Public Health Hub,3085,NHS Trusts,Third Party Supplier,STANDARD,2002,JAAA-Directorate of Social Care and Health Services
RBC Legal Entity,08/02/2022,4649116,269751,THE BUCKLEBURY PRACTICE (CHAPEL ROW),Berkshire West Public Health Hub,168,NHS Trusts,Third Party Supplier,STANDARD,2002,JAAA-Directorate of Social Care and Health Services
RBC Legal Entity,08/02/2022,4649116,269751,THE BUCKLEBURY PRACTICE (CHAPEL ROW),Berkshire West Public Health Hub,1950.5,NHS Trusts,Third Party Supplier,STANDARD,2002,JAAA-Directorate of Social Care and Health Services
RBC Legal Entity,08/02/2022,4649124,269766,THE BOATHOUSE SURGERY,Berkshire West Public Health Hub,384,NHS Trusts,Third Party Supplier,STANDARD,2002,JAAA-Directorate of Social Care and Health Services
RBC Legal Entity,08/02/2022,4649124,269766,THE BOATHOUSE SURGERY,Berkshire West Public Health Hub,2681.5,NHS Trusts,Third Party Supplier,STANDARD,2002,JAAA-Directorate of Social Care and Health Services
RBC Legal Entity,08/02/2022,4649125,269767,STRAWBERRY HILL MEDICAL CENTRE,Berkshire West Public Health Hub,5862,NHS Trusts,Third Party Supplier,STANDARD,2002,JAAA-Directorate of Social Care and Health Services
RBC Legal Entity,08/02/2022,4649119,269768,FALKLAND SURGERY,Berkshire West Public Health Hub,4776,NHS Trusts,Third Party Supplier,STANDARD,2002,JAAA-Directorate of Social Care and Health Services
RBC Legal Entity,08/02/2022,4649118,269769,EASTFIELD HOUSE SURGERY,Berkshire West Public Health Hub,2097,NHS Trusts,Third Party Supplier,STANDARD,2002,JAAA-Directorate of Social Care and Health Services
RBC Legal Entity,08/02/2022,4649121,269770,KINTBURY & WOOLTON HILL SURGERY,Berkshire West Public Health Hub,40,NHS Trusts,Third Party Supplier,STANDARD,2002,JAAA-Directorate of Social Care and Health Services
RBC Legal Entity,08/02/2022,4649121,269770,KINTBURY & WOOLTON HILL SURGERY,Berkshire West Public Health Hub,2160,NHS Trusts,Third Party Supplier,STANDARD,2002,JAAA-Directorate of Social Care and Health Services
RBC Legal Entity,08/02/2022,4649128,269770,KINTBURY & WOOLTON HILL SURGERY,Berkshire West Public Health Hub,20,NHS Trusts,Third Party Supplier,STANDARD,2002,JAAA-Directorate of Social Care and Health Services
RBC Legal Entity,08/02/2022,4649128,269770,KINTBURY & WOOLTON HILL SURGERY,Berkshire West Public Health Hub,2585.5,NHS Trusts,Third Party Supplier,STANDARD,2002,JAAA-Directorate of Social Care and Health Services
RBC Legal Entity,08/02/2022,4649113,269772,EMMER GREEN SURGERY,Berkshire West Public Health Hub,1078,NHS Trusts,Third Party Supplier,STANDARD,2002,JAAA-Directorate of Social Care and Health Services
RBC Legal Entity,08/02/2022,4649114,269772,EMMER GREEN SURGERY,Berkshire West Public Health Hub,1193.5,NHS Trusts,Third Party Supplier,STANDARD,2002,JAAA-Directorate of Social Care and Health Services
RBC Legal Entity,08/02/2022,4642139,269773,SUMILLION LTD,IT Management,570,Computer Consumables,Third Party Supplier,STANDARD,2300,EAAA-Chief Executive
RBC Legal Entity,08/02/2022,4643676,269773,SUMILLION LTD,IT Management,1109.9,Computer Consumables,Third Party Supplier,STANDARD,2300,EAAA-Chief Executive
RBC Legal Entity,08/02/2022,4648863,269774,ADVANCED BUSINESS SOFTWARE & SOLUTIONS LTD,Finance systems Re-procurement,11402.21,Staff/Consultancy,Third Party Supplier,STANDARD,8637,ZZZC-Capital
RBC Legal Entity,08/02/2022,4612633,269775,MALCOLM CHISHOLM,JLT Disbursements,1500,Misc. Legal Expenses,INDIVIDUAL,STANDARD,2407,LAAA-Directorate of Resources
RBC Legal Entity,08/02/2022,4649110,269776,LEICESTER CITY COUNCIL ,Customer Relations & Information Governance,7291.67,Consultancy Fees,GOVERNMENT,STANDARD,2058,LAAA-Directorate of Resources
RBC Legal Entity,08/02/2022,4642758,269777,BENNETTO PHOTOGRAPHY LTD,Town Hall - Museum,706.3,Display/Museum Exhibits,Third Party Supplier,STANDARD,1255,KAAA-Directorate of Economic Growth and Neighbourhood Services
RBC Legal Entity,08/02/2022,4648758,269792,ADRIAN GIBSON MUSIC PRODUCTIONS LTD,Hexagon Operations,-12165,Ticket SalesPerformances,Third Party Supplier,CREDIT,1200,KAAA-Directorate of Economic Growth and Neighbourhood Services
RBC Legal Entity,08/02/2022,4648758,269792,ADRIAN GIBSON MUSIC PRODUCTIONS LTD,Hexagon Operations,-2800,Hire of Function Rooms,Third Party Supplier,CREDIT,1200,KAAA-Directorate of Economic Growth and Neighbourhood Services
RBC Legal Entity,08/02/2022,4648758,269792,ADRIAN GIBSON MUSIC PRODUCTIONS LTD,Hexagon Operations,-1106,Security Charges,Third Party Supplier,CREDIT,1200,KAAA-Directorate of Economic Growth and Neighbourhood Services
RBC Legal Entity,08/02/2022,4648758,269792,ADRIAN GIBSON MUSIC PRODUCTIONS LTD,Hexagon Operations,-1031.52,Royalties,Third Party Supplier,CREDIT,1200,KAAA-Directorate of Economic Growth and Neighbourhood Services
RBC Legal Entity,08/02/2022,4648758,269792,ADRIAN GIBSON MUSIC PRODUCTIONS LTD,Hexagon Operations,-730,Administration Charges,Third Party Supplier,CREDIT,1200,KAAA-Directorate of Economic Growth and Neighbourhood Services
RBC Legal Entity,08/02/2022,4648758,269792,ADRIAN GIBSON MUSIC PRODUCTIONS LTD,Hexagon Operations,-530.66,Equipment Hire,Third Party Supplier,CREDIT,1200,KAAA-Directorate of Economic Growth and Neighbourhood Services
RBC Legal Entity,08/02/2022,4648758,269792,ADRIAN GIBSON MUSIC PRODUCTIONS LTD,Hexagon Operations,-364.95,Credit Card Commission,Third Party Supplier,CREDIT,1200,KAAA-Directorate of Economic Growth and Neighbourhood Services
RBC Legal Entity,08/02/2022,4648758,269792,ADRIAN GIBSON MUSIC PRODUCTIONS LTD,Hexagon Operations,-90,Sales  Surplus Equipment,Third Party Supplier,CREDIT,1200,KAAA-Directorate of Economic Growth and Neighbourhood Services
RBC Legal Entity,08/02/2022,4648758,269792,ADRIAN GIBSON MUSIC PRODUCTIONS LTD,Hexagon Operations,5057.24,Professional Fees,Third Party Supplier,STANDARD,1200,KAAA-Directorate of Economic Growth and Neighbourhood Services
RBC Legal Entity,08/02/2022,4648758,269792,ADRIAN GIBSON MUSIC PRODUCTIONS LTD,Hexagon Operations,7107.76,Professional Fees,Third Party Supplier,STANDARD,1200,KAAA-Directorate of Economic Growth and Neighbourhood Services
RBC Legal Entity,08/02/2022,4648758,269792,ADRIAN GIBSON MUSIC PRODUCTIONS LTD,Hexagon Performances,12895,Ticket SalesPerformances,Third Party Supplier,STANDARD,1202,KAAA-Directorate of Economic Growth and Neighbourhood Services
RBC Legal Entity,08/02/2022,4645458,269795,WEST BERKSHIRE COUNCIL,Partnership Equipment Group,10177,Aids + Appliances,GOVERNMENT,STANDARD,5110,JAAA-Directorate of Social Care and Health Services
RBC Legal Entity,08/02/2022,4645458,269795,WEST BERKSHIRE COUNCIL,Partnership Equipment Group,187778.75,Aids + Appliances,GOVERNMENT,STANDARD,5110,JAAA-Directorate of Social Care and Health Services
RBC Legal Entity,08/02/2022,4648873,269797,M&R SERVICES,Repairs,2750,Decent Neighbourhood Funding,SUB-CONTRACTOR,STANDARD,5970,HAAA-Housing Revenue Account
RBC Legal Entity,08/02/2022,4644216,269798,ROBINSON TRANSPORT & REMOVALS LTD,Allocation,480,Special Measures Expenses,SUPPLIER,STANDARD,5980,HAAA-Housing Revenue Account
RBC Legal Entity,08/02/2022,4643360,269802,WSP UK LTD,LEP Projects,1974.2,Contractors,SUPPLIER,STANDARD,8806,ZZZC-Capital
RBC Legal Entity,08/02/2022,4643360,269802,WSP UK LTD,LEP Projects,2902.1,Contractors,SUPPLIER,STANDARD,8806,ZZZC-Capital
RBC Legal Entity,08/02/2022,4641845,269803,MIDLAND SOFTWARE LIMITED,HR & Payroll,1895,Software Licences,SUPPLIER,STANDARD,2600,LAAA-Directorate of Resources
RBC Legal Entity,08/02/2022,4641777,269805,SUNNYSIDE AUTOS,Fleet Management,750,Unfair Wear + Tear Costs,Third Party Supplier,STANDARD,4552,KAAA-Directorate of Economic Growth and Neighbourhood Services
RBC Legal Entity,08/02/2022,4641998,269806,HOWDEN JOINERY LIMITED,Corporate Maintenance Services,508.02,Materials Direct,SUPPLIER,STANDARD,4080,KAAA-Directorate of Economic Growth and Neighbourhood Services
RBC Legal Entity,08/02/2022,4641775,269807,ST JOHN AMBULANCE,Corporate Organisational Development,600,Training & Development Costs,SUPPLIER,STANDARD,3435,LAAA-Directorate of Resources
RBC Legal Entity,08/02/2022,4641796,269808,THE UNIVERSITY OF READING,UTMC / ITS,2000,Contractors,Third Party Supplier,STANDARD,8850,ZZZC-Capital
RBC Legal Entity,08/02/2022,4641734,269809,IRVINE GRENSON LTD,Civil Engineering,2150,DfT Bridges,SUB-CONTRACTOR,STANDARD,4550,KAAA-Directorate of Economic Growth and Neighbourhood Services
RBC Legal Entity,08/02/2022,4641649,269812,AMBLEGLOW,Traffic,820,Traffic Orders,Third Party Supplier,STANDARD,4703,KAAA-Directorate of Economic Growth and Neighbourhood Services
RBC Legal Entity,08/02/2022,4641650,269812,AMBLEGLOW,Traffic,754,Traffic Orders,Third Party Supplier,STANDARD,4703,KAAA-Directorate of Economic Growth and Neighbourhood Services
RBC Legal Entity,08/02/2022,4641653,269812,AMBLEGLOW,Traffic,754,Traffic Orders,Third Party Supplier,STANDARD,4703,KAAA-Directorate of Economic Growth and Neighbourhood Services
RBC Legal Entity,08/02/2022,4641654,269812,AMBLEGLOW,Traffic,951,Traffic Orders,Third Party Supplier,STANDARD,4703,KAAA-Directorate of Economic Growth and Neighbourhood Services
RBC Legal Entity,08/02/2022,4641655,269812,AMBLEGLOW,Planning,952.5,Advertising - General,Third Party Supplier,STANDARD,4700,KAAA-Directorate of Economic Growth and Neighbourhood Services
RBC Legal Entity,08/02/2022,4641719,269812,AMBLEGLOW,Local Safety Schemes,754,Advertising Costs,Third Party Supplier,STANDARD,8852,ZZZC-Capital
RBC Legal Entity,08/02/2022,4641732,269812,AMBLEGLOW,Footway Surfacing,622,Contractors,Third Party Supplier,STANDARD,8872,ZZZC-Capital
RBC Legal Entity,08/02/2022,4645499,269812,AMBLEGLOW,Strategic Transport & Concessionary Fares,753.5,Grounds Maintenance,Third Party Supplier,STANDARD,4726,KAAA-Directorate of Economic Growth and Neighbourhood Services
RBC Legal Entity,08/02/2022,4618441,269813,F.G. MARSHALL LTD,Crematorium,6.58,Memorials & Commemorative Plaq,SUPPLIER,STANDARD,4606,LAAA-Directorate of Resources
RBC Legal Entity,08/02/2022,4618441,269813,F.G. MARSHALL LTD,Crematorium,50,Memorials & Commemorative Plaq,SUPPLIER,STANDARD,4606,LAAA-Directorate of Resources
RBC Legal Entity,08/02/2022,4618441,269813,F.G. MARSHALL LTD,Crematorium,76.09,Memorials & Commemorative Plaq,SUPPLIER,STANDARD,4606,LAAA-Directorate of Resources
RBC Legal Entity,08/02/2022,4618441,269813,F.G. MARSHALL LTD,Crematorium,85.13,Memorials & Commemorative Plaq,SUPPLIER,STANDARD,4606,LAAA-Directorate of Resources
RBC Legal Entity,08/02/2022,4618441,269813,F.G. MARSHALL LTD,Crematorium,150.56,Memorials & Commemorative Plaq,SUPPLIER,STANDARD,4606,LAAA-Directorate of Resources
RBC Legal Entity,08/02/2022,4618441,269813,F.G. MARSHALL LTD,Crematorium,324.97,Memorials & Commemorative Plaq,SUPPLIER,STANDARD,4606,LAAA-Directorate of Resources
RBC Legal Entity,08/02/2022,4618441,269813,F.G. MARSHALL LTD,Crematorium,331.15,Memorials & Commemorative Plaq,SUPPLIER,STANDARD,4606,LAAA-Directorate of Resources
RBC Legal Entity,08/02/2022,4645355,269814,BRISTOW & SUTOR,Council Tax & Business Rates,302,Professional Fees,Third Party Supplier,STANDARD,2250,LAAA-Directorate of Resources
RBC Legal Entity,08/02/2022,4643109,269815,RADIS COMMUNITY CARE,PS Lifelong Community Services,9419.48,Purchased Care,Third Party Supplier,STANDARD,5781,JAAA-Directorate of Social Care and Health Services
RBC Legal Entity,08/02/2022,4648597,269816,RISING SUN ARTS CENTRE,South Street Operations,1520,Professional Fees,SUPPLIER,STANDARD,1220,KAAA-Directorate of Economic Growth and Neighbourhood Services
RBC Legal Entity,08/02/2022,4643721,269817,ROWVALE HOTELS LTD T/A BOW GUEST HOUSE,Single Homelessness Grants,595,Preventive+SupportiveServ,Third Party Supplier,STANDARD,5860,KAAA-Directorate of Economic Growth and Neighbourhood Services
RBC Legal Entity,08/02/2022,4643722,269817,ROWVALE HOTELS LTD T/A BOW GUEST HOUSE,Housing GF General Charges,623,Preventive+SupportiveServ,Third Party Supplier,STANDARD,5810,KAAA-Directorate of Economic Growth and Neighbourhood Services
RBC Legal Entity,08/02/2022,4643912,269817,ROWVALE HOTELS LTD T/A BOW GUEST HOUSE,Single Homelessness Grants,525,Preventive+SupportiveServ,Third Party Supplier,STANDARD,5860,KAAA-Directorate of Economic Growth and Neighbourhood Services
RBC Legal Entity,08/02/2022,4643913,269817,ROWVALE HOTELS LTD T/A BOW GUEST HOUSE,Single Homelessness Grants,560,Preventive+SupportiveServ,Third Party Supplier,STANDARD,5860,KAAA-Directorate of Economic Growth and Neighbourhood Services
RBC Legal Entity,08/02/2022,4648090,269817,ROWVALE HOTELS LTD T/A BOW GUEST HOUSE,Single Homelessness Grants,525,Preventive+SupportiveServ,Third Party Supplier,STANDARD,5860,KAAA-Directorate of Economic Growth and Neighbourhood Services
RBC Legal Entity,08/02/2022,4648092,269817,ROWVALE HOTELS LTD T/A BOW GUEST HOUSE,Single Homelessness Grants,595,Preventive+SupportiveServ,Third Party Supplier,STANDARD,5860,KAAA-Directorate of Economic Growth and Neighbourhood Services
RBC Legal Entity,08/02/2022,4648096,269817,ROWVALE HOTELS LTD T/A BOW GUEST HOUSE,Single Homelessness Grants,560,Preventive+SupportiveServ,Third Party Supplier,STANDARD,5860,KAAA-Directorate of Economic Growth and Neighbourhood Services
RBC Legal Entity,08/02/2022,4648098,269817,ROWVALE HOTELS LTD T/A BOW GUEST HOUSE,Bed and Breakfast,560,Rents,Third Party Supplier,STANDARD,5871,KAAA-Directorate of Economic Growth and Neighbourhood Services
RBC Legal Entity,08/02/2022,4648099,269817,ROWVALE HOTELS LTD T/A BOW GUEST HOUSE,Bed and Breakfast,525,Rents,Third Party Supplier,STANDARD,5871,KAAA-Directorate of Economic Growth and Neighbourhood Services
RBC Legal Entity,08/02/2022,4648101,269817,ROWVALE HOTELS LTD T/A BOW GUEST HOUSE,Single Homelessness Grants,450,Preventive+SupportiveServ,Third Party Supplier,STANDARD,5860,KAAA-Directorate of Economic Growth and Neighbourhood Services
RBC Legal Entity,08/02/2022,4648107,269817,ROWVALE HOTELS LTD T/A BOW GUEST HOUSE,Single Homelessness Grants,525,Preventive+SupportiveServ,Third Party Supplier,STANDARD,5860,KAAA-Directorate of Economic Growth and Neighbourhood Services
RBC Legal Entity,08/02/2022,4648108,269817,ROWVALE HOTELS LTD T/A BOW GUEST HOUSE,Bed and Breakfast,560,Rents,Third Party Supplier,STANDARD,5871,KAAA-Directorate of Economic Growth and Neighbourhood Services
RBC Legal Entity,08/02/2022,4648473,269817,ROWVALE HOTELS LTD T/A BOW GUEST HOUSE,Social Support,168.75,Bed + Breakfast/Emergency Acco,Third Party Supplier,STANDARD,5790,JAAA-Directorate of Social Care and Health Services
RBC Legal Entity,08/02/2022,4648473,269817,ROWVALE HOTELS LTD T/A BOW GUEST HOUSE,Social Support,281.25,Bed + Breakfast/Emergency Acco,Third Party Supplier,STANDARD,5790,JAAA-Directorate of Social Care and Health Services
RBC Legal Entity,08/02/2022,4648742,269817,ROWVALE HOTELS LTD T/A BOW GUEST HOUSE,Rowe Court Fire,525,Rents,Third Party Supplier,STANDARD,2299,KAAA-Directorate of Economic Growth and Neighbourhood Services
RBC Legal Entity,08/02/2022,4646743,269822,RIDGE & PARTNERS,HRA portfolio expansion,105.1,External Fees  Misc.,SUPPLIER,STANDARD,8518,ZZZC-Capital
RBC Legal Entity,08/02/2022,4646743,269822,RIDGE & PARTNERS,HRA portfolio expansion,394.9,External Fees  Misc.,SUPPLIER,STANDARD,8518,ZZZC-Capital
RBC Legal Entity,08/02/2022,4649131,269822,RIDGE & PARTNERS,HRA portfolio expansion,1022.72,External Fees  Misc.,SUPPLIER,STANDARD,8518,ZZZC-Capital
RBC Legal Entity,08/02/2022,4648697,269823,READING CENTRE FOR THE DEAF,ASC Voluntary Grants,3750,GrantsVolunt.Organ.,SUPPLIER,STANDARD,5300,JAAA-Directorate of Social Care and Health Services
RBC Legal Entity,08/02/2022,4643941,269825,VERMATECH PEST CONTROL,Rowe Court Fire,4030,Grounds Maintenance,Third Party Supplier,STANDARD,2299,KAAA-Directorate of Economic Growth and Neighbourhood Services
RBC Legal Entity,08/02/2022,4649108,269826,THE TILEHURST SURGERY PARTNERSHIP,Berkshire West Public Health Hub,2335,NHS Trusts,Third Party Supplier,STANDARD,2002,JAAA-Directorate of Social Care and Health Services
RBC Legal Entity,08/02/2022,4648102,269827,READING HOTEL,Bed and Breakfast,455,Rents,SUPPLIER,STANDARD,5871,KAAA-Directorate of Economic Growth and Neighbourhood Services
RBC Legal Entity,08/02/2022,4648102,269827,READING HOTEL,Bed and Breakfast,3675,Rents,SUPPLIER,STANDARD,5871,KAAA-Directorate of Economic Growth and Neighbourhood Services
RBC Legal Entity,08/02/2022,4648722,269829,MISS SARA GRANSHAW,JLT Disbursements,675,Misc. Legal Expenses,SUPPLIER,STANDARD,2407,LAAA-Directorate of Resources
RBC Legal Entity,08/02/2022,4649094,269830,THE CITY OF OXFORD MOTOR SERVICES LTD (THAMES TRAVEL),Strategic Transport & Concessionary Fares,10176.96,Payments for Bus Services,SUPPLIER,STANDARD,4726,KAAA-Directorate of Economic Growth and Neighbourhood Services
RBC Legal Entity,08/02/2022,4642008,269831,BERKSHIRE HEALTHCARE NHS TRUST,Public Health Team Costs,236666.67,NHS Trusts,Third Party Supplier,STANDARD,2065,JAAA-Directorate of Social Care and Health Services
RBC Legal Entity,08/02/2022,4642155,269831,BERKSHIRE HEALTHCARE NHS TRUST,Berkshire West Public Health Hub,41.66,NHS Trusts,Third Party Supplier,STANDARD,2002,JAAA-Directorate of Social Care and Health Services
RBC Legal Entity,08/02/2022,4642155,269831,BERKSHIRE HEALTHCARE NHS TRUST,Berkshire West Public Health Hub,41.67,NHS Trusts,Third Party Supplier,STANDARD,2002,JAAA-Directorate of Social Care and Health Services
RBC Legal Entity,08/02/2022,4642155,269831,BERKSHIRE HEALTHCARE NHS TRUST,Berkshire West Public Health Hub,41.67,NHS Trusts,Third Party Supplier,STANDARD,2002,JAAA-Directorate of Social Care and Health Services
RBC Legal Entity,08/02/2022,4642155,269831,BERKSHIRE HEALTHCARE NHS TRUST,Berkshire West Public Health Hub,249.96,NHS Trusts,Third Party Supplier,STANDARD,2002,JAAA-Directorate of Social Care and Health Services
RBC Legal Entity,08/02/2022,4642155,269831,BERKSHIRE HEALTHCARE NHS TRUST,Berkshire West Public Health Hub,1185.65,NHS Trusts,Third Party Supplier,STANDARD,2002,JAAA-Directorate of Social Care and Health Services
RBC Legal Entity,08/02/2022,4642155,269831,BERKSHIRE HEALTHCARE NHS TRUST,Berkshire West Public Health Hub,4015.23,NHS Trusts,Third Party Supplier,STANDARD,2002,JAAA-Directorate of Social Care and Health Services
RBC Legal Entity,08/02/2022,4642156,269831,BERKSHIRE HEALTHCARE NHS TRUST,Berkshire West Public Health Hub,41.66,NHS Trusts,Third Party Supplier,STANDARD,2002,JAAA-Directorate of Social Care and Health Services
RBC Legal Entity,08/02/2022,4642156,269831,BERKSHIRE HEALTHCARE NHS TRUST,Berkshire West Public Health Hub,41.67,NHS Trusts,Third Party Supplier,STANDARD,2002,JAAA-Directorate of Social Care and Health Services
RBC Legal Entity,08/02/2022,4642156,269831,BERKSHIRE HEALTHCARE NHS TRUST,Berkshire West Public Health Hub,41.67,NHS Trusts,Third Party Supplier,STANDARD,2002,JAAA-Directorate of Social Care and Health Services
RBC Legal Entity,08/02/2022,4642156,269831,BERKSHIRE HEALTHCARE NHS TRUST,Berkshire West Public Health Hub,249.96,NHS Trusts,Third Party Supplier,STANDARD,2002,JAAA-Directorate of Social Care and Health Services
RBC Legal Entity,08/02/2022,4642156,269831,BERKSHIRE HEALTHCARE NHS TRUST,Berkshire West Public Health Hub,1185.66,NHS Trusts,Third Party Supplier,STANDARD,2002,JAAA-Directorate of Social Care and Health Services
RBC Legal Entity,08/02/2022,4642156,269831,BERKSHIRE HEALTHCARE NHS TRUST,Berkshire West Public Health Hub,4015.22,NHS Trusts,Third Party Supplier,STANDARD,2002,JAAA-Directorate of Social Care and Health Services
RBC Legal Entity,08/02/2022,4648716,269833,MOONSCAPE MEDIA LIMITED,Cultural Services Marketing,790,Publicity & Media Work,Third Party Supplier,STANDARD,1235,KAAA-Directorate of Economic Growth and Neighbourhood Services
RBC Legal Entity,08/02/2022,4642798,269834,REED,ASC Short Term Team,2.8,Agency Staff,Third Party Supplier,STANDARD,5722,JAAA-Directorate of Social Care and Health Services
RBC Legal Entity,08/02/2022,4642798,269834,REED,Mental Health Team,4.5,Agency Staff,Third Party Supplier,STANDARD,5253,JAAA-Directorate of Social Care and Health Services
RBC Legal Entity,08/02/2022,4642798,269834,REED,BFFC Agency Staff (Rechargeable),4.5,Agency Staff,Third Party Supplier,STANDARD,2008,LAAA-Directorate of Resources
RBC Legal Entity,08/02/2022,4642798,269834,REED,ASC Short Term Team,5.4,Agency Staff,Third Party Supplier,STANDARD,5722,JAAA-Directorate of Social Care and Health Services
RBC Legal Entity,08/02/2022,4642798,269834,REED,ASC Locality Team,5.85,Agency Staff,Third Party Supplier,STANDARD,5721,JAAA-Directorate of Social Care and Health Services
RBC Legal Entity,08/02/2022,4642798,269834,REED,BFFC Agency Staff (Rechargeable),5.85,Agency Staff,Third Party Supplier,STANDARD,2008,LAAA-Directorate of Resources
RBC Legal Entity,08/02/2022,4642798,269834,REED,Mental Health Team,9,Agency Staff,Third Party Supplier,STANDARD,5253,JAAA-Directorate of Social Care and Health Services
RBC Legal Entity,08/02/2022,4642798,269834,REED,BFFC Agency Staff (Rechargeable),10.6,Agency Staff,Third Party Supplier,STANDARD,2008,LAAA-Directorate of Resources
RBC Legal Entity,08/02/2022,4642798,269834,REED,Transformation,10.8,Agency Staff,Third Party Supplier,STANDARD,5289,JAAA-Directorate of Social Care and Health Services
RBC Legal Entity,08/02/2022,4642798,269834,REED,BFFC Agency Staff (Rechargeable),15.75,Agency Staff,Third Party Supplier,STANDARD,2008,LAAA-Directorate of Resources
RBC Legal Entity,08/02/2022,4642798,269834,REED,BFFC Agency Staff (Rechargeable),36.9,Agency Staff,Third Party Supplier,STANDARD,2008,LAAA-Directorate of Resources
RBC Legal Entity,08/02/2022,4642798,269834,REED,BFFC Agency Staff (Rechargeable),41.85,Agency Staff,Third Party Supplier,STANDARD,2008,LAAA-Directorate of Resources
RBC Legal Entity,08/02/2022,4642798,269834,REED,ASC Short Term Team,44.45,Agency Staff,Third Party Supplier,STANDARD,5722,JAAA-Directorate of Social Care and Health Services
RBC Legal Entity,08/02/2022,4642798,269834,REED,Customer Services - Reception,62.43,Agency Staff,Third Party Supplier,STANDARD,2595,LAAA-Directorate of Resources
RBC Legal Entity,08/02/2022,4642798,269834,REED,BFFC Agency Staff (Rechargeable),154,Agency Staff,Third Party Supplier,STANDARD,2008,LAAA-Directorate of Resources
RBC Legal Entity,08/02/2022,4642798,269834,REED,Customer Services - Reception,187.3,Agency Staff,Third Party Supplier,STANDARD,2595,LAAA-Directorate of Resources
RBC Legal Entity,08/02/2022,4642798,269834,REED,BFFC Agency Staff (Rechargeable),206.5,Agency Staff,Third Party Supplier,STANDARD,2008,LAAA-Directorate of Resources
RBC Legal Entity,08/02/2022,4642798,269834,REED,BFFC Agency Staff (Rechargeable),210,Agency Staff,Third Party Supplier,STANDARD,2008,LAAA-Directorate of Resources
RBC Legal Entity,08/02/2022,4642798,269834,REED,Street Cleansing,221.63,Agency Staff,Third Party Supplier,STANDARD,4566,KAAA-Directorate of Economic Growth and Neighbourhood Services
RBC Legal Entity,08/02/2022,4642798,269834,REED,Lord Lieutenant,223.29,Agency Staff,Third Party Supplier,STANDARD,2510,EAAA-Chief Executive
RBC Legal Entity,08/02/2022,4642798,269834,REED,BFFC Agency Staff (Rechargeable),259,Agency Staff,Third Party Supplier,STANDARD,2008,LAAA-Directorate of Resources
RBC Legal Entity,08/02/2022,4642798,269834,REED,BFFC Agency Staff (Rechargeable),259,Agency Staff,Third Party Supplier,STANDARD,2008,LAAA-Directorate of Resources
RBC Legal Entity,08/02/2022,4642798,269834,REED,Communications,267.82,Agency Staff,Third Party Supplier,STANDARD,2075,EAAA-Chief Executive
RBC Legal Entity,08/02/2022,4642798,269834,REED,BFFC Agency Staff (Rechargeable),275.85,Agency Staff,Third Party Supplier,STANDARD,2008,LAAA-Directorate of Resources
RBC Legal Entity,08/02/2022,4642798,269834,REED,BFFC Agency Staff (Rechargeable),280.25,Agency Staff,Third Party Supplier,STANDARD,2008,LAAA-Directorate of Resources
RBC Legal Entity,08/02/2022,4642798,269834,REED,Lateral Flow Testing,303.32,Agency Staff,Third Party Supplier,STANDARD,2701,LAAA-Directorate of Resources
RBC Legal Entity,08/02/2022,4642798,269834,REED,Housing Management,328.04,Agency Staff,Third Party Supplier,STANDARD,5920,HAAA-Housing Revenue Account
RBC Legal Entity,08/02/2022,4642798,269834,REED,Customer Services - Reception,329.08,Agency Staff,Third Party Supplier,STANDARD,2595,LAAA-Directorate of Resources
RBC Legal Entity,08/02/2022,4642798,269834,REED,Directorate Support,333.54,Agency Staff,Third Party Supplier,STANDARD,2036,LAAA-Directorate of Resources
RBC Legal Entity,08/02/2022,4642798,269834,REED,Buildings Payroll,375.66,Agency Staff,Third Party Supplier,STANDARD,3390,KAAA-Directorate of Economic Growth and Neighbourhood Services
RBC Legal Entity,08/02/2022,4642798,269834,REED,Street Cleansing,420.16,Agency Staff,Third Party Supplier,STANDARD,4566,KAAA-Directorate of Economic Growth and Neighbourhood Services
RBC Legal Entity,08/02/2022,4642798,269834,REED,Procurement Services,451.94,Agency Staff,Third Party Supplier,STANDARD,2402,LAAA-Directorate of Resources
RBC Legal Entity,08/02/2022,4642798,269834,REED,Customer Services - Reception,452.64,Agency Staff,Third Party Supplier,STANDARD,2595,LAAA-Directorate of Resources
RBC Legal Entity,08/02/2022,4642798,269834,REED,Refuse Collection,472.24,Agency Staff,Third Party Supplier,STANDARD,4561,KAAA-Directorate of Economic Growth and Neighbourhood Services
RBC Legal Entity,08/02/2022,4642798,269834,REED,Refuse Collection,473.83,Agency Staff,Third Party Supplier,STANDARD,4561,KAAA-Directorate of Economic Growth and Neighbourhood Services
RBC Legal Entity,08/02/2022,4642798,269834,REED,Refuse Collection,480.23,Agency Staff,Third Party Supplier,STANDARD,4561,KAAA-Directorate of Economic Growth and Neighbourhood Services
RBC Legal Entity,08/02/2022,4642798,269834,REED,Accountancy,489.96,Agency Staff,Third Party Supplier,STANDARD,2200,LAAA-Directorate of Resources
RBC Legal Entity,08/02/2022,4642798,269834,REED,Exchequer Services,505,Agency Staff,Third Party Supplier,STANDARD,2210,LAAA-Directorate of Resources
RBC Legal Entity,08/02/2022,4642798,269834,REED,Refuse Collection,539.53,Agency Staff,Third Party Supplier,STANDARD,4561,KAAA-Directorate of Economic Growth and Neighbourhood Services
RBC Legal Entity,08/02/2022,4642798,269834,REED,Street Cleansing,554.06,Agency Staff,Third Party Supplier,STANDARD,4566,KAAA-Directorate of Economic Growth and Neighbourhood Services
RBC Legal Entity,08/02/2022,4642798,269834,REED,Street Cleansing,554.06,Agency Staff,Third Party Supplier,STANDARD,4566,KAAA-Directorate of Economic Growth and Neighbourhood Services
RBC Legal Entity,08/02/2022,4642798,269834,REED,Transformation,574.4,Agency Staff,Third Party Supplier,STANDARD,5289,JAAA-Directorate of Social Care and Health Services
RBC Legal Entity,08/02/2022,4642798,269834,REED,Transformation,574.4,Agency Staff,Third Party Supplier,STANDARD,5289,JAAA-Directorate of Social Care and Health Services
RBC Legal Entity,08/02/2022,4642798,269834,REED,Lateral Flow Testing,606.66,Agency Staff,Third Party Supplier,STANDARD,2701,LAAA-Directorate of Resources
RBC Legal Entity,08/02/2022,4642798,269834,REED,Lateral Flow Testing,606.66,Agency Staff,Third Party Supplier,STANDARD,2701,LAAA-Directorate of Resources
RBC Legal Entity,08/02/2022,4642798,269834,REED,Lateral Flow Testing,606.66,Agency Staff,Third Party Supplier,STANDARD,2701,LAAA-Directorate of Resources
RBC Legal Entity,08/02/2022,4642798,269834,REED,Street Cleansing,630.24,Agency Staff,Third Party Supplier,STANDARD,4566,KAAA-Directorate of Economic Growth and Neighbourhood Services
RBC Legal Entity,08/02/2022,4642798,269834,REED,Street Cleansing,638.22,Agency Staff,Third Party Supplier,STANDARD,4566,KAAA-Directorate of Economic Growth and Neighbourhood Services
RBC Legal Entity,08/02/2022,4642798,269834,REED,Lateral Flow Testing,642.33,Agency Staff,Third Party Supplier,STANDARD,2701,LAAA-Directorate of Resources
RBC Legal Entity,08/02/2022,4642798,269834,REED,BFFC Agency Staff (Rechargeable),644.56,Agency Staff,Third Party Supplier,STANDARD,2008,LAAA-Directorate of Resources
RBC Legal Entity,08/02/2022,4642798,269834,REED,Transformation,646.2,Agency Staff,Third Party Supplier,STANDARD,5289,JAAA-Directorate of Social Care and Health Services
RBC Legal Entity,08/02/2022,4642798,269834,REED,Directorate Support,698.33,Agency Staff,Third Party Supplier,STANDARD,2036,LAAA-Directorate of Resources
RBC Legal Entity,08/02/2022,4642798,269834,REED,BFFC Agency Staff (Rechargeable),708.88,Agency Staff,Third Party Supplier,STANDARD,2008,LAAA-Directorate of Resources
RBC Legal Entity,08/02/2022,4642798,269834,REED,Transformation,716.94,Agency Staff,Third Party Supplier,STANDARD,5289,JAAA-Directorate of Social Care and Health Services
RBC Legal Entity,08/02/2022,4642798,269834,REED,Directorate Support,780.46,Agency Staff,Third Party Supplier,STANDARD,2036,LAAA-Directorate of Resources
RBC Legal Entity,08/02/2022,4642798,269834,REED,ASC Short Term Team,865.5,Agency Staff,Third Party Supplier,STANDARD,5722,JAAA-Directorate of Social Care and Health Services
RBC Legal Entity,08/02/2022,4642798,269834,REED,Commissioning Team,887.96,Agency Staff,Third Party Supplier,STANDARD,3452,JAAA-Directorate of Social Care and Health Services
RBC Legal Entity,08/02/2022,4642798,269834,REED,BFFC Agency Staff (Rechargeable),888.6,Agency Staff,Third Party Supplier,STANDARD,2008,LAAA-Directorate of Resources
RBC Legal Entity,08/02/2022,4642798,269834,REED,Lateral Flow Testing,894.1,Agency Staff,Third Party Supplier,STANDARD,2701,LAAA-Directorate of Resources
RBC Legal Entity,08/02/2022,4642798,269834,REED,ASC Short Term Team,900,Agency Staff,Third Party Supplier,STANDARD,5722,JAAA-Directorate of Social Care and Health Services
RBC Legal Entity,08/02/2022,4642798,269834,REED,Transformation,947.5,Agency Staff,Third Party Supplier,STANDARD,5289,JAAA-Directorate of Social Care and Health Services
RBC Legal Entity,08/02/2022,4642798,269834,REED,Joint Legal Team,952.2,Agency Staff,Third Party Supplier,STANDARD,2405,LAAA-Directorate of Resources
RBC Legal Entity,08/02/2022,4642798,269834,REED,Joint Legal Team,972.81,Agency Staff,Third Party Supplier,STANDARD,2405,LAAA-Directorate of Resources
RBC Legal Entity,08/02/2022,4642798,269834,REED,ASC Short Term Team,996.23,Agency Staff,Third Party Supplier,STANDARD,5722,JAAA-Directorate of Social Care and Health Services
RBC Legal Entity,08/02/2022,4642798,269834,REED,ASC Short Term Team,996.23,Agency Staff,Third Party Supplier,STANDARD,5722,JAAA-Directorate of Social Care and Health Services
RBC Legal Entity,08/02/2022,4642798,269834,REED,ASC Short Term Team,1017.3,Agency Staff,Third Party Supplier,STANDARD,5722,JAAA-Directorate of Social Care and Health Services
RBC Legal Entity,08/02/2022,4642798,269834,REED,Safeguarding Adults,1023.15,Agency Staff,Third Party Supplier,STANDARD,5158,JAAA-Directorate of Social Care and Health Services
RBC Legal Entity,08/02/2022,4642798,269834,REED,ASC Locality Team,1059.05,Agency Staff,Third Party Supplier,STANDARD,5721,JAAA-Directorate of Social Care and Health Services
RBC Legal Entity,08/02/2022,4642798,269834,REED,ASC Short Term Team,1077,Agency Staff,Third Party Supplier,STANDARD,5722,JAAA-Directorate of Social Care and Health Services
RBC Legal Entity,08/02/2022,4642798,269834,REED,ASC Locality Team,1077,Agency Staff,Third Party Supplier,STANDARD,5721,JAAA-Directorate of Social Care and Health Services
RBC Legal Entity,08/02/2022,4642798,269834,REED,ASC Locality Team,1077,Agency Staff,Third Party Supplier,STANDARD,5721,JAAA-Directorate of Social Care and Health Services
RBC Legal Entity,08/02/2022,4642798,269834,REED,ASC Locality Team,1107,Agency Staff,Third Party Supplier,STANDARD,5721,JAAA-Directorate of Social Care and Health Services
RBC Legal Entity,08/02/2022,4642798,269834,REED,Legal Services,1139.39,Agency Staff,Third Party Supplier,STANDARD,2400,LAAA-Directorate of Resources
RBC Legal Entity,08/02/2022,4642798,269834,REED,Mental Health Team,1167,Agency Staff,Third Party Supplier,STANDARD,5253,JAAA-Directorate of Social Care and Health Services
RBC Legal Entity,08/02/2022,4642798,269834,REED,Transformation,1167,Agency Staff,Third Party Supplier,STANDARD,5289,JAAA-Directorate of Social Care and Health Services
RBC Legal Entity,08/02/2022,4642798,269834,REED,ASC Locality Team,1215.1,Agency Staff,Third Party Supplier,STANDARD,5721,JAAA-Directorate of Social Care and Health Services
RBC Legal Entity,08/02/2022,4642798,269834,REED,BFFC Agency Staff (Rechargeable),1243.43,Agency Staff,Third Party Supplier,STANDARD,2008,LAAA-Directorate of Resources
RBC Legal Entity,08/02/2022,4642798,269834,REED,BFFC Agency Staff (Rechargeable),1257,Agency Staff,Third Party Supplier,STANDARD,2008,LAAA-Directorate of Resources
RBC Legal Entity,08/02/2022,4642798,269834,REED,Joint Legal Team,1262.7,Agency Staff,Third Party Supplier,STANDARD,2405,LAAA-Directorate of Resources
RBC Legal Entity,08/02/2022,4642798,269834,REED,Legal Services,1292.5,Agency Staff,Third Party Supplier,STANDARD,2400,LAAA-Directorate of Resources
RBC Legal Entity,08/02/2022,4642798,269834,REED,BFFC Agency Staff (Rechargeable),1317,Agency Staff,Third Party Supplier,STANDARD,2008,LAAA-Directorate of Resources
RBC Legal Entity,08/02/2022,4642798,269834,REED,BFFC Agency Staff (Rechargeable),1317,Agency Staff,Third Party Supplier,STANDARD,2008,LAAA-Directorate of Resources
RBC Legal Entity,08/02/2022,4642798,269834,REED,BFFC Agency Staff (Rechargeable),1317,Agency Staff,Third Party Supplier,STANDARD,2008,LAAA-Directorate of Resources
RBC Legal Entity,08/02/2022,4642798,269834,REED,ASC Short Term Team,1345.45,Agency Staff,Third Party Supplier,STANDARD,5722,JAAA-Directorate of Social Care and Health Services
RBC Legal Entity,08/02/2022,4642798,269834,REED,ASC Short Term Team,1356.4,Agency Staff,Third Party Supplier,STANDARD,5722,JAAA-Directorate of Social Care and Health Services
RBC Legal Entity,08/02/2022,4642798,269834,REED,BFFC Agency Staff (Rechargeable),1356.4,Agency Staff,Third Party Supplier,STANDARD,2008,LAAA-Directorate of Resources
RBC Legal Entity,08/02/2022,4642798,269834,REED,ASC Short Term Team,1373.88,Agency Staff,Third Party Supplier,STANDARD,5722,JAAA-Directorate of Social Care and Health Services
RBC Legal Entity,08/02/2022,4642798,269834,REED,BFFC Agency Staff (Rechargeable),1377,Agency Staff,Third Party Supplier,STANDARD,2008,LAAA-Directorate of Resources
RBC Legal Entity,08/02/2022,4642798,269834,REED,Legal Services,1400,Agency Staff,Third Party Supplier,STANDARD,2400,LAAA-Directorate of Resources
RBC Legal Entity,08/02/2022,4642798,269834,REED,Safeguarding Adults,1402.3,Agency Staff,Third Party Supplier,STANDARD,5158,JAAA-Directorate of Social Care and Health Services
RBC Legal Entity,08/02/2022,4642798,269834,REED,ASC Short Term Team,1402.3,Agency Staff,Third Party Supplier,STANDARD,5722,JAAA-Directorate of Social Care and Health Services
RBC Legal Entity,08/02/2022,4642798,269834,REED,Valuation,1410.6,Agency Staff,Third Party Supplier,STANDARD,2100,KAAA-Directorate of Economic Growth and Neighbourhood Services
RBC Legal Entity,08/02/2022,4642798,269834,REED,Mental Health Team,1438.76,Agency Staff,Third Party Supplier,STANDARD,5253,JAAA-Directorate of Social Care and Health Services
RBC Legal Entity,08/02/2022,4642798,269834,REED,ASC Locality Team,1439.3,Agency Staff,Third Party Supplier,STANDARD,5721,JAAA-Directorate of Social Care and Health Services
RBC Legal Entity,08/02/2022,4642798,269834,REED,BFFC Agency Staff (Rechargeable),1442.55,Agency Staff,Third Party Supplier,STANDARD,2008,LAAA-Directorate of Resources
RBC Legal Entity,08/02/2022,4642798,269834,REED,BFFC Agency Staff (Rechargeable),1449.93,Agency Staff,Third Party Supplier,STANDARD,2008,LAAA-Directorate of Resources
RBC Legal Entity,08/02/2022,4642798,269834,REED,Legal Services,1451.48,Agency Staff,Third Party Supplier,STANDARD,2400,LAAA-Directorate of Resources
RBC Legal Entity,08/02/2022,4642798,269834,REED,BFFC Agency Staff (Rechargeable),1467,Agency Staff,Third Party Supplier,STANDARD,2008,LAAA-Directorate of Resources
RBC Legal Entity,08/02/2022,4642798,269834,REED,BFFC Agency Staff (Rechargeable),1467,Agency Staff,Third Party Supplier,STANDARD,2008,LAAA-Directorate of Resources
RBC Legal Entity,08/02/2022,4642798,269834,REED,BFFC Agency Staff (Rechargeable),1467,Agency Staff,Third Party Supplier,STANDARD,2008,LAAA-Directorate of Resources
RBC Legal Entity,08/02/2022,4642798,269834,REED,BFFC Agency Staff (Rechargeable),1467,Agency Staff,Third Party Supplier,STANDARD,2008,LAAA-Directorate of Resources
RBC Legal Entity,08/02/2022,4642798,269834,REED,BFFC Agency Staff (Rechargeable),1467,Agency Staff,Third Party Supplier,STANDARD,2008,LAAA-Directorate of Resources
RBC Legal Entity,08/02/2022,4642798,269834,REED,BFFC Agency Staff (Rechargeable),1467,Agency Staff,Third Party Supplier,STANDARD,2008,LAAA-Directorate of Resources
RBC Legal Entity,08/02/2022,4642798,269834,REED,Joint Legal Team,1480.36,Agency Staff,Third Party Supplier,STANDARD,2405,LAAA-Directorate of Resources
RBC Legal Entity,08/02/2022,4642798,269834,REED,ASC Locality Team,1508.4,Agency Staff,Third Party Supplier,STANDARD,5721,JAAA-Directorate of Social Care and Health Services
RBC Legal Entity,08/02/2022,4642798,269834,REED,BFFC Agency Staff (Rechargeable),1550.3,Agency Staff,Third Party Supplier,STANDARD,2008,LAAA-Directorate of Resources
RBC Legal Entity,08/02/2022,4642798,269834,REED,ASC Locality Team,1623.63,Agency Staff,Third Party Supplier,STANDARD,5721,JAAA-Directorate of Social Care and Health Services
RBC Legal Entity,08/02/2022,4642798,269834,REED,ASC Locality Team,1690.15,Agency Staff,Third Party Supplier,STANDARD,5721,JAAA-Directorate of Social Care and Health Services
RBC Legal Entity,08/02/2022,4642798,269834,REED,Accountancy,1758.6,Agency Staff,Third Party Supplier,STANDARD,2200,LAAA-Directorate of Resources
RBC Legal Entity,08/02/2022,4642798,269834,REED,BFFC Agency Staff (Rechargeable),1816.21,Agency Staff,Third Party Supplier,STANDARD,2008,LAAA-Directorate of Resources
RBC Legal Entity,08/02/2022,4642798,269834,REED,Joint Legal Team,1846.67,Agency Staff,Third Party Supplier,STANDARD,2405,LAAA-Directorate of Resources
RBC Legal Entity,08/02/2022,4642798,269834,REED,BFFC Agency Staff (Rechargeable),1862.4,Agency Staff,Third Party Supplier,STANDARD,2008,LAAA-Directorate of Resources
RBC Legal Entity,08/02/2022,4642798,269834,REED,IT Management,1940.8,Agency Staff,Third Party Supplier,STANDARD,2300,EAAA-Chief Executive
RBC Legal Entity,08/02/2022,4642798,269834,REED,Joint Legal Team,1976.4,Agency Staff,Third Party Supplier,STANDARD,2405,LAAA-Directorate of Resources
RBC Legal Entity,08/02/2022,4642798,269834,REED,IT Management,1982.8,Agency Staff,Third Party Supplier,STANDARD,2300,EAAA-Chief Executive
RBC Legal Entity,08/02/2022,4642798,269834,REED,Test and Trace,1982.8,Agency Staff,Third Party Supplier,STANDARD,2068,JAAA-Directorate of Social Care and Health Services
RBC Legal Entity,08/02/2022,4642798,269834,REED,Joint Legal Team,2031.3,Agency Staff,Third Party Supplier,STANDARD,2405,LAAA-Directorate of Resources
RBC Legal Entity,08/02/2022,4642798,269834,REED,BFFC Agency Staff (Rechargeable),2055.05,Agency Staff,Third Party Supplier,STANDARD,2008,LAAA-Directorate of Resources
RBC Legal Entity,08/02/2022,4642798,269834,REED,IT Management,2140.8,Agency Staff,Third Party Supplier,STANDARD,2300,EAAA-Chief Executive
RBC Legal Entity,08/02/2022,4642798,269834,REED,Accountancy,2284.8,Agency Staff,Third Party Supplier,STANDARD,2200,LAAA-Directorate of Resources
RBC Legal Entity,08/02/2022,4642798,269834,REED,ASC Senior Management Team,2340.8,Agency Staff,Third Party Supplier,STANDARD,5700,JAAA-Directorate of Social Care and Health Services
RBC Legal Entity,08/02/2022,4642798,269834,REED,Legal Services,2484.23,Agency Staff,Third Party Supplier,STANDARD,2400,LAAA-Directorate of Resources
RBC Legal Entity,08/02/2022,4642798,269834,REED,Test and Trace,2499.75,Agency Staff,Third Party Supplier,STANDARD,2068,JAAA-Directorate of Social Care and Health Services
RBC Legal Entity,08/02/2022,4642798,269834,REED,ASC Senior Management Team,3196,Agency Staff,Third Party Supplier,STANDARD,5700,JAAA-Directorate of Social Care and Health Services
RBC Legal Entity,08/02/2022,4642798,269834,REED,ASC Senior Management Team,3196,Agency Staff,Third Party Supplier,STANDARD,5700,JAAA-Directorate of Social Care and Health Services
RBC Legal Entity,08/02/2022,4642798,269834,REED,ASC Senior Management Team,3196,Agency Staff,Third Party Supplier,STANDARD,5700,JAAA-Directorate of Social Care and Health Services
RBC Legal Entity,08/02/2022,4641897,269835,DSI BILLING SERVICES LTD,Council Tax & Business Rates,818.47,Postage Carriage Stamp Duty,SUPPLIER,STANDARD,2250,LAAA-Directorate of Resources
RBC Legal Entity,08/02/2022,4649120,269836,HUNGERFORD SURGERY,Berkshire West Public Health Hub,1240,NHS Trusts,Third Party Supplier,STANDARD,2002,JAAA-Directorate of Social Care and Health Services
RBC Legal Entity,08/02/2022,4648528,269837,ELECTORAL REFORM SERVICES,Electoral Registration,6604.77,Printing + Duplicating,SUPPLIER,STANDARD,2440,LAAA-Directorate of Resources
RBC Legal Entity,08/02/2022,4643650,269838,SANDS SECURITY LTD,Hexagon Operations,840,Security Charges,SUPPLIER,STANDARD,1200,KAAA-Directorate of Economic Growth and Neighbourhood Services
RBC Legal Entity,08/02/2022,4640998,269840,FLEETWOOD GRAB SERVICES LIMITED,Highways,280,Waste Disposal,Third Party Supplier,STANDARD,4252,KAAA-Directorate of Economic Growth and Neighbourhood Services
RBC Legal Entity,08/02/2022,4640998,269840,FLEETWOOD GRAB SERVICES LIMITED,Highways,459,Materials Direct,Third Party Supplier,STANDARD,4252,KAAA-Directorate of Economic Growth and Neighbourhood Services
RBC Legal Entity,08/02/2022,4640998,269840,FLEETWOOD GRAB SERVICES LIMITED,Highways,459,Materials Direct,Third Party Supplier,STANDARD,4252,KAAA-Directorate of Economic Growth and Neighbourhood Services
RBC Legal Entity,08/02/2022,4640998,269840,FLEETWOOD GRAB SERVICES LIMITED,Highways,780,Materials Direct,Third Party Supplier,STANDARD,4252,KAAA-Directorate of Economic Growth and Neighbourhood Services
RBC Legal Entity,08/02/2022,4640998,269840,FLEETWOOD GRAB SERVICES LIMITED,Highways,840,Waste Disposal,Third Party Supplier,STANDARD,4252,KAAA-Directorate of Economic Growth and Neighbourhood Services
RBC Legal Entity,08/02/2022,4640998,269840,FLEETWOOD GRAB SERVICES LIMITED,Highways,840,Waste Disposal,Third Party Supplier,STANDARD,4252,KAAA-Directorate of Economic Growth and Neighbourhood Services
RBC Legal Entity,08/02/2022,4649127,269841,THEALE MEDICAL CENTRE,Berkshire West Public Health Hub,1605.5,NHS Trusts,Third Party Supplier,STANDARD,2002,JAAA-Directorate of Social Care and Health Services
RBC Legal Entity,08/02/2022,4646733,269844,J H CRESSWELL & SONS LTD,Civil Engineering,1627.07,Winter Maintenance,SUB-CONTRACTOR,STANDARD,4550,KAAA-Directorate of Economic Growth and Neighbourhood Services
RBC Legal Entity,08/02/2022,4648042,269844,J H CRESSWELL & SONS LTD,Civil Engineering,12169.13,Winter Maintenance,SUB-CONTRACTOR,STANDARD,4550,KAAA-Directorate of Economic Growth and Neighbourhood Services
RBC Legal Entity,08/02/2022,4641733,269845,GREENWICH LEISURE LIMITED,Leisure Review,3580,External Fees  Misc.,Third Party Supplier,STANDARD,8016,ZZZC-Capital
RBC Legal Entity,08/02/2022,4641843,269846,DEBORAH ORR,JLT Disbursements,2972.1,Misc. Legal Expenses,SUPPLIER,STANDARD,2407,LAAA-Directorate of Resources
RBC Legal Entity,08/02/2022,4641630,269847,NSL LIMITED,Parking & Enforcement,234.95,Printing + Duplicating,Third Party Supplier,STANDARD,4725,KAAA-Directorate of Economic Growth and Neighbourhood Services
RBC Legal Entity,08/02/2022,4641630,269847,NSL LIMITED,Residents Parking,4345.65,Printing + Duplicating,Third Party Supplier,STANDARD,4723,KAAA-Directorate of Economic Growth and Neighbourhood Services
RBC Legal Entity,08/02/2022,4641631,269847,NSL LIMITED,Residents Parking,522.5,Postage Carriage Stamp Duty,Third Party Supplier,STANDARD,4723,KAAA-Directorate of Economic Growth and Neighbourhood Services
RBC Legal Entity,08/02/2022,4641631,269847,NSL LIMITED,Residents Parking,542.85,Postage Carriage Stamp Duty,Third Party Supplier,STANDARD,4723,KAAA-Directorate of Economic Growth and Neighbourhood Services
RBC Legal Entity,08/02/2022,4641631,269847,NSL LIMITED,Residents Parking,759.55,Postage Carriage Stamp Duty,Third Party Supplier,STANDARD,4723,KAAA-Directorate of Economic Growth and Neighbourhood Services
RBC Legal Entity,08/02/2022,4641631,269847,NSL LIMITED,Residents Parking,867.9,Postage Carriage Stamp Duty,Third Party Supplier,STANDARD,4723,KAAA-Directorate of Economic Growth and Neighbourhood Services
RBC Legal Entity,08/02/2022,4641634,269847,NSL LIMITED,Parking & Enforcement,4732.74,Courier/Cash Collection Serv.,Third Party Supplier,STANDARD,4725,KAAA-Directorate of Economic Growth and Neighbourhood Services
RBC Legal Entity,08/02/2022,4641634,269847,NSL LIMITED,On Street Pay and Display,11569.6,Courier/Cash Collection Serv.,Third Party Supplier,STANDARD,4727,KAAA-Directorate of Economic Growth and Neighbourhood Services
RBC Legal Entity,08/02/2022,4641589,269849,DRAIN & ABLE,Corporate Maintenance Services,3485,Leasing Costs,Third Party Supplier,STANDARD,4080,KAAA-Directorate of Economic Growth and Neighbourhood Services
RBC Legal Entity,08/02/2022,4641774,269850,MK SURVEYS LIMITED,Highways,500,Subcontractors Labour,Third Party Supplier,STANDARD,4252,KAAA-Directorate of Economic Growth and Neighbourhood Services
RBC Legal Entity,08/02/2022,4641755,269851,MR EDWARD KIRKWOOD,JLT Disbursements,735,Misc. Legal Expenses,Third Party Supplier,STANDARD,2407,LAAA-Directorate of Resources
RBC Legal Entity,08/02/2022,4641769,269851,MR EDWARD KIRKWOOD,JLT Disbursements,750,Misc. Legal Expenses,Third Party Supplier,STANDARD,2407,LAAA-Directorate of Resources
RBC Legal Entity,08/02/2022,4643128,269855,CREATIVE SUPPORT LTD,PS Acquired Community Services,993,Purchased Care,Third Party Supplier,STANDARD,5771,JAAA-Directorate of Social Care and Health Services
RBC Legal Entity,08/02/2022,4643129,269855,CREATIVE SUPPORT LTD,LD Community Services,993,Purchased Care,Third Party Supplier,STANDARD,5741,JAAA-Directorate of Social Care and Health Services
RBC Legal Entity,08/02/2022,4643130,269855,CREATIVE SUPPORT LTD,LD Community Services,1290.9,Purchased Care,Third Party Supplier,STANDARD,5741,JAAA-Directorate of Social Care and Health Services
RBC Legal Entity,08/02/2022,4648734,269856,CROWN LODGE GUEST HOUSE,Bed and Breakfast,560,Rents,Third Party Supplier,STANDARD,5871,KAAA-Directorate of Economic Growth and Neighbourhood Services
RBC Legal Entity,08/02/2022,4648736,269856,CROWN LODGE GUEST HOUSE,Housing Advice,445,GrantsVolunt.Organ.,Third Party Supplier,STANDARD,5820,KAAA-Directorate of Economic Growth and Neighbourhood Services
RBC Legal Entity,08/02/2022,4648827,269856,CROWN LODGE GUEST HOUSE,Bed and Breakfast,525,Rents,Third Party Supplier,STANDARD,5871,KAAA-Directorate of Economic Growth and Neighbourhood Services
RBC Legal Entity,08/02/2022,4648828,269856,CROWN LODGE GUEST HOUSE,Bed and Breakfast,525,Rents,Third Party Supplier,STANDARD,5871,KAAA-Directorate of Economic Growth and Neighbourhood Services
RBC Legal Entity,08/02/2022,4648903,269858,MEADEE FLOORING LTD,DLO Voids Trades,170,Subcontractors Labour,SUB-CONTRACTOR,STANDARD,4020,KAAA-Directorate of Economic Growth and Neighbourhood Services
RBC Legal Entity,08/02/2022,4648903,269858,MEADEE FLOORING LTD,DLO Voids Trades,1080,Subcontractors Labour,SUB-CONTRACTOR,STANDARD,4020,KAAA-Directorate of Economic Growth and Neighbourhood Services
RBC Legal Entity,08/02/2022,4641846,269860,MR DAMIAN GARRIDO,JLT Disbursements,24000,Misc. Legal Expenses,SUPPLIER,STANDARD,2407,LAAA-Directorate of Resources
RBC Legal Entity,08/02/2022,4642079,269861,FCC RECYCLING (UK) LTD,Grounds Maintenance,3580.69,Parks Tipping,SUPPLIER,STANDARD,1306,KAAA-Directorate of Economic Growth and Neighbourhood Services
RBC Legal Entity,08/02/2022,4649100,269862,SOUTH READING MEDICAL PRACTICE,Berkshire West Public Health Hub,602,NHS Trusts,Third Party Supplier,STANDARD,2002,JAAA-Directorate of Social Care and Health Services
RBC Legal Entity,08/02/2022,4643528,269863,SALVATION ARMY SOCIAL SERVICES FINANCE,Housing GF General Charges,40000,Preventive+SupportiveServ,Third Party Supplier,STANDARD,5810,KAAA-Directorate of Economic Growth and Neighbourhood Services
RBC Legal Entity,08/02/2022,4643529,269863,SALVATION ARMY SOCIAL SERVICES FINANCE,Single Homelessness Grants,38131.55,Preventive+SupportiveServ,Third Party Supplier,STANDARD,5860,KAAA-Directorate of Economic Growth and Neighbourhood Services
RBC Legal Entity,08/02/2022,4649134,269864,EXPERT IN MIND,JLT Disbursements,686.4,Misc. Legal Expenses,SUPPLIER,STANDARD,2407,LAAA-Directorate of Resources
RBC Legal Entity,08/02/2022,4641861,269865,LIFTEC LIFTS LTD,MRA Account,26635,Lifts,SUB-CONTRACTOR,STANDARD,5975,HAAA-Housing Revenue Account
RBC Legal Entity,09/02/2022,4649358,269869,LONDON CARE,ASC Operational Management Team,707.04,TPP to Others,Third Party Supplier,STANDARD,5309,JAAA-Directorate of Social Care and Health Services
RBC Legal Entity,09/02/2022,4649013,269870,POS ENTERPRISES LTD,Planning,1500,Subscriptions,SUPPLIER,STANDARD,4700,KAAA-Directorate of Economic Growth and Neighbourhood Services
RBC Legal Entity,09/02/2022,4649327,269871,QUALITY CARE PROVIDERS LIMITED,ASC Operational Management Team,743.37,TPP to Others,SUPPLIER,STANDARD,5309,JAAA-Directorate of Social Care and Health Services
RBC Legal Entity,09/02/2022,4649352,269872,MULTI-CARE READING COMMUNITY SERVICES LIMITED,ASC Operational Management Team,1148.94,TPP to Others,Third Party Supplier,STANDARD,5309,JAAA-Directorate of Social Care and Health Services
RBC Legal Entity,09/02/2022,4649135,269873,BERKSHIRE ROOMS,Bed and Breakfast,120,Rents,Third Party Supplier,STANDARD,5871,KAAA-Directorate of Economic Growth and Neighbourhood Services
RBC Legal Entity,09/02/2022,4649135,269873,BERKSHIRE ROOMS,Bed and Breakfast,240,Rents,Third Party Supplier,STANDARD,5871,KAAA-Directorate of Economic Growth and Neighbourhood Services
RBC Legal Entity,09/02/2022,4649135,269873,BERKSHIRE ROOMS,Bed and Breakfast,480,Rents,Third Party Supplier,STANDARD,5871,KAAA-Directorate of Economic Growth and Neighbourhood Services
RBC Legal Entity,09/02/2022,4649457,269874,CLAIRGLOW HEATING LTD,MRA Account,20525.4,Boilers + Heating Systems,SUB-CONTRACTOR,STANDARD,5975,HAAA-Housing Revenue Account
RBC Legal Entity,09/02/2022,4649201,269875,YUNEX LTD,Traffic,30814.97,TPP  Contract,SUB-CONTRACTOR,STANDARD,4703,KAAA-Directorate of Economic Growth and Neighbourhood Services
RBC Legal Entity,09/02/2022,4649355,269877,APEX HEALTHCARE SERVICES LTD,ASC Operational Management Team,2783.96,TPP to Others,Third Party Supplier,STANDARD,5309,JAAA-Directorate of Social Care and Health Services
RBC Legal Entity,09/02/2022,4649364,269878,LIMMS CARE SERVICES,ASC Operational Management Team,530.28,TPP to Others,Third Party Supplier,STANDARD,5309,JAAA-Directorate of Social Care and Health Services
RBC Legal Entity,09/02/2022,4649387,269879,P G KEOHANE LTD T/A HOME INSTEAD,ASC Operational Management Team,1855.97,TPP to Others,Third Party Supplier,STANDARD,5309,JAAA-Directorate of Social Care and Health Services
RBC Legal Entity,09/02/2022,4643567,269880,GLENMAN CORPORATION LTD,HRA portfolio expansion,60695.88,External Fees  Misc.,SUB-CONTRACTOR,STANDARD,8518,ZZZC-Capital
RBC Legal Entity,09/02/2022,4649183,269881,YBC CLEANING SERVICES LTD,Building Cleaning,24877.3,TPP to Others,Third Party Supplier,STANDARD,4351,KAAA-Directorate of Economic Growth and Neighbourhood Services
RBC Legal Entity,09/02/2022,4649377,269881,YBC CLEANING SERVICES LTD,Building Cleaning,22318.2,TPP to Others,Third Party Supplier,STANDARD,4351,KAAA-Directorate of Economic Growth and Neighbourhood Services
RBC Legal Entity,09/02/2022,4649389,269881,YBC CLEANING SERVICES LTD,Avenue,800,External Fees  Misc.,Third Party Supplier,STANDARD,8265,ZZZC-Capital
RBC Legal Entity,09/02/2022,4649390,269881,YBC CLEANING SERVICES LTD,Avenue,1200,External Fees  Misc.,Third Party Supplier,STANDARD,8265,ZZZC-Capital
RBC Legal Entity,09/02/2022,4642135,269884,SAVILLE?S ASSESSMENT (WILLIS TOWERS WATSON),HR & Payroll,1200,Training & Development Costs,Third Party Supplier,STANDARD,2600,LAAA-Directorate of Resources
RBC Legal Entity,09/02/2022,4643599,269888,ENERVEO LTD,Invest to Save Street lighting,815.98,Contractors,SUB-CONTRACTOR,STANDARD,8882,ZZZC-Capital
RBC Legal Entity,09/02/2022,4649220,269889,COMPASS SAFEGUARDING,Safeguarding Adults,2750,Professional Fees,INDIVIDUAL,STANDARD,5158,JAAA-Directorate of Social Care and Health Services
RBC Legal Entity,09/02/2022,4647975,269890,LIFE BUILD SOLUTIONS LTD,Parks + Open Spaces,136052.52,Building Works,SUB-CONTRACTOR,STANDARD,8003,ZZZC-Capital
RBC Legal Entity,09/02/2022,4646643,269891,MAYLARCH ENVIRONMENTAL LTD,Rowe Court Fire,115265,Health + Safety,SUB-CONTRACTOR,STANDARD,2299,KAAA-Directorate of Economic Growth and Neighbourhood Services
RBC Legal Entity,09/02/2022,4646644,269891,MAYLARCH ENVIRONMENTAL LTD,Rowe Court Fire,134735,Health + Safety,SUB-CONTRACTOR,STANDARD,2299,KAAA-Directorate of Economic Growth and Neighbourhood Services
RBC Legal Entity,09/02/2022,4644236,269892,ABACUS PSYCHOLOGY SERVICES,JLT Disbursements,954.82,Misc. Legal Expenses,Third Party Supplier,STANDARD,2407,LAAA-Directorate of Resources
RBC Legal Entity,09/02/2022,4642070,269893,STRAIGHT MANUFACTURING LTD,Refuse Collection,4356.8,Household Waste,SUPPLIER,STANDARD,4561,KAAA-Directorate of Economic Growth and Neighbourhood Services
RBC Legal Entity,09/02/2022,4649325,269897,THE BOLTONS,ASC Operational Management Team,3345.17,TPP to Others,SUPPLIER,STANDARD,5309,JAAA-Directorate of Social Care and Health Services
RBC Legal Entity,09/02/2022,4649343,269897,THE BOLTONS,ASC Operational Management Team,2220.73,TPP to Others,SUPPLIER,STANDARD,5309,JAAA-Directorate of Social Care and Health Services
RBC Legal Entity,09/02/2022,4646660,269898,MARTIN CONWAY,Bed and Breakfast,630,Rents,SUPPLIER,STANDARD,5871,KAAA-Directorate of Economic Growth and Neighbourhood Services
RBC Legal Entity,09/02/2022,4649322,269899,NAVARA LODGE,ASC Operational Management Team,2230.11,TPP to Others,SUPPLIER,STANDARD,5309,JAAA-Directorate of Social Care and Health Services
RBC Legal Entity,09/02/2022,4649340,269899,NAVARA LODGE,ASC Operational Management Team,1480.48,TPP to Others,SUPPLIER,STANDARD,5309,JAAA-Directorate of Social Care and Health Services
RBC Legal Entity,09/02/2022,4649320,269900,MOORLANDS REST HOME,ASC Operational Management Team,1486.74,TPP to Others,SUPPLIER,STANDARD,5309,JAAA-Directorate of Social Care and Health Services
RBC Legal Entity,09/02/2022,4649338,269900,MOORLANDS REST HOME,ASC Operational Management Team,986.99,TPP to Others,SUPPLIER,STANDARD,5309,JAAA-Directorate of Social Care and Health Services
RBC Legal Entity,09/02/2022,4649162,269901,MORRIS & BLUNT,Repairs,4562.5,Tenants Devolved Budget,SUB-CONTRACTOR,STANDARD,5970,HAAA-Housing Revenue Account
RBC Legal Entity,09/02/2022,4649321,269902,MULBERRY HOUSE RESIDENTIAL CARE HOME,ASC Operational Management Team,4336.33,TPP to Others,SUPPLIER,STANDARD,5309,JAAA-Directorate of Social Care and Health Services
RBC Legal Entity,09/02/2022,4649339,269902,MULBERRY HOUSE RESIDENTIAL CARE HOME,ASC Operational Management Team,2878.72,TPP to Others,SUPPLIER,STANDARD,5309,JAAA-Directorate of Social Care and Health Services
RBC Legal Entity,09/02/2022,4649313,269903,COLLEYCARE LIMITED,ASC Operational Management Team,18584.25,TPP to Others,SUPPLIER,STANDARD,5309,JAAA-Directorate of Social Care and Health Services
RBC Legal Entity,09/02/2022,4649331,269903,COLLEYCARE LIMITED,ASC Operational Management Team,12337.36,TPP to Others,SUPPLIER,STANDARD,5309,JAAA-Directorate of Social Care and Health Services
RBC Legal Entity,09/02/2022,4643199,269904,ACTIVE ASSISTANCE,PS Acquired Community Services,952.83,Purchased Care,SUPPLIER,STANDARD,5771,JAAA-Directorate of Social Care and Health Services
RBC Legal Entity,09/02/2022,4643201,269904,ACTIVE ASSISTANCE,PS Acquired Community Services,634.34,Purchased Care,SUPPLIER,STANDARD,5771,JAAA-Directorate of Social Care and Health Services
RBC Legal Entity,09/02/2022,4648513,269908,LINGWOODS,Reading Libraries,651,Window Cleaning,Third Party Supplier,STANDARD,1400,KAAA-Directorate of Economic Growth and Neighbourhood Services
RBC Legal Entity,09/02/2022,4649378,269913,CHILMINGTON HOMES LIMITED,ASC Operational Management Team,839.61,TPP to Others,Third Party Supplier,STANDARD,5309,JAAA-Directorate of Social Care and Health Services
RBC Legal Entity,09/02/2022,4649379,269913,CHILMINGTON HOMES LIMITED,ASC Operational Management Team,575.74,TPP to Others,Third Party Supplier,STANDARD,5309,JAAA-Directorate of Social Care and Health Services
RBC Legal Entity,09/02/2022,4649380,269913,CHILMINGTON HOMES LIMITED,ASC Operational Management Team,867.27,TPP to Others,Third Party Supplier,STANDARD,5309,JAAA-Directorate of Social Care and Health Services
RBC Legal Entity,09/02/2022,4642133,269914,TRANSEPT CONSULTING LTD,Strategic Transport & Concessionary Fares,675,TPP to Others,SUPPLIER,STANDARD,4726,KAAA-Directorate of Economic Growth and Neighbourhood Services
RBC Legal Entity,09/02/2022,4642770,269915,BERKSHIRE OFFICE FURNITURE LTD,Hexagon Operations,3790.92,EquiptMaintenanceContract,Third Party Supplier,STANDARD,1200,KAAA-Directorate of Economic Growth and Neighbourhood Services
RBC Legal Entity,09/02/2022,4649311,269916,THE ABBEYFIELD READING SOCIETY LTD,ASC Operational Management Team,3469.06,TPP to Others,Third Party Supplier,STANDARD,5309,JAAA-Directorate of Social Care and Health Services
RBC Legal Entity,09/02/2022,4649329,269916,THE ABBEYFIELD READING SOCIETY LTD,ASC Operational Management Team,2302.97,TPP to Others,Third Party Supplier,STANDARD,5309,JAAA-Directorate of Social Care and Health Services
RBC Legal Entity,09/02/2022,4649349,269917,ABSOLUTE CARE UK LTD,ASC Operational Management Team,4772.5,TPP to Others,Third Party Supplier,STANDARD,5309,JAAA-Directorate of Social Care and Health Services
RBC Legal Entity,09/02/2022,4644444,269918,BOWAK LTD,Building Cleaning,535.35,Materials from Store,Third Party Supplier,STANDARD,4351,KAAA-Directorate of Economic Growth and Neighbourhood Services
RBC Legal Entity,09/02/2022,4644449,269918,BOWAK LTD,Building Cleaning,537,Materials from Store,Third Party Supplier,STANDARD,4351,KAAA-Directorate of Economic Growth and Neighbourhood Services
RBC Legal Entity,09/02/2022,4643929,269919,AMBLEGLOW,Parking Strategy,2102,Advertising Costs,Third Party Supplier,STANDARD,8847,ZZZC-Capital
RBC Legal Entity,09/02/2022,4649367,269920,RADIS COMMUNITY CARE,ASC Operational Management Team,3844.51,TPP to Others,Third Party Supplier,STANDARD,5309,JAAA-Directorate of Social Care and Health Services
RBC Legal Entity,09/02/2022,4644188,269921,KEERITE (LOCKSMITH),Grounds Maintenance,2153,Materials Direct,SUPPLIER,STANDARD,1306,KAAA-Directorate of Economic Growth and Neighbourhood Services
RBC Legal Entity,09/02/2022,4649323,269923,NORTHCOURT LODGE CARE HOME LTD,ASC Operational Management Team,2725.69,TPP to Others,SUPPLIER,STANDARD,5309,JAAA-Directorate of Social Care and Health Services
RBC Legal Entity,09/02/2022,4649341,269923,NORTHCOURT LODGE CARE HOME LTD,ASC Operational Management Team,1809.48,TPP to Others,SUPPLIER,STANDARD,5309,JAAA-Directorate of Social Care and Health Services
RBC Legal Entity,09/02/2022,4649202,269924,SIGNS EXPRESS (READING),Hexagon Operations,1350,Equipment Purchase & Repair,SUPPLIER,STANDARD,1200,KAAA-Directorate of Economic Growth and Neighbourhood Services
RBC Legal Entity,09/02/2022,4649223,269924,SIGNS EXPRESS (READING),South Street Operations,586,Equipment Purchase & Repair,SUPPLIER,STANDARD,1220,KAAA-Directorate of Economic Growth and Neighbourhood Services
RBC Legal Entity,09/02/2022,4649360,269927,A2 DOMINION GROUP,ASC Operational Management Team,1590.83,TPP to Others,Third Party Supplier,STANDARD,5309,JAAA-Directorate of Social Care and Health Services
RBC Legal Entity,09/02/2022,4649314,269929,BUPA CARE SERVICES,ASC Operational Management Team,17964.78,TPP to Others,SUPPLIER,STANDARD,5309,JAAA-Directorate of Social Care and Health Services
RBC Legal Entity,09/02/2022,4649332,269929,BUPA CARE SERVICES,ASC Operational Management Team,11926.12,TPP to Others,SUPPLIER,STANDARD,5309,JAAA-Directorate of Social Care and Health Services
RBC Legal Entity,09/02/2022,4649383,269930,TONNA CARE SERVICES LTD,ASC Operational Management Team,2872.34,TPP to Others,Third Party Supplier,STANDARD,5309,JAAA-Directorate of Social Care and Health Services
RBC Legal Entity,09/02/2022,4642134,269933,CIVICA UK LTD,Corporate Investigations Team,3881.2,Software Licences,Third Party Supplier,STANDARD,2230,LAAA-Directorate of Resources
RBC Legal Entity,09/02/2022,4649032,269934,M A SERGENT,Corporate Maintenance Services,1800,TPP  Contract,SUB-CONTRACTOR,STANDARD,4080,KAAA-Directorate of Economic Growth and Neighbourhood Services
RBC Legal Entity,09/02/2022,4649317,269936,FLORENCE CARE (READING) LTD,ASC Operational Management Team,9787.71,TPP to Others,Direct Payments,STANDARD,5309,JAAA-Directorate of Social Care and Health Services
RBC Legal Entity,09/02/2022,4649335,269936,FLORENCE CARE (READING) LTD,ASC Operational Management Team,6497.68,TPP to Others,Direct Payments,STANDARD,5309,JAAA-Directorate of Social Care and Health Services
RBC Legal Entity,09/02/2022,4648708,269937,M & B ELECTRICAL SERVICES,Corporate Maintenance Services,90,Leasing Costs,SUB-CONTRACTOR,STANDARD,4080,KAAA-Directorate of Economic Growth and Neighbourhood Services
RBC Legal Entity,09/02/2022,4648708,269937,M & B ELECTRICAL SERVICES,Corporate Maintenance Services,1843.59,TPP  Contract,SUB-CONTRACTOR,STANDARD,4080,KAAA-Directorate of Economic Growth and Neighbourhood Services
RBC Legal Entity,09/02/2022,4649291,269937,M & B ELECTRICAL SERVICES,Acre Business Park,2876,Building Maintenance,SUB-CONTRACTOR,STANDARD,2120,KAAA-Directorate of Economic Growth and Neighbourhood Services
RBC Legal Entity,09/02/2022,4649328,269938,VOYAGE CARE,ASC Operational Management Team,3469.07,TPP to Others,Third Party Supplier,STANDARD,5309,JAAA-Directorate of Social Care and Health Services
RBC Legal Entity,09/02/2022,4649346,269938,VOYAGE CARE,ASC Operational Management Team,2302.97,TPP to Others,Third Party Supplier,STANDARD,5309,JAAA-Directorate of Social Care and Health Services
RBC Legal Entity,09/02/2022,4556839,269939,EVERSHEDS LLP,Legal Services,660,Misc. Legal Expenses,Third Party Supplier,STANDARD,2400,LAAA-Directorate of Resources
RBC Legal Entity,09/02/2022,4556840,269939,EVERSHEDS LLP,Legal Services,460.9,Misc. Legal Expenses,Third Party Supplier,STANDARD,2400,LAAA-Directorate of Resources
RBC Legal Entity,09/02/2022,4556853,269939,EVERSHEDS LLP,Legal Services,1119.5,Misc. Legal Expenses,Third Party Supplier,STANDARD,2400,LAAA-Directorate of Resources
RBC Legal Entity,09/02/2022,4642081,269942,GREENCHEM (SOLUTIONS) LTD,Corporate FM - Office Buildings,1840,Fuel + Oil,SUPPLIER,STANDARD,3738,KAAA-Directorate of Economic Growth and Neighbourhood Services
RBC Legal Entity,09/02/2022,4648127,269943,PORTSDOWN OFFICE LTD,Plaza West,925.71,Equipment,Third Party Supplier,STANDARD,8626,ZZZC-Capital
RBC Legal Entity,09/02/2022,4635350,269944,READING UK CIC,New Directions,716.39,Miscellaneous Income,Third Party Supplier,STANDARD,3340,KAAA-Directorate of Economic Growth and Neighbourhood Services
RBC Legal Entity,09/02/2022,4635350,269944,READING UK CIC,New Directions,941.16,Miscellaneous Income,Third Party Supplier,STANDARD,3340,KAAA-Directorate of Economic Growth and Neighbourhood Services
RBC Legal Entity,09/02/2022,4635350,269944,READING UK CIC,New Directions,941.16,Miscellaneous Income,Third Party Supplier,STANDARD,3340,KAAA-Directorate of Economic Growth and Neighbourhood Services
RBC Legal Entity,09/02/2022,4635350,269944,READING UK CIC,New Directions,941.16,Miscellaneous Income,Third Party Supplier,STANDARD,3340,KAAA-Directorate of Economic Growth and Neighbourhood Services
RBC Legal Entity,09/02/2022,4635350,269944,READING UK CIC,New Directions,941.16,Miscellaneous Income,Third Party Supplier,STANDARD,3340,KAAA-Directorate of Economic Growth and Neighbourhood Services
RBC Legal Entity,09/02/2022,4635350,269944,READING UK CIC,New Directions,1010.75,Miscellaneous Income,Third Party Supplier,STANDARD,3340,KAAA-Directorate of Economic Growth and Neighbourhood Services
RBC Legal Entity,09/02/2022,4635350,269944,READING UK CIC,New Directions,1010.75,Miscellaneous Income,Third Party Supplier,STANDARD,3340,KAAA-Directorate of Economic Growth and Neighbourhood Services
RBC Legal Entity,09/02/2022,4635350,269944,READING UK CIC,New Directions,1010.75,Miscellaneous Income,Third Party Supplier,STANDARD,3340,KAAA-Directorate of Economic Growth and Neighbourhood Services
RBC Legal Entity,09/02/2022,4635350,269944,READING UK CIC,New Directions,1010.75,Miscellaneous Income,Third Party Supplier,STANDARD,3340,KAAA-Directorate of Economic Growth and Neighbourhood Services
RBC Legal Entity,09/02/2022,4635350,269944,READING UK CIC,New Directions,1432.78,Miscellaneous Income,Third Party Supplier,STANDARD,3340,KAAA-Directorate of Economic Growth and Neighbourhood Services
RBC Legal Entity,09/02/2022,4635350,269944,READING UK CIC,New Directions,1560,Miscellaneous Income,Third Party Supplier,STANDARD,3340,KAAA-Directorate of Economic Growth and Neighbourhood Services
RBC Legal Entity,09/02/2022,4635350,269944,READING UK CIC,New Directions,1560,Miscellaneous Income,Third Party Supplier,STANDARD,3340,KAAA-Directorate of Economic Growth and Neighbourhood Services
RBC Legal Entity,09/02/2022,4635350,269944,READING UK CIC,New Directions,1560,Miscellaneous Income,Third Party Supplier,STANDARD,3340,KAAA-Directorate of Economic Growth and Neighbourhood Services
RBC Legal Entity,09/02/2022,4635350,269944,READING UK CIC,New Directions,1560,Miscellaneous Income,Third Party Supplier,STANDARD,3340,KAAA-Directorate of Economic Growth and Neighbourhood Services
RBC Legal Entity,09/02/2022,4635350,269944,READING UK CIC,New Directions,1882.32,Miscellaneous Income,Third Party Supplier,STANDARD,3340,KAAA-Directorate of Economic Growth and Neighbourhood Services
RBC Legal Entity,09/02/2022,4635350,269944,READING UK CIC,New Directions,1882.32,Miscellaneous Income,Third Party Supplier,STANDARD,3340,KAAA-Directorate of Economic Growth and Neighbourhood Services
RBC Legal Entity,09/02/2022,4635350,269944,READING UK CIC,New Directions,1882.32,Miscellaneous Income,Third Party Supplier,STANDARD,3340,KAAA-Directorate of Economic Growth and Neighbourhood Services
RBC Legal Entity,09/02/2022,4635350,269944,READING UK CIC,New Directions,2021.5,Miscellaneous Income,Third Party Supplier,STANDARD,3340,KAAA-Directorate of Economic Growth and Neighbourhood Services
RBC Legal Entity,09/02/2022,4635350,269944,READING UK CIC,New Directions,2021.5,Miscellaneous Income,Third Party Supplier,STANDARD,3340,KAAA-Directorate of Economic Growth and Neighbourhood Services
RBC Legal Entity,09/02/2022,4635350,269944,READING UK CIC,New Directions,2021.5,Miscellaneous Income,Third Party Supplier,STANDARD,3340,KAAA-Directorate of Economic Growth and Neighbourhood Services
RBC Legal Entity,09/02/2022,4635350,269944,READING UK CIC,New Directions,2021.5,Miscellaneous Income,Third Party Supplier,STANDARD,3340,KAAA-Directorate of Economic Growth and Neighbourhood Services
RBC Legal Entity,09/02/2022,4635350,269944,READING UK CIC,New Directions,2021.5,Miscellaneous Income,Third Party Supplier,STANDARD,3340,KAAA-Directorate of Economic Growth and Neighbourhood Services
RBC Legal Entity,09/02/2022,4635350,269944,READING UK CIC,New Directions,2021.5,Miscellaneous Income,Third Party Supplier,STANDARD,3340,KAAA-Directorate of Economic Growth and Neighbourhood Services
RBC Legal Entity,09/02/2022,4635350,269944,READING UK CIC,New Directions,2441.16,Miscellaneous Income,Third Party Supplier,STANDARD,3340,KAAA-Directorate of Economic Growth and Neighbourhood Services
RBC Legal Entity,09/02/2022,4635350,269944,READING UK CIC,New Directions,2570.75,Miscellaneous Income,Third Party Supplier,STANDARD,3340,KAAA-Directorate of Economic Growth and Neighbourhood Services
RBC Legal Entity,09/02/2022,4635350,269944,READING UK CIC,New Directions,2570.75,Miscellaneous Income,Third Party Supplier,STANDARD,3340,KAAA-Directorate of Economic Growth and Neighbourhood Services
RBC Legal Entity,09/02/2022,4635350,269944,READING UK CIC,New Directions,2823.48,Miscellaneous Income,Third Party Supplier,STANDARD,3340,KAAA-Directorate of Economic Growth and Neighbourhood Services
RBC Legal Entity,09/02/2022,4635350,269944,READING UK CIC,New Directions,3581.5,Miscellaneous Income,Third Party Supplier,STANDARD,3340,KAAA-Directorate of Economic Growth and Neighbourhood Services
RBC Legal Entity,09/02/2022,4640585,269944,READING UK CIC,New Directions,716.39,Miscellaneous Income,Third Party Supplier,STANDARD,3340,KAAA-Directorate of Economic Growth and Neighbourhood Services
RBC Legal Entity,09/02/2022,4640585,269944,READING UK CIC,New Directions,716.39,Miscellaneous Income,Third Party Supplier,STANDARD,3340,KAAA-Directorate of Economic Growth and Neighbourhood Services
RBC Legal Entity,09/02/2022,4640585,269944,READING UK CIC,New Directions,716.39,Miscellaneous Income,Third Party Supplier,STANDARD,3340,KAAA-Directorate of Economic Growth and Neighbourhood Services
RBC Legal Entity,09/02/2022,4640585,269944,READING UK CIC,New Directions,716.39,Miscellaneous Income,Third Party Supplier,STANDARD,3340,KAAA-Directorate of Economic Growth and Neighbourhood Services
RBC Legal Entity,09/02/2022,4640585,269944,READING UK CIC,New Directions,716.39,Miscellaneous Income,Third Party Supplier,STANDARD,3340,KAAA-Directorate of Economic Growth and Neighbourhood Services
RBC Legal Entity,09/02/2022,4640585,269944,READING UK CIC,New Directions,941.16,Miscellaneous Income,Third Party Supplier,STANDARD,3340,KAAA-Directorate of Economic Growth and Neighbourhood Services
RBC Legal Entity,09/02/2022,4640585,269944,READING UK CIC,New Directions,941.16,Miscellaneous Income,Third Party Supplier,STANDARD,3340,KAAA-Directorate of Economic Growth and Neighbourhood Services
RBC Legal Entity,09/02/2022,4640585,269944,READING UK CIC,New Directions,941.16,Miscellaneous Income,Third Party Supplier,STANDARD,3340,KAAA-Directorate of Economic Growth and Neighbourhood Services
RBC Legal Entity,09/02/2022,4640585,269944,READING UK CIC,New Directions,941.16,Miscellaneous Income,Third Party Supplier,STANDARD,3340,KAAA-Directorate of Economic Growth and Neighbourhood Services
RBC Legal Entity,09/02/2022,4640585,269944,READING UK CIC,New Directions,941.16,Miscellaneous Income,Third Party Supplier,STANDARD,3340,KAAA-Directorate of Economic Growth and Neighbourhood Services
RBC Legal Entity,09/02/2022,4640585,269944,READING UK CIC,New Directions,941.16,Miscellaneous Income,Third Party Supplier,STANDARD,3340,KAAA-Directorate of Economic Growth and Neighbourhood Services
RBC Legal Entity,09/02/2022,4640585,269944,READING UK CIC,New Directions,941.16,Miscellaneous Income,Third Party Supplier,STANDARD,3340,KAAA-Directorate of Economic Growth and Neighbourhood Services
RBC Legal Entity,09/02/2022,4640585,269944,READING UK CIC,New Directions,941.16,Miscellaneous Income,Third Party Supplier,STANDARD,3340,KAAA-Directorate of Economic Growth and Neighbourhood Services
RBC Legal Entity,09/02/2022,4640585,269944,READING UK CIC,New Directions,941.16,Miscellaneous Income,Third Party Supplier,STANDARD,3340,KAAA-Directorate of Economic Growth and Neighbourhood Services
RBC Legal Entity,09/02/2022,4640585,269944,READING UK CIC,New Directions,941.16,Miscellaneous Income,Third Party Supplier,STANDARD,3340,KAAA-Directorate of Economic Growth and Neighbourhood Services
RBC Legal Entity,09/02/2022,4640585,269944,READING UK CIC,New Directions,1010.75,Miscellaneous Income,Third Party Supplier,STANDARD,3340,KAAA-Directorate of Economic Growth and Neighbourhood Services
RBC Legal Entity,09/02/2022,4640585,269944,READING UK CIC,New Directions,1010.75,Miscellaneous Income,Third Party Supplier,STANDARD,3340,KAAA-Directorate of Economic Growth and Neighbourhood Services
RBC Legal Entity,09/02/2022,4640585,269944,READING UK CIC,New Directions,1010.75,Miscellaneous Income,Third Party Supplier,STANDARD,3340,KAAA-Directorate of Economic Growth and Neighbourhood Services
RBC Legal Entity,09/02/2022,4640585,269944,READING UK CIC,New Directions,1010.75,Miscellaneous Income,Third Party Supplier,STANDARD,3340,KAAA-Directorate of Economic Growth and Neighbourhood Services
RBC Legal Entity,09/02/2022,4640585,269944,READING UK CIC,New Directions,1010.75,Miscellaneous Income,Third Party Supplier,STANDARD,3340,KAAA-Directorate of Economic Growth and Neighbourhood Services
RBC Legal Entity,09/02/2022,4640585,269944,READING UK CIC,New Directions,1010.75,Miscellaneous Income,Third Party Supplier,STANDARD,3340,KAAA-Directorate of Economic Growth and Neighbourhood Services
RBC Legal Entity,09/02/2022,4640585,269944,READING UK CIC,New Directions,1010.75,Miscellaneous Income,Third Party Supplier,STANDARD,3340,KAAA-Directorate of Economic Growth and Neighbourhood Services
RBC Legal Entity,09/02/2022,4640585,269944,READING UK CIC,New Directions,1010.75,Miscellaneous Income,Third Party Supplier,STANDARD,3340,KAAA-Directorate of Economic Growth and Neighbourhood Services
RBC Legal Entity,09/02/2022,4640585,269944,READING UK CIC,New Directions,1010.75,Miscellaneous Income,Third Party Supplier,STANDARD,3340,KAAA-Directorate of Economic Growth and Neighbourhood Services
RBC Legal Entity,09/02/2022,4640585,269944,READING UK CIC,New Directions,1010.75,Miscellaneous Income,Third Party Supplier,STANDARD,3340,KAAA-Directorate of Economic Growth and Neighbourhood Services
RBC Legal Entity,09/02/2022,4640585,269944,READING UK CIC,New Directions,1010.75,Miscellaneous Income,Third Party Supplier,STANDARD,3340,KAAA-Directorate of Economic Growth and Neighbourhood Services
RBC Legal Entity,09/02/2022,4640585,269944,READING UK CIC,New Directions,1560,Miscellaneous Income,Third Party Supplier,STANDARD,3340,KAAA-Directorate of Economic Growth and Neighbourhood Services
RBC Legal Entity,09/02/2022,4640585,269944,READING UK CIC,New Directions,1560,Miscellaneous Income,Third Party Supplier,STANDARD,3340,KAAA-Directorate of Economic Growth and Neighbourhood Services
RBC Legal Entity,09/02/2022,4640585,269944,READING UK CIC,New Directions,1560,Miscellaneous Income,Third Party Supplier,STANDARD,3340,KAAA-Directorate of Economic Growth and Neighbourhood Services
RBC Legal Entity,09/02/2022,4640585,269944,READING UK CIC,New Directions,1560,Miscellaneous Income,Third Party Supplier,STANDARD,3340,KAAA-Directorate of Economic Growth and Neighbourhood Services
RBC Legal Entity,09/02/2022,4640585,269944,READING UK CIC,New Directions,1560,Miscellaneous Income,Third Party Supplier,STANDARD,3340,KAAA-Directorate of Economic Growth and Neighbourhood Services
RBC Legal Entity,09/02/2022,4640585,269944,READING UK CIC,New Directions,1560,Miscellaneous Income,Third Party Supplier,STANDARD,3340,KAAA-Directorate of Economic Growth and Neighbourhood Services
RBC Legal Entity,09/02/2022,4640585,269944,READING UK CIC,New Directions,1560,Miscellaneous Income,Third Party Supplier,STANDARD,3340,KAAA-Directorate of Economic Growth and Neighbourhood Services
RBC Legal Entity,09/02/2022,4648821,269944,READING UK CIC,New Directions,-4592.25,Miscellaneous Income,Third Party Supplier,CREDIT,3340,KAAA-Directorate of Economic Growth and Neighbourhood Services
RBC Legal Entity,09/02/2022,4648821,269944,READING UK CIC,New Directions,-4592.25,Miscellaneous Income,Third Party Supplier,CREDIT,3340,KAAA-Directorate of Economic Growth and Neighbourhood Services
RBC Legal Entity,09/02/2022,4648821,269944,READING UK CIC,New Directions,-3824.64,Miscellaneous Income,Third Party Supplier,CREDIT,3340,KAAA-Directorate of Economic Growth and Neighbourhood Services
RBC Legal Entity,09/02/2022,4648821,269944,READING UK CIC,New Directions,-3709.17,Miscellaneous Income,Third Party Supplier,CREDIT,3340,KAAA-Directorate of Economic Growth and Neighbourhood Services
RBC Legal Entity,09/02/2022,4648821,269944,READING UK CIC,New Directions,-3581.5,Miscellaneous Income,Third Party Supplier,CREDIT,3340,KAAA-Directorate of Economic Growth and Neighbourhood Services
RBC Legal Entity,09/02/2022,4648821,269944,READING UK CIC,New Directions,-3581.5,Miscellaneous Income,Third Party Supplier,CREDIT,3340,KAAA-Directorate of Economic Growth and Neighbourhood Services
RBC Legal Entity,09/02/2022,4648821,269944,READING UK CIC,New Directions,-3581.5,Miscellaneous Income,Third Party Supplier,CREDIT,3340,KAAA-Directorate of Economic Growth and Neighbourhood Services
RBC Legal Entity,09/02/2022,4648821,269944,READING UK CIC,New Directions,-3581.5,Miscellaneous Income,Third Party Supplier,CREDIT,3340,KAAA-Directorate of Economic Growth and Neighbourhood Services
RBC Legal Entity,09/02/2022,4648821,269944,READING UK CIC,New Directions,-3092.25,Miscellaneous Income,Third Party Supplier,CREDIT,3340,KAAA-Directorate of Economic Growth and Neighbourhood Services
RBC Legal Entity,09/02/2022,4648821,269944,READING UK CIC,New Directions,-2925.56,Miscellaneous Income,Third Party Supplier,CREDIT,3340,KAAA-Directorate of Economic Growth and Neighbourhood Services
RBC Legal Entity,09/02/2022,4649060,269944,READING UK CIC,New Directions,2925.56,Miscellaneous Income,Third Party Supplier,STANDARD,3340,KAAA-Directorate of Economic Growth and Neighbourhood Services
RBC Legal Entity,09/02/2022,4649060,269944,READING UK CIC,New Directions,3092.25,Miscellaneous Income,Third Party Supplier,STANDARD,3340,KAAA-Directorate of Economic Growth and Neighbourhood Services
RBC Legal Entity,09/02/2022,4649060,269944,READING UK CIC,New Directions,3581.5,Miscellaneous Income,Third Party Supplier,STANDARD,3340,KAAA-Directorate of Economic Growth and Neighbourhood Services
RBC Legal Entity,09/02/2022,4649060,269944,READING UK CIC,New Directions,3581.5,Miscellaneous Income,Third Party Supplier,STANDARD,3340,KAAA-Directorate of Economic Growth and Neighbourhood Services
RBC Legal Entity,09/02/2022,4649060,269944,READING UK CIC,New Directions,3581.5,Miscellaneous Income,Third Party Supplier,STANDARD,3340,KAAA-Directorate of Economic Growth and Neighbourhood Services
RBC Legal Entity,09/02/2022,4649060,269944,READING UK CIC,New Directions,3709.17,Miscellaneous Income,Third Party Supplier,STANDARD,3340,KAAA-Directorate of Economic Growth and Neighbourhood Services
RBC Legal Entity,09/02/2022,4649060,269944,READING UK CIC,New Directions,3824.64,Miscellaneous Income,Third Party Supplier,STANDARD,3340,KAAA-Directorate of Economic Growth and Neighbourhood Services
RBC Legal Entity,09/02/2022,4649060,269944,READING UK CIC,New Directions,4592.25,Miscellaneous Income,Third Party Supplier,STANDARD,3340,KAAA-Directorate of Economic Growth and Neighbourhood Services
RBC Legal Entity,09/02/2022,4649060,269944,READING UK CIC,New Directions,4592.25,Miscellaneous Income,Third Party Supplier,STANDARD,3340,KAAA-Directorate of Economic Growth and Neighbourhood Services
RBC Legal Entity,09/02/2022,4642265,269945,MIRUS PROJECTS LIMITED,Sheltered Housing,280,Equipment Purchase & Repair,SUB-CONTRACTOR,STANDARD,5940,HAAA-Housing Revenue Account
RBC Legal Entity,09/02/2022,4642265,269945,MIRUS PROJECTS LIMITED,Sheltered Housing,409,Equipment Purchase & Repair,SUB-CONTRACTOR,STANDARD,5940,HAAA-Housing Revenue Account
RBC Legal Entity,09/02/2022,4649310,269946,ADDICTION RECOVERY CENTRES LTD,Public Health Team Costs,2095,Purchased Care,Third Party Supplier,STANDARD,2065,JAAA-Directorate of Social Care and Health Services
RBC Legal Entity,09/02/2022,4643235,269948,CREATIVE SUPPORT LTD,LD Community Services,3210.7,Purchased Care,Third Party Supplier,STANDARD,5741,JAAA-Directorate of Social Care and Health Services
RBC Legal Entity,09/02/2022,4643236,269948,CREATIVE SUPPORT LTD,LD Community Services,3475.5,Purchased Care,Third Party Supplier,STANDARD,5741,JAAA-Directorate of Social Care and Health Services
RBC Legal Entity,09/02/2022,4643237,269948,CREATIVE SUPPORT LTD,LD Community Services,2681.1,Purchased Care,Third Party Supplier,STANDARD,5741,JAAA-Directorate of Social Care and Health Services
RBC Legal Entity,09/02/2022,4649356,269948,CREATIVE SUPPORT LTD,ASC Operational Management Team,8793.77,TPP to Others,Third Party Supplier,STANDARD,5309,JAAA-Directorate of Social Care and Health Services
RBC Legal Entity,09/02/2022,4628111,269949,EXHIBITION DISPLAY SOLUTIONS LTD,Town Hall - Museum,2442,Display/Museum Exhibits,SUPPLIER,STANDARD,1255,KAAA-Directorate of Economic Growth and Neighbourhood Services
RBC Legal Entity,09/02/2022,4649350,269951,CAREMARK (WEST BERKSHIRE & READING),ASC Operational Management Team,3004.91,TPP to Others,Third Party Supplier,STANDARD,5309,JAAA-Directorate of Social Care and Health Services
RBC Legal Entity,09/02/2022,4649318,269952,LIFE CARE CORPORATION LIMITED,ASC Operational Management Team,5079.7,TPP to Others,SUPPLIER,STANDARD,5309,JAAA-Directorate of Social Care and Health Services
RBC Legal Entity,09/02/2022,4649336,269952,LIFE CARE CORPORATION LIMITED,ASC Operational Management Team,3372.21,TPP to Others,SUPPLIER,STANDARD,5309,JAAA-Directorate of Social Care and Health Services
RBC Legal Entity,09/02/2022,4649385,269953,SURECARE (READING & EAST BERKSHIRE),ASC Operational Management Team,1944.35,TPP to Others,Third Party Supplier,STANDARD,5309,JAAA-Directorate of Social Care and Health Services
RBC Legal Entity,09/02/2022,4642071,269954,FCC RECYCLING (UK) LTD,Refuse Collection,10342.59,Tipping Charge,SUPPLIER,STANDARD,4561,KAAA-Directorate of Economic Growth and Neighbourhood Services
RBC Legal Entity,09/02/2022,4642080,269954,FCC RECYCLING (UK) LTD,Grounds Maintenance,1864.78,Parks Tipping,SUPPLIER,STANDARD,1306,KAAA-Directorate of Economic Growth and Neighbourhood Services
RBC Legal Entity,09/02/2022,4649359,269956,ROYLE CARE LTD,ASC Operational Management Team,3181.67,TPP to Others,Third Party Supplier,STANDARD,5309,JAAA-Directorate of Social Care and Health Services
RBC Legal Entity,09/02/2022,4643397,269957,MEDACO,The Maples Resource Centre,606.28,Maintenance of Lifting Equipme,SUPPLIER,STANDARD,5162,JAAA-Directorate of Social Care and Health Services
RBC Legal Entity,09/02/2022,4649365,269958,TOTAL HEALTH SUPPORT & TRAINING SERVICES,ASC Operational Management Team,3446.81,TPP to Others,Third Party Supplier,STANDARD,5309,JAAA-Directorate of Social Care and Health Services
RBC Legal Entity,09/02/2022,4649047,269959,CLAIRE SHRIMPTON,JLT Disbursements,1200,Misc. Legal Expenses,SUPPLIER,STANDARD,2407,LAAA-Directorate of Resources
RBC Legal Entity,09/02/2022,4649366,269960,VJ CARERS LIMITED,ASC Operational Management Team,2430.44,TPP to Others,Third Party Supplier,STANDARD,5309,JAAA-Directorate of Social Care and Health Services
RBC Legal Entity,09/02/2022,4649284,269961,EXPERT IN MIND,JLT Disbursements,750.15,Misc. Legal Expenses,SUPPLIER,STANDARD,2407,LAAA-Directorate of Resources
RBC Legal Entity,09/02/2022,4649248,269962,ALPHA BIOLABS,JLT Disbursements,496,Misc. Legal Expenses,Third Party Supplier,STANDARD,2407,LAAA-Directorate of Resources
RBC Legal Entity,09/02/2022,4649381,269963,CHOICE LIMITED,ASC Operational Management Team,2631.96,TPP to Others,SUPPLIER,STANDARD,5309,JAAA-Directorate of Social Care and Health Services
RBC Legal Entity,09/02/2022,4649382,269963,CHOICE LIMITED,ASC Operational Management Team,3964.65,TPP to Others,SUPPLIER,STANDARD,5309,JAAA-Directorate of Social Care and Health Services
RBC Legal Entity,09/02/2022,4648870,269964,PROVIDE SESS LTD,Corporate FM - Community Buildings,11,Security Charges,Third Party Supplier,STANDARD,3739,KAAA-Directorate of Economic Growth and Neighbourhood Services
RBC Legal Entity,09/02/2022,4648870,269964,PROVIDE SESS LTD,Corporate FM - Community Buildings,11,Security Charges,Third Party Supplier,STANDARD,3739,KAAA-Directorate of Economic Growth and Neighbourhood Services
RBC Legal Entity,09/02/2022,4648870,269964,PROVIDE SESS LTD,Corporate FM - Community Buildings,12,Security Charges,Third Party Supplier,STANDARD,3739,KAAA-Directorate of Economic Growth and Neighbourhood Services
RBC Legal Entity,09/02/2022,4648870,269964,PROVIDE SESS LTD,Corporate FM - Community Buildings,12,Security Charges,Third Party Supplier,STANDARD,3739,KAAA-Directorate of Economic Growth and Neighbourhood Services
RBC Legal Entity,09/02/2022,4648870,269964,PROVIDE SESS LTD,Corporate FM - Community Buildings,30,Security Charges,Third Party Supplier,STANDARD,3739,KAAA-Directorate of Economic Growth and Neighbourhood Services
RBC Legal Entity,09/02/2022,4648870,269964,PROVIDE SESS LTD,Corporate FM - Community Buildings,44,Security Charges,Third Party Supplier,STANDARD,3739,KAAA-Directorate of Economic Growth and Neighbourhood Services
RBC Legal Entity,09/02/2022,4648870,269964,PROVIDE SESS LTD,Corporate FM - Community Buildings,48,Security Charges,Third Party Supplier,STANDARD,3739,KAAA-Directorate of Economic Growth and Neighbourhood Services
RBC Legal Entity,09/02/2022,4648870,269964,PROVIDE SESS LTD,Corporate FM - Community Buildings,55,Security Charges,Third Party Supplier,STANDARD,3739,KAAA-Directorate of Economic Growth and Neighbourhood Services
RBC Legal Entity,09/02/2022,4648870,269964,PROVIDE SESS LTD,Corporate FM - Community Buildings,60,Security Charges,Third Party Supplier,STANDARD,3739,KAAA-Directorate of Economic Growth and Neighbourhood Services
RBC Legal Entity,09/02/2022,4648870,269964,PROVIDE SESS LTD,LD Day Services,60,Security Charges,Third Party Supplier,STANDARD,5055,JAAA-Directorate of Social Care and Health Services
RBC Legal Entity,09/02/2022,4648870,269964,PROVIDE SESS LTD,Corporate FM - Community Buildings,60,Security Charges,Third Party Supplier,STANDARD,3739,KAAA-Directorate of Economic Growth and Neighbourhood Services
RBC Legal Entity,09/02/2022,4648870,269964,PROVIDE SESS LTD,Corporate FM - Community Buildings,88,Security Charges,Third Party Supplier,STANDARD,3739,KAAA-Directorate of Economic Growth and Neighbourhood Services
RBC Legal Entity,09/02/2022,4648870,269964,PROVIDE SESS LTD,Corporate FM - Community Buildings,90,Security Charges,Third Party Supplier,STANDARD,3739,KAAA-Directorate of Economic Growth and Neighbourhood Services
RBC Legal Entity,09/02/2022,4648870,269964,PROVIDE SESS LTD,Corporate FM - Community Buildings,120,Security Charges,Third Party Supplier,STANDARD,3739,KAAA-Directorate of Economic Growth and Neighbourhood Services
RBC Legal Entity,09/02/2022,4649158,269966,DOMESTIC APPLIANCE SPECIALISTS,DLO Day to Day Trades,979.17,Subcontractors Labour,SUPPLIER,STANDARD,4010,KAAA-Directorate of Economic Growth and Neighbourhood Services
RBC Legal Entity,09/02/2022,4649438,269966,DOMESTIC APPLIANCE SPECIALISTS,DLO Day to Day Trades,445.83,Subcontractors Labour,SUPPLIER,STANDARD,4010,KAAA-Directorate of Economic Growth and Neighbourhood Services
RBC Legal Entity,09/02/2022,4649312,269967,ASTON CARE LTD,ASC Operational Management Team,991.16,TPP to Others,SUPPLIER,STANDARD,5309,JAAA-Directorate of Social Care and Health Services
RBC Legal Entity,09/02/2022,4649330,269967,ASTON CARE LTD,ASC Operational Management Team,657.99,TPP to Others,SUPPLIER,STANDARD,5309,JAAA-Directorate of Social Care and Health Services
RBC Legal Entity,09/02/2022,4649363,269968,GARDINER'S HOMECARE LTD,ASC Operational Management Team,4065.46,TPP to Others,SUPPLIER,STANDARD,5309,JAAA-Directorate of Social Care and Health Services
RBC Legal Entity,09/02/2022,4644217,269969,CREAM DESIGN LTD,Town Hall - Museum,2500,Display/Museum Exhibits,SUPPLIER,STANDARD,1255,KAAA-Directorate of Economic Growth and Neighbourhood Services
RBC Legal Entity,09/02/2022,4649386,269970,TUVIDA,ASC Operational Management Team,618.66,TPP to Others,Third Party Supplier,STANDARD,5309,JAAA-Directorate of Social Care and Health Services
RBC Legal Entity,09/02/2022,4642057,269973,ELEANOR HOWARD,JLT Disbursements,3175,Misc. Legal Expenses,INDIVIDUAL,STANDARD,2407,LAAA-Directorate of Resources
RBC Legal Entity,09/02/2022,4649351,269974,MAKAI CARE LTD,ASC Operational Management Team,795.42,TPP to Others,SUPPLIER,STANDARD,5309,JAAA-Directorate of Social Care and Health Services
RBC Legal Entity,09/02/2022,4649368,269975,REHABILITY UK COMMUNITY LTD,ASC Operational Management Team,530.28,TPP to Others,Third Party Supplier,STANDARD,5309,JAAA-Directorate of Social Care and Health Services
RBC Legal Entity,09/02/2022,4649384,269976,KCARE NURSING AGENCY LTD,ASC Operational Management Team,1016.37,TPP to Others,Third Party Supplier,STANDARD,5309,JAAA-Directorate of Social Care and Health Services
RBC Legal Entity,09/02/2022,4649369,269978,SUPERB HEALTHCARE LTD,ASC Operational Management Team,1767.59,TPP to Others,Third Party Supplier,STANDARD,5309,JAAA-Directorate of Social Care and Health Services
RBC Legal Entity,09/02/2022,4646648,269979,HOUSING GENIE LIMITED,Rowe Court Fire,450,Rents,SUPPLIER,STANDARD,2299,KAAA-Directorate of Economic Growth and Neighbourhood Services
RBC Legal Entity,09/02/2022,4643696,269980,F M CONWAY LTD,Highways,744.2,Materials Direct,SUB-CONTRACTOR,STANDARD,4252,KAAA-Directorate of Economic Growth and Neighbourhood Services
RBC Legal Entity,09/02/2022,4649319,269981,MMCG (2) LIMITED,ASC Operational Management Team,16973.62,TPP to Others,Third Party Supplier,STANDARD,5309,JAAA-Directorate of Social Care and Health Services
RBC Legal Entity,09/02/2022,4649337,269981,MMCG (2) LIMITED,ASC Operational Management Team,11268.13,TPP to Others,Third Party Supplier,STANDARD,5309,JAAA-Directorate of Social Care and Health Services
RBC Legal Entity,09/02/2022,4649239,269984,TERBERG MATEC UK,Fleet Management,4887.78,Unfair Wear + Tear Costs,Third Party Supplier,STANDARD,4552,KAAA-Directorate of Economic Growth and Neighbourhood Services
RBC Legal Entity,09/02/2022,4649357,269987,I.V CARE LTD,ASC Operational Management Team,2518.82,TPP to Others,Third Party Supplier,STANDARD,5309,JAAA-Directorate of Social Care and Health Services
RBC Legal Entity,10/02/2022,4645498,269990,ORSIS (UK) LIMITED,Repairs,12220.8,Solar Panels,SUPPLIER,STANDARD,5970,HAAA-Housing Revenue Account
RBC Legal Entity,10/02/2022,4646474,269994,NEWBURY FORK LIFT TRUCK CENTRE LIMITED,DEGNS Management,1205,Training & Development Costs,Third Party Supplier,STANDARD,1500,KAAA-Directorate of Economic Growth and Neighbourhood Services
RBC Legal Entity,10/02/2022,4645472,269995,JOB FAIRS LTD,HR & Payroll,885,Recruitment & Interview Costs,Third Party Supplier,STANDARD,2600,LAAA-Directorate of Resources
RBC Legal Entity,10/02/2022,4649649,269997,MY HOMECARE (READING AND BRACKNELL) LTD,PS Acquired Community Services,2926,Purchased Care,Third Party Supplier,STANDARD,5771,JAAA-Directorate of Social Care and Health Services
RBC Legal Entity,10/02/2022,4649590,269998,BURDWOOD SURGERY,Berkshire West Public Health Hub,2591.5,NHS Trusts,Third Party Supplier,STANDARD,2002,JAAA-Directorate of Social Care and Health Services
RBC Legal Entity,10/02/2022,4649591,269998,BURDWOOD SURGERY,Berkshire West Public Health Hub,2025.5,NHS Trusts,Third Party Supplier,STANDARD,2002,JAAA-Directorate of Social Care and Health Services
RBC Legal Entity,10/02/2022,4649594,269999,EW BEARD LIMITED,HRA portfolio expansion,234934.35,External Fees  Misc.,SUB-CONTRACTOR,STANDARD,8518,ZZZC-Capital
RBC Legal Entity,10/02/2022,4643460,270000,GREGORY PSYCHOLOGICAL SERVICES LTD,JLT Disbursements,8902.65,Misc. Legal Expenses,SUPPLIER,STANDARD,2407,LAAA-Directorate of Resources
RBC Legal Entity,10/02/2022,4649502,270002,DR DAVID VON BRANDT,JLT Disbursements,819,Misc. Legal Expenses,SUPPLIER,STANDARD,2407,LAAA-Directorate of Resources
RBC Legal Entity,10/02/2022,4649883,270003,CSN CARE GROUP LTD T/A CAREWATCH,PS Acquired Community Services,1018.89,Purchased Care,Third Party Supplier,STANDARD,5771,JAAA-Directorate of Social Care and Health Services
RBC Legal Entity,10/02/2022,4649891,270003,CSN CARE GROUP LTD T/A CAREWATCH,M&C Acquired Community Services,513,Purchased Care,Third Party Supplier,STANDARD,5751,JAAA-Directorate of Social Care and Health Services
RBC Legal Entity,10/02/2022,4649892,270003,CSN CARE GROUP LTD T/A CAREWATCH,M&C Acquired Community Services,532,Purchased Care,Third Party Supplier,STANDARD,5751,JAAA-Directorate of Social Care and Health Services
RBC Legal Entity,10/02/2022,4649896,270003,CSN CARE GROUP LTD T/A CAREWATCH,PS Acquired Community Services,2394,Purchased Care,Third Party Supplier,STANDARD,5771,JAAA-Directorate of Social Care and Health Services
RBC Legal Entity,10/02/2022,4649897,270003,CSN CARE GROUP LTD T/A CAREWATCH,PS Acquired Community Services,2346.5,Purchased Care,Third Party Supplier,STANDARD,5771,JAAA-Directorate of Social Care and Health Services
RBC Legal Entity,10/02/2022,4649898,270003,CSN CARE GROUP LTD T/A CAREWATCH,PS Acquired Community Services,940.5,Purchased Care,Third Party Supplier,STANDARD,5771,JAAA-Directorate of Social Care and Health Services
RBC Legal Entity,10/02/2022,4649906,270003,CSN CARE GROUP LTD T/A CAREWATCH,PS Acquired Community Services,817,Purchased Care,Third Party Supplier,STANDARD,5771,JAAA-Directorate of Social Care and Health Services
RBC Legal Entity,10/02/2022,4649909,270003,CSN CARE GROUP LTD T/A CAREWATCH,LD Community Services,546.25,Purchased Care,Third Party Supplier,STANDARD,5741,JAAA-Directorate of Social Care and Health Services
RBC Legal Entity,10/02/2022,4649919,270003,CSN CARE GROUP LTD T/A CAREWATCH,PS Acquired Community Services,798,Purchased Care,Third Party Supplier,STANDARD,5771,JAAA-Directorate of Social Care and Health Services
RBC Legal Entity,10/02/2022,4649920,270003,CSN CARE GROUP LTD T/A CAREWATCH,PS Acquired Community Services,611.16,Purchased Care,Third Party Supplier,STANDARD,5771,JAAA-Directorate of Social Care and Health Services
RBC Legal Entity,10/02/2022,4649921,270003,CSN CARE GROUP LTD T/A CAREWATCH,PS Acquired Community Services,1125.09,Purchased Care,Third Party Supplier,STANDARD,5771,JAAA-Directorate of Social Care and Health Services
RBC Legal Entity,10/02/2022,4649802,270006,ABINGTON VIEW,M&C Acquired Community Services,4368,Purchased Care,Third Party Supplier,STANDARD,5751,JAAA-Directorate of Social Care and Health Services
RBC Legal Entity,10/02/2022,4642245,270009,PROSIS LTD,Traffic,3323.14,TPP  Contract,Third Party Supplier,STANDARD,4703,KAAA-Directorate of Economic Growth and Neighbourhood Services
RBC Legal Entity,10/02/2022,4642273,270009,PROSIS LTD,Bus Lane Enforcement,845,Contractors,Third Party Supplier,STANDARD,8842,ZZZC-Capital
RBC Legal Entity,10/02/2022,4649524,270010,NORTH PB LTD,Plaza West,3467.06,Contractors,Third Party Supplier,STANDARD,8626,ZZZC-Capital
RBC Legal Entity,10/02/2022,4650075,270011,OFR CONSULTANTS LTD,MRA Account,2737.5,Fire Protection,Third Party Supplier,STANDARD,5975,HAAA-Housing Revenue Account
RBC Legal Entity,10/02/2022,4642246,270013,AIR PATHOLOGY LTD,Coroner,1107.6,Medical Fees,INDIVIDUAL,STANDARD,4605,KAAA-Directorate of Economic Growth and Neighbourhood Services
RBC Legal Entity,10/02/2022,4650096,270014,MATES RATES COMEDY LTD,South Street Operations,-2277,Ticket SalesPerformances,Third Party Supplier,CREDIT,1220,KAAA-Directorate of Economic Growth and Neighbourhood Services
RBC Legal Entity,10/02/2022,4650096,270014,MATES RATES COMEDY LTD,South Street Operations,-400,Hire of Function Rooms,Third Party Supplier,CREDIT,1220,KAAA-Directorate of Economic Growth and Neighbourhood Services
RBC Legal Entity,10/02/2022,4650096,270014,MATES RATES COMEDY LTD,South Street Operations,-248,Administration Charges,Third Party Supplier,CREDIT,1220,KAAA-Directorate of Economic Growth and Neighbourhood Services
RBC Legal Entity,10/02/2022,4650096,270014,MATES RATES COMEDY LTD,South Street Operations,-37.95,Royalties,Third Party Supplier,CREDIT,1220,KAAA-Directorate of Economic Growth and Neighbourhood Services
RBC Legal Entity,10/02/2022,4650096,270014,MATES RATES COMEDY LTD,South Street Operations,525.54,Professional Fees,Third Party Supplier,STANDARD,1220,KAAA-Directorate of Economic Growth and Neighbourhood Services
RBC Legal Entity,10/02/2022,4650096,270014,MATES RATES COMEDY LTD,South Street Operations,1751.46,Professional Fees,Third Party Supplier,STANDARD,1220,KAAA-Directorate of Economic Growth and Neighbourhood Services
RBC Legal Entity,10/02/2022,4650096,270014,MATES RATES COMEDY LTD,Hexagon Performances,2525,Ticket SalesPerformances,Third Party Supplier,STANDARD,1202,KAAA-Directorate of Economic Growth and Neighbourhood Services
RBC Legal Entity,10/02/2022,4620735,270019,WEST BERKSHIRE COUNCIL,Civil Engineering,4080.37,Winter Maintenance,GOVERNMENT,STANDARD,4550,KAAA-Directorate of Economic Growth and Neighbourhood Services
RBC Legal Entity,10/02/2022,4620737,270019,WEST BERKSHIRE COUNCIL,Civil Engineering,7810,Winter Maintenance,GOVERNMENT,STANDARD,4550,KAAA-Directorate of Economic Growth and Neighbourhood Services
RBC Legal Entity,10/02/2022,4649583,270020,THE HILL PRIMARY SCHOOL,School Grants Holding Account,8820,School Transfer Payment,SUPPLIER,STANDARD,3295,NAAA-Former Directorate of Education and Childrens Services
RBC Legal Entity,10/02/2022,4642229,270021,GEORGE LINES LTD,Highways,319.9,Materials Direct,Third Party Supplier,STANDARD,4252,KAAA-Directorate of Economic Growth and Neighbourhood Services
RBC Legal Entity,10/02/2022,4642229,270021,GEORGE LINES LTD,Highways,354.6,Materials Direct,Third Party Supplier,STANDARD,4252,KAAA-Directorate of Economic Growth and Neighbourhood Services
RBC Legal Entity,10/02/2022,4649587,270025,ASKEWS & HOLTS LIBRARY SERVICES LTD,General Reference,45.5,Reference SO,SUPPLIER,STANDARD,1454,KAAA-Directorate of Economic Growth and Neighbourhood Services
RBC Legal Entity,10/02/2022,4649587,270025,ASKEWS & HOLTS LIBRARY SERVICES LTD,General Reference,264.2,Adult Non Fiction Books,SUPPLIER,STANDARD,1454,KAAA-Directorate of Economic Growth and Neighbourhood Services
RBC Legal Entity,10/02/2022,4649587,270025,ASKEWS & HOLTS LIBRARY SERVICES LTD,General Reference,305.76,Childrens Stock,SUPPLIER,STANDARD,1454,KAAA-Directorate of Economic Growth and Neighbourhood Services
RBC Legal Entity,10/02/2022,4649587,270025,ASKEWS & HOLTS LIBRARY SERVICES LTD,General Reference,383.37,Adult Fiction Books,SUPPLIER,STANDARD,1454,KAAA-Directorate of Economic Growth and Neighbourhood Services
RBC Legal Entity,10/02/2022,4638399,270027,ST PHOTOS LTD,HR & Payroll,1600,Photography,SUPPLIER,STANDARD,2600,LAAA-Directorate of Resources
RBC Legal Entity,10/02/2022,4646527,270028,ENERVEO LTD,Invest to Save Street lighting,815.98,Contractors,SUB-CONTRACTOR,STANDARD,8882,ZZZC-Capital
RBC Legal Entity,10/02/2022,4649556,270030,BLESSED HUGH FARINGDON RC SCHOOL,School Grants Holding Account,37006.25,School Transfer Payment,GOVERNMENT,STANDARD,3295,NAAA-Former Directorate of Education and Childrens Services
RBC Legal Entity,10/02/2022,4641974,270034,READING TRANSPORT LTD,Strategic Transport & Concessionary Fares,8907.84,Payments for Bus Services,Third Party Supplier,STANDARD,4726,KAAA-Directorate of Economic Growth and Neighbourhood Services
RBC Legal Entity,10/02/2022,4564555,270035,RIDGE & PARTNERS,MRA Account,1200,Mains Services & Plumbing,SUPPLIER,STANDARD,5975,HAAA-Housing Revenue Account
RBC Legal Entity,10/02/2022,4649566,270038,ALFRED SUTTON PRIMARY SCHOOL,School Grants Holding Account,34875,School Transfer Payment,SUPPLIER,STANDARD,3295,NAAA-Former Directorate of Education and Childrens Services
RBC Legal Entity,10/02/2022,4649567,270039,ALL SAINTS CE INFANTS,School Grants Holding Account,1508.75,School Transfer Payment,GOVERNMENT,STANDARD,3295,NAAA-Former Directorate of Education and Childrens Services
RBC Legal Entity,10/02/2022,4649557,270040,CAVERSHAM PARK PRIMARY,School Grants Holding Account,6052.5,School Transfer Payment,SUPPLIER,STANDARD,3295,NAAA-Former Directorate of Education and Childrens Services
RBC Legal Entity,10/02/2022,4649558,270041,CAVERSHAM PRIMARY,School Grants Holding Account,7638.75,School Transfer Payment,SUPPLIER,STANDARD,3295,NAAA-Former Directorate of Education and Childrens Services
RBC Legal Entity,10/02/2022,4649559,270042,CHRIST THE KING RC PRIMARY,School Grants Holding Account,27236.25,School Transfer Payment,Third Party Supplier,STANDARD,3295,NAAA-Former Directorate of Education and Childrens Services
RBC Legal Entity,10/02/2022,4649560,270043,COLEY PRIMARY,School Grants Holding Account,20252.5,School Transfer Payment,SUPPLIER,STANDARD,3295,NAAA-Former Directorate of Education and Childrens Services
RBC Legal Entity,10/02/2022,4649568,270044,E P COLLIER PRIMARY,School Grants Holding Account,24115,School Transfer Payment,Third Party Supplier,STANDARD,3295,NAAA-Former Directorate of Education and Childrens Services
RBC Legal Entity,10/02/2022,4649569,270045,EMMER GREEN PRIMARY,School Grants Holding Account,9156.25,School Transfer Payment,SUPPLIER,STANDARD,3295,NAAA-Former Directorate of Education and Childrens Services
RBC Legal Entity,10/02/2022,4649570,270046,ENGLISH MARTYRS RC PRIMARY,School Grants Holding Account,20321.25,School Transfer Payment,SUPPLIER,STANDARD,3295,NAAA-Former Directorate of Education and Childrens Services
RBC Legal Entity,10/02/2022,4649571,270047,GEOFFREY FIELD INFANT SCHOOL,School Grants Holding Account,27563.75,School Transfer Payment,SUPPLIER,STANDARD,3295,NAAA-Former Directorate of Education and Childrens Services
RBC Legal Entity,10/02/2022,4649572,270048,GEOFFREY FIELD JUNIOR,School Grants Holding Account,46643.75,School Transfer Payment,SUPPLIER,STANDARD,3295,NAAA-Former Directorate of Education and Childrens Services
RBC Legal Entity,10/02/2022,4649573,270049,KATESGROVE PRIMARY,School Grants Holding Account,31521.25,School Transfer Payment,SUPPLIER,STANDARD,3295,NAAA-Former Directorate of Education and Childrens Services
RBC Legal Entity,10/02/2022,4649574,270050,MANOR PRIMARY,School Grants Holding Account,38496.25,School Transfer Payment,SUPPLIER,STANDARD,3295,NAAA-Former Directorate of Education and Childrens Services
RBC Legal Entity,10/02/2022,4649575,270051,MICKLANDS PRIMARY,School Grants Holding Account,28822.5,School Transfer Payment,SUPPLIER,STANDARD,3295,NAAA-Former Directorate of Education and Childrens Services
RBC Legal Entity,10/02/2022,4649576,270052,MOORLANDS PRIMARY,School Grants Holding Account,56231.25,School Transfer Payment,SUPPLIER,STANDARD,3295,NAAA-Former Directorate of Education and Childrens Services
RBC Legal Entity,10/02/2022,4649577,270053,OXFORD ROAD PRIMARY,School Grants Holding Account,17312.5,School Transfer Payment,SUPPLIER,STANDARD,3295,NAAA-Former Directorate of Education and Childrens Services
RBC Legal Entity,10/02/2022,4649578,270054,PARK LANE PRIMARY,School Grants Holding Account,33185,School Transfer Payment,SUPPLIER,STANDARD,3295,NAAA-Former Directorate of Education and Childrens Services
RBC Legal Entity,10/02/2022,4649579,270055,REDLANDS PRIMARY,School Grants Holding Account,13018.75,School Transfer Payment,SUPPLIER,STANDARD,3295,NAAA-Former Directorate of Education and Childrens Services
RBC Legal Entity,10/02/2022,4649584,270056,THE RIDGEWAY PRIMARY,School Grants Holding Account,49506.25,School Transfer Payment,SUPPLIER,STANDARD,3295,NAAA-Former Directorate of Education and Childrens Services
RBC Legal Entity,10/02/2022,4649580,270057,SOUTHCOTE PRIMARY,School Grants Holding Account,26900,School Transfer Payment,SUPPLIER,STANDARD,3295,NAAA-Former Directorate of Education and Childrens Services
RBC Legal Entity,10/02/2022,4649561,270058,ST ANNES RC PRIMARY,School Grants Holding Account,10251.25,School Transfer Payment,SUPPLIER,STANDARD,3295,NAAA-Former Directorate of Education and Childrens Services
RBC Legal Entity,10/02/2022,4649562,270059,ST MARTINS RC PRIMARY,School Grants Holding Account,2690,School Transfer Payment,GOVERNMENT,STANDARD,3295,NAAA-Former Directorate of Education and Childrens Services
RBC Legal Entity,10/02/2022,4649581,270060,ST MICHAELS PRIMARY,School Grants Holding Account,42263.75,School Transfer Payment,SUPPLIER,STANDARD,3295,NAAA-Former Directorate of Education and Childrens Services
RBC Legal Entity,10/02/2022,4649582,270061,THAMESIDE PRIMARY SCHOOL,School Grants Holding Account,29926.25,School Transfer Payment,SUPPLIER,STANDARD,3295,NAAA-Former Directorate of Education and Childrens Services
RBC Legal Entity,10/02/2022,4649563,270062,WILSON PRIMARY,School Grants Holding Account,25882.5,School Transfer Payment,SUPPLIER,STANDARD,3295,NAAA-Former Directorate of Education and Childrens Services
RBC Legal Entity,10/02/2022,4649564,270063,THE HOLY BROOK SCHOOL,School Grants Holding Account,6975,School Transfer Payment,SUPPLIER,STANDARD,3295,NAAA-Former Directorate of Education and Childrens Services
RBC Legal Entity,10/02/2022,4643272,270064,A2 DOMINION GROUP,PS Acquired Community Services,845.51,Purchased Care,Third Party Supplier,STANDARD,5771,JAAA-Directorate of Social Care and Health Services
RBC Legal Entity,10/02/2022,4643273,270064,A2 DOMINION GROUP,M&C Acquired Community Services,832.72,Purchased Care,Third Party Supplier,STANDARD,5751,JAAA-Directorate of Social Care and Health Services
RBC Legal Entity,10/02/2022,4643274,270064,A2 DOMINION GROUP,PS Acquired Community Services,714,Purchased Care,Third Party Supplier,STANDARD,5771,JAAA-Directorate of Social Care and Health Services
RBC Legal Entity,10/02/2022,4643275,270064,A2 DOMINION GROUP,PS Acquired Community Services,1147.28,Purchased Care,Third Party Supplier,STANDARD,5771,JAAA-Directorate of Social Care and Health Services
RBC Legal Entity,10/02/2022,4643277,270064,A2 DOMINION GROUP,M&C Acquired Community Services,951.72,Purchased Care,Third Party Supplier,STANDARD,5751,JAAA-Directorate of Social Care and Health Services
RBC Legal Entity,10/02/2022,4643804,270064,A2 DOMINION GROUP,PS Acquired Community Services,2527,Purchased Care,Third Party Supplier,STANDARD,5771,JAAA-Directorate of Social Care and Health Services
RBC Legal Entity,10/02/2022,4643809,270064,A2 DOMINION GROUP,Mental Health Community Services,1220.75,Purchased Care,Third Party Supplier,STANDARD,5731,JAAA-Directorate of Social Care and Health Services
RBC Legal Entity,10/02/2022,4650086,270065,LIVE NATION MUSIC (UK) LTD,Town Hall - Concert Hall Events,-5920,Ticket SalesPerformances,Third Party Supplier,CREDIT,1213,KAAA-Directorate of Economic Growth and Neighbourhood Services
RBC Legal Entity,10/02/2022,4650086,270065,LIVE NATION MUSIC (UK) LTD,Town Hall - Concert Hall Events,-3400,Hire of Function Rooms,Third Party Supplier,CREDIT,1213,KAAA-Directorate of Economic Growth and Neighbourhood Services
RBC Legal Entity,10/02/2022,4650086,270065,LIVE NATION MUSIC (UK) LTD,Hexagon Operations,-632,Administration Charges,Third Party Supplier,CREDIT,1200,KAAA-Directorate of Economic Growth and Neighbourhood Services
RBC Legal Entity,10/02/2022,4650086,270065,LIVE NATION MUSIC (UK) LTD,Town Hall - Concert Hall Events,1840,Professional Fees,Third Party Supplier,STANDARD,1213,KAAA-Directorate of Economic Growth and Neighbourhood Services
RBC Legal Entity,10/02/2022,4650086,270065,LIVE NATION MUSIC (UK) LTD,Town Hall - Concert Hall Events,4080,Professional Fees,Third Party Supplier,STANDARD,1213,KAAA-Directorate of Economic Growth and Neighbourhood Services
RBC Legal Entity,10/02/2022,4650086,270065,LIVE NATION MUSIC (UK) LTD,Hexagon Performances,6552,Ticket SalesPerformances,Third Party Supplier,STANDARD,1202,KAAA-Directorate of Economic Growth and Neighbourhood Services
RBC Legal Entity,10/02/2022,4643373,270068,DSI BILLING SERVICES LTD,Council Tax & Business Rates,960.01,Postage Carriage Stamp Duty,SUPPLIER,STANDARD,2250,LAAA-Directorate of Resources
RBC Legal Entity,10/02/2022,4648858,270069,HOUSEMARK  LTD,Tenant Participation,7591,Photography,SUPPLIER,STANDARD,5965,HAAA-Housing Revenue Account
RBC Legal Entity,10/02/2022,4642084,270070,LAMBERT SMITH HAMPTON,Capital Receipts,20100.4,External Fees  Misc.,SUPPLIER,STANDARD,8910,ZZZC-Capital
RBC Legal Entity,10/02/2022,4649512,270071,BEN BANKS,Corporate FM - Office Buildings,1940,Equipment Purchase & Repair,Third Party Supplier,STANDARD,3738,KAAA-Directorate of Economic Growth and Neighbourhood Services
RBC Legal Entity,10/02/2022,4642258,270073,MR EDWARD KIRKWOOD,JLT Disbursements,765,Misc. Legal Expenses,Third Party Supplier,STANDARD,2407,LAAA-Directorate of Resources
RBC Legal Entity,10/02/2022,4643279,270073,MR EDWARD KIRKWOOD,JLT Disbursements,2085,Misc. Legal Expenses,Third Party Supplier,STANDARD,2407,LAAA-Directorate of Resources
RBC Legal Entity,10/02/2022,4643568,270076,IMPERIAL COLLEGE PROJECTS LTD,Coroner,635,Medical Fees,SUPPLIER,STANDARD,4605,KAAA-Directorate of Economic Growth and Neighbourhood Services
RBC Legal Entity,10/02/2022,4643569,270076,IMPERIAL COLLEGE PROJECTS LTD,Coroner,820,Medical Fees,SUPPLIER,STANDARD,4605,KAAA-Directorate of Economic Growth and Neighbourhood Services
RBC Legal Entity,10/02/2022,4643570,270076,IMPERIAL COLLEGE PROJECTS LTD,Coroner,560,Medical Fees,SUPPLIER,STANDARD,4605,KAAA-Directorate of Economic Growth and Neighbourhood Services
RBC Legal Entity,10/02/2022,4643573,270076,IMPERIAL COLLEGE PROJECTS LTD,Coroner,535,Medical Fees,SUPPLIER,STANDARD,4605,KAAA-Directorate of Economic Growth and Neighbourhood Services
RBC Legal Entity,10/02/2022,4648996,270077,CROWN LODGE GUEST HOUSE,Bed and Breakfast,665,Rents,Third Party Supplier,STANDARD,5871,KAAA-Directorate of Economic Growth and Neighbourhood Services
RBC Legal Entity,10/02/2022,4649585,270078,WHITLEY PARK SCHOOL,School Grants Holding Account,66732.5,School Transfer Payment,SUPPLIER,STANDARD,3295,NAAA-Former Directorate of Education and Childrens Services
RBC Legal Entity,10/02/2022,4649770,270080,TOTAL HEALTH SUPPORT & TRAINING SERVICES,Sensory Support Community Services,631.75,Purchased Care,Third Party Supplier,STANDARD,5711,JAAA-Directorate of Social Care and Health Services
RBC Legal Entity,10/02/2022,4649164,270081,GALLAGHER BASSETT INTERNATIONAL LTD,Core Insurance Programme from 01.04.2015,360,Expenditure,Third Party Supplier,STANDARD,9805,ZZZB-Balance Sheet
RBC Legal Entity,10/02/2022,4649164,270081,GALLAGHER BASSETT INTERNATIONAL LTD,Core Insurance Programme from 01.04.2015,362.5,Expenditure,Third Party Supplier,STANDARD,9805,ZZZB-Balance Sheet
RBC Legal Entity,10/02/2022,4649164,270081,GALLAGHER BASSETT INTERNATIONAL LTD,Core Insurance Programme from 01.04.2015,687.5,Expenditure,Third Party Supplier,STANDARD,9805,ZZZB-Balance Sheet
RBC Legal Entity,10/02/2022,4649164,270081,GALLAGHER BASSETT INTERNATIONAL LTD,Core Insurance Programme from 01.04.2015,1110,Expenditure,Third Party Supplier,STANDARD,9805,ZZZB-Balance Sheet
RBC Legal Entity,10/02/2022,4649164,270081,GALLAGHER BASSETT INTERNATIONAL LTD,Core Insurance Programme from 01.04.2015,1329,Expenditure,Third Party Supplier,STANDARD,9805,ZZZB-Balance Sheet
RBC Legal Entity,10/02/2022,4649164,270081,GALLAGHER BASSETT INTERNATIONAL LTD,Core Insurance Programme from 01.04.2015,1937.5,Expenditure,Third Party Supplier,STANDARD,9805,ZZZB-Balance Sheet
RBC Legal Entity,11/02/2022,4648921,270089,FELTHAM CONSTRUCTION LTD,HRA portfolio expansion,7399.42,External Fees  Misc.,SUB-CONTRACTOR,STANDARD,8518,ZZZC-Capital
RBC Legal Entity,11/02/2022,4648921,270089,FELTHAM CONSTRUCTION LTD,HRA portfolio expansion,74816.35,External Fees  Misc.,SUB-CONTRACTOR,STANDARD,8518,ZZZC-Capital
RBC Legal Entity,11/02/2022,4649161,270090,MORRIS & BLUNT,Plaza West,980.66,Contractors,SUB-CONTRACTOR,STANDARD,8626,ZZZC-Capital
RBC Legal Entity,11/02/2022,4648759,270092,HOBART UK,Corporate Maintenance Services,608.12,TPP  Contract,SUPPLIER,STANDARD,4080,KAAA-Directorate of Economic Growth and Neighbourhood Services
RBC Legal Entity,11/02/2022,4648830,270092,HOBART UK,Corporate Maintenance Services,-608.12,TPP  Contract,SUPPLIER,CREDIT,4080,KAAA-Directorate of Economic Growth and Neighbourhood Services
RBC Legal Entity,11/02/2022,4650114,270094,ASKEWS & HOLTS LIBRARY SERVICES LTD,General Reference,38.13,Reference SO,SUPPLIER,STANDARD,1454,KAAA-Directorate of Economic Growth and Neighbourhood Services
RBC Legal Entity,11/02/2022,4650114,270094,ASKEWS & HOLTS LIBRARY SERVICES LTD,General Reference,149.38,Adult Fiction Books,SUPPLIER,STANDARD,1454,KAAA-Directorate of Economic Growth and Neighbourhood Services
RBC Legal Entity,11/02/2022,4650114,270094,ASKEWS & HOLTS LIBRARY SERVICES LTD,General Reference,164.2,Adult Non Fiction Books,SUPPLIER,STANDARD,1454,KAAA-Directorate of Economic Growth and Neighbourhood Services
RBC Legal Entity,11/02/2022,4650114,270094,ASKEWS & HOLTS LIBRARY SERVICES LTD,General Reference,230.5,Childrens Stock,SUPPLIER,STANDARD,1454,KAAA-Directorate of Economic Growth and Neighbourhood Services
RBC Legal Entity,11/02/2022,4642223,270095,ENERVEO LTD,Civil Engineering,2158.67,Street Lighting,SUB-CONTRACTOR,STANDARD,4550,KAAA-Directorate of Economic Growth and Neighbourhood Services
RBC Legal Entity,11/02/2022,4546921,270098,BLESSED HUGH FARINGDON RC SCHOOL,Primary School Delegated Budget (DSG),375450.55,School Transfer Payment,GOVERNMENT,STANDARD,3140,NAAA-Former Directorate of Education and Childrens Services
RBC Legal Entity,11/02/2022,4546922,270098,BLESSED HUGH FARINGDON RC SCHOOL,Primary School Delegated Budget (DSG),-795.2,School Transfer Payment,GOVERNMENT,CREDIT,3140,NAAA-Former Directorate of Education and Childrens Services
RBC Legal Entity,11/02/2022,4646754,270099,WINNERSH PLANT HIRE LTD,Highways,57.57,Hire of Plant,SUPPLIER,STANDARD,4252,KAAA-Directorate of Economic Growth and Neighbourhood Services
RBC Legal Entity,11/02/2022,4646754,270099,WINNERSH PLANT HIRE LTD,Highways,554,Hire of Plant,SUPPLIER,STANDARD,4252,KAAA-Directorate of Economic Growth and Neighbourhood Services
RBC Legal Entity,11/02/2022,4642754,270102,FABRIKAT(NOTTINGHAM)LTD,Highways,70,Materials Direct,SUPPLIER,STANDARD,4252,KAAA-Directorate of Economic Growth and Neighbourhood Services
RBC Legal Entity,11/02/2022,4642754,270102,FABRIKAT(NOTTINGHAM)LTD,Highways,612,Materials Direct,SUPPLIER,STANDARD,4252,KAAA-Directorate of Economic Growth and Neighbourhood Services
RBC Legal Entity,11/02/2022,4643619,270104,TW FLOORING,Hexagon Operations,2370,EquiptMaintenanceContract,SUB-CONTRACTOR,STANDARD,1200,KAAA-Directorate of Economic Growth and Neighbourhood Services
RBC Legal Entity,11/02/2022,4646483,270107,EVERYCARE READING,Charles Clore Court,830.98,Agency Staff,SUPPLIER,STANDARD,5157,JAAA-Directorate of Social Care and Health Services
RBC Legal Entity,11/02/2022,4647983,270107,EVERYCARE READING,Charles Clore Court,875.88,Agency Staff,SUPPLIER,STANDARD,5157,JAAA-Directorate of Social Care and Health Services
RBC Legal Entity,11/02/2022,4648723,270108,MISS SARA GRANSHAW,JLT Disbursements,675,Misc. Legal Expenses,SUPPLIER,STANDARD,2407,LAAA-Directorate of Resources
RBC Legal Entity,11/02/2022,4650230,270110,NEIL CURTIS FUNERAL CONTRACTOR,Grounds Maintenance,1995,TPP to Others,SUPPLIER,STANDARD,1306,KAAA-Directorate of Economic Growth and Neighbourhood Services
RBC Legal Entity,11/02/2022,4650232,270110,NEIL CURTIS FUNERAL CONTRACTOR,Grounds Maintenance,855,TPP to Others,SUPPLIER,STANDARD,1306,KAAA-Directorate of Economic Growth and Neighbourhood Services
RBC Legal Entity,11/02/2022,4546994,270111,MAIDEN ERLEGH TRUST ,Primary School Delegated Budget (DSG),14666,School Transfer Payment,Third Party Supplier,STANDARD,3140,NAAA-Former Directorate of Education and Childrens Services
RBC Legal Entity,11/02/2022,4643905,270112,SMS ENVIRONMENTAL LTD,Repairs,1256.5,Asbestos,SUB-CONTRACTOR,STANDARD,5970,HAAA-Housing Revenue Account
RBC Legal Entity,11/02/2022,4643906,270112,SMS ENVIRONMENTAL LTD,Corporate Offices,3027,Plant,SUB-CONTRACTOR,STANDARD,8602,ZZZC-Capital
RBC Legal Entity,11/02/2022,4643908,270112,SMS ENVIRONMENTAL LTD,Corporate Maintenance Services,3521,Precepts,SUB-CONTRACTOR,STANDARD,4080,KAAA-Directorate of Economic Growth and Neighbourhood Services
RBC Legal Entity,11/02/2022,4650201,270114,SANSOME & GEORGE (BERKSHIRE) LIMITED,Housing Advice,1063.1,Responsive Repairs,Landlord,STANDARD,5820,KAAA-Directorate of Economic Growth and Neighbourhood Services
RBC Legal Entity,11/02/2022,4650228,270118,IMPACT RENOVATIONS LTD,Private Sector Grants,10135.86,Grants (Paid out by RBC),SUB-CONTRACTOR,STANDARD,8500,ZZZC-Capital
RBC Legal Entity,11/02/2022,4650226,270119,R&A HAINES BUILDING CONTRACTORS LTD,Private Sector Grants,14340.68,Grants (Paid out by RBC),SUB-CONTRACTOR,STANDARD,8500,ZZZC-Capital
RBC Legal Entity,11/02/2022,4641806,270121,PORTSDOWN OFFICE LTD,Plaza West,882.86,Building Works,Third Party Supplier,STANDARD,8626,ZZZC-Capital
RBC Legal Entity,11/02/2022,4641806,270121,PORTSDOWN OFFICE LTD,Plaza West,4752.21,Contractors,Third Party Supplier,STANDARD,8626,ZZZC-Capital
RBC Legal Entity,11/02/2022,4642271,270122,S H JONES & COMPANY LTD,Hexagon Catering,1493.16,Purchases - Stock Provisions,SUPPLIER,STANDARD,1241,KAAA-Directorate of Economic Growth and Neighbourhood Services
RBC Legal Entity,11/02/2022,4643361,270123,MR EDWARD KIRKWOOD,JLT Disbursements,825,Misc. Legal Expenses,Third Party Supplier,STANDARD,2407,LAAA-Directorate of Resources
RBC Legal Entity,11/02/2022,4646614,270127,CROWN LODGE GUEST HOUSE,Housing GF General Charges,623,Preventive+SupportiveServ,Third Party Supplier,STANDARD,5810,KAAA-Directorate of Economic Growth and Neighbourhood Services
RBC Legal Entity,11/02/2022,4646661,270127,CROWN LODGE GUEST HOUSE,Single Homelessness Grants,665,Preventive+SupportiveServ,Third Party Supplier,STANDARD,5860,KAAA-Directorate of Economic Growth and Neighbourhood Services
RBC Legal Entity,11/02/2022,4648095,270127,CROWN LODGE GUEST HOUSE,Bed and Breakfast,623,Rents,Third Party Supplier,STANDARD,5871,KAAA-Directorate of Economic Growth and Neighbourhood Services
RBC Legal Entity,11/02/2022,4648104,270127,CROWN LODGE GUEST HOUSE,Bed and Breakfast,525,Rents,Third Party Supplier,STANDARD,5871,KAAA-Directorate of Economic Growth and Neighbourhood Services
RBC Legal Entity,11/02/2022,4648106,270127,CROWN LODGE GUEST HOUSE,Bed and Breakfast,525,Rents,Third Party Supplier,STANDARD,5871,KAAA-Directorate of Economic Growth and Neighbourhood Services
RBC Legal Entity,11/02/2022,4648735,270127,CROWN LODGE GUEST HOUSE,Bed and Breakfast,560,Rents,Third Party Supplier,STANDARD,5871,KAAA-Directorate of Economic Growth and Neighbourhood Services
RBC Legal Entity,11/02/2022,4648997,270127,CROWN LODGE GUEST HOUSE,Bed and Breakfast,665,Rents,Third Party Supplier,STANDARD,5871,KAAA-Directorate of Economic Growth and Neighbourhood Services
RBC Legal Entity,11/02/2022,4649720,270130,TOTAL HEALTH SUPPORT & TRAINING SERVICES,PS Acquired Community Services,931,Purchased Care,Third Party Supplier,STANDARD,5771,JAAA-Directorate of Social Care and Health Services
RBC Legal Entity,11/02/2022,4649721,270130,TOTAL HEALTH SUPPORT & TRAINING SERVICES,PS Acquired Community Services,2394,Purchased Care,Third Party Supplier,STANDARD,5771,JAAA-Directorate of Social Care and Health Services
RBC Legal Entity,11/02/2022,4649724,270130,TOTAL HEALTH SUPPORT & TRAINING SERVICES,LD Community Services,509.12,Purchased Care,Third Party Supplier,STANDARD,5741,JAAA-Directorate of Social Care and Health Services
RBC Legal Entity,11/02/2022,4649725,270130,TOTAL HEALTH SUPPORT & TRAINING SERVICES,PS Acquired Community Services,532,Purchased Care,Third Party Supplier,STANDARD,5771,JAAA-Directorate of Social Care and Health Services
RBC Legal Entity,11/02/2022,4649726,270130,TOTAL HEALTH SUPPORT & TRAINING SERVICES,PS Acquired Community Services,2394,Purchased Care,Third Party Supplier,STANDARD,5771,JAAA-Directorate of Social Care and Health Services
RBC Legal Entity,11/02/2022,4649727,270130,TOTAL HEALTH SUPPORT & TRAINING SERVICES,PS Acquired Community Services,2888,Purchased Care,Third Party Supplier,STANDARD,5771,JAAA-Directorate of Social Care and Health Services
RBC Legal Entity,11/02/2022,4649728,270130,TOTAL HEALTH SUPPORT & TRAINING SERVICES,PS Acquired Community Services,1505.75,Purchased Care,Third Party Supplier,STANDARD,5771,JAAA-Directorate of Social Care and Health Services
RBC Legal Entity,11/02/2022,4649731,270130,TOTAL HEALTH SUPPORT & TRAINING SERVICES,PS Acquired Community Services,536.75,Purchased Care,Third Party Supplier,STANDARD,5771,JAAA-Directorate of Social Care and Health Services
RBC Legal Entity,11/02/2022,4649732,270130,TOTAL HEALTH SUPPORT & TRAINING SERVICES,PS Acquired Community Services,532,Purchased Care,Third Party Supplier,STANDARD,5771,JAAA-Directorate of Social Care and Health Services
RBC Legal Entity,11/02/2022,4649733,270130,TOTAL HEALTH SUPPORT & TRAINING SERVICES,PS Acquired Community Services,1197,Purchased Care,Third Party Supplier,STANDARD,5771,JAAA-Directorate of Social Care and Health Services
RBC Legal Entity,11/02/2022,4649735,270130,TOTAL HEALTH SUPPORT & TRAINING SERVICES,PS Acquired Community Services,665,Purchased Care,Third Party Supplier,STANDARD,5771,JAAA-Directorate of Social Care and Health Services
RBC Legal Entity,11/02/2022,4649737,270130,TOTAL HEALTH SUPPORT & TRAINING SERVICES,PS Acquired Community Services,152,Purchased Care,Third Party Supplier,STANDARD,5771,JAAA-Directorate of Social Care and Health Services
RBC Legal Entity,11/02/2022,4649737,270130,TOTAL HEALTH SUPPORT & TRAINING SERVICES,Sensory Support Community Services,665,Purchased Care,Third Party Supplier,STANDARD,5711,JAAA-Directorate of Social Care and Health Services
RBC Legal Entity,11/02/2022,4649739,270130,TOTAL HEALTH SUPPORT & TRAINING SERVICES,PS Acquired Community Services,1064,Purchased Care,Third Party Supplier,STANDARD,5771,JAAA-Directorate of Social Care and Health Services
RBC Legal Entity,11/02/2022,4649741,270130,TOTAL HEALTH SUPPORT & TRAINING SERVICES,M&C Acquired Community Services,2394,Purchased Care,Third Party Supplier,STANDARD,5751,JAAA-Directorate of Social Care and Health Services
RBC Legal Entity,11/02/2022,4649742,270130,TOTAL HEALTH SUPPORT & TRAINING SERVICES,M&C Acquired Community Services,641.25,Purchased Care,Third Party Supplier,STANDARD,5751,JAAA-Directorate of Social Care and Health Services
RBC Legal Entity,11/02/2022,4649743,270130,TOTAL HEALTH SUPPORT & TRAINING SERVICES,PS Acquired Community Services,1163.75,Purchased Care,Third Party Supplier,STANDARD,5771,JAAA-Directorate of Social Care and Health Services
RBC Legal Entity,11/02/2022,4649744,270130,TOTAL HEALTH SUPPORT & TRAINING SERVICES,PS Acquired Community Services,798,Purchased Care,Third Party Supplier,STANDARD,5771,JAAA-Directorate of Social Care and Health Services
RBC Legal Entity,11/02/2022,4649745,270130,TOTAL HEALTH SUPPORT & TRAINING SERVICES,PS Acquired Community Services,931,Purchased Care,Third Party Supplier,STANDARD,5771,JAAA-Directorate of Social Care and Health Services
RBC Legal Entity,11/02/2022,4649747,270130,TOTAL HEALTH SUPPORT & TRAINING SERVICES,M&C Acquired Community Services,1852.5,Purchased Care,Third Party Supplier,STANDARD,5751,JAAA-Directorate of Social Care and Health Services
RBC Legal Entity,11/02/2022,4649748,270130,TOTAL HEALTH SUPPORT & TRAINING SERVICES,PS Acquired Community Services,4664,Purchased Care,Third Party Supplier,STANDARD,5771,JAAA-Directorate of Social Care and Health Services
RBC Legal Entity,11/02/2022,4649749,270130,TOTAL HEALTH SUPPORT & TRAINING SERVICES,PS Acquired Community Services,5606.2,Purchased Care,Third Party Supplier,STANDARD,5771,JAAA-Directorate of Social Care and Health Services
RBC Legal Entity,11/02/2022,4649754,270130,TOTAL HEALTH SUPPORT & TRAINING SERVICES,Mental Health Community Services,1140,Purchased Care,Third Party Supplier,STANDARD,5731,JAAA-Directorate of Social Care and Health Services
RBC Legal Entity,11/02/2022,4649756,270130,TOTAL HEALTH SUPPORT & TRAINING SERVICES,M&C Acquired Community Services,988,Purchased Care,Third Party Supplier,STANDARD,5751,JAAA-Directorate of Social Care and Health Services
RBC Legal Entity,11/02/2022,4649757,270130,TOTAL HEALTH SUPPORT & TRAINING SERVICES,PS Acquired Community Services,988,Purchased Care,Third Party Supplier,STANDARD,5771,JAAA-Directorate of Social Care and Health Services
RBC Legal Entity,11/02/2022,4649759,270130,TOTAL HEALTH SUPPORT & TRAINING SERVICES,M&C Acquired Community Services,4788,Purchased Care,Third Party Supplier,STANDARD,5751,JAAA-Directorate of Social Care and Health Services
RBC Legal Entity,11/02/2022,4649760,270130,TOTAL HEALTH SUPPORT & TRAINING SERVICES,PS Acquired Community Services,912,Purchased Care,Third Party Supplier,STANDARD,5771,JAAA-Directorate of Social Care and Health Services
RBC Legal Entity,11/02/2022,4649762,270130,TOTAL HEALTH SUPPORT & TRAINING SERVICES,PS Acquired Community Services,2698,Purchased Care,Third Party Supplier,STANDARD,5771,JAAA-Directorate of Social Care and Health Services
RBC Legal Entity,11/02/2022,4649763,270130,TOTAL HEALTH SUPPORT & TRAINING SERVICES,PS Acquired Community Services,2128,Purchased Care,Third Party Supplier,STANDARD,5771,JAAA-Directorate of Social Care and Health Services
RBC Legal Entity,11/02/2022,4649764,270130,TOTAL HEALTH SUPPORT & TRAINING SERVICES,PS Acquired Community Services,665,Purchased Care,Third Party Supplier,STANDARD,5771,JAAA-Directorate of Social Care and Health Services
RBC Legal Entity,11/02/2022,4649767,270130,TOTAL HEALTH SUPPORT & TRAINING SERVICES,PS Acquired Community Services,1197,Purchased Care,Third Party Supplier,STANDARD,5771,JAAA-Directorate of Social Care and Health Services
RBC Legal Entity,11/02/2022,4649769,270130,TOTAL HEALTH SUPPORT & TRAINING SERVICES,Sensory Support Community Services,532,Purchased Care,Third Party Supplier,STANDARD,5711,JAAA-Directorate of Social Care and Health Services
RBC Legal Entity,11/02/2022,4642824,270133,MR ALEX PERRY,JLT Disbursements,550,Misc. Legal Expenses,SUPPLIER,STANDARD,2407,LAAA-Directorate of Resources
RBC Legal Entity,11/02/2022,4642826,270133,MR ALEX PERRY,JLT Disbursements,550,Misc. Legal Expenses,SUPPLIER,STANDARD,2407,LAAA-Directorate of Resources
RBC Legal Entity,11/02/2022,4643416,270133,MR ALEX PERRY,JLT Disbursements,650,Misc. Legal Expenses,SUPPLIER,STANDARD,2407,LAAA-Directorate of Resources
RBC Legal Entity,11/02/2022,4643394,270134,MR JERRY D HAWKINS,JLT Disbursements,3813.9,Misc. Legal Expenses,SUPPLIER,STANDARD,2407,LAAA-Directorate of Resources
RBC Legal Entity,11/02/2022,4649280,270136,GARY WILLMOTT,JLT Disbursements,500,Misc. Legal Expenses,Third Party Supplier,STANDARD,2407,LAAA-Directorate of Resources
RBC Legal Entity,11/02/2022,4649508,270138,ALICIA COLLINSON,JLT Disbursements,675,Misc. Legal Expenses,SUPPLIER,STANDARD,2407,LAAA-Directorate of Resources
RBC Legal Entity,11/02/2022,4642776,270139,G2 RECRUITMENT SOLUTIONS LTD,Building Control,1408.8,Consultancy Fees,SUPPLIER,STANDARD,4701,KAAA-Directorate of Economic Growth and Neighbourhood Services
RBC Legal Entity,11/02/2022,4642778,270139,G2 RECRUITMENT SOLUTIONS LTD,Building Control,750,Consultancy Fees,SUPPLIER,STANDARD,4701,KAAA-Directorate of Economic Growth and Neighbourhood Services
RBC Legal Entity,11/02/2022,4642829,270139,G2 RECRUITMENT SOLUTIONS LTD,Building Control,3060.98,Consultancy Fees,SUPPLIER,STANDARD,4701,KAAA-Directorate of Economic Growth and Neighbourhood Services
RBC Legal Entity,11/02/2022,4646344,270140,PEGGY ETIEBET,JLT Disbursements,720,Misc. Legal Expenses,SUPPLIER,STANDARD,2407,LAAA-Directorate of Resources
RBC Legal Entity,11/02/2022,4643413,270141,MISS CHLOE WILKINS,JLT Disbursements,2210,Misc. Legal Expenses,Third Party Supplier,STANDARD,2407,LAAA-Directorate of Resources
RBC Legal Entity,11/02/2022,4640272,270142,CREAM DESIGN LTD,Test and Trace,8000,Publicity & Media Work,SUPPLIER,STANDARD,2068,JAAA-Directorate of Social Care and Health Services
RBC Legal Entity,11/02/2022,4640444,270142,CREAM DESIGN LTD,Strategic Transport & Concessionary Fares,960,Consultancy Fees,SUPPLIER,STANDARD,4726,KAAA-Directorate of Economic Growth and Neighbourhood Services
RBC Legal Entity,11/02/2022,4644178,270143,FORENSIS LTD,JLT Disbursements,585,Misc. Legal Expenses,SUPPLIER,STANDARD,2407,LAAA-Directorate of Resources
RBC Legal Entity,11/02/2022,4650229,270144,DOMESTIC LIFT SERVICES LTD,Private Sector Grants,6490,Grants (Paid out by RBC),SUPPLIER,STANDARD,8500,ZZZC-Capital
RBC Legal Entity,11/02/2022,4643944,270146,LUCENT TALKING LTD,Customer Relations & Information Governance,595,Consultancy Fees,Third Party Supplier,STANDARD,2058,LAAA-Directorate of Resources
RBC Legal Entity,11/02/2022,4584005,270148,CUBE ENVIRONMENTAL LTD,Repairs,1170,Asbestos,SUPPLIER,STANDARD,5970,HAAA-Housing Revenue Account
RBC Legal Entity,11/02/2022,4650200,270151,ARUN BERRY,Housing Advice,816.1,Landlords service charge,Landlord,STANDARD,5820,KAAA-Directorate of Economic Growth and Neighbourhood Services
RBC Legal Entity,11/02/2022,4649589,270152,MR NICHOLAS MOSS QC,Coroner,874.72,External Legal Services,Third Party Supplier,STANDARD,4605,KAAA-Directorate of Economic Growth and Neighbourhood Services
RBC Legal Entity,11/02/2022,4649589,270152,MR NICHOLAS MOSS QC,Coroner,4373.6,External Legal Services,Third Party Supplier,STANDARD,4605,KAAA-Directorate of Economic Growth and Neighbourhood Services
RBC Legal Entity,11/02/2022,4643374,270154,ATKINS LIMITED,Corporate Maintenance Services,5754.42,TPP  Contract,SUPPLIER,STANDARD,4080,KAAA-Directorate of Economic Growth and Neighbourhood Services
RBC Legal Entity,11/02/2022,4643371,270157,ONE51 ES PLASTICS T/A MGB PLASTICS,Refuse Collection,15918,Household Waste,SUPPLIER,STANDARD,4561,KAAA-Directorate of Economic Growth and Neighbourhood Services
RBC Legal Entity,11/02/2022,4642772,270159,AGILISYS LIMITED,Future ICT operating model,60000,Other  Capitalisation,Third Party Supplier,STANDARD,8636,ZZZC-Capital
RBC Legal Entity,11/02/2022,4643940,270160,NEWAUTO LTD T/A MOGO,Taxi & Private Hire Licensing,742.35,Equipment Purchase & Repair,Third Party Supplier,STANDARD,4603,KAAA-Directorate of Economic Growth and Neighbourhood Services
RBC Legal Entity,11/02/2022,4649361,270161,BLUE ANGEL CARE LTD,ASC Operational Management Team,4949.26,TPP to Others,Third Party Supplier,STANDARD,5309,JAAA-Directorate of Social Care and Health Services
RBC Legal Entity,11/02/2022,4643466,270164,DR UNA MCDERMOTT,JLT Disbursements,2754,Misc. Legal Expenses,Third Party Supplier,STANDARD,2407,LAAA-Directorate of Resources
RBC Legal Entity,14/02/2022,4645286,270183,MORRIS & BLUNT,Reading Libraries,2604.94,Building Maintenance,SUB-CONTRACTOR,STANDARD,1400,KAAA-Directorate of Economic Growth and Neighbourhood Services
RBC Legal Entity,14/02/2022,4650346,270187,TUNSTALL GROUP LIMITED,Sheltered Housing,1873.5,Equipment Purchase & Repair,SUB-CONTRACTOR,STANDARD,5940,HAAA-Housing Revenue Account
RBC Legal Entity,14/02/2022,4643704,270188,KEYLINE CIVILS SPECIALIST LTD,Highways,524.16,Materials Direct,Third Party Supplier,STANDARD,4252,KAAA-Directorate of Economic Growth and Neighbourhood Services
RBC Legal Entity,14/02/2022,4646525,270189,LOGISTICS UK T/A FREIGHT TRANSPORT ASSOCIATION,Fleet Management,66.5,Subscriptions,SUPPLIER,STANDARD,4552,KAAA-Directorate of Economic Growth and Neighbourhood Services
RBC Legal Entity,14/02/2022,4646525,270189,LOGISTICS UK T/A FREIGHT TRANSPORT ASSOCIATION,Fleet Management,458,Subscriptions,SUPPLIER,STANDARD,4552,KAAA-Directorate of Economic Growth and Neighbourhood Services
RBC Legal Entity,14/02/2022,4648573,270190,HOBART UK,Corporate Maintenance Services,1455.27,TPP  Contract,SUPPLIER,STANDARD,4080,KAAA-Directorate of Economic Growth and Neighbourhood Services
RBC Legal Entity,14/02/2022,4650324,270191,KOMPAN LTD,Parks + Open Spaces,25080.97,Equipment,SUB-CONTRACTOR,STANDARD,8003,ZZZC-Capital
RBC Legal Entity,14/02/2022,4650325,270191,KOMPAN LTD,Parks + Open Spaces,6870.35,Equipment,SUB-CONTRACTOR,STANDARD,8003,ZZZC-Capital
RBC Legal Entity,14/02/2022,4643584,270193,TFG GROUP LIMITED,Corporate Maintenance Services,1743.25,TPP  Contract,SUPPLIER,STANDARD,4080,KAAA-Directorate of Economic Growth and Neighbourhood Services
RBC Legal Entity,14/02/2022,4644061,270208,SUNNYSIDE AUTOS,Fleet Management,2000,Unfair Wear + Tear Costs,Third Party Supplier,STANDARD,4552,KAAA-Directorate of Economic Growth and Neighbourhood Services
RBC Legal Entity,14/02/2022,4648010,270212,GLASRITE LTD,DLO Voids Trades,595,Subcontractors Labour,SUB-CONTRACTOR,STANDARD,4020,KAAA-Directorate of Economic Growth and Neighbourhood Services
RBC Legal Entity,14/02/2022,4648011,270212,GLASRITE LTD,DLO Voids Trades,1510,Subcontractors Labour,SUB-CONTRACTOR,STANDARD,4020,KAAA-Directorate of Economic Growth and Neighbourhood Services
RBC Legal Entity,14/02/2022,4648015,270212,GLASRITE LTD,Planned Maintenance Trades,595,Subcontractors Labour,SUB-CONTRACTOR,STANDARD,4040,KAAA-Directorate of Economic Growth and Neighbourhood Services
RBC Legal Entity,14/02/2022,4648016,270212,GLASRITE LTD,Planned Maintenance Trades,945,Subcontractors Labour,SUB-CONTRACTOR,STANDARD,4040,KAAA-Directorate of Economic Growth and Neighbourhood Services
RBC Legal Entity,14/02/2022,4648018,270212,GLASRITE LTD,DLO Planned Maintenance Trades,2110,Subcontractors Labour,SUB-CONTRACTOR,STANDARD,4030,KAAA-Directorate of Economic Growth and Neighbourhood Services
RBC Legal Entity,14/02/2022,4648019,270212,GLASRITE LTD,DLO Planned Maintenance Trades,1495,Subcontractors Labour,SUB-CONTRACTOR,STANDARD,4030,KAAA-Directorate of Economic Growth and Neighbourhood Services
RBC Legal Entity,14/02/2022,4648022,270212,GLASRITE LTD,DLO Day to Day Trades,1630,Subcontractors Labour,SUB-CONTRACTOR,STANDARD,4010,KAAA-Directorate of Economic Growth and Neighbourhood Services
RBC Legal Entity,14/02/2022,4648024,270212,GLASRITE LTD,DLO Day to Day Trades,1680,Subcontractors Labour,SUB-CONTRACTOR,STANDARD,4010,KAAA-Directorate of Economic Growth and Neighbourhood Services
RBC Legal Entity,14/02/2022,4648026,270212,GLASRITE LTD,DLO Day to Day Trades,1405,Subcontractors Labour,SUB-CONTRACTOR,STANDARD,4010,KAAA-Directorate of Economic Growth and Neighbourhood Services
RBC Legal Entity,14/02/2022,4650184,270214,ST PHOTOS LTD,Events & Engagement,500,Photography,SUPPLIER,STANDARD,2080,EAAA-Chief Executive
RBC Legal Entity,14/02/2022,4643423,270215,ENERVEO LTD,Invest to Save Street lighting,1744.49,Contractors,SUB-CONTRACTOR,STANDARD,8882,ZZZC-Capital
RBC Legal Entity,14/02/2022,4649806,270216,ABSOLUTE CARE UK LTD,PS Acquired Community Services,2394,Purchased Care,Third Party Supplier,STANDARD,5771,JAAA-Directorate of Social Care and Health Services
RBC Legal Entity,14/02/2022,4649807,270216,ABSOLUTE CARE UK LTD,PS Acquired Community Services,1149.5,Purchased Care,Third Party Supplier,STANDARD,5771,JAAA-Directorate of Social Care and Health Services
RBC Legal Entity,14/02/2022,4649809,270216,ABSOLUTE CARE UK LTD,PS Acquired Community Services,874,Purchased Care,Third Party Supplier,STANDARD,5771,JAAA-Directorate of Social Care and Health Services
RBC Legal Entity,14/02/2022,4649812,270216,ABSOLUTE CARE UK LTD,PS Acquired Community Services,2660,Purchased Care,Third Party Supplier,STANDARD,5771,JAAA-Directorate of Social Care and Health Services
RBC Legal Entity,14/02/2022,4649815,270216,ABSOLUTE CARE UK LTD,PS Acquired Community Services,665,Purchased Care,Third Party Supplier,STANDARD,5771,JAAA-Directorate of Social Care and Health Services
RBC Legal Entity,14/02/2022,4649817,270216,ABSOLUTE CARE UK LTD,PS Acquired Community Services,665,Purchased Care,Third Party Supplier,STANDARD,5771,JAAA-Directorate of Social Care and Health Services
RBC Legal Entity,14/02/2022,4649819,270216,ABSOLUTE CARE UK LTD,PS Acquired Community Services,983.25,Purchased Care,Third Party Supplier,STANDARD,5771,JAAA-Directorate of Social Care and Health Services
RBC Legal Entity,14/02/2022,4649823,270216,ABSOLUTE CARE UK LTD,PS Acquired Community Services,1197,Purchased Care,Third Party Supplier,STANDARD,5771,JAAA-Directorate of Social Care and Health Services
RBC Legal Entity,14/02/2022,4649825,270216,ABSOLUTE CARE UK LTD,PS Acquired Community Services,655.5,Purchased Care,Third Party Supplier,STANDARD,5771,JAAA-Directorate of Social Care and Health Services
RBC Legal Entity,14/02/2022,4649826,270216,ABSOLUTE CARE UK LTD,PS Acquired Community Services,665,Purchased Care,Third Party Supplier,STANDARD,5771,JAAA-Directorate of Social Care and Health Services
RBC Legal Entity,14/02/2022,4649827,270216,ABSOLUTE CARE UK LTD,PS Acquired Community Services,1377.5,Purchased Care,Third Party Supplier,STANDARD,5771,JAAA-Directorate of Social Care and Health Services
RBC Legal Entity,14/02/2022,4649828,270216,ABSOLUTE CARE UK LTD,PS Acquired Community Services,1197,Purchased Care,Third Party Supplier,STANDARD,5771,JAAA-Directorate of Social Care and Health Services
RBC Legal Entity,14/02/2022,4649829,270216,ABSOLUTE CARE UK LTD,PS Acquired Community Services,1330,Purchased Care,Third Party Supplier,STANDARD,5771,JAAA-Directorate of Social Care and Health Services
RBC Legal Entity,14/02/2022,4649830,270216,ABSOLUTE CARE UK LTD,Mental Health Community Services,85.5,Purchased Care,Third Party Supplier,STANDARD,5731,JAAA-Directorate of Social Care and Health Services
RBC Legal Entity,14/02/2022,4649830,270216,ABSOLUTE CARE UK LTD,PS Acquired Community Services,712.5,Purchased Care,Third Party Supplier,STANDARD,5771,JAAA-Directorate of Social Care and Health Services
RBC Legal Entity,14/02/2022,4649831,270216,ABSOLUTE CARE UK LTD,PS Acquired Community Services,1729,Purchased Care,Third Party Supplier,STANDARD,5771,JAAA-Directorate of Social Care and Health Services
RBC Legal Entity,14/02/2022,4649832,270216,ABSOLUTE CARE UK LTD,PS Acquired Community Services,646,Purchased Care,Third Party Supplier,STANDARD,5771,JAAA-Directorate of Social Care and Health Services
RBC Legal Entity,14/02/2022,4603366,270217,BLESSED HUGH FARINGDON RC SCHOOL,School Grants Holding Account,32106.17,School Transfer Payment,GOVERNMENT,STANDARD,3295,NAAA-Former Directorate of Education and Childrens Services
RBC Legal Entity,14/02/2022,4648501,270220,THE KINGWOOD TRUST,LD Community Services,1642.2,Purchased Care,Third Party Supplier,STANDARD,5741,JAAA-Directorate of Social Care and Health Services
RBC Legal Entity,14/02/2022,4648502,270220,THE KINGWOOD TRUST,LD Community Services,841.88,Purchased Care,Third Party Supplier,STANDARD,5741,JAAA-Directorate of Social Care and Health Services
RBC Legal Entity,14/02/2022,4648504,270220,THE KINGWOOD TRUST,PS Acquired Community Services,928.2,Purchased Care,Third Party Supplier,STANDARD,5771,JAAA-Directorate of Social Care and Health Services
RBC Legal Entity,14/02/2022,4643467,270221,TENNANT UK CLEANING SOLUTIONS LTD,Fleet Management,1102.77,Vehicle Maintenance,SUPPLIER,STANDARD,4552,KAAA-Directorate of Economic Growth and Neighbourhood Services
RBC Legal Entity,14/02/2022,4644386,270222,HARBOUR SUPPORTED LIVING SER LTD,Mental Health Community Services,1445.21,Purchased Care,Third Party Supplier,STANDARD,5731,JAAA-Directorate of Social Care and Health Services
RBC Legal Entity,14/02/2022,4643610,270223,MR EDWARD KIRKWOOD,JLT Disbursements,1320,Misc. Legal Expenses,Third Party Supplier,STANDARD,2407,LAAA-Directorate of Resources
RBC Legal Entity,14/02/2022,4643724,270224,CHICHESTER TREES AND SHRUBS LTD,Grounds Maintenance,1890.9,Materials Direct,SUPPLIER,STANDARD,1306,KAAA-Directorate of Economic Growth and Neighbourhood Services
RBC Legal Entity,14/02/2022,4649515,270225,MR JAMES TURNER,JLT Disbursements,4100,Misc. Legal Expenses,SUPPLIER,STANDARD,2407,LAAA-Directorate of Resources
RBC Legal Entity,14/02/2022,4645314,270226,GS ECOLOGY LTD,Planning,420,TPP  Contract,SUPPLIER,STANDARD,4700,KAAA-Directorate of Economic Growth and Neighbourhood Services
RBC Legal Entity,14/02/2022,4649592,270244,CITY & GUILDS,New Directions,848.5,Examination Fees,SUPPLIER,STANDARD,3340,KAAA-Directorate of Economic Growth and Neighbourhood Services
RBC Legal Entity,14/02/2022,4650246,270248,ALL SAINTS CE INFANTS,Primary School Delegated Budget (DSG),35000,School Transfer Payment,GOVERNMENT,STANDARD,3140,NAAA-Former Directorate of Education and Childrens Services
RBC Legal Entity,14/02/2022,4643625,270251,NEIL CURTIS FUNERAL CONTRACTOR,Grounds Maintenance,1995,TPP to Others,SUPPLIER,STANDARD,1306,KAAA-Directorate of Economic Growth and Neighbourhood Services
RBC Legal Entity,14/02/2022,4643454,270253,SUTCLIFFE PLAY LTD,Parks + Open Spaces,9072,Equipment,SUPPLIER,STANDARD,8003,ZZZC-Capital
RBC Legal Entity,14/02/2022,4646637,270255,LAPWING,Highways,463.19,Materials Direct,SUPPLIER,STANDARD,4252,KAAA-Directorate of Economic Growth and Neighbourhood Services
RBC Legal Entity,14/02/2022,4646637,270255,LAPWING,Highways,463.19,Materials Direct,SUPPLIER,STANDARD,4252,KAAA-Directorate of Economic Growth and Neighbourhood Services
RBC Legal Entity,14/02/2022,4649516,270256,MR NICHOLAS GOODWIN,JLT Disbursements,68100,Misc. Legal Expenses,SUPPLIER,STANDARD,2407,LAAA-Directorate of Resources
RBC Legal Entity,14/02/2022,4646728,270259,PESTPRO BIRD SOLUTIONS LTD,DLO Day to Day Trades,4934,Subcontractors Labour,Third Party Supplier,STANDARD,4010,KAAA-Directorate of Economic Growth and Neighbourhood Services
RBC Legal Entity,14/02/2022,4647990,270259,PESTPRO BIRD SOLUTIONS LTD,Repairs,10104,Estate Maintenance,Third Party Supplier,STANDARD,5970,HAAA-Housing Revenue Account
RBC Legal Entity,14/02/2022,4649839,270261,TOTAL HEALTH SUPPORT & TRAINING SERVICES,LD Community Services,13970.6,Purchased Care,Third Party Supplier,STANDARD,5741,JAAA-Directorate of Social Care and Health Services
RBC Legal Entity,14/02/2022,4649098,270262,ASCENTIS,New Directions,795,Examination Fees,SUPPLIER,STANDARD,3340,KAAA-Directorate of Economic Growth and Neighbourhood Services
RBC Legal Entity,14/02/2022,4643411,270264,DENNIS EAGLE LTD,Fleet Management,27.5,Unfair Wear + Tear Costs,SUPPLIER,STANDARD,4552,KAAA-Directorate of Economic Growth and Neighbourhood Services
RBC Legal Entity,14/02/2022,4643411,270264,DENNIS EAGLE LTD,Fleet Management,73.75,Unfair Wear + Tear Costs,SUPPLIER,STANDARD,4552,KAAA-Directorate of Economic Growth and Neighbourhood Services
RBC Legal Entity,14/02/2022,4643411,270264,DENNIS EAGLE LTD,Fleet Management,91.36,Unfair Wear + Tear Costs,SUPPLIER,STANDARD,4552,KAAA-Directorate of Economic Growth and Neighbourhood Services
RBC Legal Entity,14/02/2022,4643411,270264,DENNIS EAGLE LTD,Fleet Management,117.26,Unfair Wear + Tear Costs,SUPPLIER,STANDARD,4552,KAAA-Directorate of Economic Growth and Neighbourhood Services
RBC Legal Entity,14/02/2022,4643411,270264,DENNIS EAGLE LTD,Fleet Management,165,Unfair Wear + Tear Costs,SUPPLIER,STANDARD,4552,KAAA-Directorate of Economic Growth and Neighbourhood Services
RBC Legal Entity,14/02/2022,4643411,270264,DENNIS EAGLE LTD,Fleet Management,196.18,Unfair Wear + Tear Costs,SUPPLIER,STANDARD,4552,KAAA-Directorate of Economic Growth and Neighbourhood Services
RBC Legal Entity,14/02/2022,4643411,270264,DENNIS EAGLE LTD,Fleet Management,220,Unfair Wear + Tear Costs,SUPPLIER,STANDARD,4552,KAAA-Directorate of Economic Growth and Neighbourhood Services
RBC Legal Entity,14/02/2022,4643411,270264,DENNIS EAGLE LTD,Fleet Management,302.6,Unfair Wear + Tear Costs,SUPPLIER,STANDARD,4552,KAAA-Directorate of Economic Growth and Neighbourhood Services
RBC Legal Entity,14/02/2022,4649551,270265,M&D SERVICES,Grounds Maintenance,135,Horticultrl MachineryHire,SUB-CONTRACTOR,STANDARD,1306,KAAA-Directorate of Economic Growth and Neighbourhood Services
RBC Legal Entity,14/02/2022,4649551,270265,M&D SERVICES,Grounds Maintenance,405,Horticultrl MachineryHire,SUB-CONTRACTOR,STANDARD,1306,KAAA-Directorate of Economic Growth and Neighbourhood Services
RBC Legal Entity,14/02/2022,4649552,270265,M&D SERVICES,Grounds Maintenance,320,TPP to Others,SUB-CONTRACTOR,STANDARD,1306,KAAA-Directorate of Economic Growth and Neighbourhood Services
RBC Legal Entity,14/02/2022,4649552,270265,M&D SERVICES,Grounds Maintenance,780,TPP to Others,SUB-CONTRACTOR,STANDARD,1306,KAAA-Directorate of Economic Growth and Neighbourhood Services
RBC Legal Entity,14/02/2022,4646533,270267,EQUAL STUDIO LTD,HSHAZ programme,2560,Professional Fees,SUPPLIER,STANDARD,1316,KAAA-Directorate of Economic Growth and Neighbourhood Services
RBC Legal Entity,14/02/2022,4650258,270282,AIDAN COSTELLOE,Guaranteed Rent Scheme,880.53,Rents,SUPPLIER,STANDARD,5872,KAAA-Directorate of Economic Growth and Neighbourhood Services
RBC Legal Entity,14/02/2022,4646699,270283,REED,Commissioning Team,2.7,Agency Staff,Third Party Supplier,STANDARD,3452,JAAA-Directorate of Social Care and Health Services
RBC Legal Entity,14/02/2022,4646699,270283,REED,BFFC Agency Staff (Rechargeable),3.15,Agency Staff,Third Party Supplier,STANDARD,2008,LAAA-Directorate of Resources
RBC Legal Entity,14/02/2022,4646699,270283,REED,Commissioning Team,3.6,Agency Staff,Third Party Supplier,STANDARD,3452,JAAA-Directorate of Social Care and Health Services
RBC Legal Entity,14/02/2022,4646699,270283,REED,ASC Short Term Team,3.6,Agency Staff,Third Party Supplier,STANDARD,5722,JAAA-Directorate of Social Care and Health Services
RBC Legal Entity,14/02/2022,4646699,270283,REED,ASC Short Term Team,5.4,Agency Staff,Third Party Supplier,STANDARD,5722,JAAA-Directorate of Social Care and Health Services
RBC Legal Entity,14/02/2022,4646699,270283,REED,BFFC Agency Staff (Rechargeable),7.65,Agency Staff,Third Party Supplier,STANDARD,2008,LAAA-Directorate of Resources
RBC Legal Entity,14/02/2022,4646699,270283,REED,Transformation,8.1,Agency Staff,Third Party Supplier,STANDARD,5289,JAAA-Directorate of Social Care and Health Services
RBC Legal Entity,14/02/2022,4646699,270283,REED,Mental Health Team,11.25,Agency Staff,Third Party Supplier,STANDARD,5253,JAAA-Directorate of Social Care and Health Services
RBC Legal Entity,14/02/2022,4646699,270283,REED,BFFC Agency Staff (Rechargeable),11.25,Agency Staff,Third Party Supplier,STANDARD,2008,LAAA-Directorate of Resources
RBC Legal Entity,14/02/2022,4646699,270283,REED,Commissioning Team,12.15,Agency Staff,Third Party Supplier,STANDARD,3452,JAAA-Directorate of Social Care and Health Services
RBC Legal Entity,14/02/2022,4646699,270283,REED,ASC Short Term Team,18.9,Agency Staff,Third Party Supplier,STANDARD,5722,JAAA-Directorate of Social Care and Health Services
RBC Legal Entity,14/02/2022,4646699,270283,REED,ASC Short Term Team,22.05,Agency Staff,Third Party Supplier,STANDARD,5722,JAAA-Directorate of Social Care and Health Services
RBC Legal Entity,14/02/2022,4646699,270283,REED,BFFC Agency Staff (Rechargeable),30.15,Agency Staff,Third Party Supplier,STANDARD,2008,LAAA-Directorate of Resources
RBC Legal Entity,14/02/2022,4646699,270283,REED,ASC Short Term Team,32.85,Agency Staff,Third Party Supplier,STANDARD,5722,JAAA-Directorate of Social Care and Health Services
RBC Legal Entity,14/02/2022,4646699,270283,REED,BFFC Agency Staff (Rechargeable),39.15,Agency Staff,Third Party Supplier,STANDARD,2008,LAAA-Directorate of Resources
RBC Legal Entity,14/02/2022,4646699,270283,REED,Transformation,40.5,Agency Staff,Third Party Supplier,STANDARD,5289,JAAA-Directorate of Social Care and Health Services
RBC Legal Entity,14/02/2022,4646699,270283,REED,ASC Short Term Team,46.34,Agency Staff,Third Party Supplier,STANDARD,5722,JAAA-Directorate of Social Care and Health Services
RBC Legal Entity,14/02/2022,4646699,270283,REED,BFFC Agency Staff (Rechargeable),53.55,Agency Staff,Third Party Supplier,STANDARD,2008,LAAA-Directorate of Resources
RBC Legal Entity,14/02/2022,4646699,270283,REED,BFFC Agency Staff (Rechargeable),56.25,Agency Staff,Third Party Supplier,STANDARD,2008,LAAA-Directorate of Resources
RBC Legal Entity,14/02/2022,4646699,270283,REED,BFFC Agency Staff (Rechargeable),73.35,Agency Staff,Third Party Supplier,STANDARD,2008,LAAA-Directorate of Resources
RBC Legal Entity,14/02/2022,4646699,270283,REED,BFFC Agency Staff (Rechargeable),87.75,Agency Staff,Third Party Supplier,STANDARD,2008,LAAA-Directorate of Resources
RBC Legal Entity,14/02/2022,4646699,270283,REED,BFFC Agency Staff (Rechargeable),88.06,Agency Staff,Third Party Supplier,STANDARD,2008,LAAA-Directorate of Resources
RBC Legal Entity,14/02/2022,4646699,270283,REED,Legal Services,94.8,Agency Staff,Third Party Supplier,STANDARD,2400,LAAA-Directorate of Resources
RBC Legal Entity,14/02/2022,4646699,270283,REED,Accountancy,144,Agency Staff,Third Party Supplier,STANDARD,2200,LAAA-Directorate of Resources
RBC Legal Entity,14/02/2022,4646699,270283,REED,BFFC Agency Staff (Rechargeable),146.7,Agency Staff,Third Party Supplier,STANDARD,2008,LAAA-Directorate of Resources
RBC Legal Entity,14/02/2022,4646699,270283,REED,Accountancy,180,Agency Staff,Third Party Supplier,STANDARD,2200,LAAA-Directorate of Resources
RBC Legal Entity,14/02/2022,4646699,270283,REED,Accountancy,180,Agency Staff,Third Party Supplier,STANDARD,2200,LAAA-Directorate of Resources
RBC Legal Entity,14/02/2022,4646699,270283,REED,Accountancy,180,Agency Staff,Third Party Supplier,STANDARD,2200,LAAA-Directorate of Resources
RBC Legal Entity,14/02/2022,4646699,270283,REED,Accountancy,180,Agency Staff,Third Party Supplier,STANDARD,2200,LAAA-Directorate of Resources
RBC Legal Entity,14/02/2022,4646699,270283,REED,Accountancy,180,Agency Staff,Third Party Supplier,STANDARD,2200,LAAA-Directorate of Resources
RBC Legal Entity,14/02/2022,4646699,270283,REED,Accountancy,180,Agency Staff,Third Party Supplier,STANDARD,2200,LAAA-Directorate of Resources
RBC Legal Entity,14/02/2022,4646699,270283,REED,Accountancy,180,Agency Staff,Third Party Supplier,STANDARD,2200,LAAA-Directorate of Resources
RBC Legal Entity,14/02/2022,4646699,270283,REED,Accountancy,180,Agency Staff,Third Party Supplier,STANDARD,2200,LAAA-Directorate of Resources
RBC Legal Entity,14/02/2022,4646699,270283,REED,Accountancy,180,Agency Staff,Third Party Supplier,STANDARD,2200,LAAA-Directorate of Resources
RBC Legal Entity,14/02/2022,4646699,270283,REED,Accountancy,180,Agency Staff,Third Party Supplier,STANDARD,2200,LAAA-Directorate of Resources
RBC Legal Entity,14/02/2022,4646699,270283,REED,Accountancy,180,Agency Staff,Third Party Supplier,STANDARD,2200,LAAA-Directorate of Resources
RBC Legal Entity,14/02/2022,4646699,270283,REED,Accountancy,180,Agency Staff,Third Party Supplier,STANDARD,2200,LAAA-Directorate of Resources
RBC Legal Entity,14/02/2022,4646699,270283,REED,Accountancy,180,Agency Staff,Third Party Supplier,STANDARD,2200,LAAA-Directorate of Resources
RBC Legal Entity,14/02/2022,4646699,270283,REED,Lord Lieutenant,223.29,Long service awards,Third Party Supplier,STANDARD,2510,EAAA-Chief Executive
RBC Legal Entity,14/02/2022,4646699,270283,REED,ASC Short Term Team,258.35,Agency Staff,Third Party Supplier,STANDARD,5722,JAAA-Directorate of Social Care and Health Services
RBC Legal Entity,14/02/2022,4646699,270283,REED,ASC Short Term Team,262.71,Agency Staff,Third Party Supplier,STANDARD,5722,JAAA-Directorate of Social Care and Health Services
RBC Legal Entity,14/02/2022,4646699,270283,REED,Communications,267.82,Agency Staff,Third Party Supplier,STANDARD,2075,EAAA-Chief Executive
RBC Legal Entity,14/02/2022,4646699,270283,REED,ASC Short Term Team,271.28,Agency Staff,Third Party Supplier,STANDARD,5722,JAAA-Directorate of Social Care and Health Services
RBC Legal Entity,14/02/2022,4646699,270283,REED,ASC Short Term Team,291.75,Agency Staff,Third Party Supplier,STANDARD,5722,JAAA-Directorate of Social Care and Health Services
RBC Legal Entity,14/02/2022,4646699,270283,REED,Street Cleansing,332.44,Agency Staff,Third Party Supplier,STANDARD,4566,KAAA-Directorate of Economic Growth and Neighbourhood Services
RBC Legal Entity,14/02/2022,4646699,270283,REED,Housing Management,453.58,Agency Staff,Third Party Supplier,STANDARD,5920,HAAA-Housing Revenue Account
RBC Legal Entity,14/02/2022,4646699,270283,REED,Refuse Collection,472.24,Agency Staff,Third Party Supplier,STANDARD,4561,KAAA-Directorate of Economic Growth and Neighbourhood Services
RBC Legal Entity,14/02/2022,4646699,270283,REED,Customer Services - Reception,483.86,Agency Staff,Third Party Supplier,STANDARD,2595,LAAA-Directorate of Resources
RBC Legal Entity,14/02/2022,4646699,270283,REED,Accountancy,489.96,Agency Staff,Third Party Supplier,STANDARD,2200,LAAA-Directorate of Resources
RBC Legal Entity,14/02/2022,4646699,270283,REED,Directorate Support,500.29,Agency Staff,Third Party Supplier,STANDARD,2036,LAAA-Directorate of Resources
RBC Legal Entity,14/02/2022,4646699,270283,REED,Buildings Payroll,500.88,Agency Staff,Third Party Supplier,STANDARD,3390,KAAA-Directorate of Economic Growth and Neighbourhood Services
RBC Legal Entity,14/02/2022,4646699,270283,REED,Street Cleansing,525.2,Agency Staff,Third Party Supplier,STANDARD,4566,KAAA-Directorate of Economic Growth and Neighbourhood Services
RBC Legal Entity,14/02/2022,4646699,270283,REED,ASC Short Term Team,525.44,Agency Staff,Third Party Supplier,STANDARD,5722,JAAA-Directorate of Social Care and Health Services
RBC Legal Entity,14/02/2022,4646699,270283,REED,Street Cleansing,554.06,Agency Staff,Third Party Supplier,STANDARD,4566,KAAA-Directorate of Economic Growth and Neighbourhood Services
RBC Legal Entity,14/02/2022,4646699,270283,REED,Procurement Services,557.39,Agency Staff,Third Party Supplier,STANDARD,2402,LAAA-Directorate of Resources
RBC Legal Entity,14/02/2022,4646699,270283,REED,Street Cleansing,563.29,Agency Staff,Third Party Supplier,STANDARD,4566,KAAA-Directorate of Economic Growth and Neighbourhood Services
RBC Legal Entity,14/02/2022,4646699,270283,REED,Customer Services - Reception,570.37,Agency Staff,Third Party Supplier,STANDARD,2595,LAAA-Directorate of Resources
RBC Legal Entity,14/02/2022,4646699,270283,REED,IT Management,571.2,Agency Staff,Third Party Supplier,STANDARD,2300,EAAA-Chief Executive
RBC Legal Entity,14/02/2022,4646699,270283,REED,Customer Services - Reception,577.52,Agency Staff,Third Party Supplier,STANDARD,2595,LAAA-Directorate of Resources
RBC Legal Entity,14/02/2022,4646699,270283,REED,BFFC Agency Staff (Rechargeable),628.5,Agency Staff,Third Party Supplier,STANDARD,2008,LAAA-Directorate of Resources
RBC Legal Entity,14/02/2022,4646699,270283,REED,Street Cleansing,630.24,Agency Staff,Third Party Supplier,STANDARD,4566,KAAA-Directorate of Economic Growth and Neighbourhood Services
RBC Legal Entity,14/02/2022,4646699,270283,REED,Exchequer Services,631.25,Agency Staff,Third Party Supplier,STANDARD,2210,LAAA-Directorate of Resources
RBC Legal Entity,14/02/2022,4646699,270283,REED,Street Cleansing,645.43,Agency Staff,Third Party Supplier,STANDARD,4566,KAAA-Directorate of Economic Growth and Neighbourhood Services
RBC Legal Entity,14/02/2022,4646699,270283,REED,Refuse Collection,700.45,Agency Staff,Third Party Supplier,STANDARD,4561,KAAA-Directorate of Economic Growth and Neighbourhood Services
RBC Legal Entity,14/02/2022,4646699,270283,REED,Accountancy,701.2,Agency Staff,Third Party Supplier,STANDARD,2200,LAAA-Directorate of Resources
RBC Legal Entity,14/02/2022,4646699,270283,REED,Refuse Collection,710.76,Agency Staff,Third Party Supplier,STANDARD,4561,KAAA-Directorate of Economic Growth and Neighbourhood Services
RBC Legal Entity,14/02/2022,4646699,270283,REED,Refuse Collection,733.32,Agency Staff,Third Party Supplier,STANDARD,4561,KAAA-Directorate of Economic Growth and Neighbourhood Services
RBC Legal Entity,14/02/2022,4646699,270283,REED,Transformation,740.84,Agency Staff,Third Party Supplier,STANDARD,5289,JAAA-Directorate of Social Care and Health Services
RBC Legal Entity,14/02/2022,4646699,270283,REED,Lateral Flow Testing,758.32,Agency Staff,Third Party Supplier,STANDARD,2701,LAAA-Directorate of Resources
RBC Legal Entity,14/02/2022,4646699,270283,REED,Lateral Flow Testing,758.32,Agency Staff,Third Party Supplier,STANDARD,2701,LAAA-Directorate of Resources
RBC Legal Entity,14/02/2022,4646699,270283,REED,Directorate Support,781.7,Agency Staff,Third Party Supplier,STANDARD,2036,LAAA-Directorate of Resources
RBC Legal Entity,14/02/2022,4646699,270283,REED,Transformation,861.6,Agency Staff,Third Party Supplier,STANDARD,5289,JAAA-Directorate of Social Care and Health Services
RBC Legal Entity,14/02/2022,4646699,270283,REED,Legal Services,881.56,Agency Staff,Third Party Supplier,STANDARD,2400,LAAA-Directorate of Resources
RBC Legal Entity,14/02/2022,4646699,270283,REED,ASC Short Term Team,900,Agency Staff,Third Party Supplier,STANDARD,5722,JAAA-Directorate of Social Care and Health Services
RBC Legal Entity,14/02/2022,4646699,270283,REED,Lateral Flow Testing,909.98,Agency Staff,Third Party Supplier,STANDARD,2701,LAAA-Directorate of Resources
RBC Legal Entity,14/02/2022,4646699,270283,REED,Lateral Flow Testing,909.98,Agency Staff,Third Party Supplier,STANDARD,2701,LAAA-Directorate of Resources
RBC Legal Entity,14/02/2022,4646699,270283,REED,Joint Legal Team,988.51,Agency Staff,Third Party Supplier,STANDARD,2405,LAAA-Directorate of Resources
RBC Legal Entity,14/02/2022,4646699,270283,REED,Directorate Support,999.55,Agency Staff,Third Party Supplier,STANDARD,2036,LAAA-Directorate of Resources
RBC Legal Entity,14/02/2022,4646699,270283,REED,Commissioning Team,1012.75,Agency Staff,Third Party Supplier,STANDARD,3452,JAAA-Directorate of Social Care and Health Services
RBC Legal Entity,14/02/2022,4646699,270283,REED,ASC Short Term Team,1067.45,Agency Staff,Third Party Supplier,STANDARD,5722,JAAA-Directorate of Social Care and Health Services
RBC Legal Entity,14/02/2022,4646699,270283,REED,BFFC Agency Staff (Rechargeable),1162.4,Agency Staff,Third Party Supplier,STANDARD,2008,LAAA-Directorate of Resources
RBC Legal Entity,14/02/2022,4646699,270283,REED,BFFC Agency Staff (Rechargeable),1172.4,Agency Staff,Third Party Supplier,STANDARD,2008,LAAA-Directorate of Resources
RBC Legal Entity,14/02/2022,4646699,270283,REED,Joint Legal Team,1190.25,Agency Staff,Third Party Supplier,STANDARD,2405,LAAA-Directorate of Resources
RBC Legal Entity,14/02/2022,4646699,270283,REED,ASC Short Term Team,1229.2,Agency Staff,Third Party Supplier,STANDARD,5722,JAAA-Directorate of Social Care and Health Services
RBC Legal Entity,14/02/2022,4646699,270283,REED,ASC Short Term Team,1236.8,Agency Staff,Third Party Supplier,STANDARD,5722,JAAA-Directorate of Social Care and Health Services
RBC Legal Entity,14/02/2022,4646699,270283,REED,Joint Legal Team,1262.7,Agency Staff,Third Party Supplier,STANDARD,2405,LAAA-Directorate of Resources
RBC Legal Entity,14/02/2022,4646699,270283,REED,Accountancy,1324.8,Agency Staff,Third Party Supplier,STANDARD,2200,LAAA-Directorate of Resources
RBC Legal Entity,14/02/2022,4646699,270283,REED,Accountancy,1324.8,Agency Staff,Third Party Supplier,STANDARD,2200,LAAA-Directorate of Resources
RBC Legal Entity,14/02/2022,4646699,270283,REED,Safeguarding Adults,1328.3,Agency Staff,Third Party Supplier,STANDARD,5158,JAAA-Directorate of Social Care and Health Services
RBC Legal Entity,14/02/2022,4646699,270283,REED,ASC Short Term Team,1328.3,Agency Staff,Third Party Supplier,STANDARD,5722,JAAA-Directorate of Social Care and Health Services
RBC Legal Entity,14/02/2022,4646699,270283,REED,ASC Locality Team,1328.3,Agency Staff,Third Party Supplier,STANDARD,5721,JAAA-Directorate of Social Care and Health Services
RBC Legal Entity,14/02/2022,4646699,270283,REED,ASC Locality Team,1328.3,Agency Staff,Third Party Supplier,STANDARD,5721,JAAA-Directorate of Social Care and Health Services
RBC Legal Entity,14/02/2022,4646699,270283,REED,ASC Locality Team,1328.3,Agency Staff,Third Party Supplier,STANDARD,5721,JAAA-Directorate of Social Care and Health Services
RBC Legal Entity,14/02/2022,4646699,270283,REED,Lateral Flow Testing,1341.16,Agency Staff,Third Party Supplier,STANDARD,2701,LAAA-Directorate of Resources
RBC Legal Entity,14/02/2022,4646699,270283,REED,Transformation,1364.4,Agency Staff,Third Party Supplier,STANDARD,5289,JAAA-Directorate of Social Care and Health Services
RBC Legal Entity,14/02/2022,4646699,270283,REED,ASC Short Term Team,1364.4,Agency Staff,Third Party Supplier,STANDARD,5722,JAAA-Directorate of Social Care and Health Services
RBC Legal Entity,14/02/2022,4646699,270283,REED,ASC Locality Team,1365.3,Agency Staff,Third Party Supplier,STANDARD,5721,JAAA-Directorate of Social Care and Health Services
RBC Legal Entity,14/02/2022,4646699,270283,REED,BFFC Agency Staff (Rechargeable),1365.6,Agency Staff,Third Party Supplier,STANDARD,2008,LAAA-Directorate of Resources
RBC Legal Entity,14/02/2022,4646699,270283,REED,Safeguarding Adults,1402.3,Agency Staff,Third Party Supplier,STANDARD,5158,JAAA-Directorate of Social Care and Health Services
RBC Legal Entity,14/02/2022,4646699,270283,REED,ASC Short Term Team,1402.3,Agency Staff,Third Party Supplier,STANDARD,5722,JAAA-Directorate of Social Care and Health Services
RBC Legal Entity,14/02/2022,4646699,270283,REED,ASC Short Term Team,1402.3,Agency Staff,Third Party Supplier,STANDARD,5722,JAAA-Directorate of Social Care and Health Services
RBC Legal Entity,14/02/2022,4646699,270283,REED,BFFC Agency Staff (Rechargeable),1418.1,Agency Staff,Third Party Supplier,STANDARD,2008,LAAA-Directorate of Resources
RBC Legal Entity,14/02/2022,4646699,270283,REED,ASC Short Term Team,1421.25,Agency Staff,Third Party Supplier,STANDARD,5722,JAAA-Directorate of Social Care and Health Services
RBC Legal Entity,14/02/2022,4646699,270283,REED,ASC Short Term Team,1433.87,Agency Staff,Third Party Supplier,STANDARD,5722,JAAA-Directorate of Social Care and Health Services
RBC Legal Entity,14/02/2022,4646699,270283,REED,ASC Locality Team,1437.73,Agency Staff,Third Party Supplier,STANDARD,5721,JAAA-Directorate of Social Care and Health Services
RBC Legal Entity,14/02/2022,4646699,270283,REED,Mental Health Team,1439.3,Agency Staff,Third Party Supplier,STANDARD,5253,JAAA-Directorate of Social Care and Health Services
RBC Legal Entity,14/02/2022,4646699,270283,REED,ASC Locality Team,1439.3,Agency Staff,Third Party Supplier,STANDARD,5721,JAAA-Directorate of Social Care and Health Services
RBC Legal Entity,14/02/2022,4646699,270283,REED,Mental Health Team,1448.55,Agency Staff,Third Party Supplier,STANDARD,5253,JAAA-Directorate of Social Care and Health Services
RBC Legal Entity,14/02/2022,4646699,270283,REED,BFFC Agency Staff (Rechargeable),1458.11,Agency Staff,Third Party Supplier,STANDARD,2008,LAAA-Directorate of Resources
RBC Legal Entity,14/02/2022,4646699,270283,REED,Transformation,1458.75,Agency Staff,Third Party Supplier,STANDARD,5289,JAAA-Directorate of Social Care and Health Services
RBC Legal Entity,14/02/2022,4646699,270283,REED,ASC Short Term Team,1458.75,Agency Staff,Third Party Supplier,STANDARD,5722,JAAA-Directorate of Social Care and Health Services
RBC Legal Entity,14/02/2022,4646699,270283,REED,BFFC Agency Staff (Rechargeable),1467,Agency Staff,Third Party Supplier,STANDARD,2008,LAAA-Directorate of Resources
RBC Legal Entity,14/02/2022,4646699,270283,REED,BFFC Agency Staff (Rechargeable),1467,Agency Staff,Third Party Supplier,STANDARD,2008,LAAA-Directorate of Resources
RBC Legal Entity,14/02/2022,4646699,270283,REED,ASC Locality Team,1508.4,Agency Staff,Third Party Supplier,STANDARD,5721,JAAA-Directorate of Social Care and Health Services
RBC Legal Entity,14/02/2022,4646699,270283,REED,BFFC Agency Staff (Rechargeable),1550.3,Agency Staff,Third Party Supplier,STANDARD,2008,LAAA-Directorate of Resources
RBC Legal Entity,14/02/2022,4646699,270283,REED,BFFC Agency Staff (Rechargeable),1550.3,Agency Staff,Third Party Supplier,STANDARD,2008,LAAA-Directorate of Resources
RBC Legal Entity,14/02/2022,4646699,270283,REED,ASC Locality Team,1580.4,Agency Staff,Third Party Supplier,STANDARD,5721,JAAA-Directorate of Social Care and Health Services
RBC Legal Entity,14/02/2022,4646699,270283,REED,Legal Services,1587.9,Agency Staff,Third Party Supplier,STANDARD,2400,LAAA-Directorate of Resources
RBC Legal Entity,14/02/2022,4646699,270283,REED,BFFC Agency Staff (Rechargeable),1624.3,Agency Staff,Third Party Supplier,STANDARD,2008,LAAA-Directorate of Resources
RBC Legal Entity,14/02/2022,4646699,270283,REED,BFFC Agency Staff (Rechargeable),1624.3,Agency Staff,Third Party Supplier,STANDARD,2008,LAAA-Directorate of Resources
RBC Legal Entity,14/02/2022,4646699,270283,REED,BFFC Agency Staff (Rechargeable),1624.3,Agency Staff,Third Party Supplier,STANDARD,2008,LAAA-Directorate of Resources
RBC Legal Entity,14/02/2022,4646699,270283,REED,Accountancy,1656,Agency Staff,Third Party Supplier,STANDARD,2200,LAAA-Directorate of Resources
RBC Legal Entity,14/02/2022,4646699,270283,REED,BFFC Agency Staff (Rechargeable),1672.9,Agency Staff,Third Party Supplier,STANDARD,2008,LAAA-Directorate of Resources
RBC Legal Entity,14/02/2022,4646699,270283,REED,Legal Services,1675,Agency Staff,Third Party Supplier,STANDARD,2400,LAAA-Directorate of Resources
RBC Legal Entity,14/02/2022,4646699,270283,REED,ASC Locality Team,1686.48,Agency Staff,Third Party Supplier,STANDARD,5721,JAAA-Directorate of Social Care and Health Services
RBC Legal Entity,14/02/2022,4646699,270283,REED,ASC Short Term Team,1695.51,Agency Staff,Third Party Supplier,STANDARD,5722,JAAA-Directorate of Social Care and Health Services
RBC Legal Entity,14/02/2022,4646699,270283,REED,ASC Locality Team,1696.95,Agency Staff,Third Party Supplier,STANDARD,5721,JAAA-Directorate of Social Care and Health Services
RBC Legal Entity,14/02/2022,4646699,270283,REED,BFFC Agency Staff (Rechargeable),1698.3,Agency Staff,Third Party Supplier,STANDARD,2008,LAAA-Directorate of Resources
RBC Legal Entity,14/02/2022,4646699,270283,REED,ASC Short Term Team,1792.32,Agency Staff,Third Party Supplier,STANDARD,5722,JAAA-Directorate of Social Care and Health Services
RBC Legal Entity,14/02/2022,4646699,270283,REED,BFFC Agency Staff (Rechargeable),1809.3,Agency Staff,Third Party Supplier,STANDARD,2008,LAAA-Directorate of Resources
RBC Legal Entity,14/02/2022,4646699,270283,REED,BFFC Agency Staff (Rechargeable),1809.3,Agency Staff,Third Party Supplier,STANDARD,2008,LAAA-Directorate of Resources
RBC Legal Entity,14/02/2022,4646699,270283,REED,BFFC Agency Staff (Rechargeable),1809.3,Agency Staff,Third Party Supplier,STANDARD,2008,LAAA-Directorate of Resources
RBC Legal Entity,14/02/2022,4646699,270283,REED,BFFC Agency Staff (Rechargeable),1809.3,Agency Staff,Third Party Supplier,STANDARD,2008,LAAA-Directorate of Resources
RBC Legal Entity,14/02/2022,4646699,270283,REED,BFFC Agency Staff (Rechargeable),1809.3,Agency Staff,Third Party Supplier,STANDARD,2008,LAAA-Directorate of Resources
RBC Legal Entity,14/02/2022,4646699,270283,REED,BFFC Agency Staff (Rechargeable),1809.3,Agency Staff,Third Party Supplier,STANDARD,2008,LAAA-Directorate of Resources
RBC Legal Entity,14/02/2022,4646699,270283,REED,BFFC Agency Staff (Rechargeable),1809.3,Agency Staff,Third Party Supplier,STANDARD,2008,LAAA-Directorate of Resources
RBC Legal Entity,14/02/2022,4646699,270283,REED,BFFC Agency Staff (Rechargeable),1809.3,Agency Staff,Third Party Supplier,STANDARD,2008,LAAA-Directorate of Resources
RBC Legal Entity,14/02/2022,4646699,270283,REED,BFFC Agency Staff (Rechargeable),1809.3,Agency Staff,Third Party Supplier,STANDARD,2008,LAAA-Directorate of Resources
RBC Legal Entity,14/02/2022,4646699,270283,REED,BFFC Agency Staff (Rechargeable),1809.3,Agency Staff,Third Party Supplier,STANDARD,2008,LAAA-Directorate of Resources
RBC Legal Entity,14/02/2022,4646699,270283,REED,BFFC Agency Staff (Rechargeable),1809.3,Agency Staff,Third Party Supplier,STANDARD,2008,LAAA-Directorate of Resources
RBC Legal Entity,14/02/2022,4646699,270283,REED,BFFC Agency Staff (Rechargeable),1816.21,Agency Staff,Third Party Supplier,STANDARD,2008,LAAA-Directorate of Resources
RBC Legal Entity,14/02/2022,4646699,270283,REED,BFFC Agency Staff (Rechargeable),1818.55,Agency Staff,Third Party Supplier,STANDARD,2008,LAAA-Directorate of Resources
RBC Legal Entity,14/02/2022,4646699,270283,REED,BFFC Agency Staff (Rechargeable),1818.55,Agency Staff,Third Party Supplier,STANDARD,2008,LAAA-Directorate of Resources
RBC Legal Entity,14/02/2022,4646699,270283,REED,BFFC Agency Staff (Rechargeable),1818.55,Agency Staff,Third Party Supplier,STANDARD,2008,LAAA-Directorate of Resources
RBC Legal Entity,14/02/2022,4646699,270283,REED,Accountancy,1836.8,Agency Staff,Third Party Supplier,STANDARD,2200,LAAA-Directorate of Resources
RBC Legal Entity,14/02/2022,4646699,270283,REED,Joint Legal Team,1846.3,Agency Staff,Third Party Supplier,STANDARD,2405,LAAA-Directorate of Resources
RBC Legal Entity,14/02/2022,4646699,270283,REED,Joint Legal Team,1846.67,Agency Staff,Third Party Supplier,STANDARD,2405,LAAA-Directorate of Resources
RBC Legal Entity,14/02/2022,4646699,270283,REED,ASC Short Term Team,1911.74,Agency Staff,Third Party Supplier,STANDARD,5722,JAAA-Directorate of Social Care and Health Services
RBC Legal Entity,14/02/2022,4646699,270283,REED,Joint Legal Team,2031.3,Agency Staff,Third Party Supplier,STANDARD,2405,LAAA-Directorate of Resources
RBC Legal Entity,14/02/2022,4646699,270283,REED,BFFC Agency Staff (Rechargeable),2055.05,Agency Staff,Third Party Supplier,STANDARD,2008,LAAA-Directorate of Resources
RBC Legal Entity,14/02/2022,4646699,270283,REED,BFFC Agency Staff (Rechargeable),2067.6,Agency Staff,Third Party Supplier,STANDARD,2008,LAAA-Directorate of Resources
RBC Legal Entity,14/02/2022,4646699,270283,REED,Valuation,2115.9,Agency Staff,Third Party Supplier,STANDARD,2100,KAAA-Directorate of Economic Growth and Neighbourhood Services
RBC Legal Entity,14/02/2022,4646699,270283,REED,Legal Services,2162.72,Agency Staff,Third Party Supplier,STANDARD,2400,LAAA-Directorate of Resources
RBC Legal Entity,14/02/2022,4646699,270283,REED,Joint Legal Team,2196,Agency Staff,Third Party Supplier,STANDARD,2405,LAAA-Directorate of Resources
RBC Legal Entity,14/02/2022,4646699,270283,REED,Accountancy,2296,Agency Staff,Third Party Supplier,STANDARD,2200,LAAA-Directorate of Resources
RBC Legal Entity,14/02/2022,4646699,270283,REED,BFFC Agency Staff (Rechargeable),2344.8,Agency Staff,Third Party Supplier,STANDARD,2008,LAAA-Directorate of Resources
RBC Legal Entity,14/02/2022,4646699,270283,REED,IT Management,2426,Agency Staff,Third Party Supplier,STANDARD,2300,EAAA-Chief Executive
RBC Legal Entity,14/02/2022,4646699,270283,REED,Test and Trace,2478.5,Agency Staff,Third Party Supplier,STANDARD,2068,JAAA-Directorate of Social Care and Health Services
RBC Legal Entity,14/02/2022,4646699,270283,REED,Legal Services,2507.09,Agency Staff,Third Party Supplier,STANDARD,2400,LAAA-Directorate of Resources
RBC Legal Entity,14/02/2022,4646699,270283,REED,Accountancy,2637.9,Agency Staff,Third Party Supplier,STANDARD,2200,LAAA-Directorate of Resources
RBC Legal Entity,14/02/2022,4646699,270283,REED,IT Management,2676,Agency Staff,Third Party Supplier,STANDARD,2300,EAAA-Chief Executive
RBC Legal Entity,14/02/2022,4646699,270283,REED,Accountancy,2856,Agency Staff,Third Party Supplier,STANDARD,2200,LAAA-Directorate of Resources
RBC Legal Entity,14/02/2022,4646699,270283,REED,IT Management,2856,Agency Staff,Third Party Supplier,STANDARD,2300,EAAA-Chief Executive
RBC Legal Entity,14/02/2022,4646699,270283,REED,ASC Senior Management Team,2926,Agency Staff,Third Party Supplier,STANDARD,5700,JAAA-Directorate of Social Care and Health Services
RBC Legal Entity,14/02/2022,4646699,270283,REED,ASC Senior Management Team,3196,Agency Staff,Third Party Supplier,STANDARD,5700,JAAA-Directorate of Social Care and Health Services
RBC Legal Entity,14/02/2022,4646699,270283,REED,BFFC Agency Staff (Rechargeable),3544.4,Agency Staff,Third Party Supplier,STANDARD,2008,LAAA-Directorate of Resources
RBC Legal Entity,14/02/2022,4646699,270283,REED,ASC Senior Management Team,4474.4,Agency Staff,Third Party Supplier,STANDARD,5700,JAAA-Directorate of Social Care and Health Services
RBC Legal Entity,14/02/2022,4646713,270286,E-MPIRICAL LTD,New Directions,1575,Consultancy Fees,SUPPLIER,STANDARD,3340,KAAA-Directorate of Economic Growth and Neighbourhood Services
RBC Legal Entity,14/02/2022,4650255,270287,JANE MALEY,Guaranteed Rent Scheme,1006.72,Rents,SUPPLIER,STANDARD,5872,KAAA-Directorate of Economic Growth and Neighbourhood Services
RBC Legal Entity,14/02/2022,4650260,270288,CHEERENT LTD T/A VANDERPUMP & WELLBELOVE,Guaranteed Rent Scheme,503.77,Rents,Landlord,STANDARD,5872,KAAA-Directorate of Economic Growth and Neighbourhood Services
RBC Legal Entity,14/02/2022,4650261,270288,CHEERENT LTD T/A VANDERPUMP & WELLBELOVE,Guaranteed Rent Scheme,580.57,Rents,Landlord,STANDARD,5872,KAAA-Directorate of Economic Growth and Neighbourhood Services
RBC Legal Entity,14/02/2022,4643767,270289,UNICORN WINDOWS LTD,Planned Maintenance Trades,929,Subcontractors Labour,SUB-CONTRACTOR,STANDARD,4040,KAAA-Directorate of Economic Growth and Neighbourhood Services
RBC Legal Entity,14/02/2022,4643768,270289,UNICORN WINDOWS LTD,Planned Maintenance Trades,929,Subcontractors Labour,SUB-CONTRACTOR,STANDARD,4040,KAAA-Directorate of Economic Growth and Neighbourhood Services
RBC Legal Entity,14/02/2022,4644098,270289,UNICORN WINDOWS LTD,Planned Maintenance Trades,454.26,Subcontractors Labour,SUB-CONTRACTOR,STANDARD,4040,KAAA-Directorate of Economic Growth and Neighbourhood Services
RBC Legal Entity,14/02/2022,4645505,270290,CHRISTOPHERS LIMOUSINE SERVICE,Mayor,1500,Contrib.to Transp.Finance,SUPPLIER,STANDARD,2505,EAAA-Chief Executive
RBC Legal Entity,14/02/2022,4648645,270291,M & B ELECTRICAL SERVICES,Repairs,8400,Electrical Checks,SUB-CONTRACTOR,STANDARD,5970,HAAA-Housing Revenue Account
RBC Legal Entity,14/02/2022,4650315,270296,BEVAN BRITTAN,Food and Safety,90000,Consultancy Fees,SUPPLIER,STANDARD,4614,KAAA-Directorate of Economic Growth and Neighbourhood Services
RBC Legal Entity,14/02/2022,4643608,270297,FRANCES HARRIS,JLT Disbursements,675,Misc. Legal Expenses,SUPPLIER,STANDARD,2407,LAAA-Directorate of Resources
RBC Legal Entity,14/02/2022,4643629,270297,FRANCES HARRIS,JLT Disbursements,1350,Misc. Legal Expenses,SUPPLIER,STANDARD,2407,LAAA-Directorate of Resources
RBC Legal Entity,14/02/2022,4648930,270299,CREAM DESIGN LTD,Team Reading,16018,Miscellaneous Expenses,SUPPLIER,STANDARD,2605,LAAA-Directorate of Resources
RBC Legal Entity,14/02/2022,4646667,270301,SHABANA B LIMITED,Bed and Breakfast,840,Rents,SUPPLIER,STANDARD,5871,KAAA-Directorate of Economic Growth and Neighbourhood Services
RBC Legal Entity,14/02/2022,4643591,270302,STREETSPACE LTD,Repairs,7237.42,Tenants Devolved Budget,SUB-CONTRACTOR,STANDARD,5970,HAAA-Housing Revenue Account
RBC Legal Entity,14/02/2022,4650259,270304,DR FARLEY FERNANDO,Guaranteed Rent Scheme,783.77,Rents,Direct Payments,STANDARD,5872,KAAA-Directorate of Economic Growth and Neighbourhood Services
RBC Legal Entity,14/02/2022,4643709,270306,F M CONWAY LTD,Highways,1198.44,Materials Direct,SUB-CONTRACTOR,STANDARD,4252,KAAA-Directorate of Economic Growth and Neighbourhood Services
RBC Legal Entity,14/02/2022,4643727,270306,F M CONWAY LTD,Highways,610,Materials Direct,SUB-CONTRACTOR,STANDARD,4252,KAAA-Directorate of Economic Growth and Neighbourhood Services
RBC Legal Entity,14/02/2022,4643194,270307,CARE4U WE LTD,Mental Health Community Services,7420.24,Purchased Care,Third Party Supplier,STANDARD,5731,JAAA-Directorate of Social Care and Health Services
RBC Legal Entity,14/02/2022,4646551,270309,EW BEARD LIMITED,HRA portfolio expansion,197485,External Fees  Misc.,SUB-CONTRACTOR,STANDARD,8518,ZZZC-Capital
RBC Legal Entity,14/02/2022,4650105,270324,L C AND S PRIVATE LIMITED,Safeguarding Adults,758.1,Professional Fees,SUPPLIER,STANDARD,5158,JAAA-Directorate of Social Care and Health Services
RBC Legal Entity,14/02/2022,4643759,270325,GREGORY PSYCHOLOGICAL SERVICES LTD,JLT Disbursements,6805.6,Misc. Legal Expenses,SUPPLIER,STANDARD,2407,LAAA-Directorate of Resources
RBC Legal Entity,14/02/2022,4643685,270326,BTU (INSTALLATION & MAINTENANCE) LTD,Archives General,3210,Plant Maintenance,SUB-CONTRACTOR,STANDARD,1256,KAAA-Directorate of Economic Growth and Neighbourhood Services
RBC Legal Entity,14/02/2022,4650398,270327,THE CONFLICT TRAINING COMPANY,Corporate Organisational Development,800,Training & Development Costs,SUPPLIER,STANDARD,3435,LAAA-Directorate of Resources
RBC Legal Entity,14/02/2022,4643562,270328,MATTHEW DALE-HARRIS,Planning,1500,TPP  Contract,SUPPLIER,STANDARD,4700,KAAA-Directorate of Economic Growth and Neighbourhood Services
RBC Legal Entity,14/02/2022,4650107,270329,ETHU CRORIE,Legal Services,450,Misc. Legal Expenses,INDIVIDUAL,STANDARD,2400,LAAA-Directorate of Resources
RBC Legal Entity,14/02/2022,4648478,270330,I.V CARE LTD,PS Acquired Community Services,1596,Purchased Care,Third Party Supplier,STANDARD,5771,JAAA-Directorate of Social Care and Health Services
RBC Legal Entity,14/02/2022,4648480,270330,I.V CARE LTD,PS Acquired Community Services,2242,Purchased Care,Third Party Supplier,STANDARD,5771,JAAA-Directorate of Social Care and Health Services
RBC Legal Entity,14/02/2022,4648481,270330,I.V CARE LTD,PS Acquired Community Services,2120.08,Purchased Care,Third Party Supplier,STANDARD,5771,JAAA-Directorate of Social Care and Health Services
RBC Legal Entity,14/02/2022,4648483,270330,I.V CARE LTD,PS Acquired Community Services,931,Purchased Care,Third Party Supplier,STANDARD,5771,JAAA-Directorate of Social Care and Health Services
RBC Legal Entity,14/02/2022,4648499,270330,I.V CARE LTD,PS Acquired Community Services,532,Purchased Care,Third Party Supplier,STANDARD,5771,JAAA-Directorate of Social Care and Health Services
RBC Legal Entity,14/02/2022,4648622,270331,CORE ASSETS GROUP,JLT Disbursements,1316.4,Misc. Legal Expenses,Third Party Supplier,STANDARD,2407,LAAA-Directorate of Resources
RBC Legal Entity,14/02/2022,4650137,270334,THE HOUSING NETWORK,Housing GF General Charges,1800,Preventive+SupportiveServ,SUPPLIER,STANDARD,5810,KAAA-Directorate of Economic Growth and Neighbourhood Services
RBC Legal Entity,14/02/2022,4650106,270335,EDWARD ELTON,Legal Services,1718.75,Misc. Legal Expenses,INDIVIDUAL,STANDARD,2400,LAAA-Directorate of Resources
RBC Legal Entity,14/02/2022,4650109,270335,EDWARD ELTON,Legal Services,1883.33,Misc. Legal Expenses,INDIVIDUAL,STANDARD,2400,LAAA-Directorate of Resources
RBC Legal Entity,14/02/2022,4650395,270337,WORTHWHILE TRAINING,Corporate Organisational Development,1650,Training & Development Costs,SUPPLIER,STANDARD,3435,LAAA-Directorate of Resources
RBC Legal Entity,14/02/2022,4643429,270353,STANTEC UK LIMITED,LEP Projects,16750,Contractors,Third Party Supplier,STANDARD,8806,ZZZC-Capital
RBC Legal Entity,14/02/2022,4643612,270354,MALLATITE LTD,Civil Engineering,2680,Street Lighting,Third Party Supplier,STANDARD,4550,KAAA-Directorate of Economic Growth and Neighbourhood Services
RBC Legal Entity,14/02/2022,4650358,270355,IBIS STYLES READING CENTRE,Single Homelessness Grants,1140.3,Preventive+SupportiveServ,Third Party Supplier,STANDARD,5860,KAAA-Directorate of Economic Growth and Neighbourhood Services
RBC Legal Entity,14/02/2022,4650358,270355,IBIS STYLES READING CENTRE,Single Homelessness Grants,5964.44,Preventive+SupportiveServ,Third Party Supplier,STANDARD,5860,KAAA-Directorate of Economic Growth and Neighbourhood Services
RBC Legal Entity,14/02/2022,4650358,270355,IBIS STYLES READING CENTRE,Single Homelessness Grants,7981.64,Preventive+SupportiveServ,Third Party Supplier,STANDARD,5860,KAAA-Directorate of Economic Growth and Neighbourhood Services
RBC Legal Entity,14/02/2022,4650359,270355,IBIS STYLES READING CENTRE,Single Homelessness Grants,256.05,Preventive+SupportiveServ,Third Party Supplier,STANDARD,5860,KAAA-Directorate of Economic Growth and Neighbourhood Services
RBC Legal Entity,14/02/2022,4650359,270355,IBIS STYLES READING CENTRE,Single Homelessness Grants,1792.74,Preventive+SupportiveServ,Third Party Supplier,STANDARD,5860,KAAA-Directorate of Economic Growth and Neighbourhood Services
RBC Legal Entity,14/02/2022,4650360,270355,IBIS STYLES READING CENTRE,Housing GF General Charges,256.05,Preventive+SupportiveServ,Third Party Supplier,STANDARD,5810,KAAA-Directorate of Economic Growth and Neighbourhood Services
RBC Legal Entity,14/02/2022,4650360,270355,IBIS STYLES READING CENTRE,Housing GF General Charges,447.99,Preventive+SupportiveServ,Third Party Supplier,STANDARD,5810,KAAA-Directorate of Economic Growth and Neighbourhood Services
RBC Legal Entity,14/02/2022,4650360,270355,IBIS STYLES READING CENTRE,Housing GF General Charges,1792.74,Preventive+SupportiveServ,Third Party Supplier,STANDARD,5810,KAAA-Directorate of Economic Growth and Neighbourhood Services
RBC Legal Entity,14/02/2022,4650180,270356,CELADOR APARTMENTS LIMITED,Bed and Breakfast,1946,Rents,SUPPLIER,STANDARD,5871,KAAA-Directorate of Economic Growth and Neighbourhood Services
RBC Legal Entity,14/02/2022,4650181,270356,CELADOR APARTMENTS LIMITED,Bed and Breakfast,644,Rents,SUPPLIER,STANDARD,5871,KAAA-Directorate of Economic Growth and Neighbourhood Services
RBC Legal Entity,14/02/2022,4643627,270360,ISW ASSESSMENT AND CONSULTANCY LTD,JLT Disbursements,654.9,Misc. Legal Expenses,Third Party Supplier,STANDARD,2407,LAAA-Directorate of Resources
RBC Legal Entity,14/02/2022,4648154,270361,PELLIKAAN CONSTRUCTION LTD,Leisure Review,570943.31,Building Works,SUB-CONTRACTOR,STANDARD,8016,ZZZC-Capital
RBC Legal Entity,14/02/2022,4648155,270361,PELLIKAAN CONSTRUCTION LTD,Leisure Review,552525.28,Building Works,SUB-CONTRACTOR,STANDARD,8016,ZZZC-Capital
RBC Legal Entity,14/02/2022,4650204,270362,YBC CLEANING SERVICES LTD,Building Cleaning,-512,TPP to Others,Third Party Supplier,CREDIT,4351,KAAA-Directorate of Economic Growth and Neighbourhood Services
RBC Legal Entity,14/02/2022,4650231,270362,YBC CLEANING SERVICES LTD,Building Cleaning,26800,TPP to Others,Third Party Supplier,STANDARD,4351,KAAA-Directorate of Economic Growth and Neighbourhood Services
RBC Legal Entity,14/02/2022,4647993,270363,BANNER GROUP LTD,Buildings Payroll,37.34,Stationery  Consumables,Third Party Supplier,STANDARD,3390,KAAA-Directorate of Economic Growth and Neighbourhood Services
RBC Legal Entity,14/02/2022,4647993,270363,BANNER GROUP LTD,Buildings Payroll,707.98,Stationery  Consumables,Third Party Supplier,STANDARD,3390,KAAA-Directorate of Economic Growth and Neighbourhood Services
RBC Legal Entity,14/02/2022,4648002,270363,BANNER GROUP LTD,Buildings Payroll,436.8,Stationery  Consumables,Third Party Supplier,STANDARD,3390,KAAA-Directorate of Economic Growth and Neighbourhood Services
RBC Legal Entity,14/02/2022,4645462,270364,STEEL SOCIAL WORK LTD,JLT Disbursements,2081,Misc. Legal Expenses,Third Party Supplier,STANDARD,2407,LAAA-Directorate of Resources
RBC Legal Entity,14/02/2022,4646629,270378,LOVING ARMS CARE AND SUPPORT LTD,JLT Disbursements,1278.6,Misc. Legal Expenses,Third Party Supplier,STANDARD,2407,LAAA-Directorate of Resources
RBC Legal Entity,14/02/2022,4650253,270380,MRS V C MORRIS AND MRS P J MORRIS,Guaranteed Rent Scheme,694.59,Rents,Landlord,STANDARD,5872,KAAA-Directorate of Economic Growth and Neighbourhood Services
RBC Legal Entity,14/02/2022,4638592,270381,POLICE CRIME PREVENTION INITIATIVES LTD,Safer Community Unit,3240,Special Measures Expenses,Third Party Supplier,STANDARD,5365,KAAA-Directorate of Economic Growth and Neighbourhood Services
RBC Legal Entity,15/02/2022,4648717,270510,MORRIS & BLUNT,MRA Account,24391.7,Roofs + Structural,SUB-CONTRACTOR,STANDARD,5975,HAAA-Housing Revenue Account
RBC Legal Entity,15/02/2022,4648718,270510,MORRIS & BLUNT,Repairs,10255.25,Special Adaptions,SUB-CONTRACTOR,STANDARD,5970,HAAA-Housing Revenue Account
RBC Legal Entity,15/02/2022,4647989,270511,ROBINSON TRANSPORT & REMOVALS LTD,Allocation,650,Special Measures Expenses,SUPPLIER,STANDARD,5980,HAAA-Housing Revenue Account
RBC Legal Entity,15/02/2022,4643433,270514,AMBLEGLOW,Traffic,688,Traffic Orders,Third Party Supplier,STANDARD,4703,KAAA-Directorate of Economic Growth and Neighbourhood Services
RBC Legal Entity,15/02/2022,4649036,270515,READING CENTRE FOR THE DEAF,ASC Voluntary Grants,3750,GrantsVolunt.Organ.,SUPPLIER,STANDARD,5300,JAAA-Directorate of Social Care and Health Services
RBC Legal Entity,15/02/2022,4638373,270517,SIMONE SURVEYS LTD,Local Sustainable Transport Fund (LSTF),11130,Design Fees,SUB-CONTRACTOR,STANDARD,8801,ZZZC-Capital
RBC Legal Entity,15/02/2022,4644062,270517,SIMONE SURVEYS LTD,Traffic,450,Leasing Costs,SUB-CONTRACTOR,STANDARD,4703,KAAA-Directorate of Economic Growth and Neighbourhood Services
RBC Legal Entity,15/02/2022,4644063,270517,SIMONE SURVEYS LTD,Traffic,540,Leasing Costs,SUB-CONTRACTOR,STANDARD,4703,KAAA-Directorate of Economic Growth and Neighbourhood Services
RBC Legal Entity,15/02/2022,4644099,270517,SIMONE SURVEYS LTD,Traffic,540,Leasing Costs,SUB-CONTRACTOR,STANDARD,4703,KAAA-Directorate of Economic Growth and Neighbourhood Services
RBC Legal Entity,15/02/2022,4644100,270517,SIMONE SURVEYS LTD,Traffic,540,Leasing Costs,SUB-CONTRACTOR,STANDARD,4703,KAAA-Directorate of Economic Growth and Neighbourhood Services
RBC Legal Entity,15/02/2022,4644101,270517,SIMONE SURVEYS LTD,Traffic,540,Leasing Costs,SUB-CONTRACTOR,STANDARD,4703,KAAA-Directorate of Economic Growth and Neighbourhood Services
RBC Legal Entity,15/02/2022,4644182,270517,SIMONE SURVEYS LTD,Traffic,540,Leasing Costs,SUB-CONTRACTOR,STANDARD,4703,KAAA-Directorate of Economic Growth and Neighbourhood Services
RBC Legal Entity,15/02/2022,4649653,270519,TONNA CARE SERVICES LTD,Assets _ General,-1010.44,Payments in Advance,Third Party Supplier,CREDIT,9885,ZZZB-Balance Sheet
RBC Legal Entity,15/02/2022,4649653,270519,TONNA CARE SERVICES LTD,LD Community Services,4041.74,Purchased Care,Third Party Supplier,STANDARD,5741,JAAA-Directorate of Social Care and Health Services
RBC Legal Entity,15/02/2022,4649654,270519,TONNA CARE SERVICES LTD,Assets _ General,-219.8,Payments in Advance,Third Party Supplier,CREDIT,9885,ZZZB-Balance Sheet
RBC Legal Entity,15/02/2022,4649654,270519,TONNA CARE SERVICES LTD,Social Support,879.2,Purchased Care,Third Party Supplier,STANDARD,5790,JAAA-Directorate of Social Care and Health Services
RBC Legal Entity,15/02/2022,4649656,270519,TONNA CARE SERVICES LTD,Assets _ General,-471,Payments in Advance,Third Party Supplier,CREDIT,9885,ZZZB-Balance Sheet
RBC Legal Entity,15/02/2022,4649656,270519,TONNA CARE SERVICES LTD,LD Community Services,1884,Purchased Care,Third Party Supplier,STANDARD,5741,JAAA-Directorate of Social Care and Health Services
RBC Legal Entity,15/02/2022,4649658,270519,TONNA CARE SERVICES LTD,Assets _ General,-325.78,Payments in Advance,Third Party Supplier,CREDIT,9885,ZZZB-Balance Sheet
RBC Legal Entity,15/02/2022,4649658,270519,TONNA CARE SERVICES LTD,LD Community Services,1303.1,Purchased Care,Third Party Supplier,STANDARD,5741,JAAA-Directorate of Social Care and Health Services
RBC Legal Entity,15/02/2022,4649659,270519,TONNA CARE SERVICES LTD,Assets _ General,-790.64,Payments in Advance,Third Party Supplier,CREDIT,9885,ZZZB-Balance Sheet
RBC Legal Entity,15/02/2022,4649659,270519,TONNA CARE SERVICES LTD,LD Community Services,3162.54,Purchased Care,Third Party Supplier,STANDARD,5741,JAAA-Directorate of Social Care and Health Services
RBC Legal Entity,15/02/2022,4649661,270519,TONNA CARE SERVICES LTD,Assets _ General,-1350.2,Payments in Advance,Third Party Supplier,CREDIT,9885,ZZZB-Balance Sheet
RBC Legal Entity,15/02/2022,4649661,270519,TONNA CARE SERVICES LTD,LD Community Services,5400.8,Purchased Care,Third Party Supplier,STANDARD,5741,JAAA-Directorate of Social Care and Health Services
RBC Legal Entity,15/02/2022,4649663,270519,TONNA CARE SERVICES LTD,Assets _ General,-487.68,Payments in Advance,Third Party Supplier,CREDIT,9885,ZZZB-Balance Sheet
RBC Legal Entity,15/02/2022,4649663,270519,TONNA CARE SERVICES LTD,LD Community Services,1950.73,Purchased Care,Third Party Supplier,STANDARD,5741,JAAA-Directorate of Social Care and Health Services
RBC Legal Entity,15/02/2022,4649665,270519,TONNA CARE SERVICES LTD,Assets _ General,-628,Payments in Advance,Third Party Supplier,CREDIT,9885,ZZZB-Balance Sheet
RBC Legal Entity,15/02/2022,4649665,270519,TONNA CARE SERVICES LTD,PS Acquired Community Services,2512,Purchased Care,Third Party Supplier,STANDARD,5771,JAAA-Directorate of Social Care and Health Services
RBC Legal Entity,15/02/2022,4649666,270519,TONNA CARE SERVICES LTD,Assets _ General,-164.85,Payments in Advance,Third Party Supplier,CREDIT,9885,ZZZB-Balance Sheet
RBC Legal Entity,15/02/2022,4649666,270519,TONNA CARE SERVICES LTD,LD Community Services,659.4,Purchased Care,Third Party Supplier,STANDARD,5741,JAAA-Directorate of Social Care and Health Services
RBC Legal Entity,15/02/2022,4649667,270519,TONNA CARE SERVICES LTD,Assets _ General,-235.5,Payments in Advance,Third Party Supplier,CREDIT,9885,ZZZB-Balance Sheet
RBC Legal Entity,15/02/2022,4649667,270519,TONNA CARE SERVICES LTD,LD Community Services,942,Purchased Care,Third Party Supplier,STANDARD,5741,JAAA-Directorate of Social Care and Health Services
RBC Legal Entity,15/02/2022,4649668,270519,TONNA CARE SERVICES LTD,Assets _ General,-866.85,Payments in Advance,Third Party Supplier,CREDIT,9885,ZZZB-Balance Sheet
RBC Legal Entity,15/02/2022,4649668,270519,TONNA CARE SERVICES LTD,LD Community Services,3467.4,Purchased Care,Third Party Supplier,STANDARD,5741,JAAA-Directorate of Social Care and Health Services
RBC Legal Entity,15/02/2022,4649678,270519,TONNA CARE SERVICES LTD,Assets _ General,-157,Payments in Advance,Third Party Supplier,CREDIT,9885,ZZZB-Balance Sheet
RBC Legal Entity,15/02/2022,4649678,270519,TONNA CARE SERVICES LTD,Mental Health Community Services,628,Purchased Care,Third Party Supplier,STANDARD,5731,JAAA-Directorate of Social Care and Health Services
RBC Legal Entity,15/02/2022,4649679,270519,TONNA CARE SERVICES LTD,Assets _ General,-157,Payments in Advance,Third Party Supplier,CREDIT,9885,ZZZB-Balance Sheet
RBC Legal Entity,15/02/2022,4649679,270519,TONNA CARE SERVICES LTD,PS Acquired Community Services,628,Purchased Care,Third Party Supplier,STANDARD,5771,JAAA-Directorate of Social Care and Health Services
RBC Legal Entity,15/02/2022,4649681,270519,TONNA CARE SERVICES LTD,Assets _ General,-1479.51,Payments in Advance,Third Party Supplier,CREDIT,9885,ZZZB-Balance Sheet
RBC Legal Entity,15/02/2022,4649681,270519,TONNA CARE SERVICES LTD,LD Community Services,5918.04,Purchased Care,Third Party Supplier,STANDARD,5741,JAAA-Directorate of Social Care and Health Services
RBC Legal Entity,15/02/2022,4649682,270519,TONNA CARE SERVICES LTD,Assets _ General,-125.6,Payments in Advance,Third Party Supplier,CREDIT,9885,ZZZB-Balance Sheet
RBC Legal Entity,15/02/2022,4649682,270519,TONNA CARE SERVICES LTD,Social Support,502.4,Purchased Care,Third Party Supplier,STANDARD,5790,JAAA-Directorate of Social Care and Health Services
RBC Legal Entity,15/02/2022,4649683,270519,TONNA CARE SERVICES LTD,Assets _ General,-2044.35,Payments in Advance,Third Party Supplier,CREDIT,9885,ZZZB-Balance Sheet
RBC Legal Entity,15/02/2022,4649683,270519,TONNA CARE SERVICES LTD,LD Community Services,8177.4,Purchased Care,Third Party Supplier,STANDARD,5741,JAAA-Directorate of Social Care and Health Services
RBC Legal Entity,15/02/2022,4649684,270519,TONNA CARE SERVICES LTD,Assets _ General,-1833.77,Payments in Advance,Third Party Supplier,CREDIT,9885,ZZZB-Balance Sheet
RBC Legal Entity,15/02/2022,4649684,270519,TONNA CARE SERVICES LTD,LD Community Services,7335.06,Purchased Care,Third Party Supplier,STANDARD,5741,JAAA-Directorate of Social Care and Health Services
RBC Legal Entity,15/02/2022,4649686,270519,TONNA CARE SERVICES LTD,Assets _ General,-298.3,Payments in Advance,Third Party Supplier,CREDIT,9885,ZZZB-Balance Sheet
RBC Legal Entity,15/02/2022,4649686,270519,TONNA CARE SERVICES LTD,M&C Acquired Community Services,1193.2,Purchased Care,Third Party Supplier,STANDARD,5751,JAAA-Directorate of Social Care and Health Services
RBC Legal Entity,15/02/2022,4649687,270519,TONNA CARE SERVICES LTD,Assets _ General,-133.45,Payments in Advance,Third Party Supplier,CREDIT,9885,ZZZB-Balance Sheet
RBC Legal Entity,15/02/2022,4649687,270519,TONNA CARE SERVICES LTD,LD Community Services,533.8,Purchased Care,Third Party Supplier,STANDARD,5741,JAAA-Directorate of Social Care and Health Services
RBC Legal Entity,15/02/2022,4649689,270519,TONNA CARE SERVICES LTD,Assets _ General,-157,Payments in Advance,Third Party Supplier,CREDIT,9885,ZZZB-Balance Sheet
RBC Legal Entity,15/02/2022,4649689,270519,TONNA CARE SERVICES LTD,LD Community Services,628,Purchased Care,Third Party Supplier,STANDARD,5741,JAAA-Directorate of Social Care and Health Services
RBC Legal Entity,15/02/2022,4649690,270519,TONNA CARE SERVICES LTD,Assets _ General,-843.66,Payments in Advance,Third Party Supplier,CREDIT,9885,ZZZB-Balance Sheet
RBC Legal Entity,15/02/2022,4649690,270519,TONNA CARE SERVICES LTD,PS Acquired Community Services,3374.64,Purchased Care,Third Party Supplier,STANDARD,5771,JAAA-Directorate of Social Care and Health Services
RBC Legal Entity,15/02/2022,4649694,270519,TONNA CARE SERVICES LTD,Assets _ General,-141.3,Payments in Advance,Third Party Supplier,CREDIT,9885,ZZZB-Balance Sheet
RBC Legal Entity,15/02/2022,4649694,270519,TONNA CARE SERVICES LTD,LD Community Services,565.2,Purchased Care,Third Party Supplier,STANDARD,5741,JAAA-Directorate of Social Care and Health Services
RBC Legal Entity,15/02/2022,4650433,270520,BOYES TURNER LLP,Corporate Miscellaneous,3206,Misc. Legal Expenses,Third Party Supplier,STANDARD,2855,MAAA-Corporate Codes
RBC Legal Entity,15/02/2022,4650553,270521,A2 DOMINION SOUTH,Housing GF General Charges,579.7,Preventive+SupportiveServ,SUPPLIER,STANDARD,5810,KAAA-Directorate of Economic Growth and Neighbourhood Services
RBC Legal Entity,15/02/2022,4649085,270523,J H CRESSWELL & SONS LTD,Civil Engineering,3254.15,Winter Maintenance,SUB-CONTRACTOR,STANDARD,4550,KAAA-Directorate of Economic Growth and Neighbourhood Services
RBC Legal Entity,15/02/2022,4650473,270526,READING UK CIC,New Directions,716.39,Miscellaneous Income,Third Party Supplier,STANDARD,3340,KAAA-Directorate of Economic Growth and Neighbourhood Services
RBC Legal Entity,15/02/2022,4650473,270526,READING UK CIC,New Directions,716.39,Miscellaneous Income,Third Party Supplier,STANDARD,3340,KAAA-Directorate of Economic Growth and Neighbourhood Services
RBC Legal Entity,15/02/2022,4650473,270526,READING UK CIC,New Directions,716.39,Miscellaneous Income,Third Party Supplier,STANDARD,3340,KAAA-Directorate of Economic Growth and Neighbourhood Services
RBC Legal Entity,15/02/2022,4650473,270526,READING UK CIC,New Directions,941.16,Miscellaneous Income,Third Party Supplier,STANDARD,3340,KAAA-Directorate of Economic Growth and Neighbourhood Services
RBC Legal Entity,15/02/2022,4650473,270526,READING UK CIC,New Directions,941.16,Miscellaneous Income,Third Party Supplier,STANDARD,3340,KAAA-Directorate of Economic Growth and Neighbourhood Services
RBC Legal Entity,15/02/2022,4650473,270526,READING UK CIC,New Directions,941.16,Miscellaneous Income,Third Party Supplier,STANDARD,3340,KAAA-Directorate of Economic Growth and Neighbourhood Services
RBC Legal Entity,15/02/2022,4650473,270526,READING UK CIC,New Directions,941.16,Miscellaneous Income,Third Party Supplier,STANDARD,3340,KAAA-Directorate of Economic Growth and Neighbourhood Services
RBC Legal Entity,15/02/2022,4650473,270526,READING UK CIC,New Directions,941.16,Miscellaneous Income,Third Party Supplier,STANDARD,3340,KAAA-Directorate of Economic Growth and Neighbourhood Services
RBC Legal Entity,15/02/2022,4650473,270526,READING UK CIC,New Directions,941.16,Miscellaneous Income,Third Party Supplier,STANDARD,3340,KAAA-Directorate of Economic Growth and Neighbourhood Services
RBC Legal Entity,15/02/2022,4650473,270526,READING UK CIC,New Directions,941.16,Miscellaneous Income,Third Party Supplier,STANDARD,3340,KAAA-Directorate of Economic Growth and Neighbourhood Services
RBC Legal Entity,15/02/2022,4650473,270526,READING UK CIC,New Directions,941.16,Miscellaneous Income,Third Party Supplier,STANDARD,3340,KAAA-Directorate of Economic Growth and Neighbourhood Services
RBC Legal Entity,15/02/2022,4650473,270526,READING UK CIC,New Directions,941.16,Miscellaneous Income,Third Party Supplier,STANDARD,3340,KAAA-Directorate of Economic Growth and Neighbourhood Services
RBC Legal Entity,15/02/2022,4650473,270526,READING UK CIC,New Directions,1010.75,Miscellaneous Income,Third Party Supplier,STANDARD,3340,KAAA-Directorate of Economic Growth and Neighbourhood Services
RBC Legal Entity,15/02/2022,4650473,270526,READING UK CIC,New Directions,1010.75,Miscellaneous Income,Third Party Supplier,STANDARD,3340,KAAA-Directorate of Economic Growth and Neighbourhood Services
RBC Legal Entity,15/02/2022,4650473,270526,READING UK CIC,New Directions,1010.75,Miscellaneous Income,Third Party Supplier,STANDARD,3340,KAAA-Directorate of Economic Growth and Neighbourhood Services
RBC Legal Entity,15/02/2022,4650473,270526,READING UK CIC,New Directions,1010.75,Miscellaneous Income,Third Party Supplier,STANDARD,3340,KAAA-Directorate of Economic Growth and Neighbourhood Services
RBC Legal Entity,15/02/2022,4650473,270526,READING UK CIC,New Directions,1010.75,Miscellaneous Income,Third Party Supplier,STANDARD,3340,KAAA-Directorate of Economic Growth and Neighbourhood Services
RBC Legal Entity,15/02/2022,4650473,270526,READING UK CIC,New Directions,1010.75,Miscellaneous Income,Third Party Supplier,STANDARD,3340,KAAA-Directorate of Economic Growth and Neighbourhood Services
RBC Legal Entity,15/02/2022,4650473,270526,READING UK CIC,New Directions,1560,Miscellaneous Income,Third Party Supplier,STANDARD,3340,KAAA-Directorate of Economic Growth and Neighbourhood Services
RBC Legal Entity,15/02/2022,4648068,270527,DAVIS SCAFFOLDING,DLO Wokingham Trades,660,Subcontractors Labour,SUB-CONTRACTOR,STANDARD,4050,KAAA-Directorate of Economic Growth and Neighbourhood Services
RBC Legal Entity,15/02/2022,4648069,270527,DAVIS SCAFFOLDING,DLO Day to Day Trades,660,Subcontractors Labour,SUB-CONTRACTOR,STANDARD,4010,KAAA-Directorate of Economic Growth and Neighbourhood Services
RBC Legal Entity,15/02/2022,4648070,270527,DAVIS SCAFFOLDING,DLO Day to Day Trades,2115,Subcontractors Labour,SUB-CONTRACTOR,STANDARD,4010,KAAA-Directorate of Economic Growth and Neighbourhood Services
RBC Legal Entity,15/02/2022,4648071,270527,DAVIS SCAFFOLDING,DLO Wokingham Trades,990,Subcontractors Labour,SUB-CONTRACTOR,STANDARD,4050,KAAA-Directorate of Economic Growth and Neighbourhood Services
RBC Legal Entity,15/02/2022,4648072,270527,DAVIS SCAFFOLDING,DLO Day to Day Trades,990,Subcontractors Labour,SUB-CONTRACTOR,STANDARD,4010,KAAA-Directorate of Economic Growth and Neighbourhood Services
RBC Legal Entity,15/02/2022,4645463,270530,HAMPTONS RESOURCING LTD,Commissioning Team,2500,Agency Staff,Third Party Supplier,STANDARD,3452,JAAA-Directorate of Social Care and Health Services
RBC Legal Entity,15/02/2022,4649554,270531,M&D SERVICES,Parks + Open Spaces,1560,Contractors,SUB-CONTRACTOR,STANDARD,8003,ZZZC-Capital
RBC Legal Entity,15/02/2022,4649554,270531,M&D SERVICES,Parks + Open Spaces,3400,Contractors,SUB-CONTRACTOR,STANDARD,8003,ZZZC-Capital
RBC Legal Entity,15/02/2022,4648170,270532,PROVIDE SESS LTD,Cemeteries,1796,Security costs,Third Party Supplier,STANDARD,4607,LAAA-Directorate of Resources
RBC Legal Entity,15/02/2022,4648063,270535,CREAM DESIGN LTD,Test and Trace,2580,Publicity & Media Work,SUPPLIER,STANDARD,2068,JAAA-Directorate of Social Care and Health Services
RBC Legal Entity,15/02/2022,4643621,270537,SHABANA B LIMITED,Bed and Breakfast,840,Rents,SUPPLIER,STANDARD,5871,KAAA-Directorate of Economic Growth and Neighbourhood Services
RBC Legal Entity,15/02/2022,4650220,270538,YUPPIES MUSIC,South Street Operations,500,Professional Fees,Third Party Supplier,STANDARD,1220,KAAA-Directorate of Economic Growth and Neighbourhood Services
RBC Legal Entity,15/02/2022,4648532,270539,BRACKNELL FOREST COUNCIL,Sheltered Housing,700,Equipment Hire,GOVERNMENT,STANDARD,5940,HAAA-Housing Revenue Account
RBC Legal Entity,15/02/2022,4650153,270541,VICTIM SUPPORT BERKSHIRE,ASC Voluntary Grants,3296,GrantsVolunt.Organ.,SUPPLIER,STANDARD,5300,JAAA-Directorate of Social Care and Health Services
RBC Legal Entity,15/02/2022,4650397,270542,ETHICAL READING,ASC Senior Management Team,622.5,Project Fees,Third Party Supplier,STANDARD,5700,JAAA-Directorate of Social Care and Health Services
RBC Legal Entity,15/02/2022,4650570,270543,SUSTAINABLE BUILDING SERVICES (UK) LTD,MRA Account,27336.42,Roofs + Structural,SUB-CONTRACTOR,STANDARD,5975,HAAA-Housing Revenue Account
RBC Legal Entity,15/02/2022,4650576,270543,SUSTAINABLE BUILDING SERVICES (UK) LTD,MRA Account,9916.03,Roofs + Structural,SUB-CONTRACTOR,STANDARD,5975,HAAA-Housing Revenue Account
RBC Legal Entity,15/02/2022,4648322,270545,UNIQ HEALTHCARE LTD,LD Community Services,5743.5,Purchased Care,Third Party Supplier,STANDARD,5741,JAAA-Directorate of Social Care and Health Services
RBC Legal Entity,15/02/2022,4650524,270548,PHILIP RULE,JLT Disbursements,2200,Misc. Legal Expenses,INDIVIDUAL,STANDARD,2407,LAAA-Directorate of Resources
RBC Legal Entity,16/02/2022,4650745,270549,HORSEMAN COACHES LTD,Hexagon Operations,520,Professional Fees,SUPPLIER,STANDARD,1200,KAAA-Directorate of Economic Growth and Neighbourhood Services
RBC Legal Entity,16/02/2022,4650632,270550,THE HILL PRIMARY SCHOOL,The Hill Primary,3285.78,Bank Income Holding Code,SUPPLIER,STANDARD,3116,NAAA-Former Directorate of Education and Childrens Services
RBC Legal Entity,16/02/2022,4646513,270551,MARTIN CONWAY,Bed and Breakfast,630,Rents,SUPPLIER,STANDARD,5871,KAAA-Directorate of Economic Growth and Neighbourhood Services
RBC Legal Entity,16/02/2022,4644401,270553,ACTIVE ASSISTANCE,PS Acquired Community Services,952.83,Purchased Care,SUPPLIER,STANDARD,5771,JAAA-Directorate of Social Care and Health Services
RBC Legal Entity,16/02/2022,4644402,270553,ACTIVE ASSISTANCE,PS Acquired Community Services,634.34,Purchased Care,SUPPLIER,STANDARD,5771,JAAA-Directorate of Social Care and Health Services
RBC Legal Entity,16/02/2022,4649115,270555,WSP UK LTD,Strategic Transport & Concessionary Fares,4887.81,TPP to Others,SUPPLIER,STANDARD,4726,KAAA-Directorate of Economic Growth and Neighbourhood Services
RBC Legal Entity,16/02/2022,4648576,270556,HOBART UK,Corporate Maintenance Services,57.54,TPP  Contract,SUPPLIER,STANDARD,4080,KAAA-Directorate of Economic Growth and Neighbourhood Services
RBC Legal Entity,16/02/2022,4648576,270556,HOBART UK,Corporate Maintenance Services,1592.26,TPP  Contract,SUPPLIER,STANDARD,4080,KAAA-Directorate of Economic Growth and Neighbourhood Services
RBC Legal Entity,16/02/2022,4643673,270557,NETWORK RAIL INFRASTRUCTURE LIMITED,LEP Projects,20661.34,Contractors,SUB-CONTRACTOR,STANDARD,8806,ZZZC-Capital
RBC Legal Entity,16/02/2022,4650616,270558,ASKEWS & HOLTS LIBRARY SERVICES LTD,General Reference,1298.44,Adult Non Fiction Books,SUPPLIER,STANDARD,1454,KAAA-Directorate of Economic Growth and Neighbourhood Services
RBC Legal Entity,16/02/2022,4650616,270558,ASKEWS & HOLTS LIBRARY SERVICES LTD,General Reference,1416.5,Childrens Stock,SUPPLIER,STANDARD,1454,KAAA-Directorate of Economic Growth and Neighbourhood Services
RBC Legal Entity,16/02/2022,4650616,270558,ASKEWS & HOLTS LIBRARY SERVICES LTD,General Reference,1745.08,Adult Fiction Books,SUPPLIER,STANDARD,1454,KAAA-Directorate of Economic Growth and Neighbourhood Services
RBC Legal Entity,16/02/2022,4643761,270559,BELLSTAN LIMITED,LEP Projects,475,Other Contributions (Received),SUB-CONTRACTOR,STANDARD,8806,ZZZC-Capital
RBC Legal Entity,16/02/2022,4650700,270561,READING ASSOCIATION FOR THE BLIND,ASC Voluntary Grants,7500,GrantsVolunt.Organ.,SUPPLIER,STANDARD,5300,JAAA-Directorate of Social Care and Health Services
RBC Legal Entity,16/02/2022,4650653,270562,CULTUREMIX,HSHAZ programme,3200,Professional Fees,Third Party Supplier,STANDARD,1316,KAAA-Directorate of Economic Growth and Neighbourhood Services
RBC Legal Entity,16/02/2022,4650621,270564,BLESSED HUGH FARINGDON RC SCHOOL,Blessed Hugh Faringdon,14862.4,Bank Income Holding Code,GOVERNMENT,STANDARD,3204,NAAA-Former Directorate of Education and Childrens Services
RBC Legal Entity,16/02/2022,4643703,270566,BUILDING RESEARCH ESTABLISHMENT LTD,Planning,1950,Consultancy Fees,SUPPLIER,STANDARD,4700,KAAA-Directorate of Economic Growth and Neighbourhood Services
RBC Legal Entity,16/02/2022,4650560,270569,A P FAULKNER (HEATING) LTD,DLO Planned Maintenance Trades,4344,Subcontractors Labour,SUB-CONTRACTOR,STANDARD,4030,KAAA-Directorate of Economic Growth and Neighbourhood Services
RBC Legal Entity,16/02/2022,4650565,270569,A P FAULKNER (HEATING) LTD,DLO Planned Maintenance Trades,6154,Subcontractors Labour,SUB-CONTRACTOR,STANDARD,4030,KAAA-Directorate of Economic Growth and Neighbourhood Services
RBC Legal Entity,16/02/2022,4648033,270570,VERMATECH PEST CONTROL,Repairs,570,Estate Maintenance,Third Party Supplier,STANDARD,5970,HAAA-Housing Revenue Account
RBC Legal Entity,16/02/2022,4650189,270570,VERMATECH PEST CONTROL,Rowe Court Fire,-1330,Grounds Maintenance,Third Party Supplier,CREDIT,2299,KAAA-Directorate of Economic Growth and Neighbourhood Services
RBC Legal Entity,16/02/2022,4650617,270571,ALFRED SUTTON PRIMARY SCHOOL,Alfred Sutton Primary,13461.19,Bank Income Holding Code,SUPPLIER,STANDARD,3050,NAAA-Former Directorate of Education and Childrens Services
RBC Legal Entity,16/02/2022,4650618,270572,ALL SAINTS CE INFANTS,All Saints Infant School CE Aided,2071.59,Bank Income Holding Code,GOVERNMENT,STANDARD,3052,NAAA-Former Directorate of Education and Childrens Services
RBC Legal Entity,16/02/2022,4650623,270573,CAVERSHAM PARK PRIMARY,Caversham Park Primary,3275.87,Bank Income Holding Code,SUPPLIER,STANDARD,3056,NAAA-Former Directorate of Education and Childrens Services
RBC Legal Entity,16/02/2022,4650624,270574,CAVERSHAM PRIMARY,Caversham Primary,8433.21,Bank Income Holding Code,SUPPLIER,STANDARD,3058,NAAA-Former Directorate of Education and Childrens Services
RBC Legal Entity,16/02/2022,4650625,270575,CHRIST THE KING RC PRIMARY,Christ The King RC Primary,5421.24,Bank Income Holding Code,Third Party Supplier,STANDARD,3060,NAAA-Former Directorate of Education and Childrens Services
RBC Legal Entity,16/02/2022,4650626,270576,COLEY PRIMARY,Coley Primary,2992.09,Bank Income Holding Code,SUPPLIER,STANDARD,3068,NAAA-Former Directorate of Education and Childrens Services
RBC Legal Entity,16/02/2022,4650629,270579,ENGLISH MARTYRS RC PRIMARY,English Martyrs RC Primary,8575.65,Bank Income Holding Code,SUPPLIER,STANDARD,3072,NAAA-Former Directorate of Education and Childrens Services
RBC Legal Entity,16/02/2022,4650630,270580,GEOFFREY FIELD INFANT SCHOOL,Geoffrey Field Infant,6269.48,Bank Income Holding Code,SUPPLIER,STANDARD,3076,NAAA-Former Directorate of Education and Childrens Services
RBC Legal Entity,16/02/2022,4650631,270581,GEOFFREY FIELD JUNIOR,Geoffrey Field Junior,8036.76,Bank Income Holding Code,SUPPLIER,STANDARD,3078,NAAA-Former Directorate of Education and Childrens Services
RBC Legal Entity,16/02/2022,4650634,270582,KATESGROVE PRIMARY,Katesgrove Primary,10356.8,Bank Income Holding Code,SUPPLIER,STANDARD,3084,NAAA-Former Directorate of Education and Childrens Services
RBC Legal Entity,16/02/2022,4650635,270583,MANOR PRIMARY,Manor Primary School,10973.67,Bank Income Holding Code,SUPPLIER,STANDARD,3086,NAAA-Former Directorate of Education and Childrens Services
RBC Legal Entity,16/02/2022,4650636,270584,MICKLANDS PRIMARY,Micklands Primary,6052.47,Bank Income Holding Code,SUPPLIER,STANDARD,3088,NAAA-Former Directorate of Education and Childrens Services
RBC Legal Entity,16/02/2022,4650637,270585,MOORLANDS PRIMARY,Moorlands Primary,4451.86,Bank Income Holding Code,SUPPLIER,STANDARD,3090,NAAA-Former Directorate of Education and Childrens Services
RBC Legal Entity,16/02/2022,4650639,270586,OXFORD ROAD PRIMARY,Oxford Road Primary,4039.77,Bank Income Holding Code,SUPPLIER,STANDARD,3094,NAAA-Former Directorate of Education and Childrens Services
RBC Legal Entity,16/02/2022,4650640,270587,PARK LANE PRIMARY,Park Lane Primary,7006.56,Bank Income Holding Code,SUPPLIER,STANDARD,3096,NAAA-Former Directorate of Education and Childrens Services
RBC Legal Entity,16/02/2022,4650641,270588,REDLANDS PRIMARY,Redlands Primary,4598.48,Bank Income Holding Code,SUPPLIER,STANDARD,3100,NAAA-Former Directorate of Education and Childrens Services
RBC Legal Entity,16/02/2022,4650642,270589,THE RIDGEWAY PRIMARY,The Ridgeway Primary,8124.72,Bank Income Holding Code,SUPPLIER,STANDARD,3118,NAAA-Former Directorate of Education and Childrens Services
RBC Legal Entity,16/02/2022,4650643,270590,SOUTHCOTE PRIMARY,Southcote Primary,9484.34,Bank Income Holding Code,SUPPLIER,STANDARD,3102,NAAA-Former Directorate of Education and Childrens Services
RBC Legal Entity,16/02/2022,4650644,270591,ST ANNES RC PRIMARY,St Anne's RC Primary,1308.01,Bank Income Holding Code,SUPPLIER,STANDARD,3104,NAAA-Former Directorate of Education and Childrens Services
RBC Legal Entity,16/02/2022,4650645,270592,ST MARTINS RC PRIMARY,St Martin's RC Primary,4529.37,Bank Income Holding Code,GOVERNMENT,STANDARD,3108,NAAA-Former Directorate of Education and Childrens Services
RBC Legal Entity,16/02/2022,4650646,270593,ST MICHAELS PRIMARY,St Michael's Primary,5203.44,Bank Income Holding Code,SUPPLIER,STANDARD,3112,NAAA-Former Directorate of Education and Childrens Services
RBC Legal Entity,16/02/2022,4650647,270594,THAMESIDE PRIMARY SCHOOL,Thameside Primary,12899.68,Bank Income Holding Code,SUPPLIER,STANDARD,3114,NAAA-Former Directorate of Education and Childrens Services
RBC Legal Entity,16/02/2022,4650649,270595,WILSON PRIMARY,Wilson Primary,6121.24,Bank Income Holding Code,SUPPLIER,STANDARD,3126,NAAA-Former Directorate of Education and Childrens Services
RBC Legal Entity,16/02/2022,4650633,270596,THE HOLY BROOK SCHOOL,The Holy Brook,3692.83,Bank Income Holding Code,SUPPLIER,STANDARD,3254,NAAA-Former Directorate of Education and Childrens Services
RBC Legal Entity,16/02/2022,4650619,270597,BLAGDON NURSERY,Blagdon Nursery,1504.87,Bank Income Holding Code,SUPPLIER,STANDARD,3000,NAAA-Former Directorate of Education and Childrens Services
RBC Legal Entity,16/02/2022,4650622,270599,CAVERSHAM NURSERY,Caversham Nursery,1348.03,Bank Income Holding Code,SUPPLIER,STANDARD,3004,NAAA-Former Directorate of Education and Childrens Services
RBC Legal Entity,16/02/2022,4650670,270601,NORCOT EARLY YEARS CENTRE,Norcot Nursery,1907.19,Bank Income Holding Code,SUPPLIER,STANDARD,3010,NAAA-Former Directorate of Education and Childrens Services
RBC Legal Entity,16/02/2022,4650250,270602,GUYS & ST THOMAS NHS TRUST,Berkshire West Public Health Hub,732.18,NHS Trusts,SUPPLIER,STANDARD,2002,JAAA-Directorate of Social Care and Health Services
RBC Legal Entity,16/02/2022,4650250,270602,GUYS & ST THOMAS NHS TRUST,Berkshire West Public Health Hub,754.85,NHS Trusts,SUPPLIER,STANDARD,2002,JAAA-Directorate of Social Care and Health Services
RBC Legal Entity,16/02/2022,4650250,270602,GUYS & ST THOMAS NHS TRUST,Berkshire West Public Health Hub,1760.67,NHS Trusts,SUPPLIER,STANDARD,2002,JAAA-Directorate of Social Care and Health Services
RBC Legal Entity,16/02/2022,4649696,270603,TONNA CARE SERVICES LTD,Assets _ General,-953.2,Payments in Advance,Third Party Supplier,CREDIT,9885,ZZZB-Balance Sheet
RBC Legal Entity,16/02/2022,4649696,270603,TONNA CARE SERVICES LTD,LD Community Services,3812.8,Purchased Care,Third Party Supplier,STANDARD,5741,JAAA-Directorate of Social Care and Health Services
RBC Legal Entity,16/02/2022,4649697,270603,TONNA CARE SERVICES LTD,Assets _ General,-1350.2,Payments in Advance,Third Party Supplier,CREDIT,9885,ZZZB-Balance Sheet
RBC Legal Entity,16/02/2022,4649697,270603,TONNA CARE SERVICES LTD,LD Community Services,5400.8,Purchased Care,Third Party Supplier,STANDARD,5741,JAAA-Directorate of Social Care and Health Services
RBC Legal Entity,16/02/2022,4649700,270603,TONNA CARE SERVICES LTD,Assets _ General,-1010.44,Payments in Advance,Third Party Supplier,CREDIT,9885,ZZZB-Balance Sheet
RBC Legal Entity,16/02/2022,4649700,270603,TONNA CARE SERVICES LTD,LD Community Services,4041.74,Purchased Care,Third Party Supplier,STANDARD,5741,JAAA-Directorate of Social Care and Health Services
RBC Legal Entity,16/02/2022,4649701,270603,TONNA CARE SERVICES LTD,Assets _ General,-790.64,Payments in Advance,Third Party Supplier,CREDIT,9885,ZZZB-Balance Sheet
RBC Legal Entity,16/02/2022,4649701,270603,TONNA CARE SERVICES LTD,LD Community Services,3162.54,Purchased Care,Third Party Supplier,STANDARD,5741,JAAA-Directorate of Social Care and Health Services
RBC Legal Entity,16/02/2022,4649702,270603,TONNA CARE SERVICES LTD,Assets _ General,-157,Payments in Advance,Third Party Supplier,CREDIT,9885,ZZZB-Balance Sheet
RBC Legal Entity,16/02/2022,4649702,270603,TONNA CARE SERVICES LTD,Mental Health Community Services,628,Purchased Care,Third Party Supplier,STANDARD,5731,JAAA-Directorate of Social Care and Health Services
RBC Legal Entity,16/02/2022,4649703,270603,TONNA CARE SERVICES LTD,Assets _ General,-235.5,Payments in Advance,Third Party Supplier,CREDIT,9885,ZZZB-Balance Sheet
RBC Legal Entity,16/02/2022,4649703,270603,TONNA CARE SERVICES LTD,LD Community Services,942,Purchased Care,Third Party Supplier,STANDARD,5741,JAAA-Directorate of Social Care and Health Services
RBC Legal Entity,16/02/2022,4649704,270603,TONNA CARE SERVICES LTD,Assets _ General,-2044.35,Payments in Advance,Third Party Supplier,CREDIT,9885,ZZZB-Balance Sheet
RBC Legal Entity,16/02/2022,4649704,270603,TONNA CARE SERVICES LTD,LD Community Services,8177.4,Purchased Care,Third Party Supplier,STANDARD,5741,JAAA-Directorate of Social Care and Health Services
RBC Legal Entity,16/02/2022,4649793,270605,STEPPING STONES,LD Community Services,893.2,Purchased Care,Third Party Supplier,STANDARD,5741,JAAA-Directorate of Social Care and Health Services
RBC Legal Entity,16/02/2022,4650716,270607,RABBITS VEHICLE HIRE LTD,Fleet Management,319.38,Vehicle Spot Hire,SUPPLIER,STANDARD,4552,KAAA-Directorate of Economic Growth and Neighbourhood Services
RBC Legal Entity,16/02/2022,4650716,270607,RABBITS VEHICLE HIRE LTD,Fleet Management,456.25,Vehicle Spot Hire,SUPPLIER,STANDARD,4552,KAAA-Directorate of Economic Growth and Neighbourhood Services
RBC Legal Entity,16/02/2022,4650716,270607,RABBITS VEHICLE HIRE LTD,Fleet Management,547.5,Vehicle Spot Hire,SUPPLIER,STANDARD,4552,KAAA-Directorate of Economic Growth and Neighbourhood Services
RBC Legal Entity,16/02/2022,4650716,270607,RABBITS VEHICLE HIRE LTD,Fleet Management,730,Vehicle Spot Hire,SUPPLIER,STANDARD,4552,KAAA-Directorate of Economic Growth and Neighbourhood Services
RBC Legal Entity,16/02/2022,4650741,270607,RABBITS VEHICLE HIRE LTD,Fleet Management,3799,Vehicle Spot Hire,SUPPLIER,STANDARD,4552,KAAA-Directorate of Economic Growth and Neighbourhood Services
RBC Legal Entity,16/02/2022,4650683,270610,ELECTORAL REFORM SERVICES,Electoral Registration,4140.96,Printing + Duplicating,SUPPLIER,STANDARD,2440,LAAA-Directorate of Resources
RBC Legal Entity,16/02/2022,4643748,270617,MR EDWARD KIRKWOOD,JLT Disbursements,675,Misc. Legal Expenses,Third Party Supplier,STANDARD,2407,LAAA-Directorate of Resources
RBC Legal Entity,16/02/2022,4643756,270617,MR EDWARD KIRKWOOD,JLT Disbursements,765,Misc. Legal Expenses,Third Party Supplier,STANDARD,2407,LAAA-Directorate of Resources
RBC Legal Entity,16/02/2022,4643745,270619,GODDARD CONSULTING,Phoenix College (Reading Alternative),1062.5,External Fees  Misc.,SUPPLIER,STANDARD,8264,ZZZC-Capital
RBC Legal Entity,16/02/2022,4643897,270620,PATROL,Bus Lane Enforcement,6228.3,External Legal Services,SUPPLIER,STANDARD,4722,KAAA-Directorate of Economic Growth and Neighbourhood Services
RBC Legal Entity,16/02/2022,4650574,270621,D J TAYLOR SERVICES LTD,Repairs,6346.27,Special Adaptions,Third Party Supplier,STANDARD,5970,HAAA-Housing Revenue Account
RBC Legal Entity,16/02/2022,4645465,270623,THEBIGWORD INTERPRETING SERVICES LTD,Customer Services - Reception,1970.68,Translat.+Interpretation,SUPPLIER,STANDARD,2595,LAAA-Directorate of Resources
RBC Legal Entity,16/02/2022,4644409,270624,CREATIVE SUPPORT LTD,Mental Health Community Services,1167.92,Purchased Care,Third Party Supplier,STANDARD,5731,JAAA-Directorate of Social Care and Health Services
RBC Legal Entity,16/02/2022,4644410,270624,CREATIVE SUPPORT LTD,Mental Health Community Services,633.8,Purchased Care,Third Party Supplier,STANDARD,5731,JAAA-Directorate of Social Care and Health Services
RBC Legal Entity,16/02/2022,4644411,270624,CREATIVE SUPPORT LTD,Mental Health Community Services,1101.72,Purchased Care,Third Party Supplier,STANDARD,5731,JAAA-Directorate of Social Care and Health Services
RBC Legal Entity,16/02/2022,4644413,270624,CREATIVE SUPPORT LTD,Mental Health Community Services,1134.8,Purchased Care,Third Party Supplier,STANDARD,5731,JAAA-Directorate of Social Care and Health Services
RBC Legal Entity,16/02/2022,4644415,270624,CREATIVE SUPPORT LTD,Mental Health Community Services,786.96,Purchased Care,Third Party Supplier,STANDARD,5731,JAAA-Directorate of Social Care and Health Services
RBC Legal Entity,16/02/2022,4644423,270624,CREATIVE SUPPORT LTD,Mental Health Community Services,1101.72,Purchased Care,Third Party Supplier,STANDARD,5731,JAAA-Directorate of Social Care and Health Services
RBC Legal Entity,16/02/2022,4644425,270624,CREATIVE SUPPORT LTD,Mental Health Community Services,765.92,Purchased Care,Third Party Supplier,STANDARD,5731,JAAA-Directorate of Social Care and Health Services
RBC Legal Entity,16/02/2022,4644431,270624,CREATIVE SUPPORT LTD,Mental Health Community Services,567.32,Purchased Care,Third Party Supplier,STANDARD,5731,JAAA-Directorate of Social Care and Health Services
RBC Legal Entity,16/02/2022,4644432,270624,CREATIVE SUPPORT LTD,Mental Health Community Services,538.2,Purchased Care,Third Party Supplier,STANDARD,5731,JAAA-Directorate of Social Care and Health Services
RBC Legal Entity,16/02/2022,4644435,270624,CREATIVE SUPPORT LTD,Mental Health Community Services,604.4,Purchased Care,Third Party Supplier,STANDARD,5731,JAAA-Directorate of Social Care and Health Services
RBC Legal Entity,16/02/2022,4644436,270624,CREATIVE SUPPORT LTD,Mental Health Community Services,1465.81,Purchased Care,Third Party Supplier,STANDARD,5731,JAAA-Directorate of Social Care and Health Services
RBC Legal Entity,16/02/2022,4644437,270624,CREATIVE SUPPORT LTD,Mental Health Community Services,1002.4,Purchased Care,Third Party Supplier,STANDARD,5731,JAAA-Directorate of Social Care and Health Services
RBC Legal Entity,16/02/2022,4644117,270626,IMPERIAL COLLEGE PROJECTS LTD,Coroner,630,Medical Fees,SUPPLIER,STANDARD,4605,KAAA-Directorate of Economic Growth and Neighbourhood Services
RBC Legal Entity,16/02/2022,4650648,270627,WHITLEY PARK SCHOOL,Whitley Park Primary,15515.54,Bank Income Holding Code,SUPPLIER,STANDARD,3123,NAAA-Former Directorate of Education and Childrens Services
RBC Legal Entity,16/02/2022,4643737,270629,FCC RECYCLING (UK) LTD,Grounds Maintenance,146.87,Parks Tipping,SUPPLIER,STANDARD,1306,KAAA-Directorate of Economic Growth and Neighbourhood Services
RBC Legal Entity,16/02/2022,4643737,270629,FCC RECYCLING (UK) LTD,Grounds Maintenance,146.87,Parks Tipping,SUPPLIER,STANDARD,1306,KAAA-Directorate of Economic Growth and Neighbourhood Services
RBC Legal Entity,16/02/2022,4643737,270629,FCC RECYCLING (UK) LTD,Grounds Maintenance,146.87,Parks Tipping,SUPPLIER,STANDARD,1306,KAAA-Directorate of Economic Growth and Neighbourhood Services
RBC Legal Entity,16/02/2022,4643737,270629,FCC RECYCLING (UK) LTD,Grounds Maintenance,146.87,Parks Tipping,SUPPLIER,STANDARD,1306,KAAA-Directorate of Economic Growth and Neighbourhood Services
RBC Legal Entity,16/02/2022,4643737,270629,FCC RECYCLING (UK) LTD,Grounds Maintenance,146.87,Parks Tipping,SUPPLIER,STANDARD,1306,KAAA-Directorate of Economic Growth and Neighbourhood Services
RBC Legal Entity,16/02/2022,4643737,270629,FCC RECYCLING (UK) LTD,Grounds Maintenance,146.87,Parks Tipping,SUPPLIER,STANDARD,1306,KAAA-Directorate of Economic Growth and Neighbourhood Services
RBC Legal Entity,16/02/2022,4643737,270629,FCC RECYCLING (UK) LTD,Grounds Maintenance,152.74,Parks Tipping,SUPPLIER,STANDARD,1306,KAAA-Directorate of Economic Growth and Neighbourhood Services
RBC Legal Entity,16/02/2022,4643737,270629,FCC RECYCLING (UK) LTD,Grounds Maintenance,452.36,Parks Tipping,SUPPLIER,STANDARD,1306,KAAA-Directorate of Economic Growth and Neighbourhood Services
RBC Legal Entity,16/02/2022,4643737,270629,FCC RECYCLING (UK) LTD,Grounds Maintenance,519.92,Parks Tipping,SUPPLIER,STANDARD,1306,KAAA-Directorate of Economic Growth and Neighbourhood Services
RBC Legal Entity,16/02/2022,4643737,270629,FCC RECYCLING (UK) LTD,Grounds Maintenance,646.23,Parks Tipping,SUPPLIER,STANDARD,1306,KAAA-Directorate of Economic Growth and Neighbourhood Services
RBC Legal Entity,16/02/2022,4643737,270629,FCC RECYCLING (UK) LTD,Grounds Maintenance,722.6,Parks Tipping,SUPPLIER,STANDARD,1306,KAAA-Directorate of Economic Growth and Neighbourhood Services
RBC Legal Entity,16/02/2022,4643737,270629,FCC RECYCLING (UK) LTD,Grounds Maintenance,760.79,Parks Tipping,SUPPLIER,STANDARD,1306,KAAA-Directorate of Economic Growth and Neighbourhood Services
RBC Legal Entity,16/02/2022,4643737,270629,FCC RECYCLING (UK) LTD,Grounds Maintenance,784.29,Parks Tipping,SUPPLIER,STANDARD,1306,KAAA-Directorate of Economic Growth and Neighbourhood Services
RBC Legal Entity,16/02/2022,4643737,270629,FCC RECYCLING (UK) LTD,Grounds Maintenance,807.79,Parks Tipping,SUPPLIER,STANDARD,1306,KAAA-Directorate of Economic Growth and Neighbourhood Services
RBC Legal Entity,16/02/2022,4643737,270629,FCC RECYCLING (UK) LTD,Grounds Maintenance,857.72,Parks Tipping,SUPPLIER,STANDARD,1306,KAAA-Directorate of Economic Growth and Neighbourhood Services
RBC Legal Entity,16/02/2022,4643737,270629,FCC RECYCLING (UK) LTD,Grounds Maintenance,975.22,Parks Tipping,SUPPLIER,STANDARD,1306,KAAA-Directorate of Economic Growth and Neighbourhood Services
RBC Legal Entity,16/02/2022,4643737,270629,FCC RECYCLING (UK) LTD,Grounds Maintenance,995.78,Parks Tipping,SUPPLIER,STANDARD,1306,KAAA-Directorate of Economic Growth and Neighbourhood Services
RBC Legal Entity,16/02/2022,4643738,270629,FCC RECYCLING (UK) LTD,Refuse Collection,9467.25,Tipping Charge,SUPPLIER,STANDARD,4561,KAAA-Directorate of Economic Growth and Neighbourhood Services
RBC Legal Entity,16/02/2022,4643751,270629,FCC RECYCLING (UK) LTD,Grounds Maintenance,1130.75,Parks Tipping,SUPPLIER,STANDARD,1306,KAAA-Directorate of Economic Growth and Neighbourhood Services
RBC Legal Entity,16/02/2022,4643718,270633,READING HAMPSHIRE PROPERTY PARTNERSHIP LIMITED,Plaza West,4270.5,Equipment,Third Party Supplier,STANDARD,8626,ZZZC-Capital
RBC Legal Entity,16/02/2022,4643730,270633,READING HAMPSHIRE PROPERTY PARTNERSHIP LIMITED,Plaza West,9367.47,Equipment,Third Party Supplier,STANDARD,8626,ZZZC-Capital
RBC Legal Entity,16/02/2022,4643736,270633,READING HAMPSHIRE PROPERTY PARTNERSHIP LIMITED,"Sites, Monuments & Records",632,Equipment Purchase & Repair,Third Party Supplier,STANDARD,1259,KAAA-Directorate of Economic Growth and Neighbourhood Services
RBC Legal Entity,16/02/2022,4649595,270633,READING HAMPSHIRE PROPERTY PARTNERSHIP LIMITED,Meadway development,314.77,External Fees  Misc.,Third Party Supplier,STANDARD,8262,ZZZC-Capital
RBC Legal Entity,16/02/2022,4649595,270633,READING HAMPSHIRE PROPERTY PARTNERSHIP LIMITED,Holy Brook,317.63,External Fees  Misc.,Third Party Supplier,STANDARD,8263,ZZZC-Capital
RBC Legal Entity,16/02/2022,4649595,270633,READING HAMPSHIRE PROPERTY PARTNERSHIP LIMITED,Blagdon Nursery,320.49,External Fees  Misc.,Third Party Supplier,STANDARD,8246,ZZZC-Capital
RBC Legal Entity,16/02/2022,4649595,270633,READING HAMPSHIRE PROPERTY PARTNERSHIP LIMITED,Caversham Park Primary,329.08,External Fees  Misc.,Third Party Supplier,STANDARD,8210,ZZZC-Capital
RBC Legal Entity,16/02/2022,4649595,270633,READING HAMPSHIRE PROPERTY PARTNERSHIP LIMITED,Coley Primary,336.71,External Fees  Misc.,Third Party Supplier,STANDARD,8212,ZZZC-Capital
RBC Legal Entity,16/02/2022,4649595,270633,READING HAMPSHIRE PROPERTY PARTNERSHIP LIMITED,Blagrave Nursery,338.62,External Fees  Misc.,Third Party Supplier,STANDARD,8247,ZZZC-Capital
RBC Legal Entity,16/02/2022,4649595,270633,READING HAMPSHIRE PROPERTY PARTNERSHIP LIMITED,Redlands Primary,350.06,External Fees  Misc.,Third Party Supplier,STANDARD,8227,ZZZC-Capital
RBC Legal Entity,16/02/2022,4649595,270633,READING HAMPSHIRE PROPERTY PARTNERSHIP LIMITED,Nrcot Nursery,358.65,External Fees  Misc.,Third Party Supplier,STANDARD,8250,ZZZC-Capital
RBC Legal Entity,16/02/2022,4649595,270633,READING HAMPSHIRE PROPERTY PARTNERSHIP LIMITED,Thameside Primary,382.5,External Fees  Misc.,Third Party Supplier,STANDARD,8231,ZZZC-Capital
RBC Legal Entity,16/02/2022,4649595,270633,READING HAMPSHIRE PROPERTY PARTNERSHIP LIMITED,Southcote Primary,536.07,External Fees  Misc.,Third Party Supplier,STANDARD,8229,ZZZC-Capital
RBC Legal Entity,16/02/2022,4649595,270633,READING HAMPSHIRE PROPERTY PARTNERSHIP LIMITED,Manor Primary,556.1,External Fees  Misc.,Third Party Supplier,STANDARD,8220,ZZZC-Capital
RBC Legal Entity,16/02/2022,4649595,270633,READING HAMPSHIRE PROPERTY PARTNERSHIP LIMITED,The Hill Primary,561.82,External Fees  Misc.,Third Party Supplier,STANDARD,8218,ZZZC-Capital
RBC Legal Entity,16/02/2022,4649595,270633,READING HAMPSHIRE PROPERTY PARTNERSHIP LIMITED,Micklands Primary,669.6,External Fees  Misc.,Third Party Supplier,STANDARD,8221,ZZZC-Capital
RBC Legal Entity,16/02/2022,4649595,270633,READING HAMPSHIRE PROPERTY PARTNERSHIP LIMITED,St Michael's Primary,669.6,External Fees  Misc.,Third Party Supplier,STANDARD,8230,ZZZC-Capital
RBC Legal Entity,16/02/2022,4649595,270633,READING HAMPSHIRE PROPERTY PARTNERSHIP LIMITED,The Ridgeway Primary,671.51,External Fees  Misc.,Third Party Supplier,STANDARD,8228,ZZZC-Capital
RBC Legal Entity,16/02/2022,4649595,270633,READING HAMPSHIRE PROPERTY PARTNERSHIP LIMITED,Caversham Primary,674.37,External Fees  Misc.,Third Party Supplier,STANDARD,8209,ZZZC-Capital
RBC Legal Entity,16/02/2022,4649595,270633,READING HAMPSHIRE PROPERTY PARTNERSHIP LIMITED,Moorlands Primary,681.05,External Fees  Misc.,Third Party Supplier,STANDARD,8222,ZZZC-Capital
RBC Legal Entity,16/02/2022,4649595,270633,READING HAMPSHIRE PROPERTY PARTNERSHIP LIMITED,Geoffrey Field Infant,689.64,External Fees  Misc.,Third Party Supplier,STANDARD,8215,ZZZC-Capital
RBC Legal Entity,16/02/2022,4649595,270633,READING HAMPSHIRE PROPERTY PARTNERSHIP LIMITED,Alfred Sutton Primary,780.26,External Fees  Misc.,Third Party Supplier,STANDARD,8207,ZZZC-Capital
RBC Legal Entity,16/02/2022,4648832,270634,LIFTEC LIFTS LTD,Repairs,701.66,Essential Cyclical Insp. + Mai,SUB-CONTRACTOR,STANDARD,5970,HAAA-Housing Revenue Account
RBC Legal Entity,16/02/2022,4650779,270635,YMCA READING,Housing GF General Charges,20666.66,Preventive+SupportiveServ,Third Party Supplier,STANDARD,5810,KAAA-Directorate of Economic Growth and Neighbourhood Services
RBC Legal Entity,16/02/2022,4643865,270636,MR JERRY D HAWKINS,JLT Disbursements,3194.4,Misc. Legal Expenses,SUPPLIER,STANDARD,2407,LAAA-Directorate of Resources
RBC Legal Entity,16/02/2022,4645332,270638,SARAH MCKEOWN,Legal Services,105,Misc. Legal Expenses,INDIVIDUAL,STANDARD,2400,LAAA-Directorate of Resources
RBC Legal Entity,16/02/2022,4645332,270638,SARAH MCKEOWN,Legal Services,525,Misc. Legal Expenses,INDIVIDUAL,STANDARD,2400,LAAA-Directorate of Resources
RBC Legal Entity,16/02/2022,4644091,270640,NLC NOVA LIFT CO LTD,Repairs,170,Essential Cyclical Insp. + Mai,SUB-CONTRACTOR,STANDARD,5970,HAAA-Housing Revenue Account
RBC Legal Entity,16/02/2022,4644091,270640,NLC NOVA LIFT CO LTD,Corporate Maintenance Services,755.01,Leasing Costs,SUB-CONTRACTOR,STANDARD,4080,KAAA-Directorate of Economic Growth and Neighbourhood Services
RBC Legal Entity,16/02/2022,4644091,270640,NLC NOVA LIFT CO LTD,Repairs,3493.85,Lifts,SUB-CONTRACTOR,STANDARD,5970,HAAA-Housing Revenue Account
RBC Legal Entity,16/02/2022,4644093,270640,NLC NOVA LIFT CO LTD,Corporate Maintenance Services,74.37,Precepts,SUB-CONTRACTOR,STANDARD,4080,KAAA-Directorate of Economic Growth and Neighbourhood Services
RBC Legal Entity,16/02/2022,4644093,270640,NLC NOVA LIFT CO LTD,FM R&M Car Parks,223.11,Subcontractors Labour,SUB-CONTRACTOR,STANDARD,4081,KAAA-Directorate of Economic Growth and Neighbourhood Services
RBC Legal Entity,16/02/2022,4644093,270640,NLC NOVA LIFT CO LTD,Corporate Maintenance Services,1193.63,Leasing Costs,SUB-CONTRACTOR,STANDARD,4080,KAAA-Directorate of Economic Growth and Neighbourhood Services
RBC Legal Entity,16/02/2022,4644093,270640,NLC NOVA LIFT CO LTD,Repairs,2372.33,Essential Cyclical Insp. + Mai,SUB-CONTRACTOR,STANDARD,5970,HAAA-Housing Revenue Account
RBC Legal Entity,16/02/2022,4650562,270641,PROVIDE SESS LTD,Corporate FM - Office Buildings,3410,Equipment Purchase & Repair,Third Party Supplier,STANDARD,3738,KAAA-Directorate of Economic Growth and Neighbourhood Services
RBC Legal Entity,16/02/2022,4643740,270643,OLIVER POWELL,JLT Disbursements,3168.75,Misc. Legal Expenses,Third Party Supplier,STANDARD,2407,LAAA-Directorate of Resources
RBC Legal Entity,16/02/2022,4648752,270648,DUCKWORTHS ARBORICULTURE,Planning,520,TPP  Contract,Third Party Supplier,STANDARD,4700,KAAA-Directorate of Economic Growth and Neighbourhood Services
RBC Legal Entity,16/02/2022,4650348,270649,FUNERAL SERVICES LIMITED,Coroner,15050,Special Activities,SUPPLIER,STANDARD,4605,KAAA-Directorate of Economic Growth and Neighbourhood Services
RBC Legal Entity,16/02/2022,4651273,270650,HISTORIC ENGLAND,Reading Abbey Revealed - Delivery phase,14679.5,Grants (Received/Income),Third Party Supplier,STANDARD,8015,ZZZC-Capital
RBC Legal Entity,16/02/2022,4650423,270651,BKSB LTD,New Directions,3653,Educ.Supplies Curriculum,SUPPLIER,STANDARD,3340,KAAA-Directorate of Economic Growth and Neighbourhood Services
RBC Legal Entity,16/02/2022,4646538,270653,HOUSING GENIE LIMITED,Rowe Court Fire,525,Rents,SUPPLIER,STANDARD,2299,KAAA-Directorate of Economic Growth and Neighbourhood Services
RBC Legal Entity,16/02/2022,4648049,270654,F M CONWAY LTD,Highways,1147,Materials Direct,SUB-CONTRACTOR,STANDARD,4252,KAAA-Directorate of Economic Growth and Neighbourhood Services
RBC Legal Entity,16/02/2022,4648313,270654,F M CONWAY LTD,Highways,612.44,Materials Direct,SUB-CONTRACTOR,STANDARD,4252,KAAA-Directorate of Economic Growth and Neighbourhood Services
RBC Legal Entity,16/02/2022,4649795,270655,MEDCARE HOME SERVICES LTD T/A PROACTIVE LIFE,Mental Health Community Services,2146.04,Purchased Care,SUPPLIER,STANDARD,5731,JAAA-Directorate of Social Care and Health Services
RBC Legal Entity,16/02/2022,4649796,270655,MEDCARE HOME SERVICES LTD T/A PROACTIVE LIFE,Mental Health Community Services,2146.04,Purchased Care,SUPPLIER,STANDARD,5731,JAAA-Directorate of Social Care and Health Services
RBC Legal Entity,16/02/2022,4649797,270655,MEDCARE HOME SERVICES LTD T/A PROACTIVE LIFE,Mental Health Community Services,15118.92,Purchased Care,SUPPLIER,STANDARD,5731,JAAA-Directorate of Social Care and Health Services
RBC Legal Entity,16/02/2022,4649798,270655,MEDCARE HOME SERVICES LTD T/A PROACTIVE LIFE,Mental Health Community Services,5051.18,Purchased Care,SUPPLIER,STANDARD,5731,JAAA-Directorate of Social Care and Health Services
RBC Legal Entity,16/02/2022,4649799,270655,MEDCARE HOME SERVICES LTD T/A PROACTIVE LIFE,Mental Health Community Services,2770,Purchased Care,SUPPLIER,STANDARD,5731,JAAA-Directorate of Social Care and Health Services
RBC Legal Entity,16/02/2022,4649800,270655,MEDCARE HOME SERVICES LTD T/A PROACTIVE LIFE,Mental Health Community Services,2076.81,Purchased Care,SUPPLIER,STANDARD,5731,JAAA-Directorate of Social Care and Health Services
RBC Legal Entity,16/02/2022,4646730,270657,MEDICAL EXPERT WITNESS ALLIANCE LLP,JLT Disbursements,1176,Misc. Legal Expenses,SUPPLIER,STANDARD,2407,LAAA-Directorate of Resources
RBC Legal Entity,16/02/2022,4650749,270658,LOCKSHOP WAREHOUSE LTD,Civil Engineering,5.5,H.M.Planned,SUPPLIER,STANDARD,4550,KAAA-Directorate of Economic Growth and Neighbourhood Services
RBC Legal Entity,16/02/2022,4650749,270658,LOCKSHOP WAREHOUSE LTD,Civil Engineering,343.8,H.M.Planned,SUPPLIER,STANDARD,4550,KAAA-Directorate of Economic Growth and Neighbourhood Services
RBC Legal Entity,16/02/2022,4650749,270658,LOCKSHOP WAREHOUSE LTD,Civil Engineering,423,H.M.Planned,SUPPLIER,STANDARD,4550,KAAA-Directorate of Economic Growth and Neighbourhood Services
RBC Legal Entity,16/02/2022,4648794,270660,J&R TYRES LTD,Fleet Management,4180,Tyres,Third Party Supplier,STANDARD,4552,KAAA-Directorate of Economic Growth and Neighbourhood Services
RBC Legal Entity,16/02/2022,,270664,HMRC - 581PP00101724,Payroll + Payments A/c,500,System Creditors,TAX AUTHORITY,AWT,9823,ZZZB-Balance Sheet
RBC Legal Entity,16/02/2022,,270664,HMRC - 581PP00101724,Payroll + Payments A/c,600,System Creditors,TAX AUTHORITY,AWT,9823,ZZZB-Balance Sheet
RBC Legal Entity,16/02/2022,,270664,HMRC - 581PP00101724,Payroll + Payments A/c,2000,System Creditors,TAX AUTHORITY,AWT,9823,ZZZB-Balance Sheet
RBC Legal Entity,16/02/2022,,270664,HMRC - 581PP00101724,Payroll + Payments A/c,4570.39,System Creditors,TAX AUTHORITY,AWT,9823,ZZZB-Balance Sheet
RBC Legal Entity,16/02/2022,4650751,270665,IBIS STYLES READING CENTRE,Single Homelessness Grants,1638.96,Preventive+SupportiveServ,Third Party Supplier,STANDARD,5860,KAAA-Directorate of Economic Growth and Neighbourhood Services
RBC Legal Entity,16/02/2022,4650751,270665,IBIS STYLES READING CENTRE,Single Homelessness Grants,6556.17,Preventive+SupportiveServ,Third Party Supplier,STANDARD,5860,KAAA-Directorate of Economic Growth and Neighbourhood Services
RBC Legal Entity,16/02/2022,4646576,270666,WESSEX PETROLEUM T/A WP GROUP,Corporate FM - Office Buildings,432.25,Fuel + Oil,Third Party Supplier,STANDARD,3738,KAAA-Directorate of Economic Growth and Neighbourhood Services
RBC Legal Entity,16/02/2022,4646576,270666,WESSEX PETROLEUM T/A WP GROUP,Corporate FM - Office Buildings,38177.97,Fuel + Oil,Third Party Supplier,STANDARD,3738,KAAA-Directorate of Economic Growth and Neighbourhood Services
RBC Legal Entity,16/02/2022,4649841,270668,SALIS CARE LTD,LD Community Services,5413.2,Purchased Care,SUPPLIER,STANDARD,5741,JAAA-Directorate of Social Care and Health Services
RBC Legal Entity,16/02/2022,4650680,270669,KAINOS SOFTWARE LTD,Traffic,2500,NRSWA Emergencies,Third Party Supplier,STANDARD,4703,KAAA-Directorate of Economic Growth and Neighbourhood Services
RBC Legal Entity,16/02/2022,4643743,270670,THE MODERN FAMILY LAW COMPANY,JLT Disbursements,3200,Misc. Legal Expenses,Third Party Supplier,STANDARD,2407,LAAA-Directorate of Resources
RBC Legal Entity,16/02/2022,4643649,270671,MATOBO LTD,IT Management,7925,Software Licences,Third Party Supplier,STANDARD,2300,EAAA-Chief Executive
RBC Legal Entity,16/02/2022,4643674,270672,PROSIS LTD,Bus Lane Enforcement,9604.32,Maint. of Computer Equipt,Third Party Supplier,STANDARD,4722,KAAA-Directorate of Economic Growth and Neighbourhood Services
RBC Legal Entity,16/02/2022,4645439,270673,NATHAN GRACE HOLDINGS LTD T/A CHEVIN FLEET SOLUTIONS ,Fleet Management,599.66,Maint. of Computer Equipt,Third Party Supplier,STANDARD,4552,KAAA-Directorate of Economic Growth and Neighbourhood Services
RBC Legal Entity,16/02/2022,4650721,270674,DANIEL NOTHER,JLT Disbursements,550,Misc. Legal Expenses,INDIVIDUAL,STANDARD,2407,LAAA-Directorate of Resources
RBC Legal Entity,16/02/2022,4646480,270675,ILONKA DENISON,JLT Disbursements,1260,Misc. Legal Expenses,Third Party Supplier,STANDARD,2407,LAAA-Directorate of Resources
RBC Legal Entity,16/02/2022,4645353,270677,MARK SHAW,JLT Disbursements,800,Misc. Legal Expenses,INDIVIDUAL,STANDARD,2407,LAAA-Directorate of Resources
RBC Legal Entity,16/02/2022,4645354,270677,MARK SHAW,JLT Disbursements,1683.25,Misc. Legal Expenses,INDIVIDUAL,STANDARD,2407,LAAA-Directorate of Resources
RBC Legal Entity,17/02/2022,4651351,270686,ROWVALE HOTELS LTD T/A BOW GUEST HOUSE,Single Homelessness Grants,525,Preventive+SupportiveServ,Third Party Supplier,STANDARD,5860,KAAA-Directorate of Economic Growth and Neighbourhood Services
RBC Legal Entity,17/02/2022,4651352,270686,ROWVALE HOTELS LTD T/A BOW GUEST HOUSE,Single Homelessness Grants,560,Preventive+SupportiveServ,Third Party Supplier,STANDARD,5860,KAAA-Directorate of Economic Growth and Neighbourhood Services
RBC Legal Entity,17/02/2022,4651360,270686,ROWVALE HOTELS LTD T/A BOW GUEST HOUSE,Single Homelessness Grants,525,Preventive+SupportiveServ,Third Party Supplier,STANDARD,5860,KAAA-Directorate of Economic Growth and Neighbourhood Services
RBC Legal Entity,17/02/2022,4651384,270686,ROWVALE HOTELS LTD T/A BOW GUEST HOUSE,Single Homelessness Grants,595,Preventive+SupportiveServ,Third Party Supplier,STANDARD,5860,KAAA-Directorate of Economic Growth and Neighbourhood Services
RBC Legal Entity,17/02/2022,4651551,270690,DIMENSIONS (UK) LTD,LD Community Services,596.05,Purchased Care,Third Party Supplier,STANDARD,5741,JAAA-Directorate of Social Care and Health Services
RBC Legal Entity,17/02/2022,4651556,270690,DIMENSIONS (UK) LTD,LD Community Services,5116.52,Purchased Care,Third Party Supplier,STANDARD,5741,JAAA-Directorate of Social Care and Health Services
RBC Legal Entity,17/02/2022,4651557,270690,DIMENSIONS (UK) LTD,LD Community Services,6649.24,Purchased Care,Third Party Supplier,STANDARD,5741,JAAA-Directorate of Social Care and Health Services
RBC Legal Entity,17/02/2022,4651576,270690,DIMENSIONS (UK) LTD,LD Community Services,4196.92,Purchased Care,Third Party Supplier,STANDARD,5741,JAAA-Directorate of Social Care and Health Services
RBC Legal Entity,17/02/2022,4651577,270690,DIMENSIONS (UK) LTD,LD Community Services,12159.44,Purchased Care,Third Party Supplier,STANDARD,5741,JAAA-Directorate of Social Care and Health Services
RBC Legal Entity,17/02/2022,4651578,270690,DIMENSIONS (UK) LTD,LD Community Services,1072.92,Purchased Care,Third Party Supplier,STANDARD,5741,JAAA-Directorate of Social Care and Health Services
RBC Legal Entity,17/02/2022,4651579,270690,DIMENSIONS (UK) LTD,LD Community Services,800.52,Purchased Care,Third Party Supplier,STANDARD,5741,JAAA-Directorate of Social Care and Health Services
RBC Legal Entity,17/02/2022,4651580,270690,DIMENSIONS (UK) LTD,LD Community Services,5099.48,Purchased Care,Third Party Supplier,STANDARD,5741,JAAA-Directorate of Social Care and Health Services
RBC Legal Entity,17/02/2022,4651669,270691,STEPPING STONES,LD Community Services,893.2,Purchased Care,Third Party Supplier,STANDARD,5741,JAAA-Directorate of Social Care and Health Services
RBC Legal Entity,17/02/2022,4651671,270692,CLOVER LEAF,Social Support,660,Discretionary Items,Third Party Supplier,STANDARD,5790,JAAA-Directorate of Social Care and Health Services
RBC Legal Entity,17/02/2022,4641044,270693,GAP GROUP LTD,Grounds Maintenance,110,Horticultrl MachineryHire,SUPPLIER,STANDARD,1306,KAAA-Directorate of Economic Growth and Neighbourhood Services
RBC Legal Entity,17/02/2022,4641044,270693,GAP GROUP LTD,Grounds Maintenance,836,Horticultrl MachineryHire,SUPPLIER,STANDARD,1306,KAAA-Directorate of Economic Growth and Neighbourhood Services
RBC Legal Entity,17/02/2022,4651294,270695,M & B ELECTRICAL SERVICES,Crematorium,70,Building Maintenance,SUB-CONTRACTOR,STANDARD,4606,LAAA-Directorate of Resources
RBC Legal Entity,17/02/2022,4651294,270695,M & B ELECTRICAL SERVICES,Crematorium,120,Building Maintenance,SUB-CONTRACTOR,STANDARD,4606,LAAA-Directorate of Resources
RBC Legal Entity,17/02/2022,4651294,270695,M & B ELECTRICAL SERVICES,Crematorium,1070,Building Maintenance,SUB-CONTRACTOR,STANDARD,4606,LAAA-Directorate of Resources
RBC Legal Entity,17/02/2022,4651321,270695,M & B ELECTRICAL SERVICES,Corporate Offices,24200,Plant,SUB-CONTRACTOR,STANDARD,8602,ZZZC-Capital
RBC Legal Entity,17/02/2022,4651626,270696,VOYAGE CARE,LD Community Services,3405.2,Purchased Care,Third Party Supplier,STANDARD,5741,JAAA-Directorate of Social Care and Health Services
RBC Legal Entity,17/02/2022,4651627,270696,VOYAGE CARE,Mental Health Community Services,4736.8,Purchased Care,Third Party Supplier,STANDARD,5731,JAAA-Directorate of Social Care and Health Services
RBC Legal Entity,17/02/2022,4651628,270696,VOYAGE CARE,LD Community Services,4166.04,Purchased Care,Third Party Supplier,STANDARD,5741,JAAA-Directorate of Social Care and Health Services
RBC Legal Entity,17/02/2022,4651629,270696,VOYAGE CARE,LD Community Services,3701.52,Purchased Care,Third Party Supplier,STANDARD,5741,JAAA-Directorate of Social Care and Health Services
RBC Legal Entity,17/02/2022,4651630,270696,VOYAGE CARE,LD Community Services,532.8,Purchased Care,Third Party Supplier,STANDARD,5741,JAAA-Directorate of Social Care and Health Services
RBC Legal Entity,17/02/2022,4651631,270696,VOYAGE CARE,LD Community Services,3289.43,Purchased Care,Third Party Supplier,STANDARD,5741,JAAA-Directorate of Social Care and Health Services
RBC Legal Entity,17/02/2022,4651632,270696,VOYAGE CARE,LD Community Services,507.2,Purchased Care,Third Party Supplier,STANDARD,5741,JAAA-Directorate of Social Care and Health Services
RBC Legal Entity,17/02/2022,4650225,270699,READING UK CIC,New Directions,716.39,Miscellaneous Income,Third Party Supplier,STANDARD,3340,KAAA-Directorate of Economic Growth and Neighbourhood Services
RBC Legal Entity,17/02/2022,4650225,270699,READING UK CIC,New Directions,716.39,Miscellaneous Income,Third Party Supplier,STANDARD,3340,KAAA-Directorate of Economic Growth and Neighbourhood Services
RBC Legal Entity,17/02/2022,4650225,270699,READING UK CIC,New Directions,716.39,Miscellaneous Income,Third Party Supplier,STANDARD,3340,KAAA-Directorate of Economic Growth and Neighbourhood Services
RBC Legal Entity,17/02/2022,4650225,270699,READING UK CIC,New Directions,716.39,Miscellaneous Income,Third Party Supplier,STANDARD,3340,KAAA-Directorate of Economic Growth and Neighbourhood Services
RBC Legal Entity,17/02/2022,4650225,270699,READING UK CIC,New Directions,941.16,Miscellaneous Income,Third Party Supplier,STANDARD,3340,KAAA-Directorate of Economic Growth and Neighbourhood Services
RBC Legal Entity,17/02/2022,4650225,270699,READING UK CIC,New Directions,941.16,Miscellaneous Income,Third Party Supplier,STANDARD,3340,KAAA-Directorate of Economic Growth and Neighbourhood Services
RBC Legal Entity,17/02/2022,4650225,270699,READING UK CIC,New Directions,941.16,Miscellaneous Income,Third Party Supplier,STANDARD,3340,KAAA-Directorate of Economic Growth and Neighbourhood Services
RBC Legal Entity,17/02/2022,4650225,270699,READING UK CIC,New Directions,941.16,Miscellaneous Income,Third Party Supplier,STANDARD,3340,KAAA-Directorate of Economic Growth and Neighbourhood Services
RBC Legal Entity,17/02/2022,4650225,270699,READING UK CIC,New Directions,941.16,Miscellaneous Income,Third Party Supplier,STANDARD,3340,KAAA-Directorate of Economic Growth and Neighbourhood Services
RBC Legal Entity,17/02/2022,4650225,270699,READING UK CIC,New Directions,941.16,Miscellaneous Income,Third Party Supplier,STANDARD,3340,KAAA-Directorate of Economic Growth and Neighbourhood Services
RBC Legal Entity,17/02/2022,4650225,270699,READING UK CIC,New Directions,941.16,Miscellaneous Income,Third Party Supplier,STANDARD,3340,KAAA-Directorate of Economic Growth and Neighbourhood Services
RBC Legal Entity,17/02/2022,4650225,270699,READING UK CIC,New Directions,941.16,Miscellaneous Income,Third Party Supplier,STANDARD,3340,KAAA-Directorate of Economic Growth and Neighbourhood Services
RBC Legal Entity,17/02/2022,4650225,270699,READING UK CIC,New Directions,1010.75,Miscellaneous Income,Third Party Supplier,STANDARD,3340,KAAA-Directorate of Economic Growth and Neighbourhood Services
RBC Legal Entity,17/02/2022,4650225,270699,READING UK CIC,New Directions,1010.75,Miscellaneous Income,Third Party Supplier,STANDARD,3340,KAAA-Directorate of Economic Growth and Neighbourhood Services
RBC Legal Entity,17/02/2022,4650225,270699,READING UK CIC,New Directions,1010.75,Miscellaneous Income,Third Party Supplier,STANDARD,3340,KAAA-Directorate of Economic Growth and Neighbourhood Services
RBC Legal Entity,17/02/2022,4650225,270699,READING UK CIC,New Directions,1010.75,Miscellaneous Income,Third Party Supplier,STANDARD,3340,KAAA-Directorate of Economic Growth and Neighbourhood Services
RBC Legal Entity,17/02/2022,4650225,270699,READING UK CIC,New Directions,1010.75,Miscellaneous Income,Third Party Supplier,STANDARD,3340,KAAA-Directorate of Economic Growth and Neighbourhood Services
RBC Legal Entity,17/02/2022,4650225,270699,READING UK CIC,New Directions,1010.75,Miscellaneous Income,Third Party Supplier,STANDARD,3340,KAAA-Directorate of Economic Growth and Neighbourhood Services
RBC Legal Entity,17/02/2022,4650225,270699,READING UK CIC,New Directions,1010.75,Miscellaneous Income,Third Party Supplier,STANDARD,3340,KAAA-Directorate of Economic Growth and Neighbourhood Services
RBC Legal Entity,17/02/2022,4650225,270699,READING UK CIC,New Directions,1010.75,Miscellaneous Income,Third Party Supplier,STANDARD,3340,KAAA-Directorate of Economic Growth and Neighbourhood Services
RBC Legal Entity,17/02/2022,4650225,270699,READING UK CIC,New Directions,1010.75,Miscellaneous Income,Third Party Supplier,STANDARD,3340,KAAA-Directorate of Economic Growth and Neighbourhood Services
RBC Legal Entity,17/02/2022,4650225,270699,READING UK CIC,New Directions,1010.75,Miscellaneous Income,Third Party Supplier,STANDARD,3340,KAAA-Directorate of Economic Growth and Neighbourhood Services
RBC Legal Entity,17/02/2022,4650225,270699,READING UK CIC,New Directions,1010.75,Miscellaneous Income,Third Party Supplier,STANDARD,3340,KAAA-Directorate of Economic Growth and Neighbourhood Services
RBC Legal Entity,17/02/2022,4650225,270699,READING UK CIC,New Directions,1010.75,Miscellaneous Income,Third Party Supplier,STANDARD,3340,KAAA-Directorate of Economic Growth and Neighbourhood Services
RBC Legal Entity,17/02/2022,4650225,270699,READING UK CIC,New Directions,1560,Miscellaneous Income,Third Party Supplier,STANDARD,3340,KAAA-Directorate of Economic Growth and Neighbourhood Services
RBC Legal Entity,17/02/2022,4651288,270700,ALAN BEARMAN MUSIC,South Street Operations,1000,Professional Fees,Third Party Supplier,STANDARD,1220,KAAA-Directorate of Economic Growth and Neighbourhood Services
RBC Legal Entity,17/02/2022,4648673,270701,AFFINITY (READING) LIMITED,Private Finance Initiative,596325.84,TPP  Contract,Third Party Supplier,STANDARD,5990,HAAA-Housing Revenue Account
RBC Legal Entity,17/02/2022,4651680,270703,THRIVE,LD Community Services,506.24,Day Care Purchases,SUPPLIER,STANDARD,5741,JAAA-Directorate of Social Care and Health Services
RBC Legal Entity,17/02/2022,4651681,270703,THRIVE,LD Community Services,506.24,Day Care Purchases,SUPPLIER,STANDARD,5741,JAAA-Directorate of Social Care and Health Services
RBC Legal Entity,17/02/2022,4651618,270704,CREATIVE SUPPORT LTD,PS Acquired Community Services,819.36,Purchased Care,Third Party Supplier,STANDARD,5771,JAAA-Directorate of Social Care and Health Services
RBC Legal Entity,17/02/2022,4651399,270707,DR REZAN GARDY,Coroner,7755.3,Medical Fees,Third Party Supplier,STANDARD,4605,KAAA-Directorate of Economic Growth and Neighbourhood Services
RBC Legal Entity,17/02/2022,4651689,270710,THERA EAST ANGLIA,Mental Health Community Services,1766.99,Purchased Care,SUPPLIER,STANDARD,5731,JAAA-Directorate of Social Care and Health Services
RBC Legal Entity,17/02/2022,4651641,270711,TOTAL HEALTH SUPPORT & TRAINING SERVICES,LD Community Services,5128.03,Purchased Care,Third Party Supplier,STANDARD,5741,JAAA-Directorate of Social Care and Health Services
RBC Legal Entity,17/02/2022,4651642,270711,TOTAL HEALTH SUPPORT & TRAINING SERVICES,LD Community Services,3548.16,Purchased Care,Third Party Supplier,STANDARD,5741,JAAA-Directorate of Social Care and Health Services
RBC Legal Entity,17/02/2022,4651645,270711,TOTAL HEALTH SUPPORT & TRAINING SERVICES,LD Community Services,3473.39,Purchased Care,Third Party Supplier,STANDARD,5741,JAAA-Directorate of Social Care and Health Services
RBC Legal Entity,17/02/2022,4651646,270711,TOTAL HEALTH SUPPORT & TRAINING SERVICES,LD Community Services,5686.35,Purchased Care,Third Party Supplier,STANDARD,5741,JAAA-Directorate of Social Care and Health Services
RBC Legal Entity,17/02/2022,4651647,270711,TOTAL HEALTH SUPPORT & TRAINING SERVICES,LD Community Services,3293.6,Purchased Care,Third Party Supplier,STANDARD,5741,JAAA-Directorate of Social Care and Health Services
RBC Legal Entity,17/02/2022,4651648,270711,TOTAL HEALTH SUPPORT & TRAINING SERVICES,LD Community Services,4777.04,Purchased Care,Third Party Supplier,STANDARD,5741,JAAA-Directorate of Social Care and Health Services
RBC Legal Entity,17/02/2022,4651649,270711,TOTAL HEALTH SUPPORT & TRAINING SERVICES,LD Community Services,4777.04,Purchased Care,Third Party Supplier,STANDARD,5741,JAAA-Directorate of Social Care and Health Services
RBC Legal Entity,17/02/2022,4651650,270711,TOTAL HEALTH SUPPORT & TRAINING SERVICES,LD Community Services,4777.04,Purchased Care,Third Party Supplier,STANDARD,5741,JAAA-Directorate of Social Care and Health Services
RBC Legal Entity,17/02/2022,4651651,270711,TOTAL HEALTH SUPPORT & TRAINING SERVICES,Mental Health Community Services,3965.63,Purchased Care,Third Party Supplier,STANDARD,5731,JAAA-Directorate of Social Care and Health Services
RBC Legal Entity,17/02/2022,4651655,270711,TOTAL HEALTH SUPPORT & TRAINING SERVICES,LD Community Services,4629.88,Purchased Care,Third Party Supplier,STANDARD,5741,JAAA-Directorate of Social Care and Health Services
RBC Legal Entity,17/02/2022,4651656,270711,TOTAL HEALTH SUPPORT & TRAINING SERVICES,LD Community Services,13970.6,Purchased Care,Third Party Supplier,STANDARD,5741,JAAA-Directorate of Social Care and Health Services
RBC Legal Entity,17/02/2022,4651376,270712,ANNIE SAYERS,JLT Disbursements,550,Misc. Legal Expenses,SUPPLIER,STANDARD,2407,LAAA-Directorate of Resources
RBC Legal Entity,17/02/2022,4648190,270713,WILCOX PSYCHOLOGICAL ASSOCIATES,JLT Disbursements,16.49,Misc. Legal Expenses,SUPPLIER,STANDARD,2407,LAAA-Directorate of Resources
RBC Legal Entity,17/02/2022,4648190,270713,WILCOX PSYCHOLOGICAL ASSOCIATES,JLT Disbursements,47.6,Misc. Legal Expenses,SUPPLIER,STANDARD,2407,LAAA-Directorate of Resources
RBC Legal Entity,17/02/2022,4648190,270713,WILCOX PSYCHOLOGICAL ASSOCIATES,JLT Disbursements,467.4,Misc. Legal Expenses,SUPPLIER,STANDARD,2407,LAAA-Directorate of Resources
RBC Legal Entity,17/02/2022,4648190,270713,WILCOX PSYCHOLOGICAL ASSOCIATES,JLT Disbursements,748.8,Misc. Legal Expenses,SUPPLIER,STANDARD,2407,LAAA-Directorate of Resources
RBC Legal Entity,17/02/2022,4648190,270713,WILCOX PSYCHOLOGICAL ASSOCIATES,JLT Disbursements,1045,Misc. Legal Expenses,SUPPLIER,STANDARD,2407,LAAA-Directorate of Resources
RBC Legal Entity,17/02/2022,4651307,270714,BEVAN BRITTAN,Food and Safety,256.6,Consultancy Fees,SUPPLIER,STANDARD,4614,KAAA-Directorate of Economic Growth and Neighbourhood Services
RBC Legal Entity,17/02/2022,4651307,270714,BEVAN BRITTAN,Food and Safety,84896.44,Consultancy Fees,SUPPLIER,STANDARD,4614,KAAA-Directorate of Economic Growth and Neighbourhood Services
RBC Legal Entity,17/02/2022,4644171,270715,UNIVERSITY HOSPITAL SOUTHAMPTON NHS FT,Coroner,634.17,Medical Fees,Third Party Supplier,STANDARD,4605,KAAA-Directorate of Economic Growth and Neighbourhood Services
RBC Legal Entity,17/02/2022,4651682,270717,SYLVIANCARE LTD,M&C Acquired Community Services,2156.5,Purchased Care,Third Party Supplier,STANDARD,5751,JAAA-Directorate of Social Care and Health Services
RBC Legal Entity,17/02/2022,4651683,270717,SYLVIANCARE LTD,PS Acquired Community Services,832.69,Purchased Care,Third Party Supplier,STANDARD,5771,JAAA-Directorate of Social Care and Health Services
RBC Legal Entity,17/02/2022,4651685,270718,MAKAI CARE LTD,PS Acquired Community Services,760,Purchased Care,SUPPLIER,STANDARD,5771,JAAA-Directorate of Social Care and Health Services
RBC Legal Entity,17/02/2022,4651686,270718,MAKAI CARE LTD,PS Acquired Community Services,589,Purchased Care,SUPPLIER,STANDARD,5771,JAAA-Directorate of Social Care and Health Services
RBC Legal Entity,17/02/2022,4651687,270718,MAKAI CARE LTD,PS Acquired Community Services,3087.5,Purchased Care,SUPPLIER,STANDARD,5771,JAAA-Directorate of Social Care and Health Services
RBC Legal Entity,17/02/2022,4648590,270719,STORUM LTD T/A METAFENCE,Repairs,3078.75,Decent Neighbourhood Funding,SUB-CONTRACTOR,STANDARD,5970,HAAA-Housing Revenue Account
RBC Legal Entity,17/02/2022,4648592,270719,STORUM LTD T/A METAFENCE,Repairs,9104.1,Decent Neighbourhood Funding,SUB-CONTRACTOR,STANDARD,5970,HAAA-Housing Revenue Account
RBC Legal Entity,17/02/2022,4643982,270720,DEELAND LTD T/A SERVICEMASTER,Void Property Management,611.24,Office Cleaning,Third Party Supplier,STANDARD,5921,HAAA-Housing Revenue Account
RBC Legal Entity,17/02/2022,4643989,270720,DEELAND LTD T/A SERVICEMASTER,Void Property Management,444.43,Office Cleaning,Third Party Supplier,STANDARD,5921,HAAA-Housing Revenue Account
RBC Legal Entity,17/02/2022,4643993,270720,DEELAND LTD T/A SERVICEMASTER,Void Property Management,501.12,Office Cleaning,Third Party Supplier,STANDARD,5921,HAAA-Housing Revenue Account
RBC Legal Entity,17/02/2022,4644003,270720,DEELAND LTD T/A SERVICEMASTER,Void Property Management,450.11,Office Cleaning,Third Party Supplier,STANDARD,5921,HAAA-Housing Revenue Account
RBC Legal Entity,17/02/2022,4651471,270721,SUPERB HEALTHCARE LTD,Mental Health Community Services,517.75,Purchased Care,Third Party Supplier,STANDARD,5731,JAAA-Directorate of Social Care and Health Services
RBC Legal Entity,17/02/2022,4651474,270721,SUPERB HEALTHCARE LTD,PS Acquired Community Services,1624.5,Purchased Care,Third Party Supplier,STANDARD,5771,JAAA-Directorate of Social Care and Health Services
RBC Legal Entity,17/02/2022,4651476,270721,SUPERB HEALTHCARE LTD,PS Acquired Community Services,694.5,Purchased Care,Third Party Supplier,STANDARD,5771,JAAA-Directorate of Social Care and Health Services
RBC Legal Entity,17/02/2022,4651477,270721,SUPERB HEALTHCARE LTD,PS Acquired Community Services,3092.25,Purchased Care,Third Party Supplier,STANDARD,5771,JAAA-Directorate of Social Care and Health Services
RBC Legal Entity,17/02/2022,4651478,270721,SUPERB HEALTHCARE LTD,PS Acquired Community Services,2356,Purchased Care,Third Party Supplier,STANDARD,5771,JAAA-Directorate of Social Care and Health Services
RBC Legal Entity,17/02/2022,4651479,270721,SUPERB HEALTHCARE LTD,PS Acquired Community Services,1553.25,Purchased Care,Third Party Supplier,STANDARD,5771,JAAA-Directorate of Social Care and Health Services
RBC Legal Entity,17/02/2022,4651546,270721,SUPERB HEALTHCARE LTD,PS Acquired Community Services,2565,Purchased Care,Third Party Supplier,STANDARD,5771,JAAA-Directorate of Social Care and Health Services
RBC Legal Entity,17/02/2022,4651547,270721,SUPERB HEALTHCARE LTD,PS Acquired Community Services,1030.75,Purchased Care,Third Party Supplier,STANDARD,5771,JAAA-Directorate of Social Care and Health Services
RBC Legal Entity,17/02/2022,4648889,270723,F M CONWAY LTD,Highways,1093.12,Materials Direct,SUB-CONTRACTOR,STANDARD,4252,KAAA-Directorate of Economic Growth and Neighbourhood Services
RBC Legal Entity,17/02/2022,4651664,270724,MEDCARE HOME SERVICES LTD T/A PROACTIVE LIFE,PS Acquired Community Services,2419.2,Purchased Care,SUPPLIER,STANDARD,5771,JAAA-Directorate of Social Care and Health Services
RBC Legal Entity,17/02/2022,4651667,270724,MEDCARE HOME SERVICES LTD T/A PROACTIVE LIFE,Mental Health Community Services,4733.56,Purchased Care,SUPPLIER,STANDARD,5731,JAAA-Directorate of Social Care and Health Services
RBC Legal Entity,17/02/2022,4643896,270726,WILLIAMS COMMERCE LTD,Cultural Services Marketing,450,Publicity & Media Work,SUPPLIER,STANDARD,1235,KAAA-Directorate of Economic Growth and Neighbourhood Services
RBC Legal Entity,17/02/2022,4643898,270726,WILLIAMS COMMERCE LTD,Cultural Services Marketing,450,Publicity & Media Work,SUPPLIER,STANDARD,1235,KAAA-Directorate of Economic Growth and Neighbourhood Services
RBC Legal Entity,17/02/2022,4650766,270727,LAUNCHPAD READING,Housing GF General Charges,27500,Preventive+SupportiveServ,Third Party Supplier,STANDARD,5810,KAAA-Directorate of Economic Growth and Neighbourhood Services
RBC Legal Entity,17/02/2022,4651364,270728,Brighter Futures for Children,Kennet Day Nursery,884.5,Catering/Meeting Expenses,Internal,STANDARD,3555,LAAA-Directorate of Resources
RBC Legal Entity,17/02/2022,4648511,270730,NCC SERVICES LIMITED,Traffic,195,TPP  Contract,Third Party Supplier,STANDARD,4703,KAAA-Directorate of Economic Growth and Neighbourhood Services
RBC Legal Entity,17/02/2022,4648511,270730,NCC SERVICES LIMITED,Traffic,800,TPP  Contract,Third Party Supplier,STANDARD,4703,KAAA-Directorate of Economic Growth and Neighbourhood Services
RBC Legal Entity,17/02/2022,4644330,270732,SUNLIGHT HOMECARE SERVICES LIMITED,LD Community Services,3085.84,Purchased Care,Third Party Supplier,STANDARD,5741,JAAA-Directorate of Social Care and Health Services
RBC Legal Entity,17/02/2022,4648340,270733,NEW BEGINNINGS NORTH EAST LTD,LD Community Services,4560.24,Purchased Care,Third Party Supplier,STANDARD,5741,JAAA-Directorate of Social Care and Health Services
RBC Legal Entity,17/02/2022,4644084,270734,MATTHEW BURMAN,JLT Disbursements,750,Misc. Legal Expenses,Third Party Supplier,STANDARD,2407,LAAA-Directorate of Resources
RBC Legal Entity,17/02/2022,4651244,270735,CSN CARE GROUP LTD T/A CAREWATCH,PS Acquired Community Services,713.02,Purchased Care,Third Party Supplier,STANDARD,5771,JAAA-Directorate of Social Care and Health Services
RBC Legal Entity,17/02/2022,4651245,270735,CSN CARE GROUP LTD T/A CAREWATCH,PS Acquired Community Services,-713.02,Purchased Care,Third Party Supplier,CREDIT,5771,JAAA-Directorate of Social Care and Health Services
RBC Legal Entity,17/02/2022,4651278,270735,CSN CARE GROUP LTD T/A CAREWATCH,PS Acquired Community Services,1254.73,Purchased Care,Third Party Supplier,STANDARD,5771,JAAA-Directorate of Social Care and Health Services
RBC Legal Entity,17/02/2022,4651279,270735,CSN CARE GROUP LTD T/A CAREWATCH,PS Acquired Community Services,-1254.73,Purchased Care,Third Party Supplier,CREDIT,5771,JAAA-Directorate of Social Care and Health Services
RBC Legal Entity,17/02/2022,4651594,270735,CSN CARE GROUP LTD T/A CAREWATCH,Mental Health Community Services,1844.6,Purchased Care,Third Party Supplier,STANDARD,5731,JAAA-Directorate of Social Care and Health Services
RBC Legal Entity,17/02/2022,4651602,270735,CSN CARE GROUP LTD T/A CAREWATCH,PS Acquired Community Services,1182.77,Purchased Care,Third Party Supplier,STANDARD,5771,JAAA-Directorate of Social Care and Health Services
RBC Legal Entity,17/02/2022,4651670,270735,CSN CARE GROUP LTD T/A CAREWATCH,PS Acquired Community Services,2883.25,Purchased Care,Third Party Supplier,STANDARD,5771,JAAA-Directorate of Social Care and Health Services
RBC Legal Entity,17/02/2022,4644090,270736,KATHERINE ANDERSON,JLT Disbursements,1000,Misc. Legal Expenses,SUPPLIER,STANDARD,2407,LAAA-Directorate of Resources
RBC Legal Entity,17/02/2022,4648644,270737,SUBTILIS CONSULTING LTD,Planning,550,TPP to Others,SUPPLIER,STANDARD,4700,KAAA-Directorate of Economic Growth and Neighbourhood Services
RBC Legal Entity,17/02/2022,4649492,270739,YUNEX LTD,UTMC / ITS,11675.5,Contractors,SUB-CONTRACTOR,STANDARD,8850,ZZZC-Capital
RBC Legal Entity,17/02/2022,4651709,270740,AMHERST READING,Bed and Breakfast,700,Rents,Third Party Supplier,STANDARD,5871,KAAA-Directorate of Economic Growth and Neighbourhood Services
RBC Legal Entity,17/02/2022,4651710,270740,AMHERST READING,Bed and Breakfast,700,Rents,Third Party Supplier,STANDARD,5871,KAAA-Directorate of Economic Growth and Neighbourhood Services
RBC Legal Entity,17/02/2022,4651711,270740,AMHERST READING,Bed and Breakfast,700,Rents,Third Party Supplier,STANDARD,5871,KAAA-Directorate of Economic Growth and Neighbourhood Services
RBC Legal Entity,17/02/2022,4651712,270740,AMHERST READING,Bed and Breakfast,700,Rents,Third Party Supplier,STANDARD,5871,KAAA-Directorate of Economic Growth and Neighbourhood Services
RBC Legal Entity,17/02/2022,4651713,270740,AMHERST READING,Bed and Breakfast,700,Rents,Third Party Supplier,STANDARD,5871,KAAA-Directorate of Economic Growth and Neighbourhood Services
RBC Legal Entity,17/02/2022,4649790,270741,SALIS CARE LTD,Mental Health Community Services,3801,Purchased Care,SUPPLIER,STANDARD,5731,JAAA-Directorate of Social Care and Health Services
RBC Legal Entity,17/02/2022,4651673,270741,SALIS CARE LTD,Social Support,3778.8,Purchased Care,SUPPLIER,STANDARD,5790,JAAA-Directorate of Social Care and Health Services
RBC Legal Entity,17/02/2022,4651674,270741,SALIS CARE LTD,Social Support,1637.49,Purchased Care,SUPPLIER,STANDARD,5790,JAAA-Directorate of Social Care and Health Services
RBC Legal Entity,17/02/2022,4644081,270742,THE MODERN FAMILY LAW COMPANY,JLT Disbursements,800,Misc. Legal Expenses,Third Party Supplier,STANDARD,2407,LAAA-Directorate of Resources
RBC Legal Entity,17/02/2022,4644082,270742,THE MODERN FAMILY LAW COMPANY,JLT Disbursements,800,Misc. Legal Expenses,Third Party Supplier,STANDARD,2407,LAAA-Directorate of Resources
RBC Legal Entity,17/02/2022,4644083,270742,THE MODERN FAMILY LAW COMPANY,JLT Disbursements,800,Misc. Legal Expenses,Third Party Supplier,STANDARD,2407,LAAA-Directorate of Resources
RBC Legal Entity,17/02/2022,4644085,270742,THE MODERN FAMILY LAW COMPANY,JLT Disbursements,800,Misc. Legal Expenses,Third Party Supplier,STANDARD,2407,LAAA-Directorate of Resources
RBC Legal Entity,17/02/2022,4644125,270742,THE MODERN FAMILY LAW COMPANY,JLT Disbursements,1600,Misc. Legal Expenses,Third Party Supplier,STANDARD,2407,LAAA-Directorate of Resources
RBC Legal Entity,17/02/2022,4644174,270742,THE MODERN FAMILY LAW COMPANY,JLT Disbursements,1600,Misc. Legal Expenses,Third Party Supplier,STANDARD,2407,LAAA-Directorate of Resources
RBC Legal Entity,17/02/2022,4644175,270742,THE MODERN FAMILY LAW COMPANY,JLT Disbursements,1600,Misc. Legal Expenses,Third Party Supplier,STANDARD,2407,LAAA-Directorate of Resources
RBC Legal Entity,17/02/2022,4644176,270742,THE MODERN FAMILY LAW COMPANY,JLT Disbursements,1600,Misc. Legal Expenses,Third Party Supplier,STANDARD,2407,LAAA-Directorate of Resources
RBC Legal Entity,17/02/2022,4644177,270742,THE MODERN FAMILY LAW COMPANY,JLT Disbursements,1600,Misc. Legal Expenses,Third Party Supplier,STANDARD,2407,LAAA-Directorate of Resources
RBC Legal Entity,17/02/2022,4644225,270742,THE MODERN FAMILY LAW COMPANY,JLT Disbursements,800,Misc. Legal Expenses,Third Party Supplier,STANDARD,2407,LAAA-Directorate of Resources
RBC Legal Entity,17/02/2022,4644226,270742,THE MODERN FAMILY LAW COMPANY,JLT Disbursements,800,Misc. Legal Expenses,Third Party Supplier,STANDARD,2407,LAAA-Directorate of Resources
RBC Legal Entity,17/02/2022,4644227,270742,THE MODERN FAMILY LAW COMPANY,JLT Disbursements,800,Misc. Legal Expenses,Third Party Supplier,STANDARD,2407,LAAA-Directorate of Resources
RBC Legal Entity,17/02/2022,4644228,270742,THE MODERN FAMILY LAW COMPANY,JLT Disbursements,800,Misc. Legal Expenses,Third Party Supplier,STANDARD,2407,LAAA-Directorate of Resources
RBC Legal Entity,17/02/2022,4651675,270743,LIMMS CARE SERVICES,PS Acquired Community Services,595,Purchased Care,Third Party Supplier,STANDARD,5771,JAAA-Directorate of Social Care and Health Services
RBC Legal Entity,17/02/2022,4651676,270743,LIMMS CARE SERVICES,PS Acquired Community Services,2380,Purchased Care,Third Party Supplier,STANDARD,5771,JAAA-Directorate of Social Care and Health Services
RBC Legal Entity,17/02/2022,4651677,270743,LIMMS CARE SERVICES,PS Acquired Community Services,595,Purchased Care,Third Party Supplier,STANDARD,5771,JAAA-Directorate of Social Care and Health Services
RBC Legal Entity,17/02/2022,4648934,270744,BATTENS SOLICITORS,JLT Disbursements,470,Misc. Legal Expenses,Third Party Supplier,STANDARD,2407,LAAA-Directorate of Resources
RBC Legal Entity,17/02/2022,4650773,270745,SOLUTIONS 4 HEALTH LTD,Berkshire West Public Health Hub,8333.33,Payments to Operators,Third Party Supplier,STANDARD,2002,JAAA-Directorate of Social Care and Health Services
RBC Legal Entity,17/02/2022,4650773,270745,SOLUTIONS 4 HEALTH LTD,Berkshire West Public Health Hub,8333.33,Payments to Operators,Third Party Supplier,STANDARD,2002,JAAA-Directorate of Social Care and Health Services
RBC Legal Entity,17/02/2022,4650773,270745,SOLUTIONS 4 HEALTH LTD,Berkshire West Public Health Hub,8333.34,Payments to Operators,Third Party Supplier,STANDARD,2002,JAAA-Directorate of Social Care and Health Services
RBC Legal Entity,18/02/2022,4651721,270749,R&D CONTRACTORS,Repairs,6846.93,Special Adaptions,SUPPLIER,STANDARD,5970,HAAA-Housing Revenue Account
RBC Legal Entity,18/02/2022,4648940,270750,SOLENT NHS TRUST,Berkshire West Public Health Hub,120.55,NHS Trusts,SUPPLIER,STANDARD,2002,JAAA-Directorate of Social Care and Health Services
RBC Legal Entity,18/02/2022,4648940,270750,SOLENT NHS TRUST,Berkshire West Public Health Hub,759.26,NHS Trusts,SUPPLIER,STANDARD,2002,JAAA-Directorate of Social Care and Health Services
RBC Legal Entity,18/02/2022,4648940,270750,SOLENT NHS TRUST,Berkshire West Public Health Hub,2192.81,NHS Trusts,SUPPLIER,STANDARD,2002,JAAA-Directorate of Social Care and Health Services
RBC Legal Entity,18/02/2022,4651737,270752,YMCA READING,Housing GF General Charges,20666.67,Preventive+SupportiveServ,Third Party Supplier,STANDARD,5810,KAAA-Directorate of Economic Growth and Neighbourhood Services
RBC Legal Entity,18/02/2022,4651738,270752,YMCA READING,Housing GF General Charges,20666.67,Preventive+SupportiveServ,Third Party Supplier,STANDARD,5810,KAAA-Directorate of Economic Growth and Neighbourhood Services
RBC Legal Entity,18/02/2022,4644162,270753,DENNIS EAGLE LTD,Fleet Management,37493.06,Vehicle Maintenance,SUPPLIER,STANDARD,4552,KAAA-Directorate of Economic Growth and Neighbourhood Services
RBC Legal Entity,18/02/2022,4644224,270753,DENNIS EAGLE LTD,Fleet Management,13.75,Unfair Wear + Tear Costs,SUPPLIER,STANDARD,4552,KAAA-Directorate of Economic Growth and Neighbourhood Services
RBC Legal Entity,18/02/2022,4644224,270753,DENNIS EAGLE LTD,Fleet Management,48.7,Unfair Wear + Tear Costs,SUPPLIER,STANDARD,4552,KAAA-Directorate of Economic Growth and Neighbourhood Services
RBC Legal Entity,18/02/2022,4644224,270753,DENNIS EAGLE LTD,Fleet Management,48.7,Unfair Wear + Tear Costs,SUPPLIER,STANDARD,4552,KAAA-Directorate of Economic Growth and Neighbourhood Services
RBC Legal Entity,18/02/2022,4644224,270753,DENNIS EAGLE LTD,Fleet Management,55,Unfair Wear + Tear Costs,SUPPLIER,STANDARD,4552,KAAA-Directorate of Economic Growth and Neighbourhood Services
RBC Legal Entity,18/02/2022,4644224,270753,DENNIS EAGLE LTD,Fleet Management,68.75,Unfair Wear + Tear Costs,SUPPLIER,STANDARD,4552,KAAA-Directorate of Economic Growth and Neighbourhood Services
RBC Legal Entity,18/02/2022,4644224,270753,DENNIS EAGLE LTD,Fleet Management,96.25,Unfair Wear + Tear Costs,SUPPLIER,STANDARD,4552,KAAA-Directorate of Economic Growth and Neighbourhood Services
RBC Legal Entity,18/02/2022,4644224,270753,DENNIS EAGLE LTD,Fleet Management,111.96,Unfair Wear + Tear Costs,SUPPLIER,STANDARD,4552,KAAA-Directorate of Economic Growth and Neighbourhood Services
RBC Legal Entity,18/02/2022,4644224,270753,DENNIS EAGLE LTD,Fleet Management,117.2,Unfair Wear + Tear Costs,SUPPLIER,STANDARD,4552,KAAA-Directorate of Economic Growth and Neighbourhood Services
RBC Legal Entity,18/02/2022,4644224,270753,DENNIS EAGLE LTD,Fleet Management,134,Unfair Wear + Tear Costs,SUPPLIER,STANDARD,4552,KAAA-Directorate of Economic Growth and Neighbourhood Services
RBC Legal Entity,18/02/2022,4644224,270753,DENNIS EAGLE LTD,Fleet Management,135.19,Unfair Wear + Tear Costs,SUPPLIER,STANDARD,4552,KAAA-Directorate of Economic Growth and Neighbourhood Services
RBC Legal Entity,18/02/2022,4644224,270753,DENNIS EAGLE LTD,Fleet Management,170,Unfair Wear + Tear Costs,SUPPLIER,STANDARD,4552,KAAA-Directorate of Economic Growth and Neighbourhood Services
RBC Legal Entity,18/02/2022,4644224,270753,DENNIS EAGLE LTD,Fleet Management,595.32,Unfair Wear + Tear Costs,SUPPLIER,STANDARD,4552,KAAA-Directorate of Economic Growth and Neighbourhood Services
RBC Legal Entity,18/02/2022,4644224,270753,DENNIS EAGLE LTD,Fleet Management,927.31,Unfair Wear + Tear Costs,SUPPLIER,STANDARD,4552,KAAA-Directorate of Economic Growth and Neighbourhood Services
RBC Legal Entity,18/02/2022,4648031,270754,IKEN BUSINESS LTD,Joint Legal Team,9252,Comp.Software  Purchases,SUPPLIER,STANDARD,2405,LAAA-Directorate of Resources
RBC Legal Entity,18/02/2022,4644235,270755,JUSTINE RAMSDEN,JLT Disbursements,625,Misc. Legal Expenses,Third Party Supplier,STANDARD,2407,LAAA-Directorate of Resources
RBC Legal Entity,18/02/2022,4644240,270756,PROVIDE SESS LTD,Grounds Maintenance,819,TPP to Others,Third Party Supplier,STANDARD,1306,KAAA-Directorate of Economic Growth and Neighbourhood Services
RBC Legal Entity,18/02/2022,4648950,270756,PROVIDE SESS LTD,Grounds Maintenance,1242,TPP to Others,Third Party Supplier,STANDARD,1306,KAAA-Directorate of Economic Growth and Neighbourhood Services
RBC Legal Entity,18/02/2022,4649447,270756,PROVIDE SESS LTD,Corporate FM - Community Buildings,23,Security Charges,Third Party Supplier,STANDARD,3739,KAAA-Directorate of Economic Growth and Neighbourhood Services
RBC Legal Entity,18/02/2022,4649447,270756,PROVIDE SESS LTD,Corporate FM - Community Buildings,23,Security Charges,Third Party Supplier,STANDARD,3739,KAAA-Directorate of Economic Growth and Neighbourhood Services
RBC Legal Entity,18/02/2022,4649447,270756,PROVIDE SESS LTD,Corporate FM - Community Buildings,30,Security Charges,Third Party Supplier,STANDARD,3739,KAAA-Directorate of Economic Growth and Neighbourhood Services
RBC Legal Entity,18/02/2022,4649447,270756,PROVIDE SESS LTD,Corporate FM - Community Buildings,30,Security Charges,Third Party Supplier,STANDARD,3739,KAAA-Directorate of Economic Growth and Neighbourhood Services
RBC Legal Entity,18/02/2022,4649447,270756,PROVIDE SESS LTD,Corporate FM - Community Buildings,46,Security Charges,Third Party Supplier,STANDARD,3739,KAAA-Directorate of Economic Growth and Neighbourhood Services
RBC Legal Entity,18/02/2022,4649447,270756,PROVIDE SESS LTD,Corporate FM - Community Buildings,46,Security Charges,Third Party Supplier,STANDARD,3739,KAAA-Directorate of Economic Growth and Neighbourhood Services
RBC Legal Entity,18/02/2022,4649447,270756,PROVIDE SESS LTD,Corporate FM - Office Buildings,150,Security Charges,Third Party Supplier,STANDARD,3738,KAAA-Directorate of Economic Growth and Neighbourhood Services
RBC Legal Entity,18/02/2022,4649447,270756,PROVIDE SESS LTD,Corporate FM - Office Buildings,252.36,Security Charges,Third Party Supplier,STANDARD,3738,KAAA-Directorate of Economic Growth and Neighbourhood Services
RBC Legal Entity,18/02/2022,4644206,270757,G2 RECRUITMENT SOLUTIONS LTD,Building Control,750,Consultancy Fees,SUPPLIER,STANDARD,4701,KAAA-Directorate of Economic Growth and Neighbourhood Services
RBC Legal Entity,18/02/2022,4644207,270757,G2 RECRUITMENT SOLUTIONS LTD,Building Control,1650.83,Consultancy Fees,SUPPLIER,STANDARD,4701,KAAA-Directorate of Economic Growth and Neighbourhood Services
RBC Legal Entity,18/02/2022,4644193,270758,GRANICUS-FIRMSTEP LTD,IT Management,3565.76,Software Support,SUPPLIER,STANDARD,2300,EAAA-Chief Executive
RBC Legal Entity,18/02/2022,4644194,270758,GRANICUS-FIRMSTEP LTD,IT Management,6500,Training & Development Costs,SUPPLIER,STANDARD,2300,EAAA-Chief Executive
RBC Legal Entity,18/02/2022,4644231,270759,ELEANOR HOWARD,JLT Disbursements,600,Misc. Legal Expenses,INDIVIDUAL,STANDARD,2407,LAAA-Directorate of Resources
RBC Legal Entity,18/02/2022,4644169,270760,SHABANA B LIMITED,Housing GF General Charges,840,Preventive+SupportiveServ,SUPPLIER,STANDARD,5810,KAAA-Directorate of Economic Growth and Neighbourhood Services
RBC Legal Entity,18/02/2022,4645420,270762,F M CONWAY LTD,Highways,952,Materials Direct,SUB-CONTRACTOR,STANDARD,4252,KAAA-Directorate of Economic Growth and Neighbourhood Services
RBC Legal Entity,18/02/2022,4648838,270765,MODUS CONSTRUCTION LTD,Corporate Maintenance Services,620,Leasing Costs,SUB-CONTRACTOR,STANDARD,4080,KAAA-Directorate of Economic Growth and Neighbourhood Services
RBC Legal Entity,18/02/2022,4646485,270766,FORESIGHT CLINICAL SERVICES LTD,JLT Disbursements,675,Misc. Legal Expenses,Third Party Supplier,STANDARD,2407,LAAA-Directorate of Resources
RBC Legal Entity,18/02/2022,4644172,270767,WPC SOFTWARE LTD,Coroner,5700.92,Software Licences,SUPPLIER,STANDARD,4605,KAAA-Directorate of Economic Growth and Neighbourhood Services
RBC Legal Entity,18/02/2022,4651341,270769,NEC SOFTWARE SOLUTIONS UK LTD,IT Management,13598.51,"Internet Connections, etc",Third Party Supplier,STANDARD,2300,EAAA-Chief Executive
RBC Legal Entity,18/02/2022,4650765,270770,LAUNCHPAD READING,Housing GF General Charges,22500,Preventive+SupportiveServ,Third Party Supplier,STANDARD,5810,KAAA-Directorate of Economic Growth and Neighbourhood Services
RBC Legal Entity,18/02/2022,4644230,270775,CORE ASSETS GROUP,JLT Disbursements,2340.3,Misc. Legal Expenses,Third Party Supplier,STANDARD,2407,LAAA-Directorate of Resources
RBC Legal Entity,18/02/2022,4648793,270776,J&R TYRES LTD,Fleet Management,4180,Tyres,Third Party Supplier,STANDARD,4552,KAAA-Directorate of Economic Growth and Neighbourhood Services
RBC Legal Entity,18/02/2022,4650495,270777,IMPRESS PRINT SERVICES LTD,Communications,6820.17,Publicity & Media Work,SUPPLIER,STANDARD,2075,EAAA-Chief Executive
RBC Legal Entity,18/02/2022,4645411,270779,PROVING SERVICES LTD,UTMC / ITS,4700,Contractors,SUPPLIER,STANDARD,8850,ZZZC-Capital
RBC Legal Entity,18/02/2022,4651894,270780,JADE & ELLIOTT BROWN,Housing Advice,1198.8,Responsive Repairs,SUPPLIER,STANDARD,5820,KAAA-Directorate of Economic Growth and Neighbourhood Services
RBC Legal Entity,18/02/2022,4646632,270782,SOCIAL STATION - PLATFORMS FOR CHANGE LTD,Transformation,2000,Consultancy Fees,Third Party Supplier,STANDARD,5289,JAAA-Directorate of Social Care and Health Services
RBC Legal Entity,18/02/2022,4651764,270783,BERKSHIRE ROOMS,Rowe Court Fire,665,Rents,Third Party Supplier,STANDARD,2299,KAAA-Directorate of Economic Growth and Neighbourhood Services
RBC Legal Entity,18/02/2022,4651765,270783,BERKSHIRE ROOMS,Bed and Breakfast,126,Rents,Third Party Supplier,STANDARD,5871,KAAA-Directorate of Economic Growth and Neighbourhood Services
RBC Legal Entity,18/02/2022,4651765,270783,BERKSHIRE ROOMS,Bed and Breakfast,504,Rents,Third Party Supplier,STANDARD,5871,KAAA-Directorate of Economic Growth and Neighbourhood Services
RBC Legal Entity,18/02/2022,4651767,270783,BERKSHIRE ROOMS,Bed and Breakfast,154,Rents,Third Party Supplier,STANDARD,5871,KAAA-Directorate of Economic Growth and Neighbourhood Services
RBC Legal Entity,18/02/2022,4651767,270783,BERKSHIRE ROOMS,Bed and Breakfast,616,Rents,Third Party Supplier,STANDARD,5871,KAAA-Directorate of Economic Growth and Neighbourhood Services
RBC Legal Entity,18/02/2022,4651778,270783,BERKSHIRE ROOMS,Bed and Breakfast,630,Rents,Third Party Supplier,STANDARD,5871,KAAA-Directorate of Economic Growth and Neighbourhood Services
RBC Legal Entity,18/02/2022,4651779,270783,BERKSHIRE ROOMS,Bed and Breakfast,770,Rents,Third Party Supplier,STANDARD,5871,KAAA-Directorate of Economic Growth and Neighbourhood Services
RBC Legal Entity,18/02/2022,4651787,270783,BERKSHIRE ROOMS,Bed and Breakfast,770,Rents,Third Party Supplier,STANDARD,5871,KAAA-Directorate of Economic Growth and Neighbourhood Services
RBC Legal Entity,18/02/2022,4651788,270783,BERKSHIRE ROOMS,Rowe Court Fire,133.04,Rents,Third Party Supplier,STANDARD,2299,KAAA-Directorate of Economic Growth and Neighbourhood Services
RBC Legal Entity,18/02/2022,4651788,270783,BERKSHIRE ROOMS,Rowe Court Fire,531.96,Rents,Third Party Supplier,STANDARD,2299,KAAA-Directorate of Economic Growth and Neighbourhood Services
RBC Legal Entity,18/02/2022,4651798,270783,BERKSHIRE ROOMS,Bed and Breakfast,196,Rents,Third Party Supplier,STANDARD,5871,KAAA-Directorate of Economic Growth and Neighbourhood Services
RBC Legal Entity,18/02/2022,4651798,270783,BERKSHIRE ROOMS,Bed and Breakfast,784,Rents,Third Party Supplier,STANDARD,5871,KAAA-Directorate of Economic Growth and Neighbourhood Services
RBC Legal Entity,18/02/2022,4651799,270783,BERKSHIRE ROOMS,Bed and Breakfast,196,Rents,Third Party Supplier,STANDARD,5871,KAAA-Directorate of Economic Growth and Neighbourhood Services
RBC Legal Entity,18/02/2022,4651799,270783,BERKSHIRE ROOMS,Bed and Breakfast,784,Rents,Third Party Supplier,STANDARD,5871,KAAA-Directorate of Economic Growth and Neighbourhood Services
RBC Legal Entity,18/02/2022,4651864,270783,BERKSHIRE ROOMS,Bed and Breakfast,480,Rents,Third Party Supplier,STANDARD,5871,KAAA-Directorate of Economic Growth and Neighbourhood Services
RBC Legal Entity,18/02/2022,4651868,270783,BERKSHIRE ROOMS,Bed and Breakfast,840,Rents,Third Party Supplier,STANDARD,5871,KAAA-Directorate of Economic Growth and Neighbourhood Services
RBC Legal Entity,18/02/2022,4651870,270783,BERKSHIRE ROOMS,Bed and Breakfast,168,Rents,Third Party Supplier,STANDARD,5871,KAAA-Directorate of Economic Growth and Neighbourhood Services
RBC Legal Entity,18/02/2022,4651870,270783,BERKSHIRE ROOMS,Bed and Breakfast,672,Rents,Third Party Supplier,STANDARD,5871,KAAA-Directorate of Economic Growth and Neighbourhood Services
RBC Legal Entity,18/02/2022,4651871,270783,BERKSHIRE ROOMS,Bed and Breakfast,665,Rents,Third Party Supplier,STANDARD,5871,KAAA-Directorate of Economic Growth and Neighbourhood Services
RBC Legal Entity,18/02/2022,4651875,270783,BERKSHIRE ROOMS,Bed and Breakfast,910,Rents,Third Party Supplier,STANDARD,5871,KAAA-Directorate of Economic Growth and Neighbourhood Services
RBC Legal Entity,18/02/2022,4651876,270783,BERKSHIRE ROOMS,Bed and Breakfast,840,Rents,Third Party Supplier,STANDARD,5871,KAAA-Directorate of Economic Growth and Neighbourhood Services
RBC Legal Entity,18/02/2022,4651883,270783,BERKSHIRE ROOMS,Bed and Breakfast,770,Rents,Third Party Supplier,STANDARD,5871,KAAA-Directorate of Economic Growth and Neighbourhood Services
RBC Legal Entity,18/02/2022,4651885,270783,BERKSHIRE ROOMS,Bed and Breakfast,665,Rents,Third Party Supplier,STANDARD,5871,KAAA-Directorate of Economic Growth and Neighbourhood Services
RBC Legal Entity,18/02/2022,4651886,270783,BERKSHIRE ROOMS,Bed and Breakfast,840,Rents,Third Party Supplier,STANDARD,5871,KAAA-Directorate of Economic Growth and Neighbourhood Services
RBC Legal Entity,18/02/2022,4651887,270783,BERKSHIRE ROOMS,Bed and Breakfast,910,Rents,Third Party Supplier,STANDARD,5871,KAAA-Directorate of Economic Growth and Neighbourhood Services
RBC Legal Entity,18/02/2022,4651888,270783,BERKSHIRE ROOMS,Bed and Breakfast,840,Rents,Third Party Supplier,STANDARD,5871,KAAA-Directorate of Economic Growth and Neighbourhood Services
RBC Legal Entity,18/02/2022,4651889,270783,BERKSHIRE ROOMS,Bed and Breakfast,840,Rents,Third Party Supplier,STANDARD,5871,KAAA-Directorate of Economic Growth and Neighbourhood Services
RBC Legal Entity,18/02/2022,4651892,270783,BERKSHIRE ROOMS,Bed and Breakfast,475,Rents,Third Party Supplier,STANDARD,5871,KAAA-Directorate of Economic Growth and Neighbourhood Services
RBC Legal Entity,18/02/2022,4651893,270783,BERKSHIRE ROOMS,Bed and Breakfast,72,Rents,Third Party Supplier,STANDARD,5871,KAAA-Directorate of Economic Growth and Neighbourhood Services
RBC Legal Entity,18/02/2022,4651893,270783,BERKSHIRE ROOMS,Bed and Breakfast,270,Rents,Third Party Supplier,STANDARD,5871,KAAA-Directorate of Economic Growth and Neighbourhood Services
RBC Legal Entity,18/02/2022,4651893,270783,BERKSHIRE ROOMS,Bed and Breakfast,288,Rents,Third Party Supplier,STANDARD,5871,KAAA-Directorate of Economic Growth and Neighbourhood Services
RBC Legal Entity,18/02/2022,4651896,270783,BERKSHIRE ROOMS,Bed and Breakfast,168,Rents,Third Party Supplier,STANDARD,5871,KAAA-Directorate of Economic Growth and Neighbourhood Services
RBC Legal Entity,18/02/2022,4651896,270783,BERKSHIRE ROOMS,Bed and Breakfast,672,Rents,Third Party Supplier,STANDARD,5871,KAAA-Directorate of Economic Growth and Neighbourhood Services
RBC Legal Entity,18/02/2022,4651897,270783,BERKSHIRE ROOMS,Bed and Breakfast,168,Rents,Third Party Supplier,STANDARD,5871,KAAA-Directorate of Economic Growth and Neighbourhood Services
RBC Legal Entity,18/02/2022,4651897,270783,BERKSHIRE ROOMS,Bed and Breakfast,672,Rents,Third Party Supplier,STANDARD,5871,KAAA-Directorate of Economic Growth and Neighbourhood Services
RBC Legal Entity,18/02/2022,4651899,270783,BERKSHIRE ROOMS,Bed and Breakfast,130,Rents,Third Party Supplier,STANDARD,5871,KAAA-Directorate of Economic Growth and Neighbourhood Services
RBC Legal Entity,18/02/2022,4651899,270783,BERKSHIRE ROOMS,Bed and Breakfast,260,Rents,Third Party Supplier,STANDARD,5871,KAAA-Directorate of Economic Growth and Neighbourhood Services
RBC Legal Entity,18/02/2022,4651899,270783,BERKSHIRE ROOMS,Bed and Breakfast,520,Rents,Third Party Supplier,STANDARD,5871,KAAA-Directorate of Economic Growth and Neighbourhood Services
RBC Legal Entity,18/02/2022,4651902,270783,BERKSHIRE ROOMS,Bed and Breakfast,196,Rents,Third Party Supplier,STANDARD,5871,KAAA-Directorate of Economic Growth and Neighbourhood Services
RBC Legal Entity,18/02/2022,4651902,270783,BERKSHIRE ROOMS,Bed and Breakfast,784,Rents,Third Party Supplier,STANDARD,5871,KAAA-Directorate of Economic Growth and Neighbourhood Services
RBC Legal Entity,18/02/2022,4641962,270785,TOTAL COMPUTER NETWORKS LTD,Sheltered Housing,-548,Computer Consumables,Third Party Supplier,CREDIT,5940,HAAA-Housing Revenue Account
RBC Legal Entity,18/02/2022,4642834,270785,TOTAL COMPUTER NETWORKS LTD,Sheltered Housing,548,Computer Consumables,Third Party Supplier,STANDARD,5940,HAAA-Housing Revenue Account
RBC Legal Entity,18/02/2022,4644245,270785,TOTAL COMPUTER NETWORKS LTD,Future ICT operating model,23700,IT - Costs/Equipment,Third Party Supplier,STANDARD,8636,ZZZC-Capital
RBC Legal Entity,18/02/2022,4649166,270788,CATERLINK LTD,Kennet Day Nursery,2987.95,Catering/Meeting Expenses,Third Party Supplier,STANDARD,3555,LAAA-Directorate of Resources
RBC Legal Entity,18/02/2022,4650300,270789,INFORM CPI LTD ,Corporate Miscellaneous,1625,Business Rates,SUPPLIER,STANDARD,2855,MAAA-Corporate Codes
RBC Legal Entity,18/02/2022,4650427,270792,NURSE ELECTRICAL LTD,Archives General,1037.4,Plant Maintenance,SUB-CONTRACTOR,STANDARD,1256,KAAA-Directorate of Economic Growth and Neighbourhood Services
RBC Legal Entity,18/02/2022,4651884,270797,CHURCHES IN READING DROP IN CENTRE,Voluntary Sector & Community Grants,1395,GrantsVolunt.Organ.,Third Party Supplier,STANDARD,2041,LAAA-Directorate of Resources
RBC Legal Entity,18/02/2022,4644237,270800,AMBLEGLOW,Refuse Collection,704,Publicity & Media Work,Third Party Supplier,STANDARD,4561,KAAA-Directorate of Economic Growth and Neighbourhood Services
RBC Legal Entity,18/02/2022,4644242,270800,AMBLEGLOW,HMO Licensing,849,Recruitment & Interview Costs,Third Party Supplier,STANDARD,4600,KAAA-Directorate of Economic Growth and Neighbourhood Services
RBC Legal Entity,18/02/2022,4648864,270803,VODAFONE LIMITED,IT Management,2059.53,"Internet Connections, etc",SUB-CONTRACTOR,STANDARD,2300,EAAA-Chief Executive
RBC Legal Entity,18/02/2022,4628433,270805,VIRGIN MEDIA LTD,IT Management,521,"Internet Connections, etc",SUB-CONTRACTOR,STANDARD,2300,EAAA-Chief Executive
RBC Legal Entity,18/02/2022,4628433,270805,VIRGIN MEDIA LTD,IT Management,31422.53,"Internet Connections, etc",SUB-CONTRACTOR,STANDARD,2300,EAAA-Chief Executive
RBC Legal Entity,18/02/2022,4640953,270805,VIRGIN MEDIA LTD,IT Management,210.05,"Internet Connections, etc",SUB-CONTRACTOR,STANDARD,2300,EAAA-Chief Executive
RBC Legal Entity,18/02/2022,4640953,270805,VIRGIN MEDIA LTD,IT Management,24806.1,"Internet Connections, etc",SUB-CONTRACTOR,STANDARD,2300,EAAA-Chief Executive
RBC Legal Entity,18/02/2022,4618920,270810,LISTER WILDER LTD,Grounds Maintenance,36.53,HortcultrlMachServ/Repair,SUPPLIER,STANDARD,1306,KAAA-Directorate of Economic Growth and Neighbourhood Services
RBC Legal Entity,18/02/2022,4618920,270810,LISTER WILDER LTD,Grounds Maintenance,415.14,HortcultrlMachServ/Repair,SUPPLIER,STANDARD,1306,KAAA-Directorate of Economic Growth and Neighbourhood Services
RBC Legal Entity,18/02/2022,4651740,270811,POST OFFICE LTD,Fleet Management,15000,Road/Operators Licence,SUPPLIER,STANDARD,4552,KAAA-Directorate of Economic Growth and Neighbourhood Services
RBC Legal Entity,18/02/2022,4651775,270813,PARKING CONTROL MANAGEMENT (UK) LTD,Sheltered Housing,840,Equipment Purchase & Repair,Third Party Supplier,STANDARD,5940,HAAA-Housing Revenue Account
RBC Legal Entity,18/02/2022,4650163,270814,BOSLEY BUILDERS,DLO Day to Day Trades,3950.82,Subcontractors Labour,SUB-CONTRACTOR,STANDARD,4010,KAAA-Directorate of Economic Growth and Neighbourhood Services
RBC Legal Entity,18/02/2022,4650409,270814,BOSLEY BUILDERS,DLO Wokingham Trades,12928.88,Subcontractors Labour,SUB-CONTRACTOR,STANDARD,4050,KAAA-Directorate of Economic Growth and Neighbourhood Services
RBC Legal Entity,18/02/2022,4646465,270816,BOURNEMOUTH UNIVERSITY,ASC Senior Management Team,1150,Training & Development Costs,SUPPLIER,STANDARD,5700,JAAA-Directorate of Social Care and Health Services
RBC Legal Entity,18/02/2022,4646466,270816,BOURNEMOUTH UNIVERSITY,ASC Senior Management Team,1150,Training & Development Costs,SUPPLIER,STANDARD,5700,JAAA-Directorate of Social Care and Health Services
RBC Legal Entity,18/02/2022,4648658,270817,GREENWICH LEISURE LIMITED,Leisure Review,3580,External Fees  Misc.,Third Party Supplier,STANDARD,8016,ZZZC-Capital
RBC Legal Entity,18/02/2022,4648661,270817,GREENWICH LEISURE LIMITED,Leisure Review,5200,External Fees  Misc.,Third Party Supplier,STANDARD,8016,ZZZC-Capital
RBC Legal Entity,18/02/2022,4648135,270818,ENQUIN ENVIRONMENTAL LTD,Wilson Primary,1529,External Fees  Misc.,SUPPLIER,STANDARD,8235,ZZZC-Capital
RBC Legal Entity,18/02/2022,4643772,270819,JCDECAUX LTD,Test and Trace,14207,Publicity & Media Work,SUB-CONTRACTOR,STANDARD,2068,JAAA-Directorate of Social Care and Health Services
RBC Legal Entity,18/02/2022,4650568,270820,READING UK CIC,New Directions,716.39,Miscellaneous Income,Third Party Supplier,STANDARD,3340,KAAA-Directorate of Economic Growth and Neighbourhood Services
RBC Legal Entity,18/02/2022,4650568,270820,READING UK CIC,New Directions,716.39,Miscellaneous Income,Third Party Supplier,STANDARD,3340,KAAA-Directorate of Economic Growth and Neighbourhood Services
RBC Legal Entity,18/02/2022,4650568,270820,READING UK CIC,New Directions,941.16,Miscellaneous Income,Third Party Supplier,STANDARD,3340,KAAA-Directorate of Economic Growth and Neighbourhood Services
RBC Legal Entity,18/02/2022,4650568,270820,READING UK CIC,New Directions,941.16,Miscellaneous Income,Third Party Supplier,STANDARD,3340,KAAA-Directorate of Economic Growth and Neighbourhood Services
RBC Legal Entity,18/02/2022,4650568,270820,READING UK CIC,New Directions,941.16,Miscellaneous Income,Third Party Supplier,STANDARD,3340,KAAA-Directorate of Economic Growth and Neighbourhood Services
RBC Legal Entity,18/02/2022,4650568,270820,READING UK CIC,New Directions,941.16,Miscellaneous Income,Third Party Supplier,STANDARD,3340,KAAA-Directorate of Economic Growth and Neighbourhood Services
RBC Legal Entity,18/02/2022,4650568,270820,READING UK CIC,New Directions,941.16,Miscellaneous Income,Third Party Supplier,STANDARD,3340,KAAA-Directorate of Economic Growth and Neighbourhood Services
RBC Legal Entity,18/02/2022,4650568,270820,READING UK CIC,New Directions,1010.75,Miscellaneous Income,Third Party Supplier,STANDARD,3340,KAAA-Directorate of Economic Growth and Neighbourhood Services
RBC Legal Entity,18/02/2022,4650568,270820,READING UK CIC,New Directions,1010.75,Miscellaneous Income,Third Party Supplier,STANDARD,3340,KAAA-Directorate of Economic Growth and Neighbourhood Services
RBC Legal Entity,18/02/2022,4650568,270820,READING UK CIC,New Directions,1010.75,Miscellaneous Income,Third Party Supplier,STANDARD,3340,KAAA-Directorate of Economic Growth and Neighbourhood Services
RBC Legal Entity,18/02/2022,4650568,270820,READING UK CIC,New Directions,1010.75,Miscellaneous Income,Third Party Supplier,STANDARD,3340,KAAA-Directorate of Economic Growth and Neighbourhood Services
RBC Legal Entity,18/02/2022,4650568,270820,READING UK CIC,New Directions,1010.75,Miscellaneous Income,Third Party Supplier,STANDARD,3340,KAAA-Directorate of Economic Growth and Neighbourhood Services
RBC Legal Entity,18/02/2022,4650568,270820,READING UK CIC,New Directions,1010.75,Miscellaneous Income,Third Party Supplier,STANDARD,3340,KAAA-Directorate of Economic Growth and Neighbourhood Services
RBC Legal Entity,18/02/2022,4650568,270820,READING UK CIC,New Directions,1560,Miscellaneous Income,Third Party Supplier,STANDARD,3340,KAAA-Directorate of Economic Growth and Neighbourhood Services
RBC Legal Entity,18/02/2022,4650568,270820,READING UK CIC,New Directions,1560,Miscellaneous Income,Third Party Supplier,STANDARD,3340,KAAA-Directorate of Economic Growth and Neighbourhood Services
RBC Legal Entity,18/02/2022,4650568,270820,READING UK CIC,New Directions,1560,Miscellaneous Income,Third Party Supplier,STANDARD,3340,KAAA-Directorate of Economic Growth and Neighbourhood Services
RBC Legal Entity,18/02/2022,4646567,270822,BERKSHIRE & OXFORDSHIRE MEDIATION SERVICES,Safer Community Unit,950,Special Measures Expenses,SUPPLIER,STANDARD,5365,KAAA-Directorate of Economic Growth and Neighbourhood Services
RBC Legal Entity,18/02/2022,4651760,270823,DAVIS SCAFFOLDING,DLO Wokingham Trades,660,Subcontractors Labour,SUB-CONTRACTOR,STANDARD,4050,KAAA-Directorate of Economic Growth and Neighbourhood Services
RBC Legal Entity,18/02/2022,4651761,270823,DAVIS SCAFFOLDING,DLO Wokingham Trades,825,Subcontractors Labour,SUB-CONTRACTOR,STANDARD,4050,KAAA-Directorate of Economic Growth and Neighbourhood Services
RBC Legal Entity,18/02/2022,4651762,270823,DAVIS SCAFFOLDING,DLO Day to Day Trades,660,Subcontractors Labour,SUB-CONTRACTOR,STANDARD,4010,KAAA-Directorate of Economic Growth and Neighbourhood Services
RBC Legal Entity,18/02/2022,4648813,270827,CROWN LODGE GUEST HOUSE,Sheltered Housing,595,Other Office Expenses,Third Party Supplier,STANDARD,5940,HAAA-Housing Revenue Account
RBC Legal Entity,18/02/2022,4648991,270827,CROWN LODGE GUEST HOUSE,Housing GF General Charges,623,Preventive+SupportiveServ,Third Party Supplier,STANDARD,5810,KAAA-Directorate of Economic Growth and Neighbourhood Services
RBC Legal Entity,18/02/2022,4649078,270828,MEADEE FLOORING LTD,DLO Voids Trades,140,Subcontractors Labour,SUB-CONTRACTOR,STANDARD,4020,KAAA-Directorate of Economic Growth and Neighbourhood Services
RBC Legal Entity,18/02/2022,4649078,270828,MEADEE FLOORING LTD,DLO Voids Trades,856,Subcontractors Labour,SUB-CONTRACTOR,STANDARD,4020,KAAA-Directorate of Economic Growth and Neighbourhood Services
RBC Legal Entity,21/02/2022,4652416,270829,DEPARTMENT FOR WORK & PENSIONS,New Directions,2801.16,Contributions - Other,GOVERNMENT,STANDARD,3340,KAAA-Directorate of Economic Growth and Neighbourhood Services
RBC Legal Entity,21/02/2022,4644448,270833,M&R SERVICES,Repairs,2050,Decent Neighbourhood Funding,SUB-CONTRACTOR,STANDARD,5970,HAAA-Housing Revenue Account
RBC Legal Entity,21/02/2022,4646507,270833,M&R SERVICES,Repairs,3050,Decent Neighbourhood Funding,SUB-CONTRACTOR,STANDARD,5970,HAAA-Housing Revenue Account
RBC Legal Entity,21/02/2022,4648477,270833,M&R SERVICES,Social Support,4025,Purchased Care,SUB-CONTRACTOR,STANDARD,5790,JAAA-Directorate of Social Care and Health Services
RBC Legal Entity,21/02/2022,4650321,270838,KOMPAN LTD,Parks + Open Spaces,543,Equipment,SUB-CONTRACTOR,STANDARD,8003,ZZZC-Capital
RBC Legal Entity,21/02/2022,4650321,270838,KOMPAN LTD,Parks + Open Spaces,7918.25,Equipment,SUB-CONTRACTOR,STANDARD,8003,ZZZC-Capital
RBC Legal Entity,21/02/2022,4645303,270839,MIDLAND SOFTWARE LIMITED,HR & Payroll,1500,Software Licences,SUPPLIER,STANDARD,2600,LAAA-Directorate of Resources
RBC Legal Entity,21/02/2022,4646457,270841,ST JOHN AMBULANCE,DEGNS Management,760,Training & Development Costs,SUPPLIER,STANDARD,1500,KAAA-Directorate of Economic Growth and Neighbourhood Services
RBC Legal Entity,21/02/2022,4645302,270842,AMBLEGLOW,Traffic,688,Traffic Orders,Third Party Supplier,STANDARD,4703,KAAA-Directorate of Economic Growth and Neighbourhood Services
RBC Legal Entity,21/02/2022,4646491,270842,AMBLEGLOW,Valuation,30,Advertising - General,Third Party Supplier,STANDARD,2100,KAAA-Directorate of Economic Growth and Neighbourhood Services
RBC Legal Entity,21/02/2022,4646491,270842,AMBLEGLOW,Valuation,526.5,Advertising - General,Third Party Supplier,STANDARD,2100,KAAA-Directorate of Economic Growth and Neighbourhood Services
RBC Legal Entity,21/02/2022,4646491,270842,AMBLEGLOW,Valuation,526.5,Advertising - General,Third Party Supplier,STANDARD,2100,KAAA-Directorate of Economic Growth and Neighbourhood Services
RBC Legal Entity,21/02/2022,4651350,270844,ROWVALE HOTELS LTD T/A BOW GUEST HOUSE,Single Homelessness Grants,525,Preventive+SupportiveServ,Third Party Supplier,STANDARD,5860,KAAA-Directorate of Economic Growth and Neighbourhood Services
RBC Legal Entity,21/02/2022,4651356,270844,ROWVALE HOTELS LTD T/A BOW GUEST HOUSE,Single Homelessness Grants,525,Preventive+SupportiveServ,Third Party Supplier,STANDARD,5860,KAAA-Directorate of Economic Growth and Neighbourhood Services
RBC Legal Entity,21/02/2022,4651359,270844,ROWVALE HOTELS LTD T/A BOW GUEST HOUSE,Bed and Breakfast,525,Rents,Third Party Supplier,STANDARD,5871,KAAA-Directorate of Economic Growth and Neighbourhood Services
RBC Legal Entity,21/02/2022,4651361,270844,ROWVALE HOTELS LTD T/A BOW GUEST HOUSE,Single Homelessness Grants,560,Preventive+SupportiveServ,Third Party Supplier,STANDARD,5860,KAAA-Directorate of Economic Growth and Neighbourhood Services
RBC Legal Entity,21/02/2022,4651371,270844,ROWVALE HOTELS LTD T/A BOW GUEST HOUSE,Single Homelessness Grants,595,Preventive+SupportiveServ,Third Party Supplier,STANDARD,5860,KAAA-Directorate of Economic Growth and Neighbourhood Services
RBC Legal Entity,21/02/2022,4644438,270848,AGE UK READING,ASC Voluntary Grants,2875,GrantsVolunt.Organ.,SUPPLIER,STANDARD,5300,JAAA-Directorate of Social Care and Health Services
RBC Legal Entity,21/02/2022,4644439,270848,AGE UK READING,ASC Voluntary Grants,4829,GrantsVolunt.Organ.,SUPPLIER,STANDARD,5300,JAAA-Directorate of Social Care and Health Services
RBC Legal Entity,21/02/2022,4649803,270855,JIGSAW CREATIVE CARE LIMITED,LD Community Services,19034.4,Purchased Care,Third Party Supplier,STANDARD,5741,JAAA-Directorate of Social Care and Health Services
RBC Legal Entity,21/02/2022,4646443,270856,NEIL CURTIS FUNERAL CONTRACTOR,Grounds Maintenance,570,TPP to Others,SUPPLIER,STANDARD,1306,KAAA-Directorate of Economic Growth and Neighbourhood Services
RBC Legal Entity,21/02/2022,4648552,270857,LIFTABILITY LIMITED,Repairs,5160,Special Adaptions,Third Party Supplier,STANDARD,5970,HAAA-Housing Revenue Account
RBC Legal Entity,21/02/2022,4645300,270858,N A BROWN LTD T/A ROADBRUSHES,Fleet Management,1002.9,Vehicle Maintenance,Third Party Supplier,STANDARD,4552,KAAA-Directorate of Economic Growth and Neighbourhood Services
RBC Legal Entity,21/02/2022,4646712,270859,REED,ASC Short Term Team,-1430.05,Agency Staff,Third Party Supplier,CREDIT,5722,JAAA-Directorate of Social Care and Health Services
RBC Legal Entity,21/02/2022,4646712,270859,REED,ASC Short Term Team,-1430.05,Agency Staff,Third Party Supplier,CREDIT,5722,JAAA-Directorate of Social Care and Health Services
RBC Legal Entity,21/02/2022,4646712,270859,REED,ASC Short Term Team,-1430.05,Agency Staff,Third Party Supplier,CREDIT,5722,JAAA-Directorate of Social Care and Health Services
RBC Legal Entity,21/02/2022,4646712,270859,REED,Commissioning Team,2.7,Agency Staff,Third Party Supplier,STANDARD,3452,JAAA-Directorate of Social Care and Health Services
RBC Legal Entity,21/02/2022,4646712,270859,REED,ASC Short Term Team,3.15,Agency Staff,Third Party Supplier,STANDARD,5722,JAAA-Directorate of Social Care and Health Services
RBC Legal Entity,21/02/2022,4646712,270859,REED,Refuse Collection,3.51,Agency Staff,Third Party Supplier,STANDARD,4561,KAAA-Directorate of Economic Growth and Neighbourhood Services
RBC Legal Entity,21/02/2022,4646712,270859,REED,Refuse Collection,3.51,Agency Staff,Third Party Supplier,STANDARD,4561,KAAA-Directorate of Economic Growth and Neighbourhood Services
RBC Legal Entity,21/02/2022,4646712,270859,REED,Refuse Collection,3.51,Agency Staff,Third Party Supplier,STANDARD,4561,KAAA-Directorate of Economic Growth and Neighbourhood Services
RBC Legal Entity,21/02/2022,4646712,270859,REED,Transformation,4.5,Agency Staff,Third Party Supplier,STANDARD,5289,JAAA-Directorate of Social Care and Health Services
RBC Legal Entity,21/02/2022,4646712,270859,REED,ASC Short Term Team,4.5,Agency Staff,Third Party Supplier,STANDARD,5722,JAAA-Directorate of Social Care and Health Services
RBC Legal Entity,21/02/2022,4646712,270859,REED,BFFC Agency Staff (Rechargeable),4.5,Agency Staff,Third Party Supplier,STANDARD,2008,LAAA-Directorate of Resources
RBC Legal Entity,21/02/2022,4646712,270859,REED,BFFC Agency Staff (Rechargeable),5.4,Agency Staff,Third Party Supplier,STANDARD,2008,LAAA-Directorate of Resources
RBC Legal Entity,21/02/2022,4646712,270859,REED,Refuse Collection,6.41,Agency Staff,Third Party Supplier,STANDARD,4561,KAAA-Directorate of Economic Growth and Neighbourhood Services
RBC Legal Entity,21/02/2022,4646712,270859,REED,BFFC Agency Staff (Rechargeable),6.75,Agency Staff,Third Party Supplier,STANDARD,2008,LAAA-Directorate of Resources
RBC Legal Entity,21/02/2022,4646712,270859,REED,Refuse Collection,8.64,Agency Staff,Third Party Supplier,STANDARD,4561,KAAA-Directorate of Economic Growth and Neighbourhood Services
RBC Legal Entity,21/02/2022,4646712,270859,REED,Refuse Collection,8.64,Agency Staff,Third Party Supplier,STANDARD,4561,KAAA-Directorate of Economic Growth and Neighbourhood Services
RBC Legal Entity,21/02/2022,4646712,270859,REED,Refuse Collection,14.4,Agency Staff,Third Party Supplier,STANDARD,4561,KAAA-Directorate of Economic Growth and Neighbourhood Services
RBC Legal Entity,21/02/2022,4646712,270859,REED,Refuse Collection,18.14,Agency Staff,Third Party Supplier,STANDARD,4561,KAAA-Directorate of Economic Growth and Neighbourhood Services
RBC Legal Entity,21/02/2022,4646712,270859,REED,Refuse Collection,18.14,Agency Staff,Third Party Supplier,STANDARD,4561,KAAA-Directorate of Economic Growth and Neighbourhood Services
RBC Legal Entity,21/02/2022,4646712,270859,REED,Transformation,19.35,Agency Staff,Third Party Supplier,STANDARD,5289,JAAA-Directorate of Social Care and Health Services
RBC Legal Entity,21/02/2022,4646712,270859,REED,BFFC Agency Staff (Rechargeable),21.6,Agency Staff,Third Party Supplier,STANDARD,2008,LAAA-Directorate of Resources
RBC Legal Entity,21/02/2022,4646712,270859,REED,BFFC Agency Staff (Rechargeable),23.4,Agency Staff,Third Party Supplier,STANDARD,2008,LAAA-Directorate of Resources
RBC Legal Entity,21/02/2022,4646712,270859,REED,BFFC Agency Staff (Rechargeable),36,Agency Staff,Third Party Supplier,STANDARD,2008,LAAA-Directorate of Resources
RBC Legal Entity,21/02/2022,4646712,270859,REED,BFFC Agency Staff (Rechargeable),46.78,Agency Staff,Third Party Supplier,STANDARD,2008,LAAA-Directorate of Resources
RBC Legal Entity,21/02/2022,4646712,270859,REED,BFFC Agency Staff (Rechargeable),50.4,Agency Staff,Third Party Supplier,STANDARD,2008,LAAA-Directorate of Resources
RBC Legal Entity,21/02/2022,4646712,270859,REED,Refuse Collection,52.2,Agency Staff,Third Party Supplier,STANDARD,4561,KAAA-Directorate of Economic Growth and Neighbourhood Services
RBC Legal Entity,21/02/2022,4646712,270859,REED,ASC Short Term Team,55.56,Agency Staff,Third Party Supplier,STANDARD,5722,JAAA-Directorate of Social Care and Health Services
RBC Legal Entity,21/02/2022,4646712,270859,REED,Refuse Collection,57.58,Agency Staff,Third Party Supplier,STANDARD,4561,KAAA-Directorate of Economic Growth and Neighbourhood Services
RBC Legal Entity,21/02/2022,4646712,270859,REED,BFFC Agency Staff (Rechargeable),66.28,Agency Staff,Third Party Supplier,STANDARD,2008,LAAA-Directorate of Resources
RBC Legal Entity,21/02/2022,4646712,270859,REED,BFFC Agency Staff (Rechargeable),72.45,Agency Staff,Third Party Supplier,STANDARD,2008,LAAA-Directorate of Resources
RBC Legal Entity,21/02/2022,4646712,270859,REED,BFFC Agency Staff (Rechargeable),75.6,Agency Staff,Third Party Supplier,STANDARD,2008,LAAA-Directorate of Resources
RBC Legal Entity,21/02/2022,4646712,270859,REED,BFFC Agency Staff (Rechargeable),93.56,Agency Staff,Third Party Supplier,STANDARD,2008,LAAA-Directorate of Resources
RBC Legal Entity,21/02/2022,4646712,270859,REED,BFFC Agency Staff (Rechargeable),112.03,Agency Staff,Third Party Supplier,STANDARD,2008,LAAA-Directorate of Resources
RBC Legal Entity,21/02/2022,4646712,270859,REED,BFFC Agency Staff (Rechargeable),115.65,Agency Staff,Third Party Supplier,STANDARD,2008,LAAA-Directorate of Resources
RBC Legal Entity,21/02/2022,4646712,270859,REED,BFFC Agency Staff (Rechargeable),124.74,Agency Staff,Third Party Supplier,STANDARD,2008,LAAA-Directorate of Resources
RBC Legal Entity,21/02/2022,4646712,270859,REED,Lateral Flow Testing,169.51,Agency Staff,Third Party Supplier,STANDARD,2701,LAAA-Directorate of Resources
RBC Legal Entity,21/02/2022,4646712,270859,REED,BFFC Agency Staff (Rechargeable),187.12,Agency Staff,Third Party Supplier,STANDARD,2008,LAAA-Directorate of Resources
RBC Legal Entity,21/02/2022,4646712,270859,REED,BFFC Agency Staff (Rechargeable),210,Agency Staff,Third Party Supplier,STANDARD,2008,LAAA-Directorate of Resources
RBC Legal Entity,21/02/2022,4646712,270859,REED,BFFC Agency Staff (Rechargeable),210,Agency Staff,Third Party Supplier,STANDARD,2008,LAAA-Directorate of Resources
RBC Legal Entity,21/02/2022,4646712,270859,REED,BFFC Agency Staff (Rechargeable),210,Agency Staff,Third Party Supplier,STANDARD,2008,LAAA-Directorate of Resources
RBC Legal Entity,21/02/2022,4646712,270859,REED,BFFC Agency Staff (Rechargeable),210,Agency Staff,Third Party Supplier,STANDARD,2008,LAAA-Directorate of Resources
RBC Legal Entity,21/02/2022,4646712,270859,REED,BFFC Agency Staff (Rechargeable),210,Agency Staff,Third Party Supplier,STANDARD,2008,LAAA-Directorate of Resources
RBC Legal Entity,21/02/2022,4646712,270859,REED,BFFC Agency Staff (Rechargeable),217.5,Agency Staff,Third Party Supplier,STANDARD,2008,LAAA-Directorate of Resources
RBC Legal Entity,21/02/2022,4646712,270859,REED,BFFC Agency Staff (Rechargeable),217.5,Agency Staff,Third Party Supplier,STANDARD,2008,LAAA-Directorate of Resources
RBC Legal Entity,21/02/2022,4646712,270859,REED,BFFC Agency Staff (Rechargeable),217.5,Agency Staff,Third Party Supplier,STANDARD,2008,LAAA-Directorate of Resources
RBC Legal Entity,21/02/2022,4646712,270859,REED,BFFC Agency Staff (Rechargeable),217.5,Agency Staff,Third Party Supplier,STANDARD,2008,LAAA-Directorate of Resources
RBC Legal Entity,21/02/2022,4646712,270859,REED,BFFC Agency Staff (Rechargeable),222.21,Agency Staff,Third Party Supplier,STANDARD,2008,LAAA-Directorate of Resources
RBC Legal Entity,21/02/2022,4646712,270859,REED,Lord Lieutenant,223.29,Agency Staff,Third Party Supplier,STANDARD,2510,EAAA-Chief Executive
RBC Legal Entity,21/02/2022,4646712,270859,REED,BFFC Agency Staff (Rechargeable),231,Agency Staff,Third Party Supplier,STANDARD,2008,LAAA-Directorate of Resources
RBC Legal Entity,21/02/2022,4646712,270859,REED,BFFC Agency Staff (Rechargeable),231,Agency Staff,Third Party Supplier,STANDARD,2008,LAAA-Directorate of Resources
RBC Legal Entity,21/02/2022,4646712,270859,REED,BFFC Agency Staff (Rechargeable),259,Agency Staff,Third Party Supplier,STANDARD,2008,LAAA-Directorate of Resources
RBC Legal Entity,21/02/2022,4646712,270859,REED,BFFC Agency Staff (Rechargeable),259,Agency Staff,Third Party Supplier,STANDARD,2008,LAAA-Directorate of Resources
RBC Legal Entity,21/02/2022,4646712,270859,REED,BFFC Agency Staff (Rechargeable),259,Agency Staff,Third Party Supplier,STANDARD,2008,LAAA-Directorate of Resources
RBC Legal Entity,21/02/2022,4646712,270859,REED,BFFC Agency Staff (Rechargeable),259,Agency Staff,Third Party Supplier,STANDARD,2008,LAAA-Directorate of Resources
RBC Legal Entity,21/02/2022,4646712,270859,REED,BFFC Agency Staff (Rechargeable),259,Agency Staff,Third Party Supplier,STANDARD,2008,LAAA-Directorate of Resources
RBC Legal Entity,21/02/2022,4646712,270859,REED,BFFC Agency Staff (Rechargeable),259,Agency Staff,Third Party Supplier,STANDARD,2008,LAAA-Directorate of Resources
RBC Legal Entity,21/02/2022,4646712,270859,REED,BFFC Agency Staff (Rechargeable),259,Agency Staff,Third Party Supplier,STANDARD,2008,LAAA-Directorate of Resources
RBC Legal Entity,21/02/2022,4646712,270859,REED,BFFC Agency Staff (Rechargeable),259,Agency Staff,Third Party Supplier,STANDARD,2008,LAAA-Directorate of Resources
RBC Legal Entity,21/02/2022,4646712,270859,REED,BFFC Agency Staff (Rechargeable),259,Agency Staff,Third Party Supplier,STANDARD,2008,LAAA-Directorate of Resources
RBC Legal Entity,21/02/2022,4646712,270859,REED,BFFC Agency Staff (Rechargeable),259,Agency Staff,Third Party Supplier,STANDARD,2008,LAAA-Directorate of Resources
RBC Legal Entity,21/02/2022,4646712,270859,REED,BFFC Agency Staff (Rechargeable),259,Agency Staff,Third Party Supplier,STANDARD,2008,LAAA-Directorate of Resources
RBC Legal Entity,21/02/2022,4646712,270859,REED,BFFC Agency Staff (Rechargeable),259,Agency Staff,Third Party Supplier,STANDARD,2008,LAAA-Directorate of Resources
RBC Legal Entity,21/02/2022,4646712,270859,REED,BFFC Agency Staff (Rechargeable),259,Agency Staff,Third Party Supplier,STANDARD,2008,LAAA-Directorate of Resources
RBC Legal Entity,21/02/2022,4646712,270859,REED,BFFC Agency Staff (Rechargeable),259,Agency Staff,Third Party Supplier,STANDARD,2008,LAAA-Directorate of Resources
RBC Legal Entity,21/02/2022,4646712,270859,REED,BFFC Agency Staff (Rechargeable),259,Agency Staff,Third Party Supplier,STANDARD,2008,LAAA-Directorate of Resources
RBC Legal Entity,21/02/2022,4646712,270859,REED,BFFC Agency Staff (Rechargeable),259,Agency Staff,Third Party Supplier,STANDARD,2008,LAAA-Directorate of Resources
RBC Legal Entity,21/02/2022,4646712,270859,REED,BFFC Agency Staff (Rechargeable),259,Agency Staff,Third Party Supplier,STANDARD,2008,LAAA-Directorate of Resources
RBC Legal Entity,21/02/2022,4646712,270859,REED,BFFC Agency Staff (Rechargeable),259,Agency Staff,Third Party Supplier,STANDARD,2008,LAAA-Directorate of Resources
RBC Legal Entity,21/02/2022,4646712,270859,REED,BFFC Agency Staff (Rechargeable),259,Agency Staff,Third Party Supplier,STANDARD,2008,LAAA-Directorate of Resources
RBC Legal Entity,21/02/2022,4646712,270859,REED,BFFC Agency Staff (Rechargeable),259,Agency Staff,Third Party Supplier,STANDARD,2008,LAAA-Directorate of Resources
RBC Legal Entity,21/02/2022,4646712,270859,REED,BFFC Agency Staff (Rechargeable),259,Agency Staff,Third Party Supplier,STANDARD,2008,LAAA-Directorate of Resources
RBC Legal Entity,21/02/2022,4646712,270859,REED,BFFC Agency Staff (Rechargeable),259,Agency Staff,Third Party Supplier,STANDARD,2008,LAAA-Directorate of Resources
RBC Legal Entity,21/02/2022,4646712,270859,REED,BFFC Agency Staff (Rechargeable),259,Agency Staff,Third Party Supplier,STANDARD,2008,LAAA-Directorate of Resources
RBC Legal Entity,21/02/2022,4646712,270859,REED,BFFC Agency Staff (Rechargeable),259,Agency Staff,Third Party Supplier,STANDARD,2008,LAAA-Directorate of Resources
RBC Legal Entity,21/02/2022,4646712,270859,REED,BFFC Agency Staff (Rechargeable),259,Agency Staff,Third Party Supplier,STANDARD,2008,LAAA-Directorate of Resources
RBC Legal Entity,21/02/2022,4646712,270859,REED,BFFC Agency Staff (Rechargeable),259,Agency Staff,Third Party Supplier,STANDARD,2008,LAAA-Directorate of Resources
RBC Legal Entity,21/02/2022,4646712,270859,REED,Communications,267.82,Agency Staff,Third Party Supplier,STANDARD,2075,EAAA-Chief Executive
RBC Legal Entity,21/02/2022,4646712,270859,REED,BFFC Agency Staff (Rechargeable),268.25,Agency Staff,Third Party Supplier,STANDARD,2008,LAAA-Directorate of Resources
RBC Legal Entity,21/02/2022,4646712,270859,REED,BFFC Agency Staff (Rechargeable),268.25,Agency Staff,Third Party Supplier,STANDARD,2008,LAAA-Directorate of Resources
RBC Legal Entity,21/02/2022,4646712,270859,REED,BFFC Agency Staff (Rechargeable),268.25,Agency Staff,Third Party Supplier,STANDARD,2008,LAAA-Directorate of Resources
RBC Legal Entity,21/02/2022,4646712,270859,REED,BFFC Agency Staff (Rechargeable),268.25,Agency Staff,Third Party Supplier,STANDARD,2008,LAAA-Directorate of Resources
RBC Legal Entity,21/02/2022,4646712,270859,REED,BFFC Agency Staff (Rechargeable),268.25,Agency Staff,Third Party Supplier,STANDARD,2008,LAAA-Directorate of Resources
RBC Legal Entity,21/02/2022,4646712,270859,REED,BFFC Agency Staff (Rechargeable),268.25,Agency Staff,Third Party Supplier,STANDARD,2008,LAAA-Directorate of Resources
RBC Legal Entity,21/02/2022,4646712,270859,REED,BFFC Agency Staff (Rechargeable),268.25,Agency Staff,Third Party Supplier,STANDARD,2008,LAAA-Directorate of Resources
RBC Legal Entity,21/02/2022,4646712,270859,REED,BFFC Agency Staff (Rechargeable),268.25,Agency Staff,Third Party Supplier,STANDARD,2008,LAAA-Directorate of Resources
RBC Legal Entity,21/02/2022,4646712,270859,REED,BFFC Agency Staff (Rechargeable),268.25,Agency Staff,Third Party Supplier,STANDARD,2008,LAAA-Directorate of Resources
RBC Legal Entity,21/02/2022,4646712,270859,REED,LD Day Services,309.39,Agency Staff,Third Party Supplier,STANDARD,5055,JAAA-Directorate of Social Care and Health Services
RBC Legal Entity,21/02/2022,4646712,270859,REED,Customer Services - Reception,312.16,Agency Staff,Third Party Supplier,STANDARD,2595,LAAA-Directorate of Resources
RBC Legal Entity,21/02/2022,4646712,270859,REED,BFFC Agency Staff (Rechargeable),318.59,Agency Staff,Third Party Supplier,STANDARD,2008,LAAA-Directorate of Resources
RBC Legal Entity,21/02/2022,4646712,270859,REED,Housing Management,321.97,Agency Staff,Third Party Supplier,STANDARD,5920,HAAA-Housing Revenue Account
RBC Legal Entity,21/02/2022,4646712,270859,REED,LD Day Services,336.48,Agency Staff,Third Party Supplier,STANDARD,5055,JAAA-Directorate of Social Care and Health Services
RBC Legal Entity,21/02/2022,4646712,270859,REED,LD Day Services,371.27,Agency Staff,Third Party Supplier,STANDARD,5055,JAAA-Directorate of Social Care and Health Services
RBC Legal Entity,21/02/2022,4646712,270859,REED,LD Day Services,371.27,Agency Staff,Third Party Supplier,STANDARD,5055,JAAA-Directorate of Social Care and Health Services
RBC Legal Entity,21/02/2022,4646712,270859,REED,LD Day Services,386.74,Agency Staff,Third Party Supplier,STANDARD,5055,JAAA-Directorate of Social Care and Health Services
RBC Legal Entity,21/02/2022,4646712,270859,REED,BFFC Agency Staff (Rechargeable),388.8,Agency Staff,Third Party Supplier,STANDARD,2008,LAAA-Directorate of Resources
RBC Legal Entity,21/02/2022,4646712,270859,REED,Street Cleansing,443.25,Agency Staff,Third Party Supplier,STANDARD,4566,KAAA-Directorate of Economic Growth and Neighbourhood Services
RBC Legal Entity,21/02/2022,4646712,270859,REED,LD Day Services,464.1,Agency Staff,Third Party Supplier,STANDARD,5055,JAAA-Directorate of Social Care and Health Services
RBC Legal Entity,21/02/2022,4646712,270859,REED,Accountancy,481.64,Agency Staff,Third Party Supplier,STANDARD,2200,LAAA-Directorate of Resources
RBC Legal Entity,21/02/2022,4646712,270859,REED,BFFC Agency Staff (Rechargeable),487.01,Agency Staff,Third Party Supplier,STANDARD,2008,LAAA-Directorate of Resources
RBC Legal Entity,21/02/2022,4646712,270859,REED,BFFC Agency Staff (Rechargeable),487.01,Agency Staff,Third Party Supplier,STANDARD,2008,LAAA-Directorate of Resources
RBC Legal Entity,21/02/2022,4646712,270859,REED,BFFC Agency Staff (Rechargeable),487.01,Agency Staff,Third Party Supplier,STANDARD,2008,LAAA-Directorate of Resources
RBC Legal Entity,21/02/2022,4646712,270859,REED,BFFC Agency Staff (Rechargeable),487.01,Agency Staff,Third Party Supplier,STANDARD,2008,LAAA-Directorate of Resources
RBC Legal Entity,21/02/2022,4646712,270859,REED,Directorate Support,500.29,Agency Staff,Third Party Supplier,STANDARD,2036,LAAA-Directorate of Resources
RBC Legal Entity,21/02/2022,4646712,270859,REED,Street Cleansing,525.2,Agency Staff,Third Party Supplier,STANDARD,4566,KAAA-Directorate of Economic Growth and Neighbourhood Services
RBC Legal Entity,21/02/2022,4646712,270859,REED,Street Cleansing,525.2,Agency Staff,Third Party Supplier,STANDARD,4566,KAAA-Directorate of Economic Growth and Neighbourhood Services
RBC Legal Entity,21/02/2022,4646712,270859,REED,ASC Short Term Team,525.44,Agency Staff,Third Party Supplier,STANDARD,5722,JAAA-Directorate of Social Care and Health Services
RBC Legal Entity,21/02/2022,4646712,270859,REED,Street Cleansing,531.86,Agency Staff,Third Party Supplier,STANDARD,4566,KAAA-Directorate of Economic Growth and Neighbourhood Services
RBC Legal Entity,21/02/2022,4646712,270859,REED,Procurement Services,557.39,Agency Staff,Third Party Supplier,STANDARD,2402,LAAA-Directorate of Resources
RBC Legal Entity,21/02/2022,4646712,270859,REED,Customer Services - Reception,570.37,Agency Staff,Third Party Supplier,STANDARD,2595,LAAA-Directorate of Resources
RBC Legal Entity,21/02/2022,4646712,270859,REED,Customer Services - Reception,585.32,Agency Staff,Third Party Supplier,STANDARD,2595,LAAA-Directorate of Resources
RBC Legal Entity,21/02/2022,4646712,270859,REED,BFFC Agency Staff (Rechargeable),585.73,Agency Staff,Third Party Supplier,STANDARD,2008,LAAA-Directorate of Resources
RBC Legal Entity,21/02/2022,4646712,270859,REED,Refuse Collection,592.3,Agency Staff,Third Party Supplier,STANDARD,4561,KAAA-Directorate of Economic Growth and Neighbourhood Services
RBC Legal Entity,21/02/2022,4646712,270859,REED,BFFC Agency Staff (Rechargeable),592.33,Agency Staff,Third Party Supplier,STANDARD,2008,LAAA-Directorate of Resources
RBC Legal Entity,21/02/2022,4646712,270859,REED,Buildings Payroll,609.18,Agency Staff,Third Party Supplier,STANDARD,3390,KAAA-Directorate of Economic Growth and Neighbourhood Services
RBC Legal Entity,21/02/2022,4646712,270859,REED,Exchequer Services,631.25,Agency Staff,Third Party Supplier,STANDARD,2210,LAAA-Directorate of Resources
RBC Legal Entity,21/02/2022,4646712,270859,REED,Accountancy,701.2,Agency Staff,Third Party Supplier,STANDARD,2200,LAAA-Directorate of Resources
RBC Legal Entity,21/02/2022,4646712,270859,REED,Transformation,704.99,Agency Staff,Third Party Supplier,STANDARD,5289,JAAA-Directorate of Social Care and Health Services
RBC Legal Entity,21/02/2022,4646712,270859,REED,Lateral Flow Testing,758.32,Agency Staff,Third Party Supplier,STANDARD,2701,LAAA-Directorate of Resources
RBC Legal Entity,21/02/2022,4646712,270859,REED,Lateral Flow Testing,758.32,Agency Staff,Third Party Supplier,STANDARD,2701,LAAA-Directorate of Resources
RBC Legal Entity,21/02/2022,4646712,270859,REED,BFFC Agency Staff (Rechargeable),794.95,Agency Staff,Third Party Supplier,STANDARD,2008,LAAA-Directorate of Resources
RBC Legal Entity,21/02/2022,4646712,270859,REED,BFFC Agency Staff (Rechargeable),794.95,Agency Staff,Third Party Supplier,STANDARD,2008,LAAA-Directorate of Resources
RBC Legal Entity,21/02/2022,4646712,270859,REED,Transformation,854.83,Agency Staff,Third Party Supplier,STANDARD,5289,JAAA-Directorate of Social Care and Health Services
RBC Legal Entity,21/02/2022,4646712,270859,REED,Transformation,861.6,Agency Staff,Third Party Supplier,STANDARD,5289,JAAA-Directorate of Social Care and Health Services
RBC Legal Entity,21/02/2022,4646712,270859,REED,Commissioning Team,887.96,Agency Staff,Third Party Supplier,STANDARD,3452,JAAA-Directorate of Social Care and Health Services
RBC Legal Entity,21/02/2022,4646712,270859,REED,ASC Short Term Team,900,Agency Staff,Third Party Supplier,STANDARD,5722,JAAA-Directorate of Social Care and Health Services
RBC Legal Entity,21/02/2022,4646712,270859,REED,Lateral Flow Testing,909.98,Agency Staff,Third Party Supplier,STANDARD,2701,LAAA-Directorate of Resources
RBC Legal Entity,21/02/2022,4646712,270859,REED,Lateral Flow Testing,909.98,Agency Staff,Third Party Supplier,STANDARD,2701,LAAA-Directorate of Resources
RBC Legal Entity,21/02/2022,4646712,270859,REED,BFFC Agency Staff (Rechargeable),942.75,Agency Staff,Third Party Supplier,STANDARD,2008,LAAA-Directorate of Resources
RBC Legal Entity,21/02/2022,4646712,270859,REED,Directorate Support,985.85,Agency Staff,Third Party Supplier,STANDARD,2036,LAAA-Directorate of Resources
RBC Legal Entity,21/02/2022,4646712,270859,REED,ASC Short Term Team,996.23,Agency Staff,Third Party Supplier,STANDARD,5722,JAAA-Directorate of Social Care and Health Services
RBC Legal Entity,21/02/2022,4646712,270859,REED,BFFC Agency Staff (Rechargeable),1105.88,Agency Staff,Third Party Supplier,STANDARD,2008,LAAA-Directorate of Resources
RBC Legal Entity,21/02/2022,4646712,270859,REED,BFFC Agency Staff (Rechargeable),1162.4,Agency Staff,Third Party Supplier,STANDARD,2008,LAAA-Directorate of Resources
RBC Legal Entity,21/02/2022,4646712,270859,REED,BFFC Agency Staff (Rechargeable),1184.8,Agency Staff,Third Party Supplier,STANDARD,2008,LAAA-Directorate of Resources
RBC Legal Entity,21/02/2022,4646712,270859,REED,BFFC Agency Staff (Rechargeable),1184.8,Agency Staff,Third Party Supplier,STANDARD,2008,LAAA-Directorate of Resources
RBC Legal Entity,21/02/2022,4646712,270859,REED,Joint Legal Team,1190.25,Agency Staff,Third Party Supplier,STANDARD,2405,LAAA-Directorate of Resources
RBC Legal Entity,21/02/2022,4646712,270859,REED,ASC Short Term Team,1236.8,Agency Staff,Third Party Supplier,STANDARD,5722,JAAA-Directorate of Social Care and Health Services
RBC Legal Entity,21/02/2022,4646712,270859,REED,Joint Legal Team,1262.7,Agency Staff,Third Party Supplier,STANDARD,2405,LAAA-Directorate of Resources
RBC Legal Entity,21/02/2022,4646712,270859,REED,Safeguarding Adults,1328.3,Agency Staff,Third Party Supplier,STANDARD,5158,JAAA-Directorate of Social Care and Health Services
RBC Legal Entity,21/02/2022,4646712,270859,REED,ASC Locality Team,1328.3,Agency Staff,Third Party Supplier,STANDARD,5721,JAAA-Directorate of Social Care and Health Services
RBC Legal Entity,21/02/2022,4646712,270859,REED,ASC Locality Team,1328.3,Agency Staff,Third Party Supplier,STANDARD,5721,JAAA-Directorate of Social Care and Health Services
RBC Legal Entity,21/02/2022,4646712,270859,REED,Lateral Flow Testing,1341.16,Agency Staff,Third Party Supplier,STANDARD,2701,LAAA-Directorate of Resources
RBC Legal Entity,21/02/2022,4646712,270859,REED,Transformation,1364.4,Agency Staff,Third Party Supplier,STANDARD,5289,JAAA-Directorate of Social Care and Health Services
RBC Legal Entity,21/02/2022,4646712,270859,REED,ASC Short Term Team,1364.4,Agency Staff,Third Party Supplier,STANDARD,5722,JAAA-Directorate of Social Care and Health Services
RBC Legal Entity,21/02/2022,4646712,270859,REED,ASC Locality Team,1365.3,Agency Staff,Third Party Supplier,STANDARD,5721,JAAA-Directorate of Social Care and Health Services
RBC Legal Entity,21/02/2022,4646712,270859,REED,Legal Services,1374.6,Agency Staff,Third Party Supplier,STANDARD,2400,LAAA-Directorate of Resources
RBC Legal Entity,21/02/2022,4646712,270859,REED,Safeguarding Adults,1402.3,Agency Staff,Third Party Supplier,STANDARD,5158,JAAA-Directorate of Social Care and Health Services
RBC Legal Entity,21/02/2022,4646712,270859,REED,ASC Short Term Team,1402.3,Agency Staff,Third Party Supplier,STANDARD,5722,JAAA-Directorate of Social Care and Health Services
RBC Legal Entity,21/02/2022,4646712,270859,REED,ASC Short Term Team,1402.3,Agency Staff,Third Party Supplier,STANDARD,5722,JAAA-Directorate of Social Care and Health Services
RBC Legal Entity,21/02/2022,4646712,270859,REED,ASC Short Term Team,1430.05,Agency Staff,Third Party Supplier,STANDARD,5722,JAAA-Directorate of Social Care and Health Services
RBC Legal Entity,21/02/2022,4646712,270859,REED,Mental Health Team,1439.3,Agency Staff,Third Party Supplier,STANDARD,5253,JAAA-Directorate of Social Care and Health Services
RBC Legal Entity,21/02/2022,4646712,270859,REED,ASC Locality Team,1439.3,Agency Staff,Third Party Supplier,STANDARD,5721,JAAA-Directorate of Social Care and Health Services
RBC Legal Entity,21/02/2022,4646712,270859,REED,Mental Health Team,1448.55,Agency Staff,Third Party Supplier,STANDARD,5253,JAAA-Directorate of Social Care and Health Services
RBC Legal Entity,21/02/2022,4646712,270859,REED,Transformation,1458.75,Agency Staff,Third Party Supplier,STANDARD,5289,JAAA-Directorate of Social Care and Health Services
RBC Legal Entity,21/02/2022,4646712,270859,REED,ASC Short Term Team,1458.75,Agency Staff,Third Party Supplier,STANDARD,5722,JAAA-Directorate of Social Care and Health Services
RBC Legal Entity,21/02/2022,4646712,270859,REED,Test and Trace,1487.1,Agency Staff,Third Party Supplier,STANDARD,2068,JAAA-Directorate of Social Care and Health Services
RBC Legal Entity,21/02/2022,4646712,270859,REED,ASC Locality Team,1508.4,Agency Staff,Third Party Supplier,STANDARD,5721,JAAA-Directorate of Social Care and Health Services
RBC Legal Entity,21/02/2022,4646712,270859,REED,ASC Locality Team,1514.55,Agency Staff,Third Party Supplier,STANDARD,5721,JAAA-Directorate of Social Care and Health Services
RBC Legal Entity,21/02/2022,4646712,270859,REED,BFFC Agency Staff (Rechargeable),1550.3,Agency Staff,Third Party Supplier,STANDARD,2008,LAAA-Directorate of Resources
RBC Legal Entity,21/02/2022,4646712,270859,REED,BFFC Agency Staff (Rechargeable),1550.3,Agency Staff,Third Party Supplier,STANDARD,2008,LAAA-Directorate of Resources
RBC Legal Entity,21/02/2022,4646712,270859,REED,Legal Services,1567.69,Agency Staff,Third Party Supplier,STANDARD,2400,LAAA-Directorate of Resources
RBC Legal Entity,21/02/2022,4646712,270859,REED,ASC Short Term Team,1580.4,Agency Staff,Third Party Supplier,STANDARD,5722,JAAA-Directorate of Social Care and Health Services
RBC Legal Entity,21/02/2022,4646712,270859,REED,ASC Locality Team,1580.4,Agency Staff,Third Party Supplier,STANDARD,5721,JAAA-Directorate of Social Care and Health Services
RBC Legal Entity,21/02/2022,4646712,270859,REED,BFFC Agency Staff (Rechargeable),1624.3,Agency Staff,Third Party Supplier,STANDARD,2008,LAAA-Directorate of Resources
RBC Legal Entity,21/02/2022,4646712,270859,REED,BFFC Agency Staff (Rechargeable),1624.3,Agency Staff,Third Party Supplier,STANDARD,2008,LAAA-Directorate of Resources
RBC Legal Entity,21/02/2022,4646712,270859,REED,BFFC Agency Staff (Rechargeable),1624.3,Agency Staff,Third Party Supplier,STANDARD,2008,LAAA-Directorate of Resources
RBC Legal Entity,21/02/2022,4646712,270859,REED,Accountancy,1656,Agency Staff,Third Party Supplier,STANDARD,2200,LAAA-Directorate of Resources
RBC Legal Entity,21/02/2022,4646712,270859,REED,ASC Short Term Team,1672.9,Agency Staff,Third Party Supplier,STANDARD,5722,JAAA-Directorate of Social Care and Health Services
RBC Legal Entity,21/02/2022,4646712,270859,REED,BFFC Agency Staff (Rechargeable),1672.9,Agency Staff,Third Party Supplier,STANDARD,2008,LAAA-Directorate of Resources
RBC Legal Entity,21/02/2022,4646712,270859,REED,ASC Short Term Team,1695.51,Agency Staff,Third Party Supplier,STANDARD,5722,JAAA-Directorate of Social Care and Health Services
RBC Legal Entity,21/02/2022,4646712,270859,REED,BFFC Agency Staff (Rechargeable),1698.3,Agency Staff,Third Party Supplier,STANDARD,2008,LAAA-Directorate of Resources
RBC Legal Entity,21/02/2022,4646712,270859,REED,IT Management,1740.8,Agency Staff,Third Party Supplier,STANDARD,2300,EAAA-Chief Executive
RBC Legal Entity,21/02/2022,4646712,270859,REED,ASC Short Term Team,1792.32,Agency Staff,Third Party Supplier,STANDARD,5722,JAAA-Directorate of Social Care and Health Services
RBC Legal Entity,21/02/2022,4646712,270859,REED,BFFC Agency Staff (Rechargeable),1809.3,Agency Staff,Third Party Supplier,STANDARD,2008,LAAA-Directorate of Resources
RBC Legal Entity,21/02/2022,4646712,270859,REED,BFFC Agency Staff (Rechargeable),1809.3,Agency Staff,Third Party Supplier,STANDARD,2008,LAAA-Directorate of Resources
RBC Legal Entity,21/02/2022,4646712,270859,REED,BFFC Agency Staff (Rechargeable),1809.3,Agency Staff,Third Party Supplier,STANDARD,2008,LAAA-Directorate of Resources
RBC Legal Entity,21/02/2022,4646712,270859,REED,BFFC Agency Staff (Rechargeable),1809.3,Agency Staff,Third Party Supplier,STANDARD,2008,LAAA-Directorate of Resources
RBC Legal Entity,21/02/2022,4646712,270859,REED,BFFC Agency Staff (Rechargeable),1809.3,Agency Staff,Third Party Supplier,STANDARD,2008,LAAA-Directorate of Resources
RBC Legal Entity,21/02/2022,4646712,270859,REED,BFFC Agency Staff (Rechargeable),1809.3,Agency Staff,Third Party Supplier,STANDARD,2008,LAAA-Directorate of Resources
RBC Legal Entity,21/02/2022,4646712,270859,REED,BFFC Agency Staff (Rechargeable),1809.3,Agency Staff,Third Party Supplier,STANDARD,2008,LAAA-Directorate of Resources
RBC Legal Entity,21/02/2022,4646712,270859,REED,BFFC Agency Staff (Rechargeable),1809.3,Agency Staff,Third Party Supplier,STANDARD,2008,LAAA-Directorate of Resources
RBC Legal Entity,21/02/2022,4646712,270859,REED,BFFC Agency Staff (Rechargeable),1809.3,Agency Staff,Third Party Supplier,STANDARD,2008,LAAA-Directorate of Resources
RBC Legal Entity,21/02/2022,4646712,270859,REED,BFFC Agency Staff (Rechargeable),1809.3,Agency Staff,Third Party Supplier,STANDARD,2008,LAAA-Directorate of Resources
RBC Legal Entity,21/02/2022,4646712,270859,REED,BFFC Agency Staff (Rechargeable),1809.3,Agency Staff,Third Party Supplier,STANDARD,2008,LAAA-Directorate of Resources
RBC Legal Entity,21/02/2022,4646712,270859,REED,BFFC Agency Staff (Rechargeable),1809.3,Agency Staff,Third Party Supplier,STANDARD,2008,LAAA-Directorate of Resources
RBC Legal Entity,21/02/2022,4646712,270859,REED,BFFC Agency Staff (Rechargeable),1816.21,Agency Staff,Third Party Supplier,STANDARD,2008,LAAA-Directorate of Resources
RBC Legal Entity,21/02/2022,4646712,270859,REED,BFFC Agency Staff (Rechargeable),1818.55,Agency Staff,Third Party Supplier,STANDARD,2008,LAAA-Directorate of Resources
RBC Legal Entity,21/02/2022,4646712,270859,REED,BFFC Agency Staff (Rechargeable),1818.55,Agency Staff,Third Party Supplier,STANDARD,2008,LAAA-Directorate of Resources
RBC Legal Entity,21/02/2022,4646712,270859,REED,Accountancy,1836.8,Agency Staff,Third Party Supplier,STANDARD,2200,LAAA-Directorate of Resources
RBC Legal Entity,21/02/2022,4646712,270859,REED,Joint Legal Team,1846.3,Agency Staff,Third Party Supplier,STANDARD,2405,LAAA-Directorate of Resources
RBC Legal Entity,21/02/2022,4646712,270859,REED,ASC Short Term Team,1911.74,Agency Staff,Third Party Supplier,STANDARD,5722,JAAA-Directorate of Social Care and Health Services
RBC Legal Entity,21/02/2022,4646712,270859,REED,Joint Legal Team,2031.3,Agency Staff,Third Party Supplier,STANDARD,2405,LAAA-Directorate of Resources
RBC Legal Entity,21/02/2022,4646712,270859,REED,Joint Legal Team,2031.67,Agency Staff,Third Party Supplier,STANDARD,2405,LAAA-Directorate of Resources
RBC Legal Entity,21/02/2022,4646712,270859,REED,BFFC Agency Staff (Rechargeable),2055.05,Agency Staff,Third Party Supplier,STANDARD,2008,LAAA-Directorate of Resources
RBC Legal Entity,21/02/2022,4646712,270859,REED,BFFC Agency Staff (Rechargeable),2055.05,Agency Staff,Third Party Supplier,STANDARD,2008,LAAA-Directorate of Resources
RBC Legal Entity,21/02/2022,4646712,270859,REED,Legal Services,2148.2,Agency Staff,Third Party Supplier,STANDARD,2400,LAAA-Directorate of Resources
RBC Legal Entity,21/02/2022,4646712,270859,REED,IT Management,2176,Agency Staff,Third Party Supplier,STANDARD,2300,EAAA-Chief Executive
RBC Legal Entity,21/02/2022,4646712,270859,REED,Joint Legal Team,2196,Agency Staff,Third Party Supplier,STANDARD,2405,LAAA-Directorate of Resources
RBC Legal Entity,21/02/2022,4646712,270859,REED,Valuation,2233.45,Agency Staff,Third Party Supplier,STANDARD,2100,KAAA-Directorate of Economic Growth and Neighbourhood Services
RBC Legal Entity,21/02/2022,4646712,270859,REED,BFFC Agency Staff (Rechargeable),2276,Agency Staff,Third Party Supplier,STANDARD,2008,LAAA-Directorate of Resources
RBC Legal Entity,21/02/2022,4646712,270859,REED,Accountancy,2296,Agency Staff,Third Party Supplier,STANDARD,2200,LAAA-Directorate of Resources
RBC Legal Entity,21/02/2022,4646712,270859,REED,BFFC Agency Staff (Rechargeable),2344.8,Agency Staff,Third Party Supplier,STANDARD,2008,LAAA-Directorate of Resources
RBC Legal Entity,21/02/2022,4646712,270859,REED,IT Management,2426,Agency Staff,Third Party Supplier,STANDARD,2300,EAAA-Chief Executive
RBC Legal Entity,21/02/2022,4646712,270859,REED,Legal Services,2516.26,Agency Staff,Third Party Supplier,STANDARD,2400,LAAA-Directorate of Resources
RBC Legal Entity,21/02/2022,4646712,270859,REED,IT Management,2676,Agency Staff,Third Party Supplier,STANDARD,2300,EAAA-Chief Executive
RBC Legal Entity,21/02/2022,4646712,270859,REED,Accountancy,2784.45,Agency Staff,Third Party Supplier,STANDARD,2200,LAAA-Directorate of Resources
RBC Legal Entity,21/02/2022,4646712,270859,REED,BFFC Agency Staff (Rechargeable),2793.6,Agency Staff,Third Party Supplier,STANDARD,2008,LAAA-Directorate of Resources
RBC Legal Entity,21/02/2022,4646712,270859,REED,Accountancy,2856,Agency Staff,Third Party Supplier,STANDARD,2200,LAAA-Directorate of Resources
RBC Legal Entity,21/02/2022,4646712,270859,REED,IT Management,2856,Agency Staff,Third Party Supplier,STANDARD,2300,EAAA-Chief Executive
RBC Legal Entity,21/02/2022,4646712,270859,REED,ASC Senior Management Team,2926,Agency Staff,Third Party Supplier,STANDARD,5700,JAAA-Directorate of Social Care and Health Services
RBC Legal Entity,21/02/2022,4646712,270859,REED,ASC Senior Management Team,3196,Agency Staff,Third Party Supplier,STANDARD,5700,JAAA-Directorate of Social Care and Health Services
RBC Legal Entity,21/02/2022,4646712,270859,REED,Coroner,3321,Agency Staff,Third Party Supplier,STANDARD,4605,KAAA-Directorate of Economic Growth and Neighbourhood Services
RBC Legal Entity,21/02/2022,4646712,270859,REED,Coroner,3321,Agency Staff,Third Party Supplier,STANDARD,4605,KAAA-Directorate of Economic Growth and Neighbourhood Services
RBC Legal Entity,21/02/2022,4646712,270859,REED,BFFC Agency Staff (Rechargeable),3446,Agency Staff,Third Party Supplier,STANDARD,2008,LAAA-Directorate of Resources
RBC Legal Entity,21/02/2022,4646712,270859,REED,BFFC Agency Staff (Rechargeable),3544.4,Agency Staff,Third Party Supplier,STANDARD,2008,LAAA-Directorate of Resources
RBC Legal Entity,21/02/2022,4648654,270861,DSI BILLING SERVICES LTD,Council Tax & Business Rates,856.93,Postage Carriage Stamp Duty,SUPPLIER,STANDARD,2250,LAAA-Directorate of Resources
RBC Legal Entity,21/02/2022,4651766,270863,M & B ELECTRICAL SERVICES,Corporate Offices,17200,Plant,SUB-CONTRACTOR,STANDARD,8602,ZZZC-Capital
RBC Legal Entity,21/02/2022,4651781,270863,M & B ELECTRICAL SERVICES,Parks + Open Spaces,20700,Building Works,SUB-CONTRACTOR,STANDARD,8003,ZZZC-Capital
RBC Legal Entity,21/02/2022,4651931,270863,M & B ELECTRICAL SERVICES,Town Hall,26887,Building Works,SUB-CONTRACTOR,STANDARD,8019,ZZZC-Capital
RBC Legal Entity,21/02/2022,4646464,270864,BOURNEMOUTH UNIVERSITY,ASC Senior Management Team,1150,Training & Development Costs,SUPPLIER,STANDARD,5700,JAAA-Directorate of Social Care and Health Services
RBC Legal Entity,21/02/2022,4646467,270864,BOURNEMOUTH UNIVERSITY,ASC Senior Management Team,1150,Training & Development Costs,SUPPLIER,STANDARD,5700,JAAA-Directorate of Social Care and Health Services
RBC Legal Entity,21/02/2022,4646468,270864,BOURNEMOUTH UNIVERSITY,ASC Senior Management Team,1150,Training & Development Costs,SUPPLIER,STANDARD,5700,JAAA-Directorate of Social Care and Health Services
RBC Legal Entity,21/02/2022,4646469,270864,BOURNEMOUTH UNIVERSITY,ASC Senior Management Team,1150,Training & Development Costs,SUPPLIER,STANDARD,5700,JAAA-Directorate of Social Care and Health Services
RBC Legal Entity,21/02/2022,4646470,270864,BOURNEMOUTH UNIVERSITY,ASC Senior Management Team,1150,Training & Development Costs,SUPPLIER,STANDARD,5700,JAAA-Directorate of Social Care and Health Services
RBC Legal Entity,21/02/2022,4646435,270866,MOJO RENTAL UK LTD,Hexagon Operations,510.66,Equipment Hire,SUPPLIER,STANDARD,1200,KAAA-Directorate of Economic Growth and Neighbourhood Services
RBC Legal Entity,21/02/2022,4650518,270867,GREENWICH LEISURE LIMITED,Leisure Management,511415.67,TPP  Contract,Third Party Supplier,STANDARD,1108,KAAA-Directorate of Economic Growth and Neighbourhood Services
RBC Legal Entity,21/02/2022,4649459,270868,LAVAT CONSULTING LTD,Brighter Futures for Children,2295,Fees + Charges  General,SUPPLIER,STANDARD,5430,NAAA-Former Directorate of Education and Childrens Services
RBC Legal Entity,21/02/2022,4646580,270869,CSCO.AUDIO,Committee Administration,900,Conference Expenses,SUPPLIER,STANDARD,2475,LAAA-Directorate of Resources
RBC Legal Entity,21/02/2022,4646566,270870,NSL LIMITED,Special Parking Area,6560.32,Leasing Costs,Third Party Supplier,STANDARD,4724,KAAA-Directorate of Economic Growth and Neighbourhood Services
RBC Legal Entity,21/02/2022,4646566,270870,NSL LIMITED,Bus Lane Enforcement,8696.23,Leasing Costs,Third Party Supplier,STANDARD,4722,KAAA-Directorate of Economic Growth and Neighbourhood Services
RBC Legal Entity,21/02/2022,4645460,270871,MR EDWARD KIRKWOOD,JLT Disbursements,765,Misc. Legal Expenses,Third Party Supplier,STANDARD,2407,LAAA-Directorate of Resources
RBC Legal Entity,21/02/2022,4646343,270871,MR EDWARD KIRKWOOD,JLT Disbursements,675,Misc. Legal Expenses,Third Party Supplier,STANDARD,2407,LAAA-Directorate of Resources
RBC Legal Entity,21/02/2022,4651332,270871,MR EDWARD KIRKWOOD,JLT Disbursements,-1440,Misc. Legal Expenses,Third Party Supplier,CREDIT,2407,LAAA-Directorate of Resources
RBC Legal Entity,21/02/2022,4651338,270871,MR EDWARD KIRKWOOD,JLT Disbursements,765,Misc. Legal Expenses,Third Party Supplier,STANDARD,2407,LAAA-Directorate of Resources
RBC Legal Entity,21/02/2022,4646737,270873,ACCESS SELF STORAGE,Void Property Management,30,Property Management,SUPPLIER,STANDARD,5921,HAAA-Housing Revenue Account
RBC Legal Entity,21/02/2022,4646737,270873,ACCESS SELF STORAGE,Void Property Management,500,Property Management,SUPPLIER,STANDARD,5921,HAAA-Housing Revenue Account
RBC Legal Entity,21/02/2022,4648341,270876,CREATIVE SUPPORT LTD,PS Acquired Community Services,833,Purchased Care,Third Party Supplier,STANDARD,5771,JAAA-Directorate of Social Care and Health Services
RBC Legal Entity,21/02/2022,4648342,270876,CREATIVE SUPPORT LTD,PS Acquired Community Services,629,Purchased Care,Third Party Supplier,STANDARD,5771,JAAA-Directorate of Social Care and Health Services
RBC Legal Entity,21/02/2022,4648343,270876,CREATIVE SUPPORT LTD,PS Acquired Community Services,748,Purchased Care,Third Party Supplier,STANDARD,5771,JAAA-Directorate of Social Care and Health Services
RBC Legal Entity,21/02/2022,4648344,270876,CREATIVE SUPPORT LTD,PS Acquired Community Services,2142,Purchased Care,Third Party Supplier,STANDARD,5771,JAAA-Directorate of Social Care and Health Services
RBC Legal Entity,21/02/2022,4648345,270876,CREATIVE SUPPORT LTD,PS Acquired Community Services,510,Purchased Care,Third Party Supplier,STANDARD,5771,JAAA-Directorate of Social Care and Health Services
RBC Legal Entity,21/02/2022,4648346,270876,CREATIVE SUPPORT LTD,PS Acquired Community Services,595,Purchased Care,Third Party Supplier,STANDARD,5771,JAAA-Directorate of Social Care and Health Services
RBC Legal Entity,21/02/2022,4648348,270876,CREATIVE SUPPORT LTD,LD Community Services,561,Purchased Care,Third Party Supplier,STANDARD,5741,JAAA-Directorate of Social Care and Health Services
RBC Legal Entity,21/02/2022,4648349,270876,CREATIVE SUPPORT LTD,PS Acquired Community Services,4284,Purchased Care,Third Party Supplier,STANDARD,5771,JAAA-Directorate of Social Care and Health Services
RBC Legal Entity,21/02/2022,4648350,270876,CREATIVE SUPPORT LTD,PS Acquired Community Services,3060,Purchased Care,Third Party Supplier,STANDARD,5771,JAAA-Directorate of Social Care and Health Services
RBC Legal Entity,21/02/2022,4648351,270876,CREATIVE SUPPORT LTD,PS Acquired Community Services,1428,Purchased Care,Third Party Supplier,STANDARD,5771,JAAA-Directorate of Social Care and Health Services
RBC Legal Entity,21/02/2022,4648353,270876,CREATIVE SUPPORT LTD,PS Acquired Community Services,2244,Purchased Care,Third Party Supplier,STANDARD,5771,JAAA-Directorate of Social Care and Health Services
RBC Legal Entity,21/02/2022,4648356,270876,CREATIVE SUPPORT LTD,PS Acquired Community Services,1071,Purchased Care,Third Party Supplier,STANDARD,5771,JAAA-Directorate of Social Care and Health Services
RBC Legal Entity,21/02/2022,4648357,270876,CREATIVE SUPPORT LTD,PS Acquired Community Services,595,Purchased Care,Third Party Supplier,STANDARD,5771,JAAA-Directorate of Social Care and Health Services
RBC Legal Entity,21/02/2022,4648358,270876,CREATIVE SUPPORT LTD,PS Acquired Community Services,1071,Purchased Care,Third Party Supplier,STANDARD,5771,JAAA-Directorate of Social Care and Health Services
RBC Legal Entity,21/02/2022,4648359,270876,CREATIVE SUPPORT LTD,PS Acquired Community Services,2142,Purchased Care,Third Party Supplier,STANDARD,5771,JAAA-Directorate of Social Care and Health Services
RBC Legal Entity,21/02/2022,4648360,270876,CREATIVE SUPPORT LTD,PS Acquired Community Services,952,Purchased Care,Third Party Supplier,STANDARD,5771,JAAA-Directorate of Social Care and Health Services
RBC Legal Entity,21/02/2022,4648400,270876,CREATIVE SUPPORT LTD,PS Acquired Community Services,2142,Purchased Care,Third Party Supplier,STANDARD,5771,JAAA-Directorate of Social Care and Health Services
RBC Legal Entity,21/02/2022,4648401,270876,CREATIVE SUPPORT LTD,PS Acquired Community Services,986,Purchased Care,Third Party Supplier,STANDARD,5771,JAAA-Directorate of Social Care and Health Services
RBC Legal Entity,21/02/2022,4648403,270876,CREATIVE SUPPORT LTD,PS Acquired Community Services,2142,Purchased Care,Third Party Supplier,STANDARD,5771,JAAA-Directorate of Social Care and Health Services
RBC Legal Entity,21/02/2022,4648404,270876,CREATIVE SUPPORT LTD,LD Community Services,357,Purchased Care,Third Party Supplier,STANDARD,5741,JAAA-Directorate of Social Care and Health Services
RBC Legal Entity,21/02/2022,4648404,270876,CREATIVE SUPPORT LTD,PS Acquired Community Services,357,Purchased Care,Third Party Supplier,STANDARD,5771,JAAA-Directorate of Social Care and Health Services
RBC Legal Entity,21/02/2022,4648405,270876,CREATIVE SUPPORT LTD,PS Acquired Community Services,4284,Purchased Care,Third Party Supplier,STANDARD,5771,JAAA-Directorate of Social Care and Health Services
RBC Legal Entity,21/02/2022,4648406,270876,CREATIVE SUPPORT LTD,PS Acquired Community Services,2040,Purchased Care,Third Party Supplier,STANDARD,5771,JAAA-Directorate of Social Care and Health Services
RBC Legal Entity,21/02/2022,4652033,270877,MR NICHOLAS GOODWIN,JLT Disbursements,1750,Misc. Legal Expenses,SUPPLIER,STANDARD,2407,LAAA-Directorate of Resources
RBC Legal Entity,21/02/2022,4649234,270879,MEADEE FLOORING LTD,DLO Voids Trades,155,Subcontractors Labour,SUB-CONTRACTOR,STANDARD,4020,KAAA-Directorate of Economic Growth and Neighbourhood Services
RBC Legal Entity,21/02/2022,4649234,270879,MEADEE FLOORING LTD,DLO Voids Trades,984,Subcontractors Labour,SUB-CONTRACTOR,STANDARD,4020,KAAA-Directorate of Economic Growth and Neighbourhood Services
RBC Legal Entity,21/02/2022,4649235,270879,MEADEE FLOORING LTD,DLO Voids Trades,170,Subcontractors Labour,SUB-CONTRACTOR,STANDARD,4020,KAAA-Directorate of Economic Growth and Neighbourhood Services
RBC Legal Entity,21/02/2022,4649235,270879,MEADEE FLOORING LTD,DLO Voids Trades,954,Subcontractors Labour,SUB-CONTRACTOR,STANDARD,4020,KAAA-Directorate of Economic Growth and Neighbourhood Services
RBC Legal Entity,21/02/2022,4649236,270879,MEADEE FLOORING LTD,DLO Voids Trades,130,Subcontractors Labour,SUB-CONTRACTOR,STANDARD,4020,KAAA-Directorate of Economic Growth and Neighbourhood Services
RBC Legal Entity,21/02/2022,4649236,270879,MEADEE FLOORING LTD,DLO Voids Trades,804,Subcontractors Labour,SUB-CONTRACTOR,STANDARD,4020,KAAA-Directorate of Economic Growth and Neighbourhood Services
RBC Legal Entity,21/02/2022,4649237,270879,MEADEE FLOORING LTD,DLO Voids Trades,150,Subcontractors Labour,SUB-CONTRACTOR,STANDARD,4020,KAAA-Directorate of Economic Growth and Neighbourhood Services
RBC Legal Entity,21/02/2022,4649237,270879,MEADEE FLOORING LTD,DLO Voids Trades,713.5,Subcontractors Labour,SUB-CONTRACTOR,STANDARD,4020,KAAA-Directorate of Economic Growth and Neighbourhood Services
RBC Legal Entity,21/02/2022,4649238,270879,MEADEE FLOORING LTD,DLO Voids Trades,130,Subcontractors Labour,SUB-CONTRACTOR,STANDARD,4020,KAAA-Directorate of Economic Growth and Neighbourhood Services
RBC Legal Entity,21/02/2022,4649238,270879,MEADEE FLOORING LTD,DLO Voids Trades,717.25,Subcontractors Labour,SUB-CONTRACTOR,STANDARD,4020,KAAA-Directorate of Economic Growth and Neighbourhood Services
RBC Legal Entity,21/02/2022,4649242,270879,MEADEE FLOORING LTD,DLO Voids Trades,130,Subcontractors Labour,SUB-CONTRACTOR,STANDARD,4020,KAAA-Directorate of Economic Growth and Neighbourhood Services
RBC Legal Entity,21/02/2022,4649242,270879,MEADEE FLOORING LTD,DLO Voids Trades,307,Subcontractors Labour,SUB-CONTRACTOR,STANDARD,4020,KAAA-Directorate of Economic Growth and Neighbourhood Services
RBC Legal Entity,21/02/2022,4649250,270879,MEADEE FLOORING LTD,DLO Voids Trades,130,Subcontractors Labour,SUB-CONTRACTOR,STANDARD,4020,KAAA-Directorate of Economic Growth and Neighbourhood Services
RBC Legal Entity,21/02/2022,4649250,270879,MEADEE FLOORING LTD,DLO Voids Trades,296,Subcontractors Labour,SUB-CONTRACTOR,STANDARD,4020,KAAA-Directorate of Economic Growth and Neighbourhood Services
RBC Legal Entity,21/02/2022,4651489,270881,ROYLE CARE LTD,ASC Operational Management Team,-539.91,Purchased Care,Third Party Supplier,CREDIT,5309,JAAA-Directorate of Social Care and Health Services
RBC Legal Entity,21/02/2022,4651489,270881,ROYLE CARE LTD,PS Acquired Community Services,798,Purchased Care,Third Party Supplier,STANDARD,5771,JAAA-Directorate of Social Care and Health Services
RBC Legal Entity,21/02/2022,4651492,270881,ROYLE CARE LTD,ASC Operational Management Team,-385.65,Purchased Care,Third Party Supplier,CREDIT,5309,JAAA-Directorate of Social Care and Health Services
RBC Legal Entity,21/02/2022,4651492,270881,ROYLE CARE LTD,PS Acquired Community Services,570,Purchased Care,Third Party Supplier,STANDARD,5771,JAAA-Directorate of Social Care and Health Services
RBC Legal Entity,21/02/2022,4651493,270881,ROYLE CARE LTD,Assets _ General,-1619.74,Payments in Advance,Third Party Supplier,CREDIT,9885,ZZZB-Balance Sheet
RBC Legal Entity,21/02/2022,4651493,270881,ROYLE CARE LTD,PS Acquired Community Services,2394,Purchased Care,Third Party Supplier,STANDARD,5771,JAAA-Directorate of Social Care and Health Services
RBC Legal Entity,21/02/2022,4651494,270881,ROYLE CARE LTD,Assets _ General,-1439.77,Payments in Advance,Third Party Supplier,CREDIT,9885,ZZZB-Balance Sheet
RBC Legal Entity,21/02/2022,4651494,270881,ROYLE CARE LTD,PS Acquired Community Services,2128,Purchased Care,Third Party Supplier,STANDARD,5771,JAAA-Directorate of Social Care and Health Services
RBC Legal Entity,21/02/2022,4651495,270881,ROYLE CARE LTD,ASC Operational Management Team,-719.88,Purchased Care,Third Party Supplier,CREDIT,5309,JAAA-Directorate of Social Care and Health Services
RBC Legal Entity,21/02/2022,4651495,270881,ROYLE CARE LTD,PS Acquired Community Services,1064,Purchased Care,Third Party Supplier,STANDARD,5771,JAAA-Directorate of Social Care and Health Services
RBC Legal Entity,21/02/2022,4651503,270881,ROYLE CARE LTD,Assets _ General,-899.85,Payments in Advance,Third Party Supplier,CREDIT,9885,ZZZB-Balance Sheet
RBC Legal Entity,21/02/2022,4651503,270881,ROYLE CARE LTD,PS Acquired Community Services,1330,Purchased Care,Third Party Supplier,STANDARD,5771,JAAA-Directorate of Social Care and Health Services
RBC Legal Entity,21/02/2022,4651504,270881,ROYLE CARE LTD,Assets _ General,-350.3,Payments in Advance,Third Party Supplier,CREDIT,9885,ZZZB-Balance Sheet
RBC Legal Entity,21/02/2022,4651504,270881,ROYLE CARE LTD,PS Acquired Community Services,517.75,Purchased Care,Third Party Supplier,STANDARD,5771,JAAA-Directorate of Social Care and Health Services
RBC Legal Entity,21/02/2022,4651505,270881,ROYLE CARE LTD,Assets _ General,-1610.1,Payments in Advance,Third Party Supplier,CREDIT,9885,ZZZB-Balance Sheet
RBC Legal Entity,21/02/2022,4651505,270881,ROYLE CARE LTD,PS Acquired Community Services,2379.75,Purchased Care,Third Party Supplier,STANDARD,5771,JAAA-Directorate of Social Care and Health Services
RBC Legal Entity,21/02/2022,4651506,270881,ROYLE CARE LTD,Assets _ General,-1645.45,Payments in Advance,Third Party Supplier,CREDIT,9885,ZZZB-Balance Sheet
RBC Legal Entity,21/02/2022,4651506,270881,ROYLE CARE LTD,PS Acquired Community Services,2432,Purchased Care,Third Party Supplier,STANDARD,5771,JAAA-Directorate of Social Care and Health Services
RBC Legal Entity,21/02/2022,4651508,270881,ROYLE CARE LTD,Assets _ General,-1619.74,Payments in Advance,Third Party Supplier,CREDIT,9885,ZZZB-Balance Sheet
RBC Legal Entity,21/02/2022,4651508,270881,ROYLE CARE LTD,PS Acquired Community Services,2394,Purchased Care,Third Party Supplier,STANDARD,5771,JAAA-Directorate of Social Care and Health Services
RBC Legal Entity,21/02/2022,4651509,270881,ROYLE CARE LTD,Assets _ General,-1079.83,Payments in Advance,Third Party Supplier,CREDIT,9885,ZZZB-Balance Sheet
RBC Legal Entity,21/02/2022,4651509,270881,ROYLE CARE LTD,PS Acquired Community Services,1596,Purchased Care,Third Party Supplier,STANDARD,5771,JAAA-Directorate of Social Care and Health Services
RBC Legal Entity,21/02/2022,4651510,270881,ROYLE CARE LTD,Assets _ General,-719.88,Payments in Advance,Third Party Supplier,CREDIT,9885,ZZZB-Balance Sheet
RBC Legal Entity,21/02/2022,4651510,270881,ROYLE CARE LTD,PS Acquired Community Services,1064,Purchased Care,Third Party Supplier,STANDARD,5771,JAAA-Directorate of Social Care and Health Services
RBC Legal Entity,21/02/2022,4651516,270881,ROYLE CARE LTD,Assets _ General,-1028.41,Payments in Advance,Third Party Supplier,CREDIT,9885,ZZZB-Balance Sheet
RBC Legal Entity,21/02/2022,4651516,270881,ROYLE CARE LTD,PS Acquired Community Services,1520,Purchased Care,Third Party Supplier,STANDARD,5771,JAAA-Directorate of Social Care and Health Services
RBC Legal Entity,21/02/2022,4651519,270881,ROYLE CARE LTD,Assets _ General,-1619.74,Payments in Advance,Third Party Supplier,CREDIT,9885,ZZZB-Balance Sheet
RBC Legal Entity,21/02/2022,4651519,270881,ROYLE CARE LTD,PS Acquired Community Services,2394,Purchased Care,Third Party Supplier,STANDARD,5771,JAAA-Directorate of Social Care and Health Services
RBC Legal Entity,21/02/2022,4651520,270881,ROYLE CARE LTD,Assets _ General,-1619.74,Payments in Advance,Third Party Supplier,CREDIT,9885,ZZZB-Balance Sheet
RBC Legal Entity,21/02/2022,4651520,270881,ROYLE CARE LTD,PS Acquired Community Services,2394,Purchased Care,Third Party Supplier,STANDARD,5771,JAAA-Directorate of Social Care and Health Services
RBC Legal Entity,21/02/2022,4651522,270881,ROYLE CARE LTD,Assets _ General,-1439.77,Payments in Advance,Third Party Supplier,CREDIT,9885,ZZZB-Balance Sheet
RBC Legal Entity,21/02/2022,4651522,270881,ROYLE CARE LTD,PS Acquired Community Services,2128,Purchased Care,Third Party Supplier,STANDARD,5771,JAAA-Directorate of Social Care and Health Services
RBC Legal Entity,21/02/2022,4651526,270881,ROYLE CARE LTD,Assets _ General,-1079.83,Payments in Advance,Third Party Supplier,CREDIT,9885,ZZZB-Balance Sheet
RBC Legal Entity,21/02/2022,4651526,270881,ROYLE CARE LTD,PS Acquired Community Services,1596,Purchased Care,Third Party Supplier,STANDARD,5771,JAAA-Directorate of Social Care and Health Services
RBC Legal Entity,21/02/2022,4651527,270881,ROYLE CARE LTD,Assets _ General,-356.73,Payments in Advance,Third Party Supplier,CREDIT,9885,ZZZB-Balance Sheet
RBC Legal Entity,21/02/2022,4651527,270881,ROYLE CARE LTD,Mental Health Community Services,527.25,Purchased Care,Third Party Supplier,STANDARD,5731,JAAA-Directorate of Social Care and Health Services
RBC Legal Entity,21/02/2022,4651530,270881,ROYLE CARE LTD,Assets _ General,-1619.74,Payments in Advance,Third Party Supplier,CREDIT,9885,ZZZB-Balance Sheet
RBC Legal Entity,21/02/2022,4651530,270881,ROYLE CARE LTD,PS Acquired Community Services,2394,Purchased Care,Third Party Supplier,STANDARD,5771,JAAA-Directorate of Social Care and Health Services
RBC Legal Entity,21/02/2022,4651531,270881,ROYLE CARE LTD,Assets _ General,-1619.74,Payments in Advance,Third Party Supplier,CREDIT,9885,ZZZB-Balance Sheet
RBC Legal Entity,21/02/2022,4651531,270881,ROYLE CARE LTD,PS Acquired Community Services,2394,Purchased Care,Third Party Supplier,STANDARD,5771,JAAA-Directorate of Social Care and Health Services
RBC Legal Entity,21/02/2022,4651532,270881,ROYLE CARE LTD,Assets _ General,-527.06,Payments in Advance,Third Party Supplier,CREDIT,9885,ZZZB-Balance Sheet
RBC Legal Entity,21/02/2022,4651532,270881,ROYLE CARE LTD,PS Acquired Community Services,779,Purchased Care,Third Party Supplier,STANDARD,5771,JAAA-Directorate of Social Care and Health Services
RBC Legal Entity,21/02/2022,4651533,270881,ROYLE CARE LTD,Assets _ General,-893.43,Payments in Advance,Third Party Supplier,CREDIT,9885,ZZZB-Balance Sheet
RBC Legal Entity,21/02/2022,4651533,270881,ROYLE CARE LTD,PS Acquired Community Services,1320.5,Purchased Care,Third Party Supplier,STANDARD,5771,JAAA-Directorate of Social Care and Health Services
RBC Legal Entity,21/02/2022,4651534,270881,ROYLE CARE LTD,Assets _ General,-1240.51,Payments in Advance,Third Party Supplier,CREDIT,9885,ZZZB-Balance Sheet
RBC Legal Entity,21/02/2022,4651534,270881,ROYLE CARE LTD,PS Acquired Community Services,1833.5,Purchased Care,Third Party Supplier,STANDARD,5771,JAAA-Directorate of Social Care and Health Services
RBC Legal Entity,21/02/2022,4651536,270881,ROYLE CARE LTD,Assets _ General,-1561.89,Payments in Advance,Third Party Supplier,CREDIT,9885,ZZZB-Balance Sheet
RBC Legal Entity,21/02/2022,4651536,270881,ROYLE CARE LTD,PS Acquired Community Services,2308.5,Purchased Care,Third Party Supplier,STANDARD,5771,JAAA-Directorate of Social Care and Health Services
RBC Legal Entity,21/02/2022,4651537,270881,ROYLE CARE LTD,Assets _ General,-254.73,Payments in Advance,Third Party Supplier,CREDIT,9885,ZZZB-Balance Sheet
RBC Legal Entity,21/02/2022,4651537,270881,ROYLE CARE LTD,Assets _ General,-187.02,Payments in Advance,Third Party Supplier,CREDIT,9885,ZZZB-Balance Sheet
RBC Legal Entity,21/02/2022,4651537,270881,ROYLE CARE LTD,Assets _ General,-53.17,Payments in Advance,Third Party Supplier,CREDIT,9885,ZZZB-Balance Sheet
RBC Legal Entity,21/02/2022,4651537,270881,ROYLE CARE LTD,PS Acquired Community Services,731.5,Purchased Care,Third Party Supplier,STANDARD,5771,JAAA-Directorate of Social Care and Health Services
RBC Legal Entity,21/02/2022,4651538,270881,ROYLE CARE LTD,Assets _ General,-462.78,Payments in Advance,Third Party Supplier,CREDIT,9885,ZZZB-Balance Sheet
RBC Legal Entity,21/02/2022,4651538,270881,ROYLE CARE LTD,M&C Acquired Community Services,684,Purchased Care,Third Party Supplier,STANDARD,5751,JAAA-Directorate of Social Care and Health Services
RBC Legal Entity,21/02/2022,4651539,270881,ROYLE CARE LTD,Assets _ General,-809.87,Payments in Advance,Third Party Supplier,CREDIT,9885,ZZZB-Balance Sheet
RBC Legal Entity,21/02/2022,4651539,270881,ROYLE CARE LTD,PS Acquired Community Services,1197,Purchased Care,Third Party Supplier,STANDARD,5771,JAAA-Directorate of Social Care and Health Services
RBC Legal Entity,21/02/2022,4648983,270883,LEXTOX,JLT Disbursements,569.92,Misc. Legal Expenses,SUPPLIER,STANDARD,2407,LAAA-Directorate of Resources
RBC Legal Entity,21/02/2022,4648145,270884,WILCOX PSYCHOLOGICAL ASSOCIATES,JLT Disbursements,4122.08,Misc. Legal Expenses,SUPPLIER,STANDARD,2407,LAAA-Directorate of Resources
RBC Legal Entity,21/02/2022,4652035,270884,WILCOX PSYCHOLOGICAL ASSOCIATES,JLT Disbursements,65.95,Misc. Legal Expenses,SUPPLIER,STANDARD,2407,LAAA-Directorate of Resources
RBC Legal Entity,21/02/2022,4652035,270884,WILCOX PSYCHOLOGICAL ASSOCIATES,JLT Disbursements,3855.2,Misc. Legal Expenses,SUPPLIER,STANDARD,2407,LAAA-Directorate of Resources
RBC Legal Entity,21/02/2022,4652351,270884,WILCOX PSYCHOLOGICAL ASSOCIATES,JLT Disbursements,-2308.8,Misc. Legal Expenses,SUPPLIER,CREDIT,2407,LAAA-Directorate of Resources
RBC Legal Entity,21/02/2022,4652351,270884,WILCOX PSYCHOLOGICAL ASSOCIATES,JLT Disbursements,-16.49,Misc. Legal Expenses,SUPPLIER,CREDIT,2407,LAAA-Directorate of Resources
RBC Legal Entity,21/02/2022,4645473,270885,ALPHA BIOLABS,JLT Disbursements,595,Misc. Legal Expenses,Third Party Supplier,STANDARD,2407,LAAA-Directorate of Resources
RBC Legal Entity,21/02/2022,4646641,270886,MR JERRY D HAWKINS,JLT Disbursements,4460.6,Misc. Legal Expenses,SUPPLIER,STANDARD,2407,LAAA-Directorate of Resources
RBC Legal Entity,21/02/2022,4645316,270888,SIAN COX,JLT Disbursements,550,Misc. Legal Expenses,SUPPLIER,STANDARD,2407,LAAA-Directorate of Resources
RBC Legal Entity,21/02/2022,4646729,270890,2 START LTD,DEGNS Management,330,Training & Development Costs,Third Party Supplier,STANDARD,1500,KAAA-Directorate of Economic Growth and Neighbourhood Services
RBC Legal Entity,21/02/2022,4646729,270890,2 START LTD,DEGNS Management,3357.5,Training & Development Costs,Third Party Supplier,STANDARD,1500,KAAA-Directorate of Economic Growth and Neighbourhood Services
RBC Legal Entity,21/02/2022,4648857,270891,BALFOUR BEATTY CIVIL ENGINEERING LIMITED,LEP Projects,1028486.54,Contractors,SUB-CONTRACTOR,STANDARD,8806,ZZZC-Capital
RBC Legal Entity,21/02/2022,4645322,270892,FRANCES HARRIS,JLT Disbursements,735,Misc. Legal Expenses,SUPPLIER,STANDARD,2407,LAAA-Directorate of Resources
RBC Legal Entity,21/02/2022,4652028,270893,THE AUDIENCE AGENCY,Cultural Services Marketing,448.58,Publicity & Media Work,SUPPLIER,STANDARD,1235,KAAA-Directorate of Economic Growth and Neighbourhood Services
RBC Legal Entity,21/02/2022,4651966,270896,MISS ANNA YARDE,JLT Disbursements,550,Misc. Legal Expenses,SUPPLIER,STANDARD,2407,LAAA-Directorate of Resources
RBC Legal Entity,21/02/2022,4646345,270897,BK SAFETY & WORKWEAR LTD,Highways,1762.16,Protective Clothing,SUPPLIER,STANDARD,4252,KAAA-Directorate of Economic Growth and Neighbourhood Services
RBC Legal Entity,21/02/2022,4649048,270898,BERKSHIRE PSYCHOLOGY,JLT Disbursements,1029.6,Misc. Legal Expenses,Third Party Supplier,STANDARD,2407,LAAA-Directorate of Resources
RBC Legal Entity,21/02/2022,4649246,270898,BERKSHIRE PSYCHOLOGY,JLT Disbursements,432.92,Misc. Legal Expenses,Third Party Supplier,STANDARD,2407,LAAA-Directorate of Resources
RBC Legal Entity,21/02/2022,4649282,270898,BERKSHIRE PSYCHOLOGY,JLT Disbursements,655.2,Misc. Legal Expenses,Third Party Supplier,STANDARD,2407,LAAA-Directorate of Resources
RBC Legal Entity,21/02/2022,4649282,270898,BERKSHIRE PSYCHOLOGY,JLT Disbursements,1216.8,Misc. Legal Expenses,Third Party Supplier,STANDARD,2407,LAAA-Directorate of Resources
RBC Legal Entity,21/02/2022,4651542,270900,SYLVIANCARE LTD,PS Acquired Community Services,1197,Purchased Care,Third Party Supplier,STANDARD,5771,JAAA-Directorate of Social Care and Health Services
RBC Legal Entity,21/02/2022,4651543,270900,SYLVIANCARE LTD,PS Acquired Community Services,798,Purchased Care,Third Party Supplier,STANDARD,5771,JAAA-Directorate of Social Care and Health Services
RBC Legal Entity,21/02/2022,4651550,270900,SYLVIANCARE LTD,PS Acquired Community Services,2138,Purchased Care,Third Party Supplier,STANDARD,5771,JAAA-Directorate of Social Care and Health Services
RBC Legal Entity,21/02/2022,4651553,270900,SYLVIANCARE LTD,PS Acquired Community Services,2394,Purchased Care,Third Party Supplier,STANDARD,5771,JAAA-Directorate of Social Care and Health Services
RBC Legal Entity,21/02/2022,4648988,270901,MICHAEL AUBREY PARTNERSHIP,Repairs,725,Roofs + Structural,SUPPLIER,STANDARD,5970,HAAA-Housing Revenue Account
RBC Legal Entity,21/02/2022,4649156,270902,MAKING CONNECTIONS (ISLE OF WIGHT) LTD,Safeguarding Adults,3000,Professional Fees,INDIVIDUAL,STANDARD,5158,JAAA-Directorate of Social Care and Health Services
RBC Legal Entity,21/02/2022,4645417,270903,F M CONWAY LTD,Highways,549,Materials Direct,SUB-CONTRACTOR,STANDARD,4252,KAAA-Directorate of Economic Growth and Neighbourhood Services
RBC Legal Entity,21/02/2022,4648695,270903,F M CONWAY LTD,Highways,546.56,Materials Direct,SUB-CONTRACTOR,STANDARD,4252,KAAA-Directorate of Economic Growth and Neighbourhood Services
RBC Legal Entity,21/02/2022,4646702,270904,HUSSEY SEATWAY LTD,South Street Operations,552,Routine Maintenance,SUPPLIER,STANDARD,1220,KAAA-Directorate of Economic Growth and Neighbourhood Services
RBC Legal Entity,21/02/2022,4648653,270905,VITA PLAY LTD,Parks + Open Spaces,9114,Contractors,SUB-CONTRACTOR,STANDARD,8003,ZZZC-Capital
RBC Legal Entity,21/02/2022,4648704,270905,VITA PLAY LTD,Parks + Open Spaces,9925,Contractors,SUB-CONTRACTOR,STANDARD,8003,ZZZC-Capital
RBC Legal Entity,21/02/2022,4648395,270906,DEAF REACH UK,Advocacy,1575,Professional Fees,Third Party Supplier,STANDARD,5303,JAAA-Directorate of Social Care and Health Services
RBC Legal Entity,21/02/2022,4646508,270907,CORALEDGE LTD,UTMC / ITS,3750,Contractors,SUPPLIER,STANDARD,8850,ZZZC-Capital
RBC Legal Entity,21/02/2022,4652004,270909,BRAVO BENEFITS LTD,Payroll + Payments A/c,20.27,Holding Code,Third Party Supplier,STANDARD,9823,ZZZB-Balance Sheet
RBC Legal Entity,21/02/2022,4652004,270909,BRAVO BENEFITS LTD,Payroll + Payments A/c,8108.42,Holding Code,Third Party Supplier,STANDARD,9823,ZZZB-Balance Sheet
RBC Legal Entity,21/02/2022,4649053,270910,CORINNE BEATRICE ITEN,JLT Disbursements,148,Misc. Legal Expenses,Third Party Supplier,STANDARD,2407,LAAA-Directorate of Resources
RBC Legal Entity,21/02/2022,4649053,270910,CORINNE BEATRICE ITEN,JLT Disbursements,740,Misc. Legal Expenses,Third Party Supplier,STANDARD,2407,LAAA-Directorate of Resources
RBC Legal Entity,21/02/2022,4645346,270911,INVOTRA LIMITED,IT Management,4040.77,Software Support,Third Party Supplier,STANDARD,2300,EAAA-Chief Executive
RBC Legal Entity,21/02/2022,4650147,270914,DAMON YOUNG,South Street Operations,600,Professional Fees,SUPPLIER,STANDARD,1220,KAAA-Directorate of Economic Growth and Neighbourhood Services
RBC Legal Entity,21/02/2022,4648633,270915,CORE ASSETS GROUP,JLT Disbursements,1239.2,Misc. Legal Expenses,Third Party Supplier,STANDARD,2407,LAAA-Directorate of Resources
RBC Legal Entity,21/02/2022,4645326,270917,LINDSAY JOHNSON,JLT Disbursements,1000,Misc. Legal Expenses,Third Party Supplier,STANDARD,2407,LAAA-Directorate of Resources
RBC Legal Entity,21/02/2022,4649088,270918,ANDREW BOND,JLT Disbursements,1730,Misc. Legal Expenses,Third Party Supplier,STANDARD,2407,LAAA-Directorate of Resources
RBC Legal Entity,21/02/2022,4648795,270920,J&R TYRES LTD,Fleet Management,861,Unfair Wear + Tear Costs,Third Party Supplier,STANDARD,4552,KAAA-Directorate of Economic Growth and Neighbourhood Services
RBC Legal Entity,21/02/2022,4648796,270920,J&R TYRES LTD,Fleet Management,589,Tyres,Third Party Supplier,STANDARD,4552,KAAA-Directorate of Economic Growth and Neighbourhood Services
RBC Legal Entity,21/02/2022,4646734,270922,TULLY FORENSIC PSYCHOLOGY LTD,JLT Disbursements,904.37,Misc. Legal Expenses,Third Party Supplier,STANDARD,2407,LAAA-Directorate of Resources
RBC Legal Entity,21/02/2022,4648062,270922,TULLY FORENSIC PSYCHOLOGY LTD,JLT Disbursements,3386.6,Misc. Legal Expenses,Third Party Supplier,STANDARD,2407,LAAA-Directorate of Resources
RBC Legal Entity,21/02/2022,4645313,270923,FACULTATIEVE TECHNOLOGIES LTD,Crematorium,1303.33,Plant Maintenance,SUPPLIER,STANDARD,4606,LAAA-Directorate of Resources
RBC Legal Entity,21/02/2022,4651914,270924,BERKSHIRE ROOMS,Bed and Breakfast,95.04,Rents,Third Party Supplier,STANDARD,5871,KAAA-Directorate of Economic Growth and Neighbourhood Services
RBC Legal Entity,21/02/2022,4651914,270924,BERKSHIRE ROOMS,Bed and Breakfast,190,Rents,Third Party Supplier,STANDARD,5871,KAAA-Directorate of Economic Growth and Neighbourhood Services
RBC Legal Entity,21/02/2022,4651914,270924,BERKSHIRE ROOMS,Bed and Breakfast,379.96,Rents,Third Party Supplier,STANDARD,5871,KAAA-Directorate of Economic Growth and Neighbourhood Services
RBC Legal Entity,21/02/2022,4651917,270924,BERKSHIRE ROOMS,Bed and Breakfast,196,Rents,Third Party Supplier,STANDARD,5871,KAAA-Directorate of Economic Growth and Neighbourhood Services
RBC Legal Entity,21/02/2022,4651917,270924,BERKSHIRE ROOMS,Bed and Breakfast,784,Rents,Third Party Supplier,STANDARD,5871,KAAA-Directorate of Economic Growth and Neighbourhood Services
RBC Legal Entity,21/02/2022,4652384,270924,BERKSHIRE ROOMS,Bed and Breakfast,630,Rents,Third Party Supplier,STANDARD,5871,KAAA-Directorate of Economic Growth and Neighbourhood Services
RBC Legal Entity,21/02/2022,4652385,270924,BERKSHIRE ROOMS,Bed and Breakfast,54,Rents,Third Party Supplier,STANDARD,5871,KAAA-Directorate of Economic Growth and Neighbourhood Services
RBC Legal Entity,21/02/2022,4652385,270924,BERKSHIRE ROOMS,Bed and Breakfast,216,Rents,Third Party Supplier,STANDARD,5871,KAAA-Directorate of Economic Growth and Neighbourhood Services
RBC Legal Entity,21/02/2022,4652385,270924,BERKSHIRE ROOMS,Bed and Breakfast,360,Rents,Third Party Supplier,STANDARD,5871,KAAA-Directorate of Economic Growth and Neighbourhood Services
RBC Legal Entity,21/02/2022,4651852,270926,YUNEX LTD,Traffic,904.22,TPP  Contract,SUB-CONTRACTOR,STANDARD,4703,KAAA-Directorate of Economic Growth and Neighbourhood Services
RBC Legal Entity,21/02/2022,4651853,270926,YUNEX LTD,Traffic,3155.82,TPP  Contract,SUB-CONTRACTOR,STANDARD,4703,KAAA-Directorate of Economic Growth and Neighbourhood Services
RBC Legal Entity,21/02/2022,4651858,270926,YUNEX LTD,Traffic,1514.37,TPP  Contract,SUB-CONTRACTOR,STANDARD,4703,KAAA-Directorate of Economic Growth and Neighbourhood Services
RBC Legal Entity,21/02/2022,4645486,270929,ISW ASSESSMENT AND CONSULTANCY LTD,JLT Disbursements,966.35,Misc. Legal Expenses,Third Party Supplier,STANDARD,2407,LAAA-Directorate of Resources
RBC Legal Entity,21/02/2022,4631535,270931,CORRIGENDA LTD,Park Lane Primary,8748.28,External Fees  Misc.,SUB-CONTRACTOR,STANDARD,8225,ZZZC-Capital
RBC Legal Entity,21/02/2022,4645484,270932,NOMINET UK,IT Management,765.94,Contract  Other,Third Party Supplier,STANDARD,2300,EAAA-Chief Executive
RBC Legal Entity,21/02/2022,4645311,270934,THE MODERN FAMILY LAW COMPANY,JLT Disbursements,800,Misc. Legal Expenses,Third Party Supplier,STANDARD,2407,LAAA-Directorate of Resources
RBC Legal Entity,21/02/2022,4645324,270934,THE MODERN FAMILY LAW COMPANY,JLT Disbursements,800,Misc. Legal Expenses,Third Party Supplier,STANDARD,2407,LAAA-Directorate of Resources
RBC Legal Entity,21/02/2022,4645488,270934,THE MODERN FAMILY LAW COMPANY,JLT Disbursements,800,Misc. Legal Expenses,Third Party Supplier,STANDARD,2407,LAAA-Directorate of Resources
RBC Legal Entity,21/02/2022,4645489,270934,THE MODERN FAMILY LAW COMPANY,JLT Disbursements,800,Misc. Legal Expenses,Third Party Supplier,STANDARD,2407,LAAA-Directorate of Resources
RBC Legal Entity,21/02/2022,4651572,270935,LIMMS CARE SERVICES,PS Acquired Community Services,1445,Purchased Care,Third Party Supplier,STANDARD,5771,JAAA-Directorate of Social Care and Health Services
RBC Legal Entity,21/02/2022,4651573,270935,LIMMS CARE SERVICES,PS Acquired Community Services,1071,Purchased Care,Third Party Supplier,STANDARD,5771,JAAA-Directorate of Social Care and Health Services
RBC Legal Entity,21/02/2022,4651574,270935,LIMMS CARE SERVICES,PS Acquired Community Services,1054,Purchased Care,Third Party Supplier,STANDARD,5771,JAAA-Directorate of Social Care and Health Services
RBC Legal Entity,21/02/2022,4646478,270936,OVO (S) GAS LIMITED T/A SSE ATLANTIC,Repairs,542.85,Minor Voids,Third Party Supplier,STANDARD,5970,HAAA-Housing Revenue Account
RBC Legal Entity,21/02/2022,4652347,270937,BAKER STREET PRODUCTIONS LTD,HSHAZ programme,4000,Professional Fees,Third Party Supplier,STANDARD,1316,KAAA-Directorate of Economic Growth and Neighbourhood Services
RBC Legal Entity,21/02/2022,4648004,270938,QUALITY CARE & RECRUITMENT SOLUTIONS LTD,Safeguarding Adults,916.2,Professional Fees,Third Party Supplier,STANDARD,5158,JAAA-Directorate of Social Care and Health Services
RBC Legal Entity,21/02/2022,4648059,270939,BANNER GROUP LTD,Buildings Payroll,37.72,Stationery  Consumables,Third Party Supplier,STANDARD,3390,KAAA-Directorate of Economic Growth and Neighbourhood Services
RBC Legal Entity,21/02/2022,4648059,270939,BANNER GROUP LTD,Buildings Payroll,1726.87,Stationery  Consumables,Third Party Supplier,STANDARD,3390,KAAA-Directorate of Economic Growth and Neighbourhood Services
RBC Legal Entity,21/02/2022,4646498,270940,RIVERSIDE ENVIRONMENTAL SERVICES LTD,Repairs,1269,Asbestos,Third Party Supplier,STANDARD,5970,HAAA-Housing Revenue Account
RBC Legal Entity,21/02/2022,4646647,270943,KCOM GROUP LTD,IT Management,878.4,"Internet Connections, etc",Third Party Supplier,STANDARD,2300,EAAA-Chief Executive
RBC Legal Entity,21/02/2022,4646783,270945,CSPT LTD,Safer Community Unit,505,Special Measures Expenses,Third Party Supplier,STANDARD,5365,KAAA-Directorate of Economic Growth and Neighbourhood Services
RBC Legal Entity,22/02/2022,4646736,270947,NECTAR IMPORTS LTD,Hexagon Catering,571.14,Purchases - Stock Provisions,SUPPLIER,STANDARD,1241,KAAA-Directorate of Economic Growth and Neighbourhood Services
RBC Legal Entity,22/02/2022,4652479,270948,STRICTLY THEATRE CO LIMITED,Hexagon Operations,-28578,Ticket SalesPerformances,SUPPLIER,CREDIT,1200,KAAA-Directorate of Economic Growth and Neighbourhood Services
RBC Legal Entity,22/02/2022,4652479,270948,STRICTLY THEATRE CO LIMITED,Hexagon Operations,-3500,Hire of Function Rooms,SUPPLIER,CREDIT,1200,KAAA-Directorate of Economic Growth and Neighbourhood Services
RBC Legal Entity,22/02/2022,4652479,270948,STRICTLY THEATRE CO LIMITED,Hexagon Operations,-1238,Administration Charges,SUPPLIER,CREDIT,1200,KAAA-Directorate of Economic Growth and Neighbourhood Services
RBC Legal Entity,22/02/2022,4652479,270948,STRICTLY THEATRE CO LIMITED,Hexagon Operations,-857.34,Credit Card Commission,SUPPLIER,CREDIT,1200,KAAA-Directorate of Economic Growth and Neighbourhood Services
RBC Legal Entity,22/02/2022,4652479,270948,STRICTLY THEATRE CO LIMITED,Hexagon Operations,-367.29,Royalties,SUPPLIER,CREDIT,1200,KAAA-Directorate of Economic Growth and Neighbourhood Services
RBC Legal Entity,22/02/2022,4652479,270948,STRICTLY THEATRE CO LIMITED,Hexagon Operations,-210,Security Charges,SUPPLIER,CREDIT,1200,KAAA-Directorate of Economic Growth and Neighbourhood Services
RBC Legal Entity,22/02/2022,4652479,270948,STRICTLY THEATRE CO LIMITED,Hexagon Operations,-191.26,General & Admin & Clerical,SUPPLIER,CREDIT,1200,KAAA-Directorate of Economic Growth and Neighbourhood Services
RBC Legal Entity,22/02/2022,4652479,270948,STRICTLY THEATRE CO LIMITED,Hexagon Operations,-23.4,Sales  Surplus Equipment,SUPPLIER,CREDIT,1200,KAAA-Directorate of Economic Growth and Neighbourhood Services
RBC Legal Entity,22/02/2022,4652479,270948,STRICTLY THEATRE CO LIMITED,Hexagon Operations,6179.15,Professional Fees,SUPPLIER,STANDARD,1200,KAAA-Directorate of Economic Growth and Neighbourhood Services
RBC Legal Entity,22/02/2022,4652479,270948,STRICTLY THEATRE CO LIMITED,Hexagon Operations,22398.85,Professional Fees,SUPPLIER,STANDARD,1200,KAAA-Directorate of Economic Growth and Neighbourhood Services
RBC Legal Entity,22/02/2022,4652479,270948,STRICTLY THEATRE CO LIMITED,Hexagon Performances,29816,Ticket SalesPerformances,SUPPLIER,STANDARD,1202,KAAA-Directorate of Economic Growth and Neighbourhood Services
RBC Legal Entity,22/02/2022,4652440,270949,Brighter Futures for Children,BFFC - Grants Pass Through,600,Government Grant,Internal,STANDARD,5431,NAAA-Former Directorate of Education and Childrens Services
RBC Legal Entity,22/02/2022,4652440,270949,Brighter Futures for Children,Chief Execs Suspense,960,Suspense items,Internal,STANDARD,2999,LAAA-Directorate of Resources
RBC Legal Entity,22/02/2022,4652440,270949,Brighter Futures for Children,Chief Execs Suspense,6020.72,Suspense items,Internal,STANDARD,2999,LAAA-Directorate of Resources
RBC Legal Entity,22/02/2022,4652440,270949,Brighter Futures for Children,Chief Execs Suspense,12795.32,Suspense items,Internal,STANDARD,2999,LAAA-Directorate of Resources
RBC Legal Entity,22/02/2022,4652440,270949,Brighter Futures for Children,BFFC - Grants Pass Through,15400,Government Grant,Internal,STANDARD,5431,NAAA-Former Directorate of Education and Childrens Services
RBC Legal Entity,22/02/2022,4652440,270949,Brighter Futures for Children,Chief Execs Suspense,25000,Suspense items,Internal,STANDARD,2999,LAAA-Directorate of Resources
RBC Legal Entity,22/02/2022,4652440,270949,Brighter Futures for Children,Chief Execs Suspense,26250,Suspense items,Internal,STANDARD,2999,LAAA-Directorate of Resources
RBC Legal Entity,22/02/2022,4652440,270949,Brighter Futures for Children,Chief Execs Suspense,29167.2,Suspense items,Internal,STANDARD,2999,LAAA-Directorate of Resources
RBC Legal Entity,22/02/2022,4652440,270949,Brighter Futures for Children,Chief Execs Suspense,32821,Suspense items,Internal,STANDARD,2999,LAAA-Directorate of Resources
RBC Legal Entity,22/02/2022,4652440,270949,Brighter Futures for Children,Chief Execs Suspense,37411,Suspense items,Internal,STANDARD,2999,LAAA-Directorate of Resources
RBC Legal Entity,22/02/2022,4652440,270949,Brighter Futures for Children,Brighter Futures for Children,50000,Recharges from other services,Internal,STANDARD,5430,NAAA-Former Directorate of Education and Childrens Services
RBC Legal Entity,22/02/2022,4652440,270949,Brighter Futures for Children,Brighter Futures for Children,60000,Recharges from other services,Internal,STANDARD,5430,NAAA-Former Directorate of Education and Childrens Services
RBC Legal Entity,22/02/2022,4652440,270949,Brighter Futures for Children,Chief Execs Suspense,74544,Suspense items,Internal,STANDARD,2999,LAAA-Directorate of Resources
RBC Legal Entity,22/02/2022,4652440,270949,Brighter Futures for Children,Brighter Futures for Children,85000,Recharges from other services,Internal,STANDARD,5430,NAAA-Former Directorate of Education and Childrens Services
RBC Legal Entity,22/02/2022,4652440,270949,Brighter Futures for Children,Brighter Futures for Children,99000,Recharges from other services,Internal,STANDARD,5430,NAAA-Former Directorate of Education and Childrens Services
RBC Legal Entity,22/02/2022,4652440,270949,Brighter Futures for Children,Brighter Futures for Children,100000,Recharges from other services,Internal,STANDARD,5430,NAAA-Former Directorate of Education and Childrens Services
RBC Legal Entity,22/02/2022,4652440,270949,Brighter Futures for Children,Chief Execs Suspense,193083,Suspense items,Internal,STANDARD,2999,LAAA-Directorate of Resources
RBC Legal Entity,22/02/2022,4652440,270949,Brighter Futures for Children,BFFC - Grants Pass Through,200000,Government Grant,Internal,STANDARD,5431,NAAA-Former Directorate of Education and Childrens Services
RBC Legal Entity,22/02/2022,4652440,270949,Brighter Futures for Children,BFFC - Grants Pass Through,260732,Government Grant,Internal,STANDARD,5431,NAAA-Former Directorate of Education and Childrens Services
RBC Legal Entity,22/02/2022,4652440,270949,Brighter Futures for Children,BFFC - Grants Pass Through,781928.57,Government Grant,Internal,STANDARD,5431,NAAA-Former Directorate of Education and Childrens Services
RBC Legal Entity,22/02/2022,4652440,270949,Brighter Futures for Children,Chief Execs Suspense,1993297.05,Suspense items,Internal,STANDARD,2999,LAAA-Directorate of Resources
RBC Legal Entity,22/02/2022,4652042,270950,BLANDY & BLANDY LLP,Multi_School Expenditure,1750,External Fees  Misc.,SUPPLIER,STANDARD,8200,ZZZC-Capital
RBC Legal Entity,22/02/2022,4652400,270952,IBIS STYLES READING CENTRE,Housing GF General Charges,106.67,Preventive+SupportiveServ,Third Party Supplier,STANDARD,5810,KAAA-Directorate of Economic Growth and Neighbourhood Services
RBC Legal Entity,22/02/2022,4652400,270952,IBIS STYLES READING CENTRE,Housing GF General Charges,107.28,Preventive+SupportiveServ,Third Party Supplier,STANDARD,5810,KAAA-Directorate of Economic Growth and Neighbourhood Services
RBC Legal Entity,22/02/2022,4652400,270952,IBIS STYLES READING CENTRE,Housing GF General Charges,429.31,Preventive+SupportiveServ,Third Party Supplier,STANDARD,5810,KAAA-Directorate of Economic Growth and Neighbourhood Services
RBC Legal Entity,22/02/2022,4648169,270955,WSP UK LTD,Local Sustainable Transport Fund (LSTF),4891.96,Design Fees,SUPPLIER,STANDARD,8801,ZZZC-Capital
RBC Legal Entity,22/02/2022,4649129,270955,WSP UK LTD,LEP Projects,964.16,Contractors,SUPPLIER,STANDARD,8806,ZZZC-Capital
RBC Legal Entity,22/02/2022,4652450,270955,WSP UK LTD,Strategic Transport & Concessionary Fares,687.65,TPP to Others,SUPPLIER,STANDARD,4726,KAAA-Directorate of Economic Growth and Neighbourhood Services
RBC Legal Entity,22/02/2022,4652452,270955,WSP UK LTD,Traffic Management,3808.94,Contractors,SUPPLIER,STANDARD,8851,ZZZC-Capital
RBC Legal Entity,22/02/2022,4652461,270955,WSP UK LTD,Local Sustainable Transport Fund (LSTF),2181.79,Design Fees,SUPPLIER,STANDARD,8801,ZZZC-Capital
RBC Legal Entity,22/02/2022,4648993,270956,TRAVIS PERKINS TRADING COMPANY LTD,Highways,997.78,Materials Direct,Third Party Supplier,STANDARD,4252,KAAA-Directorate of Economic Growth and Neighbourhood Services
RBC Legal Entity,22/02/2022,4649848,270959,RADIS COMMUNITY CARE,Mental Health Community Services,931,Purchased Care,Third Party Supplier,STANDARD,5731,JAAA-Directorate of Social Care and Health Services
RBC Legal Entity,22/02/2022,4649849,270959,RADIS COMMUNITY CARE,PS Acquired Community Services,517.44,Purchased Care,Third Party Supplier,STANDARD,5771,JAAA-Directorate of Social Care and Health Services
RBC Legal Entity,22/02/2022,4649850,270959,RADIS COMMUNITY CARE,PS Acquired Community Services,536.75,Purchased Care,Third Party Supplier,STANDARD,5771,JAAA-Directorate of Social Care and Health Services
RBC Legal Entity,22/02/2022,4649851,270959,RADIS COMMUNITY CARE,PS Acquired Community Services,1064,Purchased Care,Third Party Supplier,STANDARD,5771,JAAA-Directorate of Social Care and Health Services
RBC Legal Entity,22/02/2022,4649852,270959,RADIS COMMUNITY CARE,PS Acquired Community Services,641.25,Purchased Care,Third Party Supplier,STANDARD,5771,JAAA-Directorate of Social Care and Health Services
RBC Legal Entity,22/02/2022,4649858,270959,RADIS COMMUNITY CARE,PS Acquired Community Services,532,Purchased Care,Third Party Supplier,STANDARD,5771,JAAA-Directorate of Social Care and Health Services
RBC Legal Entity,22/02/2022,4649859,270959,RADIS COMMUNITY CARE,M&C Acquired Community Services,583.68,Purchased Care,Third Party Supplier,STANDARD,5751,JAAA-Directorate of Social Care and Health Services
RBC Legal Entity,22/02/2022,4649862,270959,RADIS COMMUNITY CARE,PS Acquired Community Services,2394,Purchased Care,Third Party Supplier,STANDARD,5771,JAAA-Directorate of Social Care and Health Services
RBC Legal Entity,22/02/2022,4649863,270959,RADIS COMMUNITY CARE,PS Acquired Community Services,532,Purchased Care,Third Party Supplier,STANDARD,5771,JAAA-Directorate of Social Care and Health Services
RBC Legal Entity,22/02/2022,4649864,270959,RADIS COMMUNITY CARE,PS Acquired Community Services,2352.96,Purchased Care,Third Party Supplier,STANDARD,5771,JAAA-Directorate of Social Care and Health Services
RBC Legal Entity,22/02/2022,4649865,270959,RADIS COMMUNITY CARE,PS Acquired Community Services,931,Purchased Care,Third Party Supplier,STANDARD,5771,JAAA-Directorate of Social Care and Health Services
RBC Legal Entity,22/02/2022,4649866,270959,RADIS COMMUNITY CARE,PS Acquired Community Services,665,Purchased Care,Third Party Supplier,STANDARD,5771,JAAA-Directorate of Social Care and Health Services
RBC Legal Entity,22/02/2022,4649867,270959,RADIS COMMUNITY CARE,PS Acquired Community Services,1064,Purchased Care,Third Party Supplier,STANDARD,5771,JAAA-Directorate of Social Care and Health Services
RBC Legal Entity,22/02/2022,4649871,270959,RADIS COMMUNITY CARE,PS Acquired Community Services,1064,Purchased Care,Third Party Supplier,STANDARD,5771,JAAA-Directorate of Social Care and Health Services
RBC Legal Entity,22/02/2022,4649872,270959,RADIS COMMUNITY CARE,PS Acquired Community Services,1185.6,Purchased Care,Third Party Supplier,STANDARD,5771,JAAA-Directorate of Social Care and Health Services
RBC Legal Entity,22/02/2022,4649874,270959,RADIS COMMUNITY CARE,PS Acquired Community Services,1064,Purchased Care,Third Party Supplier,STANDARD,5771,JAAA-Directorate of Social Care and Health Services
RBC Legal Entity,22/02/2022,4649875,270959,RADIS COMMUNITY CARE,LD Community Services,1444,Purchased Care,Third Party Supplier,STANDARD,5741,JAAA-Directorate of Social Care and Health Services
RBC Legal Entity,22/02/2022,4649876,270959,RADIS COMMUNITY CARE,PS Acquired Community Services,1596,Purchased Care,Third Party Supplier,STANDARD,5771,JAAA-Directorate of Social Care and Health Services
RBC Legal Entity,22/02/2022,4649878,270959,RADIS COMMUNITY CARE,PS Acquired Community Services,2470,Purchased Care,Third Party Supplier,STANDARD,5771,JAAA-Directorate of Social Care and Health Services
RBC Legal Entity,22/02/2022,4652387,270960,CITY & GUILDS,New Directions,4091.5,Educ.Supplies Curriculum,SUPPLIER,STANDARD,3340,KAAA-Directorate of Economic Growth and Neighbourhood Services
RBC Legal Entity,22/02/2022,4652405,270961,ALLIANCE FOR COHESION & RACIAL EQUALITY,Test and Trace,5000,Consultancy Fees,SUPPLIER,STANDARD,2068,JAAA-Directorate of Social Care and Health Services
RBC Legal Entity,22/02/2022,4650573,270962,CIVICA UK LTD,IT Management,13010,Software Support,Third Party Supplier,STANDARD,2300,EAAA-Chief Executive
RBC Legal Entity,22/02/2022,4652352,270962,CIVICA UK LTD,Financial Services - Financial Systems Team,-2907,Software Licences,Third Party Supplier,CREDIT,2202,LAAA-Directorate of Resources
RBC Legal Entity,22/02/2022,4650169,270963,WILLIAM MCVICKER,Town Hall - Concert Hall Events,874,Professional Fees,SUPPLIER,STANDARD,1213,KAAA-Directorate of Economic Growth and Neighbourhood Services
RBC Legal Entity,22/02/2022,4648871,270964,SANDS SECURITY LTD,Hexagon Operations,595,Security Charges,SUPPLIER,STANDARD,1200,KAAA-Directorate of Economic Growth and Neighbourhood Services
RBC Legal Entity,22/02/2022,4651412,270966,J H CRESSWELL & SONS LTD,Civil Engineering,3254.15,Winter Maintenance,SUB-CONTRACTOR,STANDARD,4550,KAAA-Directorate of Economic Growth and Neighbourhood Services
RBC Legal Entity,22/02/2022,4650546,270967,GREENWICH LEISURE LIMITED,Leisure Review,24750,External Fees  Misc.,Third Party Supplier,STANDARD,8016,ZZZC-Capital
RBC Legal Entity,22/02/2022,4650548,270967,GREENWICH LEISURE LIMITED,Leisure Review,11939.94,Contractors,Third Party Supplier,STANDARD,8016,ZZZC-Capital
RBC Legal Entity,22/02/2022,4652497,270969,SIMON MILLER,JLT Disbursements,450,Misc. Legal Expenses,SUPPLIER,STANDARD,2407,LAAA-Directorate of Resources
RBC Legal Entity,22/02/2022,4648747,270970,HAMPTONS RESOURCING LTD,Commissioning Team,2500,Agency Staff,Third Party Supplier,STANDARD,3452,JAAA-Directorate of Social Care and Health Services
RBC Legal Entity,22/02/2022,4649436,270972,AVANTI CYCLING,Strategic Transport & Concessionary Fares,2.77,TPP to Others,Third Party Supplier,STANDARD,4726,KAAA-Directorate of Economic Growth and Neighbourhood Services
RBC Legal Entity,22/02/2022,4649436,270972,AVANTI CYCLING,Strategic Transport & Concessionary Fares,45,TPP to Others,Third Party Supplier,STANDARD,4726,KAAA-Directorate of Economic Growth and Neighbourhood Services
RBC Legal Entity,22/02/2022,4649436,270972,AVANTI CYCLING,Strategic Transport & Concessionary Fares,69.23,TPP to Others,Third Party Supplier,STANDARD,4726,KAAA-Directorate of Economic Growth and Neighbourhood Services
RBC Legal Entity,22/02/2022,4649436,270972,AVANTI CYCLING,Strategic Transport & Concessionary Fares,1125,TPP to Others,Third Party Supplier,STANDARD,4726,KAAA-Directorate of Economic Growth and Neighbourhood Services
RBC Legal Entity,22/02/2022,4652418,270973,BOUND AND GAGGED LIMITED,South Street Operations,-3375.17,Ticket SalesPerformances,SUPPLIER,CREDIT,1220,KAAA-Directorate of Economic Growth and Neighbourhood Services
RBC Legal Entity,22/02/2022,4652418,270973,BOUND AND GAGGED LIMITED,South Street Operations,-378.41,Administration Charges,SUPPLIER,CREDIT,1220,KAAA-Directorate of Economic Growth and Neighbourhood Services
RBC Legal Entity,22/02/2022,4652418,270973,BOUND AND GAGGED LIMITED,Hexagon Operations,-113.46,Credit Card Commission,SUPPLIER,CREDIT,1200,KAAA-Directorate of Economic Growth and Neighbourhood Services
RBC Legal Entity,22/02/2022,4652418,270973,BOUND AND GAGGED LIMITED,South Street Operations,-6.99,Royalties,SUPPLIER,CREDIT,1220,KAAA-Directorate of Economic Growth and Neighbourhood Services
RBC Legal Entity,22/02/2022,4652418,270973,BOUND AND GAGGED LIMITED,South Street Operations,2630.13,Professional Fees,SUPPLIER,STANDARD,1220,KAAA-Directorate of Economic Growth and Neighbourhood Services
RBC Legal Entity,22/02/2022,4652418,270973,BOUND AND GAGGED LIMITED,Hexagon Performances,3874.03,Ticket SalesPerformances,SUPPLIER,STANDARD,1202,KAAA-Directorate of Economic Growth and Neighbourhood Services
RBC Legal Entity,22/02/2022,4648701,270974,PROVIDE SESS LTD,Public Conveniences,960,Security costs,Third Party Supplier,STANDARD,4352,KAAA-Directorate of Economic Growth and Neighbourhood Services
RBC Legal Entity,22/02/2022,4651624,270975,DIAMOND QUALITY CARE,LD Community Services,1901.88,Purchased Care,SUPPLIER,STANDARD,5741,JAAA-Directorate of Social Care and Health Services
RBC Legal Entity,22/02/2022,4641021,270976,IMIMOBILE INTELLIGENT NETWORKS LIMITED,IT Management,1722.8,Mobile Phones,SUPPLIER,STANDARD,2300,EAAA-Chief Executive
RBC Legal Entity,22/02/2022,4646664,270977,SHABANA B LIMITED,Housing GF General Charges,840,Preventive+SupportiveServ,SUPPLIER,STANDARD,5810,KAAA-Directorate of Economic Growth and Neighbourhood Services
RBC Legal Entity,22/02/2022,4646670,270977,SHABANA B LIMITED,Bed and Breakfast,660,Rents,SUPPLIER,STANDARD,5871,KAAA-Directorate of Economic Growth and Neighbourhood Services
RBC Legal Entity,22/02/2022,4650366,270978,MODUS CONSTRUCTION LTD,Corporate Maintenance Services,1250,NNDR Pool,SUB-CONTRACTOR,STANDARD,4080,KAAA-Directorate of Economic Growth and Neighbourhood Services
RBC Legal Entity,22/02/2022,4646781,270979,EUROFINS FORENSIC SERVICES LIMITED,Coroner,1985,Medical Fees,SUPPLIER,STANDARD,4605,KAAA-Directorate of Economic Growth and Neighbourhood Services
RBC Legal Entity,23/02/2022,4646534,270980,AMBLEGLOW,Road Resurfacing,11250,Contractors,Third Party Supplier,STANDARD,8870,ZZZC-Capital
RBC Legal Entity,23/02/2022,4649002,270982,GRUNDON WASTE MANAGEMENT LIMITED,Waste Transfer Station,1219,Payment to Grundon,SUPPLIER,STANDARD,4192,KAAA-Directorate of Economic Growth and Neighbourhood Services
RBC Legal Entity,23/02/2022,4648808,270985,TYCO INTERNATIONAL LTD,LEP Projects,15324.54,Contractors,SUB-CONTRACTOR,STANDARD,8806,ZZZC-Capital
RBC Legal Entity,23/02/2022,4646761,270986,AKZONOBEL T/A DULUX DECORATOR CENTRE,Void Property Management,1869.65,Minor Voids,Third Party Supplier,STANDARD,5921,HAAA-Housing Revenue Account
RBC Legal Entity,23/02/2022,4646571,270987,BUILDING RESEARCH ESTABLISHMENT LTD,Planning,3000,TPP  Contract,SUPPLIER,STANDARD,4700,KAAA-Directorate of Economic Growth and Neighbourhood Services
RBC Legal Entity,23/02/2022,4646601,270993,ESE WORLD LTD,Refuse Collection,1270.5,Equipment Purchase & Repair,SUPPLIER,STANDARD,4561,KAAA-Directorate of Economic Growth and Neighbourhood Services
RBC Legal Entity,23/02/2022,4649136,270995,SMS ENVIRONMENTAL LTD,Corporate Offices,595,Plant,SUB-CONTRACTOR,STANDARD,8602,ZZZC-Capital
RBC Legal Entity,23/02/2022,4649137,270995,SMS ENVIRONMENTAL LTD,Corporate Offices,2468,Plant,SUB-CONTRACTOR,STANDARD,8602,ZZZC-Capital
RBC Legal Entity,23/02/2022,4649140,270995,SMS ENVIRONMENTAL LTD,Repairs,1407,Asbestos,SUB-CONTRACTOR,STANDARD,5970,HAAA-Housing Revenue Account
RBC Legal Entity,23/02/2022,4648086,270996,RABBITS VEHICLE HIRE LTD,Fleet Management,4512.15,Vehicle Spot Hire,SUPPLIER,STANDARD,4552,KAAA-Directorate of Economic Growth and Neighbourhood Services
RBC Legal Entity,23/02/2022,4648109,270996,RABBITS VEHICLE HIRE LTD,Fleet Management,315.87,Vehicle Spot Hire,SUPPLIER,STANDARD,4552,KAAA-Directorate of Economic Growth and Neighbourhood Services
RBC Legal Entity,23/02/2022,4648109,270996,RABBITS VEHICLE HIRE LTD,Fleet Management,319.38,Vehicle Spot Hire,SUPPLIER,STANDARD,4552,KAAA-Directorate of Economic Growth and Neighbourhood Services
RBC Legal Entity,23/02/2022,4648109,270996,RABBITS VEHICLE HIRE LTD,Fleet Management,547.5,Vehicle Spot Hire,SUPPLIER,STANDARD,4552,KAAA-Directorate of Economic Growth and Neighbourhood Services
RBC Legal Entity,23/02/2022,4648109,270996,RABBITS VEHICLE HIRE LTD,Fleet Management,730,Vehicle Spot Hire,SUPPLIER,STANDARD,4552,KAAA-Directorate of Economic Growth and Neighbourhood Services
RBC Legal Entity,23/02/2022,4649645,270997,PRESTIGE NETWORK,Customer Services - Reception,3967.1,Translat.+Interpretation,SUPPLIER,STANDARD,2595,LAAA-Directorate of Resources
RBC Legal Entity,23/02/2022,4649153,270998,FLEETWOOD GRAB SERVICES LIMITED,Highways,459,Materials Direct,Third Party Supplier,STANDARD,4252,KAAA-Directorate of Economic Growth and Neighbourhood Services
RBC Legal Entity,23/02/2022,4649153,270998,FLEETWOOD GRAB SERVICES LIMITED,Highways,840,Waste Disposal,Third Party Supplier,STANDARD,4252,KAAA-Directorate of Economic Growth and Neighbourhood Services
RBC Legal Entity,23/02/2022,4649153,270998,FLEETWOOD GRAB SERVICES LIMITED,Highways,840,Waste Disposal,Third Party Supplier,STANDARD,4252,KAAA-Directorate of Economic Growth and Neighbourhood Services
RBC Legal Entity,23/02/2022,4649153,270998,FLEETWOOD GRAB SERVICES LIMITED,Highways,918,Materials Direct,Third Party Supplier,STANDARD,4252,KAAA-Directorate of Economic Growth and Neighbourhood Services
RBC Legal Entity,23/02/2022,4649153,270998,FLEETWOOD GRAB SERVICES LIMITED,Highways,1120,Waste Disposal,Third Party Supplier,STANDARD,4252,KAAA-Directorate of Economic Growth and Neighbourhood Services
RBC Legal Entity,23/02/2022,4649153,270998,FLEETWOOD GRAB SERVICES LIMITED,Highways,1212,Materials Direct,Third Party Supplier,STANDARD,4252,KAAA-Directorate of Economic Growth and Neighbourhood Services
RBC Legal Entity,23/02/2022,4652607,270999,MR S S GHATAURA,Coroner,2629.4,Medical Fees,SUPPLIER,STANDARD,4605,KAAA-Directorate of Economic Growth and Neighbourhood Services
RBC Legal Entity,23/02/2022,4652620,270999,MR S S GHATAURA,Coroner,1764.2,Medical Fees,SUPPLIER,STANDARD,4605,KAAA-Directorate of Economic Growth and Neighbourhood Services
RBC Legal Entity,23/02/2022,4650249,271000,COPE OCCUPATIONAL HEALTH & ERGONOMIC SERVICES LTD,HR & Payroll,15.45,Health + Safety,Third Party Supplier,STANDARD,2600,LAAA-Directorate of Resources
RBC Legal Entity,23/02/2022,4650249,271000,COPE OCCUPATIONAL HEALTH & ERGONOMIC SERVICES LTD,HR & Payroll,61.8,Health + Safety,Third Party Supplier,STANDARD,2600,LAAA-Directorate of Resources
RBC Legal Entity,23/02/2022,4650249,271000,COPE OCCUPATIONAL HEALTH & ERGONOMIC SERVICES LTD,HR & Payroll,743.04,Health + Safety,Third Party Supplier,STANDARD,2600,LAAA-Directorate of Resources
RBC Legal Entity,23/02/2022,4650249,271000,COPE OCCUPATIONAL HEALTH & ERGONOMIC SERVICES LTD,HR & Payroll,2756.25,Health + Safety,Third Party Supplier,STANDARD,2600,LAAA-Directorate of Resources
RBC Legal Entity,23/02/2022,4652459,271002,SIMON MILLER,JLT Disbursements,675,Misc. Legal Expenses,SUPPLIER,STANDARD,2407,LAAA-Directorate of Resources
RBC Legal Entity,23/02/2022,4646773,271003,NSL LIMITED,Special Parking Area,10294.08,Leasing Costs,Third Party Supplier,STANDARD,4724,KAAA-Directorate of Economic Growth and Neighbourhood Services
RBC Legal Entity,23/02/2022,4646773,271003,NSL LIMITED,Special Parking Area,78817.24,Leasing Costs,Third Party Supplier,STANDARD,4724,KAAA-Directorate of Economic Growth and Neighbourhood Services
RBC Legal Entity,23/02/2022,4646776,271003,NSL LIMITED,Bus Lane Enforcement,666,External Legal Services,Third Party Supplier,STANDARD,4722,KAAA-Directorate of Economic Growth and Neighbourhood Services
RBC Legal Entity,23/02/2022,4646776,271003,NSL LIMITED,Special Parking Area,3627,External Legal Services,Third Party Supplier,STANDARD,4724,KAAA-Directorate of Economic Growth and Neighbourhood Services
RBC Legal Entity,23/02/2022,4646687,271006,ALLPAY.NET.LIMITED,Council Tax & Business Rates,654.44,Credit Card Commission,Third Party Supplier,STANDARD,2250,LAAA-Directorate of Resources
RBC Legal Entity,23/02/2022,4646694,271006,ALLPAY.NET.LIMITED,Rent Accounting,8.86,Credit Card Commission,Third Party Supplier,STANDARD,5950,HAAA-Housing Revenue Account
RBC Legal Entity,23/02/2022,4646694,271006,ALLPAY.NET.LIMITED,Rent Accounting,9.43,Credit Card Commission,Third Party Supplier,STANDARD,5950,HAAA-Housing Revenue Account
RBC Legal Entity,23/02/2022,4646694,271006,ALLPAY.NET.LIMITED,Rent Accounting,10,Credit Card Commission,Third Party Supplier,STANDARD,5950,HAAA-Housing Revenue Account
RBC Legal Entity,23/02/2022,4646694,271006,ALLPAY.NET.LIMITED,Rent Accounting,19.18,Credit Card Commission,Third Party Supplier,STANDARD,5950,HAAA-Housing Revenue Account
RBC Legal Entity,23/02/2022,4646694,271006,ALLPAY.NET.LIMITED,Rent Accounting,30.63,Credit Card Commission,Third Party Supplier,STANDARD,5950,HAAA-Housing Revenue Account
RBC Legal Entity,23/02/2022,4646694,271006,ALLPAY.NET.LIMITED,Rent Accounting,63.48,Credit Card Commission,Third Party Supplier,STANDARD,5950,HAAA-Housing Revenue Account
RBC Legal Entity,23/02/2022,4646694,271006,ALLPAY.NET.LIMITED,Rent Accounting,113.09,Credit Card Commission,Third Party Supplier,STANDARD,5950,HAAA-Housing Revenue Account
RBC Legal Entity,23/02/2022,4646694,271006,ALLPAY.NET.LIMITED,Rent Accounting,692.14,Credit Card Commission,Third Party Supplier,STANDARD,5950,HAAA-Housing Revenue Account
RBC Legal Entity,23/02/2022,4646694,271006,ALLPAY.NET.LIMITED,Rent Accounting,799.43,Credit Card Commission,Third Party Supplier,STANDARD,5950,HAAA-Housing Revenue Account
RBC Legal Entity,23/02/2022,4648939,271006,ALLPAY.NET.LIMITED,Personal Budget Support Team,961.12,Stationery  Consumables,Third Party Supplier,STANDARD,5258,JAAA-Directorate of Social Care and Health Services
RBC Legal Entity,23/02/2022,4652627,271007,MULTI CARE,LD Residential,2568.57,Purchased Care,SUPPLIER,STANDARD,5742,JAAA-Directorate of Social Care and Health Services
RBC Legal Entity,23/02/2022,4652628,271007,MULTI CARE,LD Residential,4699.2,Purchased Care,SUPPLIER,STANDARD,5742,JAAA-Directorate of Social Care and Health Services
RBC Legal Entity,23/02/2022,4652629,271007,MULTI CARE,LD Residential,4699.2,Purchased Care,SUPPLIER,STANDARD,5742,JAAA-Directorate of Social Care and Health Services
RBC Legal Entity,23/02/2022,4652630,271007,MULTI CARE,LD Residential,4699.2,Purchased Care,SUPPLIER,STANDARD,5742,JAAA-Directorate of Social Care and Health Services
RBC Legal Entity,23/02/2022,4646543,271008,MIRUS PROJECTS LIMITED,DLO Day to Day Trades,423,Subcontractors Labour,SUB-CONTRACTOR,STANDARD,4010,KAAA-Directorate of Economic Growth and Neighbourhood Services
RBC Legal Entity,23/02/2022,4648036,271009,PATROL,Special Parking Area,2539.8,External Legal Services,SUPPLIER,STANDARD,4724,KAAA-Directorate of Economic Growth and Neighbourhood Services
RBC Legal Entity,23/02/2022,4651763,271010,DAVIS SCAFFOLDING,DLO Wokingham Trades,960,Subcontractors Labour,SUB-CONTRACTOR,STANDARD,4050,KAAA-Directorate of Economic Growth and Neighbourhood Services
RBC Legal Entity,23/02/2022,4651796,271010,DAVIS SCAFFOLDING,DLO Wokingham Trades,660,Subcontractors Labour,SUB-CONTRACTOR,STANDARD,4050,KAAA-Directorate of Economic Growth and Neighbourhood Services
RBC Legal Entity,23/02/2022,4648077,271011,THEBIGWORD INTERPRETING SERVICES LTD,Customer Services - Reception,580.78,Translat.+Interpretation,SUPPLIER,STANDARD,2595,LAAA-Directorate of Resources
RBC Legal Entity,23/02/2022,4647972,271013,IMPERIAL COLLEGE PROJECTS LTD,Coroner,710,Medical Fees,SUPPLIER,STANDARD,4605,KAAA-Directorate of Economic Growth and Neighbourhood Services
RBC Legal Entity,23/02/2022,4651581,271014,CAREMARK (WEST BERKSHIRE & READING),PS Acquired Community Services,532,Purchased Care,Third Party Supplier,STANDARD,5771,JAAA-Directorate of Social Care and Health Services
RBC Legal Entity,23/02/2022,4651582,271014,CAREMARK (WEST BERKSHIRE & READING),PS Acquired Community Services,551,Purchased Care,Third Party Supplier,STANDARD,5771,JAAA-Directorate of Social Care and Health Services
RBC Legal Entity,23/02/2022,4651583,271014,CAREMARK (WEST BERKSHIRE & READING),M&C Acquired Community Services,2208.75,Purchased Care,Third Party Supplier,STANDARD,5751,JAAA-Directorate of Social Care and Health Services
RBC Legal Entity,23/02/2022,4651584,271014,CAREMARK (WEST BERKSHIRE & READING),PS Acquired Community Services,532,Purchased Care,Third Party Supplier,STANDARD,5771,JAAA-Directorate of Social Care and Health Services
RBC Legal Entity,23/02/2022,4651586,271014,CAREMARK (WEST BERKSHIRE & READING),PS Acquired Community Services,1482,Purchased Care,Third Party Supplier,STANDARD,5771,JAAA-Directorate of Social Care and Health Services
RBC Legal Entity,23/02/2022,4651588,271014,CAREMARK (WEST BERKSHIRE & READING),PS Acquired Community Services,2128,Purchased Care,Third Party Supplier,STANDARD,5771,JAAA-Directorate of Social Care and Health Services
RBC Legal Entity,23/02/2022,4651589,271014,CAREMARK (WEST BERKSHIRE & READING),PS Acquired Community Services,2593.5,Purchased Care,Third Party Supplier,STANDARD,5771,JAAA-Directorate of Social Care and Health Services
RBC Legal Entity,23/02/2022,4651590,271014,CAREMARK (WEST BERKSHIRE & READING),PS Acquired Community Services,940.5,Purchased Care,Third Party Supplier,STANDARD,5771,JAAA-Directorate of Social Care and Health Services
RBC Legal Entity,23/02/2022,4651591,271014,CAREMARK (WEST BERKSHIRE & READING),PS Acquired Community Services,532,Purchased Care,Third Party Supplier,STANDARD,5771,JAAA-Directorate of Social Care and Health Services
RBC Legal Entity,23/02/2022,4651592,271014,CAREMARK (WEST BERKSHIRE & READING),PS Acquired Community Services,1463,Purchased Care,Third Party Supplier,STANDARD,5771,JAAA-Directorate of Social Care and Health Services
RBC Legal Entity,23/02/2022,4651593,271014,CAREMARK (WEST BERKSHIRE & READING),PS Acquired Community Services,1862,Purchased Care,Third Party Supplier,STANDARD,5771,JAAA-Directorate of Social Care and Health Services
RBC Legal Entity,23/02/2022,4646526,271015,BERKSHIRE CARS,Reading Play Services,966,Provisions,Third Party Supplier,STANDARD,3820,KAAA-Directorate of Economic Growth and Neighbourhood Services
RBC Legal Entity,23/02/2022,4648648,271016,TOTALMOBILE LTD,DLO Housing Building Maintenance (General),497.5,Software Support,Third Party Supplier,STANDARD,4005,KAAA-Directorate of Economic Growth and Neighbourhood Services
RBC Legal Entity,23/02/2022,4648021,271019,FCC RECYCLING (UK) LTD,Grounds Maintenance,4262.18,Parks Tipping,SUPPLIER,STANDARD,1306,KAAA-Directorate of Economic Growth and Neighbourhood Services
RBC Legal Entity,23/02/2022,4648060,271019,FCC RECYCLING (UK) LTD,Grounds Maintenance,1346.27,Parks Tipping,SUPPLIER,STANDARD,1306,KAAA-Directorate of Economic Growth and Neighbourhood Services
RBC Legal Entity,23/02/2022,4649555,271021,M&D SERVICES,Parks + Open Spaces,25,Contractors,SUB-CONTRACTOR,STANDARD,8003,ZZZC-Capital
RBC Legal Entity,23/02/2022,4649555,271021,M&D SERVICES,Parks + Open Spaces,120,Contractors,SUB-CONTRACTOR,STANDARD,8003,ZZZC-Capital
RBC Legal Entity,23/02/2022,4649555,271021,M&D SERVICES,Parks + Open Spaces,250,Contractors,SUB-CONTRACTOR,STANDARD,8003,ZZZC-Capital
RBC Legal Entity,23/02/2022,4649555,271021,M&D SERVICES,Parks + Open Spaces,565,Contractors,SUB-CONTRACTOR,STANDARD,8003,ZZZC-Capital
RBC Legal Entity,23/02/2022,4649555,271021,M&D SERVICES,Parks + Open Spaces,580,Contractors,SUB-CONTRACTOR,STANDARD,8003,ZZZC-Capital
RBC Legal Entity,23/02/2022,4649555,271021,M&D SERVICES,Parks + Open Spaces,890,Contractors,SUB-CONTRACTOR,STANDARD,8003,ZZZC-Capital
RBC Legal Entity,23/02/2022,4652583,271022,DNA LEGAL LTD,JLT Disbursements,541,Misc. Legal Expenses,SUPPLIER,STANDARD,2407,LAAA-Directorate of Resources
RBC Legal Entity,23/02/2022,4652467,271023,PSYCHOLOGY DIRECT LTD,JLT Disbursements,715.5,Misc. Legal Expenses,Third Party Supplier,STANDARD,2407,LAAA-Directorate of Resources
RBC Legal Entity,23/02/2022,4648124,271024,VIVEDIA LTD,Crematorium,2860,Equipment Purchase & Repair,SUPPLIER,STANDARD,4606,LAAA-Directorate of Resources
RBC Legal Entity,23/02/2022,4648073,271041,NEWSQUEST MEDIA GROUP LTD,Test and Trace,729.93,Publicity & Media Work,Third Party Supplier,STANDARD,2068,JAAA-Directorate of Social Care and Health Services
RBC Legal Entity,23/02/2022,4648189,271041,NEWSQUEST MEDIA GROUP LTD,Test and Trace,550,Publicity & Media Work,Third Party Supplier,STANDARD,2068,JAAA-Directorate of Social Care and Health Services
RBC Legal Entity,23/02/2022,4646560,271043,SHEILA SIDHU,JLT Disbursements,3752.55,Misc. Legal Expenses,SUPPLIER,STANDARD,2407,LAAA-Directorate of Resources
RBC Legal Entity,23/02/2022,4649020,271044,DEELAND LTD T/A SERVICEMASTER,Void Property Management,468.79,Office Cleaning,Third Party Supplier,STANDARD,5921,HAAA-Housing Revenue Account
RBC Legal Entity,23/02/2022,4649028,271044,DEELAND LTD T/A SERVICEMASTER,Void Property Management,543.11,Office Cleaning,Third Party Supplier,STANDARD,5921,HAAA-Housing Revenue Account
RBC Legal Entity,23/02/2022,4649029,271044,DEELAND LTD T/A SERVICEMASTER,Void Property Management,1201.59,Office Cleaning,Third Party Supplier,STANDARD,5921,HAAA-Housing Revenue Account
RBC Legal Entity,23/02/2022,4649146,271044,DEELAND LTD T/A SERVICEMASTER,Void Property Management,1267.38,Office Cleaning,Third Party Supplier,STANDARD,5921,HAAA-Housing Revenue Account
RBC Legal Entity,23/02/2022,4649006,271047,F M CONWAY LTD,Highways,732,Materials Direct,SUB-CONTRACTOR,STANDARD,4252,KAAA-Directorate of Economic Growth and Neighbourhood Services
RBC Legal Entity,23/02/2022,4649468,271048,SPEKTRIX LTD,Hexagon Operations,680,PurchaseComputer Equipt,SUPPLIER,STANDARD,1200,KAAA-Directorate of Economic Growth and Neighbourhood Services
RBC Legal Entity,23/02/2022,4643856,271049,CARE4U WE LTD,Mental Health Community Services,1310.24,Purchased Care,Third Party Supplier,STANDARD,5731,JAAA-Directorate of Social Care and Health Services
RBC Legal Entity,23/02/2022,4646726,271050,MAKING EXPERIENCES COUNT LTD,Customer Relations & Information Governance,472.5,Consultancy Fees,SUPPLIER,STANDARD,2058,LAAA-Directorate of Resources
RBC Legal Entity,23/02/2022,4646698,271069,BIERCE TECHNICAL SERVICES LIMITED,DLO Voids Trades,1500,Subcontractors Labour,SUPPLIER,STANDARD,4020,KAAA-Directorate of Economic Growth and Neighbourhood Services
RBC Legal Entity,23/02/2022,4650136,271070,VINYL GRAPHICS LIMITED,Reading Libraries,142,Publicity & Media Work,SUPPLIER,STANDARD,1400,KAAA-Directorate of Economic Growth and Neighbourhood Services
RBC Legal Entity,23/02/2022,4650136,271070,VINYL GRAPHICS LIMITED,Reading Libraries,156.5,Publicity & Media Work,SUPPLIER,STANDARD,1400,KAAA-Directorate of Economic Growth and Neighbourhood Services
RBC Legal Entity,23/02/2022,4650136,271070,VINYL GRAPHICS LIMITED,Reading Libraries,220,Publicity & Media Work,SUPPLIER,STANDARD,1400,KAAA-Directorate of Economic Growth and Neighbourhood Services
RBC Legal Entity,23/02/2022,4648652,271072,BTU (INSTALLATION & MAINTENANCE) LTD,Archives General,946.54,Plant Maintenance,SUB-CONTRACTOR,STANDARD,1256,KAAA-Directorate of Economic Growth and Neighbourhood Services
RBC Legal Entity,23/02/2022,4650355,271073,EUROPEAN ASBESTOS SERVICES LTD,Repairs,15213.82,Asbestos,SUB-CONTRACTOR,STANDARD,5970,HAAA-Housing Revenue Account
RBC Legal Entity,23/02/2022,4646705,271075,NETWORK MERCHANTS LIMITED,Parking & Enforcement,885.25,Credit Card Commission,SUPPLIER,STANDARD,4725,KAAA-Directorate of Economic Growth and Neighbourhood Services
RBC Legal Entity,23/02/2022,4646705,271075,NETWORK MERCHANTS LIMITED,Parking & Enforcement,885.25,Credit Card Commission,SUPPLIER,STANDARD,4725,KAAA-Directorate of Economic Growth and Neighbourhood Services
RBC Legal Entity,23/02/2022,4648826,271077,ANDREW BOND,JLT Disbursements,144,Misc. Legal Expenses,Third Party Supplier,STANDARD,2407,LAAA-Directorate of Resources
RBC Legal Entity,23/02/2022,4648826,271077,ANDREW BOND,JLT Disbursements,720,Misc. Legal Expenses,Third Party Supplier,STANDARD,2407,LAAA-Directorate of Resources
RBC Legal Entity,23/02/2022,4646581,271079,AVC WISE LTD,HR & Payroll,1350.96,Miscellaneous Expenses,SUPPLIER,STANDARD,2600,LAAA-Directorate of Resources
RBC Legal Entity,23/02/2022,4648657,271081,HAVERLY CONSULTING LTD,Business Intelligence and Strategy Team,6300,Consultancy Fees,SUPPLIER,STANDARD,5916,HAAA-Housing Revenue Account
RBC Legal Entity,23/02/2022,4646559,271082,FULBROOK PROPERTY MAINTENANCE,Town Hall - Museum,1000,Display/Museum Exhibits,SUPPLIER,STANDARD,1255,KAAA-Directorate of Economic Growth and Neighbourhood Services
RBC Legal Entity,23/02/2022,4646772,271098,PERFECT CIRCLE JV LTD,HRA portfolio expansion,3245.48,External Fees  Misc.,SUPPLIER,STANDARD,8518,ZZZC-Capital
RBC Legal Entity,23/02/2022,4646772,271098,PERFECT CIRCLE JV LTD,HRA portfolio expansion,9431.95,External Fees  Misc.,SUPPLIER,STANDARD,8518,ZZZC-Capital
RBC Legal Entity,23/02/2022,4646779,271098,PERFECT CIRCLE JV LTD,HRA portfolio expansion,8096.73,External Fees  Misc.,SUPPLIER,STANDARD,8518,ZZZC-Capital
RBC Legal Entity,23/02/2022,4646515,271099,STANTEC UK LIMITED,Civil Engineering,877,TPP  Contract,Third Party Supplier,STANDARD,4550,KAAA-Directorate of Economic Growth and Neighbourhood Services
RBC Legal Entity,23/02/2022,4646540,271099,STANTEC UK LIMITED,Bridge Maintenance,1000,Contractors,Third Party Supplier,STANDARD,8873,ZZZC-Capital
RBC Legal Entity,23/02/2022,4646562,271099,STANTEC UK LIMITED,Civil Engineering,1890,TPP  Contract,Third Party Supplier,STANDARD,4550,KAAA-Directorate of Economic Growth and Neighbourhood Services
RBC Legal Entity,23/02/2022,4648606,271100,IMPERIAL POLYTHENE PRODUCTS LTD,Refuse Collection,1050,Materials from Store,SUPPLIER,STANDARD,4561,KAAA-Directorate of Economic Growth and Neighbourhood Services
RBC Legal Entity,23/02/2022,4647977,271101,JADE SECURITY SERVICES LTD,Post Room,2900,Courier/Cash Collection Serv.,SUPPLIER,STANDARD,2585,KAAA-Directorate of Economic Growth and Neighbourhood Services
RBC Legal Entity,23/02/2022,4650234,271103,TSG BUILDING SERVICES PLC ,MRA Account,29107.61,Boilers + Heating Systems,SUB-CONTRACTOR,STANDARD,5975,HAAA-Housing Revenue Account
RBC Legal Entity,23/02/2022,4646584,271106,THE MODERN FAMILY LAW COMPANY,JLT Disbursements,800,Misc. Legal Expenses,Third Party Supplier,STANDARD,2407,LAAA-Directorate of Resources
RBC Legal Entity,23/02/2022,4646585,271106,THE MODERN FAMILY LAW COMPANY,JLT Disbursements,800,Misc. Legal Expenses,Third Party Supplier,STANDARD,2407,LAAA-Directorate of Resources
RBC Legal Entity,23/02/2022,4646587,271106,THE MODERN FAMILY LAW COMPANY,JLT Disbursements,800,Misc. Legal Expenses,Third Party Supplier,STANDARD,2407,LAAA-Directorate of Resources
RBC Legal Entity,23/02/2022,4646589,271106,THE MODERN FAMILY LAW COMPANY,JLT Disbursements,800,Misc. Legal Expenses,Third Party Supplier,STANDARD,2407,LAAA-Directorate of Resources
RBC Legal Entity,23/02/2022,4645337,271107,CROWN HOSTING DATA CENTRES LIMITED,IT Management,452.98,Service Charges,Third Party Supplier,STANDARD,2300,EAAA-Chief Executive
RBC Legal Entity,23/02/2022,4648637,271108,TRACKSS LTD,DENS Training,5,Training & Development Costs,Third Party Supplier,STANDARD,1502,KAAA-Directorate of Economic Growth and Neighbourhood Services
RBC Legal Entity,23/02/2022,4648637,271108,TRACKSS LTD,DENS Training,100.8,Training & Development Costs,Third Party Supplier,STANDARD,1502,KAAA-Directorate of Economic Growth and Neighbourhood Services
RBC Legal Entity,23/02/2022,4648637,271108,TRACKSS LTD,DENS Training,195,Training & Development Costs,Third Party Supplier,STANDARD,1502,KAAA-Directorate of Economic Growth and Neighbourhood Services
RBC Legal Entity,23/02/2022,4648637,271108,TRACKSS LTD,DENS Training,211.25,Training & Development Costs,Third Party Supplier,STANDARD,1502,KAAA-Directorate of Economic Growth and Neighbourhood Services
RBC Legal Entity,23/02/2022,4650497,271109,YBC CLEANING SERVICES LTD,Building Cleaning,3619.2,TPP to Others,Third Party Supplier,STANDARD,4351,KAAA-Directorate of Economic Growth and Neighbourhood Services
RBC Legal Entity,23/02/2022,4650540,271109,YBC CLEANING SERVICES LTD,Building Cleaning,15932.7,TPP to Others,Third Party Supplier,STANDARD,4351,KAAA-Directorate of Economic Growth and Neighbourhood Services
RBC Legal Entity,23/02/2022,4650141,271110,QUALITY CARE & RECRUITMENT SOLUTIONS LTD,Safeguarding Adults,2954.4,Professional Fees,Third Party Supplier,STANDARD,5158,JAAA-Directorate of Social Care and Health Services
RBC Legal Entity,23/02/2022,4648172,271125,BANNER GROUP LTD,Buildings Payroll,912.58,Stationery  Consumables,Third Party Supplier,STANDARD,3390,KAAA-Directorate of Economic Growth and Neighbourhood Services
RBC Legal Entity,23/02/2022,4648181,271125,BANNER GROUP LTD,Buildings Payroll,461.24,Stationery  Consumables,Third Party Supplier,STANDARD,3390,KAAA-Directorate of Economic Growth and Neighbourhood Services
RBC Legal Entity,23/02/2022,4649081,271126,RIVERSIDE ENVIRONMENTAL SERVICES LTD,Repairs,10302,Asbestos,Third Party Supplier,STANDARD,5970,HAAA-Housing Revenue Account
RBC Legal Entity,23/02/2022,4649527,271127,MERCIA CARE HOMES LTD T/A SEFTON PARK,Public Health Team Costs,2261,Purchased Care,Third Party Supplier,STANDARD,2065,JAAA-Directorate of Social Care and Health Services
RBC Legal Entity,23/02/2022,4648118,271128,THE TRANSLATION PEOPLE LTD,JLT Disbursements,2754,Misc. Legal Expenses,Third Party Supplier,STANDARD,2407,LAAA-Directorate of Resources
RBC Legal Entity,23/02/2022,4649255,271129,COMPASS SAFEGUARDING,Safeguarding Adults,3000,Professional Fees,INDIVIDUAL,STANDARD,5158,JAAA-Directorate of Social Care and Health Services
RBC Legal Entity,23/02/2022,4646723,271130,MARK SHAW,JLT Disbursements,1350,Misc. Legal Expenses,INDIVIDUAL,STANDARD,2407,LAAA-Directorate of Resources
RBC Legal Entity,23/02/2022,4648150,271130,MARK SHAW,JLT Disbursements,1350,Misc. Legal Expenses,INDIVIDUAL,STANDARD,2407,LAAA-Directorate of Resources
RBC Legal Entity,23/02/2022,4648553,271131,NATHANIEL LICHFIELD & PARTNERS LTD,Planning,770,Consultancy Fees,Third Party Supplier,STANDARD,4700,KAAA-Directorate of Economic Growth and Neighbourhood Services
RBC Legal Entity,23/02/2022,4650176,271132,REACH PUBLISHING SERVICES,Test and Trace,2437.5,Publicity & Media Work,Third Party Supplier,STANDARD,2068,JAAA-Directorate of Social Care and Health Services
RBC Legal Entity,23/02/2022,4649648,271133,DAVITT JONES BOULD LTD,Park Service,2247.7,External Legal Services,Third Party Supplier,STANDARD,1302,KAAA-Directorate of Economic Growth and Neighbourhood Services
RBC Legal Entity,23/02/2022,4651334,271221,MULTI SERVICES,Printing,458,Printing + Duplicating,SUPPLIER,STANDARD,2590,KAAA-Directorate of Economic Growth and Neighbourhood Services
RBC Legal Entity,23/02/2022,4648987,271222,READIBUS LTD,Strategic Transport & Concessionary Fares,16229.17,Payments for Bus Services,SUPPLIER,STANDARD,4726,KAAA-Directorate of Economic Growth and Neighbourhood Services
RBC Legal Entity,23/02/2022,4649290,271223,MARTIN CONWAY,Bed and Breakfast,630,Rents,SUPPLIER,STANDARD,5871,KAAA-Directorate of Economic Growth and Neighbourhood Services
RBC Legal Entity,23/02/2022,4648475,271226,ACTIVE ASSISTANCE,PS Acquired Community Services,952.83,Purchased Care,SUPPLIER,STANDARD,5771,JAAA-Directorate of Social Care and Health Services
RBC Legal Entity,23/02/2022,4648476,271226,ACTIVE ASSISTANCE,PS Acquired Community Services,634.34,Purchased Care,SUPPLIER,STANDARD,5771,JAAA-Directorate of Social Care and Health Services
RBC Legal Entity,23/02/2022,4649279,271227,KOMPAN LTD,Parks + Open Spaces,42731.66,Equipment,SUB-CONTRACTOR,STANDARD,8003,ZZZC-Capital
RBC Legal Entity,23/02/2022,4646697,271228,BELLSTAN LIMITED,Highways,1400,Subcontractors Labour,SUB-CONTRACTOR,STANDARD,4252,KAAA-Directorate of Economic Growth and Neighbourhood Services
RBC Legal Entity,24/02/2022,4602052,271232,SIGNWAY SUPPLIES,Parking Strategy,2037.85,Contractors,SUB-CONTRACTOR,STANDARD,8847,ZZZC-Capital
RBC Legal Entity,24/02/2022,4649211,271235,KEYLINE CIVILS SPECIALIST LTD,Highways,561.38,Materials Direct,Third Party Supplier,STANDARD,4252,KAAA-Directorate of Economic Growth and Neighbourhood Services
RBC Legal Entity,24/02/2022,4649222,271236,TRAVIS PERKINS TRADING COMPANY LTD,Refuse Collection,973.24,Uniforms,Third Party Supplier,STANDARD,4561,KAAA-Directorate of Economic Growth and Neighbourhood Services
RBC Legal Entity,24/02/2022,4652738,271236,TRAVIS PERKINS TRADING COMPANY LTD,MRA Account,1425,Feasibility Studies,Third Party Supplier,STANDARD,5975,HAAA-Housing Revenue Account
RBC Legal Entity,24/02/2022,4651915,271237,LAPLACE BUILDING SOLUTIONS (SOUTH) LIMITED,Repairs,168.25,Essential Cyclical Insp. + Mai,SUB-CONTRACTOR,STANDARD,5970,HAAA-Housing Revenue Account
RBC Legal Entity,24/02/2022,4651915,271237,LAPLACE BUILDING SOLUTIONS (SOUTH) LIMITED,Corporate Maintenance Services,1239.87,Leasing Costs,SUB-CONTRACTOR,STANDARD,4080,KAAA-Directorate of Economic Growth and Neighbourhood Services
RBC Legal Entity,24/02/2022,4651915,271237,LAPLACE BUILDING SOLUTIONS (SOUTH) LIMITED,Corporate Maintenance Services,2191.12,Precepts,SUB-CONTRACTOR,STANDARD,4080,KAAA-Directorate of Economic Growth and Neighbourhood Services
RBC Legal Entity,24/02/2022,4653561,271239,THE KINGWOOD TRUST,PS Acquired Community Services,928.2,Purchased Care,Third Party Supplier,STANDARD,5771,JAAA-Directorate of Social Care and Health Services
RBC Legal Entity,24/02/2022,4653562,271239,THE KINGWOOD TRUST,LD Community Services,1163.16,Purchased Care,Third Party Supplier,STANDARD,5741,JAAA-Directorate of Social Care and Health Services
RBC Legal Entity,24/02/2022,4653563,271239,THE KINGWOOD TRUST,LD Community Services,1234.56,Purchased Care,Third Party Supplier,STANDARD,5741,JAAA-Directorate of Social Care and Health Services
RBC Legal Entity,24/02/2022,4653564,271239,THE KINGWOOD TRUST,LD Community Services,1569.04,Purchased Care,Third Party Supplier,STANDARD,5741,JAAA-Directorate of Social Care and Health Services
RBC Legal Entity,24/02/2022,4653565,271239,THE KINGWOOD TRUST,LD Community Services,1642.2,Purchased Care,Third Party Supplier,STANDARD,5741,JAAA-Directorate of Social Care and Health Services
RBC Legal Entity,24/02/2022,4653637,271240,DUNRAVEN HOUSE,Mental Health Community Services,2457.86,Purchased Care,SUPPLIER,STANDARD,5731,JAAA-Directorate of Social Care and Health Services
RBC Legal Entity,24/02/2022,4653638,271240,DUNRAVEN HOUSE,Mental Health Community Services,2457.86,Purchased Care,SUPPLIER,STANDARD,5731,JAAA-Directorate of Social Care and Health Services
RBC Legal Entity,24/02/2022,4653559,271242,ROWVALE HOTELS LTD T/A BOW GUEST HOUSE,Social Support,196.85,Bed + Breakfast/Emergency Acco,Third Party Supplier,STANDARD,5790,JAAA-Directorate of Social Care and Health Services
RBC Legal Entity,24/02/2022,4653559,271242,ROWVALE HOTELS LTD T/A BOW GUEST HOUSE,Social Support,328.15,Bed + Breakfast/Emergency Acco,Third Party Supplier,STANDARD,5790,JAAA-Directorate of Social Care and Health Services
RBC Legal Entity,24/02/2022,4653743,271242,ROWVALE HOTELS LTD T/A BOW GUEST HOUSE,Social Support,196.85,Bed + Breakfast/Emergency Acco,Third Party Supplier,STANDARD,5790,JAAA-Directorate of Social Care and Health Services
RBC Legal Entity,24/02/2022,4653743,271242,ROWVALE HOTELS LTD T/A BOW GUEST HOUSE,Social Support,328.15,Bed + Breakfast/Emergency Acco,Third Party Supplier,STANDARD,5790,JAAA-Directorate of Social Care and Health Services
RBC Legal Entity,24/02/2022,4544663,271243,THAMES WATER UTILITIES LTD,Temporary Accommodation HRA,12103.35,Water and Sewerage,SUB-CONTRACTOR,STANDARD,5930,HAAA-Housing Revenue Account
RBC Legal Entity,24/02/2022,4653613,271245,THE WAYS & MEANS TRUST LTD,LD Community Services,109.72,Day Care Purchases,Third Party Supplier,STANDARD,5741,JAAA-Directorate of Social Care and Health Services
RBC Legal Entity,24/02/2022,4653613,271245,THE WAYS & MEANS TRUST LTD,LD Community Services,592.36,Purchased Care,Third Party Supplier,STANDARD,5741,JAAA-Directorate of Social Care and Health Services
RBC Legal Entity,24/02/2022,4653615,271245,THE WAYS & MEANS TRUST LTD,LD Community Services,109.72,Day Care Purchases,Third Party Supplier,STANDARD,5741,JAAA-Directorate of Social Care and Health Services
RBC Legal Entity,24/02/2022,4653615,271245,THE WAYS & MEANS TRUST LTD,LD Community Services,592.36,Purchased Care,Third Party Supplier,STANDARD,5741,JAAA-Directorate of Social Care and Health Services
RBC Legal Entity,24/02/2022,4653652,271245,THE WAYS & MEANS TRUST LTD,LD Community Services,526.56,Purchased Care,Third Party Supplier,STANDARD,5741,JAAA-Directorate of Social Care and Health Services
RBC Legal Entity,24/02/2022,4601632,271246,HEADWAY THAMES VALLEY,ASC Operational Management Team,675,Other support - not recoverabl,SUPPLIER,STANDARD,5309,JAAA-Directorate of Social Care and Health Services
RBC Legal Entity,24/02/2022,4653740,271249,TONNA CARE SERVICES LTD,Assets _ General,-2661.01,Payments in Advance,Third Party Supplier,CREDIT,9885,ZZZB-Balance Sheet
RBC Legal Entity,24/02/2022,4653740,271249,TONNA CARE SERVICES LTD,LD Community Services,10644.04,Purchased Care,Third Party Supplier,STANDARD,5741,JAAA-Directorate of Social Care and Health Services
RBC Legal Entity,24/02/2022,4653741,271249,TONNA CARE SERVICES LTD,Assets _ General,-2692.41,Payments in Advance,Third Party Supplier,CREDIT,9885,ZZZB-Balance Sheet
RBC Legal Entity,24/02/2022,4653741,271249,TONNA CARE SERVICES LTD,LD Community Services,10769.64,Purchased Care,Third Party Supplier,STANDARD,5741,JAAA-Directorate of Social Care and Health Services
RBC Legal Entity,24/02/2022,4653742,271249,TONNA CARE SERVICES LTD,Assets _ General,-2515.79,Payments in Advance,Third Party Supplier,CREDIT,9885,ZZZB-Balance Sheet
RBC Legal Entity,24/02/2022,4653742,271249,TONNA CARE SERVICES LTD,LD Community Services,10063.14,Purchased Care,Third Party Supplier,STANDARD,5741,JAAA-Directorate of Social Care and Health Services
RBC Legal Entity,24/02/2022,4653882,271251,MCVEIGH PARKER & CO LTD,Grounds Maintenance,461.02,Materials Direct,SUPPLIER,STANDARD,1306,KAAA-Directorate of Economic Growth and Neighbourhood Services
RBC Legal Entity,24/02/2022,4649033,271252,BERKSHIRE MS THERAPY CENTRE,ASC Voluntary Grants,1950,GrantsVolunt.Organ.,SUPPLIER,STANDARD,5300,JAAA-Directorate of Social Care and Health Services
RBC Legal Entity,24/02/2022,4648655,271253,DSI BILLING SERVICES LTD,Council Tax & Business Rates,1029.32,Postage Carriage Stamp Duty,SUPPLIER,STANDARD,2250,LAAA-Directorate of Resources
RBC Legal Entity,24/02/2022,4649481,271254,IMPERIAL CIVIL ENFORCEMENT SOLUTIONS,Parking & Enforcement,112.9,Credit Card Commission,SUPPLIER,STANDARD,4725,KAAA-Directorate of Economic Growth and Neighbourhood Services
RBC Legal Entity,24/02/2022,4649481,271254,IMPERIAL CIVIL ENFORCEMENT SOLUTIONS,Residents Parking,829.73,Credit Card Commission,SUPPLIER,STANDARD,4723,KAAA-Directorate of Economic Growth and Neighbourhood Services
RBC Legal Entity,24/02/2022,4652568,271255,VOYAGE CARE,LD Community Services,760.8,Purchased Care,Third Party Supplier,STANDARD,5741,JAAA-Directorate of Social Care and Health Services
RBC Legal Entity,24/02/2022,4652569,271255,VOYAGE CARE,LD Community Services,-760.8,Purchased Care,Third Party Supplier,CREDIT,5741,JAAA-Directorate of Social Care and Health Services
RBC Legal Entity,24/02/2022,4652571,271255,VOYAGE CARE,LD Community Services,760.8,Purchased Care,Third Party Supplier,STANDARD,5741,JAAA-Directorate of Social Care and Health Services
RBC Legal Entity,24/02/2022,4652572,271255,VOYAGE CARE,LD Community Services,-760.8,Purchased Care,Third Party Supplier,CREDIT,5741,JAAA-Directorate of Social Care and Health Services
RBC Legal Entity,24/02/2022,4652573,271255,VOYAGE CARE,LD Community Services,760.8,Purchased Care,Third Party Supplier,STANDARD,5741,JAAA-Directorate of Social Care and Health Services
RBC Legal Entity,24/02/2022,4652574,271255,VOYAGE CARE,LD Community Services,-760.8,Purchased Care,Third Party Supplier,CREDIT,5741,JAAA-Directorate of Social Care and Health Services
RBC Legal Entity,24/02/2022,4652575,271255,VOYAGE CARE,LD Community Services,760.8,Purchased Care,Third Party Supplier,STANDARD,5741,JAAA-Directorate of Social Care and Health Services
RBC Legal Entity,24/02/2022,4652576,271255,VOYAGE CARE,LD Community Services,-760.8,Purchased Care,Third Party Supplier,CREDIT,5741,JAAA-Directorate of Social Care and Health Services
RBC Legal Entity,24/02/2022,4652577,271255,VOYAGE CARE,LD Community Services,760.8,Purchased Care,Third Party Supplier,STANDARD,5741,JAAA-Directorate of Social Care and Health Services
RBC Legal Entity,24/02/2022,4652578,271255,VOYAGE CARE,LD Community Services,-760.8,Purchased Care,Third Party Supplier,CREDIT,5741,JAAA-Directorate of Social Care and Health Services
RBC Legal Entity,24/02/2022,4652579,271255,VOYAGE CARE,LD Community Services,760.8,Purchased Care,Third Party Supplier,STANDARD,5741,JAAA-Directorate of Social Care and Health Services
RBC Legal Entity,24/02/2022,4652580,271255,VOYAGE CARE,LD Community Services,-760.8,Purchased Care,Third Party Supplier,CREDIT,5741,JAAA-Directorate of Social Care and Health Services
RBC Legal Entity,24/02/2022,4652595,271255,VOYAGE CARE,LD Community Services,760.8,Purchased Care,Third Party Supplier,STANDARD,5741,JAAA-Directorate of Social Care and Health Services
RBC Legal Entity,24/02/2022,4652596,271255,VOYAGE CARE,LD Community Services,-760.8,Purchased Care,Third Party Supplier,CREDIT,5741,JAAA-Directorate of Social Care and Health Services
RBC Legal Entity,24/02/2022,4652597,271255,VOYAGE CARE,LD Community Services,760.8,Purchased Care,Third Party Supplier,STANDARD,5741,JAAA-Directorate of Social Care and Health Services
RBC Legal Entity,24/02/2022,4652598,271255,VOYAGE CARE,LD Community Services,-760.8,Purchased Care,Third Party Supplier,CREDIT,5741,JAAA-Directorate of Social Care and Health Services
RBC Legal Entity,24/02/2022,4652599,271255,VOYAGE CARE,LD Community Services,760.8,Purchased Care,Third Party Supplier,STANDARD,5741,JAAA-Directorate of Social Care and Health Services
RBC Legal Entity,24/02/2022,4652600,271255,VOYAGE CARE,LD Community Services,-760.8,Purchased Care,Third Party Supplier,CREDIT,5741,JAAA-Directorate of Social Care and Health Services
RBC Legal Entity,24/02/2022,4652601,271255,VOYAGE CARE,LD Community Services,760.8,Purchased Care,Third Party Supplier,STANDARD,5741,JAAA-Directorate of Social Care and Health Services
RBC Legal Entity,24/02/2022,4652602,271255,VOYAGE CARE,LD Community Services,-760.8,Purchased Care,Third Party Supplier,CREDIT,5741,JAAA-Directorate of Social Care and Health Services
RBC Legal Entity,24/02/2022,4652686,271255,VOYAGE CARE,LD Community Services,760.8,Purchased Care,Third Party Supplier,STANDARD,5741,JAAA-Directorate of Social Care and Health Services
RBC Legal Entity,24/02/2022,4652687,271255,VOYAGE CARE,LD Community Services,-760.8,Purchased Care,Third Party Supplier,CREDIT,5741,JAAA-Directorate of Social Care and Health Services
RBC Legal Entity,24/02/2022,4653595,271255,VOYAGE CARE,LD Community Services,4838.86,Purchased Care,Third Party Supplier,STANDARD,5741,JAAA-Directorate of Social Care and Health Services
RBC Legal Entity,24/02/2022,4653597,271255,VOYAGE CARE,LD Community Services,4855.02,Purchased Care,Third Party Supplier,STANDARD,5741,JAAA-Directorate of Social Care and Health Services
RBC Legal Entity,24/02/2022,4653598,271255,VOYAGE CARE,LD Community Services,1426.48,Purchased Care,Third Party Supplier,STANDARD,5741,JAAA-Directorate of Social Care and Health Services
RBC Legal Entity,24/02/2022,4653599,271255,VOYAGE CARE,LD Community Services,2191.36,Purchased Care,Third Party Supplier,STANDARD,5741,JAAA-Directorate of Social Care and Health Services
RBC Legal Entity,24/02/2022,4653600,271255,VOYAGE CARE,LD Community Services,4757.76,Purchased Care,Third Party Supplier,STANDARD,5741,JAAA-Directorate of Social Care and Health Services
RBC Legal Entity,24/02/2022,4653602,271255,VOYAGE CARE,LD Community Services,2191.36,Purchased Care,Third Party Supplier,STANDARD,5741,JAAA-Directorate of Social Care and Health Services
RBC Legal Entity,24/02/2022,4653603,271255,VOYAGE CARE,LD Community Services,3701.51,Purchased Care,Third Party Supplier,STANDARD,5741,JAAA-Directorate of Social Care and Health Services
RBC Legal Entity,24/02/2022,4653604,271255,VOYAGE CARE,LD Community Services,2191.36,Purchased Care,Third Party Supplier,STANDARD,5741,JAAA-Directorate of Social Care and Health Services
RBC Legal Entity,24/02/2022,4653605,271255,VOYAGE CARE,LD Community Services,4401.14,Purchased Care,Third Party Supplier,STANDARD,5741,JAAA-Directorate of Social Care and Health Services
RBC Legal Entity,24/02/2022,4653607,271255,VOYAGE CARE,LD Community Services,4109.37,Purchased Care,Third Party Supplier,STANDARD,5741,JAAA-Directorate of Social Care and Health Services
RBC Legal Entity,24/02/2022,4653608,271255,VOYAGE CARE,Mental Health Community Services,2997.36,Purchased Care,Third Party Supplier,STANDARD,5731,JAAA-Directorate of Social Care and Health Services
RBC Legal Entity,24/02/2022,4653609,271255,VOYAGE CARE,LD Community Services,2191.36,Purchased Care,Third Party Supplier,STANDARD,5741,JAAA-Directorate of Social Care and Health Services
RBC Legal Entity,24/02/2022,4653610,271255,VOYAGE CARE,LD Community Services,2191.36,Purchased Care,Third Party Supplier,STANDARD,5741,JAAA-Directorate of Social Care and Health Services
RBC Legal Entity,24/02/2022,4652422,271257,NSL LIMITED,Parking & Enforcement,860,EquiptMaintenanceContract,Third Party Supplier,STANDARD,4725,KAAA-Directorate of Economic Growth and Neighbourhood Services
RBC Legal Entity,24/02/2022,4650316,271260,READING UK CIC,Great Place Scheme ? HL & ACE Funding,11520,Professional Fees,Third Party Supplier,STANDARD,1224,KAAA-Directorate of Economic Growth and Neighbourhood Services
RBC Legal Entity,24/02/2022,4646535,271262,MR EDWARD KIRKWOOD,JLT Disbursements,795,Misc. Legal Expenses,Third Party Supplier,STANDARD,2407,LAAA-Directorate of Resources
RBC Legal Entity,24/02/2022,4646720,271262,MR EDWARD KIRKWOOD,JLT Disbursements,765,Misc. Legal Expenses,Third Party Supplier,STANDARD,2407,LAAA-Directorate of Resources
RBC Legal Entity,24/02/2022,4646722,271262,MR EDWARD KIRKWOOD,JLT Disbursements,675,Misc. Legal Expenses,Third Party Supplier,STANDARD,2407,LAAA-Directorate of Resources
RBC Legal Entity,24/02/2022,4648149,271262,MR EDWARD KIRKWOOD,JLT Disbursements,765,Misc. Legal Expenses,Third Party Supplier,STANDARD,2407,LAAA-Directorate of Resources
RBC Legal Entity,24/02/2022,4653845,271263,D J TAYLOR SERVICES LTD,Private Sector Grants,5315.59,Grants (Paid out by RBC),Third Party Supplier,STANDARD,8500,ZZZC-Capital
RBC Legal Entity,24/02/2022,4653619,271265,BROOK HOUSE RESIDENTIAL CARE HOME LTD,Mental Health Community Services,1384.28,Purchased Care,Third Party Supplier,STANDARD,5731,JAAA-Directorate of Social Care and Health Services
RBC Legal Entity,24/02/2022,4650447,271266,DR REZAN GARDY,Coroner,8234,Medical Fees,Third Party Supplier,STANDARD,4605,KAAA-Directorate of Economic Growth and Neighbourhood Services
RBC Legal Entity,24/02/2022,4650401,271268,MEADEE FLOORING LTD,DLO Voids Trades,140,Subcontractors Labour,SUB-CONTRACTOR,STANDARD,4020,KAAA-Directorate of Economic Growth and Neighbourhood Services
RBC Legal Entity,24/02/2022,4650401,271268,MEADEE FLOORING LTD,DLO Voids Trades,705,Subcontractors Labour,SUB-CONTRACTOR,STANDARD,4020,KAAA-Directorate of Economic Growth and Neighbourhood Services
RBC Legal Entity,24/02/2022,4650404,271268,MEADEE FLOORING LTD,DLO Voids Trades,140,Subcontractors Labour,SUB-CONTRACTOR,STANDARD,4020,KAAA-Directorate of Economic Growth and Neighbourhood Services
RBC Legal Entity,24/02/2022,4650404,271268,MEADEE FLOORING LTD,DLO Voids Trades,794,Subcontractors Labour,SUB-CONTRACTOR,STANDARD,4020,KAAA-Directorate of Economic Growth and Neighbourhood Services
RBC Legal Entity,24/02/2022,4650448,271268,MEADEE FLOORING LTD,DLO Voids Trades,180,Subcontractors Labour,SUB-CONTRACTOR,STANDARD,4020,KAAA-Directorate of Economic Growth and Neighbourhood Services
RBC Legal Entity,24/02/2022,4650448,271268,MEADEE FLOORING LTD,DLO Voids Trades,1163.25,Subcontractors Labour,SUB-CONTRACTOR,STANDARD,4020,KAAA-Directorate of Economic Growth and Neighbourhood Services
RBC Legal Entity,24/02/2022,4650449,271268,MEADEE FLOORING LTD,DLO Voids Trades,180,Subcontractors Labour,SUB-CONTRACTOR,STANDARD,4020,KAAA-Directorate of Economic Growth and Neighbourhood Services
RBC Legal Entity,24/02/2022,4650449,271268,MEADEE FLOORING LTD,DLO Voids Trades,1163.25,Subcontractors Labour,SUB-CONTRACTOR,STANDARD,4020,KAAA-Directorate of Economic Growth and Neighbourhood Services
RBC Legal Entity,24/02/2022,4650450,271268,MEADEE FLOORING LTD,DLO Voids Trades,190,Subcontractors Labour,SUB-CONTRACTOR,STANDARD,4020,KAAA-Directorate of Economic Growth and Neighbourhood Services
RBC Legal Entity,24/02/2022,4650450,271268,MEADEE FLOORING LTD,DLO Voids Trades,1476,Subcontractors Labour,SUB-CONTRACTOR,STANDARD,4020,KAAA-Directorate of Economic Growth and Neighbourhood Services
RBC Legal Entity,24/02/2022,4650452,271268,MEADEE FLOORING LTD,DLO Voids Trades,140,Subcontractors Labour,SUB-CONTRACTOR,STANDARD,4020,KAAA-Directorate of Economic Growth and Neighbourhood Services
RBC Legal Entity,24/02/2022,4650452,271268,MEADEE FLOORING LTD,DLO Voids Trades,753,Subcontractors Labour,SUB-CONTRACTOR,STANDARD,4020,KAAA-Directorate of Economic Growth and Neighbourhood Services
RBC Legal Entity,24/02/2022,4650453,271268,MEADEE FLOORING LTD,DLO Voids Trades,140,Subcontractors Labour,SUB-CONTRACTOR,STANDARD,4020,KAAA-Directorate of Economic Growth and Neighbourhood Services
RBC Legal Entity,24/02/2022,4650453,271268,MEADEE FLOORING LTD,DLO Voids Trades,705,Subcontractors Labour,SUB-CONTRACTOR,STANDARD,4020,KAAA-Directorate of Economic Growth and Neighbourhood Services
RBC Legal Entity,24/02/2022,4650466,271268,MEADEE FLOORING LTD,DLO Voids Trades,140,Subcontractors Labour,SUB-CONTRACTOR,STANDARD,4020,KAAA-Directorate of Economic Growth and Neighbourhood Services
RBC Legal Entity,24/02/2022,4650466,271268,MEADEE FLOORING LTD,DLO Voids Trades,705,Subcontractors Labour,SUB-CONTRACTOR,STANDARD,4020,KAAA-Directorate of Economic Growth and Neighbourhood Services
RBC Legal Entity,24/02/2022,4650471,271268,MEADEE FLOORING LTD,DLO Voids Trades,130,Subcontractors Labour,SUB-CONTRACTOR,STANDARD,4020,KAAA-Directorate of Economic Growth and Neighbourhood Services
RBC Legal Entity,24/02/2022,4650471,271268,MEADEE FLOORING LTD,DLO Voids Trades,621,Subcontractors Labour,SUB-CONTRACTOR,STANDARD,4020,KAAA-Directorate of Economic Growth and Neighbourhood Services
RBC Legal Entity,24/02/2022,4650474,271268,MEADEE FLOORING LTD,DLO Voids Trades,130,Subcontractors Labour,SUB-CONTRACTOR,STANDARD,4020,KAAA-Directorate of Economic Growth and Neighbourhood Services
RBC Legal Entity,24/02/2022,4650474,271268,MEADEE FLOORING LTD,DLO Voids Trades,614,Subcontractors Labour,SUB-CONTRACTOR,STANDARD,4020,KAAA-Directorate of Economic Growth and Neighbourhood Services
RBC Legal Entity,24/02/2022,4650499,271268,MEADEE FLOORING LTD,DLO Voids Trades,150,Subcontractors Labour,SUB-CONTRACTOR,STANDARD,4020,KAAA-Directorate of Economic Growth and Neighbourhood Services
RBC Legal Entity,24/02/2022,4650499,271268,MEADEE FLOORING LTD,DLO Voids Trades,955,Subcontractors Labour,SUB-CONTRACTOR,STANDARD,4020,KAAA-Directorate of Economic Growth and Neighbourhood Services
RBC Legal Entity,24/02/2022,4650500,271268,MEADEE FLOORING LTD,DLO Voids Trades,150,Subcontractors Labour,SUB-CONTRACTOR,STANDARD,4020,KAAA-Directorate of Economic Growth and Neighbourhood Services
RBC Legal Entity,24/02/2022,4650500,271268,MEADEE FLOORING LTD,DLO Voids Trades,797,Subcontractors Labour,SUB-CONTRACTOR,STANDARD,4020,KAAA-Directorate of Economic Growth and Neighbourhood Services
RBC Legal Entity,24/02/2022,4650501,271268,MEADEE FLOORING LTD,DLO Voids Trades,160,Subcontractors Labour,SUB-CONTRACTOR,STANDARD,4020,KAAA-Directorate of Economic Growth and Neighbourhood Services
RBC Legal Entity,24/02/2022,4650501,271268,MEADEE FLOORING LTD,DLO Voids Trades,931.5,Subcontractors Labour,SUB-CONTRACTOR,STANDARD,4020,KAAA-Directorate of Economic Growth and Neighbourhood Services
RBC Legal Entity,24/02/2022,4650502,271268,MEADEE FLOORING LTD,DLO Voids Trades,160,Subcontractors Labour,SUB-CONTRACTOR,STANDARD,4020,KAAA-Directorate of Economic Growth and Neighbourhood Services
RBC Legal Entity,24/02/2022,4650502,271268,MEADEE FLOORING LTD,DLO Voids Trades,1262,Subcontractors Labour,SUB-CONTRACTOR,STANDARD,4020,KAAA-Directorate of Economic Growth and Neighbourhood Services
RBC Legal Entity,24/02/2022,4650503,271268,MEADEE FLOORING LTD,DLO Voids Trades,185,Subcontractors Labour,SUB-CONTRACTOR,STANDARD,4020,KAAA-Directorate of Economic Growth and Neighbourhood Services
RBC Legal Entity,24/02/2022,4650503,271268,MEADEE FLOORING LTD,DLO Voids Trades,1310.5,Subcontractors Labour,SUB-CONTRACTOR,STANDARD,4020,KAAA-Directorate of Economic Growth and Neighbourhood Services
RBC Legal Entity,24/02/2022,4653663,271269,SURECARE (READING & EAST BERKSHIRE),PS Acquired Community Services,654.8,Purchased Care,Third Party Supplier,STANDARD,5771,JAAA-Directorate of Social Care and Health Services
RBC Legal Entity,24/02/2022,4653666,271269,SURECARE (READING & EAST BERKSHIRE),M&C Acquired Community Services,958.41,Purchased Care,Third Party Supplier,STANDARD,5751,JAAA-Directorate of Social Care and Health Services
RBC Legal Entity,24/02/2022,4651657,271270,RESPONSE ORGANISATION,Mental Health Community Services,1584,Purchased Care,Third Party Supplier,STANDARD,5731,JAAA-Directorate of Social Care and Health Services
RBC Legal Entity,24/02/2022,4651658,271270,RESPONSE ORGANISATION,Mental Health Community Services,1584,Purchased Care,Third Party Supplier,STANDARD,5731,JAAA-Directorate of Social Care and Health Services
RBC Legal Entity,24/02/2022,4651659,271270,RESPONSE ORGANISATION,Mental Health Community Services,1818.6,Purchased Care,Third Party Supplier,STANDARD,5731,JAAA-Directorate of Social Care and Health Services
RBC Legal Entity,24/02/2022,4651660,271270,RESPONSE ORGANISATION,Mental Health Community Services,1584,Purchased Care,Third Party Supplier,STANDARD,5731,JAAA-Directorate of Social Care and Health Services
RBC Legal Entity,24/02/2022,4651661,271270,RESPONSE ORGANISATION,Mental Health Community Services,1584,Purchased Care,Third Party Supplier,STANDARD,5731,JAAA-Directorate of Social Care and Health Services
RBC Legal Entity,24/02/2022,4653640,271271,TOTAL HEALTH SUPPORT & TRAINING SERVICES,Mental Health Community Services,837.9,Purchased Care,Third Party Supplier,STANDARD,5731,JAAA-Directorate of Social Care and Health Services
RBC Legal Entity,24/02/2022,4653641,271271,TOTAL HEALTH SUPPORT & TRAINING SERVICES,Mental Health Community Services,837.9,Purchased Care,Third Party Supplier,STANDARD,5731,JAAA-Directorate of Social Care and Health Services
RBC Legal Entity,24/02/2022,4653642,271271,TOTAL HEALTH SUPPORT & TRAINING SERVICES,Mental Health Community Services,837.9,Purchased Care,Third Party Supplier,STANDARD,5731,JAAA-Directorate of Social Care and Health Services
RBC Legal Entity,24/02/2022,4653643,271271,TOTAL HEALTH SUPPORT & TRAINING SERVICES,Mental Health Community Services,837.9,Purchased Care,Third Party Supplier,STANDARD,5731,JAAA-Directorate of Social Care and Health Services
RBC Legal Entity,24/02/2022,4653676,271272,VJ CARERS LIMITED,PS Acquired Community Services,2660,Purchased Care,Third Party Supplier,STANDARD,5771,JAAA-Directorate of Social Care and Health Services
RBC Legal Entity,24/02/2022,4653677,271272,VJ CARERS LIMITED,Mental Health Community Services,2622,Purchased Care,Third Party Supplier,STANDARD,5731,JAAA-Directorate of Social Care and Health Services
RBC Legal Entity,24/02/2022,4653678,271272,VJ CARERS LIMITED,PS Acquired Community Services,1824,Purchased Care,Third Party Supplier,STANDARD,5771,JAAA-Directorate of Social Care and Health Services
RBC Legal Entity,24/02/2022,4653679,271272,VJ CARERS LIMITED,PS Acquired Community Services,2660,Purchased Care,Third Party Supplier,STANDARD,5771,JAAA-Directorate of Social Care and Health Services
RBC Legal Entity,24/02/2022,4653680,271272,VJ CARERS LIMITED,PS Acquired Community Services,2660,Purchased Care,Third Party Supplier,STANDARD,5771,JAAA-Directorate of Social Care and Health Services
RBC Legal Entity,24/02/2022,4653681,271272,VJ CARERS LIMITED,PS Acquired Community Services,2128,Purchased Care,Third Party Supplier,STANDARD,5771,JAAA-Directorate of Social Care and Health Services
RBC Legal Entity,24/02/2022,4653682,271272,VJ CARERS LIMITED,Mental Health Community Services,2470,Purchased Care,Third Party Supplier,STANDARD,5731,JAAA-Directorate of Social Care and Health Services
RBC Legal Entity,24/02/2022,4653683,271272,VJ CARERS LIMITED,PS Acquired Community Services,1197,Purchased Care,Third Party Supplier,STANDARD,5771,JAAA-Directorate of Social Care and Health Services
RBC Legal Entity,24/02/2022,4653684,271272,VJ CARERS LIMITED,PS Acquired Community Services,2660,Purchased Care,Third Party Supplier,STANDARD,5771,JAAA-Directorate of Social Care and Health Services
RBC Legal Entity,24/02/2022,4653685,271272,VJ CARERS LIMITED,PS Acquired Community Services,2394,Purchased Care,Third Party Supplier,STANDARD,5771,JAAA-Directorate of Social Care and Health Services
RBC Legal Entity,24/02/2022,4653686,271272,VJ CARERS LIMITED,PS Acquired Community Services,1330,Purchased Care,Third Party Supplier,STANDARD,5771,JAAA-Directorate of Social Care and Health Services
RBC Legal Entity,24/02/2022,4653687,271272,VJ CARERS LIMITED,PS Acquired Community Services,2394,Purchased Care,Third Party Supplier,STANDARD,5771,JAAA-Directorate of Social Care and Health Services
RBC Legal Entity,24/02/2022,4653688,271272,VJ CARERS LIMITED,PS Acquired Community Services,598.5,Purchased Care,Third Party Supplier,STANDARD,5771,JAAA-Directorate of Social Care and Health Services
RBC Legal Entity,24/02/2022,4653689,271272,VJ CARERS LIMITED,PS Acquired Community Services,912,Purchased Care,Third Party Supplier,STANDARD,5771,JAAA-Directorate of Social Care and Health Services
RBC Legal Entity,24/02/2022,4653690,271272,VJ CARERS LIMITED,PS Acquired Community Services,2128,Purchased Care,Third Party Supplier,STANDARD,5771,JAAA-Directorate of Social Care and Health Services
RBC Legal Entity,24/02/2022,4653691,271272,VJ CARERS LIMITED,PS Acquired Community Services,2280,Purchased Care,Third Party Supplier,STANDARD,5771,JAAA-Directorate of Social Care and Health Services
RBC Legal Entity,24/02/2022,4653692,271272,VJ CARERS LIMITED,PS Acquired Community Services,2394,Purchased Care,Third Party Supplier,STANDARD,5771,JAAA-Directorate of Social Care and Health Services
RBC Legal Entity,24/02/2022,4653693,271272,VJ CARERS LIMITED,PS Acquired Community Services,1064,Purchased Care,Third Party Supplier,STANDARD,5771,JAAA-Directorate of Social Care and Health Services
RBC Legal Entity,24/02/2022,4653694,271272,VJ CARERS LIMITED,PS Acquired Community Services,503.5,Purchased Care,Third Party Supplier,STANDARD,5771,JAAA-Directorate of Social Care and Health Services
RBC Legal Entity,24/02/2022,4653697,271272,VJ CARERS LIMITED,PS Acquired Community Services,798,Purchased Care,Third Party Supplier,STANDARD,5771,JAAA-Directorate of Social Care and Health Services
RBC Legal Entity,24/02/2022,4653698,271272,VJ CARERS LIMITED,PS Acquired Community Services,1064,Purchased Care,Third Party Supplier,STANDARD,5771,JAAA-Directorate of Social Care and Health Services
RBC Legal Entity,24/02/2022,4653699,271272,VJ CARERS LIMITED,PS Acquired Community Services,665,Purchased Care,Third Party Supplier,STANDARD,5771,JAAA-Directorate of Social Care and Health Services
RBC Legal Entity,24/02/2022,4653700,271272,VJ CARERS LIMITED,PS Acquired Community Services,589,Purchased Care,Third Party Supplier,STANDARD,5771,JAAA-Directorate of Social Care and Health Services
RBC Legal Entity,24/02/2022,4653701,271272,VJ CARERS LIMITED,PS Acquired Community Services,1463,Purchased Care,Third Party Supplier,STANDARD,5771,JAAA-Directorate of Social Care and Health Services
RBC Legal Entity,24/02/2022,4653703,271272,VJ CARERS LIMITED,LD Community Services,1634,Purchased Care,Third Party Supplier,STANDARD,5741,JAAA-Directorate of Social Care and Health Services
RBC Legal Entity,24/02/2022,4653704,271272,VJ CARERS LIMITED,PS Acquired Community Services,760,Purchased Care,Third Party Supplier,STANDARD,5771,JAAA-Directorate of Social Care and Health Services
RBC Legal Entity,24/02/2022,4653705,271272,VJ CARERS LIMITED,PS Acquired Community Services,665,Purchased Care,Third Party Supplier,STANDARD,5771,JAAA-Directorate of Social Care and Health Services
RBC Legal Entity,24/02/2022,4653706,271272,VJ CARERS LIMITED,M&C Acquired Community Services,821.75,Purchased Care,Third Party Supplier,STANDARD,5751,JAAA-Directorate of Social Care and Health Services
RBC Legal Entity,24/02/2022,4653707,271272,VJ CARERS LIMITED,PS Acquired Community Services,798,Purchased Care,Third Party Supplier,STANDARD,5771,JAAA-Directorate of Social Care and Health Services
RBC Legal Entity,24/02/2022,4653708,271272,VJ CARERS LIMITED,PS Acquired Community Services,665,Purchased Care,Third Party Supplier,STANDARD,5771,JAAA-Directorate of Social Care and Health Services
RBC Legal Entity,24/02/2022,4653711,271272,VJ CARERS LIMITED,PS Acquired Community Services,1064,Purchased Care,Third Party Supplier,STANDARD,5771,JAAA-Directorate of Social Care and Health Services
RBC Legal Entity,24/02/2022,4653712,271272,VJ CARERS LIMITED,PS Lifelong Community Services,2660,Purchased Care,Third Party Supplier,STANDARD,5781,JAAA-Directorate of Social Care and Health Services
RBC Legal Entity,24/02/2022,4653713,271272,VJ CARERS LIMITED,PS Acquired Community Services,7000,Purchased Care,Third Party Supplier,STANDARD,5771,JAAA-Directorate of Social Care and Health Services
RBC Legal Entity,24/02/2022,4653714,271272,VJ CARERS LIMITED,PS Acquired Community Services,978.5,Purchased Care,Third Party Supplier,STANDARD,5771,JAAA-Directorate of Social Care and Health Services
RBC Legal Entity,24/02/2022,4653715,271272,VJ CARERS LIMITED,PS Acquired Community Services,722,Purchased Care,Third Party Supplier,STANDARD,5771,JAAA-Directorate of Social Care and Health Services
RBC Legal Entity,24/02/2022,4653716,271272,VJ CARERS LIMITED,PS Acquired Community Services,712.5,Purchased Care,Third Party Supplier,STANDARD,5771,JAAA-Directorate of Social Care and Health Services
RBC Legal Entity,24/02/2022,4653717,271272,VJ CARERS LIMITED,PS Acquired Community Services,1007,Purchased Care,Third Party Supplier,STANDARD,5771,JAAA-Directorate of Social Care and Health Services
RBC Legal Entity,24/02/2022,4653719,271272,VJ CARERS LIMITED,PS Acquired Community Services,2394,Purchased Care,Third Party Supplier,STANDARD,5771,JAAA-Directorate of Social Care and Health Services
RBC Legal Entity,24/02/2022,4653720,271272,VJ CARERS LIMITED,PS Acquired Community Services,570,Purchased Care,Third Party Supplier,STANDARD,5771,JAAA-Directorate of Social Care and Health Services
RBC Legal Entity,24/02/2022,4646695,271275,IMPROVEMENT & DEVELOPMENT AGENCY FOR LOCAL GOVERNMENT,Policy & Performance,2195,Subscriptions,Third Party Supplier,STANDARD,2025,LAAA-Directorate of Resources
RBC Legal Entity,24/02/2022,4646536,271276,JAMES DOVE,JLT Disbursements,675,Misc. Legal Expenses,Third Party Supplier,STANDARD,2407,LAAA-Directorate of Resources
RBC Legal Entity,24/02/2022,4646537,271276,JAMES DOVE,JLT Disbursements,855,Misc. Legal Expenses,Third Party Supplier,STANDARD,2407,LAAA-Directorate of Resources
RBC Legal Entity,24/02/2022,4651339,271276,JAMES DOVE,JLT Disbursements,-1770,Misc. Legal Expenses,Third Party Supplier,CREDIT,2407,LAAA-Directorate of Resources
RBC Legal Entity,24/02/2022,4651340,271276,JAMES DOVE,JLT Disbursements,855,Misc. Legal Expenses,Third Party Supplier,STANDARD,2407,LAAA-Directorate of Resources
RBC Legal Entity,24/02/2022,4650699,271277,IMIMOBILE INTELLIGENT NETWORKS LIMITED,IT Management,25,Mobile Phones,SUPPLIER,STANDARD,2300,EAAA-Chief Executive
RBC Legal Entity,24/02/2022,4650699,271277,IMIMOBILE INTELLIGENT NETWORKS LIMITED,IT Management,500.86,Mobile Phones,SUPPLIER,STANDARD,2300,EAAA-Chief Executive
RBC Legal Entity,24/02/2022,4650699,271277,IMIMOBILE INTELLIGENT NETWORKS LIMITED,IT Management,1300,Mobile Phones,SUPPLIER,STANDARD,2300,EAAA-Chief Executive
RBC Legal Entity,24/02/2022,4641695,271279,BK SAFETY & WORKWEAR LTD,Refuse Collection,1268.05,Uniforms,SUPPLIER,STANDARD,4561,KAAA-Directorate of Economic Growth and Neighbourhood Services
RBC Legal Entity,24/02/2022,4653843,271281,DEELAND LTD T/A SERVICEMASTER,Private Sector Grants,926.45,Grants (Paid out by RBC),Third Party Supplier,STANDARD,8500,ZZZC-Capital
RBC Legal Entity,24/02/2022,4653658,271282,SUPERB HEALTHCARE LTD,Mental Health Community Services,627.64,Purchased Care,Third Party Supplier,STANDARD,5731,JAAA-Directorate of Social Care and Health Services
RBC Legal Entity,24/02/2022,4653659,271282,SUPERB HEALTHCARE LTD,LD Community Services,627.64,Purchased Care,Third Party Supplier,STANDARD,5741,JAAA-Directorate of Social Care and Health Services
RBC Legal Entity,24/02/2022,4648878,271284,F M CONWAY LTD,Highways,475.8,Materials Direct,SUB-CONTRACTOR,STANDARD,4252,KAAA-Directorate of Economic Growth and Neighbourhood Services
RBC Legal Entity,24/02/2022,4648884,271284,F M CONWAY LTD,Highways,427,Materials Direct,SUB-CONTRACTOR,STANDARD,4252,KAAA-Directorate of Economic Growth and Neighbourhood Services
RBC Legal Entity,24/02/2022,4648728,271285,SPEKTRIX LTD,Cultural Services Marketing,4224.62,PurchaseComputer Equipt,SUPPLIER,STANDARD,1235,KAAA-Directorate of Economic Growth and Neighbourhood Services
RBC Legal Entity,24/02/2022,4650263,271286,MODUS CONSTRUCTION LTD,Corporate Maintenance Services,635,TPP  Contract,SUB-CONTRACTOR,STANDARD,4080,KAAA-Directorate of Economic Growth and Neighbourhood Services
RBC Legal Entity,24/02/2022,4650489,271286,MODUS CONSTRUCTION LTD,Corporate Maintenance Services,495,Leasing Costs,SUB-CONTRACTOR,STANDARD,4080,KAAA-Directorate of Economic Growth and Neighbourhood Services
RBC Legal Entity,24/02/2022,4652002,271286,MODUS CONSTRUCTION LTD,Corporate Maintenance Services,4955.88,Leasing Costs,SUB-CONTRACTOR,STANDARD,4080,KAAA-Directorate of Economic Growth and Neighbourhood Services
RBC Legal Entity,24/02/2022,4653547,271287,THE CHILTERN CENTRE FOR DISABLED CHILDREN,LD Residential,1352,Respite Care,Third Party Supplier,STANDARD,5742,JAAA-Directorate of Social Care and Health Services
RBC Legal Entity,24/02/2022,4653548,271287,THE CHILTERN CENTRE FOR DISABLED CHILDREN,LD Residential,1352,Respite Care,Third Party Supplier,STANDARD,5742,JAAA-Directorate of Social Care and Health Services
RBC Legal Entity,24/02/2022,4653549,271287,THE CHILTERN CENTRE FOR DISABLED CHILDREN,LD Residential,1352,Respite Care,Third Party Supplier,STANDARD,5742,JAAA-Directorate of Social Care and Health Services
RBC Legal Entity,24/02/2022,4653550,271287,THE CHILTERN CENTRE FOR DISABLED CHILDREN,LD Residential,1352,Respite Care,Third Party Supplier,STANDARD,5742,JAAA-Directorate of Social Care and Health Services
RBC Legal Entity,24/02/2022,4653551,271287,THE CHILTERN CENTRE FOR DISABLED CHILDREN,LD Residential,568,Respite Care,Third Party Supplier,STANDARD,5742,JAAA-Directorate of Social Care and Health Services
RBC Legal Entity,24/02/2022,4653630,271288,MEDCARE HOME SERVICES LTD T/A PROACTIVE LIFE,Mental Health Community Services,2816.04,Purchased Care,SUPPLIER,STANDARD,5731,JAAA-Directorate of Social Care and Health Services
RBC Legal Entity,24/02/2022,4653631,271288,MEDCARE HOME SERVICES LTD T/A PROACTIVE LIFE,Mental Health Community Services,2816.04,Purchased Care,SUPPLIER,STANDARD,5731,JAAA-Directorate of Social Care and Health Services
RBC Legal Entity,24/02/2022,4653632,271288,MEDCARE HOME SERVICES LTD T/A PROACTIVE LIFE,Mental Health Community Services,2816.04,Purchased Care,SUPPLIER,STANDARD,5731,JAAA-Directorate of Social Care and Health Services
RBC Legal Entity,24/02/2022,4653633,271288,MEDCARE HOME SERVICES LTD T/A PROACTIVE LIFE,Mental Health Community Services,2816.04,Purchased Care,SUPPLIER,STANDARD,5731,JAAA-Directorate of Social Care and Health Services
RBC Legal Entity,24/02/2022,4653634,271288,MEDCARE HOME SERVICES LTD T/A PROACTIVE LIFE,Mental Health Community Services,2815.96,Purchased Care,SUPPLIER,STANDARD,5731,JAAA-Directorate of Social Care and Health Services
RBC Legal Entity,24/02/2022,4653635,271288,MEDCARE HOME SERVICES LTD T/A PROACTIVE LIFE,Mental Health Community Services,2815.96,Purchased Care,SUPPLIER,STANDARD,5731,JAAA-Directorate of Social Care and Health Services
RBC Legal Entity,24/02/2022,4653558,271290,READING SCHOOL TRAVEL LTD,LD Community Services,2340,Booked Travel,SUPPLIER,STANDARD,5741,JAAA-Directorate of Social Care and Health Services
RBC Legal Entity,24/02/2022,4650496,271292,BIDVEST NOONAN GROUP (UK) LTD,Archives General,883.81,Office Cleaning,SUPPLIER,STANDARD,1256,KAAA-Directorate of Economic Growth and Neighbourhood Services
RBC Legal Entity,24/02/2022,4653648,271293,PEOPLE MATTER SUPPORT SERVICES LTD,PS Acquired Community Services,2052,Purchased Care,SUPPLIER,STANDARD,5771,JAAA-Directorate of Social Care and Health Services
RBC Legal Entity,24/02/2022,4653651,271293,PEOPLE MATTER SUPPORT SERVICES LTD,PS Acquired Community Services,1325.25,Purchased Care,SUPPLIER,STANDARD,5771,JAAA-Directorate of Social Care and Health Services
RBC Legal Entity,24/02/2022,4653654,271293,PEOPLE MATTER SUPPORT SERVICES LTD,PS Acquired Community Services,589,Purchased Care,SUPPLIER,STANDARD,5771,JAAA-Directorate of Social Care and Health Services
RBC Legal Entity,24/02/2022,4653657,271293,PEOPLE MATTER SUPPORT SERVICES LTD,PS Acquired Community Services,1325.25,Purchased Care,SUPPLIER,STANDARD,5771,JAAA-Directorate of Social Care and Health Services
RBC Legal Entity,24/02/2022,4648651,271294,RUCHI PAREKH,Planning,6900,Misc. Legal Expenses,INDIVIDUAL,STANDARD,4700,KAAA-Directorate of Economic Growth and Neighbourhood Services
RBC Legal Entity,24/02/2022,4649289,271297,THE HOUSING NETWORK,Bed and Breakfast,1705,Rents,SUPPLIER,STANDARD,5871,KAAA-Directorate of Economic Growth and Neighbourhood Services
RBC Legal Entity,24/02/2022,4646768,271298,TUSKERDIRECT LTD,Corporate Management Team,37.83,General & Admin & Clerical,Third Party Supplier,STANDARD,2001,EAAA-Chief Executive
RBC Legal Entity,24/02/2022,4646768,271298,TUSKERDIRECT LTD,Corporate Management Team,260.09,General & Admin & Clerical,Third Party Supplier,STANDARD,2001,EAAA-Chief Executive
RBC Legal Entity,24/02/2022,4646768,271298,TUSKERDIRECT LTD,Corporate Management Team,690.26,General & Admin & Clerical,Third Party Supplier,STANDARD,2001,EAAA-Chief Executive
RBC Legal Entity,24/02/2022,4646769,271298,TUSKERDIRECT LTD,Exchequer Services,37.85,General & Admin & Clerical,Third Party Supplier,STANDARD,2210,LAAA-Directorate of Resources
RBC Legal Entity,24/02/2022,4646769,271298,TUSKERDIRECT LTD,Exchequer Services,117.92,General & Admin & Clerical,Third Party Supplier,STANDARD,2210,LAAA-Directorate of Resources
RBC Legal Entity,24/02/2022,4646769,271298,TUSKERDIRECT LTD,Exchequer Services,313.33,General & Admin & Clerical,Third Party Supplier,STANDARD,2210,LAAA-Directorate of Resources
RBC Legal Entity,24/02/2022,4647485,271298,TUSKERDIRECT LTD,HR & Payroll,48.96,General & Admin & Clerical,Third Party Supplier,STANDARD,2600,LAAA-Directorate of Resources
RBC Legal Entity,24/02/2022,4647485,271298,TUSKERDIRECT LTD,HR & Payroll,203.87,General & Admin & Clerical,Third Party Supplier,STANDARD,2600,LAAA-Directorate of Resources
RBC Legal Entity,24/02/2022,4647485,271298,TUSKERDIRECT LTD,HR & Payroll,608.21,General & Admin & Clerical,Third Party Supplier,STANDARD,2600,LAAA-Directorate of Resources
RBC Legal Entity,24/02/2022,4648682,271298,TUSKERDIRECT LTD,DLO Housing & Corporate Projects,34.96,General & Admin & Clerical,Third Party Supplier,STANDARD,4045,KAAA-Directorate of Economic Growth and Neighbourhood Services
RBC Legal Entity,24/02/2022,4648682,271298,TUSKERDIRECT LTD,DLO Housing & Corporate Projects,545.16,General & Admin & Clerical,Third Party Supplier,STANDARD,4045,KAAA-Directorate of Economic Growth and Neighbourhood Services
RBC Legal Entity,24/02/2022,4648685,271298,TUSKERDIRECT LTD,DEGNS Management,44.22,General & Admin & Clerical,Third Party Supplier,STANDARD,1500,KAAA-Directorate of Economic Growth and Neighbourhood Services
RBC Legal Entity,24/02/2022,4648685,271298,TUSKERDIRECT LTD,DEGNS Management,819.31,General & Admin & Clerical,Third Party Supplier,STANDARD,1500,KAAA-Directorate of Economic Growth and Neighbourhood Services
RBC Legal Entity,24/02/2022,4648686,271298,TUSKERDIRECT LTD,HR & Payroll,85.38,General & Admin & Clerical,Third Party Supplier,STANDARD,2600,LAAA-Directorate of Resources
RBC Legal Entity,24/02/2022,4648686,271298,TUSKERDIRECT LTD,HR & Payroll,415.5,General & Admin & Clerical,Third Party Supplier,STANDARD,2600,LAAA-Directorate of Resources
RBC Legal Entity,24/02/2022,4648687,271298,TUSKERDIRECT LTD,Audit,47.65,General & Admin & Clerical,Third Party Supplier,STANDARD,2225,LAAA-Directorate of Resources
RBC Legal Entity,24/02/2022,4648687,271298,TUSKERDIRECT LTD,Audit,872.8,General & Admin & Clerical,Third Party Supplier,STANDARD,2225,LAAA-Directorate of Resources
RBC Legal Entity,24/02/2022,4653722,271299,SPECTRUM GROUP SERVICES LIMITED,PS Acquired Community Services,1102,Purchased Care,Third Party Supplier,STANDARD,5771,JAAA-Directorate of Social Care and Health Services
RBC Legal Entity,24/02/2022,4653724,271299,SPECTRUM GROUP SERVICES LIMITED,Mental Health Community Services,608,Purchased Care,Third Party Supplier,STANDARD,5731,JAAA-Directorate of Social Care and Health Services
RBC Legal Entity,24/02/2022,4653725,271299,SPECTRUM GROUP SERVICES LIMITED,PS Acquired Community Services,931,Purchased Care,Third Party Supplier,STANDARD,5771,JAAA-Directorate of Social Care and Health Services
RBC Legal Entity,24/02/2022,4653726,271299,SPECTRUM GROUP SERVICES LIMITED,PS Acquired Community Services,1254,Purchased Care,Third Party Supplier,STANDARD,5771,JAAA-Directorate of Social Care and Health Services
RBC Legal Entity,24/02/2022,4653727,271299,SPECTRUM GROUP SERVICES LIMITED,PS Acquired Community Services,532,Purchased Care,Third Party Supplier,STANDARD,5771,JAAA-Directorate of Social Care and Health Services
RBC Legal Entity,24/02/2022,4653728,271299,SPECTRUM GROUP SERVICES LIMITED,PS Acquired Community Services,1349,Purchased Care,Third Party Supplier,STANDARD,5771,JAAA-Directorate of Social Care and Health Services
RBC Legal Entity,24/02/2022,4653732,271299,SPECTRUM GROUP SERVICES LIMITED,Mental Health Community Services,1121,Purchased Care,Third Party Supplier,STANDARD,5731,JAAA-Directorate of Social Care and Health Services
RBC Legal Entity,24/02/2022,4653733,271299,SPECTRUM GROUP SERVICES LIMITED,PS Acquired Community Services,1995,Purchased Care,Third Party Supplier,STANDARD,5771,JAAA-Directorate of Social Care and Health Services
RBC Legal Entity,24/02/2022,4653734,271299,SPECTRUM GROUP SERVICES LIMITED,Mental Health Community Services,1121,Purchased Care,Third Party Supplier,STANDARD,5731,JAAA-Directorate of Social Care and Health Services
RBC Legal Entity,24/02/2022,4653735,271299,SPECTRUM GROUP SERVICES LIMITED,PS Acquired Community Services,532,Purchased Care,Third Party Supplier,STANDARD,5771,JAAA-Directorate of Social Care and Health Services
RBC Legal Entity,24/02/2022,4653737,271299,SPECTRUM GROUP SERVICES LIMITED,PS Acquired Community Services,1102,Purchased Care,Third Party Supplier,STANDARD,5771,JAAA-Directorate of Social Care and Health Services
RBC Legal Entity,24/02/2022,4649708,271300,CSN CARE GROUP LTD T/A CAREWATCH,PS Acquired Community Services,2736.02,Purchased Care,Third Party Supplier,STANDARD,5771,JAAA-Directorate of Social Care and Health Services
RBC Legal Entity,24/02/2022,4649712,271300,CSN CARE GROUP LTD T/A CAREWATCH,Social Support,750.51,Purchased Care,Third Party Supplier,STANDARD,5790,JAAA-Directorate of Social Care and Health Services
RBC Legal Entity,24/02/2022,4649713,271300,CSN CARE GROUP LTD T/A CAREWATCH,PS Acquired Community Services,1572.27,Purchased Care,Third Party Supplier,STANDARD,5771,JAAA-Directorate of Social Care and Health Services
RBC Legal Entity,24/02/2022,4649715,271300,CSN CARE GROUP LTD T/A CAREWATCH,PS Acquired Community Services,2726.52,Purchased Care,Third Party Supplier,STANDARD,5771,JAAA-Directorate of Social Care and Health Services
RBC Legal Entity,24/02/2022,4649716,271300,CSN CARE GROUP LTD T/A CAREWATCH,PS Acquired Community Services,2439.89,Purchased Care,Third Party Supplier,STANDARD,5771,JAAA-Directorate of Social Care and Health Services
RBC Legal Entity,24/02/2022,4649717,271300,CSN CARE GROUP LTD T/A CAREWATCH,PS Acquired Community Services,551,Purchased Care,Third Party Supplier,STANDARD,5771,JAAA-Directorate of Social Care and Health Services
RBC Legal Entity,24/02/2022,4649882,271300,CSN CARE GROUP LTD T/A CAREWATCH,PS Acquired Community Services,942.88,Purchased Care,Third Party Supplier,STANDARD,5771,JAAA-Directorate of Social Care and Health Services
RBC Legal Entity,24/02/2022,4649888,271300,CSN CARE GROUP LTD T/A CAREWATCH,PS Acquired Community Services,672.13,Purchased Care,Third Party Supplier,STANDARD,5771,JAAA-Directorate of Social Care and Health Services
RBC Legal Entity,24/02/2022,4649889,271300,CSN CARE GROUP LTD T/A CAREWATCH,M&C Acquired Community Services,541.5,Purchased Care,Third Party Supplier,STANDARD,5751,JAAA-Directorate of Social Care and Health Services
RBC Legal Entity,24/02/2022,4649899,271300,CSN CARE GROUP LTD T/A CAREWATCH,PS Lifelong Community Services,994.18,Purchased Care,Third Party Supplier,STANDARD,5781,JAAA-Directorate of Social Care and Health Services
RBC Legal Entity,24/02/2022,4649900,271300,CSN CARE GROUP LTD T/A CAREWATCH,PS Acquired Community Services,1268.25,Purchased Care,Third Party Supplier,STANDARD,5771,JAAA-Directorate of Social Care and Health Services
RBC Legal Entity,24/02/2022,4649901,271300,CSN CARE GROUP LTD T/A CAREWATCH,PS Acquired Community Services,532,Purchased Care,Third Party Supplier,STANDARD,5771,JAAA-Directorate of Social Care and Health Services
RBC Legal Entity,24/02/2022,4649903,271300,CSN CARE GROUP LTD T/A CAREWATCH,PS Acquired Community Services,2968.78,Purchased Care,Third Party Supplier,STANDARD,5771,JAAA-Directorate of Social Care and Health Services
RBC Legal Entity,24/02/2022,4649907,271300,CSN CARE GROUP LTD T/A CAREWATCH,PS Acquired Community Services,812.25,Purchased Care,Third Party Supplier,STANDARD,5771,JAAA-Directorate of Social Care and Health Services
RBC Legal Entity,24/02/2022,4649908,271300,CSN CARE GROUP LTD T/A CAREWATCH,LD Community Services,627,Purchased Care,Third Party Supplier,STANDARD,5741,JAAA-Directorate of Social Care and Health Services
RBC Legal Entity,24/02/2022,4649918,271300,CSN CARE GROUP LTD T/A CAREWATCH,PS Acquired Community Services,812.25,Purchased Care,Third Party Supplier,STANDARD,5771,JAAA-Directorate of Social Care and Health Services
RBC Legal Entity,24/02/2022,4651472,271300,CSN CARE GROUP LTD T/A CAREWATCH,PS Acquired Community Services,812.25,Purchased Care,Third Party Supplier,STANDARD,5771,JAAA-Directorate of Social Care and Health Services
RBC Legal Entity,24/02/2022,4651482,271300,CSN CARE GROUP LTD T/A CAREWATCH,PS Acquired Community Services,1353.78,Purchased Care,Third Party Supplier,STANDARD,5771,JAAA-Directorate of Social Care and Health Services
RBC Legal Entity,24/02/2022,4651595,271300,CSN CARE GROUP LTD T/A CAREWATCH,Mental Health Community Services,1844.6,Purchased Care,Third Party Supplier,STANDARD,5731,JAAA-Directorate of Social Care and Health Services
RBC Legal Entity,24/02/2022,4651596,271300,CSN CARE GROUP LTD T/A CAREWATCH,PS Acquired Community Services,1360.88,Purchased Care,Third Party Supplier,STANDARD,5771,JAAA-Directorate of Social Care and Health Services
RBC Legal Entity,24/02/2022,4651603,271300,CSN CARE GROUP LTD T/A CAREWATCH,PS Acquired Community Services,1037.88,Purchased Care,Third Party Supplier,STANDARD,5771,JAAA-Directorate of Social Care and Health Services
RBC Legal Entity,24/02/2022,4651604,271300,CSN CARE GROUP LTD T/A CAREWATCH,PS Acquired Community Services,1370.38,Purchased Care,Third Party Supplier,STANDARD,5771,JAAA-Directorate of Social Care and Health Services
RBC Legal Entity,24/02/2022,4651634,271300,CSN CARE GROUP LTD T/A CAREWATCH,PS Acquired Community Services,1235,Purchased Care,Third Party Supplier,STANDARD,5771,JAAA-Directorate of Social Care and Health Services
RBC Legal Entity,24/02/2022,4651727,271300,CSN CARE GROUP LTD T/A CAREWATCH,PS Acquired Community Services,897.75,Purchased Care,Third Party Supplier,STANDARD,5771,JAAA-Directorate of Social Care and Health Services
RBC Legal Entity,24/02/2022,4651728,271300,CSN CARE GROUP LTD T/A CAREWATCH,PS Acquired Community Services,-897.75,Purchased Care,Third Party Supplier,CREDIT,5771,JAAA-Directorate of Social Care and Health Services
RBC Legal Entity,24/02/2022,4651729,271300,CSN CARE GROUP LTD T/A CAREWATCH,PS Acquired Community Services,921.5,Purchased Care,Third Party Supplier,STANDARD,5771,JAAA-Directorate of Social Care and Health Services
RBC Legal Entity,24/02/2022,4651730,271300,CSN CARE GROUP LTD T/A CAREWATCH,PS Acquired Community Services,-921.5,Purchased Care,Third Party Supplier,CREDIT,5771,JAAA-Directorate of Social Care and Health Services
RBC Legal Entity,24/02/2022,4651731,271300,CSN CARE GROUP LTD T/A CAREWATCH,PS Acquired Community Services,921.5,Purchased Care,Third Party Supplier,STANDARD,5771,JAAA-Directorate of Social Care and Health Services
RBC Legal Entity,24/02/2022,4651732,271300,CSN CARE GROUP LTD T/A CAREWATCH,PS Acquired Community Services,-921.5,Purchased Care,Third Party Supplier,CREDIT,5771,JAAA-Directorate of Social Care and Health Services
RBC Legal Entity,24/02/2022,4651733,271300,CSN CARE GROUP LTD T/A CAREWATCH,PS Acquired Community Services,847.88,Purchased Care,Third Party Supplier,STANDARD,5771,JAAA-Directorate of Social Care and Health Services
RBC Legal Entity,24/02/2022,4651735,271300,CSN CARE GROUP LTD T/A CAREWATCH,PS Acquired Community Services,779.01,Purchased Care,Third Party Supplier,STANDARD,5771,JAAA-Directorate of Social Care and Health Services
RBC Legal Entity,24/02/2022,4651736,271300,CSN CARE GROUP LTD T/A CAREWATCH,PS Acquired Community Services,-779.01,Purchased Care,Third Party Supplier,CREDIT,5771,JAAA-Directorate of Social Care and Health Services
RBC Legal Entity,24/02/2022,4651906,271300,CSN CARE GROUP LTD T/A CAREWATCH,PS Acquired Community Services,551,Purchased Care,Third Party Supplier,STANDARD,5771,JAAA-Directorate of Social Care and Health Services
RBC Legal Entity,24/02/2022,4651909,271300,CSN CARE GROUP LTD T/A CAREWATCH,PS Acquired Community Services,-551,Purchased Care,Third Party Supplier,CREDIT,5771,JAAA-Directorate of Social Care and Health Services
RBC Legal Entity,24/02/2022,4653532,271300,CSN CARE GROUP LTD T/A CAREWATCH,Assets _ General,-363.79,Payments in Advance,Third Party Supplier,CREDIT,9885,ZZZB-Balance Sheet
RBC Legal Entity,24/02/2022,4653532,271300,CSN CARE GROUP LTD T/A CAREWATCH,Mental Health Community Services,588.01,Purchased Care,Third Party Supplier,STANDARD,5731,JAAA-Directorate of Social Care and Health Services
RBC Legal Entity,24/02/2022,4653535,271300,CSN CARE GROUP LTD T/A CAREWATCH,PS Acquired Community Services,1083,Purchased Care,Third Party Supplier,STANDARD,5771,JAAA-Directorate of Social Care and Health Services
RBC Legal Entity,24/02/2022,4653536,271300,CSN CARE GROUP LTD T/A CAREWATCH,PS Acquired Community Services,1064,Purchased Care,Third Party Supplier,STANDARD,5771,JAAA-Directorate of Social Care and Health Services
RBC Legal Entity,24/02/2022,4653537,271300,CSN CARE GROUP LTD T/A CAREWATCH,PS Acquired Community Services,1064,Purchased Care,Third Party Supplier,STANDARD,5771,JAAA-Directorate of Social Care and Health Services
RBC Legal Entity,24/02/2022,4653538,271300,CSN CARE GROUP LTD T/A CAREWATCH,Assets _ General,-61.46,Payments in Advance,Third Party Supplier,CREDIT,9885,ZZZB-Balance Sheet
RBC Legal Entity,24/02/2022,4653538,271300,CSN CARE GROUP LTD T/A CAREWATCH,Assets _ General,-39.76,Payments in Advance,Third Party Supplier,CREDIT,9885,ZZZB-Balance Sheet
RBC Legal Entity,24/02/2022,4653538,271300,CSN CARE GROUP LTD T/A CAREWATCH,Social Support,643.57,Purchased Care,Third Party Supplier,STANDARD,5790,JAAA-Directorate of Social Care and Health Services
RBC Legal Entity,24/02/2022,4653541,271300,CSN CARE GROUP LTD T/A CAREWATCH,PS Acquired Community Services,926.25,Purchased Care,Third Party Supplier,STANDARD,5771,JAAA-Directorate of Social Care and Health Services
RBC Legal Entity,24/02/2022,4653543,271300,CSN CARE GROUP LTD T/A CAREWATCH,PS Acquired Community Services,897.75,Purchased Care,Third Party Supplier,STANDARD,5771,JAAA-Directorate of Social Care and Health Services
RBC Legal Entity,24/02/2022,4653544,271300,CSN CARE GROUP LTD T/A CAREWATCH,PS Acquired Community Services,893,Purchased Care,Third Party Supplier,STANDARD,5771,JAAA-Directorate of Social Care and Health Services
RBC Legal Entity,24/02/2022,4653546,271300,CSN CARE GROUP LTD T/A CAREWATCH,PS Acquired Community Services,588.01,Purchased Care,Third Party Supplier,STANDARD,5771,JAAA-Directorate of Social Care and Health Services
RBC Legal Entity,24/02/2022,4653850,271300,CSN CARE GROUP LTD T/A CAREWATCH,Social Support,-542.35,Purchased Care,Third Party Supplier,CREDIT,5790,JAAA-Directorate of Social Care and Health Services
RBC Legal Entity,24/02/2022,4653765,271304,LOVING ANGELS CARE,Mental Health Community Services,655.35,Purchased Care,Third Party Supplier,STANDARD,5731,JAAA-Directorate of Social Care and Health Services
RBC Legal Entity,24/02/2022,4653766,271304,LOVING ANGELS CARE,Social Support,1852.84,Purchased Care,Third Party Supplier,STANDARD,5790,JAAA-Directorate of Social Care and Health Services
RBC Legal Entity,24/02/2022,4653767,271304,LOVING ANGELS CARE,PS Acquired Community Services,4609.92,Purchased Care,Third Party Supplier,STANDARD,5771,JAAA-Directorate of Social Care and Health Services
RBC Legal Entity,24/02/2022,4653768,271304,LOVING ANGELS CARE,LD Community Services,5010.48,Purchased Care,Third Party Supplier,STANDARD,5741,JAAA-Directorate of Social Care and Health Services
RBC Legal Entity,24/02/2022,4653769,271304,LOVING ANGELS CARE,Mental Health Community Services,4303.72,Purchased Care,Third Party Supplier,STANDARD,5731,JAAA-Directorate of Social Care and Health Services
RBC Legal Entity,24/02/2022,4653770,271304,LOVING ANGELS CARE,LD Community Services,3760.26,Purchased Care,Third Party Supplier,STANDARD,5741,JAAA-Directorate of Social Care and Health Services
RBC Legal Entity,24/02/2022,4653771,271304,LOVING ANGELS CARE,Mental Health Community Services,568.01,Purchased Care,Third Party Supplier,STANDARD,5731,JAAA-Directorate of Social Care and Health Services
RBC Legal Entity,24/02/2022,4653772,271304,LOVING ANGELS CARE,Mental Health Community Services,2224.2,Purchased Care,Third Party Supplier,STANDARD,5731,JAAA-Directorate of Social Care and Health Services
RBC Legal Entity,24/02/2022,4653775,271304,LOVING ANGELS CARE,Mental Health Community Services,631.13,Purchased Care,Third Party Supplier,STANDARD,5731,JAAA-Directorate of Social Care and Health Services
RBC Legal Entity,24/02/2022,4649005,271308,RIVERSIDE ENVIRONMENTAL SERVICES LTD,Repairs,2520,Asbestos,Third Party Supplier,STANDARD,5970,HAAA-Housing Revenue Account
RBC Legal Entity,24/02/2022,4653853,271308,RIVERSIDE ENVIRONMENTAL SERVICES LTD,Repairs,423,Asbestos,Third Party Supplier,STANDARD,5970,HAAA-Housing Revenue Account
RBC Legal Entity,24/02/2022,4648411,271309,THE REGARD PARTNERSHIP LTD,Mental Health Community Services,2301.32,Purchased Care,Third Party Supplier,STANDARD,5731,JAAA-Directorate of Social Care and Health Services
RBC Legal Entity,24/02/2022,4651672,271311,INTEGRATED SERVICES PROGRAMME,LD Community Services,1753.92,Purchased Care,Third Party Supplier,STANDARD,5741,JAAA-Directorate of Social Care and Health Services
RBC Legal Entity,24/02/2022,4649203,271312,COBRA SECURITY SOLUTIONS LTD,Hexagon Operations,720,Casual & Supply Staff,Third Party Supplier,STANDARD,1200,KAAA-Directorate of Economic Growth and Neighbourhood Services
RBC Legal Entity,24/02/2022,4653844,271313,SOUTHERN COUNTIES BUILDING SOLUTIONS LTD T/A SCBS LTD,Private Sector Grants,511.2,Grants (Paid out by RBC),SUB-CONTRACTOR,STANDARD,8500,ZZZC-Capital
RBC Legal Entity,24/02/2022,4650468,271316,RUTH RICHARDS,JLT Disbursements,750,Misc. Legal Expenses,INDIVIDUAL,STANDARD,2407,LAAA-Directorate of Resources
RBC Legal Entity,25/02/2022,4653400,271317,THAMES VALLEY MOTS,Guaranteed Rent Scheme,880.53,Rents,Third Party Supplier,STANDARD,5872,KAAA-Directorate of Economic Growth and Neighbourhood Services
RBC Legal Entity,25/02/2022,4653396,271318,WASEEM ZAKIR,Guaranteed Rent Scheme,1006.72,Rents,Landlord,STANDARD,5872,KAAA-Directorate of Economic Growth and Neighbourhood Services
RBC Legal Entity,25/02/2022,4653443,271320,MRS V C MORRIS AND MRS P J MORRIS,Guaranteed Rent Scheme,880.53,Rents,Landlord,STANDARD,5872,KAAA-Directorate of Economic Growth and Neighbourhood Services
RBC Legal Entity,25/02/2022,4653519,271320,MRS V C MORRIS AND MRS P J MORRIS,Guaranteed Rent Scheme,694.59,Rents,Landlord,STANDARD,5872,KAAA-Directorate of Economic Growth and Neighbourhood Services
RBC Legal Entity,25/02/2022,4653476,271321,JON HUNDY,Guaranteed Rent Scheme,880.53,Rents,Landlord,STANDARD,5872,KAAA-Directorate of Economic Growth and Neighbourhood Services
RBC Legal Entity,25/02/2022,4653422,271322,MARK COOMBES,Guaranteed Rent Scheme,694.59,Rents,Landlord,STANDARD,5872,KAAA-Directorate of Economic Growth and Neighbourhood Services
RBC Legal Entity,25/02/2022,4653436,271322,MARK COOMBES,Guaranteed Rent Scheme,694.59,Rents,Landlord,STANDARD,5872,KAAA-Directorate of Economic Growth and Neighbourhood Services
RBC Legal Entity,25/02/2022,4653440,271322,MARK COOMBES,Guaranteed Rent Scheme,694.59,Rents,Landlord,STANDARD,5872,KAAA-Directorate of Economic Growth and Neighbourhood Services
RBC Legal Entity,25/02/2022,4653444,271322,MARK COOMBES,Guaranteed Rent Scheme,694.59,Rents,Landlord,STANDARD,5872,KAAA-Directorate of Economic Growth and Neighbourhood Services
RBC Legal Entity,25/02/2022,4653431,271323,ANDY MEIGHEN,Guaranteed Rent Scheme,694.59,Rents,Landlord,STANDARD,5872,KAAA-Directorate of Economic Growth and Neighbourhood Services
RBC Legal Entity,25/02/2022,4653487,271323,ANDY MEIGHEN,Guaranteed Rent Scheme,694.59,Rents,Landlord,STANDARD,5872,KAAA-Directorate of Economic Growth and Neighbourhood Services
RBC Legal Entity,25/02/2022,4653457,271324,JENNIFER STAYTE,Guaranteed Rent Scheme,880.53,Rents,Direct Payments,STANDARD,5872,KAAA-Directorate of Economic Growth and Neighbourhood Services
RBC Legal Entity,25/02/2022,4653449,271325,JIN YAN HE,Guaranteed Rent Scheme,880.53,Rents,Direct Payments,STANDARD,5872,KAAA-Directorate of Economic Growth and Neighbourhood Services
RBC Legal Entity,25/02/2022,4653450,271326,BRADLEY HAMBRIDGE,Guaranteed Rent Scheme,880.53,Rents,Direct Payments,STANDARD,5872,KAAA-Directorate of Economic Growth and Neighbourhood Services
RBC Legal Entity,25/02/2022,4653451,271327,NIDA EBRAHIM,Guaranteed Rent Scheme,880.53,Rents,Direct Payments,STANDARD,5872,KAAA-Directorate of Economic Growth and Neighbourhood Services
RBC Legal Entity,25/02/2022,4653452,271328,THE PURPLE PROPERTY ENTERPRISE LLP,Guaranteed Rent Scheme,694.59,Rents,Landlord,STANDARD,5872,KAAA-Directorate of Economic Growth and Neighbourhood Services
RBC Legal Entity,25/02/2022,4649586,271330,VIRGIN MEDIA LTD,IT Management,210.05,"Internet Connections, etc",SUB-CONTRACTOR,STANDARD,2300,EAAA-Chief Executive
RBC Legal Entity,25/02/2022,4649586,271330,VIRGIN MEDIA LTD,IT Management,24808.24,"Internet Connections, etc",SUB-CONTRACTOR,STANDARD,2300,EAAA-Chief Executive
RBC Legal Entity,25/02/2022,4653026,271332,VILLAGE PROPERTIES,Guaranteed Rent Scheme,1388.74,Rents,Landlord,STANDARD,5872,KAAA-Directorate of Economic Growth and Neighbourhood Services
RBC Legal Entity,25/02/2022,4652809,271334,LANDLORDS & TENANTS,Guaranteed Rent Scheme,1006.72,Rents,Landlord,STANDARD,5872,KAAA-Directorate of Economic Growth and Neighbourhood Services
RBC Legal Entity,25/02/2022,4652841,271334,LANDLORDS & TENANTS,Guaranteed Rent Scheme,880.53,Rents,Landlord,STANDARD,5872,KAAA-Directorate of Economic Growth and Neighbourhood Services
RBC Legal Entity,25/02/2022,4652854,271334,LANDLORDS & TENANTS,Guaranteed Rent Scheme,694.59,Rents,Landlord,STANDARD,5872,KAAA-Directorate of Economic Growth and Neighbourhood Services
RBC Legal Entity,25/02/2022,4652911,271334,LANDLORDS & TENANTS,Guaranteed Rent Scheme,694.59,Rents,Landlord,STANDARD,5872,KAAA-Directorate of Economic Growth and Neighbourhood Services
RBC Legal Entity,25/02/2022,4652998,271334,LANDLORDS & TENANTS,Guaranteed Rent Scheme,865.8,Rents,Landlord,STANDARD,5872,KAAA-Directorate of Economic Growth and Neighbourhood Services
RBC Legal Entity,25/02/2022,4653015,271334,LANDLORDS & TENANTS,Guaranteed Rent Scheme,880.53,Rents,Landlord,STANDARD,5872,KAAA-Directorate of Economic Growth and Neighbourhood Services
RBC Legal Entity,25/02/2022,4653095,271334,LANDLORDS & TENANTS,Guaranteed Rent Scheme,694.59,Rents,Landlord,STANDARD,5872,KAAA-Directorate of Economic Growth and Neighbourhood Services
RBC Legal Entity,25/02/2022,4653219,271334,LANDLORDS & TENANTS,Guaranteed Rent Scheme,880.53,Rents,Landlord,STANDARD,5872,KAAA-Directorate of Economic Growth and Neighbourhood Services
RBC Legal Entity,25/02/2022,4653228,271334,LANDLORDS & TENANTS,Guaranteed Rent Scheme,1006.72,Rents,Landlord,STANDARD,5872,KAAA-Directorate of Economic Growth and Neighbourhood Services
RBC Legal Entity,25/02/2022,4653257,271334,LANDLORDS & TENANTS,Guaranteed Rent Scheme,880.53,Rents,Landlord,STANDARD,5872,KAAA-Directorate of Economic Growth and Neighbourhood Services
RBC Legal Entity,25/02/2022,4653303,271334,LANDLORDS & TENANTS,Guaranteed Rent Scheme,1006.72,Rents,Landlord,STANDARD,5872,KAAA-Directorate of Economic Growth and Neighbourhood Services
RBC Legal Entity,25/02/2022,4653363,271334,LANDLORDS & TENANTS,Guaranteed Rent Scheme,694.59,Rents,Landlord,STANDARD,5872,KAAA-Directorate of Economic Growth and Neighbourhood Services
RBC Legal Entity,25/02/2022,4653398,271334,LANDLORDS & TENANTS,Guaranteed Rent Scheme,880.53,Rents,Landlord,STANDARD,5872,KAAA-Directorate of Economic Growth and Neighbourhood Services
RBC Legal Entity,25/02/2022,4653455,271334,LANDLORDS & TENANTS,Guaranteed Rent Scheme,880.53,Rents,Landlord,STANDARD,5872,KAAA-Directorate of Economic Growth and Neighbourhood Services
RBC Legal Entity,25/02/2022,4653489,271334,LANDLORDS & TENANTS,Guaranteed Rent Scheme,880.53,Rents,Landlord,STANDARD,5872,KAAA-Directorate of Economic Growth and Neighbourhood Services
RBC Legal Entity,25/02/2022,4653049,271337,ADDINGTON PROPERTIES,Guaranteed Rent Scheme,694.59,Rents,SUPPLIER,STANDARD,5872,KAAA-Directorate of Economic Growth and Neighbourhood Services
RBC Legal Entity,25/02/2022,4653051,271337,ADDINGTON PROPERTIES,Guaranteed Rent Scheme,694.59,Rents,SUPPLIER,STANDARD,5872,KAAA-Directorate of Economic Growth and Neighbourhood Services
RBC Legal Entity,25/02/2022,4653167,271337,ADDINGTON PROPERTIES,Guaranteed Rent Scheme,694.59,Rents,SUPPLIER,STANDARD,5872,KAAA-Directorate of Economic Growth and Neighbourhood Services
RBC Legal Entity,25/02/2022,4653187,271337,ADDINGTON PROPERTIES,Guaranteed Rent Scheme,694.59,Rents,SUPPLIER,STANDARD,5872,KAAA-Directorate of Economic Growth and Neighbourhood Services
RBC Legal Entity,25/02/2022,4653258,271337,ADDINGTON PROPERTIES,Guaranteed Rent Scheme,694.59,Rents,SUPPLIER,STANDARD,5872,KAAA-Directorate of Economic Growth and Neighbourhood Services
RBC Legal Entity,25/02/2022,4653299,271337,ADDINGTON PROPERTIES,Guaranteed Rent Scheme,694.59,Rents,SUPPLIER,STANDARD,5872,KAAA-Directorate of Economic Growth and Neighbourhood Services
RBC Legal Entity,25/02/2022,4653447,271337,ADDINGTON PROPERTIES,Guaranteed Rent Scheme,694.59,Rents,SUPPLIER,STANDARD,5872,KAAA-Directorate of Economic Growth and Neighbourhood Services
RBC Legal Entity,25/02/2022,4653499,271337,ADDINGTON PROPERTIES,Guaranteed Rent Scheme,694.59,Rents,SUPPLIER,STANDARD,5872,KAAA-Directorate of Economic Growth and Neighbourhood Services
RBC Legal Entity,25/02/2022,4653505,271337,ADDINGTON PROPERTIES,Guaranteed Rent Scheme,694.59,Rents,SUPPLIER,STANDARD,5872,KAAA-Directorate of Economic Growth and Neighbourhood Services
RBC Legal Entity,25/02/2022,4652756,271338,A H LANSLEY RESIDENTIAL LTD,Guaranteed Rent Scheme,682.98,Rents,Landlord,STANDARD,5872,KAAA-Directorate of Economic Growth and Neighbourhood Services
RBC Legal Entity,25/02/2022,4653115,271338,A H LANSLEY RESIDENTIAL LTD,Guaranteed Rent Scheme,682.98,Rents,Landlord,STANDARD,5872,KAAA-Directorate of Economic Growth and Neighbourhood Services
RBC Legal Entity,25/02/2022,4653295,271338,A H LANSLEY RESIDENTIAL LTD,Guaranteed Rent Scheme,694.59,Rents,Landlord,STANDARD,5872,KAAA-Directorate of Economic Growth and Neighbourhood Services
RBC Legal Entity,25/02/2022,4654040,271339,HEADWAY THAMES VALLEY,ASC Operational Management Team,90,Other support - not recoverabl,SUPPLIER,STANDARD,5309,JAAA-Directorate of Social Care and Health Services
RBC Legal Entity,25/02/2022,4654040,271339,HEADWAY THAMES VALLEY,ASC Operational Management Team,585,Other support - not recoverabl,SUPPLIER,STANDARD,5309,JAAA-Directorate of Social Care and Health Services
RBC Legal Entity,25/02/2022,4654041,271339,HEADWAY THAMES VALLEY,ASC Operational Management Team,675,Other support - not recoverabl,SUPPLIER,STANDARD,5309,JAAA-Directorate of Social Care and Health Services
RBC Legal Entity,25/02/2022,4654042,271339,HEADWAY THAMES VALLEY,ASC Operational Management Team,600,Other support - not recoverabl,SUPPLIER,STANDARD,5309,JAAA-Directorate of Social Care and Health Services
RBC Legal Entity,25/02/2022,4654043,271339,HEADWAY THAMES VALLEY,ASC Operational Management Team,675,Other support - not recoverabl,SUPPLIER,STANDARD,5309,JAAA-Directorate of Social Care and Health Services
RBC Legal Entity,25/02/2022,4652779,271341,MCCARTHY PROPERTIES READING LTD,Guaranteed Rent Scheme,880.53,Rents,Landlord,STANDARD,5872,KAAA-Directorate of Economic Growth and Neighbourhood Services
RBC Legal Entity,25/02/2022,4652806,271341,MCCARTHY PROPERTIES READING LTD,Guaranteed Rent Scheme,682.98,Rents,Landlord,STANDARD,5872,KAAA-Directorate of Economic Growth and Neighbourhood Services
RBC Legal Entity,25/02/2022,4652826,271341,MCCARTHY PROPERTIES READING LTD,Guaranteed Rent Scheme,682.98,Rents,Landlord,STANDARD,5872,KAAA-Directorate of Economic Growth and Neighbourhood Services
RBC Legal Entity,25/02/2022,4652868,271341,MCCARTHY PROPERTIES READING LTD,Guaranteed Rent Scheme,694.59,Rents,Landlord,STANDARD,5872,KAAA-Directorate of Economic Growth and Neighbourhood Services
RBC Legal Entity,25/02/2022,4652873,271341,MCCARTHY PROPERTIES READING LTD,Guaranteed Rent Scheme,694.59,Rents,Landlord,STANDARD,5872,KAAA-Directorate of Economic Growth and Neighbourhood Services
RBC Legal Entity,25/02/2022,4652910,271341,MCCARTHY PROPERTIES READING LTD,Guaranteed Rent Scheme,694.59,Rents,Landlord,STANDARD,5872,KAAA-Directorate of Economic Growth and Neighbourhood Services
RBC Legal Entity,25/02/2022,4652915,271341,MCCARTHY PROPERTIES READING LTD,Guaranteed Rent Scheme,682.98,Rents,Landlord,STANDARD,5872,KAAA-Directorate of Economic Growth and Neighbourhood Services
RBC Legal Entity,25/02/2022,4652928,271341,MCCARTHY PROPERTIES READING LTD,Guaranteed Rent Scheme,880.53,Rents,Landlord,STANDARD,5872,KAAA-Directorate of Economic Growth and Neighbourhood Services
RBC Legal Entity,25/02/2022,4652953,271341,MCCARTHY PROPERTIES READING LTD,Guaranteed Rent Scheme,682.98,Rents,Landlord,STANDARD,5872,KAAA-Directorate of Economic Growth and Neighbourhood Services
RBC Legal Entity,25/02/2022,4652977,271341,MCCARTHY PROPERTIES READING LTD,Guaranteed Rent Scheme,865.8,Rents,Landlord,STANDARD,5872,KAAA-Directorate of Economic Growth and Neighbourhood Services
RBC Legal Entity,25/02/2022,4652988,271341,MCCARTHY PROPERTIES READING LTD,Guaranteed Rent Scheme,694.59,Rents,Landlord,STANDARD,5872,KAAA-Directorate of Economic Growth and Neighbourhood Services
RBC Legal Entity,25/02/2022,4653002,271341,MCCARTHY PROPERTIES READING LTD,Guaranteed Rent Scheme,682.98,Rents,Landlord,STANDARD,5872,KAAA-Directorate of Economic Growth and Neighbourhood Services
RBC Legal Entity,25/02/2022,4653019,271341,MCCARTHY PROPERTIES READING LTD,Guaranteed Rent Scheme,682.98,Rents,Landlord,STANDARD,5872,KAAA-Directorate of Economic Growth and Neighbourhood Services
RBC Legal Entity,25/02/2022,4653045,271341,MCCARTHY PROPERTIES READING LTD,Guaranteed Rent Scheme,682.98,Rents,Landlord,STANDARD,5872,KAAA-Directorate of Economic Growth and Neighbourhood Services
RBC Legal Entity,25/02/2022,4653089,271341,MCCARTHY PROPERTIES READING LTD,Guaranteed Rent Scheme,865.8,Rents,Landlord,STANDARD,5872,KAAA-Directorate of Economic Growth and Neighbourhood Services
RBC Legal Entity,25/02/2022,4653091,271341,MCCARTHY PROPERTIES READING LTD,Guaranteed Rent Scheme,865.8,Rents,Landlord,STANDARD,5872,KAAA-Directorate of Economic Growth and Neighbourhood Services
RBC Legal Entity,25/02/2022,4653112,271341,MCCARTHY PROPERTIES READING LTD,Guaranteed Rent Scheme,682.98,Rents,Landlord,STANDARD,5872,KAAA-Directorate of Economic Growth and Neighbourhood Services
RBC Legal Entity,25/02/2022,4653141,271341,MCCARTHY PROPERTIES READING LTD,Guaranteed Rent Scheme,682.98,Rents,Landlord,STANDARD,5872,KAAA-Directorate of Economic Growth and Neighbourhood Services
RBC Legal Entity,25/02/2022,4653157,271341,MCCARTHY PROPERTIES READING LTD,Guaranteed Rent Scheme,682.98,Rents,Landlord,STANDARD,5872,KAAA-Directorate of Economic Growth and Neighbourhood Services
RBC Legal Entity,25/02/2022,4653188,271341,MCCARTHY PROPERTIES READING LTD,Guaranteed Rent Scheme,694.59,Rents,Landlord,STANDARD,5872,KAAA-Directorate of Economic Growth and Neighbourhood Services
RBC Legal Entity,25/02/2022,4653206,271341,MCCARTHY PROPERTIES READING LTD,Guaranteed Rent Scheme,694.59,Rents,Landlord,STANDARD,5872,KAAA-Directorate of Economic Growth and Neighbourhood Services
RBC Legal Entity,25/02/2022,4653225,271341,MCCARTHY PROPERTIES READING LTD,Guaranteed Rent Scheme,694.59,Rents,Landlord,STANDARD,5872,KAAA-Directorate of Economic Growth and Neighbourhood Services
RBC Legal Entity,25/02/2022,4653246,271341,MCCARTHY PROPERTIES READING LTD,Guaranteed Rent Scheme,694.59,Rents,Landlord,STANDARD,5872,KAAA-Directorate of Economic Growth and Neighbourhood Services
RBC Legal Entity,25/02/2022,4653265,271341,MCCARTHY PROPERTIES READING LTD,Guaranteed Rent Scheme,650,Rents,Landlord,STANDARD,5872,KAAA-Directorate of Economic Growth and Neighbourhood Services
RBC Legal Entity,25/02/2022,4653269,271341,MCCARTHY PROPERTIES READING LTD,Guaranteed Rent Scheme,880.53,Rents,Landlord,STANDARD,5872,KAAA-Directorate of Economic Growth and Neighbourhood Services
RBC Legal Entity,25/02/2022,4653270,271341,MCCARTHY PROPERTIES READING LTD,Guaranteed Rent Scheme,694.59,Rents,Landlord,STANDARD,5872,KAAA-Directorate of Economic Growth and Neighbourhood Services
RBC Legal Entity,25/02/2022,4653285,271341,MCCARTHY PROPERTIES READING LTD,Guaranteed Rent Scheme,880.53,Rents,Landlord,STANDARD,5872,KAAA-Directorate of Economic Growth and Neighbourhood Services
RBC Legal Entity,25/02/2022,4653321,271341,MCCARTHY PROPERTIES READING LTD,Guaranteed Rent Scheme,694.59,Rents,Landlord,STANDARD,5872,KAAA-Directorate of Economic Growth and Neighbourhood Services
RBC Legal Entity,25/02/2022,4653337,271341,MCCARTHY PROPERTIES READING LTD,Guaranteed Rent Scheme,880.53,Rents,Landlord,STANDARD,5872,KAAA-Directorate of Economic Growth and Neighbourhood Services
RBC Legal Entity,25/02/2022,4653341,271341,MCCARTHY PROPERTIES READING LTD,Guaranteed Rent Scheme,694.59,Rents,Landlord,STANDARD,5872,KAAA-Directorate of Economic Growth and Neighbourhood Services
RBC Legal Entity,25/02/2022,4653372,271341,MCCARTHY PROPERTIES READING LTD,Guaranteed Rent Scheme,694.59,Rents,Landlord,STANDARD,5872,KAAA-Directorate of Economic Growth and Neighbourhood Services
RBC Legal Entity,25/02/2022,4653384,271341,MCCARTHY PROPERTIES READING LTD,Guaranteed Rent Scheme,694.59,Rents,Landlord,STANDARD,5872,KAAA-Directorate of Economic Growth and Neighbourhood Services
RBC Legal Entity,25/02/2022,4653391,271341,MCCARTHY PROPERTIES READING LTD,Guaranteed Rent Scheme,880.53,Rents,Landlord,STANDARD,5872,KAAA-Directorate of Economic Growth and Neighbourhood Services
RBC Legal Entity,25/02/2022,4653423,271341,MCCARTHY PROPERTIES READING LTD,Guaranteed Rent Scheme,1006.72,Rents,Landlord,STANDARD,5872,KAAA-Directorate of Economic Growth and Neighbourhood Services
RBC Legal Entity,25/02/2022,4653508,271341,MCCARTHY PROPERTIES READING LTD,Guaranteed Rent Scheme,694.59,Rents,Landlord,STANDARD,5872,KAAA-Directorate of Economic Growth and Neighbourhood Services
RBC Legal Entity,25/02/2022,4653129,271342,AMAR AZIZ,Guaranteed Rent Scheme,682.98,Rents,SUPPLIER,STANDARD,5872,KAAA-Directorate of Economic Growth and Neighbourhood Services
RBC Legal Entity,25/02/2022,4653151,271342,AMAR AZIZ,Guaranteed Rent Scheme,682.98,Rents,SUPPLIER,STANDARD,5872,KAAA-Directorate of Economic Growth and Neighbourhood Services
RBC Legal Entity,25/02/2022,4653292,271342,AMAR AZIZ,Guaranteed Rent Scheme,694.59,Rents,SUPPLIER,STANDARD,5872,KAAA-Directorate of Economic Growth and Neighbourhood Services
RBC Legal Entity,25/02/2022,4653287,271343,MISS Y C FOSSEY & MR G LUBBOCK,Guaranteed Rent Scheme,1006.72,Rents,Third Party Supplier,STANDARD,5872,KAAA-Directorate of Economic Growth and Neighbourhood Services
RBC Legal Entity,25/02/2022,4653382,271344,ELLEN TOGHER,Guaranteed Rent Scheme,694.59,Rents,SUPPLIER,STANDARD,5872,KAAA-Directorate of Economic Growth and Neighbourhood Services
RBC Legal Entity,25/02/2022,4652821,271345,NORTHWOOD READING,Guaranteed Rent Scheme,663.08,Rents,Landlord,STANDARD,5872,KAAA-Directorate of Economic Growth and Neighbourhood Services
RBC Legal Entity,25/02/2022,4652897,271345,NORTHWOOD READING,Guaranteed Rent Scheme,694.59,Rents,Landlord,STANDARD,5872,KAAA-Directorate of Economic Growth and Neighbourhood Services
RBC Legal Entity,25/02/2022,4653072,271345,NORTHWOOD READING,Guaranteed Rent Scheme,865.8,Rents,Landlord,STANDARD,5872,KAAA-Directorate of Economic Growth and Neighbourhood Services
RBC Legal Entity,25/02/2022,4653420,271345,NORTHWOOD READING,Guaranteed Rent Scheme,600,Rents,Landlord,STANDARD,5872,KAAA-Directorate of Economic Growth and Neighbourhood Services
RBC Legal Entity,25/02/2022,4653171,271346,EDMUND AND MARGARET ATKINSON ,Guaranteed Rent Scheme,865.8,Rents,SUPPLIER,STANDARD,5872,KAAA-Directorate of Economic Growth and Neighbourhood Services
RBC Legal Entity,25/02/2022,4653405,271347,BOYD RANWELL,Guaranteed Rent Scheme,1006.72,Rents,Landlord,STANDARD,5872,KAAA-Directorate of Economic Growth and Neighbourhood Services
RBC Legal Entity,25/02/2022,4652825,271348,ALEXANDER & YAS BATCHELOR,Guaranteed Rent Scheme,694.59,Rents,SUPPLIER,STANDARD,5872,KAAA-Directorate of Economic Growth and Neighbourhood Services
RBC Legal Entity,25/02/2022,4653008,271349,AMANDA COLLINS,Guaranteed Rent Scheme,880.53,Rents,SUPPLIER,STANDARD,5872,KAAA-Directorate of Economic Growth and Neighbourhood Services
RBC Legal Entity,25/02/2022,4652840,271350,NETHER GREEN LTD,Guaranteed Rent Scheme,1388.74,Rents,SUPPLIER,STANDARD,5872,KAAA-Directorate of Economic Growth and Neighbourhood Services
RBC Legal Entity,25/02/2022,4653000,271350,NETHER GREEN LTD,Guaranteed Rent Scheme,1006.72,Rents,SUPPLIER,STANDARD,5872,KAAA-Directorate of Economic Growth and Neighbourhood Services
RBC Legal Entity,25/02/2022,4653352,271350,NETHER GREEN LTD,Guaranteed Rent Scheme,1388.74,Rents,SUPPLIER,STANDARD,5872,KAAA-Directorate of Economic Growth and Neighbourhood Services
RBC Legal Entity,25/02/2022,4652976,271352,DAMON GERARD HALL & SARAH ANN ORME,Guaranteed Rent Scheme,682.98,Rents,SUPPLIER,STANDARD,5872,KAAA-Directorate of Economic Growth and Neighbourhood Services
RBC Legal Entity,25/02/2022,4652833,271353,MARK  PEARCE,Guaranteed Rent Scheme,816.1,Rents,Landlord,STANDARD,5872,KAAA-Directorate of Economic Growth and Neighbourhood Services
RBC Legal Entity,25/02/2022,4652834,271354,ELIZABETH & TOBY WILSON,Guaranteed Rent Scheme,961.09,Rents,SUPPLIER,STANDARD,5872,KAAA-Directorate of Economic Growth and Neighbourhood Services
RBC Legal Entity,25/02/2022,4653467,271356,HEATHER GINETTE MILLER SIMPSON,Guaranteed Rent Scheme,694.59,Rents,Direct Payments,STANDARD,5872,KAAA-Directorate of Economic Growth and Neighbourhood Services
RBC Legal Entity,25/02/2022,4653515,271357,HUI JUN YONG AND KAH HOOI LIM,Guaranteed Rent Scheme,694.59,Rents,Landlord,STANDARD,5872,KAAA-Directorate of Economic Growth and Neighbourhood Services
RBC Legal Entity,25/02/2022,4653473,271359,TANYA KYNASTON,Guaranteed Rent Scheme,880.53,Rents,Direct Payments,STANDARD,5872,KAAA-Directorate of Economic Growth and Neighbourhood Services
RBC Legal Entity,25/02/2022,4653887,271360,A & B APPAREL UK LTD,Crematorium,38.72,Uniforms,Third Party Supplier,STANDARD,4606,LAAA-Directorate of Resources
RBC Legal Entity,25/02/2022,4653887,271360,A & B APPAREL UK LTD,Crematorium,51.2,Uniforms,Third Party Supplier,STANDARD,4606,LAAA-Directorate of Resources
RBC Legal Entity,25/02/2022,4653887,271360,A & B APPAREL UK LTD,Crematorium,61.5,Uniforms,Third Party Supplier,STANDARD,4606,LAAA-Directorate of Resources
RBC Legal Entity,25/02/2022,4653887,271360,A & B APPAREL UK LTD,Crematorium,70.5,Uniforms,Third Party Supplier,STANDARD,4606,LAAA-Directorate of Resources
RBC Legal Entity,25/02/2022,4653887,271360,A & B APPAREL UK LTD,Crematorium,72,Uniforms,Third Party Supplier,STANDARD,4606,LAAA-Directorate of Resources
RBC Legal Entity,25/02/2022,4653887,271360,A & B APPAREL UK LTD,Crematorium,72,Uniforms,Third Party Supplier,STANDARD,4606,LAAA-Directorate of Resources
RBC Legal Entity,25/02/2022,4653887,271360,A & B APPAREL UK LTD,Crematorium,72,Uniforms,Third Party Supplier,STANDARD,4606,LAAA-Directorate of Resources
RBC Legal Entity,25/02/2022,4653887,271360,A & B APPAREL UK LTD,Crematorium,78,Uniforms,Third Party Supplier,STANDARD,4606,LAAA-Directorate of Resources
RBC Legal Entity,25/02/2022,4653887,271360,A & B APPAREL UK LTD,Crematorium,117,Uniforms,Third Party Supplier,STANDARD,4606,LAAA-Directorate of Resources
RBC Legal Entity,25/02/2022,4653887,271360,A & B APPAREL UK LTD,Crematorium,160.5,Uniforms,Third Party Supplier,STANDARD,4606,LAAA-Directorate of Resources
RBC Legal Entity,25/02/2022,4653887,271360,A & B APPAREL UK LTD,Crematorium,429,Uniforms,Third Party Supplier,STANDARD,4606,LAAA-Directorate of Resources
RBC Legal Entity,25/02/2022,4653488,271361,RYAN SEWELL,Guaranteed Rent Scheme,880.53,Rents,Direct Payments,STANDARD,5872,KAAA-Directorate of Economic Growth and Neighbourhood Services
RBC Legal Entity,25/02/2022,4649086,271362,ICS ACCOUNTING,Transformation,5450,Consultancy Fees,Third Party Supplier,STANDARD,5289,JAAA-Directorate of Social Care and Health Services
RBC Legal Entity,25/02/2022,4653493,271363,MEDACCO LTD,Guaranteed Rent Scheme,694.59,Rents,Landlord,STANDARD,5872,KAAA-Directorate of Economic Growth and Neighbourhood Services
RBC Legal Entity,25/02/2022,4653494,271363,MEDACCO LTD,Guaranteed Rent Scheme,694.59,Rents,Landlord,STANDARD,5872,KAAA-Directorate of Economic Growth and Neighbourhood Services
RBC Legal Entity,25/02/2022,4653501,271364,ELIZABETH BEWKETU,Guaranteed Rent Scheme,1006.72,Rents,Direct Payments,STANDARD,5872,KAAA-Directorate of Economic Growth and Neighbourhood Services
RBC Legal Entity,25/02/2022,4653513,271365,CHRIS HARDING,Guaranteed Rent Scheme,880.53,Rents,Landlord,STANDARD,5872,KAAA-Directorate of Economic Growth and Neighbourhood Services
RBC Legal Entity,25/02/2022,4653512,271366,DANIEL SAWYERS,Guaranteed Rent Scheme,1388.74,Rents,Landlord,STANDARD,5872,KAAA-Directorate of Economic Growth and Neighbourhood Services
RBC Legal Entity,25/02/2022,4652762,271368,MARTIN COSTELLOE,Guaranteed Rent Scheme,694.59,Rents,Landlord,STANDARD,5872,KAAA-Directorate of Economic Growth and Neighbourhood Services
RBC Legal Entity,25/02/2022,4652870,271368,MARTIN COSTELLOE,Guaranteed Rent Scheme,865.8,Rents,Landlord,STANDARD,5872,KAAA-Directorate of Economic Growth and Neighbourhood Services
RBC Legal Entity,25/02/2022,4652874,271368,MARTIN COSTELLOE,Guaranteed Rent Scheme,694.59,Rents,Landlord,STANDARD,5872,KAAA-Directorate of Economic Growth and Neighbourhood Services
RBC Legal Entity,25/02/2022,4652881,271368,MARTIN COSTELLOE,Guaranteed Rent Scheme,694.59,Rents,Landlord,STANDARD,5872,KAAA-Directorate of Economic Growth and Neighbourhood Services
RBC Legal Entity,25/02/2022,4652886,271368,MARTIN COSTELLOE,Guaranteed Rent Scheme,694.59,Rents,Landlord,STANDARD,5872,KAAA-Directorate of Economic Growth and Neighbourhood Services
RBC Legal Entity,25/02/2022,4652918,271368,MARTIN COSTELLOE,Guaranteed Rent Scheme,880.53,Rents,Landlord,STANDARD,5872,KAAA-Directorate of Economic Growth and Neighbourhood Services
RBC Legal Entity,25/02/2022,4652996,271368,MARTIN COSTELLOE,Guaranteed Rent Scheme,880.53,Rents,Landlord,STANDARD,5872,KAAA-Directorate of Economic Growth and Neighbourhood Services
RBC Legal Entity,25/02/2022,4653046,271368,MARTIN COSTELLOE,Guaranteed Rent Scheme,694.59,Rents,Landlord,STANDARD,5872,KAAA-Directorate of Economic Growth and Neighbourhood Services
RBC Legal Entity,25/02/2022,4653154,271368,MARTIN COSTELLOE,Guaranteed Rent Scheme,865.8,Rents,Landlord,STANDARD,5872,KAAA-Directorate of Economic Growth and Neighbourhood Services
RBC Legal Entity,25/02/2022,4653182,271368,MARTIN COSTELLOE,Guaranteed Rent Scheme,682.98,Rents,Landlord,STANDARD,5872,KAAA-Directorate of Economic Growth and Neighbourhood Services
RBC Legal Entity,25/02/2022,4653200,271368,MARTIN COSTELLOE,Guaranteed Rent Scheme,1006.72,Rents,Landlord,STANDARD,5872,KAAA-Directorate of Economic Growth and Neighbourhood Services
RBC Legal Entity,25/02/2022,4653286,271368,MARTIN COSTELLOE,Guaranteed Rent Scheme,880.53,Rents,Landlord,STANDARD,5872,KAAA-Directorate of Economic Growth and Neighbourhood Services
RBC Legal Entity,25/02/2022,4653324,271368,MARTIN COSTELLOE,Guaranteed Rent Scheme,880.53,Rents,Landlord,STANDARD,5872,KAAA-Directorate of Economic Growth and Neighbourhood Services
RBC Legal Entity,25/02/2022,4653379,271368,MARTIN COSTELLOE,Guaranteed Rent Scheme,1006.72,Rents,Landlord,STANDARD,5872,KAAA-Directorate of Economic Growth and Neighbourhood Services
RBC Legal Entity,25/02/2022,4653468,271368,MARTIN COSTELLOE,Guaranteed Rent Scheme,694.59,Rents,Landlord,STANDARD,5872,KAAA-Directorate of Economic Growth and Neighbourhood Services
RBC Legal Entity,25/02/2022,4653486,271368,MARTIN COSTELLOE,Guaranteed Rent Scheme,694.59,Rents,Landlord,STANDARD,5872,KAAA-Directorate of Economic Growth and Neighbourhood Services
RBC Legal Entity,25/02/2022,4653502,271368,MARTIN COSTELLOE,Guaranteed Rent Scheme,880.53,Rents,Landlord,STANDARD,5872,KAAA-Directorate of Economic Growth and Neighbourhood Services
RBC Legal Entity,25/02/2022,4650556,271369,EVERYCARE READING,Charles Clore Court,2853.81,Agency Staff,SUPPLIER,STANDARD,5157,JAAA-Directorate of Social Care and Health Services
RBC Legal Entity,25/02/2022,4652786,271370,BARKAT ALI,Guaranteed Rent Scheme,694.59,Rents,Landlord,STANDARD,5872,KAAA-Directorate of Economic Growth and Neighbourhood Services
RBC Legal Entity,25/02/2022,4652902,271371,HUNTERS READING,Guaranteed Rent Scheme,694.59,Rents,Landlord,STANDARD,5872,KAAA-Directorate of Economic Growth and Neighbourhood Services
RBC Legal Entity,25/02/2022,4652955,271371,HUNTERS READING,Guaranteed Rent Scheme,880.53,Rents,Landlord,STANDARD,5872,KAAA-Directorate of Economic Growth and Neighbourhood Services
RBC Legal Entity,25/02/2022,4653145,271371,HUNTERS READING,Guaranteed Rent Scheme,865.8,Rents,Landlord,STANDARD,5872,KAAA-Directorate of Economic Growth and Neighbourhood Services
RBC Legal Entity,25/02/2022,4652981,271372,ROB WATSON,Guaranteed Rent Scheme,1006.72,Rents,SUPPLIER,STANDARD,5872,KAAA-Directorate of Economic Growth and Neighbourhood Services
RBC Legal Entity,25/02/2022,4653193,271373,CENTRUM PROPERTY MANAGEMENT LTD,Guaranteed Rent Scheme,694.59,Rents,SUPPLIER,STANDARD,5872,KAAA-Directorate of Economic Growth and Neighbourhood Services
RBC Legal Entity,25/02/2022,4653120,271374,SHAZIA FAZAL,Guaranteed Rent Scheme,682.98,Rents,SUPPLIER,STANDARD,5872,KAAA-Directorate of Economic Growth and Neighbourhood Services
RBC Legal Entity,25/02/2022,4653162,271374,SHAZIA FAZAL,Guaranteed Rent Scheme,682.98,Rents,SUPPLIER,STANDARD,5872,KAAA-Directorate of Economic Growth and Neighbourhood Services
RBC Legal Entity,25/02/2022,4653282,271374,SHAZIA FAZAL,Guaranteed Rent Scheme,1388.74,Rents,SUPPLIER,STANDARD,5872,KAAA-Directorate of Economic Growth and Neighbourhood Services
RBC Legal Entity,25/02/2022,4653469,271374,SHAZIA FAZAL,Guaranteed Rent Scheme,880.53,Rents,SUPPLIER,STANDARD,5872,KAAA-Directorate of Economic Growth and Neighbourhood Services
RBC Legal Entity,25/02/2022,4652927,271375,MIKE AND JACQUELINE MOSELEY,Guaranteed Rent Scheme,880.53,Rents,SUPPLIER,STANDARD,5872,KAAA-Directorate of Economic Growth and Neighbourhood Services
RBC Legal Entity,25/02/2022,4653027,271375,MIKE AND JACQUELINE MOSELEY,Guaranteed Rent Scheme,880.53,Rents,SUPPLIER,STANDARD,5872,KAAA-Directorate of Economic Growth and Neighbourhood Services
RBC Legal Entity,25/02/2022,4652882,271376,MR A SIMMONS,Guaranteed Rent Scheme,1006.72,Rents,SUPPLIER,STANDARD,5872,KAAA-Directorate of Economic Growth and Neighbourhood Services
RBC Legal Entity,25/02/2022,4652919,271376,MR A SIMMONS,Guaranteed Rent Scheme,1006.72,Rents,SUPPLIER,STANDARD,5872,KAAA-Directorate of Economic Growth and Neighbourhood Services
RBC Legal Entity,25/02/2022,4652896,271377,MR SALES AND LETTINGS LTD,Guaranteed Rent Scheme,880.53,Rents,Landlord,STANDARD,5872,KAAA-Directorate of Economic Growth and Neighbourhood Services
RBC Legal Entity,25/02/2022,4653190,271377,MR SALES AND LETTINGS LTD,Guaranteed Rent Scheme,880.53,Rents,Landlord,STANDARD,5872,KAAA-Directorate of Economic Growth and Neighbourhood Services
RBC Legal Entity,25/02/2022,4652766,271378,MS E HUTCHINSON,Guaranteed Rent Scheme,989.91,Rents,SUPPLIER,STANDARD,5872,KAAA-Directorate of Economic Growth and Neighbourhood Services
RBC Legal Entity,25/02/2022,4652964,271379,AARON MAYCOCK,Guaranteed Rent Scheme,694.59,Rents,SUPPLIER,STANDARD,5872,KAAA-Directorate of Economic Growth and Neighbourhood Services
RBC Legal Entity,25/02/2022,4652965,271379,AARON MAYCOCK,Guaranteed Rent Scheme,694.59,Rents,SUPPLIER,STANDARD,5872,KAAA-Directorate of Economic Growth and Neighbourhood Services
RBC Legal Entity,25/02/2022,4653211,271379,AARON MAYCOCK,Guaranteed Rent Scheme,880.53,Rents,SUPPLIER,STANDARD,5872,KAAA-Directorate of Economic Growth and Neighbourhood Services
RBC Legal Entity,25/02/2022,4652769,271381,PETER COLLINS,Guaranteed Rent Scheme,694.59,Rents,SUPPLIER,STANDARD,5872,KAAA-Directorate of Economic Growth and Neighbourhood Services
RBC Legal Entity,25/02/2022,4653143,271381,PETER COLLINS,Guaranteed Rent Scheme,880.53,Rents,SUPPLIER,STANDARD,5872,KAAA-Directorate of Economic Growth and Neighbourhood Services
RBC Legal Entity,25/02/2022,4653181,271381,PETER COLLINS,Guaranteed Rent Scheme,880.53,Rents,SUPPLIER,STANDARD,5872,KAAA-Directorate of Economic Growth and Neighbourhood Services
RBC Legal Entity,25/02/2022,4653224,271381,PETER COLLINS,Guaranteed Rent Scheme,694.59,Rents,SUPPLIER,STANDARD,5872,KAAA-Directorate of Economic Growth and Neighbourhood Services
RBC Legal Entity,25/02/2022,4653426,271381,PETER COLLINS,Guaranteed Rent Scheme,880.53,Rents,SUPPLIER,STANDARD,5872,KAAA-Directorate of Economic Growth and Neighbourhood Services
RBC Legal Entity,25/02/2022,4653437,271382,OLUKEMI ILELABOYE,Guaranteed Rent Scheme,880.53,Rents,SUPPLIER,STANDARD,5872,KAAA-Directorate of Economic Growth and Neighbourhood Services
RBC Legal Entity,25/02/2022,4652839,271384,KIM LEWENDON,Guaranteed Rent Scheme,880.53,Rents,SUPPLIER,STANDARD,5872,KAAA-Directorate of Economic Growth and Neighbourhood Services
RBC Legal Entity,25/02/2022,4653376,271385,OJAS ASSOCIATES LTD,Guaranteed Rent Scheme,880.53,Rents,Landlord,STANDARD,5872,KAAA-Directorate of Economic Growth and Neighbourhood Services
RBC Legal Entity,25/02/2022,4652837,271386,JACQUELINE STUBBS,Guaranteed Rent Scheme,880.53,Rents,SUPPLIER,STANDARD,5872,KAAA-Directorate of Economic Growth and Neighbourhood Services
RBC Legal Entity,25/02/2022,4652967,271387,FIONA & STEVE HOLLOWAY,Guaranteed Rent Scheme,1006.72,Rents,SUPPLIER,STANDARD,5872,KAAA-Directorate of Economic Growth and Neighbourhood Services
RBC Legal Entity,25/02/2022,4653231,271387,FIONA & STEVE HOLLOWAY,Guaranteed Rent Scheme,880.53,Rents,SUPPLIER,STANDARD,5872,KAAA-Directorate of Economic Growth and Neighbourhood Services
RBC Legal Entity,25/02/2022,4653366,271387,FIONA & STEVE HOLLOWAY,Guaranteed Rent Scheme,694.59,Rents,SUPPLIER,STANDARD,5872,KAAA-Directorate of Economic Growth and Neighbourhood Services
RBC Legal Entity,25/02/2022,4652849,271388,EDWARD KEITH JERROME,Guaranteed Rent Scheme,1388.74,Rents,SUPPLIER,STANDARD,5872,KAAA-Directorate of Economic Growth and Neighbourhood Services
RBC Legal Entity,25/02/2022,4652852,271389,DOUGLAS PUFFETT,Guaranteed Rent Scheme,865.8,Rents,SUPPLIER,STANDARD,5872,KAAA-Directorate of Economic Growth and Neighbourhood Services
RBC Legal Entity,25/02/2022,4652848,271390,NEIL COOKE,Guaranteed Rent Scheme,880.53,Rents,SUPPLIER,STANDARD,5872,KAAA-Directorate of Economic Growth and Neighbourhood Services
RBC Legal Entity,25/02/2022,4653393,271391,SIMON MCNIFFE,Guaranteed Rent Scheme,880.53,Rents,Direct Payments,STANDARD,5872,KAAA-Directorate of Economic Growth and Neighbourhood Services
RBC Legal Entity,25/02/2022,4652862,271392,ASHOK RODA,Guaranteed Rent Scheme,961.09,Rents,SUPPLIER,STANDARD,5872,KAAA-Directorate of Economic Growth and Neighbourhood Services
RBC Legal Entity,25/02/2022,4653509,271393,READING ALMSHOUSE CHARITY,Guaranteed Rent Scheme,642,Rents,Landlord,STANDARD,5872,KAAA-Directorate of Economic Growth and Neighbourhood Services
RBC Legal Entity,25/02/2022,4653518,271394,ROSS DALFSEN,Guaranteed Rent Scheme,694.59,Rents,Direct Payments,STANDARD,5872,KAAA-Directorate of Economic Growth and Neighbourhood Services
RBC Legal Entity,25/02/2022,4653511,271395,LISA JONES-ALLEN,Guaranteed Rent Scheme,694.59,Rents,Direct Payments,STANDARD,5872,KAAA-Directorate of Economic Growth and Neighbourhood Services
RBC Legal Entity,25/02/2022,4653517,271396,LYNN & ROBERT ELEY,Guaranteed Rent Scheme,694.59,Rents,Direct Payments,STANDARD,5872,KAAA-Directorate of Economic Growth and Neighbourhood Services
RBC Legal Entity,25/02/2022,4653962,271398,ETERNAL READING HOMECARE,PS Acquired Community Services,913.5,Purchased Care,Third Party Supplier,STANDARD,5771,JAAA-Directorate of Social Care and Health Services
RBC Legal Entity,25/02/2022,4653964,271398,ETERNAL READING HOMECARE,Social Support,882,Purchased Care,Third Party Supplier,STANDARD,5790,JAAA-Directorate of Social Care and Health Services
RBC Legal Entity,25/02/2022,4653977,271398,ETERNAL READING HOMECARE,PS Acquired Community Services,882,Purchased Care,Third Party Supplier,STANDARD,5771,JAAA-Directorate of Social Care and Health Services
RBC Legal Entity,25/02/2022,4652781,271399,PRODATA SYSTEMS LTD,Guaranteed Rent Scheme,682.98,Rents,Landlord,STANDARD,5872,KAAA-Directorate of Economic Growth and Neighbourhood Services
RBC Legal Entity,25/02/2022,4653197,271399,PRODATA SYSTEMS LTD,Guaranteed Rent Scheme,694.59,Rents,Landlord,STANDARD,5872,KAAA-Directorate of Economic Growth and Neighbourhood Services
RBC Legal Entity,25/02/2022,4653264,271399,PRODATA SYSTEMS LTD,Guaranteed Rent Scheme,880.53,Rents,Landlord,STANDARD,5872,KAAA-Directorate of Economic Growth and Neighbourhood Services
RBC Legal Entity,25/02/2022,4653268,271399,PRODATA SYSTEMS LTD,Guaranteed Rent Scheme,694.59,Rents,Landlord,STANDARD,5872,KAAA-Directorate of Economic Growth and Neighbourhood Services
RBC Legal Entity,25/02/2022,4653296,271399,PRODATA SYSTEMS LTD,Guaranteed Rent Scheme,694.59,Rents,Landlord,STANDARD,5872,KAAA-Directorate of Economic Growth and Neighbourhood Services
RBC Legal Entity,25/02/2022,4653304,271399,PRODATA SYSTEMS LTD,Guaranteed Rent Scheme,694.59,Rents,Landlord,STANDARD,5872,KAAA-Directorate of Economic Growth and Neighbourhood Services
RBC Legal Entity,25/02/2022,4653334,271399,PRODATA SYSTEMS LTD,Guaranteed Rent Scheme,694.59,Rents,Landlord,STANDARD,5872,KAAA-Directorate of Economic Growth and Neighbourhood Services
RBC Legal Entity,25/02/2022,4653345,271399,PRODATA SYSTEMS LTD,Guaranteed Rent Scheme,694.59,Rents,Landlord,STANDARD,5872,KAAA-Directorate of Economic Growth and Neighbourhood Services
RBC Legal Entity,25/02/2022,4653481,271399,PRODATA SYSTEMS LTD,Guaranteed Rent Scheme,694.59,Rents,Landlord,STANDARD,5872,KAAA-Directorate of Economic Growth and Neighbourhood Services
RBC Legal Entity,25/02/2022,4652812,271400,PAUL HUTCHMAN,Guaranteed Rent Scheme,694.59,Rents,Landlord,STANDARD,5872,KAAA-Directorate of Economic Growth and Neighbourhood Services
RBC Legal Entity,25/02/2022,4653169,271400,PAUL HUTCHMAN,Guaranteed Rent Scheme,694.59,Rents,Landlord,STANDARD,5872,KAAA-Directorate of Economic Growth and Neighbourhood Services
RBC Legal Entity,25/02/2022,4652758,271401,AIDAN COSTELLOE,Guaranteed Rent Scheme,694.59,Rents,SUPPLIER,STANDARD,5872,KAAA-Directorate of Economic Growth and Neighbourhood Services
RBC Legal Entity,25/02/2022,4652856,271401,AIDAN COSTELLOE,Guaranteed Rent Scheme,880.53,Rents,SUPPLIER,STANDARD,5872,KAAA-Directorate of Economic Growth and Neighbourhood Services
RBC Legal Entity,25/02/2022,4652963,271401,AIDAN COSTELLOE,Guaranteed Rent Scheme,880.53,Rents,SUPPLIER,STANDARD,5872,KAAA-Directorate of Economic Growth and Neighbourhood Services
RBC Legal Entity,25/02/2022,4653448,271401,AIDAN COSTELLOE,Guaranteed Rent Scheme,694.59,Rents,SUPPLIER,STANDARD,5872,KAAA-Directorate of Economic Growth and Neighbourhood Services
RBC Legal Entity,25/02/2022,4653522,271401,AIDAN COSTELLOE,Guaranteed Rent Scheme,880.53,Rents,SUPPLIER,STANDARD,5872,KAAA-Directorate of Economic Growth and Neighbourhood Services
RBC Legal Entity,25/02/2022,4652907,271402,SANSOME & GEORGE (BERKSHIRE) LIMITED,Guaranteed Rent Scheme,840.58,Rents,Landlord,STANDARD,5872,KAAA-Directorate of Economic Growth and Neighbourhood Services
RBC Legal Entity,25/02/2022,4652935,271402,SANSOME & GEORGE (BERKSHIRE) LIMITED,Guaranteed Rent Scheme,880.53,Rents,Landlord,STANDARD,5872,KAAA-Directorate of Economic Growth and Neighbourhood Services
RBC Legal Entity,25/02/2022,4652945,271402,SANSOME & GEORGE (BERKSHIRE) LIMITED,Guaranteed Rent Scheme,865.8,Rents,Landlord,STANDARD,5872,KAAA-Directorate of Economic Growth and Neighbourhood Services
RBC Legal Entity,25/02/2022,4653042,271402,SANSOME & GEORGE (BERKSHIRE) LIMITED,Guaranteed Rent Scheme,694.59,Rents,Landlord,STANDARD,5872,KAAA-Directorate of Economic Growth and Neighbourhood Services
RBC Legal Entity,25/02/2022,4653084,271402,SANSOME & GEORGE (BERKSHIRE) LIMITED,Guaranteed Rent Scheme,682.98,Rents,Landlord,STANDARD,5872,KAAA-Directorate of Economic Growth and Neighbourhood Services
RBC Legal Entity,25/02/2022,4653256,271402,SANSOME & GEORGE (BERKSHIRE) LIMITED,Guaranteed Rent Scheme,880.53,Rents,Landlord,STANDARD,5872,KAAA-Directorate of Economic Growth and Neighbourhood Services
RBC Legal Entity,25/02/2022,4653278,271402,SANSOME & GEORGE (BERKSHIRE) LIMITED,Guaranteed Rent Scheme,880.53,Rents,Landlord,STANDARD,5872,KAAA-Directorate of Economic Growth and Neighbourhood Services
RBC Legal Entity,25/02/2022,4653291,271402,SANSOME & GEORGE (BERKSHIRE) LIMITED,Guaranteed Rent Scheme,694.59,Rents,Landlord,STANDARD,5872,KAAA-Directorate of Economic Growth and Neighbourhood Services
RBC Legal Entity,25/02/2022,4653361,271402,SANSOME & GEORGE (BERKSHIRE) LIMITED,Guaranteed Rent Scheme,694.59,Rents,Landlord,STANDARD,5872,KAAA-Directorate of Economic Growth and Neighbourhood Services
RBC Legal Entity,25/02/2022,4653492,271402,SANSOME & GEORGE (BERKSHIRE) LIMITED,Guaranteed Rent Scheme,694.59,Rents,Landlord,STANDARD,5872,KAAA-Directorate of Economic Growth and Neighbourhood Services
RBC Legal Entity,25/02/2022,4653514,271402,SANSOME & GEORGE (BERKSHIRE) LIMITED,Guaranteed Rent Scheme,694.59,Rents,Landlord,STANDARD,5872,KAAA-Directorate of Economic Growth and Neighbourhood Services
RBC Legal Entity,25/02/2022,4652482,271403,FRANCIS CONSTRUCTION LTD,HRA portfolio expansion,4382.08,External Fees  Misc.,SUB-CONTRACTOR,STANDARD,8518,ZZZC-Capital
RBC Legal Entity,25/02/2022,4652482,271403,FRANCIS CONSTRUCTION LTD,HRA portfolio expansion,7558.31,External Fees  Misc.,SUB-CONTRACTOR,STANDARD,8518,ZZZC-Capital
RBC Legal Entity,25/02/2022,4652482,271403,FRANCIS CONSTRUCTION LTD,HRA portfolio expansion,41566.74,External Fees  Misc.,SUB-CONTRACTOR,STANDARD,8518,ZZZC-Capital
RBC Legal Entity,25/02/2022,4652482,271403,FRANCIS CONSTRUCTION LTD,HRA portfolio expansion,52127.25,External Fees  Misc.,SUB-CONTRACTOR,STANDARD,8518,ZZZC-Capital
RBC Legal Entity,25/02/2022,4652482,271403,FRANCIS CONSTRUCTION LTD,HRA portfolio expansion,126875.13,External Fees  Misc.,SUB-CONTRACTOR,STANDARD,8518,ZZZC-Capital
RBC Legal Entity,25/02/2022,4652009,271404,M A SERGENT,Corporate Maintenance Services,131.15,TPP  Contract,SUB-CONTRACTOR,STANDARD,4080,KAAA-Directorate of Economic Growth and Neighbourhood Services
RBC Legal Entity,25/02/2022,4652009,271404,M A SERGENT,Corporate Maintenance Services,368.85,Leasing Costs,SUB-CONTRACTOR,STANDARD,4080,KAAA-Directorate of Economic Growth and Neighbourhood Services
RBC Legal Entity,25/02/2022,4651910,271405,ADASS,ASC Senior Management Team,77,Conference Expenses,Third Party Supplier,STANDARD,5700,JAAA-Directorate of Social Care and Health Services
RBC Legal Entity,25/02/2022,4651910,271405,ADASS,ASC Senior Management Team,550,Conference Expenses,Third Party Supplier,STANDARD,5700,JAAA-Directorate of Social Care and Health Services
RBC Legal Entity,25/02/2022,4652884,271406,MR D GRIFFITHS,Guaranteed Rent Scheme,880.53,Rents,SUPPLIER,STANDARD,5872,KAAA-Directorate of Economic Growth and Neighbourhood Services
RBC Legal Entity,25/02/2022,4652951,271406,MR D GRIFFITHS,Guaranteed Rent Scheme,694.59,Rents,SUPPLIER,STANDARD,5872,KAAA-Directorate of Economic Growth and Neighbourhood Services
RBC Legal Entity,25/02/2022,4653105,271406,MR D GRIFFITHS,Guaranteed Rent Scheme,880.53,Rents,SUPPLIER,STANDARD,5872,KAAA-Directorate of Economic Growth and Neighbourhood Services
RBC Legal Entity,25/02/2022,4652961,271408,JANE MALEY,Guaranteed Rent Scheme,880.53,Rents,SUPPLIER,STANDARD,5872,KAAA-Directorate of Economic Growth and Neighbourhood Services
RBC Legal Entity,25/02/2022,4653520,271408,JANE MALEY,Guaranteed Rent Scheme,1006.72,Rents,SUPPLIER,STANDARD,5872,KAAA-Directorate of Economic Growth and Neighbourhood Services
RBC Legal Entity,25/02/2022,4652772,271409,CHEERENT LTD T/A VANDERPUMP & WELLBELOVE,Guaranteed Rent Scheme,694.59,Rents,Landlord,STANDARD,5872,KAAA-Directorate of Economic Growth and Neighbourhood Services
RBC Legal Entity,25/02/2022,4652782,271409,CHEERENT LTD T/A VANDERPUMP & WELLBELOVE,Guaranteed Rent Scheme,694.59,Rents,Landlord,STANDARD,5872,KAAA-Directorate of Economic Growth and Neighbourhood Services
RBC Legal Entity,25/02/2022,4652830,271409,CHEERENT LTD T/A VANDERPUMP & WELLBELOVE,Guaranteed Rent Scheme,694.59,Rents,Landlord,STANDARD,5872,KAAA-Directorate of Economic Growth and Neighbourhood Services
RBC Legal Entity,25/02/2022,4652831,271409,CHEERENT LTD T/A VANDERPUMP & WELLBELOVE,Guaranteed Rent Scheme,694.59,Rents,Landlord,STANDARD,5872,KAAA-Directorate of Economic Growth and Neighbourhood Services
RBC Legal Entity,25/02/2022,4652835,271409,CHEERENT LTD T/A VANDERPUMP & WELLBELOVE,Guaranteed Rent Scheme,694.59,Rents,Landlord,STANDARD,5872,KAAA-Directorate of Economic Growth and Neighbourhood Services
RBC Legal Entity,25/02/2022,4652838,271409,CHEERENT LTD T/A VANDERPUMP & WELLBELOVE,Guaranteed Rent Scheme,694.59,Rents,Landlord,STANDARD,5872,KAAA-Directorate of Economic Growth and Neighbourhood Services
RBC Legal Entity,25/02/2022,4652844,271409,CHEERENT LTD T/A VANDERPUMP & WELLBELOVE,Guaranteed Rent Scheme,694.59,Rents,Landlord,STANDARD,5872,KAAA-Directorate of Economic Growth and Neighbourhood Services
RBC Legal Entity,25/02/2022,4652850,271409,CHEERENT LTD T/A VANDERPUMP & WELLBELOVE,Guaranteed Rent Scheme,1006.72,Rents,Landlord,STANDARD,5872,KAAA-Directorate of Economic Growth and Neighbourhood Services
RBC Legal Entity,25/02/2022,4652855,271409,CHEERENT LTD T/A VANDERPUMP & WELLBELOVE,Guaranteed Rent Scheme,1006.72,Rents,Landlord,STANDARD,5872,KAAA-Directorate of Economic Growth and Neighbourhood Services
RBC Legal Entity,25/02/2022,4652863,271409,CHEERENT LTD T/A VANDERPUMP & WELLBELOVE,Guaranteed Rent Scheme,880.53,Rents,Landlord,STANDARD,5872,KAAA-Directorate of Economic Growth and Neighbourhood Services
RBC Legal Entity,25/02/2022,4652864,271409,CHEERENT LTD T/A VANDERPUMP & WELLBELOVE,Guaranteed Rent Scheme,694.59,Rents,Landlord,STANDARD,5872,KAAA-Directorate of Economic Growth and Neighbourhood Services
RBC Legal Entity,25/02/2022,4652865,271409,CHEERENT LTD T/A VANDERPUMP & WELLBELOVE,Guaranteed Rent Scheme,961.09,Rents,Landlord,STANDARD,5872,KAAA-Directorate of Economic Growth and Neighbourhood Services
RBC Legal Entity,25/02/2022,4652917,271409,CHEERENT LTD T/A VANDERPUMP & WELLBELOVE,Guaranteed Rent Scheme,880.53,Rents,Landlord,STANDARD,5872,KAAA-Directorate of Economic Growth and Neighbourhood Services
RBC Legal Entity,25/02/2022,4652929,271409,CHEERENT LTD T/A VANDERPUMP & WELLBELOVE,Guaranteed Rent Scheme,694.59,Rents,Landlord,STANDARD,5872,KAAA-Directorate of Economic Growth and Neighbourhood Services
RBC Legal Entity,25/02/2022,4652940,271409,CHEERENT LTD T/A VANDERPUMP & WELLBELOVE,Guaranteed Rent Scheme,694.59,Rents,Landlord,STANDARD,5872,KAAA-Directorate of Economic Growth and Neighbourhood Services
RBC Legal Entity,25/02/2022,4652944,271409,CHEERENT LTD T/A VANDERPUMP & WELLBELOVE,Guaranteed Rent Scheme,880.53,Rents,Landlord,STANDARD,5872,KAAA-Directorate of Economic Growth and Neighbourhood Services
RBC Legal Entity,25/02/2022,4652991,271409,CHEERENT LTD T/A VANDERPUMP & WELLBELOVE,Guaranteed Rent Scheme,694.59,Rents,Landlord,STANDARD,5872,KAAA-Directorate of Economic Growth and Neighbourhood Services
RBC Legal Entity,25/02/2022,4652997,271409,CHEERENT LTD T/A VANDERPUMP & WELLBELOVE,Guaranteed Rent Scheme,880.53,Rents,Landlord,STANDARD,5872,KAAA-Directorate of Economic Growth and Neighbourhood Services
RBC Legal Entity,25/02/2022,4653040,271409,CHEERENT LTD T/A VANDERPUMP & WELLBELOVE,Guaranteed Rent Scheme,880.53,Rents,Landlord,STANDARD,5872,KAAA-Directorate of Economic Growth and Neighbourhood Services
RBC Legal Entity,25/02/2022,4653041,271409,CHEERENT LTD T/A VANDERPUMP & WELLBELOVE,Guaranteed Rent Scheme,694.59,Rents,Landlord,STANDARD,5872,KAAA-Directorate of Economic Growth and Neighbourhood Services
RBC Legal Entity,25/02/2022,4653050,271409,CHEERENT LTD T/A VANDERPUMP & WELLBELOVE,Guaranteed Rent Scheme,694.59,Rents,Landlord,STANDARD,5872,KAAA-Directorate of Economic Growth and Neighbourhood Services
RBC Legal Entity,25/02/2022,4653068,271409,CHEERENT LTD T/A VANDERPUMP & WELLBELOVE,Guaranteed Rent Scheme,694.59,Rents,Landlord,STANDARD,5872,KAAA-Directorate of Economic Growth and Neighbourhood Services
RBC Legal Entity,25/02/2022,4653092,271409,CHEERENT LTD T/A VANDERPUMP & WELLBELOVE,Guaranteed Rent Scheme,880.53,Rents,Landlord,STANDARD,5872,KAAA-Directorate of Economic Growth and Neighbourhood Services
RBC Legal Entity,25/02/2022,4653094,271409,CHEERENT LTD T/A VANDERPUMP & WELLBELOVE,Guaranteed Rent Scheme,880.53,Rents,Landlord,STANDARD,5872,KAAA-Directorate of Economic Growth and Neighbourhood Services
RBC Legal Entity,25/02/2022,4653132,271409,CHEERENT LTD T/A VANDERPUMP & WELLBELOVE,Guaranteed Rent Scheme,989.91,Rents,Landlord,STANDARD,5872,KAAA-Directorate of Economic Growth and Neighbourhood Services
RBC Legal Entity,25/02/2022,4653142,271409,CHEERENT LTD T/A VANDERPUMP & WELLBELOVE,Guaranteed Rent Scheme,880.53,Rents,Landlord,STANDARD,5872,KAAA-Directorate of Economic Growth and Neighbourhood Services
RBC Legal Entity,25/02/2022,4653144,271409,CHEERENT LTD T/A VANDERPUMP & WELLBELOVE,Guaranteed Rent Scheme,880.53,Rents,Landlord,STANDARD,5872,KAAA-Directorate of Economic Growth and Neighbourhood Services
RBC Legal Entity,25/02/2022,4653152,271409,CHEERENT LTD T/A VANDERPUMP & WELLBELOVE,Guaranteed Rent Scheme,694.59,Rents,Landlord,STANDARD,5872,KAAA-Directorate of Economic Growth and Neighbourhood Services
RBC Legal Entity,25/02/2022,4653170,271409,CHEERENT LTD T/A VANDERPUMP & WELLBELOVE,Guaranteed Rent Scheme,880.53,Rents,Landlord,STANDARD,5872,KAAA-Directorate of Economic Growth and Neighbourhood Services
RBC Legal Entity,25/02/2022,4653192,271409,CHEERENT LTD T/A VANDERPUMP & WELLBELOVE,Guaranteed Rent Scheme,1006.72,Rents,Landlord,STANDARD,5872,KAAA-Directorate of Economic Growth and Neighbourhood Services
RBC Legal Entity,25/02/2022,4653194,271409,CHEERENT LTD T/A VANDERPUMP & WELLBELOVE,Guaranteed Rent Scheme,694.59,Rents,Landlord,STANDARD,5872,KAAA-Directorate of Economic Growth and Neighbourhood Services
RBC Legal Entity,25/02/2022,4653203,271409,CHEERENT LTD T/A VANDERPUMP & WELLBELOVE,Guaranteed Rent Scheme,694.59,Rents,Landlord,STANDARD,5872,KAAA-Directorate of Economic Growth and Neighbourhood Services
RBC Legal Entity,25/02/2022,4653210,271409,CHEERENT LTD T/A VANDERPUMP & WELLBELOVE,Guaranteed Rent Scheme,694.59,Rents,Landlord,STANDARD,5872,KAAA-Directorate of Economic Growth and Neighbourhood Services
RBC Legal Entity,25/02/2022,4653212,271409,CHEERENT LTD T/A VANDERPUMP & WELLBELOVE,Guaranteed Rent Scheme,880.53,Rents,Landlord,STANDARD,5872,KAAA-Directorate of Economic Growth and Neighbourhood Services
RBC Legal Entity,25/02/2022,4653216,271409,CHEERENT LTD T/A VANDERPUMP & WELLBELOVE,Guaranteed Rent Scheme,694.59,Rents,Landlord,STANDARD,5872,KAAA-Directorate of Economic Growth and Neighbourhood Services
RBC Legal Entity,25/02/2022,4653233,271409,CHEERENT LTD T/A VANDERPUMP & WELLBELOVE,Guaranteed Rent Scheme,694.59,Rents,Landlord,STANDARD,5872,KAAA-Directorate of Economic Growth and Neighbourhood Services
RBC Legal Entity,25/02/2022,4653322,271409,CHEERENT LTD T/A VANDERPUMP & WELLBELOVE,Guaranteed Rent Scheme,880.53,Rents,Landlord,STANDARD,5872,KAAA-Directorate of Economic Growth and Neighbourhood Services
RBC Legal Entity,25/02/2022,4653331,271409,CHEERENT LTD T/A VANDERPUMP & WELLBELOVE,Guaranteed Rent Scheme,1006.72,Rents,Landlord,STANDARD,5872,KAAA-Directorate of Economic Growth and Neighbourhood Services
RBC Legal Entity,25/02/2022,4653339,271409,CHEERENT LTD T/A VANDERPUMP & WELLBELOVE,Guaranteed Rent Scheme,880.53,Rents,Landlord,STANDARD,5872,KAAA-Directorate of Economic Growth and Neighbourhood Services
RBC Legal Entity,25/02/2022,4653343,271409,CHEERENT LTD T/A VANDERPUMP & WELLBELOVE,Guaranteed Rent Scheme,1006.72,Rents,Landlord,STANDARD,5872,KAAA-Directorate of Economic Growth and Neighbourhood Services
RBC Legal Entity,25/02/2022,4653344,271409,CHEERENT LTD T/A VANDERPUMP & WELLBELOVE,Guaranteed Rent Scheme,1388.74,Rents,Landlord,STANDARD,5872,KAAA-Directorate of Economic Growth and Neighbourhood Services
RBC Legal Entity,25/02/2022,4653353,271409,CHEERENT LTD T/A VANDERPUMP & WELLBELOVE,Guaranteed Rent Scheme,694.59,Rents,Landlord,STANDARD,5872,KAAA-Directorate of Economic Growth and Neighbourhood Services
RBC Legal Entity,25/02/2022,4653356,271409,CHEERENT LTD T/A VANDERPUMP & WELLBELOVE,Guaranteed Rent Scheme,694.59,Rents,Landlord,STANDARD,5872,KAAA-Directorate of Economic Growth and Neighbourhood Services
RBC Legal Entity,25/02/2022,4653371,271409,CHEERENT LTD T/A VANDERPUMP & WELLBELOVE,Guaranteed Rent Scheme,694.59,Rents,Landlord,STANDARD,5872,KAAA-Directorate of Economic Growth and Neighbourhood Services
RBC Legal Entity,25/02/2022,4653381,271409,CHEERENT LTD T/A VANDERPUMP & WELLBELOVE,Guaranteed Rent Scheme,1006.72,Rents,Landlord,STANDARD,5872,KAAA-Directorate of Economic Growth and Neighbourhood Services
RBC Legal Entity,25/02/2022,4653383,271409,CHEERENT LTD T/A VANDERPUMP & WELLBELOVE,Guaranteed Rent Scheme,694.59,Rents,Landlord,STANDARD,5872,KAAA-Directorate of Economic Growth and Neighbourhood Services
RBC Legal Entity,25/02/2022,4653397,271409,CHEERENT LTD T/A VANDERPUMP & WELLBELOVE,Guaranteed Rent Scheme,880.53,Rents,Landlord,STANDARD,5872,KAAA-Directorate of Economic Growth and Neighbourhood Services
RBC Legal Entity,25/02/2022,4653411,271409,CHEERENT LTD T/A VANDERPUMP & WELLBELOVE,Guaranteed Rent Scheme,880.53,Rents,Landlord,STANDARD,5872,KAAA-Directorate of Economic Growth and Neighbourhood Services
RBC Legal Entity,25/02/2022,4653418,271409,CHEERENT LTD T/A VANDERPUMP & WELLBELOVE,Guaranteed Rent Scheme,694.59,Rents,Landlord,STANDARD,5872,KAAA-Directorate of Economic Growth and Neighbourhood Services
RBC Legal Entity,25/02/2022,4653424,271409,CHEERENT LTD T/A VANDERPUMP & WELLBELOVE,Guaranteed Rent Scheme,880.53,Rents,Landlord,STANDARD,5872,KAAA-Directorate of Economic Growth and Neighbourhood Services
RBC Legal Entity,25/02/2022,4653439,271409,CHEERENT LTD T/A VANDERPUMP & WELLBELOVE,Guaranteed Rent Scheme,1006.72,Rents,Landlord,STANDARD,5872,KAAA-Directorate of Economic Growth and Neighbourhood Services
RBC Legal Entity,25/02/2022,4653471,271409,CHEERENT LTD T/A VANDERPUMP & WELLBELOVE,Guaranteed Rent Scheme,694.59,Rents,Landlord,STANDARD,5872,KAAA-Directorate of Economic Growth and Neighbourhood Services
RBC Legal Entity,25/02/2022,4653477,271409,CHEERENT LTD T/A VANDERPUMP & WELLBELOVE,Guaranteed Rent Scheme,1006.72,Rents,Landlord,STANDARD,5872,KAAA-Directorate of Economic Growth and Neighbourhood Services
RBC Legal Entity,25/02/2022,4653498,271409,CHEERENT LTD T/A VANDERPUMP & WELLBELOVE,Guaranteed Rent Scheme,1006.72,Rents,Landlord,STANDARD,5872,KAAA-Directorate of Economic Growth and Neighbourhood Services
RBC Legal Entity,25/02/2022,4653510,271409,CHEERENT LTD T/A VANDERPUMP & WELLBELOVE,Guaranteed Rent Scheme,880.53,Rents,Landlord,STANDARD,5872,KAAA-Directorate of Economic Growth and Neighbourhood Services
RBC Legal Entity,25/02/2022,4653524,271409,CHEERENT LTD T/A VANDERPUMP & WELLBELOVE,Guaranteed Rent Scheme,694.59,Rents,Landlord,STANDARD,5872,KAAA-Directorate of Economic Growth and Neighbourhood Services
RBC Legal Entity,25/02/2022,4653525,271409,CHEERENT LTD T/A VANDERPUMP & WELLBELOVE,Guaranteed Rent Scheme,880.53,Rents,Landlord,STANDARD,5872,KAAA-Directorate of Economic Growth and Neighbourhood Services
RBC Legal Entity,25/02/2022,4653128,271411,NIGEL ELKES & KARL FISCHER T/A ATTERBURYS,Guaranteed Rent Scheme,694.59,Rents,SUPPLIER,STANDARD,5872,KAAA-Directorate of Economic Growth and Neighbourhood Services
RBC Legal Entity,25/02/2022,4653165,271411,NIGEL ELKES & KARL FISCHER T/A ATTERBURYS,Guaranteed Rent Scheme,694.59,Rents,SUPPLIER,STANDARD,5872,KAAA-Directorate of Economic Growth and Neighbourhood Services
RBC Legal Entity,25/02/2022,4653235,271411,NIGEL ELKES & KARL FISCHER T/A ATTERBURYS,Guaranteed Rent Scheme,880.53,Rents,SUPPLIER,STANDARD,5872,KAAA-Directorate of Economic Growth and Neighbourhood Services
RBC Legal Entity,25/02/2022,4651907,271412,EVERSHEDS LLP,Legal Services,2112,Misc. Legal Expenses,Third Party Supplier,STANDARD,2400,LAAA-Directorate of Resources
RBC Legal Entity,25/02/2022,4651912,271412,EVERSHEDS LLP,Legal Services,4266,Misc. Legal Expenses,Third Party Supplier,STANDARD,2400,LAAA-Directorate of Resources
RBC Legal Entity,25/02/2022,4651913,271412,EVERSHEDS LLP,Legal Services,3373,Misc. Legal Expenses,Third Party Supplier,STANDARD,2400,LAAA-Directorate of Resources
RBC Legal Entity,25/02/2022,4652859,271413,SALIM & NIMMI AHMED,Guaranteed Rent Scheme,1006.72,Rents,SUPPLIER,STANDARD,5872,KAAA-Directorate of Economic Growth and Neighbourhood Services
RBC Legal Entity,25/02/2022,4653114,271414,SMART MOVE ESTATE AGENTS UK LTD,Guaranteed Rent Scheme,694.59,Rents,SUPPLIER,STANDARD,5872,KAAA-Directorate of Economic Growth and Neighbourhood Services
RBC Legal Entity,25/02/2022,4652866,271415,NICOLA FIELDEN,Guaranteed Rent Scheme,880.53,Rents,SUPPLIER,STANDARD,5872,KAAA-Directorate of Economic Growth and Neighbourhood Services
RBC Legal Entity,25/02/2022,4653430,271416,JUAN D'COSTA,Guaranteed Rent Scheme,880.53,Rents,SUPPLIER,STANDARD,5872,KAAA-Directorate of Economic Growth and Neighbourhood Services
RBC Legal Entity,25/02/2022,4652875,271417,JIM TOWNSEND & COMPANY,Guaranteed Rent Scheme,694.59,Rents,SUPPLIER,STANDARD,5872,KAAA-Directorate of Economic Growth and Neighbourhood Services
RBC Legal Entity,25/02/2022,4652888,271417,JIM TOWNSEND & COMPANY,Guaranteed Rent Scheme,1006.72,Rents,SUPPLIER,STANDARD,5872,KAAA-Directorate of Economic Growth and Neighbourhood Services
RBC Legal Entity,25/02/2022,4652912,271417,JIM TOWNSEND & COMPANY,Guaranteed Rent Scheme,1006.72,Rents,SUPPLIER,STANDARD,5872,KAAA-Directorate of Economic Growth and Neighbourhood Services
RBC Legal Entity,25/02/2022,4652942,271417,JIM TOWNSEND & COMPANY,Guaranteed Rent Scheme,694.59,Rents,SUPPLIER,STANDARD,5872,KAAA-Directorate of Economic Growth and Neighbourhood Services
RBC Legal Entity,25/02/2022,4652966,271417,JIM TOWNSEND & COMPANY,Guaranteed Rent Scheme,1006.72,Rents,SUPPLIER,STANDARD,5872,KAAA-Directorate of Economic Growth and Neighbourhood Services
RBC Legal Entity,25/02/2022,4653028,271417,JIM TOWNSEND & COMPANY,Guaranteed Rent Scheme,1006.72,Rents,SUPPLIER,STANDARD,5872,KAAA-Directorate of Economic Growth and Neighbourhood Services
RBC Legal Entity,25/02/2022,4653035,271417,JIM TOWNSEND & COMPANY,Guaranteed Rent Scheme,880.53,Rents,SUPPLIER,STANDARD,5872,KAAA-Directorate of Economic Growth and Neighbourhood Services
RBC Legal Entity,25/02/2022,4653139,271417,JIM TOWNSEND & COMPANY,Guaranteed Rent Scheme,1006.72,Rents,SUPPLIER,STANDARD,5872,KAAA-Directorate of Economic Growth and Neighbourhood Services
RBC Legal Entity,25/02/2022,4653147,271417,JIM TOWNSEND & COMPANY,Guaranteed Rent Scheme,694.59,Rents,SUPPLIER,STANDARD,5872,KAAA-Directorate of Economic Growth and Neighbourhood Services
RBC Legal Entity,25/02/2022,4653234,271417,JIM TOWNSEND & COMPANY,Guaranteed Rent Scheme,1006.72,Rents,SUPPLIER,STANDARD,5872,KAAA-Directorate of Economic Growth and Neighbourhood Services
RBC Legal Entity,25/02/2022,4653244,271417,JIM TOWNSEND & COMPANY,Guaranteed Rent Scheme,880.53,Rents,SUPPLIER,STANDARD,5872,KAAA-Directorate of Economic Growth and Neighbourhood Services
RBC Legal Entity,25/02/2022,4652872,271418,GERRY SKERRITT,Guaranteed Rent Scheme,663.08,Rents,SUPPLIER,STANDARD,5872,KAAA-Directorate of Economic Growth and Neighbourhood Services
RBC Legal Entity,25/02/2022,4652883,271419,FRANK MCDONAGH,Guaranteed Rent Scheme,694.59,Rents,SUPPLIER,STANDARD,5872,KAAA-Directorate of Economic Growth and Neighbourhood Services
RBC Legal Entity,25/02/2022,4653401,271419,FRANK MCDONAGH,Guaranteed Rent Scheme,880.53,Rents,SUPPLIER,STANDARD,5872,KAAA-Directorate of Economic Growth and Neighbourhood Services
RBC Legal Entity,25/02/2022,4652878,271420,LUKE RICHARDS,Guaranteed Rent Scheme,1006.72,Rents,SUPPLIER,STANDARD,5872,KAAA-Directorate of Economic Growth and Neighbourhood Services
RBC Legal Entity,25/02/2022,4648623,271421,JBROUGHTON CONSULTING LTD,JLT Disbursements,2157.6,Misc. Legal Expenses,SUPPLIER,STANDARD,2407,LAAA-Directorate of Resources
RBC Legal Entity,25/02/2022,4652987,271422,P J CHANCE,Guaranteed Rent Scheme,880.53,Rents,Landlord,STANDARD,5872,KAAA-Directorate of Economic Growth and Neighbourhood Services
RBC Legal Entity,25/02/2022,4653099,271422,P J CHANCE,Guaranteed Rent Scheme,682.98,Rents,Landlord,STANDARD,5872,KAAA-Directorate of Economic Growth and Neighbourhood Services
RBC Legal Entity,25/02/2022,4653428,271422,P J CHANCE,Guaranteed Rent Scheme,694.59,Rents,Landlord,STANDARD,5872,KAAA-Directorate of Economic Growth and Neighbourhood Services
RBC Legal Entity,25/02/2022,4652887,271423,EDWARD PAUL,Guaranteed Rent Scheme,1006.72,Rents,SUPPLIER,STANDARD,5872,KAAA-Directorate of Economic Growth and Neighbourhood Services
RBC Legal Entity,25/02/2022,4652989,271424,ACUITY ASSETS LIMITED,Guaranteed Rent Scheme,880.53,Rents,SUPPLIER,STANDARD,5872,KAAA-Directorate of Economic Growth and Neighbourhood Services
RBC Legal Entity,25/02/2022,4653043,271425,KAREN JONES,Guaranteed Rent Scheme,880.53,Rents,SUPPLIER,STANDARD,5872,KAAA-Directorate of Economic Growth and Neighbourhood Services
RBC Legal Entity,25/02/2022,4652760,271427,TRACY THACKER,Guaranteed Rent Scheme,880.53,Rents,SUPPLIER,STANDARD,5872,KAAA-Directorate of Economic Growth and Neighbourhood Services
RBC Legal Entity,25/02/2022,4652820,271427,TRACY THACKER,Guaranteed Rent Scheme,880.53,Rents,SUPPLIER,STANDARD,5872,KAAA-Directorate of Economic Growth and Neighbourhood Services
RBC Legal Entity,25/02/2022,4652880,271427,TRACY THACKER,Guaranteed Rent Scheme,880.53,Rents,SUPPLIER,STANDARD,5872,KAAA-Directorate of Economic Growth and Neighbourhood Services
RBC Legal Entity,25/02/2022,4653054,271427,TRACY THACKER,Guaranteed Rent Scheme,880.53,Rents,SUPPLIER,STANDARD,5872,KAAA-Directorate of Economic Growth and Neighbourhood Services
RBC Legal Entity,25/02/2022,4652861,271428,RNR PROPERTIES LTD,Guaranteed Rent Scheme,1388.74,Rents,SUPPLIER,STANDARD,5872,KAAA-Directorate of Economic Growth and Neighbourhood Services
RBC Legal Entity,25/02/2022,4652969,271428,RNR PROPERTIES LTD,Guaranteed Rent Scheme,694.59,Rents,SUPPLIER,STANDARD,5872,KAAA-Directorate of Economic Growth and Neighbourhood Services
RBC Legal Entity,25/02/2022,4652975,271428,RNR PROPERTIES LTD,Guaranteed Rent Scheme,1006.72,Rents,SUPPLIER,STANDARD,5872,KAAA-Directorate of Economic Growth and Neighbourhood Services
RBC Legal Entity,25/02/2022,4652986,271428,RNR PROPERTIES LTD,Guaranteed Rent Scheme,694.59,Rents,SUPPLIER,STANDARD,5872,KAAA-Directorate of Economic Growth and Neighbourhood Services
RBC Legal Entity,25/02/2022,4653023,271428,RNR PROPERTIES LTD,Guaranteed Rent Scheme,1006.72,Rents,SUPPLIER,STANDARD,5872,KAAA-Directorate of Economic Growth and Neighbourhood Services
RBC Legal Entity,25/02/2022,4653029,271428,RNR PROPERTIES LTD,Guaranteed Rent Scheme,1006.72,Rents,SUPPLIER,STANDARD,5872,KAAA-Directorate of Economic Growth and Neighbourhood Services
RBC Legal Entity,25/02/2022,4653074,271428,RNR PROPERTIES LTD,Guaranteed Rent Scheme,880.53,Rents,SUPPLIER,STANDARD,5872,KAAA-Directorate of Economic Growth and Neighbourhood Services
RBC Legal Entity,25/02/2022,4653080,271428,RNR PROPERTIES LTD,Guaranteed Rent Scheme,880.53,Rents,SUPPLIER,STANDARD,5872,KAAA-Directorate of Economic Growth and Neighbourhood Services
RBC Legal Entity,25/02/2022,4653086,271428,RNR PROPERTIES LTD,Guaranteed Rent Scheme,1006.72,Rents,SUPPLIER,STANDARD,5872,KAAA-Directorate of Economic Growth and Neighbourhood Services
RBC Legal Entity,25/02/2022,4653173,271428,RNR PROPERTIES LTD,Guaranteed Rent Scheme,1006.72,Rents,SUPPLIER,STANDARD,5872,KAAA-Directorate of Economic Growth and Neighbourhood Services
RBC Legal Entity,25/02/2022,4653177,271428,RNR PROPERTIES LTD,Guaranteed Rent Scheme,1006.72,Rents,SUPPLIER,STANDARD,5872,KAAA-Directorate of Economic Growth and Neighbourhood Services
RBC Legal Entity,25/02/2022,4653178,271428,RNR PROPERTIES LTD,Guaranteed Rent Scheme,880.53,Rents,SUPPLIER,STANDARD,5872,KAAA-Directorate of Economic Growth and Neighbourhood Services
RBC Legal Entity,25/02/2022,4653179,271428,RNR PROPERTIES LTD,Guaranteed Rent Scheme,880.53,Rents,SUPPLIER,STANDARD,5872,KAAA-Directorate of Economic Growth and Neighbourhood Services
RBC Legal Entity,25/02/2022,4653180,271428,RNR PROPERTIES LTD,Guaranteed Rent Scheme,1006.72,Rents,SUPPLIER,STANDARD,5872,KAAA-Directorate of Economic Growth and Neighbourhood Services
RBC Legal Entity,25/02/2022,4653195,271428,RNR PROPERTIES LTD,Guaranteed Rent Scheme,880.53,Rents,SUPPLIER,STANDARD,5872,KAAA-Directorate of Economic Growth and Neighbourhood Services
RBC Legal Entity,25/02/2022,4653218,271428,RNR PROPERTIES LTD,Guaranteed Rent Scheme,1006.72,Rents,SUPPLIER,STANDARD,5872,KAAA-Directorate of Economic Growth and Neighbourhood Services
RBC Legal Entity,25/02/2022,4653242,271428,RNR PROPERTIES LTD,Guaranteed Rent Scheme,880.53,Rents,SUPPLIER,STANDARD,5872,KAAA-Directorate of Economic Growth and Neighbourhood Services
RBC Legal Entity,25/02/2022,4653253,271428,RNR PROPERTIES LTD,Guaranteed Rent Scheme,1006.72,Rents,SUPPLIER,STANDARD,5872,KAAA-Directorate of Economic Growth and Neighbourhood Services
RBC Legal Entity,25/02/2022,4653416,271428,RNR PROPERTIES LTD,Guaranteed Rent Scheme,1006.72,Rents,SUPPLIER,STANDARD,5872,KAAA-Directorate of Economic Growth and Neighbourhood Services
RBC Legal Entity,25/02/2022,4653434,271428,RNR PROPERTIES LTD,Guaranteed Rent Scheme,1388.74,Rents,SUPPLIER,STANDARD,5872,KAAA-Directorate of Economic Growth and Neighbourhood Services
RBC Legal Entity,25/02/2022,4648125,271429,STREETSCENE ADDICTION RECOVERY,Public Health Team Costs,3087.2,Purchased Care,Third Party Supplier,STANDARD,2065,JAAA-Directorate of Social Care and Health Services
RBC Legal Entity,25/02/2022,4652800,271430,EAMONN KELLY,Guaranteed Rent Scheme,880.53,Rents,SUPPLIER,STANDARD,5872,KAAA-Directorate of Economic Growth and Neighbourhood Services
RBC Legal Entity,25/02/2022,4652832,271430,EAMONN KELLY,Guaranteed Rent Scheme,1365.52,Rents,SUPPLIER,STANDARD,5872,KAAA-Directorate of Economic Growth and Neighbourhood Services
RBC Legal Entity,25/02/2022,4652924,271430,EAMONN KELLY,Guaranteed Rent Scheme,694.59,Rents,SUPPLIER,STANDARD,5872,KAAA-Directorate of Economic Growth and Neighbourhood Services
RBC Legal Entity,25/02/2022,4652956,271430,EAMONN KELLY,Guaranteed Rent Scheme,880.53,Rents,SUPPLIER,STANDARD,5872,KAAA-Directorate of Economic Growth and Neighbourhood Services
RBC Legal Entity,25/02/2022,4652957,271430,EAMONN KELLY,Guaranteed Rent Scheme,694.59,Rents,SUPPLIER,STANDARD,5872,KAAA-Directorate of Economic Growth and Neighbourhood Services
RBC Legal Entity,25/02/2022,4653057,271430,EAMONN KELLY,Guaranteed Rent Scheme,694.59,Rents,SUPPLIER,STANDARD,5872,KAAA-Directorate of Economic Growth and Neighbourhood Services
RBC Legal Entity,25/02/2022,4653065,271430,EAMONN KELLY,Guaranteed Rent Scheme,694.59,Rents,SUPPLIER,STANDARD,5872,KAAA-Directorate of Economic Growth and Neighbourhood Services
RBC Legal Entity,25/02/2022,4653077,271430,EAMONN KELLY,Guaranteed Rent Scheme,1006.72,Rents,SUPPLIER,STANDARD,5872,KAAA-Directorate of Economic Growth and Neighbourhood Services
RBC Legal Entity,25/02/2022,4653102,271430,EAMONN KELLY,Guaranteed Rent Scheme,880.53,Rents,SUPPLIER,STANDARD,5872,KAAA-Directorate of Economic Growth and Neighbourhood Services
RBC Legal Entity,25/02/2022,4653196,271430,EAMONN KELLY,Guaranteed Rent Scheme,880.53,Rents,SUPPLIER,STANDARD,5872,KAAA-Directorate of Economic Growth and Neighbourhood Services
RBC Legal Entity,25/02/2022,4653319,271430,EAMONN KELLY,Guaranteed Rent Scheme,880.53,Rents,SUPPLIER,STANDARD,5872,KAAA-Directorate of Economic Growth and Neighbourhood Services
RBC Legal Entity,25/02/2022,4653375,271430,EAMONN KELLY,Guaranteed Rent Scheme,1006.72,Rents,SUPPLIER,STANDARD,5872,KAAA-Directorate of Economic Growth and Neighbourhood Services
RBC Legal Entity,25/02/2022,4653005,271431,MR A J MARIANO,Guaranteed Rent Scheme,880.53,Rents,Landlord,STANDARD,5872,KAAA-Directorate of Economic Growth and Neighbourhood Services
RBC Legal Entity,25/02/2022,4652950,271432,DUNCAN KLITGAARD,Guaranteed Rent Scheme,682.98,Rents,SUPPLIER,STANDARD,5872,KAAA-Directorate of Economic Growth and Neighbourhood Services
RBC Legal Entity,25/02/2022,4653163,271432,DUNCAN KLITGAARD,Guaranteed Rent Scheme,682.98,Rents,SUPPLIER,STANDARD,5872,KAAA-Directorate of Economic Growth and Neighbourhood Services
RBC Legal Entity,25/02/2022,4652797,271433,IBRAHIM JALLOH,Guaranteed Rent Scheme,1006.72,Rents,Shared Lives,STANDARD,5872,KAAA-Directorate of Economic Growth and Neighbourhood Services
RBC Legal Entity,25/02/2022,4652819,271434,HARISH RAICHURA,Guaranteed Rent Scheme,880.53,Rents,Landlord,STANDARD,5872,KAAA-Directorate of Economic Growth and Neighbourhood Services
RBC Legal Entity,25/02/2022,4653435,271434,HARISH RAICHURA,Guaranteed Rent Scheme,694.59,Rents,Landlord,STANDARD,5872,KAAA-Directorate of Economic Growth and Neighbourhood Services
RBC Legal Entity,25/02/2022,4652768,271435,CHRISTOPHER SCOTT,Guaranteed Rent Scheme,880.53,Rents,SUPPLIER,STANDARD,5872,KAAA-Directorate of Economic Growth and Neighbourhood Services
RBC Legal Entity,25/02/2022,4652787,271435,CHRISTOPHER SCOTT,Guaranteed Rent Scheme,880.53,Rents,SUPPLIER,STANDARD,5872,KAAA-Directorate of Economic Growth and Neighbourhood Services
RBC Legal Entity,25/02/2022,4650578,271436,R&A HAINES BUILDING CONTRACTORS LTD,Repairs,2487,Special Adaptions,SUB-CONTRACTOR,STANDARD,5970,HAAA-Housing Revenue Account
RBC Legal Entity,25/02/2022,4650770,271436,R&A HAINES BUILDING CONTRACTORS LTD,Repairs,4035,Special Adaptions,SUB-CONTRACTOR,STANDARD,5970,HAAA-Housing Revenue Account
RBC Legal Entity,25/02/2022,4653907,271437,CSCO.AUDIO,Events & Engagement,250,Special Activities,SUPPLIER,STANDARD,2080,EAAA-Chief Executive
RBC Legal Entity,25/02/2022,4653907,271437,CSCO.AUDIO,Events & Engagement,310,Special Activities,SUPPLIER,STANDARD,2080,EAAA-Chief Executive
RBC Legal Entity,25/02/2022,4652586,271438,NSL LIMITED,On Street Pay and Display,649.8,Equipment Purchase & Repair,Third Party Supplier,STANDARD,4727,KAAA-Directorate of Economic Growth and Neighbourhood Services
RBC Legal Entity,25/02/2022,4652893,271440,CELIA HALL,Guaranteed Rent Scheme,1006.72,Rents,SUPPLIER,STANDARD,5872,KAAA-Directorate of Economic Growth and Neighbourhood Services
RBC Legal Entity,25/02/2022,4653992,271441,PEOPLE MATTER SUPPORT SERVICES LTD,PS Acquired Community Services,2650.5,Purchased Care,SUPPLIER,STANDARD,5771,JAAA-Directorate of Social Care and Health Services
RBC Legal Entity,25/02/2022,4653993,271441,PEOPLE MATTER SUPPORT SERVICES LTD,PS Acquired Community Services,1325.25,Purchased Care,SUPPLIER,STANDARD,5771,JAAA-Directorate of Social Care and Health Services
RBC Legal Entity,25/02/2022,4653995,271441,PEOPLE MATTER SUPPORT SERVICES LTD,PS Acquired Community Services,589,Purchased Care,SUPPLIER,STANDARD,5771,JAAA-Directorate of Social Care and Health Services
RBC Legal Entity,25/02/2022,4652900,271442,TWUMASI OKYERE,Guaranteed Rent Scheme,1006.72,Rents,SUPPLIER,STANDARD,5872,KAAA-Directorate of Economic Growth and Neighbourhood Services
RBC Legal Entity,25/02/2022,4653328,271443,RITA LEE,Guaranteed Rent Scheme,694.59,Rents,SUPPLIER,STANDARD,5872,KAAA-Directorate of Economic Growth and Neighbourhood Services
RBC Legal Entity,25/02/2022,4653479,271444,INFO - SITE LTD,Guaranteed Rent Scheme,1388.74,Rents,Third Party Supplier,STANDARD,5872,KAAA-Directorate of Economic Growth and Neighbourhood Services
RBC Legal Entity,25/02/2022,4652903,271445,REBECCA FRANKLAND,Guaranteed Rent Scheme,880.53,Rents,SUPPLIER,STANDARD,5872,KAAA-Directorate of Economic Growth and Neighbourhood Services
RBC Legal Entity,25/02/2022,4652894,271446,LAUNCHPAD READING,Guaranteed Rent Scheme,880.53,Rents,Third Party Supplier,STANDARD,5872,KAAA-Directorate of Economic Growth and Neighbourhood Services
RBC Legal Entity,25/02/2022,4653039,271446,LAUNCHPAD READING,Guaranteed Rent Scheme,694.59,Rents,Third Party Supplier,STANDARD,5872,KAAA-Directorate of Economic Growth and Neighbourhood Services
RBC Legal Entity,25/02/2022,4653055,271446,LAUNCHPAD READING,Guaranteed Rent Scheme,694.59,Rents,Third Party Supplier,STANDARD,5872,KAAA-Directorate of Economic Growth and Neighbourhood Services
RBC Legal Entity,25/02/2022,4653058,271446,LAUNCHPAD READING,Guaranteed Rent Scheme,694.59,Rents,Third Party Supplier,STANDARD,5872,KAAA-Directorate of Economic Growth and Neighbourhood Services
RBC Legal Entity,25/02/2022,4653111,271446,LAUNCHPAD READING,Guaranteed Rent Scheme,880.53,Rents,Third Party Supplier,STANDARD,5872,KAAA-Directorate of Economic Growth and Neighbourhood Services
RBC Legal Entity,25/02/2022,4652984,271447,KATE & DAVID REES,Guaranteed Rent Scheme,1006.72,Rents,SUPPLIER,STANDARD,5872,KAAA-Directorate of Economic Growth and Neighbourhood Services
RBC Legal Entity,25/02/2022,4652780,271448,HOMES FOR READING LIMITED,Guaranteed Rent Scheme,694.59,Rents,SUPPLIER,STANDARD,5872,KAAA-Directorate of Economic Growth and Neighbourhood Services
RBC Legal Entity,25/02/2022,4652842,271448,HOMES FOR READING LIMITED,Guaranteed Rent Scheme,694.59,Rents,SUPPLIER,STANDARD,5872,KAAA-Directorate of Economic Growth and Neighbourhood Services
RBC Legal Entity,25/02/2022,4652891,271448,HOMES FOR READING LIMITED,Guaranteed Rent Scheme,694.59,Rents,SUPPLIER,STANDARD,5872,KAAA-Directorate of Economic Growth and Neighbourhood Services
RBC Legal Entity,25/02/2022,4652904,271448,HOMES FOR READING LIMITED,Guaranteed Rent Scheme,1388.74,Rents,SUPPLIER,STANDARD,5872,KAAA-Directorate of Economic Growth and Neighbourhood Services
RBC Legal Entity,25/02/2022,4652943,271448,HOMES FOR READING LIMITED,Guaranteed Rent Scheme,1388.74,Rents,SUPPLIER,STANDARD,5872,KAAA-Directorate of Economic Growth and Neighbourhood Services
RBC Legal Entity,25/02/2022,4652968,271448,HOMES FOR READING LIMITED,Guaranteed Rent Scheme,1388.74,Rents,SUPPLIER,STANDARD,5872,KAAA-Directorate of Economic Growth and Neighbourhood Services
RBC Legal Entity,25/02/2022,4652978,271448,HOMES FOR READING LIMITED,Guaranteed Rent Scheme,880.53,Rents,SUPPLIER,STANDARD,5872,KAAA-Directorate of Economic Growth and Neighbourhood Services
RBC Legal Entity,25/02/2022,4652980,271448,HOMES FOR READING LIMITED,Guaranteed Rent Scheme,880.53,Rents,SUPPLIER,STANDARD,5872,KAAA-Directorate of Economic Growth and Neighbourhood Services
RBC Legal Entity,25/02/2022,4652985,271448,HOMES FOR READING LIMITED,Guaranteed Rent Scheme,1388.74,Rents,SUPPLIER,STANDARD,5872,KAAA-Directorate of Economic Growth and Neighbourhood Services
RBC Legal Entity,25/02/2022,4653011,271448,HOMES FOR READING LIMITED,Guaranteed Rent Scheme,1388.74,Rents,SUPPLIER,STANDARD,5872,KAAA-Directorate of Economic Growth and Neighbourhood Services
RBC Legal Entity,25/02/2022,4653016,271448,HOMES FOR READING LIMITED,Guaranteed Rent Scheme,694.59,Rents,SUPPLIER,STANDARD,5872,KAAA-Directorate of Economic Growth and Neighbourhood Services
RBC Legal Entity,25/02/2022,4653017,271448,HOMES FOR READING LIMITED,Guaranteed Rent Scheme,694.59,Rents,SUPPLIER,STANDARD,5872,KAAA-Directorate of Economic Growth and Neighbourhood Services
RBC Legal Entity,25/02/2022,4653018,271448,HOMES FOR READING LIMITED,Guaranteed Rent Scheme,694.59,Rents,SUPPLIER,STANDARD,5872,KAAA-Directorate of Economic Growth and Neighbourhood Services
RBC Legal Entity,25/02/2022,4653034,271448,HOMES FOR READING LIMITED,Guaranteed Rent Scheme,1388.74,Rents,SUPPLIER,STANDARD,5872,KAAA-Directorate of Economic Growth and Neighbourhood Services
RBC Legal Entity,25/02/2022,4653038,271448,HOMES FOR READING LIMITED,Guaranteed Rent Scheme,1388.74,Rents,SUPPLIER,STANDARD,5872,KAAA-Directorate of Economic Growth and Neighbourhood Services
RBC Legal Entity,25/02/2022,4653087,271448,HOMES FOR READING LIMITED,Guaranteed Rent Scheme,682.98,Rents,SUPPLIER,STANDARD,5872,KAAA-Directorate of Economic Growth and Neighbourhood Services
RBC Legal Entity,25/02/2022,4653276,271448,HOMES FOR READING LIMITED,Guaranteed Rent Scheme,694.59,Rents,SUPPLIER,STANDARD,5872,KAAA-Directorate of Economic Growth and Neighbourhood Services
RBC Legal Entity,25/02/2022,4653284,271448,HOMES FOR READING LIMITED,Guaranteed Rent Scheme,1388.74,Rents,SUPPLIER,STANDARD,5872,KAAA-Directorate of Economic Growth and Neighbourhood Services
RBC Legal Entity,25/02/2022,4653288,271448,HOMES FOR READING LIMITED,Guaranteed Rent Scheme,694.59,Rents,SUPPLIER,STANDARD,5872,KAAA-Directorate of Economic Growth and Neighbourhood Services
RBC Legal Entity,25/02/2022,4653347,271448,HOMES FOR READING LIMITED,Guaranteed Rent Scheme,694.59,Rents,SUPPLIER,STANDARD,5872,KAAA-Directorate of Economic Growth and Neighbourhood Services
RBC Legal Entity,25/02/2022,4653360,271448,HOMES FOR READING LIMITED,Guaranteed Rent Scheme,694.59,Rents,SUPPLIER,STANDARD,5872,KAAA-Directorate of Economic Growth and Neighbourhood Services
RBC Legal Entity,25/02/2022,4653386,271448,HOMES FOR READING LIMITED,Guaranteed Rent Scheme,694.59,Rents,SUPPLIER,STANDARD,5872,KAAA-Directorate of Economic Growth and Neighbourhood Services
RBC Legal Entity,25/02/2022,4653432,271449,SAMIDHA MALHOTRA,Guaranteed Rent Scheme,1006.72,Rents,Landlord,STANDARD,5872,KAAA-Directorate of Economic Growth and Neighbourhood Services
RBC Legal Entity,25/02/2022,4652909,271450,YASMIN ARMAN,Guaranteed Rent Scheme,1006.72,Rents,SUPPLIER,STANDARD,5872,KAAA-Directorate of Economic Growth and Neighbourhood Services
RBC Legal Entity,25/02/2022,4652916,271451,MICHAEL HUNKA,Guaranteed Rent Scheme,880.53,Rents,SUPPLIER,STANDARD,5872,KAAA-Directorate of Economic Growth and Neighbourhood Services
RBC Legal Entity,25/02/2022,4653081,271451,MICHAEL HUNKA,Guaranteed Rent Scheme,1388.74,Rents,SUPPLIER,STANDARD,5872,KAAA-Directorate of Economic Growth and Neighbourhood Services
RBC Legal Entity,25/02/2022,4653164,271451,MICHAEL HUNKA,Guaranteed Rent Scheme,694.59,Rents,SUPPLIER,STANDARD,5872,KAAA-Directorate of Economic Growth and Neighbourhood Services
RBC Legal Entity,25/02/2022,4653478,271451,MICHAEL HUNKA,Guaranteed Rent Scheme,880.53,Rents,SUPPLIER,STANDARD,5872,KAAA-Directorate of Economic Growth and Neighbourhood Services
RBC Legal Entity,25/02/2022,4653491,271451,MICHAEL HUNKA,Guaranteed Rent Scheme,880.53,Rents,SUPPLIER,STANDARD,5872,KAAA-Directorate of Economic Growth and Neighbourhood Services
RBC Legal Entity,25/02/2022,4652892,271452,SEAN HEATH,Guaranteed Rent Scheme,694.59,Rents,Landlord,STANDARD,5872,KAAA-Directorate of Economic Growth and Neighbourhood Services
RBC Legal Entity,25/02/2022,4653056,271452,SEAN HEATH,Guaranteed Rent Scheme,880.53,Rents,Landlord,STANDARD,5872,KAAA-Directorate of Economic Growth and Neighbourhood Services
RBC Legal Entity,25/02/2022,4652901,271453,MOHAMMED ARSHAD,Guaranteed Rent Scheme,682.98,Rents,SUPPLIER,STANDARD,5872,KAAA-Directorate of Economic Growth and Neighbourhood Services
RBC Legal Entity,25/02/2022,4653283,271453,MOHAMMED ARSHAD,Guaranteed Rent Scheme,880.53,Rents,SUPPLIER,STANDARD,5872,KAAA-Directorate of Economic Growth and Neighbourhood Services
RBC Legal Entity,25/02/2022,4652869,271455,ADAMS ESTATES,Guaranteed Rent Scheme,840.58,Rents,SUPPLIER,STANDARD,5872,KAAA-Directorate of Economic Growth and Neighbourhood Services
RBC Legal Entity,25/02/2022,4648139,271456,MR EDWARD KIRKWOOD,JLT Disbursements,735,Misc. Legal Expenses,Third Party Supplier,STANDARD,2407,LAAA-Directorate of Resources
RBC Legal Entity,25/02/2022,4652777,271458,PANDORA MAPLE T/A HANNINGTONS PARTNERSHIP,Guaranteed Rent Scheme,880.53,Rents,Landlord,STANDARD,5872,KAAA-Directorate of Economic Growth and Neighbourhood Services
RBC Legal Entity,25/02/2022,4652788,271458,PANDORA MAPLE T/A HANNINGTONS PARTNERSHIP,Guaranteed Rent Scheme,1388.74,Rents,Landlord,STANDARD,5872,KAAA-Directorate of Economic Growth and Neighbourhood Services
RBC Legal Entity,25/02/2022,4652906,271458,PANDORA MAPLE T/A HANNINGTONS PARTNERSHIP,Guaranteed Rent Scheme,694.59,Rents,Landlord,STANDARD,5872,KAAA-Directorate of Economic Growth and Neighbourhood Services
RBC Legal Entity,25/02/2022,4652959,271458,PANDORA MAPLE T/A HANNINGTONS PARTNERSHIP,Guaranteed Rent Scheme,694.59,Rents,Landlord,STANDARD,5872,KAAA-Directorate of Economic Growth and Neighbourhood Services
RBC Legal Entity,25/02/2022,4653033,271458,PANDORA MAPLE T/A HANNINGTONS PARTNERSHIP,Guaranteed Rent Scheme,880.53,Rents,Landlord,STANDARD,5872,KAAA-Directorate of Economic Growth and Neighbourhood Services
RBC Legal Entity,25/02/2022,4653093,271458,PANDORA MAPLE T/A HANNINGTONS PARTNERSHIP,Guaranteed Rent Scheme,880.53,Rents,Landlord,STANDARD,5872,KAAA-Directorate of Economic Growth and Neighbourhood Services
RBC Legal Entity,25/02/2022,4653306,271458,PANDORA MAPLE T/A HANNINGTONS PARTNERSHIP,Guaranteed Rent Scheme,694.59,Rents,Landlord,STANDARD,5872,KAAA-Directorate of Economic Growth and Neighbourhood Services
RBC Legal Entity,25/02/2022,4652914,271461,PERKINS PROPERTIES ,Guaranteed Rent Scheme,1006.72,Rents,SUPPLIER,STANDARD,5872,KAAA-Directorate of Economic Growth and Neighbourhood Services
RBC Legal Entity,25/02/2022,4652973,271462,OYSTER PROPERTIES,Guaranteed Rent Scheme,865.8,Rents,SUPPLIER,STANDARD,5872,KAAA-Directorate of Economic Growth and Neighbourhood Services
RBC Legal Entity,25/02/2022,4653156,271462,OYSTER PROPERTIES,Guaranteed Rent Scheme,682.98,Rents,SUPPLIER,STANDARD,5872,KAAA-Directorate of Economic Growth and Neighbourhood Services
RBC Legal Entity,25/02/2022,4653336,271463,ALAN BUNKER & ANNE WELSH,Guaranteed Rent Scheme,880.53,Rents,SUPPLIER,STANDARD,5872,KAAA-Directorate of Economic Growth and Neighbourhood Services
RBC Legal Entity,25/02/2022,4653064,271464,ANDREW & JACQUELINE FREEBORN,Guaranteed Rent Scheme,682.98,Rents,SUPPLIER,STANDARD,5872,KAAA-Directorate of Economic Growth and Neighbourhood Services
RBC Legal Entity,25/02/2022,4653150,271464,ANDREW & JACQUELINE FREEBORN,Guaranteed Rent Scheme,682.98,Rents,SUPPLIER,STANDARD,5872,KAAA-Directorate of Economic Growth and Neighbourhood Services
RBC Legal Entity,25/02/2022,4653394,271465,LUCY CAMERON,Guaranteed Rent Scheme,880.53,Rents,Landlord,STANDARD,5872,KAAA-Directorate of Economic Growth and Neighbourhood Services
RBC Legal Entity,25/02/2022,4653254,271466,STEPHEN SAUNDERS,Guaranteed Rent Scheme,880.53,Rents,SUPPLIER,STANDARD,5872,KAAA-Directorate of Economic Growth and Neighbourhood Services
RBC Legal Entity,25/02/2022,4652898,271467,DR MICHAEL YEBOAH,Guaranteed Rent Scheme,1006.72,Rents,SUPPLIER,STANDARD,5872,KAAA-Directorate of Economic Growth and Neighbourhood Services
RBC Legal Entity,25/02/2022,4652877,271468,DANIEL SIMMONS,Guaranteed Rent Scheme,880.53,Rents,SUPPLIER,STANDARD,5872,KAAA-Directorate of Economic Growth and Neighbourhood Services
RBC Legal Entity,25/02/2022,4652993,271469,ALDERKEY PROPERTIES,Guaranteed Rent Scheme,694.59,Rents,Third Party Supplier,STANDARD,5872,KAAA-Directorate of Economic Growth and Neighbourhood Services
RBC Legal Entity,25/02/2022,4653223,271469,ALDERKEY PROPERTIES,Guaranteed Rent Scheme,694.59,Rents,Third Party Supplier,STANDARD,5872,KAAA-Directorate of Economic Growth and Neighbourhood Services
RBC Legal Entity,25/02/2022,4652925,271470,CECILIA FRANCESCA COLES,Guaranteed Rent Scheme,880.53,Rents,SUPPLIER,STANDARD,5872,KAAA-Directorate of Economic Growth and Neighbourhood Services
RBC Legal Entity,25/02/2022,4653149,271470,CECILIA FRANCESCA COLES,Guaranteed Rent Scheme,880.53,Rents,SUPPLIER,STANDARD,5872,KAAA-Directorate of Economic Growth and Neighbourhood Services
RBC Legal Entity,25/02/2022,4652930,271471,COLIN JAMES,Guaranteed Rent Scheme,880.53,Rents,SUPPLIER,STANDARD,5872,KAAA-Directorate of Economic Growth and Neighbourhood Services
RBC Legal Entity,25/02/2022,4652937,271472,BROOKSTONES PROPERTY SERVICES,Guaranteed Rent Scheme,840.58,Rents,SUPPLIER,STANDARD,5872,KAAA-Directorate of Economic Growth and Neighbourhood Services
RBC Legal Entity,25/02/2022,4652990,271474,KAH HOOI LIM,Guaranteed Rent Scheme,694.59,Rents,Landlord,STANDARD,5872,KAAA-Directorate of Economic Growth and Neighbourhood Services
RBC Legal Entity,25/02/2022,4653003,271474,KAH HOOI LIM,Guaranteed Rent Scheme,880.53,Rents,Landlord,STANDARD,5872,KAAA-Directorate of Economic Growth and Neighbourhood Services
RBC Legal Entity,25/02/2022,4653110,271474,KAH HOOI LIM,Guaranteed Rent Scheme,880.53,Rents,Landlord,STANDARD,5872,KAAA-Directorate of Economic Growth and Neighbourhood Services
RBC Legal Entity,25/02/2022,4653313,271474,KAH HOOI LIM,Guaranteed Rent Scheme,880.53,Rents,Landlord,STANDARD,5872,KAAA-Directorate of Economic Growth and Neighbourhood Services
RBC Legal Entity,25/02/2022,4653421,271474,KAH HOOI LIM,Guaranteed Rent Scheme,694.59,Rents,Landlord,STANDARD,5872,KAAA-Directorate of Economic Growth and Neighbourhood Services
RBC Legal Entity,25/02/2022,4653159,271475,LISA CLAIRE BAKER,Guaranteed Rent Scheme,1006.72,Rents,SUPPLIER,STANDARD,5872,KAAA-Directorate of Economic Growth and Neighbourhood Services
RBC Legal Entity,25/02/2022,4652941,271476,ANDY HILL,Guaranteed Rent Scheme,880.53,Rents,Landlord,STANDARD,5872,KAAA-Directorate of Economic Growth and Neighbourhood Services
RBC Legal Entity,25/02/2022,4652763,271477,AMIT BRAICH,Guaranteed Rent Scheme,880.53,Rents,SUPPLIER,STANDARD,5872,KAAA-Directorate of Economic Growth and Neighbourhood Services
RBC Legal Entity,25/02/2022,4652946,271478,PHILIPPA COLLINGS,Guaranteed Rent Scheme,880.53,Rents,SUPPLIER,STANDARD,5872,KAAA-Directorate of Economic Growth and Neighbourhood Services
RBC Legal Entity,25/02/2022,4652948,271479,PHILIP DALE,Guaranteed Rent Scheme,1388.74,Rents,SUPPLIER,STANDARD,5872,KAAA-Directorate of Economic Growth and Neighbourhood Services
RBC Legal Entity,25/02/2022,4652947,271480,MORGAN PERRET AND SARAH PERRET,Guaranteed Rent Scheme,865.8,Rents,SUPPLIER,STANDARD,5872,KAAA-Directorate of Economic Growth and Neighbourhood Services
RBC Legal Entity,25/02/2022,4652979,271481,RALPH CHANADA,Guaranteed Rent Scheme,694.59,Rents,SUPPLIER,STANDARD,5872,KAAA-Directorate of Economic Growth and Neighbourhood Services
RBC Legal Entity,25/02/2022,4652876,271482,JANICE SIMMONS,Guaranteed Rent Scheme,880.53,Rents,SUPPLIER,STANDARD,5872,KAAA-Directorate of Economic Growth and Neighbourhood Services
RBC Legal Entity,25/02/2022,4653274,271482,JANICE SIMMONS,Guaranteed Rent Scheme,880.53,Rents,SUPPLIER,STANDARD,5872,KAAA-Directorate of Economic Growth and Neighbourhood Services
RBC Legal Entity,25/02/2022,4653388,271482,JANICE SIMMONS,Guaranteed Rent Scheme,880.53,Rents,SUPPLIER,STANDARD,5872,KAAA-Directorate of Economic Growth and Neighbourhood Services
RBC Legal Entity,25/02/2022,4653495,271482,JANICE SIMMONS,Guaranteed Rent Scheme,880.53,Rents,SUPPLIER,STANDARD,5872,KAAA-Directorate of Economic Growth and Neighbourhood Services
RBC Legal Entity,25/02/2022,4652765,271483,CAROLE TAYLOR,Guaranteed Rent Scheme,816.1,Rents,SUPPLIER,STANDARD,5872,KAAA-Directorate of Economic Growth and Neighbourhood Services
RBC Legal Entity,25/02/2022,4652836,271483,CAROLE TAYLOR,Guaranteed Rent Scheme,663.08,Rents,SUPPLIER,STANDARD,5872,KAAA-Directorate of Economic Growth and Neighbourhood Services
RBC Legal Entity,25/02/2022,4652847,271483,CAROLE TAYLOR,Guaranteed Rent Scheme,816.1,Rents,SUPPLIER,STANDARD,5872,KAAA-Directorate of Economic Growth and Neighbourhood Services
RBC Legal Entity,25/02/2022,4652970,271483,CAROLE TAYLOR,Guaranteed Rent Scheme,840.58,Rents,SUPPLIER,STANDARD,5872,KAAA-Directorate of Economic Growth and Neighbourhood Services
RBC Legal Entity,25/02/2022,4650516,271484,CROWN LODGE GUEST HOUSE,Housing GF General Charges,623,Preventive+SupportiveServ,Third Party Supplier,STANDARD,5810,KAAA-Directorate of Economic Growth and Neighbourhood Services
RBC Legal Entity,25/02/2022,4650746,271484,CROWN LODGE GUEST HOUSE,Sheltered Housing,595,Other Office Expenses,Third Party Supplier,STANDARD,5940,HAAA-Housing Revenue Account
RBC Legal Entity,25/02/2022,4653365,271485,ROB HEATH,Guaranteed Rent Scheme,1006.72,Rents,SUPPLIER,STANDARD,5872,KAAA-Directorate of Economic Growth and Neighbourhood Services
RBC Legal Entity,25/02/2022,4650572,271486,CHRISTIAN HOWELL CARPENTRY,Planned Maintenance Trades,1000,Subcontractors Labour,SUB-CONTRACTOR,STANDARD,4040,KAAA-Directorate of Economic Growth and Neighbourhood Services
RBC Legal Entity,25/02/2022,4650572,271486,CHRISTIAN HOWELL CARPENTRY,Planned Maintenance Trades,2827.25,Subcontractors Labour,SUB-CONTRACTOR,STANDARD,4040,KAAA-Directorate of Economic Growth and Neighbourhood Services
RBC Legal Entity,25/02/2022,4652702,271486,CHRISTIAN HOWELL CARPENTRY,Planned Maintenance Trades,15000,Subcontractors Labour,SUB-CONTRACTOR,STANDARD,4040,KAAA-Directorate of Economic Growth and Neighbourhood Services
RBC Legal Entity,25/02/2022,4652702,271486,CHRISTIAN HOWELL CARPENTRY,Planned Maintenance Trades,21909.17,Subcontractors Labour,SUB-CONTRACTOR,STANDARD,4040,KAAA-Directorate of Economic Growth and Neighbourhood Services
RBC Legal Entity,25/02/2022,4653915,271486,CHRISTIAN HOWELL CARPENTRY,Planned Maintenance Trades,2495.38,Subcontractors Labour,SUB-CONTRACTOR,STANDARD,4040,KAAA-Directorate of Economic Growth and Neighbourhood Services
RBC Legal Entity,25/02/2022,4653915,271486,CHRISTIAN HOWELL CARPENTRY,Planned Maintenance Trades,5000,Subcontractors Labour,SUB-CONTRACTOR,STANDARD,4040,KAAA-Directorate of Economic Growth and Neighbourhood Services
RBC Legal Entity,25/02/2022,4653916,271486,CHRISTIAN HOWELL CARPENTRY,Planned Maintenance Trades,1000,Subcontractors Labour,SUB-CONTRACTOR,STANDARD,4040,KAAA-Directorate of Economic Growth and Neighbourhood Services
RBC Legal Entity,25/02/2022,4653916,271486,CHRISTIAN HOWELL CARPENTRY,Planned Maintenance Trades,1541.56,Subcontractors Labour,SUB-CONTRACTOR,STANDARD,4040,KAAA-Directorate of Economic Growth and Neighbourhood Services
RBC Legal Entity,25/02/2022,4650506,271487,MEADEE FLOORING LTD,DLO Voids Trades,130,Subcontractors Labour,SUB-CONTRACTOR,STANDARD,4020,KAAA-Directorate of Economic Growth and Neighbourhood Services
RBC Legal Entity,25/02/2022,4650506,271487,MEADEE FLOORING LTD,DLO Voids Trades,648,Subcontractors Labour,SUB-CONTRACTOR,STANDARD,4020,KAAA-Directorate of Economic Growth and Neighbourhood Services
RBC Legal Entity,25/02/2022,4650507,271487,MEADEE FLOORING LTD,DLO Voids Trades,140,Subcontractors Labour,SUB-CONTRACTOR,STANDARD,4020,KAAA-Directorate of Economic Growth and Neighbourhood Services
RBC Legal Entity,25/02/2022,4650507,271487,MEADEE FLOORING LTD,DLO Voids Trades,1348,Subcontractors Labour,SUB-CONTRACTOR,STANDARD,4020,KAAA-Directorate of Economic Growth and Neighbourhood Services
RBC Legal Entity,25/02/2022,4650508,271487,MEADEE FLOORING LTD,DLO Voids Trades,180,Subcontractors Labour,SUB-CONTRACTOR,STANDARD,4020,KAAA-Directorate of Economic Growth and Neighbourhood Services
RBC Legal Entity,25/02/2022,4650508,271487,MEADEE FLOORING LTD,DLO Voids Trades,1497,Subcontractors Labour,SUB-CONTRACTOR,STANDARD,4020,KAAA-Directorate of Economic Growth and Neighbourhood Services
RBC Legal Entity,25/02/2022,4650552,271487,MEADEE FLOORING LTD,DLO Voids Trades,130,Subcontractors Labour,SUB-CONTRACTOR,STANDARD,4020,KAAA-Directorate of Economic Growth and Neighbourhood Services
RBC Legal Entity,25/02/2022,4650552,271487,MEADEE FLOORING LTD,DLO Voids Trades,596.13,Subcontractors Labour,SUB-CONTRACTOR,STANDARD,4020,KAAA-Directorate of Economic Growth and Neighbourhood Services
RBC Legal Entity,25/02/2022,4650554,271487,MEADEE FLOORING LTD,DLO Voids Trades,150,Subcontractors Labour,SUB-CONTRACTOR,STANDARD,4020,KAAA-Directorate of Economic Growth and Neighbourhood Services
RBC Legal Entity,25/02/2022,4650554,271487,MEADEE FLOORING LTD,DLO Voids Trades,1018.5,Subcontractors Labour,SUB-CONTRACTOR,STANDARD,4020,KAAA-Directorate of Economic Growth and Neighbourhood Services
RBC Legal Entity,25/02/2022,4650595,271487,MEADEE FLOORING LTD,DLO Wokingham Trades,140,Subcontractors Labour,SUB-CONTRACTOR,STANDARD,4050,KAAA-Directorate of Economic Growth and Neighbourhood Services
RBC Legal Entity,25/02/2022,4650595,271487,MEADEE FLOORING LTD,DLO Wokingham Trades,753,Subcontractors Labour,SUB-CONTRACTOR,STANDARD,4050,KAAA-Directorate of Economic Growth and Neighbourhood Services
RBC Legal Entity,25/02/2022,4650604,271487,MEADEE FLOORING LTD,Payroll + Payments A/c,-24,System Creditors,SUB-CONTRACTOR,CREDIT,9823,ZZZB-Balance Sheet
RBC Legal Entity,25/02/2022,4650604,271487,MEADEE FLOORING LTD,DLO Day to Day Trades,120,Subcontractors Labour,SUB-CONTRACTOR,STANDARD,4010,KAAA-Directorate of Economic Growth and Neighbourhood Services
RBC Legal Entity,25/02/2022,4650604,271487,MEADEE FLOORING LTD,DLO Day to Day Trades,477.5,Subcontractors Labour,SUB-CONTRACTOR,STANDARD,4010,KAAA-Directorate of Economic Growth and Neighbourhood Services
RBC Legal Entity,25/02/2022,4650708,271487,MEADEE FLOORING LTD,Payroll + Payments A/c,-52,System Creditors,SUB-CONTRACTOR,CREDIT,9823,ZZZB-Balance Sheet
RBC Legal Entity,25/02/2022,4650708,271487,MEADEE FLOORING LTD,DLO Day to Day Trades,260,Subcontractors Labour,SUB-CONTRACTOR,STANDARD,4010,KAAA-Directorate of Economic Growth and Neighbourhood Services
RBC Legal Entity,25/02/2022,4650708,271487,MEADEE FLOORING LTD,DLO Day to Day Trades,1080,Subcontractors Labour,SUB-CONTRACTOR,STANDARD,4010,KAAA-Directorate of Economic Growth and Neighbourhood Services
RBC Legal Entity,25/02/2022,4650709,271487,MEADEE FLOORING LTD,DLO Wokingham Trades,120,Subcontractors Labour,SUB-CONTRACTOR,STANDARD,4050,KAAA-Directorate of Economic Growth and Neighbourhood Services
RBC Legal Entity,25/02/2022,4650709,271487,MEADEE FLOORING LTD,DLO Wokingham Trades,445,Subcontractors Labour,SUB-CONTRACTOR,STANDARD,4050,KAAA-Directorate of Economic Growth and Neighbourhood Services
RBC Legal Entity,25/02/2022,4650729,271487,MEADEE FLOORING LTD,Payroll + Payments A/c,-26,System Creditors,SUB-CONTRACTOR,CREDIT,9823,ZZZB-Balance Sheet
RBC Legal Entity,25/02/2022,4650729,271487,MEADEE FLOORING LTD,DLO Day to Day Trades,130,Subcontractors Labour,SUB-CONTRACTOR,STANDARD,4010,KAAA-Directorate of Economic Growth and Neighbourhood Services
RBC Legal Entity,25/02/2022,4650729,271487,MEADEE FLOORING LTD,DLO Day to Day Trades,457.5,Subcontractors Labour,SUB-CONTRACTOR,STANDARD,4010,KAAA-Directorate of Economic Growth and Neighbourhood Services
RBC Legal Entity,25/02/2022,4650730,271487,MEADEE FLOORING LTD,Payroll + Payments A/c,-24,System Creditors,SUB-CONTRACTOR,CREDIT,9823,ZZZB-Balance Sheet
RBC Legal Entity,25/02/2022,4650730,271487,MEADEE FLOORING LTD,DLO Day to Day Trades,120,Subcontractors Labour,SUB-CONTRACTOR,STANDARD,4010,KAAA-Directorate of Economic Growth and Neighbourhood Services
RBC Legal Entity,25/02/2022,4650730,271487,MEADEE FLOORING LTD,DLO Day to Day Trades,477.5,Subcontractors Labour,SUB-CONTRACTOR,STANDARD,4010,KAAA-Directorate of Economic Growth and Neighbourhood Services
RBC Legal Entity,25/02/2022,4650732,271487,MEADEE FLOORING LTD,DLO Wokingham Trades,120,Subcontractors Labour,SUB-CONTRACTOR,STANDARD,4050,KAAA-Directorate of Economic Growth and Neighbourhood Services
RBC Legal Entity,25/02/2022,4650732,271487,MEADEE FLOORING LTD,DLO Wokingham Trades,390,Subcontractors Labour,SUB-CONTRACTOR,STANDARD,4050,KAAA-Directorate of Economic Growth and Neighbourhood Services
RBC Legal Entity,25/02/2022,4646704,271488,FCC RECYCLING (UK) LTD,Refuse Collection,12166.7,Tipping Charge,SUPPLIER,STANDARD,4561,KAAA-Directorate of Economic Growth and Neighbourhood Services
RBC Legal Entity,25/02/2022,4653348,271490,AISHA MALIK,Guaranteed Rent Scheme,880.53,Rents,Landlord,STANDARD,5872,KAAA-Directorate of Economic Growth and Neighbourhood Services
RBC Legal Entity,25/02/2022,4652871,271491,MRS B DESAX & MR O ANTILLE,Guaranteed Rent Scheme,1006.72,Rents,SUPPLIER,STANDARD,5872,KAAA-Directorate of Economic Growth and Neighbourhood Services
RBC Legal Entity,25/02/2022,4653221,271492,MARTYN RUSSELL PROPERTY SERVICES LTD,Guaranteed Rent Scheme,694.59,Rents,SUPPLIER,STANDARD,5872,KAAA-Directorate of Economic Growth and Neighbourhood Services
RBC Legal Entity,25/02/2022,4652858,271493,ELIAS PARIKOS,Guaranteed Rent Scheme,694.59,Rents,SUPPLIER,STANDARD,5872,KAAA-Directorate of Economic Growth and Neighbourhood Services
RBC Legal Entity,25/02/2022,4652913,271494,MAYA RANI MALHOTRA,Guaranteed Rent Scheme,1388.74,Rents,SUPPLIER,STANDARD,5872,KAAA-Directorate of Economic Growth and Neighbourhood Services
RBC Legal Entity,25/02/2022,4653063,271494,MAYA RANI MALHOTRA,Guaranteed Rent Scheme,1388.74,Rents,SUPPLIER,STANDARD,5872,KAAA-Directorate of Economic Growth and Neighbourhood Services
RBC Legal Entity,25/02/2022,4653048,271495,MATTHEW BRAZIL,Guaranteed Rent Scheme,865.8,Rents,SUPPLIER,STANDARD,5872,KAAA-Directorate of Economic Growth and Neighbourhood Services
RBC Legal Entity,25/02/2022,4652899,271496,LYNX LETTINGS LTD,Guaranteed Rent Scheme,1388.74,Rents,SUPPLIER,STANDARD,5872,KAAA-Directorate of Economic Growth and Neighbourhood Services
RBC Legal Entity,25/02/2022,4652908,271496,LYNX LETTINGS LTD,Guaranteed Rent Scheme,1388.74,Rents,SUPPLIER,STANDARD,5872,KAAA-Directorate of Economic Growth and Neighbourhood Services
RBC Legal Entity,25/02/2022,4653410,271496,LYNX LETTINGS LTD,Guaranteed Rent Scheme,1006.72,Rents,SUPPLIER,STANDARD,5872,KAAA-Directorate of Economic Growth and Neighbourhood Services
RBC Legal Entity,25/02/2022,4653364,271497,MERCEDES SPENCE,Guaranteed Rent Scheme,1006.72,Rents,Landlord,STANDARD,5872,KAAA-Directorate of Economic Growth and Neighbourhood Services
RBC Legal Entity,25/02/2022,4652823,271498,SEAN HEATH,Guaranteed Rent Scheme,694.59,Rents,Landlord,STANDARD,5872,KAAA-Directorate of Economic Growth and Neighbourhood Services
RBC Legal Entity,25/02/2022,4652885,271498,SEAN HEATH,Guaranteed Rent Scheme,694.59,Rents,Landlord,STANDARD,5872,KAAA-Directorate of Economic Growth and Neighbourhood Services
RBC Legal Entity,25/02/2022,4653014,271498,SEAN HEATH,Guaranteed Rent Scheme,880.53,Rents,Landlord,STANDARD,5872,KAAA-Directorate of Economic Growth and Neighbourhood Services
RBC Legal Entity,25/02/2022,4653078,271498,SEAN HEATH,Guaranteed Rent Scheme,694.59,Rents,Landlord,STANDARD,5872,KAAA-Directorate of Economic Growth and Neighbourhood Services
RBC Legal Entity,25/02/2022,4653298,271498,SEAN HEATH,Guaranteed Rent Scheme,694.59,Rents,Landlord,STANDARD,5872,KAAA-Directorate of Economic Growth and Neighbourhood Services
RBC Legal Entity,25/02/2022,4653425,271498,SEAN HEATH,Guaranteed Rent Scheme,694.59,Rents,Landlord,STANDARD,5872,KAAA-Directorate of Economic Growth and Neighbourhood Services
RBC Legal Entity,25/02/2022,4653528,271498,SEAN HEATH,Guaranteed Rent Scheme,512.84,Rents,Landlord,STANDARD,5872,KAAA-Directorate of Economic Growth and Neighbourhood Services
RBC Legal Entity,25/02/2022,4653529,271498,SEAN HEATH,Guaranteed Rent Scheme,880.53,Rents,Landlord,STANDARD,5872,KAAA-Directorate of Economic Growth and Neighbourhood Services
RBC Legal Entity,25/02/2022,4653090,271499,GURINDER SINGH,Guaranteed Rent Scheme,865.8,Rents,SUPPLIER,STANDARD,5872,KAAA-Directorate of Economic Growth and Neighbourhood Services
RBC Legal Entity,25/02/2022,4652922,271500,ROSS ERLAM,Guaranteed Rent Scheme,840.58,Rents,SUPPLIER,STANDARD,5872,KAAA-Directorate of Economic Growth and Neighbourhood Services
RBC Legal Entity,25/02/2022,4653122,271501,TERESA HARRIS,Guaranteed Rent Scheme,694.59,Rents,SUPPLIER,STANDARD,5872,KAAA-Directorate of Economic Growth and Neighbourhood Services
RBC Legal Entity,25/02/2022,4653061,271502,MR P C BIDGOOD,Guaranteed Rent Scheme,865.8,Rents,SUPPLIER,STANDARD,5872,KAAA-Directorate of Economic Growth and Neighbourhood Services
RBC Legal Entity,25/02/2022,4652824,271503,JEREMY SIMMONS,Guaranteed Rent Scheme,1006.72,Rents,SUPPLIER,STANDARD,5872,KAAA-Directorate of Economic Growth and Neighbourhood Services
RBC Legal Entity,25/02/2022,4653136,271503,JEREMY SIMMONS,Guaranteed Rent Scheme,1006.72,Rents,SUPPLIER,STANDARD,5872,KAAA-Directorate of Economic Growth and Neighbourhood Services
RBC Legal Entity,25/02/2022,4653137,271503,JEREMY SIMMONS,Guaranteed Rent Scheme,880.53,Rents,SUPPLIER,STANDARD,5872,KAAA-Directorate of Economic Growth and Neighbourhood Services
RBC Legal Entity,25/02/2022,4653461,271503,JEREMY SIMMONS,Guaranteed Rent Scheme,880.53,Rents,SUPPLIER,STANDARD,5872,KAAA-Directorate of Economic Growth and Neighbourhood Services
RBC Legal Entity,25/02/2022,4653516,271503,JEREMY SIMMONS,Guaranteed Rent Scheme,880.53,Rents,SUPPLIER,STANDARD,5872,KAAA-Directorate of Economic Growth and Neighbourhood Services
RBC Legal Entity,25/02/2022,4653229,271504,RADHA DHARAMDASS-FORTUNE,Guaranteed Rent Scheme,880.53,Rents,Third Party Supplier,STANDARD,5872,KAAA-Directorate of Economic Growth and Neighbourhood Services
RBC Legal Entity,25/02/2022,4653202,271505,GUY BRAZIL,Guaranteed Rent Scheme,694.59,Rents,SUPPLIER,STANDARD,5872,KAAA-Directorate of Economic Growth and Neighbourhood Services
RBC Legal Entity,25/02/2022,4648147,271506,G2 RECRUITMENT SOLUTIONS LTD,Building Control,750,Consultancy Fees,SUPPLIER,STANDARD,4701,KAAA-Directorate of Economic Growth and Neighbourhood Services
RBC Legal Entity,25/02/2022,4648206,271506,G2 RECRUITMENT SOLUTIONS LTD,Building Control,1469.2,Consultancy Fees,SUPPLIER,STANDARD,4701,KAAA-Directorate of Economic Growth and Neighbourhood Services
RBC Legal Entity,25/02/2022,4653146,271507,RAJINDER SOHPAL,Guaranteed Rent Scheme,682.98,Rents,SUPPLIER,STANDARD,5872,KAAA-Directorate of Economic Growth and Neighbourhood Services
RBC Legal Entity,25/02/2022,4653199,271507,RAJINDER SOHPAL,Guaranteed Rent Scheme,880.53,Rents,SUPPLIER,STANDARD,5872,KAAA-Directorate of Economic Growth and Neighbourhood Services
RBC Legal Entity,25/02/2022,4653351,271507,RAJINDER SOHPAL,Guaranteed Rent Scheme,880.53,Rents,SUPPLIER,STANDARD,5872,KAAA-Directorate of Economic Growth and Neighbourhood Services
RBC Legal Entity,25/02/2022,4653355,271507,RAJINDER SOHPAL,Guaranteed Rent Scheme,880.53,Rents,SUPPLIER,STANDARD,5872,KAAA-Directorate of Economic Growth and Neighbourhood Services
RBC Legal Entity,25/02/2022,4653417,271507,RAJINDER SOHPAL,Guaranteed Rent Scheme,694.59,Rents,SUPPLIER,STANDARD,5872,KAAA-Directorate of Economic Growth and Neighbourhood Services
RBC Legal Entity,25/02/2022,4652958,271508,HADRONTA LTD,Guaranteed Rent Scheme,1006.72,Rents,SUPPLIER,STANDARD,5872,KAAA-Directorate of Economic Growth and Neighbourhood Services
RBC Legal Entity,25/02/2022,4652962,271509,JULIE PROVINO,Guaranteed Rent Scheme,840.58,Rents,SUPPLIER,STANDARD,5872,KAAA-Directorate of Economic Growth and Neighbourhood Services
RBC Legal Entity,25/02/2022,4652972,271510,DANIEL THOMAS GRANT,Guaranteed Rent Scheme,840.58,Rents,SUPPLIER,STANDARD,5872,KAAA-Directorate of Economic Growth and Neighbourhood Services
RBC Legal Entity,25/02/2022,4652974,271512,BILLY LEUNG,Guaranteed Rent Scheme,1006.72,Rents,SUPPLIER,STANDARD,5872,KAAA-Directorate of Economic Growth and Neighbourhood Services
RBC Legal Entity,25/02/2022,4652995,271513,SYEDA SAMEENA AHMED,Guaranteed Rent Scheme,1200,Rents,SUPPLIER,STANDARD,5872,KAAA-Directorate of Economic Growth and Neighbourhood Services
RBC Legal Entity,25/02/2022,4653232,271514,AMY AND RICHARD GATES,Guaranteed Rent Scheme,880.53,Rents,Third Party Supplier,STANDARD,5872,KAAA-Directorate of Economic Growth and Neighbourhood Services
RBC Legal Entity,25/02/2022,4652992,271515,PETER COLLINS,Guaranteed Rent Scheme,880.53,Rents,SUPPLIER,STANDARD,5872,KAAA-Directorate of Economic Growth and Neighbourhood Services
RBC Legal Entity,25/02/2022,4653214,271515,PETER COLLINS,Guaranteed Rent Scheme,694.59,Rents,SUPPLIER,STANDARD,5872,KAAA-Directorate of Economic Growth and Neighbourhood Services
RBC Legal Entity,25/02/2022,4652994,271516,MARTIN DALTON,Guaranteed Rent Scheme,840.58,Rents,SUPPLIER,STANDARD,5872,KAAA-Directorate of Economic Growth and Neighbourhood Services
RBC Legal Entity,25/02/2022,4653001,271517,DEBORAH JEFFRIES,Guaranteed Rent Scheme,961.09,Rents,SUPPLIER,STANDARD,5872,KAAA-Directorate of Economic Growth and Neighbourhood Services
RBC Legal Entity,25/02/2022,4653004,271518,RAYMOND ALLAN WARD,Guaranteed Rent Scheme,663.08,Rents,SUPPLIER,STANDARD,5872,KAAA-Directorate of Economic Growth and Neighbourhood Services
RBC Legal Entity,25/02/2022,4652999,271519,SANJAY DESAI & INDIRA DESAI,Guaranteed Rent Scheme,1006.72,Rents,SUPPLIER,STANDARD,5872,KAAA-Directorate of Economic Growth and Neighbourhood Services
RBC Legal Entity,25/02/2022,4653009,271520,MID THAMES AREA QUAKERS,Guaranteed Rent Scheme,880.53,Rents,SUPPLIER,STANDARD,5872,KAAA-Directorate of Economic Growth and Neighbourhood Services
RBC Legal Entity,25/02/2022,4652759,271521,WOODLEYS ESTATE AGENT,Guaranteed Rent Scheme,880.53,Rents,Landlord,STANDARD,5872,KAAA-Directorate of Economic Growth and Neighbourhood Services
RBC Legal Entity,25/02/2022,4652983,271521,WOODLEYS ESTATE AGENT,Guaranteed Rent Scheme,682.98,Rents,Landlord,STANDARD,5872,KAAA-Directorate of Economic Growth and Neighbourhood Services
RBC Legal Entity,25/02/2022,4653047,271521,WOODLEYS ESTATE AGENT,Guaranteed Rent Scheme,1388.74,Rents,Landlord,STANDARD,5872,KAAA-Directorate of Economic Growth and Neighbourhood Services
RBC Legal Entity,25/02/2022,4653198,271521,WOODLEYS ESTATE AGENT,Guaranteed Rent Scheme,1388.74,Rents,Landlord,STANDARD,5872,KAAA-Directorate of Economic Growth and Neighbourhood Services
RBC Legal Entity,25/02/2022,4653349,271521,WOODLEYS ESTATE AGENT,Guaranteed Rent Scheme,880.53,Rents,Landlord,STANDARD,5872,KAAA-Directorate of Economic Growth and Neighbourhood Services
RBC Legal Entity,25/02/2022,4653359,271521,WOODLEYS ESTATE AGENT,Guaranteed Rent Scheme,880.53,Rents,Landlord,STANDARD,5872,KAAA-Directorate of Economic Growth and Neighbourhood Services
RBC Legal Entity,25/02/2022,4652791,271522,READING LETTINGS,Guaranteed Rent Scheme,694.59,Rents,Landlord,STANDARD,5872,KAAA-Directorate of Economic Growth and Neighbourhood Services
RBC Legal Entity,25/02/2022,4652802,271522,READING LETTINGS,Guaranteed Rent Scheme,694.59,Rents,Landlord,STANDARD,5872,KAAA-Directorate of Economic Growth and Neighbourhood Services
RBC Legal Entity,25/02/2022,4652890,271522,READING LETTINGS,Guaranteed Rent Scheme,865.8,Rents,Landlord,STANDARD,5872,KAAA-Directorate of Economic Growth and Neighbourhood Services
RBC Legal Entity,25/02/2022,4653330,271522,READING LETTINGS,Guaranteed Rent Scheme,1006.72,Rents,Landlord,STANDARD,5872,KAAA-Directorate of Economic Growth and Neighbourhood Services
RBC Legal Entity,25/02/2022,4653387,271522,READING LETTINGS,Guaranteed Rent Scheme,694.59,Rents,Landlord,STANDARD,5872,KAAA-Directorate of Economic Growth and Neighbourhood Services
RBC Legal Entity,25/02/2022,4653013,271523,BRIAN SHARP,Guaranteed Rent Scheme,840.58,Rents,SUPPLIER,STANDARD,5872,KAAA-Directorate of Economic Growth and Neighbourhood Services
RBC Legal Entity,25/02/2022,4648141,271524,OLIVER POWELL,JLT Disbursements,550,Misc. Legal Expenses,Third Party Supplier,STANDARD,2407,LAAA-Directorate of Resources
RBC Legal Entity,25/02/2022,4650718,271525,DOMESTIC APPLIANCE SPECIALISTS,DLO Day to Day Trades,950,Subcontractors Labour,SUPPLIER,STANDARD,4010,KAAA-Directorate of Economic Growth and Neighbourhood Services
RBC Legal Entity,25/02/2022,4653910,271525,DOMESTIC APPLIANCE SPECIALISTS,DLO Day to Day Trades,1195.83,Subcontractors Labour,SUPPLIER,STANDARD,4010,KAAA-Directorate of Economic Growth and Neighbourhood Services
RBC Legal Entity,25/02/2022,4652816,271526,CHANEYS CHARTERED SURVEYORS,Guaranteed Rent Scheme,840.58,Rents,SUPPLIER,STANDARD,5872,KAAA-Directorate of Economic Growth and Neighbourhood Services
RBC Legal Entity,25/02/2022,4652843,271526,CHANEYS CHARTERED SURVEYORS,Guaranteed Rent Scheme,840.58,Rents,SUPPLIER,STANDARD,5872,KAAA-Directorate of Economic Growth and Neighbourhood Services
RBC Legal Entity,25/02/2022,4653037,271526,CHANEYS CHARTERED SURVEYORS,Guaranteed Rent Scheme,865.8,Rents,SUPPLIER,STANDARD,5872,KAAA-Directorate of Economic Growth and Neighbourhood Services
RBC Legal Entity,25/02/2022,4653096,271527,WILLIAMS PROPERTY PARTNERSHIP,Guaranteed Rent Scheme,880.53,Rents,SUPPLIER,STANDARD,5872,KAAA-Directorate of Economic Growth and Neighbourhood Services
RBC Legal Entity,25/02/2022,4652952,271528,STEPHEN DORSEY,Guaranteed Rent Scheme,1365.52,Rents,Third Party Supplier,STANDARD,5872,KAAA-Directorate of Economic Growth and Neighbourhood Services
RBC Legal Entity,25/02/2022,4653289,271528,STEPHEN DORSEY,Guaranteed Rent Scheme,694.59,Rents,Third Party Supplier,STANDARD,5872,KAAA-Directorate of Economic Growth and Neighbourhood Services
RBC Legal Entity,25/02/2022,4653317,271528,STEPHEN DORSEY,Guaranteed Rent Scheme,694.59,Rents,Third Party Supplier,STANDARD,5872,KAAA-Directorate of Economic Growth and Neighbourhood Services
RBC Legal Entity,25/02/2022,4652755,271529,MARTYN GRANT,Guaranteed Rent Scheme,694.59,Rents,SUPPLIER,STANDARD,5872,KAAA-Directorate of Economic Growth and Neighbourhood Services
RBC Legal Entity,25/02/2022,4653497,271529,MARTYN GRANT,Guaranteed Rent Scheme,694.59,Rents,SUPPLIER,STANDARD,5872,KAAA-Directorate of Economic Growth and Neighbourhood Services
RBC Legal Entity,25/02/2022,4652799,271530,JAY JONES,Guaranteed Rent Scheme,1006.72,Rents,SUPPLIER,STANDARD,5872,KAAA-Directorate of Economic Growth and Neighbourhood Services
RBC Legal Entity,25/02/2022,4652982,271531,KOFI APPAU,Guaranteed Rent Scheme,880.53,Rents,SUPPLIER,STANDARD,5872,KAAA-Directorate of Economic Growth and Neighbourhood Services
RBC Legal Entity,25/02/2022,4652757,271532,MARK & VENERA YOUNG,Guaranteed Rent Scheme,880.53,Rents,SUPPLIER,STANDARD,5872,KAAA-Directorate of Economic Growth and Neighbourhood Services
RBC Legal Entity,25/02/2022,4652936,271532,MARK & VENERA YOUNG,Guaranteed Rent Scheme,880.53,Rents,SUPPLIER,STANDARD,5872,KAAA-Directorate of Economic Growth and Neighbourhood Services
RBC Legal Entity,25/02/2022,4653007,271533,LEE & HANNAH VOCKINS,Guaranteed Rent Scheme,1006.72,Rents,SUPPLIER,STANDARD,5872,KAAA-Directorate of Economic Growth and Neighbourhood Services
RBC Legal Entity,25/02/2022,4653022,271534,CHILLINGHAM LTD,Guaranteed Rent Scheme,961.09,Rents,Third Party Supplier,STANDARD,5872,KAAA-Directorate of Economic Growth and Neighbourhood Services
RBC Legal Entity,25/02/2022,4653012,271535,MICHELLE CRITTENDEN,Guaranteed Rent Scheme,663.08,Rents,SUPPLIER,STANDARD,5872,KAAA-Directorate of Economic Growth and Neighbourhood Services
RBC Legal Entity,25/02/2022,4653138,271535,MICHELLE CRITTENDEN,Guaranteed Rent Scheme,989.91,Rents,SUPPLIER,STANDARD,5872,KAAA-Directorate of Economic Growth and Neighbourhood Services
RBC Legal Entity,25/02/2022,4653160,271535,MICHELLE CRITTENDEN,Guaranteed Rent Scheme,682.98,Rents,SUPPLIER,STANDARD,5872,KAAA-Directorate of Economic Growth and Neighbourhood Services
RBC Legal Entity,25/02/2022,4652938,271536,NATHAN WARD,Guaranteed Rent Scheme,694.59,Rents,SUPPLIER,STANDARD,5872,KAAA-Directorate of Economic Growth and Neighbourhood Services
RBC Legal Entity,25/02/2022,4653318,271537,DORIS TALLON,Guaranteed Rent Scheme,880.53,Rents,SUPPLIER,STANDARD,5872,KAAA-Directorate of Economic Growth and Neighbourhood Services
RBC Legal Entity,25/02/2022,4653021,271539,KATE NEAL,Guaranteed Rent Scheme,989.91,Rents,Landlord,STANDARD,5872,KAAA-Directorate of Economic Growth and Neighbourhood Services
RBC Legal Entity,25/02/2022,4653332,271540,VOKE PROPERTIES,Guaranteed Rent Scheme,880.53,Rents,Landlord,STANDARD,5872,KAAA-Directorate of Economic Growth and Neighbourhood Services
RBC Legal Entity,25/02/2022,4653031,271541,FRANK MADRAY,Guaranteed Rent Scheme,1006.72,Rents,SUPPLIER,STANDARD,5872,KAAA-Directorate of Economic Growth and Neighbourhood Services
RBC Legal Entity,25/02/2022,4652960,271543,NASEEMA CHAWAMA,Guaranteed Rent Scheme,1006.72,Rents,SUPPLIER,STANDARD,5872,KAAA-Directorate of Economic Growth and Neighbourhood Services
RBC Legal Entity,25/02/2022,4653118,271544,DAYLA SINGH,Guaranteed Rent Scheme,682.98,Rents,Landlord,STANDARD,5872,KAAA-Directorate of Economic Growth and Neighbourhood Services
RBC Legal Entity,25/02/2022,4653044,271545,LORNA CLARK,Guaranteed Rent Scheme,880.53,Rents,Landlord,STANDARD,5872,KAAA-Directorate of Economic Growth and Neighbourhood Services
RBC Legal Entity,25/02/2022,4652005,271546,RAIN-SCAPE LTD,MRA Account,27687.52,Roofs + Structural,SUB-CONTRACTOR,STANDARD,5975,HAAA-Housing Revenue Account
RBC Legal Entity,25/02/2022,4652895,271547,JOANNE ASKIN,Guaranteed Rent Scheme,880.53,Rents,SUPPLIER,STANDARD,5872,KAAA-Directorate of Economic Growth and Neighbourhood Services
RBC Legal Entity,25/02/2022,4653245,271548,LISA & MARTIN PERRIN,Guaranteed Rent Scheme,880.53,Rents,SUPPLIER,STANDARD,5872,KAAA-Directorate of Economic Growth and Neighbourhood Services
RBC Legal Entity,25/02/2022,4653207,271549,HADI & MUBARKA MEHTA,Guaranteed Rent Scheme,1006.72,Rents,SUPPLIER,STANDARD,5872,KAAA-Directorate of Economic Growth and Neighbourhood Services
RBC Legal Entity,25/02/2022,4652761,271550,E VAN DER KAMP & S BLAKENEY,Guaranteed Rent Scheme,1006.72,Rents,SUPPLIER,STANDARD,5872,KAAA-Directorate of Economic Growth and Neighbourhood Services
RBC Legal Entity,25/02/2022,4652905,271551,NIGEL & ELIANA SYDES,Guaranteed Rent Scheme,663.08,Rents,SUPPLIER,STANDARD,5872,KAAA-Directorate of Economic Growth and Neighbourhood Services
RBC Legal Entity,25/02/2022,4652889,271552,AQSA QURESHI,Guaranteed Rent Scheme,1006.72,Rents,SUPPLIER,STANDARD,5872,KAAA-Directorate of Economic Growth and Neighbourhood Services
RBC Legal Entity,25/02/2022,4652949,271552,AQSA QURESHI,Guaranteed Rent Scheme,880.53,Rents,SUPPLIER,STANDARD,5872,KAAA-Directorate of Economic Growth and Neighbourhood Services
RBC Legal Entity,25/02/2022,4652764,271553,EDWARD BATSON,Guaranteed Rent Scheme,1006.72,Rents,SUPPLIER,STANDARD,5872,KAAA-Directorate of Economic Growth and Neighbourhood Services
RBC Legal Entity,25/02/2022,4652803,271554,MICHELLE BOYLAN,Guaranteed Rent Scheme,1006.72,Rents,SUPPLIER,STANDARD,5872,KAAA-Directorate of Economic Growth and Neighbourhood Services
RBC Legal Entity,25/02/2022,4653247,271555,SHAHIN GULAMALI,Guaranteed Rent Scheme,694.59,Rents,SUPPLIER,STANDARD,5872,KAAA-Directorate of Economic Growth and Neighbourhood Services
RBC Legal Entity,25/02/2022,4653062,271556,JASON METHVEN,Guaranteed Rent Scheme,694.59,Rents,SUPPLIER,STANDARD,5872,KAAA-Directorate of Economic Growth and Neighbourhood Services
RBC Legal Entity,25/02/2022,4653277,271556,JASON METHVEN,Guaranteed Rent Scheme,694.59,Rents,SUPPLIER,STANDARD,5872,KAAA-Directorate of Economic Growth and Neighbourhood Services
RBC Legal Entity,25/02/2022,4653406,271556,JASON METHVEN,Guaranteed Rent Scheme,694.59,Rents,SUPPLIER,STANDARD,5872,KAAA-Directorate of Economic Growth and Neighbourhood Services
RBC Legal Entity,25/02/2022,4651807,271557,PILON LTD,DLO Wokingham Trades,18486.79,Subcontractors Labour,SUB-CONTRACTOR,STANDARD,4050,KAAA-Directorate of Economic Growth and Neighbourhood Services
RBC Legal Entity,25/02/2022,4651808,271557,PILON LTD,DLO Day to Day Trades,13850.66,Subcontractors Labour,SUB-CONTRACTOR,STANDARD,4010,KAAA-Directorate of Economic Growth and Neighbourhood Services
RBC Legal Entity,25/02/2022,4652939,271558,NIGEL BISH,Guaranteed Rent Scheme,980.91,Rents,Landlord,STANDARD,5872,KAAA-Directorate of Economic Growth and Neighbourhood Services
RBC Legal Entity,25/02/2022,4652770,271559,MARTIN JOHN PRODGER,Guaranteed Rent Scheme,1388.74,Rents,SUPPLIER,STANDARD,5872,KAAA-Directorate of Economic Growth and Neighbourhood Services
RBC Legal Entity,25/02/2022,4653052,271560,PAULINE CAREY,Guaranteed Rent Scheme,880.53,Rents,Landlord,STANDARD,5872,KAAA-Directorate of Economic Growth and Neighbourhood Services
RBC Legal Entity,25/02/2022,4653125,271561,DANIEL DUNNE & TRUDIE MIDDLETON,Guaranteed Rent Scheme,865.8,Rents,Landlord,STANDARD,5872,KAAA-Directorate of Economic Growth and Neighbourhood Services
RBC Legal Entity,25/02/2022,4653073,271562,GERARD DAVIS,Guaranteed Rent Scheme,1006.72,Rents,Landlord,STANDARD,5872,KAAA-Directorate of Economic Growth and Neighbourhood Services
RBC Legal Entity,25/02/2022,4653926,271563,DR GEORGE STEIN,JLT Disbursements,1620,Misc. Legal Expenses,Third Party Supplier,STANDARD,2407,LAAA-Directorate of Resources
RBC Legal Entity,25/02/2022,4653066,271564,FINEWAYS PROPERTY LTD,Guaranteed Rent Scheme,1051.11,Rents,Landlord,STANDARD,5872,KAAA-Directorate of Economic Growth and Neighbourhood Services
RBC Legal Entity,25/02/2022,4653107,271564,FINEWAYS PROPERTY LTD,Guaranteed Rent Scheme,650,Rents,Landlord,STANDARD,5872,KAAA-Directorate of Economic Growth and Neighbourhood Services
RBC Legal Entity,25/02/2022,4653133,271564,FINEWAYS PROPERTY LTD,Guaranteed Rent Scheme,694.59,Rents,Landlord,STANDARD,5872,KAAA-Directorate of Economic Growth and Neighbourhood Services
RBC Legal Entity,25/02/2022,4653222,271564,FINEWAYS PROPERTY LTD,Guaranteed Rent Scheme,880.53,Rents,Landlord,STANDARD,5872,KAAA-Directorate of Economic Growth and Neighbourhood Services
RBC Legal Entity,25/02/2022,4653358,271564,FINEWAYS PROPERTY LTD,Guaranteed Rent Scheme,650,Rents,Landlord,STANDARD,5872,KAAA-Directorate of Economic Growth and Neighbourhood Services
RBC Legal Entity,25/02/2022,4653403,271564,FINEWAYS PROPERTY LTD,Guaranteed Rent Scheme,880.53,Rents,Landlord,STANDARD,5872,KAAA-Directorate of Economic Growth and Neighbourhood Services
RBC Legal Entity,25/02/2022,4653409,271564,FINEWAYS PROPERTY LTD,Guaranteed Rent Scheme,694.59,Rents,Landlord,STANDARD,5872,KAAA-Directorate of Economic Growth and Neighbourhood Services
RBC Legal Entity,25/02/2022,4653438,271564,FINEWAYS PROPERTY LTD,Guaranteed Rent Scheme,1388.74,Rents,Landlord,STANDARD,5872,KAAA-Directorate of Economic Growth and Neighbourhood Services
RBC Legal Entity,25/02/2022,4653079,271566,ANDREW BOCTOR,Guaranteed Rent Scheme,880.53,Rents,SUPPLIER,STANDARD,5872,KAAA-Directorate of Economic Growth and Neighbourhood Services
RBC Legal Entity,25/02/2022,4653088,271567,PATRICK AND VIVIAN NWEKE,Guaranteed Rent Scheme,1006.72,Rents,Landlord,STANDARD,5872,KAAA-Directorate of Economic Growth and Neighbourhood Services
RBC Legal Entity,25/02/2022,4653067,271568,GEORGE AND JANICE BELL,Guaranteed Rent Scheme,1006.72,Rents,SUPPLIER,STANDARD,5872,KAAA-Directorate of Economic Growth and Neighbourhood Services
RBC Legal Entity,25/02/2022,4653454,271568,GEORGE AND JANICE BELL,Guaranteed Rent Scheme,880.53,Rents,SUPPLIER,STANDARD,5872,KAAA-Directorate of Economic Growth and Neighbourhood Services
RBC Legal Entity,25/02/2022,4653082,271569,PHILLIP HILL,Guaranteed Rent Scheme,865.8,Rents,SUPPLIER,STANDARD,5872,KAAA-Directorate of Economic Growth and Neighbourhood Services
RBC Legal Entity,25/02/2022,4653085,271570,ROBERT WATSON & JAMIE HEPBURN,Guaranteed Rent Scheme,694.59,Rents,SUPPLIER,STANDARD,5872,KAAA-Directorate of Economic Growth and Neighbourhood Services
RBC Legal Entity,25/02/2022,4653097,271571,SIMON GROVES,Guaranteed Rent Scheme,694.59,Rents,SUPPLIER,STANDARD,5872,KAAA-Directorate of Economic Growth and Neighbourhood Services
RBC Legal Entity,25/02/2022,4653100,271572,TAIRA CATON,Guaranteed Rent Scheme,880.53,Rents,SUPPLIER,STANDARD,5872,KAAA-Directorate of Economic Growth and Neighbourhood Services
RBC Legal Entity,25/02/2022,4652767,271573,JAMES MILLER,Guaranteed Rent Scheme,880.53,Rents,SUPPLIER,STANDARD,5872,KAAA-Directorate of Economic Growth and Neighbourhood Services
RBC Legal Entity,25/02/2022,4652771,271574,SIOBHAN SANCTUARY,Guaranteed Rent Scheme,1365.52,Rents,SUPPLIER,STANDARD,5872,KAAA-Directorate of Economic Growth and Neighbourhood Services
RBC Legal Entity,25/02/2022,4653006,271574,SIOBHAN SANCTUARY,Guaranteed Rent Scheme,961.09,Rents,SUPPLIER,STANDARD,5872,KAAA-Directorate of Economic Growth and Neighbourhood Services
RBC Legal Entity,25/02/2022,4652971,271575,ANDREW WILKINSON,Guaranteed Rent Scheme,880.53,Rents,SUPPLIER,STANDARD,5872,KAAA-Directorate of Economic Growth and Neighbourhood Services
RBC Legal Entity,25/02/2022,4652773,271576,SHING HEUNG,Guaranteed Rent Scheme,694.59,Rents,SUPPLIER,STANDARD,5872,KAAA-Directorate of Economic Growth and Neighbourhood Services
RBC Legal Entity,25/02/2022,4653266,271577,RUTH KINYANJUI,Guaranteed Rent Scheme,880.53,Rents,SUPPLIER,STANDARD,5872,KAAA-Directorate of Economic Growth and Neighbourhood Services
RBC Legal Entity,25/02/2022,4652774,271578,JEREMY SIMMONS & STEFAN WASYLCIW,Guaranteed Rent Scheme,1006.72,Rents,Landlord,STANDARD,5872,KAAA-Directorate of Economic Growth and Neighbourhood Services
RBC Legal Entity,25/02/2022,4652822,271578,JEREMY SIMMONS & STEFAN WASYLCIW,Guaranteed Rent Scheme,694.59,Rents,Landlord,STANDARD,5872,KAAA-Directorate of Economic Growth and Neighbourhood Services
RBC Legal Entity,25/02/2022,4652853,271578,JEREMY SIMMONS & STEFAN WASYLCIW,Guaranteed Rent Scheme,880,Rents,Landlord,STANDARD,5872,KAAA-Directorate of Economic Growth and Neighbourhood Services
RBC Legal Entity,25/02/2022,4653020,271579,DEEPAK GILL,Guaranteed Rent Scheme,880.53,Rents,SUPPLIER,STANDARD,5872,KAAA-Directorate of Economic Growth and Neighbourhood Services
RBC Legal Entity,25/02/2022,4653209,271579,DEEPAK GILL,Guaranteed Rent Scheme,880.53,Rents,SUPPLIER,STANDARD,5872,KAAA-Directorate of Economic Growth and Neighbourhood Services
RBC Legal Entity,25/02/2022,4652775,271580,MICHAEL & PAULINE MILLER,Guaranteed Rent Scheme,880.53,Rents,SUPPLIER,STANDARD,5872,KAAA-Directorate of Economic Growth and Neighbourhood Services
RBC Legal Entity,25/02/2022,4652776,271582,KAY REEVE,Guaranteed Rent Scheme,1006.72,Rents,SUPPLIER,STANDARD,5872,KAAA-Directorate of Economic Growth and Neighbourhood Services
RBC Legal Entity,25/02/2022,4652851,271584,MIKE COTTER,Guaranteed Rent Scheme,1388.74,Rents,SUPPLIER,STANDARD,5872,KAAA-Directorate of Economic Growth and Neighbourhood Services
RBC Legal Entity,25/02/2022,4652778,271585,HANNAH WATSON-TOFT,Guaranteed Rent Scheme,1006.72,Rents,SUPPLIER,STANDARD,5872,KAAA-Directorate of Economic Growth and Neighbourhood Services
RBC Legal Entity,25/02/2022,4652817,271585,HANNAH WATSON-TOFT,Guaranteed Rent Scheme,1006.72,Rents,SUPPLIER,STANDARD,5872,KAAA-Directorate of Economic Growth and Neighbourhood Services
RBC Legal Entity,25/02/2022,4653101,271586,CLIFFORD ALMOND,Guaranteed Rent Scheme,682.98,Rents,SUPPLIER,STANDARD,5872,KAAA-Directorate of Economic Growth and Neighbourhood Services
RBC Legal Entity,25/02/2022,4653367,271586,CLIFFORD ALMOND,Guaranteed Rent Scheme,880.53,Rents,SUPPLIER,STANDARD,5872,KAAA-Directorate of Economic Growth and Neighbourhood Services
RBC Legal Entity,25/02/2022,4653104,271587,TREVOR FITZPATRICK-BROWNE,Guaranteed Rent Scheme,682.98,Rents,SUPPLIER,STANDARD,5872,KAAA-Directorate of Economic Growth and Neighbourhood Services
RBC Legal Entity,25/02/2022,4654006,271588,AMBER ATHILL,Legal Services,450,Misc. Legal Expenses,INDIVIDUAL,STANDARD,2400,LAAA-Directorate of Resources
RBC Legal Entity,25/02/2022,4653134,271589,MITCHELL AND JOANNE TOWNSEND,Guaranteed Rent Scheme,1006.72,Rents,SUPPLIER,STANDARD,5872,KAAA-Directorate of Economic Growth and Neighbourhood Services
RBC Legal Entity,25/02/2022,4653109,271590,MATILDA MANHARDT,Guaranteed Rent Scheme,1006.72,Rents,SUPPLIER,STANDARD,5872,KAAA-Directorate of Economic Growth and Neighbourhood Services
RBC Legal Entity,25/02/2022,4653496,271591,ANNE BARNES,Guaranteed Rent Scheme,1006.72,Rents,SUPPLIER,STANDARD,5872,KAAA-Directorate of Economic Growth and Neighbourhood Services
RBC Legal Entity,25/02/2022,4653103,271592,SHIRU WU,Guaranteed Rent Scheme,1006.72,Rents,SUPPLIER,STANDARD,5872,KAAA-Directorate of Economic Growth and Neighbourhood Services
RBC Legal Entity,25/02/2022,4653113,271593,MCM REAL ESTATE VENTURES LTD,Guaranteed Rent Scheme,1388.74,Rents,SUPPLIER,STANDARD,5872,KAAA-Directorate of Economic Growth and Neighbourhood Services
RBC Legal Entity,25/02/2022,4653108,271594,STEPHEN ROSE,Guaranteed Rent Scheme,1388.74,Rents,SUPPLIER,STANDARD,5872,KAAA-Directorate of Economic Growth and Neighbourhood Services
RBC Legal Entity,25/02/2022,4653116,271595,MR RICHARD GRAHAM,Guaranteed Rent Scheme,1006.72,Rents,SUPPLIER,STANDARD,5872,KAAA-Directorate of Economic Growth and Neighbourhood Services
RBC Legal Entity,25/02/2022,4653076,271597,RUKHSANA BUTT,Guaranteed Rent Scheme,880.53,Rents,SUPPLIER,STANDARD,5872,KAAA-Directorate of Economic Growth and Neighbourhood Services
RBC Legal Entity,25/02/2022,4653131,271598,CHILD AND CO,Guaranteed Rent Scheme,880.53,Rents,SUPPLIER,STANDARD,5872,KAAA-Directorate of Economic Growth and Neighbourhood Services
RBC Legal Entity,25/02/2022,4652857,271599,BRIJINDER & SUNITA ARJUNA,Guaranteed Rent Scheme,880.53,Rents,SUPPLIER,STANDARD,5872,KAAA-Directorate of Economic Growth and Neighbourhood Services
RBC Legal Entity,25/02/2022,4652784,271600,POLLY & NIGEL TUCKER,Guaranteed Rent Scheme,880.53,Rents,SUPPLIER,STANDARD,5872,KAAA-Directorate of Economic Growth and Neighbourhood Services
RBC Legal Entity,25/02/2022,4653262,271600,POLLY & NIGEL TUCKER,Guaranteed Rent Scheme,880.53,Rents,SUPPLIER,STANDARD,5872,KAAA-Directorate of Economic Growth and Neighbourhood Services
RBC Legal Entity,25/02/2022,4652785,271601,LISA DE BORJA,Guaranteed Rent Scheme,880.53,Rents,SUPPLIER,STANDARD,5872,KAAA-Directorate of Economic Growth and Neighbourhood Services
RBC Legal Entity,25/02/2022,4653140,271601,LISA DE BORJA,Guaranteed Rent Scheme,880.53,Rents,SUPPLIER,STANDARD,5872,KAAA-Directorate of Economic Growth and Neighbourhood Services
RBC Legal Entity,25/02/2022,4652846,271602,JEMP LLP,Guaranteed Rent Scheme,880.53,Rents,Landlord,STANDARD,5872,KAAA-Directorate of Economic Growth and Neighbourhood Services
RBC Legal Entity,25/02/2022,4652867,271603,CLIFF WALLER,Guaranteed Rent Scheme,816.1,Rents,SUPPLIER,STANDARD,5872,KAAA-Directorate of Economic Growth and Neighbourhood Services
RBC Legal Entity,25/02/2022,4652783,271604,CHRISTINE O'NEIL,Guaranteed Rent Scheme,840.58,Rents,SUPPLIER,STANDARD,5872,KAAA-Directorate of Economic Growth and Neighbourhood Services
RBC Legal Entity,25/02/2022,4652794,271605,ROSALIND SIMMONS & POLLY TUCKER,Guaranteed Rent Scheme,880.53,Rents,SUPPLIER,STANDARD,5872,KAAA-Directorate of Economic Growth and Neighbourhood Services
RBC Legal Entity,25/02/2022,4652860,271606,MEDACCO LTD,Guaranteed Rent Scheme,694.59,Rents,Landlord,STANDARD,5872,KAAA-Directorate of Economic Growth and Neighbourhood Services
RBC Legal Entity,25/02/2022,4653010,271606,MEDACCO LTD,Guaranteed Rent Scheme,694.59,Rents,Landlord,STANDARD,5872,KAAA-Directorate of Economic Growth and Neighbourhood Services
RBC Legal Entity,25/02/2022,4653261,271606,MEDACCO LTD,Guaranteed Rent Scheme,694.59,Rents,Landlord,STANDARD,5872,KAAA-Directorate of Economic Growth and Neighbourhood Services
RBC Legal Entity,25/02/2022,4653326,271606,MEDACCO LTD,Guaranteed Rent Scheme,694.59,Rents,Landlord,STANDARD,5872,KAAA-Directorate of Economic Growth and Neighbourhood Services
RBC Legal Entity,25/02/2022,4653458,271606,MEDACCO LTD,Guaranteed Rent Scheme,694.59,Rents,Landlord,STANDARD,5872,KAAA-Directorate of Economic Growth and Neighbourhood Services
RBC Legal Entity,25/02/2022,4653484,271606,MEDACCO LTD,Guaranteed Rent Scheme,694.59,Rents,Landlord,STANDARD,5872,KAAA-Directorate of Economic Growth and Neighbourhood Services
RBC Legal Entity,25/02/2022,4652931,271607,PROSPECT HOLDINGS (READING) LTD,Guaranteed Rent Scheme,694.59,Rents,Landlord,STANDARD,5872,KAAA-Directorate of Economic Growth and Neighbourhood Services
RBC Legal Entity,25/02/2022,4652932,271607,PROSPECT HOLDINGS (READING) LTD,Guaranteed Rent Scheme,694.59,Rents,Landlord,STANDARD,5872,KAAA-Directorate of Economic Growth and Neighbourhood Services
RBC Legal Entity,25/02/2022,4652933,271607,PROSPECT HOLDINGS (READING) LTD,Guaranteed Rent Scheme,694.59,Rents,Landlord,STANDARD,5872,KAAA-Directorate of Economic Growth and Neighbourhood Services
RBC Legal Entity,25/02/2022,4652934,271607,PROSPECT HOLDINGS (READING) LTD,Guaranteed Rent Scheme,694.59,Rents,Landlord,STANDARD,5872,KAAA-Directorate of Economic Growth and Neighbourhood Services
RBC Legal Entity,25/02/2022,4653260,271608,PRIYA SAJU KANNATH,Guaranteed Rent Scheme,1006.72,Rents,SUPPLIER,STANDARD,5872,KAAA-Directorate of Economic Growth and Neighbourhood Services
RBC Legal Entity,25/02/2022,4652789,271609,GARRY & TERESA SOUTHERN,Guaranteed Rent Scheme,840.58,Rents,Landlord,STANDARD,5872,KAAA-Directorate of Economic Growth and Neighbourhood Services
RBC Legal Entity,25/02/2022,4652807,271610,TIMOTHY LANGDALE,Guaranteed Rent Scheme,1388.74,Rents,SUPPLIER,STANDARD,5872,KAAA-Directorate of Economic Growth and Neighbourhood Services
RBC Legal Entity,25/02/2022,4652793,271611,VICTORIA EDWARDS,Guaranteed Rent Scheme,663.08,Rents,SUPPLIER,STANDARD,5872,KAAA-Directorate of Economic Growth and Neighbourhood Services
RBC Legal Entity,25/02/2022,4653130,271612,DARYL ALLEYNE,Guaranteed Rent Scheme,694.59,Rents,Direct Payments,STANDARD,5872,KAAA-Directorate of Economic Growth and Neighbourhood Services
RBC Legal Entity,25/02/2022,4653124,271613,JUDRIN PHILLIPS,Guaranteed Rent Scheme,989.91,Rents,SUPPLIER,STANDARD,5872,KAAA-Directorate of Economic Growth and Neighbourhood Services
RBC Legal Entity,25/02/2022,4653126,271614,ALLEN YOUNG,Guaranteed Rent Scheme,682.98,Rents,SUPPLIER,STANDARD,5872,KAAA-Directorate of Economic Growth and Neighbourhood Services
RBC Legal Entity,25/02/2022,4653153,271616,AF PROPERTY LTD,Guaranteed Rent Scheme,1006.72,Rents,Landlord,STANDARD,5872,KAAA-Directorate of Economic Growth and Neighbourhood Services
RBC Legal Entity,25/02/2022,4654056,271617,MITCHELL AND BRADLEY PROPERTIES LTD,Housing Advice,538.5,Responsive Repairs,Landlord,STANDARD,5820,KAAA-Directorate of Economic Growth and Neighbourhood Services
RBC Legal Entity,25/02/2022,4653117,271618,STRAWBERRY HILL INVESTMENTS,Guaranteed Rent Scheme,682.98,Rents,SUPPLIER,STANDARD,5872,KAAA-Directorate of Economic Growth and Neighbourhood Services
RBC Legal Entity,25/02/2022,4653176,271619,MICHAEL HOLT,Guaranteed Rent Scheme,1388.74,Rents,SUPPLIER,STANDARD,5872,KAAA-Directorate of Economic Growth and Neighbourhood Services
RBC Legal Entity,25/02/2022,4653155,271620,SUCHETA MULLICK,Guaranteed Rent Scheme,880.53,Rents,SUPPLIER,STANDARD,5872,KAAA-Directorate of Economic Growth and Neighbourhood Services
RBC Legal Entity,25/02/2022,4653135,271621,RAMI MURSI,Guaranteed Rent Scheme,880.53,Rents,SUPPLIER,STANDARD,5872,KAAA-Directorate of Economic Growth and Neighbourhood Services
RBC Legal Entity,25/02/2022,4653161,271622,SUSAN BAKER,Guaranteed Rent Scheme,1388.74,Rents,SUPPLIER,STANDARD,5872,KAAA-Directorate of Economic Growth and Neighbourhood Services
RBC Legal Entity,25/02/2022,4653166,271623,MELODIE CHILD & DANIEL GRIFFITH,Guaranteed Rent Scheme,865.8,Rents,Landlord,STANDARD,5872,KAAA-Directorate of Economic Growth and Neighbourhood Services
RBC Legal Entity,25/02/2022,4653445,271623,MELODIE CHILD & DANIEL GRIFFITH,Guaranteed Rent Scheme,880.53,Rents,Landlord,STANDARD,5872,KAAA-Directorate of Economic Growth and Neighbourhood Services
RBC Legal Entity,25/02/2022,4653172,271624,EURETTA HUTCHINSON,Guaranteed Rent Scheme,865.8,Rents,Landlord,STANDARD,5872,KAAA-Directorate of Economic Growth and Neighbourhood Services
RBC Legal Entity,25/02/2022,4653407,271624,EURETTA HUTCHINSON,Guaranteed Rent Scheme,1006.72,Rents,Landlord,STANDARD,5872,KAAA-Directorate of Economic Growth and Neighbourhood Services
RBC Legal Entity,25/02/2022,4652790,271625,PAUL & BRENDA DOYLE,Guaranteed Rent Scheme,961.09,Rents,SUPPLIER,STANDARD,5872,KAAA-Directorate of Economic Growth and Neighbourhood Services
RBC Legal Entity,25/02/2022,4652792,271626,JAMES & TERESA WARD,Guaranteed Rent Scheme,1006.72,Rents,SUPPLIER,STANDARD,5872,KAAA-Directorate of Economic Growth and Neighbourhood Services
RBC Legal Entity,25/02/2022,4652827,271627,ANTHONY ROE,Guaranteed Rent Scheme,1365.52,Rents,SUPPLIER,STANDARD,5872,KAAA-Directorate of Economic Growth and Neighbourhood Services
RBC Legal Entity,25/02/2022,4652954,271627,ANTHONY ROE,Guaranteed Rent Scheme,663.08,Rents,SUPPLIER,STANDARD,5872,KAAA-Directorate of Economic Growth and Neighbourhood Services
RBC Legal Entity,25/02/2022,4653404,271627,ANTHONY ROE,Guaranteed Rent Scheme,880.53,Rents,SUPPLIER,STANDARD,5872,KAAA-Directorate of Economic Growth and Neighbourhood Services
RBC Legal Entity,25/02/2022,4652923,271628,DR ALAN BULLOCK,Guaranteed Rent Scheme,880.53,Rents,SUPPLIER,STANDARD,5872,KAAA-Directorate of Economic Growth and Neighbourhood Services
RBC Legal Entity,25/02/2022,4652796,271629,MARK WATTON,Guaranteed Rent Scheme,816.1,Rents,SUPPLIER,STANDARD,5872,KAAA-Directorate of Economic Growth and Neighbourhood Services
RBC Legal Entity,25/02/2022,4652795,271630,JASON & SCOTT LONDON,Guaranteed Rent Scheme,816.1,Rents,SUPPLIER,STANDARD,5872,KAAA-Directorate of Economic Growth and Neighbourhood Services
RBC Legal Entity,25/02/2022,4652804,271631,PETER DAY,Guaranteed Rent Scheme,694.59,Rents,SUPPLIER,STANDARD,5872,KAAA-Directorate of Economic Growth and Neighbourhood Services
RBC Legal Entity,25/02/2022,4652920,271631,PETER DAY,Guaranteed Rent Scheme,694.59,Rents,SUPPLIER,STANDARD,5872,KAAA-Directorate of Economic Growth and Neighbourhood Services
RBC Legal Entity,25/02/2022,4652801,271632,OAKCOT LTD,Guaranteed Rent Scheme,663.08,Rents,Third Party Supplier,STANDARD,5872,KAAA-Directorate of Economic Growth and Neighbourhood Services
RBC Legal Entity,25/02/2022,4653413,271632,OAKCOT LTD,Guaranteed Rent Scheme,880.53,Rents,Third Party Supplier,STANDARD,5872,KAAA-Directorate of Economic Growth and Neighbourhood Services
RBC Legal Entity,25/02/2022,4652798,271633,RAVI MISHRA,Guaranteed Rent Scheme,1388.74,Rents,SUPPLIER,STANDARD,5872,KAAA-Directorate of Economic Growth and Neighbourhood Services
RBC Legal Entity,25/02/2022,4652818,271634,PRODATA SYSTEMS LTD,Guaranteed Rent Scheme,865.8,Rents,Landlord,STANDARD,5872,KAAA-Directorate of Economic Growth and Neighbourhood Services
RBC Legal Entity,25/02/2022,4653030,271634,PRODATA SYSTEMS LTD,Guaranteed Rent Scheme,880.53,Rents,Landlord,STANDARD,5872,KAAA-Directorate of Economic Growth and Neighbourhood Services
RBC Legal Entity,25/02/2022,4653309,271635,PATRICK ARTWELL,Guaranteed Rent Scheme,1006.72,Rents,Landlord,STANDARD,5872,KAAA-Directorate of Economic Growth and Neighbourhood Services
RBC Legal Entity,25/02/2022,4652805,271636,EUROCARB LIMITED,Guaranteed Rent Scheme,880.53,Rents,SUPPLIER,STANDARD,5872,KAAA-Directorate of Economic Growth and Neighbourhood Services
RBC Legal Entity,25/02/2022,4653523,271637,DR FARLEY FERNANDO,Guaranteed Rent Scheme,880.53,Rents,Direct Payments,STANDARD,5872,KAAA-Directorate of Economic Growth and Neighbourhood Services
RBC Legal Entity,25/02/2022,4653168,271638,ROSE MENEZES,Guaranteed Rent Scheme,1388.74,Rents,Landlord,STANDARD,5872,KAAA-Directorate of Economic Growth and Neighbourhood Services
RBC Legal Entity,25/02/2022,4653174,271639,GRAHAM BYRNE,Guaranteed Rent Scheme,865.8,Rents,SUPPLIER,STANDARD,5872,KAAA-Directorate of Economic Growth and Neighbourhood Services
RBC Legal Entity,25/02/2022,4653175,271640,KRISTINE ALLEN,Guaranteed Rent Scheme,989.91,Rents,SUPPLIER,STANDARD,5872,KAAA-Directorate of Economic Growth and Neighbourhood Services
RBC Legal Entity,25/02/2022,4653191,271641,SHARON AND ROYDEL ROBINSON,Guaranteed Rent Scheme,1006.72,Rents,SUPPLIER,STANDARD,5872,KAAA-Directorate of Economic Growth and Neighbourhood Services
RBC Legal Entity,25/02/2022,4653183,271642,TONI HENDERSON,Guaranteed Rent Scheme,694.59,Rents,SUPPLIER,STANDARD,5872,KAAA-Directorate of Economic Growth and Neighbourhood Services
RBC Legal Entity,25/02/2022,4653184,271642,TONI HENDERSON,Guaranteed Rent Scheme,694.59,Rents,SUPPLIER,STANDARD,5872,KAAA-Directorate of Economic Growth and Neighbourhood Services
RBC Legal Entity,25/02/2022,4654019,271643,IBIS STYLES READING CENTRE,Single Homelessness Grants,682.88,Preventive+SupportiveServ,Third Party Supplier,STANDARD,5860,KAAA-Directorate of Economic Growth and Neighbourhood Services
RBC Legal Entity,25/02/2022,4654019,271643,IBIS STYLES READING CENTRE,Single Homelessness Grants,2731.76,Preventive+SupportiveServ,Third Party Supplier,STANDARD,5860,KAAA-Directorate of Economic Growth and Neighbourhood Services
RBC Legal Entity,25/02/2022,4654019,271643,IBIS STYLES READING CENTRE,Single Homelessness Grants,5742.22,Preventive+SupportiveServ,Third Party Supplier,STANDARD,5860,KAAA-Directorate of Economic Growth and Neighbourhood Services
RBC Legal Entity,25/02/2022,4653186,271644,MARIANNE IBRAHIM,Guaranteed Rent Scheme,1006.72,Rents,Landlord,STANDARD,5872,KAAA-Directorate of Economic Growth and Neighbourhood Services
RBC Legal Entity,25/02/2022,4653185,271645,JULIE HOGAN,Guaranteed Rent Scheme,682.98,Rents,SUPPLIER,STANDARD,5872,KAAA-Directorate of Economic Growth and Neighbourhood Services
RBC Legal Entity,25/02/2022,4653189,271646,PETER SMITH,Guaranteed Rent Scheme,694.59,Rents,SUPPLIER,STANDARD,5872,KAAA-Directorate of Economic Growth and Neighbourhood Services
RBC Legal Entity,25/02/2022,4653395,271647,MISCHA TYTEL,Guaranteed Rent Scheme,694.59,Rents,SUPPLIER,STANDARD,5872,KAAA-Directorate of Economic Growth and Neighbourhood Services
RBC Legal Entity,25/02/2022,4653205,271648,SUMANA SEEBORUTH,Guaranteed Rent Scheme,1006.72,Rents,SUPPLIER,STANDARD,5872,KAAA-Directorate of Economic Growth and Neighbourhood Services
RBC Legal Entity,25/02/2022,4653208,271649,ANDREW BYNOE AND DENNY LEWIS-BYNOE,Guaranteed Rent Scheme,880.53,Rents,SUPPLIER,STANDARD,5872,KAAA-Directorate of Economic Growth and Neighbourhood Services
RBC Legal Entity,25/02/2022,4653201,271650,RICHARD GRAHAM AND EMMA GRAHAM,Guaranteed Rent Scheme,880.53,Rents,SUPPLIER,STANDARD,5872,KAAA-Directorate of Economic Growth and Neighbourhood Services
RBC Legal Entity,25/02/2022,4653204,271651,ADAM PERRYMAN,Guaranteed Rent Scheme,694.59,Rents,SUPPLIER,STANDARD,5872,KAAA-Directorate of Economic Growth and Neighbourhood Services
RBC Legal Entity,25/02/2022,4653230,271652,HOMES COUNTRYWIDE LTD,Guaranteed Rent Scheme,1388.74,Rents,SUPPLIER,STANDARD,5872,KAAA-Directorate of Economic Growth and Neighbourhood Services
RBC Legal Entity,25/02/2022,4653127,271653,GEORGI PRODANOV,Guaranteed Rent Scheme,880.53,Rents,SUPPLIER,STANDARD,5872,KAAA-Directorate of Economic Growth and Neighbourhood Services
RBC Legal Entity,25/02/2022,4653259,271654,BHARAT & ANANT THAKRAR,Guaranteed Rent Scheme,880.53,Rents,SUPPLIER,STANDARD,5872,KAAA-Directorate of Economic Growth and Neighbourhood Services
RBC Legal Entity,25/02/2022,4653275,271655,ANDREW SEARS,Guaranteed Rent Scheme,880.53,Rents,SUPPLIER,STANDARD,5872,KAAA-Directorate of Economic Growth and Neighbourhood Services
RBC Legal Entity,25/02/2022,4653236,271656,DEBORAH COURTNAGE,Guaranteed Rent Scheme,1006.72,Rents,SUPPLIER,STANDARD,5872,KAAA-Directorate of Economic Growth and Neighbourhood Services
RBC Legal Entity,25/02/2022,4653215,271657,MARC VAN ACKER + FABRICE GHIOTTO,Guaranteed Rent Scheme,694.59,Rents,SUPPLIER,STANDARD,5872,KAAA-Directorate of Economic Growth and Neighbourhood Services
RBC Legal Entity,25/02/2022,4653213,271658,ZOE WAREHAM,Guaranteed Rent Scheme,694.59,Rents,SUPPLIER,STANDARD,5872,KAAA-Directorate of Economic Growth and Neighbourhood Services
RBC Legal Entity,25/02/2022,4653392,271659,SARDAR HAYAT,Guaranteed Rent Scheme,1388.74,Rents,SUPPLIER,STANDARD,5872,KAAA-Directorate of Economic Growth and Neighbourhood Services
RBC Legal Entity,25/02/2022,4653226,271660,GEMMA & JOE BEAZLEY,Guaranteed Rent Scheme,880.53,Rents,SUPPLIER,STANDARD,5872,KAAA-Directorate of Economic Growth and Neighbourhood Services
RBC Legal Entity,25/02/2022,4653123,271662,MEAD PROPERTY MANAGEMENT,Guaranteed Rent Scheme,865.8,Rents,SUPPLIER,STANDARD,5872,KAAA-Directorate of Economic Growth and Neighbourhood Services
RBC Legal Entity,25/02/2022,4653227,271663,SYLVIA AND MICHAEL GEEVES,Guaranteed Rent Scheme,1006.72,Rents,SUPPLIER,STANDARD,5872,KAAA-Directorate of Economic Growth and Neighbourhood Services
RBC Legal Entity,25/02/2022,4652808,271664,GEORGE HALLMEY,Guaranteed Rent Scheme,880.53,Rents,SUPPLIER,STANDARD,5872,KAAA-Directorate of Economic Growth and Neighbourhood Services
RBC Legal Entity,25/02/2022,4652829,271665,FRANK & GARY HOPE,Guaranteed Rent Scheme,880.53,Rents,SUPPLIER,STANDARD,5872,KAAA-Directorate of Economic Growth and Neighbourhood Services
RBC Legal Entity,25/02/2022,4653293,271665,FRANK & GARY HOPE,Guaranteed Rent Scheme,694.59,Rents,SUPPLIER,STANDARD,5872,KAAA-Directorate of Economic Growth and Neighbourhood Services
RBC Legal Entity,25/02/2022,4653373,271665,FRANK & GARY HOPE,Guaranteed Rent Scheme,880.53,Rents,SUPPLIER,STANDARD,5872,KAAA-Directorate of Economic Growth and Neighbourhood Services
RBC Legal Entity,25/02/2022,4653456,271665,FRANK & GARY HOPE,Guaranteed Rent Scheme,694.59,Rents,SUPPLIER,STANDARD,5872,KAAA-Directorate of Economic Growth and Neighbourhood Services
RBC Legal Entity,25/02/2022,4653248,271666,KANWALBIR GILL,Guaranteed Rent Scheme,880.53,Rents,SUPPLIER,STANDARD,5872,KAAA-Directorate of Economic Growth and Neighbourhood Services
RBC Legal Entity,25/02/2022,4653237,271668,QUEEN VICTORIA INSTITUTE,Guaranteed Rent Scheme,694.59,Rents,Landlord,STANDARD,5872,KAAA-Directorate of Economic Growth and Neighbourhood Services
RBC Legal Entity,25/02/2022,4653414,271669,SATISH KOCHHAR,Guaranteed Rent Scheme,694.59,Rents,Direct Payments,STANDARD,5872,KAAA-Directorate of Economic Growth and Neighbourhood Services
RBC Legal Entity,25/02/2022,4653238,271670,KAREN O'LEARY,Guaranteed Rent Scheme,880.53,Rents,SUPPLIER,STANDARD,5872,KAAA-Directorate of Economic Growth and Neighbourhood Services
RBC Legal Entity,25/02/2022,4653255,271671,RATNA GHOSH,Guaranteed Rent Scheme,880.53,Rents,SUPPLIER,STANDARD,5872,KAAA-Directorate of Economic Growth and Neighbourhood Services
RBC Legal Entity,25/02/2022,4653239,271672,RAJENDRA SHAH,Guaranteed Rent Scheme,880.53,Rents,SUPPLIER,STANDARD,5872,KAAA-Directorate of Economic Growth and Neighbourhood Services
RBC Legal Entity,25/02/2022,4653024,271673,JOSEPH SESAY,Guaranteed Rent Scheme,1006.72,Rents,SUPPLIER,STANDARD,5872,KAAA-Directorate of Economic Growth and Neighbourhood Services
RBC Legal Entity,25/02/2022,4653240,271674,CHRISTOPHER DEAN,Guaranteed Rent Scheme,694.59,Rents,SUPPLIER,STANDARD,5872,KAAA-Directorate of Economic Growth and Neighbourhood Services
RBC Legal Entity,25/02/2022,4653889,271675,JAMES WOOLDRIDGE,Grounds Maintenance,500,TPP to Others,SUPPLIER,STANDARD,1306,KAAA-Directorate of Economic Growth and Neighbourhood Services
RBC Legal Entity,25/02/2022,4653263,271677,WILLIAMS PROPERTY PARTNERSHIP,Guaranteed Rent Scheme,880.53,Rents,SUPPLIER,STANDARD,5872,KAAA-Directorate of Economic Growth and Neighbourhood Services
RBC Legal Entity,25/02/2022,4653280,271678,GILLS ESTATES,Guaranteed Rent Scheme,694.59,Rents,Third Party Supplier,STANDARD,5872,KAAA-Directorate of Economic Growth and Neighbourhood Services
RBC Legal Entity,25/02/2022,4653507,271678,GILLS ESTATES,Guaranteed Rent Scheme,682.98,Rents,Third Party Supplier,STANDARD,5872,KAAA-Directorate of Economic Growth and Neighbourhood Services
RBC Legal Entity,25/02/2022,4653279,271693,VOKE PROPERTIES,Guaranteed Rent Scheme,694.59,Rents,Landlord,STANDARD,5872,KAAA-Directorate of Economic Growth and Neighbourhood Services
RBC Legal Entity,25/02/2022,4653281,271694,ENID AND LYNDON MOLLYNEAUX,Guaranteed Rent Scheme,1388.74,Rents,Landlord,STANDARD,5872,KAAA-Directorate of Economic Growth and Neighbourhood Services
RBC Legal Entity,25/02/2022,4652815,271695,BALVER SINGH,Guaranteed Rent Scheme,1388.74,Rents,Landlord,STANDARD,5872,KAAA-Directorate of Economic Growth and Neighbourhood Services
RBC Legal Entity,25/02/2022,4653290,271696,MICHAEL JONES AND MARY JONES,Guaranteed Rent Scheme,1388.74,Rents,Landlord,STANDARD,5872,KAAA-Directorate of Economic Growth and Neighbourhood Services
RBC Legal Entity,25/02/2022,4653311,271697,CHARLES SINCLAIR LTD,Guaranteed Rent Scheme,880.53,Rents,Landlord,STANDARD,5872,KAAA-Directorate of Economic Growth and Neighbourhood Services
RBC Legal Entity,25/02/2022,4653312,271697,CHARLES SINCLAIR LTD,Guaranteed Rent Scheme,694.59,Rents,Landlord,STANDARD,5872,KAAA-Directorate of Economic Growth and Neighbourhood Services
RBC Legal Entity,25/02/2022,4653297,271698,MARTIN BROWN,Guaranteed Rent Scheme,880.53,Rents,Landlord,STANDARD,5872,KAAA-Directorate of Economic Growth and Neighbourhood Services
RBC Legal Entity,25/02/2022,4653310,271699,LAWRENCE TAYLOR,Guaranteed Rent Scheme,880.53,Rents,Landlord,STANDARD,5872,KAAA-Directorate of Economic Growth and Neighbourhood Services
RBC Legal Entity,25/02/2022,4653300,271700,LANGHAMS PARTNERSHIP LTD,Guaranteed Rent Scheme,880.53,Rents,Landlord,STANDARD,5872,KAAA-Directorate of Economic Growth and Neighbourhood Services
RBC Legal Entity,25/02/2022,4653307,271700,LANGHAMS PARTNERSHIP LTD,Guaranteed Rent Scheme,880.53,Rents,Landlord,STANDARD,5872,KAAA-Directorate of Economic Growth and Neighbourhood Services
RBC Legal Entity,25/02/2022,4653441,271700,LANGHAMS PARTNERSHIP LTD,Guaranteed Rent Scheme,694.59,Rents,Landlord,STANDARD,5872,KAAA-Directorate of Economic Growth and Neighbourhood Services
RBC Legal Entity,25/02/2022,4653314,271701,JOHN AND JEAN MEIGHEN,Guaranteed Rent Scheme,694.59,Rents,Landlord,STANDARD,5872,KAAA-Directorate of Economic Growth and Neighbourhood Services
RBC Legal Entity,25/02/2022,4653412,271701,JOHN AND JEAN MEIGHEN,Guaranteed Rent Scheme,694.59,Rents,Landlord,STANDARD,5872,KAAA-Directorate of Economic Growth and Neighbourhood Services
RBC Legal Entity,25/02/2022,4646775,271702,AJANA LTD,Safeguarding Adults,500,Professional Fees,Third Party Supplier,STANDARD,5158,JAAA-Directorate of Social Care and Health Services
RBC Legal Entity,25/02/2022,4647995,271703,TRASH UK LIMITED,Fleet Management,257.54,Vehicle Spot Hire,Third Party Supplier,STANDARD,4552,KAAA-Directorate of Economic Growth and Neighbourhood Services
RBC Legal Entity,25/02/2022,4647995,271703,TRASH UK LIMITED,Fleet Management,1080,Vehicle Spot Hire,Third Party Supplier,STANDARD,4552,KAAA-Directorate of Economic Growth and Neighbourhood Services
RBC Legal Entity,25/02/2022,4648680,271703,TRASH UK LIMITED,Fleet Management,530,Vehicle Spot Hire,Third Party Supplier,STANDARD,4552,KAAA-Directorate of Economic Growth and Neighbourhood Services
RBC Legal Entity,25/02/2022,4653315,271704,ALKA BAHUGUNA,Guaranteed Rent Scheme,880.53,Rents,Landlord,STANDARD,5872,KAAA-Directorate of Economic Growth and Neighbourhood Services
RBC Legal Entity,25/02/2022,4653320,271705,MUHAMMAD USMAN DAR AND FARAH USMAN DAR,Guaranteed Rent Scheme,880.53,Rents,Landlord,STANDARD,5872,KAAA-Directorate of Economic Growth and Neighbourhood Services
RBC Legal Entity,25/02/2022,4653325,271720,RABIA BUTT,Guaranteed Rent Scheme,880.53,Rents,Landlord,STANDARD,5872,KAAA-Directorate of Economic Growth and Neighbourhood Services
RBC Legal Entity,25/02/2022,4653350,271721,LOLA MONICA SMITH,Guaranteed Rent Scheme,694.59,Rents,Landlord,STANDARD,5872,KAAA-Directorate of Economic Growth and Neighbourhood Services
RBC Legal Entity,25/02/2022,4653342,271722,JEFFREY UNSWORTH AND NEENA PATEL,Guaranteed Rent Scheme,880.53,Rents,Landlord,STANDARD,5872,KAAA-Directorate of Economic Growth and Neighbourhood Services
RBC Legal Entity,25/02/2022,4653329,271724,SPENCER CHAPLIN,Guaranteed Rent Scheme,1006.72,Rents,Landlord,STANDARD,5872,KAAA-Directorate of Economic Growth and Neighbourhood Services
RBC Legal Entity,25/02/2022,4653335,271725,JASVIR SINGH,Guaranteed Rent Scheme,880.53,Rents,Landlord,STANDARD,5872,KAAA-Directorate of Economic Growth and Neighbourhood Services
RBC Legal Entity,25/02/2022,4653340,271726,SIMON O'BRIEN,Guaranteed Rent Scheme,1006.72,Rents,Landlord,STANDARD,5872,KAAA-Directorate of Economic Growth and Neighbourhood Services
RBC Legal Entity,25/02/2022,4653338,271727,TIMOTHY PAUL CARTER,Guaranteed Rent Scheme,880.53,Rents,Landlord,STANDARD,5872,KAAA-Directorate of Economic Growth and Neighbourhood Services
RBC Legal Entity,25/02/2022,4653346,271728,MARK PARMENTER,Guaranteed Rent Scheme,694.59,Rents,Landlord,STANDARD,5872,KAAA-Directorate of Economic Growth and Neighbourhood Services
RBC Legal Entity,25/02/2022,4650412,271729,INNOVATIVE LEISURE LTD,Parks + Open Spaces,10500,Equipment,Third Party Supplier,STANDARD,8003,ZZZC-Capital
RBC Legal Entity,25/02/2022,4653354,271730,ASHWANI ANAND,Guaranteed Rent Scheme,880.53,Rents,Landlord,STANDARD,5872,KAAA-Directorate of Economic Growth and Neighbourhood Services
RBC Legal Entity,25/02/2022,4653385,271732,REBECCA TAYNTON,Guaranteed Rent Scheme,880.53,Rents,Landlord,STANDARD,5872,KAAA-Directorate of Economic Growth and Neighbourhood Services
RBC Legal Entity,25/02/2022,4652732,271740,TRAVIS PERKINS TRADING COMPANY LTD,DLO Stock,30315.57,Stock Purchase,Third Party Supplier,STANDARD,4002,KAAA-Directorate of Economic Growth and Neighbourhood Services
RBC Legal Entity,25/02/2022,4652735,271740,TRAVIS PERKINS TRADING COMPANY LTD,DLO Stock,3.36,Stock Purchase,Third Party Supplier,STANDARD,4002,KAAA-Directorate of Economic Growth and Neighbourhood Services
RBC Legal Entity,25/02/2022,4652735,271740,TRAVIS PERKINS TRADING COMPANY LTD,DLO Stock,65616.69,Stock Purchase,Third Party Supplier,STANDARD,4002,KAAA-Directorate of Economic Growth and Neighbourhood Services
RBC Legal Entity,25/02/2022,4652737,271740,TRAVIS PERKINS TRADING COMPANY LTD,DLO Stock,5648.38,Stock Purchase,Third Party Supplier,STANDARD,4002,KAAA-Directorate of Economic Growth and Neighbourhood Services
RBC Legal Entity,25/02/2022,4652737,271740,TRAVIS PERKINS TRADING COMPANY LTD,DLO Stock,12333.87,Stock Purchase,Third Party Supplier,STANDARD,4002,KAAA-Directorate of Economic Growth and Neighbourhood Services
RBC Legal Entity,25/02/2022,4654007,271740,TRAVIS PERKINS TRADING COMPANY LTD,MRA Account,1398.18,Feasibility Studies,Third Party Supplier,STANDARD,5975,HAAA-Housing Revenue Account
RBC Legal Entity,25/02/2022,4654009,271740,TRAVIS PERKINS TRADING COMPANY LTD,MRA Account,598.5,Feasibility Studies,Third Party Supplier,STANDARD,5975,HAAA-Housing Revenue Account
RBC Legal Entity,25/02/2022,4653472,271741,MRS H C UWANNAH & DR E C UWANNAH,Guaranteed Rent Scheme,880.53,Rents,Direct Payments,STANDARD,5872,KAAA-Directorate of Economic Growth and Neighbourhood Services
RBC Legal Entity,25/02/2022,4649210,271743,HANSON AGGREGATES,Highways,1105,Materials Direct,SUPPLIER,STANDARD,4252,KAAA-Directorate of Economic Growth and Neighbourhood Services
RBC Legal Entity,25/02/2022,4652810,271746,MAUREEN WHITCHER,Guaranteed Rent Scheme,961.09,Rents,SUPPLIER,STANDARD,5872,KAAA-Directorate of Economic Growth and Neighbourhood Services
RBC Legal Entity,25/02/2022,4652879,271747,SUMREEN SHEIKH,Guaranteed Rent Scheme,880.53,Rents,SUPPLIER,STANDARD,5872,KAAA-Directorate of Economic Growth and Neighbourhood Services
RBC Legal Entity,25/02/2022,4652813,271748,ROY & JANET SIMMONDS,Guaranteed Rent Scheme,1388.74,Rents,SUPPLIER,STANDARD,5872,KAAA-Directorate of Economic Growth and Neighbourhood Services
RBC Legal Entity,25/02/2022,4652811,271749,M.S PROPERTY LTD,Guaranteed Rent Scheme,1365.52,Rents,SUPPLIER,STANDARD,5872,KAAA-Directorate of Economic Growth and Neighbourhood Services
RBC Legal Entity,25/02/2022,4648140,271750,A-Z SOCIAL WORK CONSULTANCY & SERVICES,JLT Disbursements,900,Misc. Legal Expenses,SUPPLIER,STANDARD,2407,LAAA-Directorate of Resources
RBC Legal Entity,25/02/2022,4648311,271750,A-Z SOCIAL WORK CONSULTANCY & SERVICES,JLT Disbursements,800,Misc. Legal Expenses,SUPPLIER,STANDARD,2407,LAAA-Directorate of Resources
RBC Legal Entity,25/02/2022,4652845,271751,ALLAN KEW,Guaranteed Rent Scheme,694.59,Rents,SUPPLIER,STANDARD,5872,KAAA-Directorate of Economic Growth and Neighbourhood Services
RBC Legal Entity,25/02/2022,4652926,271751,ALLAN KEW,Guaranteed Rent Scheme,694.59,Rents,SUPPLIER,STANDARD,5872,KAAA-Directorate of Economic Growth and Neighbourhood Services
RBC Legal Entity,25/02/2022,4653053,271751,ALLAN KEW,Guaranteed Rent Scheme,694.59,Rents,SUPPLIER,STANDARD,5872,KAAA-Directorate of Economic Growth and Neighbourhood Services
RBC Legal Entity,25/02/2022,4653106,271752,JOHN MAYNARD,Guaranteed Rent Scheme,865.8,Rents,SUPPLIER,STANDARD,5872,KAAA-Directorate of Economic Growth and Neighbourhood Services
RBC Legal Entity,25/02/2022,4653419,271752,JOHN MAYNARD,Guaranteed Rent Scheme,694.59,Rents,SUPPLIER,STANDARD,5872,KAAA-Directorate of Economic Growth and Neighbourhood Services
RBC Legal Entity,25/02/2022,4653526,271752,JOHN MAYNARD,Guaranteed Rent Scheme,551.54,Rents,SUPPLIER,STANDARD,5872,KAAA-Directorate of Economic Growth and Neighbourhood Services
RBC Legal Entity,25/02/2022,4653527,271752,JOHN MAYNARD,Guaranteed Rent Scheme,880.53,Rents,SUPPLIER,STANDARD,5872,KAAA-Directorate of Economic Growth and Neighbourhood Services
RBC Legal Entity,25/02/2022,4653083,271753,BERYL BANISTER,Guaranteed Rent Scheme,880.53,Rents,SUPPLIER,STANDARD,5872,KAAA-Directorate of Economic Growth and Neighbourhood Services
RBC Legal Entity,25/02/2022,4652828,271754,WINKWORTH ESTATE AGENTS,Guaranteed Rent Scheme,694.59,Rents,SUPPLIER,STANDARD,5872,KAAA-Directorate of Economic Growth and Neighbourhood Services
RBC Legal Entity,25/02/2022,4653121,271754,WINKWORTH ESTATE AGENTS,Guaranteed Rent Scheme,880.53,Rents,SUPPLIER,STANDARD,5872,KAAA-Directorate of Economic Growth and Neighbourhood Services
RBC Legal Entity,25/02/2022,4653272,271754,WINKWORTH ESTATE AGENTS,Guaranteed Rent Scheme,694.59,Rents,SUPPLIER,STANDARD,5872,KAAA-Directorate of Economic Growth and Neighbourhood Services
RBC Legal Entity,25/02/2022,4652814,271755,MOHAMMED S AHMED,Guaranteed Rent Scheme,1388.74,Rents,SUPPLIER,STANDARD,5872,KAAA-Directorate of Economic Growth and Neighbourhood Services
RBC Legal Entity,25/02/2022,4653369,271756,GVA PROPERTIES LTD,Guaranteed Rent Scheme,694.59,Rents,Landlord,STANDARD,5872,KAAA-Directorate of Economic Growth and Neighbourhood Services
RBC Legal Entity,25/02/2022,4653368,271757,BRIJ BHARATI AND ALKA BAHUGUNA,Guaranteed Rent Scheme,880.53,Rents,Landlord,STANDARD,5872,KAAA-Directorate of Economic Growth and Neighbourhood Services
RBC Legal Entity,25/02/2022,4653433,271757,BRIJ BHARATI AND ALKA BAHUGUNA,Guaranteed Rent Scheme,880.53,Rents,Landlord,STANDARD,5872,KAAA-Directorate of Economic Growth and Neighbourhood Services
RBC Legal Entity,25/02/2022,4653374,271758,VTS SERVICES & CONSULTING LTD,Guaranteed Rent Scheme,880.53,Rents,Landlord,STANDARD,5872,KAAA-Directorate of Economic Growth and Neighbourhood Services
RBC Legal Entity,25/02/2022,4653158,271759,SEAN HEATH,Guaranteed Rent Scheme,880.53,Rents,Landlord,STANDARD,5872,KAAA-Directorate of Economic Growth and Neighbourhood Services
RBC Legal Entity,25/02/2022,4653390,271760,DAVID AND SUSAN SALMON,Guaranteed Rent Scheme,880.53,Rents,Landlord,STANDARD,5872,KAAA-Directorate of Economic Growth and Neighbourhood Services
RBC Legal Entity,25/02/2022,4653377,271761,NORTHWOOD READING,Guaranteed Rent Scheme,880.53,Rents,Landlord,STANDARD,5872,KAAA-Directorate of Economic Growth and Neighbourhood Services
RBC Legal Entity,25/02/2022,4653466,271762,CYRILENE TOLLAFIELD-SMALL,Guaranteed Rent Scheme,880.53,Rents,Landlord,STANDARD,5872,KAAA-Directorate of Economic Growth and Neighbourhood Services
RBC Legal Entity,25/02/2022,4653378,271763,NICOLA BUTLER,Guaranteed Rent Scheme,694.59,Rents,Landlord,STANDARD,5872,KAAA-Directorate of Economic Growth and Neighbourhood Services
RBC Legal Entity,25/02/2022,4653380,271764,GURJOT SIDHU AND RAMANDIP SIDHU,Guaranteed Rent Scheme,1006.72,Rents,Landlord,STANDARD,5872,KAAA-Directorate of Economic Growth and Neighbourhood Services
RBC Legal Entity,25/02/2022,4653531,271765,GURINDER KAUR JUTLAY,Guaranteed Rent Scheme,694.59,Rents,Landlord,STANDARD,5872,KAAA-Directorate of Economic Growth and Neighbourhood Services
RBC Legal Entity,25/02/2022,4653408,271766,SAID KAMAL HASHEMI,Guaranteed Rent Scheme,1006.72,Rents,Landlord,STANDARD,5872,KAAA-Directorate of Economic Growth and Neighbourhood Services
RBC Legal Entity,25/02/2022,4653399,271767,GORDON ANDERSON,Guaranteed Rent Scheme,816.1,Rents,INDIVIDUAL,STANDARD,5872,KAAA-Directorate of Economic Growth and Neighbourhood Services
RBC Legal Entity,25/02/2022,4652921,271768,JEMP LLP,Guaranteed Rent Scheme,694.59,Rents,Landlord,STANDARD,5872,KAAA-Directorate of Economic Growth and Neighbourhood Services
RBC Legal Entity,03/02/2022,,21229,Winkworth Reading,Faster Payment,2690,,,Faster Payment,5820,KAAA-Directorate of Economic Growth and Neighbourhood Services
RBC Legal Entity,07/02/2022,,21231,Homes for Reading Ltd,CHAPS,275476.92,,,CHAPS,5875,KAAA-Directorate of Economic Growth and Neighbourhood Services
RBC Legal Entity,08/02/2022,,21236,Strawberry Hill Investments,Faster Payment,850,,,Faster Payment,5820,KAAA-Directorate of Economic Growth and Neighbourhood Services
RBC Legal Entity,09/02/2022,,21237,Narinder Johal,Faster Payment,860,,,Faster Payment,5820,KAAA-Directorate of Economic Growth and Neighbourhood Services
RBC Legal Entity,11/02/2022,,21239,Cheerent TA Vanderpump Property Agents,Faster Payment,1712.3,,,Faster Payment,5820,KAAA-Directorate of Economic Growth and Neighbourhood Services
RBC Legal Entity,11/02/2022,,21240,Sovereign Housing Association,Faster Payment,686.78,,,Faster Payment,5820,KAAA-Directorate of Economic Growth and Neighbourhood Services
RBC Legal Entity,14/02/2022,,21241,"Department for Business, Energy and Industrial Strategy ",CHAPS,8456932,,,CHAPS,2855,MAAA-Corporate Codes
RBC Legal Entity,14/02/2022,,21242,"Department for Business, Energy and Industrial Strategy ",CHAPS,2118532.26,,,CHAPS,2855,MAAA-Corporate Codes
RBC Legal Entity,14/02/2022,,21244,Allpay Limited,Faster Payment,3766.9,,,Faster Payment,2855,MAAA-Corporate Codes
RBC Legal Entity,15/02/2022,,21245,Jasleen Madhok,Faster Payment,3250,,,Faster Payment,5820,KAAA-Directorate of Economic Growth and Neighbourhood Services
RBC Legal Entity,18/02/2022,,21248,Burges Salmon LLP Client Account,Faster Payment,12040,,,Faster Payment,8910,ZZZC-Capital
RBC Legal Entity,08/02/2022,,,Machine Mart Web,Visa Purchasing Card,423.99,,,Visa Purchasing Card,4080,KAAA-Directorate of Economic Growth and Neighbourhood Services
RBC Legal Entity,07/02/2022,,,Door Superstore-Dom,Visa Purchasing Card,503.19,,,Visa Purchasing Card,4040,KAAA-Directorate of Economic Growth and Neighbourhood Services
RBC Legal Entity,08/02/2022,,,Screwfix Direct,Visa Purchasing Card,487.3,,,Visa Purchasing Card,1200,KAAA-Directorate of Economic Growth and Neighbourhood Services
RBC Legal Entity,15/02/2022,,,Mailchimp,Visa Purchasing Card,519.8,,,Visa Purchasing Card,2300,EAAA-Chief Executive
RBC Legal Entity,09/02/2022,,,Argos Ltd,Visa Purchasing Card,502.95,,,Visa Purchasing Card,5608,JAAA-Directorate of Social Care and Health Services
