Purchasing Organisation,Payment Date,Voucher Number (Internal Classification),Payment Number,Supplier Name,Service Area,Amount (£),Purpose,Supplier Type (Internal Classification),Invoice Type (Internal Classification),Cost Centre No,Directorate
RBC Legal Entity,11/05/2022,4656706,68,BOOKINGLAB LIMITED,Waste Disposal,-2500,Household Waste,Third Party Supplier,CREDIT,4562,KAAA-Directorate of Economic Growth and Neighbourhood Services
RBC Legal Entity,30/05/2022,4676661,70,AVERY WEIGH TRONIX,Waste Transfer Station,-6940.26,Precepts,Third Party Supplier,CREDIT,4192,KAAA-Directorate of Economic Growth and Neighbourhood Services
RBC Legal Entity,11/05/2022,4674423,248,TRANSPARENT LANGUAGE INC,Reading Libraries,3617,Subscriptions,Third Party Supplier,STANDARD,1400,KAAA-Directorate of Economic Growth and Neighbourhood Services
RBC Legal Entity,25/05/2022,4684718,275,NORWOOD SCHOOLS LIMITED,LD Residential,86957.9,Purchased Care,SUPPLIER,STANDARD,5742,JAAA-Directorate of Social Care and Health Services
RBC Legal Entity,03/05/2022,4669436,277762,STEEL SOCIAL WORK LTD,JLT Disbursements,2658.5,Misc. Legal Expenses,Third Party Supplier,STANDARD,2407,LAAA-Directorate of Resources
RBC Legal Entity,03/05/2022,4676069,277766,CLARK CARE SERVICES,PS Acquired Community Services,1008,Purchased Care,Third Party Supplier,STANDARD,5771,JAAA-Directorate of Social Care and Health Services
RBC Legal Entity,03/05/2022,4673452,277767,COINADRINK LTD,Local Elections,77.09,Equipment Purchase & Repair,Third Party Supplier,STANDARD,2425,LAAA-Directorate of Resources
RBC Legal Entity,03/05/2022,4673452,277767,COINADRINK LTD,Local Elections,420.5,Equipment Purchase & Repair,Third Party Supplier,STANDARD,2425,LAAA-Directorate of Resources
RBC Legal Entity,03/05/2022,4672443,277777,WILSON ELECTRICAL DISTRIBUTORS LTD,Corporate Maintenance Services,584.68,Materials Direct,SUPPLIER,STANDARD,4080,KAAA-Directorate of Economic Growth and Neighbourhood Services
RBC Legal Entity,03/05/2022,4673337,277780,ROBINSON TRANSPORT & REMOVALS LTD,Allocation,2280,Special Measures Expenses,SUPPLIER,STANDARD,5980,HAAA-Housing Revenue Account
RBC Legal Entity,03/05/2022,4674450,277780,ROBINSON TRANSPORT & REMOVALS LTD,Housing Management,480,Special Measures Expenses,SUPPLIER,STANDARD,5920,HAAA-Housing Revenue Account
RBC Legal Entity,03/05/2022,4670084,277784,CAPITA BUSINESS SERVICES LTD,Revenues & Benefits Systems,1350,TPP  Contract,Third Party Supplier,STANDARD,2266,LAAA-Directorate of Resources
RBC Legal Entity,03/05/2022,4673397,277784,CAPITA BUSINESS SERVICES LTD,Housing Benefits,18833.33,TPP  Contract,Third Party Supplier,STANDARD,2265,LAAA-Directorate of Resources
RBC Legal Entity,03/05/2022,4666766,277785,MIDLAND SOFTWARE LIMITED,HR & Payroll,480,Software Licences,SUPPLIER,STANDARD,2600,LAAA-Directorate of Resources
RBC Legal Entity,03/05/2022,4673314,277789,GLASRITE LTD,DLO Voids Trades,440,Subcontractors Labour,SUB-CONTRACTOR,STANDARD,4020,KAAA-Directorate of Economic Growth and Neighbourhood Services
RBC Legal Entity,03/05/2022,4673316,277789,GLASRITE LTD,DLO Voids Trades,595,Subcontractors Labour,SUB-CONTRACTOR,STANDARD,4020,KAAA-Directorate of Economic Growth and Neighbourhood Services
RBC Legal Entity,03/05/2022,4673317,277789,GLASRITE LTD,DLO Voids Trades,520,Subcontractors Labour,SUB-CONTRACTOR,STANDARD,4020,KAAA-Directorate of Economic Growth and Neighbourhood Services
RBC Legal Entity,03/05/2022,4673320,277789,GLASRITE LTD,Planned Maintenance Trades,1520,Subcontractors Labour,SUB-CONTRACTOR,STANDARD,4040,KAAA-Directorate of Economic Growth and Neighbourhood Services
RBC Legal Entity,03/05/2022,4673321,277789,GLASRITE LTD,Planned Maintenance Trades,1015,Subcontractors Labour,SUB-CONTRACTOR,STANDARD,4040,KAAA-Directorate of Economic Growth and Neighbourhood Services
RBC Legal Entity,03/05/2022,4673322,277789,GLASRITE LTD,DLO Wokingham Trades,1970,Subcontractors Labour,SUB-CONTRACTOR,STANDARD,4050,KAAA-Directorate of Economic Growth and Neighbourhood Services
RBC Legal Entity,03/05/2022,4673323,277789,GLASRITE LTD,DLO Day to Day Trades,1805,Subcontractors Labour,SUB-CONTRACTOR,STANDARD,4010,KAAA-Directorate of Economic Growth and Neighbourhood Services
RBC Legal Entity,03/05/2022,4673399,277789,GLASRITE LTD,DLO Day to Day Trades,1900,Subcontractors Labour,SUB-CONTRACTOR,STANDARD,4010,KAAA-Directorate of Economic Growth and Neighbourhood Services
RBC Legal Entity,03/05/2022,4673400,277789,GLASRITE LTD,DLO Day to Day Trades,990,Subcontractors Labour,SUB-CONTRACTOR,STANDARD,4010,KAAA-Directorate of Economic Growth and Neighbourhood Services
RBC Legal Entity,03/05/2022,4673395,277791,TREVAL CLEANING SERVICES,South Street Operations,1900,Office Cleaning,SUPPLIER,STANDARD,1220,KAAA-Directorate of Economic Growth and Neighbourhood Services
RBC Legal Entity,03/05/2022,4666605,277793,AMBLEGLOW,Planning,1199,Advertising - General,Third Party Supplier,STANDARD,4700,KAAA-Directorate of Economic Growth and Neighbourhood Services
RBC Legal Entity,03/05/2022,4666608,277793,AMBLEGLOW,Civil Engineering,622,H.M.Planned,Third Party Supplier,STANDARD,4550,KAAA-Directorate of Economic Growth and Neighbourhood Services
RBC Legal Entity,03/05/2022,4666609,277793,AMBLEGLOW,Traffic,622,Traffic Orders,Third Party Supplier,STANDARD,4703,KAAA-Directorate of Economic Growth and Neighbourhood Services
RBC Legal Entity,03/05/2022,4666610,277793,AMBLEGLOW,Traffic,622,Traffic Orders,Third Party Supplier,STANDARD,4703,KAAA-Directorate of Economic Growth and Neighbourhood Services
RBC Legal Entity,03/05/2022,4673462,277793,AMBLEGLOW,HR & Payroll,796.5,Training & Development Costs,Third Party Supplier,STANDARD,2600,LAAA-Directorate of Resources
RBC Legal Entity,03/05/2022,4670130,277795,THOMSON REUTERS,Joint Legal Team,33000,Software Licences,SUPPLIER,STANDARD,2405,LAAA-Directorate of Resources
RBC Legal Entity,03/05/2022,4673427,277796,BRISTOW & SUTOR,Council Tax & Business Rates,5.44,Professional Fees,Third Party Supplier,STANDARD,2250,LAAA-Directorate of Resources
RBC Legal Entity,03/05/2022,4673429,277796,BRISTOW & SUTOR,Council Tax & Business Rates,375,Professional Fees,Third Party Supplier,STANDARD,2250,LAAA-Directorate of Resources
RBC Legal Entity,03/05/2022,4673124,277797,RADIS COMMUNITY CARE,PS Lifelong Community Services,9454.88,Purchased Care,Third Party Supplier,STANDARD,5781,JAAA-Directorate of Social Care and Health Services
RBC Legal Entity,03/05/2022,4676382,277798,CITY & GUILDS,New Directions,610,Examination Fees,SUPPLIER,STANDARD,3340,KAAA-Directorate of Economic Growth and Neighbourhood Services
RBC Legal Entity,03/05/2022,4676410,277798,CITY & GUILDS,New Directions,718.8,Examination Fees,SUPPLIER,STANDARD,3340,KAAA-Directorate of Economic Growth and Neighbourhood Services
RBC Legal Entity,03/05/2022,4673461,277799,ROWVALE HOTELS LTD T/A BOW GUEST HOUSE,Single Homelessness Grants,623,Preventive+SupportiveServ,Third Party Supplier,STANDARD,5860,KAAA-Directorate of Economic Growth and Neighbourhood Services
RBC Legal Entity,03/05/2022,4665298,277800,AKZONOBEL T/A DULUX DECORATOR CENTRE,Void Property Management,4643.67,Minor Voids,Third Party Supplier,STANDARD,5921,HAAA-Housing Revenue Account
RBC Legal Entity,03/05/2022,4673412,277805,SIMONE SURVEYS LTD,Traffic,487,TPP  Contract,SUB-CONTRACTOR,STANDARD,4703,KAAA-Directorate of Economic Growth and Neighbourhood Services
RBC Legal Entity,03/05/2022,4666810,277806,CREATIVE DESIGN & STRUCTURE LTD,Repairs,480,Roofs + Structural,SUPPLIER,STANDARD,5970,HAAA-Housing Revenue Account
RBC Legal Entity,03/05/2022,4672198,277807,NEIL CURTIS FUNERAL CONTRACTOR,Grounds Maintenance,1425,TPP to Others,SUPPLIER,STANDARD,1306,KAAA-Directorate of Economic Growth and Neighbourhood Services
RBC Legal Entity,03/05/2022,4673292,277808,FAIRBROTHER & DARLOW,JLT Disbursements,2000,Misc. Legal Expenses,SUPPLIER,STANDARD,2407,LAAA-Directorate of Resources
RBC Legal Entity,03/05/2022,4676319,277809,THE CITY OF OXFORD MOTOR SERVICES LTD (THAMES TRAVEL),Strategic Transport & Concessionary Fares,10176.96,Payments for Bus Services,SUPPLIER,STANDARD,4726,KAAA-Directorate of Economic Growth and Neighbourhood Services
RBC Legal Entity,03/05/2022,4672316,277810,REED,BFFC Agency Staff (Rechargeable),-9.99,Agency Staff,Third Party Supplier,CREDIT,2008,LAAA-Directorate of Resources
RBC Legal Entity,03/05/2022,4672316,277810,REED,ASC Short Term Team,1.8,Agency Staff,Third Party Supplier,STANDARD,5722,JAAA-Directorate of Social Care and Health Services
RBC Legal Entity,03/05/2022,4672316,277810,REED,ASC Short Term Team,3.6,Agency Staff,Third Party Supplier,STANDARD,5722,JAAA-Directorate of Social Care and Health Services
RBC Legal Entity,03/05/2022,4672316,277810,REED,Mental Health Team,3.6,Agency Staff,Third Party Supplier,STANDARD,5253,JAAA-Directorate of Social Care and Health Services
RBC Legal Entity,03/05/2022,4672316,277810,REED,ASC Short Term Team,4.5,Agency Staff,Third Party Supplier,STANDARD,5722,JAAA-Directorate of Social Care and Health Services
RBC Legal Entity,03/05/2022,4672316,277810,REED,ASC Short Term Team,6.3,Agency Staff,Third Party Supplier,STANDARD,5722,JAAA-Directorate of Social Care and Health Services
RBC Legal Entity,03/05/2022,4672316,277810,REED,BFFC Agency Staff (Rechargeable),6.3,Agency Staff,Third Party Supplier,STANDARD,2008,LAAA-Directorate of Resources
RBC Legal Entity,03/05/2022,4672316,277810,REED,ASC Short Term Team,6.75,Agency Staff,Third Party Supplier,STANDARD,5722,JAAA-Directorate of Social Care and Health Services
RBC Legal Entity,03/05/2022,4672316,277810,REED,BFFC Agency Staff (Rechargeable),6.75,Agency Staff,Third Party Supplier,STANDARD,2008,LAAA-Directorate of Resources
RBC Legal Entity,03/05/2022,4672316,277810,REED,BFFC Agency Staff (Rechargeable),6.75,Agency Staff,Third Party Supplier,STANDARD,2008,LAAA-Directorate of Resources
RBC Legal Entity,03/05/2022,4672316,277810,REED,BFFC Agency Staff (Rechargeable),8.55,Agency Staff,Third Party Supplier,STANDARD,2008,LAAA-Directorate of Resources
RBC Legal Entity,03/05/2022,4672316,277810,REED,Mental Health Team,9.63,Agency Staff,Third Party Supplier,STANDARD,5253,JAAA-Directorate of Social Care and Health Services
RBC Legal Entity,03/05/2022,4672316,277810,REED,BFFC Agency Staff (Rechargeable),9.9,Agency Staff,Third Party Supplier,STANDARD,2008,LAAA-Directorate of Resources
RBC Legal Entity,03/05/2022,4672316,277810,REED,ASC Short Term Team,11.11,Agency Staff,Third Party Supplier,STANDARD,5722,JAAA-Directorate of Social Care and Health Services
RBC Legal Entity,03/05/2022,4672316,277810,REED,ASC Short Term Team,12.6,Agency Staff,Third Party Supplier,STANDARD,5722,JAAA-Directorate of Social Care and Health Services
RBC Legal Entity,03/05/2022,4672316,277810,REED,ASC Short Term Team,20.7,Agency Staff,Third Party Supplier,STANDARD,5722,JAAA-Directorate of Social Care and Health Services
RBC Legal Entity,03/05/2022,4672316,277810,REED,BFFC Agency Staff (Rechargeable),21.3,Agency Staff,Third Party Supplier,STANDARD,2008,LAAA-Directorate of Resources
RBC Legal Entity,03/05/2022,4672316,277810,REED,BFFC Agency Staff (Rechargeable),23.4,Agency Staff,Third Party Supplier,STANDARD,2008,LAAA-Directorate of Resources
RBC Legal Entity,03/05/2022,4672316,277810,REED,ASC Short Term Team,27.45,Agency Staff,Third Party Supplier,STANDARD,5722,JAAA-Directorate of Social Care and Health Services
RBC Legal Entity,03/05/2022,4672316,277810,REED,Mental Health Team,31.5,Agency Staff,Third Party Supplier,STANDARD,5253,JAAA-Directorate of Social Care and Health Services
RBC Legal Entity,03/05/2022,4672316,277810,REED,ASC Short Term Team,39.6,Agency Staff,Third Party Supplier,STANDARD,5722,JAAA-Directorate of Social Care and Health Services
RBC Legal Entity,03/05/2022,4672316,277810,REED,ASC Short Term Team,40.95,Agency Staff,Third Party Supplier,STANDARD,5722,JAAA-Directorate of Social Care and Health Services
RBC Legal Entity,03/05/2022,4672316,277810,REED,ASC Short Term Team,66.36,Agency Staff,Third Party Supplier,STANDARD,5722,JAAA-Directorate of Social Care and Health Services
RBC Legal Entity,03/05/2022,4672316,277810,REED,Civil Engineering,76.5,Agency Staff,Third Party Supplier,STANDARD,4550,KAAA-Directorate of Economic Growth and Neighbourhood Services
RBC Legal Entity,03/05/2022,4672316,277810,REED,Customer Services - Reception,114.53,Agency Staff,Third Party Supplier,STANDARD,2595,LAAA-Directorate of Resources
RBC Legal Entity,03/05/2022,4672316,277810,REED,BFFC Agency Staff (Rechargeable),159.3,Agency Staff,Third Party Supplier,STANDARD,2008,LAAA-Directorate of Resources
RBC Legal Entity,03/05/2022,4672316,277810,REED,BFFC Agency Staff (Rechargeable),160.38,Agency Staff,Third Party Supplier,STANDARD,2008,LAAA-Directorate of Resources
RBC Legal Entity,03/05/2022,4672316,277810,REED,Lateral Flow Testing,160.59,Agency Staff,Third Party Supplier,STANDARD,2701,LAAA-Directorate of Resources
RBC Legal Entity,03/05/2022,4672316,277810,REED,BFFC Agency Staff (Rechargeable),177.75,Agency Staff,Third Party Supplier,STANDARD,2008,LAAA-Directorate of Resources
RBC Legal Entity,03/05/2022,4672316,277810,REED,Street Cleansing,225.79,Agency Staff,Third Party Supplier,STANDARD,4566,KAAA-Directorate of Economic Growth and Neighbourhood Services
RBC Legal Entity,03/05/2022,4672316,277810,REED,Mayor,267.82,Agency Staff,Third Party Supplier,STANDARD,2505,EAAA-Chief Executive
RBC Legal Entity,03/05/2022,4672316,277810,REED,Mayor,268.89,Agency Staff,Third Party Supplier,STANDARD,2505,EAAA-Chief Executive
RBC Legal Entity,03/05/2022,4672316,277810,REED,ASC Short Term Team,282.19,Agency Staff,Third Party Supplier,STANDARD,5722,JAAA-Directorate of Social Care and Health Services
RBC Legal Entity,03/05/2022,4672316,277810,REED,BFFC Agency Staff (Rechargeable),293.4,Agency Staff,Third Party Supplier,STANDARD,2008,LAAA-Directorate of Resources
RBC Legal Entity,03/05/2022,4672316,277810,REED,Street Cleansing,433.82,Agency Staff,Third Party Supplier,STANDARD,4566,KAAA-Directorate of Economic Growth and Neighbourhood Services
RBC Legal Entity,03/05/2022,4672316,277810,REED,Street Cleansing,452.33,Agency Staff,Third Party Supplier,STANDARD,4566,KAAA-Directorate of Economic Growth and Neighbourhood Services
RBC Legal Entity,03/05/2022,4672316,277810,REED,Refuse Collection,489.68,Agency Staff,Third Party Supplier,STANDARD,4561,KAAA-Directorate of Economic Growth and Neighbourhood Services
RBC Legal Entity,03/05/2022,4672316,277810,REED,Legal Services,490.76,Agency Staff,Third Party Supplier,STANDARD,2400,LAAA-Directorate of Resources
RBC Legal Entity,03/05/2022,4672316,277810,REED,Directorate Support,502.71,Agency Staff,Third Party Supplier,STANDARD,2036,LAAA-Directorate of Resources
RBC Legal Entity,03/05/2022,4672316,277810,REED,Exchequer Services,511.03,Agency Staff,Third Party Supplier,STANDARD,2210,LAAA-Directorate of Resources
RBC Legal Entity,03/05/2022,4672316,277810,REED,Street Cleansing,542.27,Agency Staff,Third Party Supplier,STANDARD,4566,KAAA-Directorate of Economic Growth and Neighbourhood Services
RBC Legal Entity,03/05/2022,4672316,277810,REED,Street Cleansing,564.47,Agency Staff,Third Party Supplier,STANDARD,4566,KAAA-Directorate of Economic Growth and Neighbourhood Services
RBC Legal Entity,03/05/2022,4672316,277810,REED,Customer Services - Reception,572.62,Agency Staff,Third Party Supplier,STANDARD,2595,LAAA-Directorate of Resources
RBC Legal Entity,03/05/2022,4672316,277810,REED,Refuse Collection,612.11,Agency Staff,Third Party Supplier,STANDARD,4561,KAAA-Directorate of Economic Growth and Neighbourhood Services
RBC Legal Entity,03/05/2022,4672316,277810,REED,Buildings Payroll,614.86,Agency Staff,Third Party Supplier,STANDARD,3390,KAAA-Directorate of Economic Growth and Neighbourhood Services
RBC Legal Entity,03/05/2022,4672316,277810,REED,Refuse Collection,615.71,Agency Staff,Third Party Supplier,STANDARD,4561,KAAA-Directorate of Economic Growth and Neighbourhood Services
RBC Legal Entity,03/05/2022,4672316,277810,REED,Refuse Collection,617.14,Agency Staff,Third Party Supplier,STANDARD,4561,KAAA-Directorate of Economic Growth and Neighbourhood Services
RBC Legal Entity,03/05/2022,4672316,277810,REED,Buildings Payroll,628.6,Agency Staff,Third Party Supplier,STANDARD,3390,KAAA-Directorate of Economic Growth and Neighbourhood Services
RBC Legal Entity,03/05/2022,4672316,277810,REED,Exchequer Services,646.52,Agency Staff,Third Party Supplier,STANDARD,2210,LAAA-Directorate of Resources
RBC Legal Entity,03/05/2022,4672316,277810,REED,ASC Short Term Team,660.62,Agency Staff,Third Party Supplier,STANDARD,5722,JAAA-Directorate of Social Care and Health Services
RBC Legal Entity,03/05/2022,4672316,277810,REED,Parking & Enforcement,696.17,Agency Staff,Third Party Supplier,STANDARD,4725,KAAA-Directorate of Economic Growth and Neighbourhood Services
RBC Legal Entity,03/05/2022,4672316,277810,REED,Street Cleansing,697.93,Agency Staff,Third Party Supplier,STANDARD,4566,KAAA-Directorate of Economic Growth and Neighbourhood Services
RBC Legal Entity,03/05/2022,4672316,277810,REED,Street Cleansing,697.93,Agency Staff,Third Party Supplier,STANDARD,4566,KAAA-Directorate of Economic Growth and Neighbourhood Services
RBC Legal Entity,03/05/2022,4672316,277810,REED,Transformation,722.66,Agency Staff,Third Party Supplier,STANDARD,5289,JAAA-Directorate of Social Care and Health Services
RBC Legal Entity,03/05/2022,4672316,277810,REED,Lateral Flow Testing,761.34,Agency Staff,Third Party Supplier,STANDARD,2701,LAAA-Directorate of Resources
RBC Legal Entity,03/05/2022,4672316,277810,REED,Lateral Flow Testing,761.34,Agency Staff,Third Party Supplier,STANDARD,2701,LAAA-Directorate of Resources
RBC Legal Entity,03/05/2022,4672316,277810,REED,BFFC Agency Staff (Rechargeable),798.43,Agency Staff,Third Party Supplier,STANDARD,2008,LAAA-Directorate of Resources
RBC Legal Entity,03/05/2022,4672316,277810,REED,BFFC Agency Staff (Rechargeable),816.59,Agency Staff,Third Party Supplier,STANDARD,2008,LAAA-Directorate of Resources
RBC Legal Entity,03/05/2022,4672316,277810,REED,Transformation,858.61,Agency Staff,Third Party Supplier,STANDARD,5289,JAAA-Directorate of Social Care and Health Services
RBC Legal Entity,03/05/2022,4672316,277810,REED,Legal Services,866.04,Agency Staff,Third Party Supplier,STANDARD,2400,LAAA-Directorate of Resources
RBC Legal Entity,03/05/2022,4672316,277810,REED,Commissioning Team,903.45,Agency Staff,Third Party Supplier,STANDARD,3452,JAAA-Directorate of Social Care and Health Services
RBC Legal Entity,03/05/2022,4672316,277810,REED,ASC Short Term Team,904.75,Agency Staff,Third Party Supplier,STANDARD,5722,JAAA-Directorate of Social Care and Health Services
RBC Legal Entity,03/05/2022,4672316,277810,REED,ASC Short Term Team,932.64,Agency Staff,Third Party Supplier,STANDARD,5722,JAAA-Directorate of Social Care and Health Services
RBC Legal Entity,03/05/2022,4672316,277810,REED,Registration,1030.2,Agency Staff,Third Party Supplier,STANDARD,4604,LAAA-Directorate of Resources
RBC Legal Entity,03/05/2022,4672316,277810,REED,Joint Legal Team,1037.48,Agency Staff,Third Party Supplier,STANDARD,2405,LAAA-Directorate of Resources
RBC Legal Entity,03/05/2022,4672316,277810,REED,BFFC Agency Staff (Rechargeable),1038.38,Agency Staff,Third Party Supplier,STANDARD,2008,LAAA-Directorate of Resources
RBC Legal Entity,03/05/2022,4672316,277810,REED,Directorate Support,1047.43,Agency Staff,Third Party Supplier,STANDARD,2036,LAAA-Directorate of Resources
RBC Legal Entity,03/05/2022,4672316,277810,REED,Mental Health Team,1104.9,Agency Staff,Third Party Supplier,STANDARD,5253,JAAA-Directorate of Social Care and Health Services
RBC Legal Entity,03/05/2022,4672316,277810,REED,Joint Legal Team,1106.11,Agency Staff,Third Party Supplier,STANDARD,2405,LAAA-Directorate of Resources
RBC Legal Entity,03/05/2022,4672316,277810,REED,Lateral Flow Testing,1124.9,Agency Staff,Third Party Supplier,STANDARD,2701,LAAA-Directorate of Resources
RBC Legal Entity,03/05/2022,4672316,277810,REED,Joint Legal Team,1141.9,Agency Staff,Third Party Supplier,STANDARD,2405,LAAA-Directorate of Resources
RBC Legal Entity,03/05/2022,4672316,277810,REED,BFFC Agency Staff (Rechargeable),1169.24,Agency Staff,Third Party Supplier,STANDARD,2008,LAAA-Directorate of Resources
RBC Legal Entity,03/05/2022,4672316,277810,REED,Legal Services,1176.57,Agency Staff,Third Party Supplier,STANDARD,2400,LAAA-Directorate of Resources
RBC Legal Entity,03/05/2022,4672316,277810,REED,Legal Services,1195.73,Agency Staff,Third Party Supplier,STANDARD,2400,LAAA-Directorate of Resources
RBC Legal Entity,03/05/2022,4672316,277810,REED,Joint Legal Team,1196.78,Agency Staff,Third Party Supplier,STANDARD,2405,LAAA-Directorate of Resources
RBC Legal Entity,03/05/2022,4672316,277810,REED,Special Parking Area,1253.7,Agency Staff,Third Party Supplier,STANDARD,4724,KAAA-Directorate of Economic Growth and Neighbourhood Services
RBC Legal Entity,03/05/2022,4672316,277810,REED,BFFC Agency Staff (Rechargeable),1318.89,Agency Staff,Third Party Supplier,STANDARD,2008,LAAA-Directorate of Resources
RBC Legal Entity,03/05/2022,4672316,277810,REED,BFFC Agency Staff (Rechargeable),1329.26,Agency Staff,Third Party Supplier,STANDARD,2008,LAAA-Directorate of Resources
RBC Legal Entity,03/05/2022,4672316,277810,REED,Accountancy,1332,Agency Staff,Third Party Supplier,STANDARD,2200,LAAA-Directorate of Resources
RBC Legal Entity,03/05/2022,4672316,277810,REED,Safeguarding Adults,1335.33,Agency Staff,Third Party Supplier,STANDARD,5158,JAAA-Directorate of Social Care and Health Services
RBC Legal Entity,03/05/2022,4672316,277810,REED,ASC Locality Team,1335.33,Agency Staff,Third Party Supplier,STANDARD,5721,JAAA-Directorate of Social Care and Health Services
RBC Legal Entity,03/05/2022,4672316,277810,REED,ASC Locality Team,1335.33,Agency Staff,Third Party Supplier,STANDARD,5721,JAAA-Directorate of Social Care and Health Services
RBC Legal Entity,03/05/2022,4672316,277810,REED,ASC Short Term Team,1409.7,Agency Staff,Third Party Supplier,STANDARD,5722,JAAA-Directorate of Social Care and Health Services
RBC Legal Entity,03/05/2022,4672316,277810,REED,ASC Short Term Team,1409.7,Agency Staff,Third Party Supplier,STANDARD,5722,JAAA-Directorate of Social Care and Health Services
RBC Legal Entity,03/05/2022,4672316,277810,REED,ASC Short Term Team,1409.7,Agency Staff,Third Party Supplier,STANDARD,5722,JAAA-Directorate of Social Care and Health Services
RBC Legal Entity,03/05/2022,4672316,277810,REED,ASC Short Term Team,1412.48,Agency Staff,Third Party Supplier,STANDARD,5722,JAAA-Directorate of Social Care and Health Services
RBC Legal Entity,03/05/2022,4672316,277810,REED,ASC Short Term Team,1446.46,Agency Staff,Third Party Supplier,STANDARD,5722,JAAA-Directorate of Social Care and Health Services
RBC Legal Entity,03/05/2022,4672316,277810,REED,Mental Health Team,1447.07,Agency Staff,Third Party Supplier,STANDARD,5253,JAAA-Directorate of Social Care and Health Services
RBC Legal Entity,03/05/2022,4672316,277810,REED,ASC Locality Team,1447.07,Agency Staff,Third Party Supplier,STANDARD,5721,JAAA-Directorate of Social Care and Health Services
RBC Legal Entity,03/05/2022,4672316,277810,REED,ASC Short Term Team,1447.07,Agency Staff,Third Party Supplier,STANDARD,5722,JAAA-Directorate of Social Care and Health Services
RBC Legal Entity,03/05/2022,4672316,277810,REED,Mental Health Team,1456.32,Agency Staff,Third Party Supplier,STANDARD,5253,JAAA-Directorate of Social Care and Health Services
RBC Legal Entity,03/05/2022,4672316,277810,REED,Transformation,1466.63,Agency Staff,Third Party Supplier,STANDARD,5289,JAAA-Directorate of Social Care and Health Services
RBC Legal Entity,03/05/2022,4672316,277810,REED,ASC Short Term Team,1466.63,Agency Staff,Third Party Supplier,STANDARD,5722,JAAA-Directorate of Social Care and Health Services
RBC Legal Entity,03/05/2022,4672316,277810,REED,ASC Short Term Team,1484.44,Agency Staff,Third Party Supplier,STANDARD,5722,JAAA-Directorate of Social Care and Health Services
RBC Legal Entity,03/05/2022,4672316,277810,REED,BFFC Agency Staff (Rechargeable),1558.81,Agency Staff,Third Party Supplier,STANDARD,2008,LAAA-Directorate of Resources
RBC Legal Entity,03/05/2022,4672316,277810,REED,ASC Locality Team,1589.04,Agency Staff,Third Party Supplier,STANDARD,5721,JAAA-Directorate of Social Care and Health Services
RBC Legal Entity,03/05/2022,4672316,277810,REED,ASC Short Term Team,1600.94,Agency Staff,Third Party Supplier,STANDARD,5722,JAAA-Directorate of Social Care and Health Services
RBC Legal Entity,03/05/2022,4672316,277810,REED,BFFC Agency Staff (Rechargeable),1633.18,Agency Staff,Third Party Supplier,STANDARD,2008,LAAA-Directorate of Resources
RBC Legal Entity,03/05/2022,4672316,277810,REED,ASC Short Term Team,1633.18,Agency Staff,Third Party Supplier,STANDARD,5722,JAAA-Directorate of Social Care and Health Services
RBC Legal Entity,03/05/2022,4672316,277810,REED,ASC Short Term Team,1633.18,Agency Staff,Third Party Supplier,STANDARD,5722,JAAA-Directorate of Social Care and Health Services
RBC Legal Entity,03/05/2022,4672316,277810,REED,BFFC Agency Staff (Rechargeable),1686.17,Agency Staff,Third Party Supplier,STANDARD,2008,LAAA-Directorate of Resources
RBC Legal Entity,03/05/2022,4672316,277810,REED,Food and Safety,1696.45,Agency Staff,Third Party Supplier,STANDARD,4614,KAAA-Directorate of Economic Growth and Neighbourhood Services
RBC Legal Entity,03/05/2022,4672316,277810,REED,ASC Short Term Team,1708.95,Agency Staff,Third Party Supplier,STANDARD,5722,JAAA-Directorate of Social Care and Health Services
RBC Legal Entity,03/05/2022,4672316,277810,REED,Civil Engineering,1728.53,Agency Staff,Third Party Supplier,STANDARD,4550,KAAA-Directorate of Economic Growth and Neighbourhood Services
RBC Legal Entity,03/05/2022,4672316,277810,REED,ASC Short Term Team,1806.61,Agency Staff,Third Party Supplier,STANDARD,5722,JAAA-Directorate of Social Care and Health Services
RBC Legal Entity,03/05/2022,4672316,277810,REED,BFFC Agency Staff (Rechargeable),1809.3,Agency Staff,Third Party Supplier,STANDARD,2008,LAAA-Directorate of Resources
RBC Legal Entity,03/05/2022,4672316,277810,REED,BFFC Agency Staff (Rechargeable),1819.29,Agency Staff,Third Party Supplier,STANDARD,2008,LAAA-Directorate of Resources
RBC Legal Entity,03/05/2022,4672316,277810,REED,BFFC Agency Staff (Rechargeable),1819.29,Agency Staff,Third Party Supplier,STANDARD,2008,LAAA-Directorate of Resources
RBC Legal Entity,03/05/2022,4672316,277810,REED,BFFC Agency Staff (Rechargeable),1819.29,Agency Staff,Third Party Supplier,STANDARD,2008,LAAA-Directorate of Resources
RBC Legal Entity,03/05/2022,4672316,277810,REED,BFFC Agency Staff (Rechargeable),1819.29,Agency Staff,Third Party Supplier,STANDARD,2008,LAAA-Directorate of Resources
RBC Legal Entity,03/05/2022,4672316,277810,REED,BFFC Agency Staff (Rechargeable),1819.29,Agency Staff,Third Party Supplier,STANDARD,2008,LAAA-Directorate of Resources
RBC Legal Entity,03/05/2022,4672316,277810,REED,BFFC Agency Staff (Rechargeable),1819.29,Agency Staff,Third Party Supplier,STANDARD,2008,LAAA-Directorate of Resources
RBC Legal Entity,03/05/2022,4672316,277810,REED,BFFC Agency Staff (Rechargeable),1819.29,Agency Staff,Third Party Supplier,STANDARD,2008,LAAA-Directorate of Resources
RBC Legal Entity,03/05/2022,4672316,277810,REED,BFFC Agency Staff (Rechargeable),1819.29,Agency Staff,Third Party Supplier,STANDARD,2008,LAAA-Directorate of Resources
RBC Legal Entity,03/05/2022,4672316,277810,REED,BFFC Agency Staff (Rechargeable),1819.29,Agency Staff,Third Party Supplier,STANDARD,2008,LAAA-Directorate of Resources
RBC Legal Entity,03/05/2022,4672316,277810,REED,BFFC Agency Staff (Rechargeable),1819.29,Agency Staff,Third Party Supplier,STANDARD,2008,LAAA-Directorate of Resources
RBC Legal Entity,03/05/2022,4672316,277810,REED,BFFC Agency Staff (Rechargeable),1819.29,Agency Staff,Third Party Supplier,STANDARD,2008,LAAA-Directorate of Resources
RBC Legal Entity,03/05/2022,4672316,277810,REED,BFFC Agency Staff (Rechargeable),1819.29,Agency Staff,Third Party Supplier,STANDARD,2008,LAAA-Directorate of Resources
RBC Legal Entity,03/05/2022,4672316,277810,REED,BFFC Agency Staff (Rechargeable),1819.29,Agency Staff,Third Party Supplier,STANDARD,2008,LAAA-Directorate of Resources
RBC Legal Entity,03/05/2022,4672316,277810,REED,BFFC Agency Staff (Rechargeable),1819.29,Agency Staff,Third Party Supplier,STANDARD,2008,LAAA-Directorate of Resources
RBC Legal Entity,03/05/2022,4672316,277810,REED,BFFC Agency Staff (Rechargeable),1819.29,Agency Staff,Third Party Supplier,STANDARD,2008,LAAA-Directorate of Resources
RBC Legal Entity,03/05/2022,4672316,277810,REED,BFFC Agency Staff (Rechargeable),1819.29,Agency Staff,Third Party Supplier,STANDARD,2008,LAAA-Directorate of Resources
RBC Legal Entity,03/05/2022,4672316,277810,REED,BFFC Agency Staff (Rechargeable),1819.29,Agency Staff,Third Party Supplier,STANDARD,2008,LAAA-Directorate of Resources
RBC Legal Entity,03/05/2022,4672316,277810,REED,BFFC Agency Staff (Rechargeable),1819.29,Agency Staff,Third Party Supplier,STANDARD,2008,LAAA-Directorate of Resources
RBC Legal Entity,03/05/2022,4672316,277810,REED,BFFC Agency Staff (Rechargeable),1819.29,Agency Staff,Third Party Supplier,STANDARD,2008,LAAA-Directorate of Resources
RBC Legal Entity,03/05/2022,4672316,277810,REED,BFFC Agency Staff (Rechargeable),1819.29,Agency Staff,Third Party Supplier,STANDARD,2008,LAAA-Directorate of Resources
RBC Legal Entity,03/05/2022,4672316,277810,REED,BFFC Agency Staff (Rechargeable),1819.29,Agency Staff,Third Party Supplier,STANDARD,2008,LAAA-Directorate of Resources
RBC Legal Entity,03/05/2022,4672316,277810,REED,BFFC Agency Staff (Rechargeable),1819.29,Agency Staff,Third Party Supplier,STANDARD,2008,LAAA-Directorate of Resources
RBC Legal Entity,03/05/2022,4672316,277810,REED,BFFC Agency Staff (Rechargeable),1819.29,Agency Staff,Third Party Supplier,STANDARD,2008,LAAA-Directorate of Resources
RBC Legal Entity,03/05/2022,4672316,277810,REED,BFFC Agency Staff (Rechargeable),1828.54,Agency Staff,Third Party Supplier,STANDARD,2008,LAAA-Directorate of Resources
RBC Legal Entity,03/05/2022,4672316,277810,REED,BFFC Agency Staff (Rechargeable),1828.54,Agency Staff,Third Party Supplier,STANDARD,2008,LAAA-Directorate of Resources
RBC Legal Entity,03/05/2022,4672316,277810,REED,Accountancy,1847.55,Agency Staff,Third Party Supplier,STANDARD,2200,LAAA-Directorate of Resources
RBC Legal Entity,03/05/2022,4672316,277810,REED,Joint Legal Team,1856.29,Agency Staff,Third Party Supplier,STANDARD,2405,LAAA-Directorate of Resources
RBC Legal Entity,03/05/2022,4672316,277810,REED,Joint Legal Team,1868.84,Agency Staff,Third Party Supplier,STANDARD,2405,LAAA-Directorate of Resources
RBC Legal Entity,03/05/2022,4672316,277810,REED,Legal Services,1874.79,Agency Staff,Third Party Supplier,STANDARD,2400,LAAA-Directorate of Resources
RBC Legal Entity,03/05/2022,4672316,277810,REED,Valuation,1880.8,Agency Staff,Third Party Supplier,STANDARD,2100,KAAA-Directorate of Economic Growth and Neighbourhood Services
RBC Legal Entity,03/05/2022,4672316,277810,REED,ASC Short Term Team,1927.08,Agency Staff,Third Party Supplier,STANDARD,5722,JAAA-Directorate of Social Care and Health Services
RBC Legal Entity,03/05/2022,4672316,277810,REED,ASC Short Term Team,1927.08,Agency Staff,Third Party Supplier,STANDARD,5722,JAAA-Directorate of Social Care and Health Services
RBC Legal Entity,03/05/2022,4672316,277810,REED,ASC Short Term Team,1975.27,Agency Staff,Third Party Supplier,STANDARD,5722,JAAA-Directorate of Social Care and Health Services
RBC Legal Entity,03/05/2022,4672316,277810,REED,ASC Locality Team,1980.11,Agency Staff,Third Party Supplier,STANDARD,5721,JAAA-Directorate of Social Care and Health Services
RBC Legal Entity,03/05/2022,4672316,277810,REED,IT Management,1982.8,Agency Staff,Third Party Supplier,STANDARD,2300,EAAA-Chief Executive
RBC Legal Entity,03/05/2022,4672316,277810,REED,Test and Trace,1994.43,Agency Staff,Third Party Supplier,STANDARD,2068,JAAA-Directorate of Social Care and Health Services
RBC Legal Entity,03/05/2022,4672316,277810,REED,BFFC Agency Staff (Rechargeable),2071.64,Agency Staff,Third Party Supplier,STANDARD,2008,LAAA-Directorate of Resources
RBC Legal Entity,03/05/2022,4672316,277810,REED,Accountancy,2078.5,Agency Staff,Third Party Supplier,STANDARD,2200,LAAA-Directorate of Resources
RBC Legal Entity,03/05/2022,4672316,277810,REED,Legal Services,2136.23,Agency Staff,Third Party Supplier,STANDARD,2400,LAAA-Directorate of Resources
RBC Legal Entity,03/05/2022,4672316,277810,REED,IT Management,2188,Agency Staff,Third Party Supplier,STANDARD,2300,EAAA-Chief Executive
RBC Legal Entity,03/05/2022,4672316,277810,REED,Joint Legal Team,2208,Agency Staff,Third Party Supplier,STANDARD,2405,LAAA-Directorate of Resources
RBC Legal Entity,03/05/2022,4672316,277810,REED,Accountancy,2211.19,Agency Staff,Third Party Supplier,STANDARD,2200,LAAA-Directorate of Resources
RBC Legal Entity,03/05/2022,4672316,277810,REED,Legal Services,2225.93,Agency Staff,Third Party Supplier,STANDARD,2400,LAAA-Directorate of Resources
RBC Legal Entity,03/05/2022,4672316,277810,REED,BFFC Agency Staff (Rechargeable),2288.6,Agency Staff,Third Party Supplier,STANDARD,2008,LAAA-Directorate of Resources
RBC Legal Entity,03/05/2022,4672316,277810,REED,BFFC Agency Staff (Rechargeable),2288.6,Agency Staff,Third Party Supplier,STANDARD,2008,LAAA-Directorate of Resources
RBC Legal Entity,03/05/2022,4672316,277810,REED,Accountancy,2296,Agency Staff,Third Party Supplier,STANDARD,2200,LAAA-Directorate of Resources
RBC Legal Entity,03/05/2022,4672316,277810,REED,Legal Services,2567.96,Agency Staff,Third Party Supplier,STANDARD,2400,LAAA-Directorate of Resources
RBC Legal Entity,03/05/2022,4672316,277810,REED,Legal Services,2645,Agency Staff,Third Party Supplier,STANDARD,2400,LAAA-Directorate of Resources
RBC Legal Entity,03/05/2022,4672316,277810,REED,IT Management,2676,Agency Staff,Third Party Supplier,STANDARD,2300,EAAA-Chief Executive
RBC Legal Entity,03/05/2022,4672316,277810,REED,IT Management,2676,Agency Staff,Third Party Supplier,STANDARD,2300,EAAA-Chief Executive
RBC Legal Entity,03/05/2022,4672316,277810,REED,IT Management,2691,Agency Staff,Third Party Supplier,STANDARD,2300,EAAA-Chief Executive
RBC Legal Entity,03/05/2022,4672316,277810,REED,BFFC Agency Staff (Rechargeable),2810.16,Agency Staff,Third Party Supplier,STANDARD,2008,LAAA-Directorate of Resources
RBC Legal Entity,03/05/2022,4672316,277810,REED,Accountancy,2821.36,Agency Staff,Third Party Supplier,STANDARD,2200,LAAA-Directorate of Resources
RBC Legal Entity,03/05/2022,4672316,277810,REED,BFFC Agency Staff (Rechargeable),2852.26,Agency Staff,Third Party Supplier,STANDARD,2008,LAAA-Directorate of Resources
RBC Legal Entity,03/05/2022,4672316,277810,REED,ASC Senior Management Team,2926,Agency Staff,Third Party Supplier,STANDARD,5700,JAAA-Directorate of Social Care and Health Services
RBC Legal Entity,03/05/2022,4672316,277810,REED,BFFC Agency Staff (Rechargeable),2948.25,Agency Staff,Third Party Supplier,STANDARD,2008,LAAA-Directorate of Resources
RBC Legal Entity,03/05/2022,4672316,277810,REED,ASC Senior Management Team,2962.5,Agency Staff,Third Party Supplier,STANDARD,5700,JAAA-Directorate of Social Care and Health Services
RBC Legal Entity,03/05/2022,4672316,277810,REED,Accountancy,3237.48,Agency Staff,Third Party Supplier,STANDARD,2200,LAAA-Directorate of Resources
RBC Legal Entity,03/05/2022,4672316,277810,REED,Coroner,3339.75,Agency Staff,Third Party Supplier,STANDARD,4605,KAAA-Directorate of Economic Growth and Neighbourhood Services
RBC Legal Entity,03/05/2022,4672316,277810,REED,Coroner,3339.75,Agency Staff,Third Party Supplier,STANDARD,4605,KAAA-Directorate of Economic Growth and Neighbourhood Services
RBC Legal Entity,03/05/2022,4672316,277810,REED,BFFC Agency Staff (Rechargeable),3465.5,Agency Staff,Third Party Supplier,STANDARD,2008,LAAA-Directorate of Resources
RBC Legal Entity,03/05/2022,4672316,277810,REED,Neighbourhood Services Support,3526.7,Agency Staff,Third Party Supplier,STANDARD,4590,KAAA-Directorate of Economic Growth and Neighbourhood Services
RBC Legal Entity,03/05/2022,4672316,277810,REED,Accountancy,3526.7,Agency Staff,Third Party Supplier,STANDARD,2200,LAAA-Directorate of Resources
RBC Legal Entity,03/05/2022,4672316,277810,REED,Accountancy,3526.7,Agency Staff,Third Party Supplier,STANDARD,2200,LAAA-Directorate of Resources
RBC Legal Entity,03/05/2022,4672316,277810,REED,Accountancy,3526.7,Agency Staff,Third Party Supplier,STANDARD,2200,LAAA-Directorate of Resources
RBC Legal Entity,03/05/2022,4672316,277810,REED,Accountancy,3526.7,Agency Staff,Third Party Supplier,STANDARD,2200,LAAA-Directorate of Resources
RBC Legal Entity,03/05/2022,4672316,277810,REED,BFFC Agency Staff (Rechargeable),3565.33,Agency Staff,Third Party Supplier,STANDARD,2008,LAAA-Directorate of Resources
RBC Legal Entity,03/05/2022,4672316,277810,REED,BFFC Agency Staff (Rechargeable),3565.33,Agency Staff,Third Party Supplier,STANDARD,2008,LAAA-Directorate of Resources
RBC Legal Entity,03/05/2022,4672316,277810,REED,BFFC Agency Staff (Rechargeable),3565.33,Agency Staff,Third Party Supplier,STANDARD,2008,LAAA-Directorate of Resources
RBC Legal Entity,03/05/2022,4672316,277810,REED,BFFC Agency Staff (Rechargeable),3565.33,Agency Staff,Third Party Supplier,STANDARD,2008,LAAA-Directorate of Resources
RBC Legal Entity,03/05/2022,4669458,277811,CIVICA UK LTD,Corporate Investigations Team,1715,Software Licences,Third Party Supplier,STANDARD,2230,LAAA-Directorate of Resources
RBC Legal Entity,03/05/2022,4672372,277812,DSI BILLING SERVICES LTD,Council Tax & Business Rates,1447.4,Postage Carriage Stamp Duty,SUPPLIER,STANDARD,2250,LAAA-Directorate of Resources
RBC Legal Entity,03/05/2022,4672308,277813,SANDS SECURITY LTD,Hexagon Operations,700,Security Charges,SUPPLIER,STANDARD,1200,KAAA-Directorate of Economic Growth and Neighbourhood Services
RBC Legal Entity,03/05/2022,4676424,277814,M & B ELECTRICAL SERVICES,Community Care Properties,1416.25,ThirdPP to Other LAsGnrl,SUB-CONTRACTOR,STANDARD,5067,JAAA-Directorate of Social Care and Health Services
RBC Legal Entity,03/05/2022,4676412,277816,GLOBAL MEDIA GROUP SERVICES LTD,Test and Trace,1992.73,Publicity & Media Work,Third Party Supplier,STANDARD,2068,JAAA-Directorate of Social Care and Health Services
RBC Legal Entity,03/05/2022,4676443,277818,BEN BANKS,Local Elections,587.5,Contrib.to Transp.Finance,Third Party Supplier,STANDARD,2425,LAAA-Directorate of Resources
RBC Legal Entity,03/05/2022,4669453,277819,MR EDWARD KIRKWOOD,JLT Disbursements,960,Misc. Legal Expenses,Third Party Supplier,STANDARD,2407,LAAA-Directorate of Resources
RBC Legal Entity,03/05/2022,4672396,277820,NIGEL T NORTH LTD,JLT Disbursements,936,Misc. Legal Expenses,SUPPLIER,STANDARD,2407,LAAA-Directorate of Resources
RBC Legal Entity,03/05/2022,4665710,277822,MJF BUSINESS SERVICES LTD,Avenue,375,Furniture,SUPPLIER,STANDARD,8265,ZZZC-Capital
RBC Legal Entity,03/05/2022,4665710,277822,MJF BUSINESS SERVICES LTD,Avenue,4692,Furniture,SUPPLIER,STANDARD,8265,ZZZC-Capital
RBC Legal Entity,03/05/2022,4669207,277822,MJF BUSINESS SERVICES LTD,Avenue,750,Furniture,SUPPLIER,STANDARD,8265,ZZZC-Capital
RBC Legal Entity,03/05/2022,4666642,277823,THE GRAPHIC DESIGN HOUSE,Cultural Services Marketing,3108,Publicity & Media Work,SUPPLIER,STANDARD,1235,KAAA-Directorate of Economic Growth and Neighbourhood Services
RBC Legal Entity,03/05/2022,4673298,277827,CLAIRE SHRIMPTON,JLT Disbursements,1200,Misc. Legal Expenses,SUPPLIER,STANDARD,2407,LAAA-Directorate of Resources
RBC Legal Entity,03/05/2022,4666664,277831,LOCAL GOVERNMENT ASSOCIATION,Members Services,1090,Training & Development Costs,Third Party Supplier,STANDARD,2500,LAAA-Directorate of Resources
RBC Legal Entity,03/05/2022,4672567,277832,BERKSHIRE PSYCHOLOGY,JLT Disbursements,2059.2,Misc. Legal Expenses,Third Party Supplier,STANDARD,2407,LAAA-Directorate of Resources
RBC Legal Entity,03/05/2022,4676289,277833,SURESET UK LIMITED,Highways,3277.82,Subcontractors Labour,SUB-CONTRACTOR,STANDARD,4252,KAAA-Directorate of Economic Growth and Neighbourhood Services
RBC Legal Entity,03/05/2022,4669251,277834,F M CONWAY LTD,Highways,592.96,Materials Direct,SUB-CONTRACTOR,STANDARD,4252,KAAA-Directorate of Economic Growth and Neighbourhood Services
RBC Legal Entity,03/05/2022,4672371,277834,F M CONWAY LTD,Highways,618.7,Materials Direct,SUB-CONTRACTOR,STANDARD,4252,KAAA-Directorate of Economic Growth and Neighbourhood Services
RBC Legal Entity,03/05/2022,4672373,277834,F M CONWAY LTD,Highways,618.7,Materials Direct,SUB-CONTRACTOR,STANDARD,4252,KAAA-Directorate of Economic Growth and Neighbourhood Services
RBC Legal Entity,03/05/2022,4672378,277834,F M CONWAY LTD,Highways,1163.92,Materials Direct,SUB-CONTRACTOR,STANDARD,4252,KAAA-Directorate of Economic Growth and Neighbourhood Services
RBC Legal Entity,03/05/2022,4666812,277835,MARIE MARAIS,Transformation,5834.85,Agency Staff,SUPPLIER,STANDARD,5289,JAAA-Directorate of Social Care and Health Services
RBC Legal Entity,03/05/2022,4673232,277836,FSC HARBOURAGE UK,JLT Disbursements,1155,Misc. Legal Expenses,Third Party Supplier,STANDARD,2407,LAAA-Directorate of Resources
RBC Legal Entity,03/05/2022,4673233,277836,FSC HARBOURAGE UK,JLT Disbursements,1155,Misc. Legal Expenses,Third Party Supplier,STANDARD,2407,LAAA-Directorate of Resources
RBC Legal Entity,03/05/2022,4672368,277837,NECTAR IMPORTS LTD,Hexagon Catering,560.96,Purchases - Stock Provisions,SUPPLIER,STANDARD,1241,KAAA-Directorate of Economic Growth and Neighbourhood Services
RBC Legal Entity,03/05/2022,4669430,277838,AUSCRIPT LTD,JLT Disbursements,752.31,Misc. Legal Expenses,Third Party Supplier,STANDARD,2407,LAAA-Directorate of Resources
RBC Legal Entity,03/05/2022,4676390,277843,"CGL (CHANGE, GROW, LIVE) LTD",Rough Sleeping DAT Grant,96637,Payments to Operators,Third Party Supplier,STANDARD,2069,JAAA-Directorate of Social Care and Health Services
RBC Legal Entity,03/05/2022,4676392,277843,"CGL (CHANGE, GROW, LIVE) LTD",Rough Sleeping DAT Grant,160813,Payments to Operators,Third Party Supplier,STANDARD,2069,JAAA-Directorate of Social Care and Health Services
RBC Legal Entity,03/05/2022,4676393,277843,"CGL (CHANGE, GROW, LIVE) LTD",Rough Sleeping DAT Grant,71247.5,Payments to Operators,Third Party Supplier,STANDARD,2069,JAAA-Directorate of Social Care and Health Services
RBC Legal Entity,03/05/2022,4676394,277843,"CGL (CHANGE, GROW, LIVE) LTD",Rough Sleeping DAT Grant,87012.2,Payments to Operators,Third Party Supplier,STANDARD,2069,JAAA-Directorate of Social Care and Health Services
RBC Legal Entity,03/05/2022,4675802,277844,INITIAL,Grounds Maintenance,15.43,Waste Disposal,Third Party Supplier,STANDARD,1306,KAAA-Directorate of Economic Growth and Neighbourhood Services
RBC Legal Entity,03/05/2022,4675802,277844,INITIAL,Acre Business Park,15.43,Waste Disposal,Third Party Supplier,STANDARD,2120,KAAA-Directorate of Economic Growth and Neighbourhood Services
RBC Legal Entity,03/05/2022,4675802,277844,INITIAL,Focus House,15.43,Waste Disposal,Third Party Supplier,STANDARD,5000,JAAA-Directorate of Social Care and Health Services
RBC Legal Entity,03/05/2022,4675802,277844,INITIAL,Crematorium,23.15,Waste Disposal,Third Party Supplier,STANDARD,4606,LAAA-Directorate of Resources
RBC Legal Entity,03/05/2022,4675802,277844,INITIAL,Corporate FM - Community Buildings,25.36,Waste Disposal,Third Party Supplier,STANDARD,3739,KAAA-Directorate of Economic Growth and Neighbourhood Services
RBC Legal Entity,03/05/2022,4675802,277844,INITIAL,Corporate FM - Community Buildings,29.21,Waste Disposal,Third Party Supplier,STANDARD,3739,KAAA-Directorate of Economic Growth and Neighbourhood Services
RBC Legal Entity,03/05/2022,4675802,277844,INITIAL,Corporate FM - Community Buildings,44.86,Waste Disposal,Third Party Supplier,STANDARD,3739,KAAA-Directorate of Economic Growth and Neighbourhood Services
RBC Legal Entity,03/05/2022,4675802,277844,INITIAL,Corporate FM - Community Buildings,62.84,Waste Disposal,Third Party Supplier,STANDARD,3739,KAAA-Directorate of Economic Growth and Neighbourhood Services
RBC Legal Entity,03/05/2022,4675802,277844,INITIAL,Corporate FM - Community Buildings,64.36,Waste Disposal,Third Party Supplier,STANDARD,3739,KAAA-Directorate of Economic Growth and Neighbourhood Services
RBC Legal Entity,03/05/2022,4675802,277844,INITIAL,Corporate FM - Office Buildings,65.6,Waste Disposal,Third Party Supplier,STANDARD,3738,KAAA-Directorate of Economic Growth and Neighbourhood Services
RBC Legal Entity,03/05/2022,4675802,277844,INITIAL,Admin Account,81.05,Waste Disposal,Third Party Supplier,STANDARD,5960,HAAA-Housing Revenue Account
RBC Legal Entity,03/05/2022,4675802,277844,INITIAL,Corporate FM - Community Buildings,89.71,Waste Disposal,Third Party Supplier,STANDARD,3739,KAAA-Directorate of Economic Growth and Neighbourhood Services
RBC Legal Entity,03/05/2022,4675802,277844,INITIAL,Corporate FM - Community Buildings,127.6,Waste Disposal,Third Party Supplier,STANDARD,3739,KAAA-Directorate of Economic Growth and Neighbourhood Services
RBC Legal Entity,03/05/2022,4675802,277844,INITIAL,Corporate FM - Community Buildings,176.94,Waste Disposal,Third Party Supplier,STANDARD,3739,KAAA-Directorate of Economic Growth and Neighbourhood Services
RBC Legal Entity,03/05/2022,4675802,277844,INITIAL,Town Hall Operations,193.33,Waste Disposal,Third Party Supplier,STANDARD,1210,KAAA-Directorate of Economic Growth and Neighbourhood Services
RBC Legal Entity,03/05/2022,4675802,277844,INITIAL,Corporate FM - Community Buildings,214.42,Waste Disposal,Third Party Supplier,STANDARD,3739,KAAA-Directorate of Economic Growth and Neighbourhood Services
RBC Legal Entity,03/05/2022,4675802,277844,INITIAL,Reading Libraries,459.86,Waste Disposal,Third Party Supplier,STANDARD,1400,KAAA-Directorate of Economic Growth and Neighbourhood Services
RBC Legal Entity,03/05/2022,4675802,277844,INITIAL,Corporate FM - Office Buildings,838.65,Waste Disposal,Third Party Supplier,STANDARD,3738,KAAA-Directorate of Economic Growth and Neighbourhood Services
RBC Legal Entity,03/05/2022,4673463,277845,WORTHWHILE TRAINING,Corporate Organisational Development,1100,Training & Development Costs,SUPPLIER,STANDARD,3435,LAAA-Directorate of Resources
RBC Legal Entity,03/05/2022,4666813,277847,RACKLINE LTD,Town Hall - Museum,1038,Professional Fees,SUPPLIER,STANDARD,1255,KAAA-Directorate of Economic Growth and Neighbourhood Services
RBC Legal Entity,03/05/2022,4666830,277848,MALLATITE LTD,Invest to Save Street lighting,2680,Contractors,Third Party Supplier,STANDARD,8882,ZZZC-Capital
RBC Legal Entity,03/05/2022,4666730,277849,TRUSTMARQUE SOLUTIONS LIMITED,IT Management,2705.58,Software Licences,Third Party Supplier,STANDARD,2300,EAAA-Chief Executive
RBC Legal Entity,03/05/2022,4672674,277853,SALIS CARE LTD,PS Acquired Community Services,4753.56,Purchased Care,SUPPLIER,STANDARD,5771,JAAA-Directorate of Social Care and Health Services
RBC Legal Entity,03/05/2022,4666820,277854,AGILISYS LIMITED,Finance systems Re-procurement,8250,Staff/Consultancy,Third Party Supplier,STANDARD,8637,ZZZC-Capital
RBC Legal Entity,03/05/2022,4676476,277855,CROWDENGAGE LIMITED,Hexagon Catering,1357.04,PurchaseComputer Equipt,SUPPLIER,STANDARD,1241,KAAA-Directorate of Economic Growth and Neighbourhood Services
RBC Legal Entity,03/05/2022,4666800,277858,NEWAUTO LTD T/A MOGO,Taxi & Private Hire Licensing,760.95,Equipment Purchase & Repair,Third Party Supplier,STANDARD,4603,KAAA-Directorate of Economic Growth and Neighbourhood Services
RBC Legal Entity,03/05/2022,4666839,277859,THE MODERN FAMILY LAW COMPANY,JLT Disbursements,800,Misc. Legal Expenses,Third Party Supplier,STANDARD,2407,LAAA-Directorate of Resources
RBC Legal Entity,03/05/2022,4666842,277859,THE MODERN FAMILY LAW COMPANY,JLT Disbursements,800,Misc. Legal Expenses,Third Party Supplier,STANDARD,2407,LAAA-Directorate of Resources
RBC Legal Entity,03/05/2022,4666844,277859,THE MODERN FAMILY LAW COMPANY,JLT Disbursements,800,Misc. Legal Expenses,Third Party Supplier,STANDARD,2407,LAAA-Directorate of Resources
RBC Legal Entity,03/05/2022,4672592,277861,QUALITY CARE & RECRUITMENT SOLUTIONS LTD,Safeguarding Adults,1016,Professional Fees,Third Party Supplier,STANDARD,5158,JAAA-Directorate of Social Care and Health Services
RBC Legal Entity,03/05/2022,4672593,277861,QUALITY CARE & RECRUITMENT SOLUTIONS LTD,ASC Operational Management Team,4113.5,TPP to Others,Third Party Supplier,STANDARD,5309,JAAA-Directorate of Social Care and Health Services
RBC Legal Entity,03/05/2022,4676466,277861,QUALITY CARE & RECRUITMENT SOLUTIONS LTD,ASC Operational Management Team,4769.1,TPP to Others,Third Party Supplier,STANDARD,5309,JAAA-Directorate of Social Care and Health Services
RBC Legal Entity,03/05/2022,4676467,277861,QUALITY CARE & RECRUITMENT SOLUTIONS LTD,ASC Operational Management Team,7750.1,TPP to Others,Third Party Supplier,STANDARD,5309,JAAA-Directorate of Social Care and Health Services
RBC Legal Entity,03/05/2022,4676468,277861,QUALITY CARE & RECRUITMENT SOLUTIONS LTD,Safeguarding Adults,1265.95,Professional Fees,Third Party Supplier,STANDARD,5158,JAAA-Directorate of Social Care and Health Services
RBC Legal Entity,03/05/2022,4672322,277862,BANNER GROUP LTD,Buildings Payroll,1415.42,Stationery  Consumables,Third Party Supplier,STANDARD,3390,KAAA-Directorate of Economic Growth and Neighbourhood Services
RBC Legal Entity,04/05/2022,4669431,277864,MR EDWARD KIRKWOOD,JLT Disbursements,765,Misc. Legal Expenses,Third Party Supplier,STANDARD,2407,LAAA-Directorate of Resources
RBC Legal Entity,04/05/2022,4672441,277865,THE GRAPHIC DESIGN HOUSE,Cultural Services Marketing,2318.56,Publicity & Media Work,SUPPLIER,STANDARD,1235,KAAA-Directorate of Economic Growth and Neighbourhood Services
RBC Legal Entity,04/05/2022,4669442,277867,FCC RECYCLING (UK) LTD,Grounds Maintenance,1189.65,Parks Tipping,SUPPLIER,STANDARD,1306,KAAA-Directorate of Economic Growth and Neighbourhood Services
RBC Legal Entity,04/05/2022,4669444,277867,FCC RECYCLING (UK) LTD,Refuse Collection,10310.28,Tipping Charge,SUPPLIER,STANDARD,4561,KAAA-Directorate of Economic Growth and Neighbourhood Services
RBC Legal Entity,04/05/2022,4676344,277871,MEDLOCK ELECTRICAL DISTRIBUTORS,Corporate Maintenance Services,1596.06,Materials Direct,Third Party Supplier,STANDARD,4080,KAAA-Directorate of Economic Growth and Neighbourhood Services
RBC Legal Entity,04/05/2022,4672207,277872,SIMPLE RECRUITMENT SERVICES LIMITED,Town Hall Operations,693.52,Agency Staff,Third Party Supplier,STANDARD,1210,KAAA-Directorate of Economic Growth and Neighbourhood Services
RBC Legal Entity,04/05/2022,4676620,277874,SHABANA B LIMITED,Single Homelessness Grants,840,Preventive+SupportiveServ,SUPPLIER,STANDARD,5860,KAAA-Directorate of Economic Growth and Neighbourhood Services
RBC Legal Entity,04/05/2022,4672515,277877,F M CONWAY LTD,Highways,507.33,Materials Direct,SUB-CONTRACTOR,STANDARD,4252,KAAA-Directorate of Economic Growth and Neighbourhood Services
RBC Legal Entity,04/05/2022,4673234,277878,EQUITA LIMITED,Council Tax & Business Rates,385,Professional Fees,SUPPLIER,STANDARD,2250,LAAA-Directorate of Resources
RBC Legal Entity,04/05/2022,4676536,277879,CLUDO UK LTD,IT Management,5171,Software Support,SUPPLIER,STANDARD,2300,EAAA-Chief Executive
RBC Legal Entity,04/05/2022,4670426,277880,LINDSAY JOHNSON,JLT Disbursements,480,Misc. Legal Expenses,Third Party Supplier,STANDARD,2407,LAAA-Directorate of Resources
RBC Legal Entity,04/05/2022,4672685,277881,SUNLIGHT HOMECARE SERVICES LIMITED,Mental Health Community Services,1197.92,Purchased Care,Third Party Supplier,STANDARD,5731,JAAA-Directorate of Social Care and Health Services
RBC Legal Entity,04/05/2022,4676622,277883,LITTLE WANDER LTD,South Street Operations,1287.8,Professional Fees,Third Party Supplier,STANDARD,1220,KAAA-Directorate of Economic Growth and Neighbourhood Services
RBC Legal Entity,04/05/2022,4669434,277884,FAZEELA ISHMAEL,JLT Disbursements,600,Misc. Legal Expenses,SUPPLIER,STANDARD,2407,LAAA-Directorate of Resources
RBC Legal Entity,04/05/2022,4673426,277885,THE MODERN FAMILY LAW COMPANY,JLT Disbursements,2872,Misc. Legal Expenses,Third Party Supplier,STANDARD,2407,LAAA-Directorate of Resources
RBC Legal Entity,04/05/2022,4676549,277887,REBECCA KING,South Street Operations,1700,Professional Fees,Third Party Supplier,STANDARD,1220,KAAA-Directorate of Economic Growth and Neighbourhood Services
RBC Legal Entity,04/05/2022,4676608,277888,SJP PROJECTS LTD,Parking & Enforcement,2800,Repair + Maint. Materials,SUB-CONTRACTOR,STANDARD,4725,KAAA-Directorate of Economic Growth and Neighbourhood Services
RBC Legal Entity,04/05/2022,4676609,277888,SJP PROJECTS LTD,Parking & Enforcement,580,Repair + Maint. Materials,SUB-CONTRACTOR,STANDARD,4725,KAAA-Directorate of Economic Growth and Neighbourhood Services
RBC Legal Entity,04/05/2022,4676609,277888,SJP PROJECTS LTD,Parking & Enforcement,980,Repair + Maint. Materials,SUB-CONTRACTOR,STANDARD,4725,KAAA-Directorate of Economic Growth and Neighbourhood Services
RBC Legal Entity,04/05/2022,4676484,277889,OFR CONSULTANTS LTD,MRA Account,755,Fire Protection,Third Party Supplier,STANDARD,5975,HAAA-Housing Revenue Account
RBC Legal Entity,04/05/2022,4672497,277890,MARK SHAW,JLT Disbursements,1775,Misc. Legal Expenses,INDIVIDUAL,STANDARD,2407,LAAA-Directorate of Resources
RBC Legal Entity,04/05/2022,4674368,277891,FIRNTEC LTD,Repairs,2227,Fire Protection,Third Party Supplier,STANDARD,5970,HAAA-Housing Revenue Account
RBC Legal Entity,04/05/2022,4669447,277892,DEFINITIVE CREW LTD,Hexagon Operations,1640,Equipment Hire,Third Party Supplier,STANDARD,1200,KAAA-Directorate of Economic Growth and Neighbourhood Services
RBC Legal Entity,04/05/2022,4676235,277894,POSITIVE MIND PSYCHOLOGICAL SERVICES LTD,JLT Disbursements,819,Misc. Legal Expenses,Third Party Supplier,STANDARD,2407,LAAA-Directorate of Resources
RBC Legal Entity,04/05/2022,4672861,277896,ACTIVE ASSISTANCE,PS Acquired Community Services,952.83,Purchased Care,SUPPLIER,STANDARD,5771,JAAA-Directorate of Social Care and Health Services
RBC Legal Entity,04/05/2022,4672533,277899,BIDVEST FOODSERVICE (BIDFOOD),Hexagon Catering,66.32,Purchases - Stock Provisions,Third Party Supplier,STANDARD,1241,KAAA-Directorate of Economic Growth and Neighbourhood Services
RBC Legal Entity,04/05/2022,4672533,277899,BIDVEST FOODSERVICE (BIDFOOD),Hexagon Catering,824.01,Purchases - Stock Provisions,Third Party Supplier,STANDARD,1241,KAAA-Directorate of Economic Growth and Neighbourhood Services
RBC Legal Entity,04/05/2022,4669416,277900,KOMPAN LTD,Parks + Open Spaces,4100.6,Furniture,SUB-CONTRACTOR,STANDARD,8003,ZZZC-Capital
RBC Legal Entity,04/05/2022,4676349,277902,LAPLACE BUILDING SOLUTIONS (SOUTH) LIMITED,Repairs,217.51,Essential Cyclical Insp. + Mai,SUB-CONTRACTOR,STANDARD,5970,HAAA-Housing Revenue Account
RBC Legal Entity,04/05/2022,4676349,277902,LAPLACE BUILDING SOLUTIONS (SOUTH) LIMITED,Corporate Maintenance Services,286.1,Leasing Costs,SUB-CONTRACTOR,STANDARD,4080,KAAA-Directorate of Economic Growth and Neighbourhood Services
RBC Legal Entity,04/05/2022,4669398,277904,COLBY HEATING (READING),Corporate Maintenance Services,472,TPP  Contract,SUB-CONTRACTOR,STANDARD,4080,KAAA-Directorate of Economic Growth and Neighbourhood Services
RBC Legal Entity,04/05/2022,4676599,277908,WOKINGHAM BOROUGH COUNCIL,Strategic Transport & Concessionary Fares,53248,TPP  Contract,Third Party Supplier,STANDARD,4726,KAAA-Directorate of Economic Growth and Neighbourhood Services
RBC Legal Entity,04/05/2022,4658990,277910,CIVICA UK LTD,Accountancy,2500,Consultancy Fees,Third Party Supplier,STANDARD,2200,LAAA-Directorate of Resources
RBC Legal Entity,04/05/2022,4676627,277916,DAVID F COX,Grounds Maintenance,500,Building Maintenance,SUPPLIER,STANDARD,1306,KAAA-Directorate of Economic Growth and Neighbourhood Services
RBC Legal Entity,04/05/2022,4673235,277918,RNID,Customer Services - Reception,2458.6,Translat.+Interpretation,Third Party Supplier,STANDARD,2595,LAAA-Directorate of Resources
RBC Legal Entity,05/05/2022,4676675,277921,ASKEWS & HOLTS LIBRARY SERVICES LTD,General Reference,30.38,Childrens Stock,SUPPLIER,STANDARD,1454,KAAA-Directorate of Economic Growth and Neighbourhood Services
RBC Legal Entity,05/05/2022,4676675,277921,ASKEWS & HOLTS LIBRARY SERVICES LTD,General Reference,171.25,Adult Non Fiction Books,SUPPLIER,STANDARD,1454,KAAA-Directorate of Economic Growth and Neighbourhood Services
RBC Legal Entity,05/05/2022,4676675,277921,ASKEWS & HOLTS LIBRARY SERVICES LTD,General Reference,352.25,Childrens Stock,SUPPLIER,STANDARD,1454,KAAA-Directorate of Economic Growth and Neighbourhood Services
RBC Legal Entity,05/05/2022,4676675,277921,ASKEWS & HOLTS LIBRARY SERVICES LTD,General Reference,370.48,Adult Fiction Books,SUPPLIER,STANDARD,1454,KAAA-Directorate of Economic Growth and Neighbourhood Services
RBC Legal Entity,05/05/2022,4673470,277924,CAPITA BUSINESS SERVICES LTD,Revenues & Benefits Systems,8000,TPP  Contract,Third Party Supplier,STANDARD,2266,LAAA-Directorate of Resources
RBC Legal Entity,05/05/2022,4676798,277925,READING MENCAP ,LD Community Services,792,Purchased Care,SUPPLIER,STANDARD,5741,JAAA-Directorate of Social Care and Health Services
RBC Legal Entity,05/05/2022,4677090,277925,READING MENCAP ,LD Community Services,792,Purchased Care,SUPPLIER,STANDARD,5741,JAAA-Directorate of Social Care and Health Services
RBC Legal Entity,05/05/2022,4676729,277927,OBAS UK LTD,Drainage,849.9,Materials Direct,SUPPLIER,STANDARD,4104,KAAA-Directorate of Economic Growth and Neighbourhood Services
RBC Legal Entity,05/05/2022,4676729,277927,OBAS UK LTD,Drainage,949.9,Materials Direct,SUPPLIER,STANDARD,4104,KAAA-Directorate of Economic Growth and Neighbourhood Services
RBC Legal Entity,05/05/2022,4677080,277929,STEPPING STONES,LD Community Services,893.2,Purchased Care,Third Party Supplier,STANDARD,5741,JAAA-Directorate of Social Care and Health Services
RBC Legal Entity,05/05/2022,4672310,277931,CIVICA UK LTD,Reading Libraries,27039.83,Software Licences,Third Party Supplier,STANDARD,1400,KAAA-Directorate of Economic Growth and Neighbourhood Services
RBC Legal Entity,05/05/2022,4676655,277932,ELECTORAL REFORM SERVICES,Electoral Registration,1144.74,Printing + Duplicating,SUPPLIER,STANDARD,2440,LAAA-Directorate of Resources
RBC Legal Entity,05/05/2022,4676637,277933,ALDWORTH PHILHARMONIC ORCHESTRA,Hexagon Operations,584,Professional Fees,Third Party Supplier,STANDARD,1200,KAAA-Directorate of Economic Growth and Neighbourhood Services
RBC Legal Entity,05/05/2022,4676956,277934,JOE'S FOLLY,Social Support,10.08,Purchased Care,SUPPLIER,STANDARD,5790,JAAA-Directorate of Social Care and Health Services
RBC Legal Entity,05/05/2022,4676956,277934,JOE'S FOLLY,Social Support,7200.2,Purchased Care,SUPPLIER,STANDARD,5790,JAAA-Directorate of Social Care and Health Services
RBC Legal Entity,05/05/2022,4670015,277935,FLEETWOOD GRAB SERVICES LIMITED,Highways,590,Waste Disposal,Third Party Supplier,STANDARD,4252,KAAA-Directorate of Economic Growth and Neighbourhood Services
RBC Legal Entity,05/05/2022,4670015,277935,FLEETWOOD GRAB SERVICES LIMITED,Highways,590,Waste Disposal,Third Party Supplier,STANDARD,4252,KAAA-Directorate of Economic Growth and Neighbourhood Services
RBC Legal Entity,05/05/2022,4670015,277935,FLEETWOOD GRAB SERVICES LIMITED,Highways,870,Materials Direct,Third Party Supplier,STANDARD,4252,KAAA-Directorate of Economic Growth and Neighbourhood Services
RBC Legal Entity,05/05/2022,4673217,277936,THE PRIORY BINDERY,Archives General,654,Other Office Expenses,SUPPLIER,STANDARD,1256,KAAA-Directorate of Economic Growth and Neighbourhood Services
RBC Legal Entity,05/05/2022,4677209,277937,MAKIN PROJECTS,South Street Operations,-3481.03,Ticket SalesPerformances,Third Party Supplier,CREDIT,1220,KAAA-Directorate of Economic Growth and Neighbourhood Services
RBC Legal Entity,05/05/2022,4677209,277937,MAKIN PROJECTS,South Street Operations,-577.36,Administration Charges,Third Party Supplier,CREDIT,1220,KAAA-Directorate of Economic Growth and Neighbourhood Services
RBC Legal Entity,05/05/2022,4677209,277937,MAKIN PROJECTS,South Street Operations,-124.13,Credit Card Commission,Third Party Supplier,CREDIT,1220,KAAA-Directorate of Economic Growth and Neighbourhood Services
RBC Legal Entity,05/05/2022,4677209,277937,MAKIN PROJECTS,Cultural Services Marketing,-75,Publicity & Media Work,Third Party Supplier,CREDIT,1235,KAAA-Directorate of Economic Growth and Neighbourhood Services
RBC Legal Entity,05/05/2022,4677209,277937,MAKIN PROJECTS,South Street Operations,75,Professional Fees,Third Party Supplier,STANDARD,1220,KAAA-Directorate of Economic Growth and Neighbourhood Services
RBC Legal Entity,05/05/2022,4677209,277937,MAKIN PROJECTS,South Street Operations,2535.78,Professional Fees,Third Party Supplier,STANDARD,1220,KAAA-Directorate of Economic Growth and Neighbourhood Services
RBC Legal Entity,05/05/2022,4677209,277937,MAKIN PROJECTS,Hexagon Performances,4182.52,Ticket SalesPerformances,Third Party Supplier,STANDARD,1202,KAAA-Directorate of Economic Growth and Neighbourhood Services
RBC Legal Entity,05/05/2022,4673125,277938,HARBOUR SUPPORTED LIVING SER LTD,Mental Health Community Services,1445.21,Purchased Care,Third Party Supplier,STANDARD,5731,JAAA-Directorate of Social Care and Health Services
RBC Legal Entity,05/05/2022,4674520,277939,PORTSDOWN OFFICE LTD,Property Liabilities,9200,Contractors,Third Party Supplier,STANDARD,8604,ZZZC-Capital
RBC Legal Entity,05/05/2022,4670441,277940,MIRUS PROJECTS LIMITED,Corporate Maintenance Services,448,Leasing Costs,SUB-CONTRACTOR,STANDARD,4080,KAAA-Directorate of Economic Growth and Neighbourhood Services
RBC Legal Entity,05/05/2022,4676838,277942,THRIVE,LD Community Services,569.52,Day Care Purchases,SUPPLIER,STANDARD,5741,JAAA-Directorate of Social Care and Health Services
RBC Legal Entity,05/05/2022,4676840,277942,THRIVE,LD Community Services,569.52,Day Care Purchases,SUPPLIER,STANDARD,5741,JAAA-Directorate of Social Care and Health Services
RBC Legal Entity,05/05/2022,4670425,277943,MR NICHOLAS GOODWIN,JLT Disbursements,4000,Misc. Legal Expenses,SUPPLIER,STANDARD,2407,LAAA-Directorate of Resources
RBC Legal Entity,05/05/2022,4676391,277944,BROADWAY LODGE,Rough Sleeping DAT Grant,3500,Purchased Care,Third Party Supplier,STANDARD,2069,JAAA-Directorate of Social Care and Health Services
RBC Legal Entity,05/05/2022,4670129,277946,EXPERT IN MIND,JLT Disbursements,686.4,Misc. Legal Expenses,SUPPLIER,STANDARD,2407,LAAA-Directorate of Resources
RBC Legal Entity,05/05/2022,4669957,277947,HERALD CHASE GROUP LTD,Tenant Participation,671.6,Printing + Duplicating,SUPPLIER,STANDARD,5965,HAAA-Housing Revenue Account
RBC Legal Entity,05/05/2022,4670119,277948,G2 RECRUITMENT SOLUTIONS LTD,Building Control,1175,Consultancy Fees,SUPPLIER,STANDARD,4701,KAAA-Directorate of Economic Growth and Neighbourhood Services
RBC Legal Entity,05/05/2022,4673244,277948,G2 RECRUITMENT SOLUTIONS LTD,Building Control,1418.7,Consultancy Fees,SUPPLIER,STANDARD,4701,KAAA-Directorate of Economic Growth and Neighbourhood Services
RBC Legal Entity,05/05/2022,4670405,277949,PILON LTD,DLO Day to Day Trades,14399,Subcontractors Labour,SUB-CONTRACTOR,STANDARD,4010,KAAA-Directorate of Economic Growth and Neighbourhood Services
RBC Legal Entity,05/05/2022,4676742,277950,ARUSHA LTD,Bed and Breakfast,793.65,Rents,Third Party Supplier,STANDARD,5871,KAAA-Directorate of Economic Growth and Neighbourhood Services
RBC Legal Entity,05/05/2022,4676843,277951,SYLVIANCARE LTD,PS Acquired Community Services,1227.57,Purchased Care,Third Party Supplier,STANDARD,5771,JAAA-Directorate of Social Care and Health Services
RBC Legal Entity,05/05/2022,4676844,277951,SYLVIANCARE LTD,PS Acquired Community Services,1104.32,Purchased Care,Third Party Supplier,STANDARD,5771,JAAA-Directorate of Social Care and Health Services
RBC Legal Entity,05/05/2022,4676845,277951,SYLVIANCARE LTD,PS Acquired Community Services,531.44,Purchased Care,Third Party Supplier,STANDARD,5771,JAAA-Directorate of Social Care and Health Services
RBC Legal Entity,05/05/2022,4676267,277952,RE3 LTD,Waste Disposal,2121400.17,Household Waste,SUPPLIER,STANDARD,4562,KAAA-Directorate of Economic Growth and Neighbourhood Services
RBC Legal Entity,05/05/2022,4676837,277953,MAKAI CARE LTD,PS Acquired Community Services,1672,Purchased Care,SUPPLIER,STANDARD,5771,JAAA-Directorate of Social Care and Health Services
RBC Legal Entity,05/05/2022,4676893,277953,MAKAI CARE LTD,PS Acquired Community Services,757.29,Purchased Care,SUPPLIER,STANDARD,5771,JAAA-Directorate of Social Care and Health Services
RBC Legal Entity,05/05/2022,4676894,277953,MAKAI CARE LTD,PS Acquired Community Services,532,Purchased Care,SUPPLIER,STANDARD,5771,JAAA-Directorate of Social Care and Health Services
RBC Legal Entity,05/05/2022,4677187,277953,MAKAI CARE LTD,M&C Acquired Community Services,4039.28,Purchased Care,SUPPLIER,STANDARD,5751,JAAA-Directorate of Social Care and Health Services
RBC Legal Entity,05/05/2022,4676917,277956,SUPERB HEALTHCARE LTD,PS Acquired Community Services,513,Purchased Care,Third Party Supplier,STANDARD,5771,JAAA-Directorate of Social Care and Health Services
RBC Legal Entity,05/05/2022,4673379,277957,F M CONWAY LTD,Highways,618.7,Materials Direct,SUB-CONTRACTOR,STANDARD,4252,KAAA-Directorate of Economic Growth and Neighbourhood Services
RBC Legal Entity,05/05/2022,4673380,277957,F M CONWAY LTD,Highways,487.95,Materials Direct,SUB-CONTRACTOR,STANDARD,4252,KAAA-Directorate of Economic Growth and Neighbourhood Services
RBC Legal Entity,05/05/2022,4676829,277958,MY HOMECARE (READING AND BRACKNELL) LTD,PS Acquired Community Services,2800.24,Purchased Care,Third Party Supplier,STANDARD,5771,JAAA-Directorate of Social Care and Health Services
RBC Legal Entity,05/05/2022,4676830,277958,MY HOMECARE (READING AND BRACKNELL) LTD,PS Acquired Community Services,3036.88,Purchased Care,Third Party Supplier,STANDARD,5771,JAAA-Directorate of Social Care and Health Services
RBC Legal Entity,05/05/2022,4676831,277958,MY HOMECARE (READING AND BRACKNELL) LTD,PS Acquired Community Services,552.16,Purchased Care,Third Party Supplier,STANDARD,5771,JAAA-Directorate of Social Care and Health Services
RBC Legal Entity,05/05/2022,4676833,277958,MY HOMECARE (READING AND BRACKNELL) LTD,PS Acquired Community Services,828.24,Purchased Care,Third Party Supplier,STANDARD,5771,JAAA-Directorate of Social Care and Health Services
RBC Legal Entity,05/05/2022,4676834,277958,MY HOMECARE (READING AND BRACKNELL) LTD,PS Acquired Community Services,1104.32,Purchased Care,Third Party Supplier,STANDARD,5771,JAAA-Directorate of Social Care and Health Services
RBC Legal Entity,05/05/2022,4676835,277958,MY HOMECARE (READING AND BRACKNELL) LTD,PS Acquired Community Services,2760.8,Purchased Care,Third Party Supplier,STANDARD,5771,JAAA-Directorate of Social Care and Health Services
RBC Legal Entity,05/05/2022,4676836,277958,MY HOMECARE (READING AND BRACKNELL) LTD,PS Acquired Community Services,2494.58,Purchased Care,Third Party Supplier,STANDARD,5771,JAAA-Directorate of Social Care and Health Services
RBC Legal Entity,05/05/2022,4674517,277959,CERTAS ENERGY UK LTD,Corporate FM - Office Buildings,44365.08,Fuel + Oil,SUPPLIER,STANDARD,3738,KAAA-Directorate of Economic Growth and Neighbourhood Services
RBC Legal Entity,05/05/2022,4677196,277959,CERTAS ENERGY UK LTD,Corporate FM - Office Buildings,6353.54,Fuel + Oil,SUPPLIER,STANDARD,3738,KAAA-Directorate of Economic Growth and Neighbourhood Services
RBC Legal Entity,05/05/2022,4676436,277961,Brighter Futures for Children,Brighter Futures for Children,184921,TPP  Contract,INTERNAL,STANDARD,5430,NAAA-Former Directorate of Education and Childrens Services
RBC Legal Entity,05/05/2022,4676437,277961,Brighter Futures for Children,DSG (RBC),17334,TPP  Contract,INTERNAL,STANDARD,5432,NAAA-Former Directorate of Education and Childrens Services
RBC Legal Entity,05/05/2022,4676437,277961,Brighter Futures for Children,DSG (RBC),81833,TPP  Contract,INTERNAL,STANDARD,5432,NAAA-Former Directorate of Education and Childrens Services
RBC Legal Entity,05/05/2022,4676437,277961,Brighter Futures for Children,DSG (RBC),767992,TPP  Contract,INTERNAL,STANDARD,5432,NAAA-Former Directorate of Education and Childrens Services
RBC Legal Entity,05/05/2022,4676437,277961,Brighter Futures for Children,DSG (RBC),1905858,TPP  Contract,INTERNAL,STANDARD,5432,NAAA-Former Directorate of Education and Childrens Services
RBC Legal Entity,05/05/2022,4676438,277961,Brighter Futures for Children,Brighter Futures for Children,374744,TPP  Contract,INTERNAL,STANDARD,5430,NAAA-Former Directorate of Education and Childrens Services
RBC Legal Entity,05/05/2022,4676439,277961,Brighter Futures for Children,Brighter Futures for Children,3461275,TPP  Contract,INTERNAL,STANDARD,5430,NAAA-Former Directorate of Education and Childrens Services
RBC Legal Entity,05/05/2022,4670085,277962,PROTEUS EQUIPMENT LTD,Civil Engineering,126,Materials Direct,Third Party Supplier,STANDARD,4550,KAAA-Directorate of Economic Growth and Neighbourhood Services
RBC Legal Entity,05/05/2022,4670085,277962,PROTEUS EQUIPMENT LTD,Civil Engineering,3150,Materials Direct,Third Party Supplier,STANDARD,4550,KAAA-Directorate of Economic Growth and Neighbourhood Services
RBC Legal Entity,05/05/2022,4672336,277963,ASAHI UK LTD,Hexagon Catering,1797.75,Purchases - Stock Provisions,Third Party Supplier,STANDARD,1241,KAAA-Directorate of Economic Growth and Neighbourhood Services
RBC Legal Entity,05/05/2022,4676895,277964,SPECTRUM GROUP SERVICES LIMITED,M&C Acquired Community Services,571.88,Purchased Care,Third Party Supplier,STANDARD,5751,JAAA-Directorate of Social Care and Health Services
RBC Legal Entity,05/05/2022,4676896,277964,SPECTRUM GROUP SERVICES LIMITED,PS Acquired Community Services,2760.8,Purchased Care,Third Party Supplier,STANDARD,5771,JAAA-Directorate of Social Care and Health Services
RBC Legal Entity,05/05/2022,4676897,277964,SPECTRUM GROUP SERVICES LIMITED,PS Acquired Community Services,1143.76,Purchased Care,Third Party Supplier,STANDARD,5771,JAAA-Directorate of Social Care and Health Services
RBC Legal Entity,05/05/2022,4676900,277964,SPECTRUM GROUP SERVICES LIMITED,PS Acquired Community Services,966.28,Purchased Care,Third Party Supplier,STANDARD,5771,JAAA-Directorate of Social Care and Health Services
RBC Legal Entity,05/05/2022,4676901,277964,SPECTRUM GROUP SERVICES LIMITED,PS Acquired Community Services,1183.2,Purchased Care,Third Party Supplier,STANDARD,5771,JAAA-Directorate of Social Care and Health Services
RBC Legal Entity,05/05/2022,4676902,277964,SPECTRUM GROUP SERVICES LIMITED,PS Acquired Community Services,1400.12,Purchased Care,Third Party Supplier,STANDARD,5771,JAAA-Directorate of Social Care and Health Services
RBC Legal Entity,05/05/2022,4676903,277964,SPECTRUM GROUP SERVICES LIMITED,PS Acquired Community Services,1104.32,Purchased Care,Third Party Supplier,STANDARD,5771,JAAA-Directorate of Social Care and Health Services
RBC Legal Entity,05/05/2022,4676905,277964,SPECTRUM GROUP SERVICES LIMITED,PS Acquired Community Services,1242.36,Purchased Care,Third Party Supplier,STANDARD,5771,JAAA-Directorate of Social Care and Health Services
RBC Legal Entity,05/05/2022,4676906,277964,SPECTRUM GROUP SERVICES LIMITED,Mental Health Community Services,1163.48,Purchased Care,Third Party Supplier,STANDARD,5731,JAAA-Directorate of Social Care and Health Services
RBC Legal Entity,05/05/2022,4676910,277964,SPECTRUM GROUP SERVICES LIMITED,PS Acquired Community Services,552.16,Purchased Care,Third Party Supplier,STANDARD,5771,JAAA-Directorate of Social Care and Health Services
RBC Legal Entity,05/05/2022,4676911,277964,SPECTRUM GROUP SERVICES LIMITED,PS Acquired Community Services,1143.76,Purchased Care,Third Party Supplier,STANDARD,5771,JAAA-Directorate of Social Care and Health Services
RBC Legal Entity,05/05/2022,4673495,277966,IBIS STYLES READING CENTRE,Single Homelessness Grants,166.67,Preventive+SupportiveServ,Third Party Supplier,STANDARD,5860,KAAA-Directorate of Economic Growth and Neighbourhood Services
RBC Legal Entity,05/05/2022,4673495,277966,IBIS STYLES READING CENTRE,Single Homelessness Grants,326.9,Preventive+SupportiveServ,Third Party Supplier,STANDARD,5860,KAAA-Directorate of Economic Growth and Neighbourhood Services
RBC Legal Entity,05/05/2022,4673495,277966,IBIS STYLES READING CENTRE,Single Homelessness Grants,1307.72,Preventive+SupportiveServ,Third Party Supplier,STANDARD,5860,KAAA-Directorate of Economic Growth and Neighbourhood Services
RBC Legal Entity,05/05/2022,4674328,277966,IBIS STYLES READING CENTRE,Single Homelessness Grants,113.33,Preventive+SupportiveServ,Third Party Supplier,STANDARD,5860,KAAA-Directorate of Economic Growth and Neighbourhood Services
RBC Legal Entity,05/05/2022,4674328,277966,IBIS STYLES READING CENTRE,Single Homelessness Grants,163.45,Preventive+SupportiveServ,Third Party Supplier,STANDARD,5860,KAAA-Directorate of Economic Growth and Neighbourhood Services
RBC Legal Entity,05/05/2022,4674328,277966,IBIS STYLES READING CENTRE,Single Homelessness Grants,653.86,Preventive+SupportiveServ,Third Party Supplier,STANDARD,5860,KAAA-Directorate of Economic Growth and Neighbourhood Services
RBC Legal Entity,05/05/2022,4676757,277967,BERKSHIRE ROOMS,Bed and Breakfast,665,Rents,Third Party Supplier,STANDARD,5871,KAAA-Directorate of Economic Growth and Neighbourhood Services
RBC Legal Entity,05/05/2022,4676759,277967,BERKSHIRE ROOMS,Bed and Breakfast,133,Rents,Third Party Supplier,STANDARD,5871,KAAA-Directorate of Economic Growth and Neighbourhood Services
RBC Legal Entity,05/05/2022,4676759,277967,BERKSHIRE ROOMS,Bed and Breakfast,532,Rents,Third Party Supplier,STANDARD,5871,KAAA-Directorate of Economic Growth and Neighbourhood Services
RBC Legal Entity,05/05/2022,4676760,277967,BERKSHIRE ROOMS,Bed and Breakfast,770,Rents,Third Party Supplier,STANDARD,5871,KAAA-Directorate of Economic Growth and Neighbourhood Services
RBC Legal Entity,05/05/2022,4676761,277967,BERKSHIRE ROOMS,Bed and Breakfast,133,Rents,Third Party Supplier,STANDARD,5871,KAAA-Directorate of Economic Growth and Neighbourhood Services
RBC Legal Entity,05/05/2022,4676761,277967,BERKSHIRE ROOMS,Bed and Breakfast,532,Rents,Third Party Supplier,STANDARD,5871,KAAA-Directorate of Economic Growth and Neighbourhood Services
RBC Legal Entity,05/05/2022,4676762,277967,BERKSHIRE ROOMS,Bed and Breakfast,133,Rents,Third Party Supplier,STANDARD,5871,KAAA-Directorate of Economic Growth and Neighbourhood Services
RBC Legal Entity,05/05/2022,4676762,277967,BERKSHIRE ROOMS,Bed and Breakfast,532,Rents,Third Party Supplier,STANDARD,5871,KAAA-Directorate of Economic Growth and Neighbourhood Services
RBC Legal Entity,05/05/2022,4676763,277967,BERKSHIRE ROOMS,Bed and Breakfast,-816,Rents,Third Party Supplier,CREDIT,5871,KAAA-Directorate of Economic Growth and Neighbourhood Services
RBC Legal Entity,05/05/2022,4676763,277967,BERKSHIRE ROOMS,Bed and Breakfast,-204,Rents,Third Party Supplier,CREDIT,5871,KAAA-Directorate of Economic Growth and Neighbourhood Services
RBC Legal Entity,05/05/2022,4676764,277967,BERKSHIRE ROOMS,Bed and Breakfast,595,Rents,Third Party Supplier,STANDARD,5871,KAAA-Directorate of Economic Growth and Neighbourhood Services
RBC Legal Entity,05/05/2022,4676765,277967,BERKSHIRE ROOMS,Bed and Breakfast,133,Rents,Third Party Supplier,STANDARD,5871,KAAA-Directorate of Economic Growth and Neighbourhood Services
RBC Legal Entity,05/05/2022,4676765,277967,BERKSHIRE ROOMS,Bed and Breakfast,532,Rents,Third Party Supplier,STANDARD,5871,KAAA-Directorate of Economic Growth and Neighbourhood Services
RBC Legal Entity,05/05/2022,4676766,277967,BERKSHIRE ROOMS,Bed and Breakfast,600,Rents,Third Party Supplier,STANDARD,5871,KAAA-Directorate of Economic Growth and Neighbourhood Services
RBC Legal Entity,05/05/2022,4676767,277967,BERKSHIRE ROOMS,Bed and Breakfast,600,Rents,Third Party Supplier,STANDARD,5871,KAAA-Directorate of Economic Growth and Neighbourhood Services
RBC Legal Entity,05/05/2022,4676768,277967,BERKSHIRE ROOMS,Bed and Breakfast,665,Rents,Third Party Supplier,STANDARD,5871,KAAA-Directorate of Economic Growth and Neighbourhood Services
RBC Legal Entity,05/05/2022,4676769,277967,BERKSHIRE ROOMS,Bed and Breakfast,168,Rents,Third Party Supplier,STANDARD,5871,KAAA-Directorate of Economic Growth and Neighbourhood Services
RBC Legal Entity,05/05/2022,4676769,277967,BERKSHIRE ROOMS,Bed and Breakfast,672,Rents,Third Party Supplier,STANDARD,5871,KAAA-Directorate of Economic Growth and Neighbourhood Services
RBC Legal Entity,05/05/2022,4676770,277967,BERKSHIRE ROOMS,Bed and Breakfast,665,Rents,Third Party Supplier,STANDARD,5871,KAAA-Directorate of Economic Growth and Neighbourhood Services
RBC Legal Entity,05/05/2022,4676771,277967,BERKSHIRE ROOMS,Bed and Breakfast,875,Rents,Third Party Supplier,STANDARD,5871,KAAA-Directorate of Economic Growth and Neighbourhood Services
RBC Legal Entity,05/05/2022,4676772,277967,BERKSHIRE ROOMS,Bed and Breakfast,770,Rents,Third Party Supplier,STANDARD,5871,KAAA-Directorate of Economic Growth and Neighbourhood Services
RBC Legal Entity,05/05/2022,4676773,277967,BERKSHIRE ROOMS,Bed and Breakfast,595,Rents,Third Party Supplier,STANDARD,5871,KAAA-Directorate of Economic Growth and Neighbourhood Services
RBC Legal Entity,05/05/2022,4676774,277967,BERKSHIRE ROOMS,Bed and Breakfast,133,Rents,Third Party Supplier,STANDARD,5871,KAAA-Directorate of Economic Growth and Neighbourhood Services
RBC Legal Entity,05/05/2022,4676774,277967,BERKSHIRE ROOMS,Bed and Breakfast,532,Rents,Third Party Supplier,STANDARD,5871,KAAA-Directorate of Economic Growth and Neighbourhood Services
RBC Legal Entity,05/05/2022,4676775,277967,BERKSHIRE ROOMS,Bed and Breakfast,133,Rents,Third Party Supplier,STANDARD,5871,KAAA-Directorate of Economic Growth and Neighbourhood Services
RBC Legal Entity,05/05/2022,4676775,277967,BERKSHIRE ROOMS,Bed and Breakfast,532,Rents,Third Party Supplier,STANDARD,5871,KAAA-Directorate of Economic Growth and Neighbourhood Services
RBC Legal Entity,05/05/2022,4676777,277967,BERKSHIRE ROOMS,Bed and Breakfast,1080,Rents,Third Party Supplier,STANDARD,5871,KAAA-Directorate of Economic Growth and Neighbourhood Services
RBC Legal Entity,05/05/2022,4676778,277967,BERKSHIRE ROOMS,Bed and Breakfast,840,Rents,Third Party Supplier,STANDARD,5871,KAAA-Directorate of Economic Growth and Neighbourhood Services
RBC Legal Entity,05/05/2022,4676781,277967,BERKSHIRE ROOMS,Bed and Breakfast,245,Rents,Third Party Supplier,STANDARD,5871,KAAA-Directorate of Economic Growth and Neighbourhood Services
RBC Legal Entity,05/05/2022,4676781,277967,BERKSHIRE ROOMS,Bed and Breakfast,980,Rents,Third Party Supplier,STANDARD,5871,KAAA-Directorate of Economic Growth and Neighbourhood Services
RBC Legal Entity,05/05/2022,4676782,277967,BERKSHIRE ROOMS,Bed and Breakfast,238,Rents,Third Party Supplier,STANDARD,5871,KAAA-Directorate of Economic Growth and Neighbourhood Services
RBC Legal Entity,05/05/2022,4676782,277967,BERKSHIRE ROOMS,Bed and Breakfast,952,Rents,Third Party Supplier,STANDARD,5871,KAAA-Directorate of Economic Growth and Neighbourhood Services
RBC Legal Entity,05/05/2022,4676783,277967,BERKSHIRE ROOMS,Bed and Breakfast,182,Rents,Third Party Supplier,STANDARD,5871,KAAA-Directorate of Economic Growth and Neighbourhood Services
RBC Legal Entity,05/05/2022,4676783,277967,BERKSHIRE ROOMS,Bed and Breakfast,728,Rents,Third Party Supplier,STANDARD,5871,KAAA-Directorate of Economic Growth and Neighbourhood Services
RBC Legal Entity,05/05/2022,4676784,277967,BERKSHIRE ROOMS,Bed and Breakfast,182,Rents,Third Party Supplier,STANDARD,5871,KAAA-Directorate of Economic Growth and Neighbourhood Services
RBC Legal Entity,05/05/2022,4676784,277967,BERKSHIRE ROOMS,Bed and Breakfast,728,Rents,Third Party Supplier,STANDARD,5871,KAAA-Directorate of Economic Growth and Neighbourhood Services
RBC Legal Entity,05/05/2022,4676785,277967,BERKSHIRE ROOMS,Bed and Breakfast,182,Rents,Third Party Supplier,STANDARD,5871,KAAA-Directorate of Economic Growth and Neighbourhood Services
RBC Legal Entity,05/05/2022,4676785,277967,BERKSHIRE ROOMS,Bed and Breakfast,728,Rents,Third Party Supplier,STANDARD,5871,KAAA-Directorate of Economic Growth and Neighbourhood Services
RBC Legal Entity,05/05/2022,4676786,277967,BERKSHIRE ROOMS,Bed and Breakfast,168,Rents,Third Party Supplier,STANDARD,5871,KAAA-Directorate of Economic Growth and Neighbourhood Services
RBC Legal Entity,05/05/2022,4676786,277967,BERKSHIRE ROOMS,Bed and Breakfast,672,Rents,Third Party Supplier,STANDARD,5871,KAAA-Directorate of Economic Growth and Neighbourhood Services
RBC Legal Entity,05/05/2022,4676787,277967,BERKSHIRE ROOMS,Bed and Breakfast,168,Rents,Third Party Supplier,STANDARD,5871,KAAA-Directorate of Economic Growth and Neighbourhood Services
RBC Legal Entity,05/05/2022,4676787,277967,BERKSHIRE ROOMS,Bed and Breakfast,672,Rents,Third Party Supplier,STANDARD,5871,KAAA-Directorate of Economic Growth and Neighbourhood Services
RBC Legal Entity,05/05/2022,4676788,277967,BERKSHIRE ROOMS,Bed and Breakfast,154,Rents,Third Party Supplier,STANDARD,5871,KAAA-Directorate of Economic Growth and Neighbourhood Services
RBC Legal Entity,05/05/2022,4676788,277967,BERKSHIRE ROOMS,Bed and Breakfast,616,Rents,Third Party Supplier,STANDARD,5871,KAAA-Directorate of Economic Growth and Neighbourhood Services
RBC Legal Entity,05/05/2022,4676789,277967,BERKSHIRE ROOMS,Bed and Breakfast,133,Rents,Third Party Supplier,STANDARD,5871,KAAA-Directorate of Economic Growth and Neighbourhood Services
RBC Legal Entity,05/05/2022,4676789,277967,BERKSHIRE ROOMS,Bed and Breakfast,532,Rents,Third Party Supplier,STANDARD,5871,KAAA-Directorate of Economic Growth and Neighbourhood Services
RBC Legal Entity,05/05/2022,4676790,277967,BERKSHIRE ROOMS,Bed and Breakfast,245,Rents,Third Party Supplier,STANDARD,5871,KAAA-Directorate of Economic Growth and Neighbourhood Services
RBC Legal Entity,05/05/2022,4676790,277967,BERKSHIRE ROOMS,Bed and Breakfast,980,Rents,Third Party Supplier,STANDARD,5871,KAAA-Directorate of Economic Growth and Neighbourhood Services
RBC Legal Entity,05/05/2022,4676791,277967,BERKSHIRE ROOMS,Bed and Breakfast,196,Rents,Third Party Supplier,STANDARD,5871,KAAA-Directorate of Economic Growth and Neighbourhood Services
RBC Legal Entity,05/05/2022,4676791,277967,BERKSHIRE ROOMS,Bed and Breakfast,784,Rents,Third Party Supplier,STANDARD,5871,KAAA-Directorate of Economic Growth and Neighbourhood Services
RBC Legal Entity,05/05/2022,4676793,277967,BERKSHIRE ROOMS,Bed and Breakfast,182,Rents,Third Party Supplier,STANDARD,5871,KAAA-Directorate of Economic Growth and Neighbourhood Services
RBC Legal Entity,05/05/2022,4676793,277967,BERKSHIRE ROOMS,Bed and Breakfast,728,Rents,Third Party Supplier,STANDARD,5871,KAAA-Directorate of Economic Growth and Neighbourhood Services
RBC Legal Entity,05/05/2022,4676794,277967,BERKSHIRE ROOMS,Bed and Breakfast,182,Rents,Third Party Supplier,STANDARD,5871,KAAA-Directorate of Economic Growth and Neighbourhood Services
RBC Legal Entity,05/05/2022,4676794,277967,BERKSHIRE ROOMS,Bed and Breakfast,728,Rents,Third Party Supplier,STANDARD,5871,KAAA-Directorate of Economic Growth and Neighbourhood Services
RBC Legal Entity,05/05/2022,4677174,277967,BERKSHIRE ROOMS,Bed and Breakfast,168,Rents,Third Party Supplier,STANDARD,5871,KAAA-Directorate of Economic Growth and Neighbourhood Services
RBC Legal Entity,05/05/2022,4677174,277967,BERKSHIRE ROOMS,Bed and Breakfast,672,Rents,Third Party Supplier,STANDARD,5871,KAAA-Directorate of Economic Growth and Neighbourhood Services
RBC Legal Entity,05/05/2022,4677175,277967,BERKSHIRE ROOMS,Bed and Breakfast,168,Rents,Third Party Supplier,STANDARD,5871,KAAA-Directorate of Economic Growth and Neighbourhood Services
RBC Legal Entity,05/05/2022,4677175,277967,BERKSHIRE ROOMS,Bed and Breakfast,672,Rents,Third Party Supplier,STANDARD,5871,KAAA-Directorate of Economic Growth and Neighbourhood Services
RBC Legal Entity,05/05/2022,4677176,277967,BERKSHIRE ROOMS,Bed and Breakfast,168,Rents,Third Party Supplier,STANDARD,5871,KAAA-Directorate of Economic Growth and Neighbourhood Services
RBC Legal Entity,05/05/2022,4677176,277967,BERKSHIRE ROOMS,Bed and Breakfast,672,Rents,Third Party Supplier,STANDARD,5871,KAAA-Directorate of Economic Growth and Neighbourhood Services
RBC Legal Entity,05/05/2022,4677177,277967,BERKSHIRE ROOMS,Bed and Breakfast,154,Rents,Third Party Supplier,STANDARD,5871,KAAA-Directorate of Economic Growth and Neighbourhood Services
RBC Legal Entity,05/05/2022,4677177,277967,BERKSHIRE ROOMS,Bed and Breakfast,616,Rents,Third Party Supplier,STANDARD,5871,KAAA-Directorate of Economic Growth and Neighbourhood Services
RBC Legal Entity,05/05/2022,4677178,277967,BERKSHIRE ROOMS,Bed and Breakfast,133,Rents,Third Party Supplier,STANDARD,5871,KAAA-Directorate of Economic Growth and Neighbourhood Services
RBC Legal Entity,05/05/2022,4677178,277967,BERKSHIRE ROOMS,Bed and Breakfast,532,Rents,Third Party Supplier,STANDARD,5871,KAAA-Directorate of Economic Growth and Neighbourhood Services
RBC Legal Entity,05/05/2022,4677179,277967,BERKSHIRE ROOMS,Bed and Breakfast,133,Rents,Third Party Supplier,STANDARD,5871,KAAA-Directorate of Economic Growth and Neighbourhood Services
RBC Legal Entity,05/05/2022,4677179,277967,BERKSHIRE ROOMS,Bed and Breakfast,532,Rents,Third Party Supplier,STANDARD,5871,KAAA-Directorate of Economic Growth and Neighbourhood Services
RBC Legal Entity,05/05/2022,4677180,277967,BERKSHIRE ROOMS,Bed and Breakfast,170,Rents,Third Party Supplier,STANDARD,5871,KAAA-Directorate of Economic Growth and Neighbourhood Services
RBC Legal Entity,05/05/2022,4677180,277967,BERKSHIRE ROOMS,Bed and Breakfast,204,Rents,Third Party Supplier,STANDARD,5871,KAAA-Directorate of Economic Growth and Neighbourhood Services
RBC Legal Entity,05/05/2022,4677180,277967,BERKSHIRE ROOMS,Bed and Breakfast,816,Rents,Third Party Supplier,STANDARD,5871,KAAA-Directorate of Economic Growth and Neighbourhood Services
RBC Legal Entity,05/05/2022,4676913,277968,ENRICHED CARE SUPPORT SERVICES LTD,Mental Health Community Services,1840,Purchased Care,Third Party Supplier,STANDARD,5731,JAAA-Directorate of Social Care and Health Services
RBC Legal Entity,05/05/2022,4676914,277968,ENRICHED CARE SUPPORT SERVICES LTD,Mental Health Community Services,3600,Purchased Care,Third Party Supplier,STANDARD,5731,JAAA-Directorate of Social Care and Health Services
RBC Legal Entity,05/05/2022,4676915,277968,ENRICHED CARE SUPPORT SERVICES LTD,Mental Health Community Services,4960,Purchased Care,Third Party Supplier,STANDARD,5731,JAAA-Directorate of Social Care and Health Services
RBC Legal Entity,05/05/2022,4676916,277968,ENRICHED CARE SUPPORT SERVICES LTD,LD Community Services,14840,Purchased Care,Third Party Supplier,STANDARD,5741,JAAA-Directorate of Social Care and Health Services
RBC Legal Entity,05/05/2022,4677084,277968,ENRICHED CARE SUPPORT SERVICES LTD,Mental Health Community Services,2400,Purchased Care,Third Party Supplier,STANDARD,5731,JAAA-Directorate of Social Care and Health Services
RBC Legal Entity,05/05/2022,4677085,277968,ENRICHED CARE SUPPORT SERVICES LTD,Mental Health Community Services,9205.2,Purchased Care,Third Party Supplier,STANDARD,5731,JAAA-Directorate of Social Care and Health Services
RBC Legal Entity,05/05/2022,4676673,277969,MARSH AND JLT SPECIALTY,Sundry Properties,18207.25,Property Insurance,Third Party Supplier,STANDARD,2125,KAAA-Directorate of Economic Growth and Neighbourhood Services
RBC Legal Entity,05/05/2022,4676674,277969,MARSH AND JLT SPECIALTY,Sundry Properties,5444.25,Property Insurance,Third Party Supplier,STANDARD,2125,KAAA-Directorate of Economic Growth and Neighbourhood Services
RBC Legal Entity,05/05/2022,4673423,277970,THE MODERN FAMILY LAW COMPANY,JLT Disbursements,2717,Misc. Legal Expenses,Third Party Supplier,STANDARD,2407,LAAA-Directorate of Resources
RBC Legal Entity,05/05/2022,4676691,277971,PURCELL ARCHITECTURE LTD,HSHAZ programme,1347,Professional Fees,Third Party Supplier,STANDARD,1316,KAAA-Directorate of Economic Growth and Neighbourhood Services
RBC Legal Entity,05/05/2022,4676703,277971,PURCELL ARCHITECTURE LTD,HSHAZ programme,800,Consultancy Fees,Third Party Supplier,STANDARD,1316,KAAA-Directorate of Economic Growth and Neighbourhood Services
RBC Legal Entity,05/05/2022,4673363,277972,SOLUTIONS 4 HEALTH LTD,Berkshire West Public Health Hub,8333,Payments to Operators,Third Party Supplier,STANDARD,2002,JAAA-Directorate of Social Care and Health Services
RBC Legal Entity,05/05/2022,4673363,277972,SOLUTIONS 4 HEALTH LTD,Berkshire West Public Health Hub,8333,Payments to Operators,Third Party Supplier,STANDARD,2002,JAAA-Directorate of Social Care and Health Services
RBC Legal Entity,05/05/2022,4673363,277972,SOLUTIONS 4 HEALTH LTD,Berkshire West Public Health Hub,8334,Payments to Operators,Third Party Supplier,STANDARD,2002,JAAA-Directorate of Social Care and Health Services
RBC Legal Entity,05/05/2022,4676690,277973,THE BUILT HERITAGE CONSULTANCY LTD,HSHAZ programme,7500,Consultancy Fees,Third Party Supplier,STANDARD,1316,KAAA-Directorate of Economic Growth and Neighbourhood Services
RBC Legal Entity,05/05/2022,4676696,277973,THE BUILT HERITAGE CONSULTANCY LTD,HSHAZ programme,2970,Consultancy Fees,Third Party Supplier,STANDARD,1316,KAAA-Directorate of Economic Growth and Neighbourhood Services
RBC Legal Entity,05/05/2022,4676702,277974,MILESTONE INFRASTRUCTURE LTD,HSHAZ programme,21000,Materials Direct,SUB-CONTRACTOR,STANDARD,1316,KAAA-Directorate of Economic Growth and Neighbourhood Services
RBC Legal Entity,05/05/2022,4676735,277975,SJP PROJECTS LTD,Parking & Enforcement,1430,Responsive Repairs,SUB-CONTRACTOR,STANDARD,4725,KAAA-Directorate of Economic Growth and Neighbourhood Services
RBC Legal Entity,05/05/2022,4677185,277975,SJP PROJECTS LTD,Parking & Enforcement,300,Building Maintenance,SUB-CONTRACTOR,STANDARD,4725,KAAA-Directorate of Economic Growth and Neighbourhood Services
RBC Legal Entity,05/05/2022,4677185,277975,SJP PROJECTS LTD,Parking & Enforcement,2900,Building Maintenance,SUB-CONTRACTOR,STANDARD,4725,KAAA-Directorate of Economic Growth and Neighbourhood Services
RBC Legal Entity,05/05/2022,4676647,277977,FERIA LTD T/A FERIA URBANISM,HSHAZ programme,13280,Professional Fees,Third Party Supplier,STANDARD,1316,KAAA-Directorate of Economic Growth and Neighbourhood Services
RBC Legal Entity,05/05/2022,4676649,277977,FERIA LTD T/A FERIA URBANISM,HSHAZ programme,14940,Professional Fees,Third Party Supplier,STANDARD,1316,KAAA-Directorate of Economic Growth and Neighbourhood Services
RBC Legal Entity,05/05/2022,4676704,277978,ROYAL INSTITUTE OF BRITISH ARCHITECTS,HSHAZ programme,700,Training & Development Costs,Third Party Supplier,STANDARD,1316,KAAA-Directorate of Economic Growth and Neighbourhood Services
RBC Legal Entity,05/05/2022,4672258,277981,AMBLEGLOW,Valuation,50,Staff Advertising,Third Party Supplier,STANDARD,2100,KAAA-Directorate of Economic Growth and Neighbourhood Services
RBC Legal Entity,05/05/2022,4672258,277981,AMBLEGLOW,Valuation,946,Staff Advertising,Third Party Supplier,STANDARD,2100,KAAA-Directorate of Economic Growth and Neighbourhood Services
RBC Legal Entity,05/05/2022,4672258,277981,AMBLEGLOW,Valuation,1534,Staff Advertising,Third Party Supplier,STANDARD,2100,KAAA-Directorate of Economic Growth and Neighbourhood Services
RBC Legal Entity,05/05/2022,4648746,277984,GRUNDON WASTE MANAGEMENT LIMITED,Refuse Collection,6434.31,TPP to Others,SUPPLIER,STANDARD,4561,KAAA-Directorate of Economic Growth and Neighbourhood Services
RBC Legal Entity,05/05/2022,4670101,277984,GRUNDON WASTE MANAGEMENT LIMITED,Waste Transfer Station,1643,Payment to Grundon,SUPPLIER,STANDARD,4192,KAAA-Directorate of Economic Growth and Neighbourhood Services
RBC Legal Entity,05/05/2022,4673271,277984,GRUNDON WASTE MANAGEMENT LIMITED,Refuse Collection,-5199.88,TPP to Others,SUPPLIER,CREDIT,4561,KAAA-Directorate of Economic Growth and Neighbourhood Services
RBC Legal Entity,05/05/2022,4676654,277984,GRUNDON WASTE MANAGEMENT LIMITED,Refuse Collection,550,TPP to Others,SUPPLIER,STANDARD,4561,KAAA-Directorate of Economic Growth and Neighbourhood Services
RBC Legal Entity,05/05/2022,4676880,277985,RADIS COMMUNITY CARE,Mental Health Community Services,504.43,Purchased Care,Third Party Supplier,STANDARD,5731,JAAA-Directorate of Social Care and Health Services
RBC Legal Entity,05/05/2022,4676881,277985,RADIS COMMUNITY CARE,LD Community Services,1257.66,Purchased Care,Third Party Supplier,STANDARD,5741,JAAA-Directorate of Social Care and Health Services
RBC Legal Entity,05/05/2022,4676891,277985,RADIS COMMUNITY CARE,LD Community Services,2652.84,Purchased Care,Third Party Supplier,STANDARD,5741,JAAA-Directorate of Social Care and Health Services
RBC Legal Entity,05/05/2022,4677205,277987,READING TRANSPORT LTD,Strategic Transport & Concessionary Fares,8574.39,Payments for Bus Services,Third Party Supplier,STANDARD,4726,KAAA-Directorate of Economic Growth and Neighbourhood Services
RBC Legal Entity,05/05/2022,4676739,277988,ROWVALE HOTELS LTD T/A BOW GUEST HOUSE,Bed and Breakfast,525,Rents,Third Party Supplier,STANDARD,5871,KAAA-Directorate of Economic Growth and Neighbourhood Services
RBC Legal Entity,05/05/2022,4676741,277988,ROWVALE HOTELS LTD T/A BOW GUEST HOUSE,Bed and Breakfast,525,Rents,Third Party Supplier,STANDARD,5871,KAAA-Directorate of Economic Growth and Neighbourhood Services
RBC Legal Entity,05/05/2022,4676744,277988,ROWVALE HOTELS LTD T/A BOW GUEST HOUSE,Bed and Breakfast,553,Rents,Third Party Supplier,STANDARD,5871,KAAA-Directorate of Economic Growth and Neighbourhood Services
RBC Legal Entity,05/05/2022,4676745,277988,ROWVALE HOTELS LTD T/A BOW GUEST HOUSE,Bed and Breakfast,525,Rents,Third Party Supplier,STANDARD,5871,KAAA-Directorate of Economic Growth and Neighbourhood Services
RBC Legal Entity,05/05/2022,4676746,277988,ROWVALE HOTELS LTD T/A BOW GUEST HOUSE,Bed and Breakfast,595,Rents,Third Party Supplier,STANDARD,5871,KAAA-Directorate of Economic Growth and Neighbourhood Services
RBC Legal Entity,05/05/2022,4676748,277988,ROWVALE HOTELS LTD T/A BOW GUEST HOUSE,Bed and Breakfast,525,Rents,Third Party Supplier,STANDARD,5871,KAAA-Directorate of Economic Growth and Neighbourhood Services
RBC Legal Entity,05/05/2022,4676749,277988,ROWVALE HOTELS LTD T/A BOW GUEST HOUSE,Bed and Breakfast,553,Rents,Third Party Supplier,STANDARD,5871,KAAA-Directorate of Economic Growth and Neighbourhood Services
RBC Legal Entity,05/05/2022,4676751,277988,ROWVALE HOTELS LTD T/A BOW GUEST HOUSE,Bed and Breakfast,595,Rents,Third Party Supplier,STANDARD,5871,KAAA-Directorate of Economic Growth and Neighbourhood Services
RBC Legal Entity,05/05/2022,4676752,277988,ROWVALE HOTELS LTD T/A BOW GUEST HOUSE,Bed and Breakfast,525,Rents,Third Party Supplier,STANDARD,5871,KAAA-Directorate of Economic Growth and Neighbourhood Services
RBC Legal Entity,05/05/2022,4676754,277988,ROWVALE HOTELS LTD T/A BOW GUEST HOUSE,Bed and Breakfast,595,Rents,Third Party Supplier,STANDARD,5871,KAAA-Directorate of Economic Growth and Neighbourhood Services
RBC Legal Entity,05/05/2022,4676755,277988,ROWVALE HOTELS LTD T/A BOW GUEST HOUSE,Bed and Breakfast,553,Rents,Third Party Supplier,STANDARD,5871,KAAA-Directorate of Economic Growth and Neighbourhood Services
RBC Legal Entity,05/05/2022,4676879,277988,ROWVALE HOTELS LTD T/A BOW GUEST HOUSE,Social Support,525,Bed + Breakfast/Emergency Acco,Third Party Supplier,STANDARD,5790,JAAA-Directorate of Social Care and Health Services
RBC Legal Entity,05/05/2022,4676422,277989,OXFORD CITY COUNCIL,Legal Services,2250,Misc. Legal Expenses,SUPPLIER,STANDARD,2400,LAAA-Directorate of Resources
RBC Legal Entity,06/05/2022,4677190,277993,RIDGE & PARTNERS,HRA portfolio expansion,4500,External Fees  Misc.,SUPPLIER,STANDARD,8518,ZZZC-Capital
RBC Legal Entity,06/05/2022,4677193,277993,RIDGE & PARTNERS,HRA portfolio expansion,2500,External Fees  Misc.,SUPPLIER,STANDARD,8518,ZZZC-Capital
RBC Legal Entity,06/05/2022,4677347,277993,RIDGE & PARTNERS,HRA portfolio expansion,2089,External Fees  Misc.,SUPPLIER,STANDARD,8518,ZZZC-Capital
RBC Legal Entity,06/05/2022,4670465,277997,THE AUTOMOBILE ASSOCIATION,Fleet Management,5795.76,Subscriptions,SUPPLIER,STANDARD,4552,KAAA-Directorate of Economic Growth and Neighbourhood Services
RBC Legal Entity,06/05/2022,4670408,277998,POST OFFICE LTD,Corporate Miscellaneous,636.41,GrantsVolunt.Organ.,SUPPLIER,STANDARD,2855,MAAA-Corporate Codes
RBC Legal Entity,06/05/2022,4673438,277999,EVERYCARE READING,Charles Clore Court,2367.07,Agency Staff,SUPPLIER,STANDARD,5157,JAAA-Directorate of Social Care and Health Services
RBC Legal Entity,06/05/2022,4654550,278000,VIRGIN MEDIA BUSINESS LIMITED,IT Management,24794.32,"Internet Connections, etc",UTILITY,STANDARD,2300,EAAA-Chief Executive
RBC Legal Entity,06/05/2022,4656538,278000,VIRGIN MEDIA BUSINESS LIMITED,IT Management,351.44,"Internet Connections, etc",UTILITY,STANDARD,2300,EAAA-Chief Executive
RBC Legal Entity,06/05/2022,4656538,278000,VIRGIN MEDIA BUSINESS LIMITED,IT Management,24811.46,"Internet Connections, etc",UTILITY,STANDARD,2300,EAAA-Chief Executive
RBC Legal Entity,06/05/2022,4670095,278000,VIRGIN MEDIA BUSINESS LIMITED,IT Management,210.05,"Internet Connections, etc",UTILITY,STANDARD,2300,EAAA-Chief Executive
RBC Legal Entity,06/05/2022,4670095,278000,VIRGIN MEDIA BUSINESS LIMITED,IT Management,24812.87,"Internet Connections, etc",UTILITY,STANDARD,2300,EAAA-Chief Executive
RBC Legal Entity,06/05/2022,4673368,278001,READING UK CIC,Reading UK CIC,13044.92,TPP to Others,Third Party Supplier,STANDARD,2052,LAAA-Directorate of Resources
RBC Legal Entity,06/05/2022,4673368,278001,READING UK CIC,Reading UK CIC,73048.61,TPP to Others,Third Party Supplier,STANDARD,2052,LAAA-Directorate of Resources
RBC Legal Entity,06/05/2022,4673368,278001,READING UK CIC,Reading UK CIC,78181,TPP to Others,Third Party Supplier,STANDARD,2052,LAAA-Directorate of Resources
RBC Legal Entity,06/05/2022,4673371,278001,READING UK CIC,Strategic Transport & Concessionary Fares,15906.5,TPP to Others,Third Party Supplier,STANDARD,4726,KAAA-Directorate of Economic Growth and Neighbourhood Services
RBC Legal Entity,06/05/2022,4672257,278002,S H JONES & COMPANY LTD,Hexagon Catering,1254.36,Purchases - Stock Provisions,SUPPLIER,STANDARD,1241,KAAA-Directorate of Economic Growth and Neighbourhood Services
RBC Legal Entity,06/05/2022,4673454,278005,CROWN LODGE GUEST HOUSE,Single Homelessness Grants,623,Preventive+SupportiveServ,Third Party Supplier,STANDARD,5860,KAAA-Directorate of Economic Growth and Neighbourhood Services
RBC Legal Entity,06/05/2022,4675835,278005,CROWN LODGE GUEST HOUSE,Single Homelessness Grants,623,Preventive+SupportiveServ,Third Party Supplier,STANDARD,5860,KAAA-Directorate of Economic Growth and Neighbourhood Services
RBC Legal Entity,06/05/2022,4676706,278006,MR NICHOLAS GOODWIN,JLT Disbursements,12900,Misc. Legal Expenses,SUPPLIER,STANDARD,2407,LAAA-Directorate of Resources
RBC Legal Entity,06/05/2022,4672578,278009,KRP CONSULTING ENGINEERS LTD,Grounds Maintenance,900,TPP to Others,SUPPLIER,STANDARD,1306,KAAA-Directorate of Economic Growth and Neighbourhood Services
RBC Legal Entity,06/05/2022,4674329,278010,BOSLEY BUILDERS,DLO Day to Day Trades,6115.58,Subcontractors Labour,SUB-CONTRACTOR,STANDARD,4010,KAAA-Directorate of Economic Growth and Neighbourhood Services
RBC Legal Entity,06/05/2022,4674369,278010,BOSLEY BUILDERS,DLO Wokingham Trades,11392.32,Subcontractors Labour,SUB-CONTRACTOR,STANDARD,4050,KAAA-Directorate of Economic Growth and Neighbourhood Services
RBC Legal Entity,06/05/2022,4674422,278010,BOSLEY BUILDERS,DLO Voids Trades,1068.66,Subcontractors Labour,SUB-CONTRACTOR,STANDARD,4020,KAAA-Directorate of Economic Growth and Neighbourhood Services
RBC Legal Entity,06/05/2022,4670418,278011,INSIGHT MEDIA INTERNET LTD,Town Hall Operations,4059.12,"Internet Connections, etc",Third Party Supplier,STANDARD,1210,KAAA-Directorate of Economic Growth and Neighbourhood Services
RBC Legal Entity,06/05/2022,4674511,278015,HOBART UK,Corporate Maintenance Services,532.66,TPP  Contract,SUPPLIER,STANDARD,4080,KAAA-Directorate of Economic Growth and Neighbourhood Services
RBC Legal Entity,06/05/2022,4673418,278017,IMAGE BOX DESIGN LTD,New Directions,5112,Publicity & Media Work,Third Party Supplier,STANDARD,3340,KAAA-Directorate of Economic Growth and Neighbourhood Services
RBC Legal Entity,06/05/2022,4670422,278019,DENNIS EAGLE LTD,Fleet Management,1246.88,Unfair Wear + Tear Costs,SUPPLIER,STANDARD,4552,KAAA-Directorate of Economic Growth and Neighbourhood Services
RBC Legal Entity,06/05/2022,4672549,278019,DENNIS EAGLE LTD,Fleet Management,1198.46,Unfair Wear + Tear Costs,SUPPLIER,STANDARD,4552,KAAA-Directorate of Economic Growth and Neighbourhood Services
RBC Legal Entity,06/05/2022,4670483,278020,PILON LTD,Repairs,4149.88,Electrical Checks,SUB-CONTRACTOR,STANDARD,5970,HAAA-Housing Revenue Account
RBC Legal Entity,06/05/2022,4670484,278020,PILON LTD,Repairs,568.33,Fire Protection,SUB-CONTRACTOR,STANDARD,5970,HAAA-Housing Revenue Account
RBC Legal Entity,06/05/2022,4670485,278020,PILON LTD,Repairs,17555.26,Fire Protection,SUB-CONTRACTOR,STANDARD,5970,HAAA-Housing Revenue Account
RBC Legal Entity,06/05/2022,4670477,278022,AGILISYS LIMITED,IT Management,95249.5,TPP  Contract,Third Party Supplier,STANDARD,2300,EAAA-Chief Executive
RBC Legal Entity,06/05/2022,4673291,278023,TULLY FORENSIC PSYCHOLOGY LTD,JLT Disbursements,1154.4,Misc. Legal Expenses,Third Party Supplier,STANDARD,2407,LAAA-Directorate of Resources
RBC Legal Entity,06/05/2022,4672395,278024,STEEL SOCIAL WORK LTD,JLT Disbursements,3713,Misc. Legal Expenses,Third Party Supplier,STANDARD,2407,LAAA-Directorate of Resources
RBC Legal Entity,06/05/2022,4655893,278025,SOCIAL STATION - PLATFORMS FOR CHANGE LTD,Transformation,1600,Consultancy Fees,Third Party Supplier,STANDARD,5289,JAAA-Directorate of Social Care and Health Services
RBC Legal Entity,06/05/2022,4665626,278025,SOCIAL STATION - PLATFORMS FOR CHANGE LTD,Transformation,1600,Consultancy Fees,Third Party Supplier,STANDARD,5289,JAAA-Directorate of Social Care and Health Services
RBC Legal Entity,06/05/2022,4673378,278026,F M CONWAY LTD,Highways,618.7,Materials Direct,SUB-CONTRACTOR,STANDARD,4252,KAAA-Directorate of Economic Growth and Neighbourhood Services
RBC Legal Entity,06/05/2022,4673381,278026,F M CONWAY LTD,Highways,866.18,Materials Direct,SUB-CONTRACTOR,STANDARD,4252,KAAA-Directorate of Economic Growth and Neighbourhood Services
RBC Legal Entity,06/05/2022,4676351,278027,MODUS CONSTRUCTION LTD,Corporate Maintenance Services,336.55,Leasing Costs,SUB-CONTRACTOR,STANDARD,4080,KAAA-Directorate of Economic Growth and Neighbourhood Services
RBC Legal Entity,06/05/2022,4676351,278027,MODUS CONSTRUCTION LTD,Corporate Maintenance Services,569.82,TPP  Contract,SUB-CONTRACTOR,STANDARD,4080,KAAA-Directorate of Economic Growth and Neighbourhood Services
RBC Legal Entity,06/05/2022,4676351,278027,MODUS CONSTRUCTION LTD,Corporate Maintenance Services,973.63,NNDR Pool,SUB-CONTRACTOR,STANDARD,4080,KAAA-Directorate of Economic Growth and Neighbourhood Services
RBC Legal Entity,06/05/2022,4669383,278028,YUNEX LTD,Traffic,711.84,TPP  Contract,SUB-CONTRACTOR,STANDARD,4703,KAAA-Directorate of Economic Growth and Neighbourhood Services
RBC Legal Entity,06/05/2022,4669384,278028,YUNEX LTD,Traffic,1418.47,TPP  Contract,SUB-CONTRACTOR,STANDARD,4703,KAAA-Directorate of Economic Growth and Neighbourhood Services
RBC Legal Entity,06/05/2022,4676610,278030,NORTH PB LTD,IT Management,57506.25,TPP  Contract,Third Party Supplier,STANDARD,2300,EAAA-Chief Executive
RBC Legal Entity,06/05/2022,4677343,278031,ABID MAHMOOD,JLT Disbursements,4500,Misc. Legal Expenses,Third Party Supplier,STANDARD,2407,LAAA-Directorate of Resources
RBC Legal Entity,06/05/2022,4677300,280130,RUSSELL HOLLAND,JLT Disbursements,1500,Misc. Legal Expenses,INDIVIDUAL,STANDARD,2407,LAAA-Directorate of Resources
RBC Legal Entity,06/05/2022,4672337,282341,PROSIS LTD,UTMC / ITS,785,Contractors,Third Party Supplier,STANDARD,8850,ZZZC-Capital
RBC Legal Entity,09/05/2022,4665325,290476,INFORM CPI LTD ,Corporate Miscellaneous,500,Business Rates,SUPPLIER,STANDARD,2855,MAAA-Corporate Codes
RBC Legal Entity,09/05/2022,4674485,290478,WEST BERKSHIRE COUNCIL,Partnership Equipment Group,10756.85,Aids + Appliances,GOVERNMENT,STANDARD,5110,JAAA-Directorate of Social Care and Health Services
RBC Legal Entity,09/05/2022,4673448,290482,BIDVEST FOODSERVICE (BIDFOOD),Hexagon Catering,150.17,Purchases - Stock Provisions,Third Party Supplier,STANDARD,1241,KAAA-Directorate of Economic Growth and Neighbourhood Services
RBC Legal Entity,09/05/2022,4673448,290482,BIDVEST FOODSERVICE (BIDFOOD),Hexagon Catering,1491.05,Purchases - Stock Provisions,Third Party Supplier,STANDARD,1241,KAAA-Directorate of Economic Growth and Neighbourhood Services
RBC Legal Entity,09/05/2022,4670501,290483,CANFORD AUDIO PLC,Hexagon Operations,510,Equipment Purchase & Repair,SUPPLIER,STANDARD,1200,KAAA-Directorate of Economic Growth and Neighbourhood Services
RBC Legal Entity,09/05/2022,4678256,290485,ASKEWS & HOLTS LIBRARY SERVICES LTD,General Reference,22.93,Reference SO,SUPPLIER,STANDARD,1454,KAAA-Directorate of Economic Growth and Neighbourhood Services
RBC Legal Entity,09/05/2022,4678256,290485,ASKEWS & HOLTS LIBRARY SERVICES LTD,General Reference,72,Childrens Stock,SUPPLIER,STANDARD,1454,KAAA-Directorate of Economic Growth and Neighbourhood Services
RBC Legal Entity,09/05/2022,4678256,290485,ASKEWS & HOLTS LIBRARY SERVICES LTD,General Reference,202.25,Adult Non Fiction Books,SUPPLIER,STANDARD,1454,KAAA-Directorate of Economic Growth and Neighbourhood Services
RBC Legal Entity,09/05/2022,4678256,290485,ASKEWS & HOLTS LIBRARY SERVICES LTD,General Reference,451.53,Adult Fiction Books,SUPPLIER,STANDARD,1454,KAAA-Directorate of Economic Growth and Neighbourhood Services
RBC Legal Entity,09/05/2022,4678256,290485,ASKEWS & HOLTS LIBRARY SERVICES LTD,General Reference,470.39,Childrens Stock,SUPPLIER,STANDARD,1454,KAAA-Directorate of Economic Growth and Neighbourhood Services
RBC Legal Entity,09/05/2022,4678257,290485,ASKEWS & HOLTS LIBRARY SERVICES LTD,General Reference,191.47,Childrens Stock,SUPPLIER,STANDARD,1454,KAAA-Directorate of Economic Growth and Neighbourhood Services
RBC Legal Entity,09/05/2022,4678257,290485,ASKEWS & HOLTS LIBRARY SERVICES LTD,General Reference,538.2,Adult Non Fiction Books,SUPPLIER,STANDARD,1454,KAAA-Directorate of Economic Growth and Neighbourhood Services
RBC Legal Entity,09/05/2022,4678257,290485,ASKEWS & HOLTS LIBRARY SERVICES LTD,General Reference,663,Adult Fiction Books,SUPPLIER,STANDARD,1454,KAAA-Directorate of Economic Growth and Neighbourhood Services
RBC Legal Entity,09/05/2022,4678257,290485,ASKEWS & HOLTS LIBRARY SERVICES LTD,General Reference,1058.71,Childrens Stock,SUPPLIER,STANDARD,1454,KAAA-Directorate of Economic Growth and Neighbourhood Services
RBC Legal Entity,09/05/2022,4677013,290488,ABSOLUTE CARE UK LTD,PS Acquired Community Services,2484.72,Purchased Care,Third Party Supplier,STANDARD,5771,JAAA-Directorate of Social Care and Health Services
RBC Legal Entity,09/05/2022,4677014,290488,ABSOLUTE CARE UK LTD,PS Acquired Community Services,680.34,Purchased Care,Third Party Supplier,STANDARD,5771,JAAA-Directorate of Social Care and Health Services
RBC Legal Entity,09/05/2022,4677016,290488,ABSOLUTE CARE UK LTD,PS Acquired Community Services,907.12,Purchased Care,Third Party Supplier,STANDARD,5771,JAAA-Directorate of Social Care and Health Services
RBC Legal Entity,09/05/2022,4677018,290488,ABSOLUTE CARE UK LTD,PS Acquired Community Services,2760.8,Purchased Care,Third Party Supplier,STANDARD,5771,JAAA-Directorate of Social Care and Health Services
RBC Legal Entity,09/05/2022,4677021,290488,ABSOLUTE CARE UK LTD,PS Acquired Community Services,690.2,Purchased Care,Third Party Supplier,STANDARD,5771,JAAA-Directorate of Social Care and Health Services
RBC Legal Entity,09/05/2022,4677024,290488,ABSOLUTE CARE UK LTD,PS Acquired Community Services,685.27,Purchased Care,Third Party Supplier,STANDARD,5771,JAAA-Directorate of Social Care and Health Services
RBC Legal Entity,09/05/2022,4677027,290488,ABSOLUTE CARE UK LTD,PS Acquired Community Services,1331.1,Purchased Care,Third Party Supplier,STANDARD,5771,JAAA-Directorate of Social Care and Health Services
RBC Legal Entity,09/05/2022,4677029,290488,ABSOLUTE CARE UK LTD,PS Acquired Community Services,1602.25,Purchased Care,Third Party Supplier,STANDARD,5771,JAAA-Directorate of Social Care and Health Services
RBC Legal Entity,09/05/2022,4677031,290488,ABSOLUTE CARE UK LTD,PS Acquired Community Services,631.04,Purchased Care,Third Party Supplier,STANDARD,5771,JAAA-Directorate of Social Care and Health Services
RBC Legal Entity,09/05/2022,4677032,290488,ABSOLUTE CARE UK LTD,PS Acquired Community Services,1794.52,Purchased Care,Third Party Supplier,STANDARD,5771,JAAA-Directorate of Social Care and Health Services
RBC Legal Entity,09/05/2022,4677033,290488,ABSOLUTE CARE UK LTD,PS Acquired Community Services,729.64,Purchased Care,Third Party Supplier,STANDARD,5771,JAAA-Directorate of Social Care and Health Services
RBC Legal Entity,09/05/2022,4677034,290488,ABSOLUTE CARE UK LTD,PS Acquired Community Services,1380.4,Purchased Care,Third Party Supplier,STANDARD,5771,JAAA-Directorate of Social Care and Health Services
RBC Legal Entity,09/05/2022,4677035,290488,ABSOLUTE CARE UK LTD,PS Acquired Community Services,872.61,Purchased Care,Third Party Supplier,STANDARD,5771,JAAA-Directorate of Social Care and Health Services
RBC Legal Entity,09/05/2022,4677037,290488,ABSOLUTE CARE UK LTD,PS Acquired Community Services,1513.51,Purchased Care,Third Party Supplier,STANDARD,5771,JAAA-Directorate of Social Care and Health Services
RBC Legal Entity,09/05/2022,4677038,290488,ABSOLUTE CARE UK LTD,PS Acquired Community Services,1242.36,Purchased Care,Third Party Supplier,STANDARD,5771,JAAA-Directorate of Social Care and Health Services
RBC Legal Entity,09/05/2022,4677040,290488,ABSOLUTE CARE UK LTD,PS Acquired Community Services,690.2,Purchased Care,Third Party Supplier,STANDARD,5771,JAAA-Directorate of Social Care and Health Services
RBC Legal Entity,09/05/2022,4677041,290488,ABSOLUTE CARE UK LTD,PS Acquired Community Services,1459.28,Purchased Care,Third Party Supplier,STANDARD,5771,JAAA-Directorate of Social Care and Health Services
RBC Legal Entity,09/05/2022,4678248,290490,SOUTH EAST ENGLAND COUNCILS,Policy & Performance,3582.24,Subscriptions,GOVERNMENT,STANDARD,2025,LAAA-Directorate of Resources
RBC Legal Entity,09/05/2022,4670504,290491,AMBLEGLOW,Road Resurfacing,2102,Contractors,Third Party Supplier,STANDARD,8870,ZZZC-Capital
RBC Legal Entity,09/05/2022,4672195,290491,AMBLEGLOW,Planning,459,Advertising - General,Third Party Supplier,STANDARD,4700,KAAA-Directorate of Economic Growth and Neighbourhood Services
RBC Legal Entity,09/05/2022,4677432,290491,AMBLEGLOW,Traffic,622,Traffic Orders,Third Party Supplier,STANDARD,4703,KAAA-Directorate of Economic Growth and Neighbourhood Services
RBC Legal Entity,09/05/2022,4676616,290495,ROWVALE HOTELS LTD T/A BOW GUEST HOUSE,Single Homelessness Grants,623,Preventive+SupportiveServ,Third Party Supplier,STANDARD,5860,KAAA-Directorate of Economic Growth and Neighbourhood Services
RBC Legal Entity,09/05/2022,4677045,290495,ROWVALE HOTELS LTD T/A BOW GUEST HOUSE,Social Support,525,Bed + Breakfast/Emergency Acco,Third Party Supplier,STANDARD,5790,JAAA-Directorate of Social Care and Health Services
RBC Legal Entity,09/05/2022,4670496,290499,MR STEPHEN CRISPIN,JLT Disbursements,550,Misc. Legal Expenses,SUPPLIER,STANDARD,2407,LAAA-Directorate of Resources
RBC Legal Entity,09/05/2022,4672233,290500,NEIL CURTIS FUNERAL CONTRACTOR,Grounds Maintenance,570,TPP to Others,SUPPLIER,STANDARD,1306,KAAA-Directorate of Economic Growth and Neighbourhood Services
RBC Legal Entity,09/05/2022,4672293,290501,BERKSHIRE HEALTHCARE NHS TRUST,Safeguarding Adults Partnership Board,1500,Software Support,Third Party Supplier,STANDARD,5156,JAAA-Directorate of Social Care and Health Services
RBC Legal Entity,09/05/2022,4677411,290502,ALUMINIUM ACCESS PRODUCTS LTD,Hexagon Operations,846.16,Equipment Purchase & Repair,SUPPLIER,STANDARD,1200,KAAA-Directorate of Economic Growth and Neighbourhood Services
RBC Legal Entity,09/05/2022,4670453,290504,G B SPORT & LEISURE,Grounds Maintenance,1121.56,CPG Maintenance,SUPPLIER,STANDARD,1306,KAAA-Directorate of Economic Growth and Neighbourhood Services
RBC Legal Entity,09/05/2022,4673376,290505,REED,BFFC Agency Staff (Rechargeable),-9.99,Agency Staff,Third Party Supplier,CREDIT,2008,LAAA-Directorate of Resources
RBC Legal Entity,09/05/2022,4673376,290505,REED,BFFC Agency Staff (Rechargeable),-9.99,Agency Staff,Third Party Supplier,CREDIT,2008,LAAA-Directorate of Resources
RBC Legal Entity,09/05/2022,4673376,290505,REED,BFFC Agency Staff (Rechargeable),-9.25,Agency Staff,Third Party Supplier,CREDIT,2008,LAAA-Directorate of Resources
RBC Legal Entity,09/05/2022,4673376,290505,REED,ASC Short Term Team,4.05,Agency Staff,Third Party Supplier,STANDARD,5722,JAAA-Directorate of Social Care and Health Services
RBC Legal Entity,09/05/2022,4673376,290505,REED,BFFC Agency Staff (Rechargeable),4.5,Agency Staff,Third Party Supplier,STANDARD,2008,LAAA-Directorate of Resources
RBC Legal Entity,09/05/2022,4673376,290505,REED,BFFC Agency Staff (Rechargeable),6.75,Agency Staff,Third Party Supplier,STANDARD,2008,LAAA-Directorate of Resources
RBC Legal Entity,09/05/2022,4673376,290505,REED,Transformation,6.75,Agency Staff,Third Party Supplier,STANDARD,5289,JAAA-Directorate of Social Care and Health Services
RBC Legal Entity,09/05/2022,4673376,290505,REED,Mental Health Team,9.9,Agency Staff,Third Party Supplier,STANDARD,5253,JAAA-Directorate of Social Care and Health Services
RBC Legal Entity,09/05/2022,4673376,290505,REED,ASC Short Term Team,9.9,Agency Staff,Third Party Supplier,STANDARD,5722,JAAA-Directorate of Social Care and Health Services
RBC Legal Entity,09/05/2022,4673376,290505,REED,ASC Short Term Team,13.95,Agency Staff,Third Party Supplier,STANDARD,5722,JAAA-Directorate of Social Care and Health Services
RBC Legal Entity,09/05/2022,4673376,290505,REED,ASC Short Term Team,18.95,Agency Staff,Third Party Supplier,STANDARD,5722,JAAA-Directorate of Social Care and Health Services
RBC Legal Entity,09/05/2022,4673376,290505,REED,ASC Short Term Team,20.25,Agency Staff,Third Party Supplier,STANDARD,5722,JAAA-Directorate of Social Care and Health Services
RBC Legal Entity,09/05/2022,4673376,290505,REED,Mental Health Team,22.5,Agency Staff,Third Party Supplier,STANDARD,5253,JAAA-Directorate of Social Care and Health Services
RBC Legal Entity,09/05/2022,4673376,290505,REED,BFFC Agency Staff (Rechargeable),32.76,Agency Staff,Third Party Supplier,STANDARD,2008,LAAA-Directorate of Resources
RBC Legal Entity,09/05/2022,4673376,290505,REED,BFFC Agency Staff (Rechargeable),35.55,Agency Staff,Third Party Supplier,STANDARD,2008,LAAA-Directorate of Resources
RBC Legal Entity,09/05/2022,4673376,290505,REED,Transformation,37,Agency Staff,Third Party Supplier,STANDARD,5289,JAAA-Directorate of Social Care and Health Services
RBC Legal Entity,09/05/2022,4673376,290505,REED,BFFC Agency Staff (Rechargeable),110.25,Agency Staff,Third Party Supplier,STANDARD,2008,LAAA-Directorate of Resources
RBC Legal Entity,09/05/2022,4673376,290505,REED,Lord Lieutenant,224.17,Agency Staff,Third Party Supplier,STANDARD,2510,EAAA-Chief Executive
RBC Legal Entity,09/05/2022,4673376,290505,REED,Lord Lieutenant,224.17,Agency Staff,Third Party Supplier,STANDARD,2510,EAAA-Chief Executive
RBC Legal Entity,09/05/2022,4673376,290505,REED,Street Cleansing,225.79,Agency Staff,Third Party Supplier,STANDARD,4566,KAAA-Directorate of Economic Growth and Neighbourhood Services
RBC Legal Entity,09/05/2022,4673376,290505,REED,Mayor,268.89,Agency Staff,Third Party Supplier,STANDARD,2505,EAAA-Chief Executive
RBC Legal Entity,09/05/2022,4673376,290505,REED,BFFC Agency Staff (Rechargeable),324,Agency Staff,Third Party Supplier,STANDARD,2008,LAAA-Directorate of Resources
RBC Legal Entity,09/05/2022,4673376,290505,REED,Transformation,339.15,Agency Staff,Third Party Supplier,STANDARD,5289,JAAA-Directorate of Social Care and Health Services
RBC Legal Entity,09/05/2022,4673376,290505,REED,Buildings Payroll,398.11,Agency Staff,Third Party Supplier,STANDARD,3390,KAAA-Directorate of Economic Growth and Neighbourhood Services
RBC Legal Entity,09/05/2022,4673376,290505,REED,Street Cleansing,451.58,Agency Staff,Third Party Supplier,STANDARD,4566,KAAA-Directorate of Economic Growth and Neighbourhood Services
RBC Legal Entity,09/05/2022,4673376,290505,REED,Grounds Maintenance,461.79,Agency Staff,Third Party Supplier,STANDARD,1306,KAAA-Directorate of Economic Growth and Neighbourhood Services
RBC Legal Entity,09/05/2022,4673376,290505,REED,Directorate Support,502.71,Agency Staff,Third Party Supplier,STANDARD,2036,LAAA-Directorate of Resources
RBC Legal Entity,09/05/2022,4673376,290505,REED,ASC Short Term Team,511.48,Agency Staff,Third Party Supplier,STANDARD,5722,JAAA-Directorate of Social Care and Health Services
RBC Legal Entity,09/05/2022,4673376,290505,REED,Street Cleansing,542.27,Agency Staff,Third Party Supplier,STANDARD,4566,KAAA-Directorate of Economic Growth and Neighbourhood Services
RBC Legal Entity,09/05/2022,4673376,290505,REED,Street Cleansing,542.27,Agency Staff,Third Party Supplier,STANDARD,4566,KAAA-Directorate of Economic Growth and Neighbourhood Services
RBC Legal Entity,09/05/2022,4673376,290505,REED,Street Cleansing,542.27,Agency Staff,Third Party Supplier,STANDARD,4566,KAAA-Directorate of Economic Growth and Neighbourhood Services
RBC Legal Entity,09/05/2022,4673376,290505,REED,Procurement Services,557.39,Agency Staff,Third Party Supplier,STANDARD,2402,LAAA-Directorate of Resources
RBC Legal Entity,09/05/2022,4673376,290505,REED,Procurement Services,557.39,Agency Staff,Third Party Supplier,STANDARD,2402,LAAA-Directorate of Resources
RBC Legal Entity,09/05/2022,4673376,290505,REED,Street Cleansing,565.41,Agency Staff,Third Party Supplier,STANDARD,4566,KAAA-Directorate of Economic Growth and Neighbourhood Services
RBC Legal Entity,09/05/2022,4673376,290505,REED,Customer Services - Reception,572.62,Agency Staff,Third Party Supplier,STANDARD,2595,LAAA-Directorate of Resources
RBC Legal Entity,09/05/2022,4673376,290505,REED,Refuse Collection,603.94,Agency Staff,Third Party Supplier,STANDARD,4561,KAAA-Directorate of Economic Growth and Neighbourhood Services
RBC Legal Entity,09/05/2022,4673376,290505,REED,Refuse Collection,603.94,Agency Staff,Third Party Supplier,STANDARD,4561,KAAA-Directorate of Economic Growth and Neighbourhood Services
RBC Legal Entity,09/05/2022,4673376,290505,REED,Refuse Collection,612.11,Agency Staff,Third Party Supplier,STANDARD,4561,KAAA-Directorate of Economic Growth and Neighbourhood Services
RBC Legal Entity,09/05/2022,4673376,290505,REED,Refuse Collection,615.71,Agency Staff,Third Party Supplier,STANDARD,4561,KAAA-Directorate of Economic Growth and Neighbourhood Services
RBC Legal Entity,09/05/2022,4673376,290505,REED,Refuse Collection,628.93,Agency Staff,Third Party Supplier,STANDARD,4561,KAAA-Directorate of Economic Growth and Neighbourhood Services
RBC Legal Entity,09/05/2022,4673376,290505,REED,Exchequer Services,646.52,Agency Staff,Third Party Supplier,STANDARD,2210,LAAA-Directorate of Resources
RBC Legal Entity,09/05/2022,4673376,290505,REED,Refuse Collection,685.56,Agency Staff,Third Party Supplier,STANDARD,4561,KAAA-Directorate of Economic Growth and Neighbourhood Services
RBC Legal Entity,09/05/2022,4673376,290505,REED,Parking & Enforcement,696.17,Agency Staff,Third Party Supplier,STANDARD,4725,KAAA-Directorate of Economic Growth and Neighbourhood Services
RBC Legal Entity,09/05/2022,4673376,290505,REED,Street Cleansing,697.93,Agency Staff,Third Party Supplier,STANDARD,4566,KAAA-Directorate of Economic Growth and Neighbourhood Services
RBC Legal Entity,09/05/2022,4673376,290505,REED,Grounds Maintenance,748.67,Agency Staff,Third Party Supplier,STANDARD,1306,KAAA-Directorate of Economic Growth and Neighbourhood Services
RBC Legal Entity,09/05/2022,4673376,290505,REED,BFFC Agency Staff (Rechargeable),798.43,Agency Staff,Third Party Supplier,STANDARD,2008,LAAA-Directorate of Resources
RBC Legal Entity,09/05/2022,4673376,290505,REED,Transformation,858.61,Agency Staff,Third Party Supplier,STANDARD,5289,JAAA-Directorate of Social Care and Health Services
RBC Legal Entity,09/05/2022,4673376,290505,REED,Joint Legal Team,877.64,Agency Staff,Third Party Supplier,STANDARD,2405,LAAA-Directorate of Resources
RBC Legal Entity,09/05/2022,4673376,290505,REED,Commissioning Team,909.1,Agency Staff,Third Party Supplier,STANDARD,3452,JAAA-Directorate of Social Care and Health Services
RBC Legal Entity,09/05/2022,4673376,290505,REED,Transformation,970.4,Agency Staff,Third Party Supplier,STANDARD,5289,JAAA-Directorate of Social Care and Health Services
RBC Legal Entity,09/05/2022,4673376,290505,REED,ASC Short Term Team,977.13,Agency Staff,Third Party Supplier,STANDARD,5722,JAAA-Directorate of Social Care and Health Services
RBC Legal Entity,09/05/2022,4673376,290505,REED,BFFC Agency Staff (Rechargeable),987.75,Agency Staff,Third Party Supplier,STANDARD,2008,LAAA-Directorate of Resources
RBC Legal Entity,09/05/2022,4673376,290505,REED,Directorate Support,1006.09,Agency Staff,Third Party Supplier,STANDARD,2036,LAAA-Directorate of Resources
RBC Legal Entity,09/05/2022,4673376,290505,REED,Joint Legal Team,1037.48,Agency Staff,Third Party Supplier,STANDARD,2405,LAAA-Directorate of Resources
RBC Legal Entity,09/05/2022,4673376,290505,REED,ASC Short Term Team,1134.19,Agency Staff,Third Party Supplier,STANDARD,5722,JAAA-Directorate of Social Care and Health Services
RBC Legal Entity,09/05/2022,4673376,290505,REED,Joint Legal Team,1141.9,Agency Staff,Third Party Supplier,STANDARD,2405,LAAA-Directorate of Resources
RBC Legal Entity,09/05/2022,4673376,290505,REED,Mental Health Team,1143,Agency Staff,Third Party Supplier,STANDARD,5253,JAAA-Directorate of Social Care and Health Services
RBC Legal Entity,09/05/2022,4673376,290505,REED,BFFC Agency Staff (Rechargeable),1169.24,Agency Staff,Third Party Supplier,STANDARD,2008,LAAA-Directorate of Resources
RBC Legal Entity,09/05/2022,4673376,290505,REED,Joint Legal Team,1169.31,Agency Staff,Third Party Supplier,STANDARD,2405,LAAA-Directorate of Resources
RBC Legal Entity,09/05/2022,4673376,290505,REED,ASC Locality Team,1179.64,Agency Staff,Third Party Supplier,STANDARD,5721,JAAA-Directorate of Social Care and Health Services
RBC Legal Entity,09/05/2022,4673376,290505,REED,Transformation,1187.5,Agency Staff,Third Party Supplier,STANDARD,5289,JAAA-Directorate of Social Care and Health Services
RBC Legal Entity,09/05/2022,4673376,290505,REED,Legal Services,1209.98,Agency Staff,Third Party Supplier,STANDARD,2400,LAAA-Directorate of Resources
RBC Legal Entity,09/05/2022,4673376,290505,REED,Joint Legal Team,1237.52,Agency Staff,Third Party Supplier,STANDARD,2405,LAAA-Directorate of Resources
RBC Legal Entity,09/05/2022,4673376,290505,REED,Special Parking Area,1253.7,Agency Staff,Third Party Supplier,STANDARD,4724,KAAA-Directorate of Economic Growth and Neighbourhood Services
RBC Legal Entity,09/05/2022,4673376,290505,REED,Registration,1287.75,Agency Staff,Third Party Supplier,STANDARD,4604,LAAA-Directorate of Resources
RBC Legal Entity,09/05/2022,4673376,290505,REED,BFFC Agency Staff (Rechargeable),1321.6,Agency Staff,Third Party Supplier,STANDARD,2008,LAAA-Directorate of Resources
RBC Legal Entity,09/05/2022,4673376,290505,REED,BFFC Agency Staff (Rechargeable),1329.26,Agency Staff,Third Party Supplier,STANDARD,2008,LAAA-Directorate of Resources
RBC Legal Entity,09/05/2022,4673376,290505,REED,Safeguarding Adults,1335.33,Agency Staff,Third Party Supplier,STANDARD,5158,JAAA-Directorate of Social Care and Health Services
RBC Legal Entity,09/05/2022,4673376,290505,REED,ASC Locality Team,1335.33,Agency Staff,Third Party Supplier,STANDARD,5721,JAAA-Directorate of Social Care and Health Services
RBC Legal Entity,09/05/2022,4673376,290505,REED,ASC Locality Team,1335.33,Agency Staff,Third Party Supplier,STANDARD,5721,JAAA-Directorate of Social Care and Health Services
RBC Legal Entity,09/05/2022,4673376,290505,REED,BFFC Agency Staff (Rechargeable),1350.29,Agency Staff,Third Party Supplier,STANDARD,2008,LAAA-Directorate of Resources
RBC Legal Entity,09/05/2022,4673376,290505,REED,ASC Short Term Team,1409.7,Agency Staff,Third Party Supplier,STANDARD,5722,JAAA-Directorate of Social Care and Health Services
RBC Legal Entity,09/05/2022,4673376,290505,REED,ASC Short Term Team,1409.7,Agency Staff,Third Party Supplier,STANDARD,5722,JAAA-Directorate of Social Care and Health Services
RBC Legal Entity,09/05/2022,4673376,290505,REED,ASC Short Term Team,1437.82,Agency Staff,Third Party Supplier,STANDARD,5722,JAAA-Directorate of Social Care and Health Services
RBC Legal Entity,09/05/2022,4673376,290505,REED,Transformation,1439.3,Agency Staff,Third Party Supplier,STANDARD,5289,JAAA-Directorate of Social Care and Health Services
RBC Legal Entity,09/05/2022,4673376,290505,REED,ASC Locality Team,1447.07,Agency Staff,Third Party Supplier,STANDARD,5721,JAAA-Directorate of Social Care and Health Services
RBC Legal Entity,09/05/2022,4673376,290505,REED,ASC Short Term Team,1466.63,Agency Staff,Third Party Supplier,STANDARD,5722,JAAA-Directorate of Social Care and Health Services
RBC Legal Entity,09/05/2022,4673376,290505,REED,Mental Health Team,1484.44,Agency Staff,Third Party Supplier,STANDARD,5253,JAAA-Directorate of Social Care and Health Services
RBC Legal Entity,09/05/2022,4673376,290505,REED,ASC Short Term Team,1484.44,Agency Staff,Third Party Supplier,STANDARD,5722,JAAA-Directorate of Social Care and Health Services
RBC Legal Entity,09/05/2022,4673376,290505,REED,BFFC Agency Staff (Rechargeable),1550.3,Agency Staff,Third Party Supplier,STANDARD,2008,LAAA-Directorate of Resources
RBC Legal Entity,09/05/2022,4673376,290505,REED,ASC Short Term Team,1558.81,Agency Staff,Third Party Supplier,STANDARD,5722,JAAA-Directorate of Social Care and Health Services
RBC Legal Entity,09/05/2022,4673376,290505,REED,ASC Locality Team,1589.04,Agency Staff,Third Party Supplier,STANDARD,5721,JAAA-Directorate of Social Care and Health Services
RBC Legal Entity,09/05/2022,4673376,290505,REED,BFFC Agency Staff (Rechargeable),1624.3,Agency Staff,Third Party Supplier,STANDARD,2008,LAAA-Directorate of Resources
RBC Legal Entity,09/05/2022,4673376,290505,REED,ASC Short Term Team,1633.18,Agency Staff,Third Party Supplier,STANDARD,5722,JAAA-Directorate of Social Care and Health Services
RBC Legal Entity,09/05/2022,4673376,290505,REED,ASC Short Term Team,1633.18,Agency Staff,Third Party Supplier,STANDARD,5722,JAAA-Directorate of Social Care and Health Services
RBC Legal Entity,09/05/2022,4673376,290505,REED,Legal Services,1650.54,Agency Staff,Third Party Supplier,STANDARD,2400,LAAA-Directorate of Resources
RBC Legal Entity,09/05/2022,4673376,290505,REED,BFFC Agency Staff (Rechargeable),1686.17,Agency Staff,Third Party Supplier,STANDARD,2008,LAAA-Directorate of Resources
RBC Legal Entity,09/05/2022,4673376,290505,REED,BFFC Agency Staff (Rechargeable),1707.55,Agency Staff,Third Party Supplier,STANDARD,2008,LAAA-Directorate of Resources
RBC Legal Entity,09/05/2022,4673376,290505,REED,ASC Short Term Team,1708.95,Agency Staff,Third Party Supplier,STANDARD,5722,JAAA-Directorate of Social Care and Health Services
RBC Legal Entity,09/05/2022,4673376,290505,REED,Food and Safety,1757.04,Agency Staff,Third Party Supplier,STANDARD,4614,KAAA-Directorate of Economic Growth and Neighbourhood Services
RBC Legal Entity,09/05/2022,4673376,290505,REED,ASC Short Term Team,1806.61,Agency Staff,Third Party Supplier,STANDARD,5722,JAAA-Directorate of Social Care and Health Services
RBC Legal Entity,09/05/2022,4673376,290505,REED,BFFC Agency Staff (Rechargeable),1809.3,Agency Staff,Third Party Supplier,STANDARD,2008,LAAA-Directorate of Resources
RBC Legal Entity,09/05/2022,4673376,290505,REED,BFFC Agency Staff (Rechargeable),1809.3,Agency Staff,Third Party Supplier,STANDARD,2008,LAAA-Directorate of Resources
RBC Legal Entity,09/05/2022,4673376,290505,REED,BFFC Agency Staff (Rechargeable),1809.3,Agency Staff,Third Party Supplier,STANDARD,2008,LAAA-Directorate of Resources
RBC Legal Entity,09/05/2022,4673376,290505,REED,BFFC Agency Staff (Rechargeable),1809.3,Agency Staff,Third Party Supplier,STANDARD,2008,LAAA-Directorate of Resources
RBC Legal Entity,09/05/2022,4673376,290505,REED,BFFC Agency Staff (Rechargeable),1809.3,Agency Staff,Third Party Supplier,STANDARD,2008,LAAA-Directorate of Resources
RBC Legal Entity,09/05/2022,4673376,290505,REED,BFFC Agency Staff (Rechargeable),1809.3,Agency Staff,Third Party Supplier,STANDARD,2008,LAAA-Directorate of Resources
RBC Legal Entity,09/05/2022,4673376,290505,REED,BFFC Agency Staff (Rechargeable),1809.3,Agency Staff,Third Party Supplier,STANDARD,2008,LAAA-Directorate of Resources
RBC Legal Entity,09/05/2022,4673376,290505,REED,BFFC Agency Staff (Rechargeable),1809.3,Agency Staff,Third Party Supplier,STANDARD,2008,LAAA-Directorate of Resources
RBC Legal Entity,09/05/2022,4673376,290505,REED,BFFC Agency Staff (Rechargeable),1809.3,Agency Staff,Third Party Supplier,STANDARD,2008,LAAA-Directorate of Resources
RBC Legal Entity,09/05/2022,4673376,290505,REED,BFFC Agency Staff (Rechargeable),1809.3,Agency Staff,Third Party Supplier,STANDARD,2008,LAAA-Directorate of Resources
RBC Legal Entity,09/05/2022,4673376,290505,REED,BFFC Agency Staff (Rechargeable),1809.3,Agency Staff,Third Party Supplier,STANDARD,2008,LAAA-Directorate of Resources
RBC Legal Entity,09/05/2022,4673376,290505,REED,BFFC Agency Staff (Rechargeable),1809.3,Agency Staff,Third Party Supplier,STANDARD,2008,LAAA-Directorate of Resources
RBC Legal Entity,09/05/2022,4673376,290505,REED,BFFC Agency Staff (Rechargeable),1809.3,Agency Staff,Third Party Supplier,STANDARD,2008,LAAA-Directorate of Resources
RBC Legal Entity,09/05/2022,4673376,290505,REED,BFFC Agency Staff (Rechargeable),1809.3,Agency Staff,Third Party Supplier,STANDARD,2008,LAAA-Directorate of Resources
RBC Legal Entity,09/05/2022,4673376,290505,REED,BFFC Agency Staff (Rechargeable),1818.55,Agency Staff,Third Party Supplier,STANDARD,2008,LAAA-Directorate of Resources
RBC Legal Entity,09/05/2022,4673376,290505,REED,BFFC Agency Staff (Rechargeable),1818.55,Agency Staff,Third Party Supplier,STANDARD,2008,LAAA-Directorate of Resources
RBC Legal Entity,09/05/2022,4673376,290505,REED,BFFC Agency Staff (Rechargeable),1819.29,Agency Staff,Third Party Supplier,STANDARD,2008,LAAA-Directorate of Resources
RBC Legal Entity,09/05/2022,4673376,290505,REED,BFFC Agency Staff (Rechargeable),1819.29,Agency Staff,Third Party Supplier,STANDARD,2008,LAAA-Directorate of Resources
RBC Legal Entity,09/05/2022,4673376,290505,REED,BFFC Agency Staff (Rechargeable),1819.29,Agency Staff,Third Party Supplier,STANDARD,2008,LAAA-Directorate of Resources
RBC Legal Entity,09/05/2022,4673376,290505,REED,Joint Legal Team,1856.29,Agency Staff,Third Party Supplier,STANDARD,2405,LAAA-Directorate of Resources
RBC Legal Entity,09/05/2022,4673376,290505,REED,Legal Services,1874.79,Agency Staff,Third Party Supplier,STANDARD,2400,LAAA-Directorate of Resources
RBC Legal Entity,09/05/2022,4673376,290505,REED,Accountancy,1916.36,Agency Staff,Third Party Supplier,STANDARD,2200,LAAA-Directorate of Resources
RBC Legal Entity,09/05/2022,4673376,290505,REED,ASC Short Term Team,1927.08,Agency Staff,Third Party Supplier,STANDARD,5722,JAAA-Directorate of Social Care and Health Services
RBC Legal Entity,09/05/2022,4673376,290505,REED,ASC Short Term Team,1927.08,Agency Staff,Third Party Supplier,STANDARD,5722,JAAA-Directorate of Social Care and Health Services
RBC Legal Entity,09/05/2022,4673376,290505,REED,ASC Short Term Team,1975.27,Agency Staff,Third Party Supplier,STANDARD,5722,JAAA-Directorate of Social Care and Health Services
RBC Legal Entity,09/05/2022,4673376,290505,REED,IT Management,1982.8,Agency Staff,Third Party Supplier,STANDARD,2300,EAAA-Chief Executive
RBC Legal Entity,09/05/2022,4673376,290505,REED,BFFC Agency Staff (Rechargeable),2071.64,Agency Staff,Third Party Supplier,STANDARD,2008,LAAA-Directorate of Resources
RBC Legal Entity,09/05/2022,4673376,290505,REED,BFFC Agency Staff (Rechargeable),2071.64,Agency Staff,Third Party Supplier,STANDARD,2008,LAAA-Directorate of Resources
RBC Legal Entity,09/05/2022,4673376,290505,REED,BFFC Agency Staff (Rechargeable),2071.64,Agency Staff,Third Party Supplier,STANDARD,2008,LAAA-Directorate of Resources
RBC Legal Entity,09/05/2022,4673376,290505,REED,Legal Services,2167.36,Agency Staff,Third Party Supplier,STANDARD,2400,LAAA-Directorate of Resources
RBC Legal Entity,09/05/2022,4673376,290505,REED,IT Management,2188,Agency Staff,Third Party Supplier,STANDARD,2300,EAAA-Chief Executive
RBC Legal Entity,09/05/2022,4673376,290505,REED,Legal Services,2193.97,Agency Staff,Third Party Supplier,STANDARD,2400,LAAA-Directorate of Resources
RBC Legal Entity,09/05/2022,4673376,290505,REED,Joint Legal Team,2208,Agency Staff,Third Party Supplier,STANDARD,2405,LAAA-Directorate of Resources
RBC Legal Entity,09/05/2022,4673376,290505,REED,BFFC Agency Staff (Rechargeable),2358.6,Agency Staff,Third Party Supplier,STANDARD,2008,LAAA-Directorate of Resources
RBC Legal Entity,09/05/2022,4673376,290505,REED,Legal Services,2649.6,Agency Staff,Third Party Supplier,STANDARD,2400,LAAA-Directorate of Resources
RBC Legal Entity,09/05/2022,4673376,290505,REED,IT Management,2676,Agency Staff,Third Party Supplier,STANDARD,2300,EAAA-Chief Executive
RBC Legal Entity,09/05/2022,4673376,290505,REED,IT Management,2676,Agency Staff,Third Party Supplier,STANDARD,2300,EAAA-Chief Executive
RBC Legal Entity,09/05/2022,4673376,290505,REED,IT Management,2691,Agency Staff,Third Party Supplier,STANDARD,2300,EAAA-Chief Executive
RBC Legal Entity,09/05/2022,4673376,290505,REED,BFFC Agency Staff (Rechargeable),2810.16,Agency Staff,Third Party Supplier,STANDARD,2008,LAAA-Directorate of Resources
RBC Legal Entity,09/05/2022,4673376,290505,REED,Accountancy,2821.36,Agency Staff,Third Party Supplier,STANDARD,2200,LAAA-Directorate of Resources
RBC Legal Entity,09/05/2022,4673376,290505,REED,BFFC Agency Staff (Rechargeable),2835.52,Agency Staff,Third Party Supplier,STANDARD,2008,LAAA-Directorate of Resources
RBC Legal Entity,09/05/2022,4673376,290505,REED,BFFC Agency Staff (Rechargeable),2835.52,Agency Staff,Third Party Supplier,STANDARD,2008,LAAA-Directorate of Resources
RBC Legal Entity,09/05/2022,4673376,290505,REED,ASC Senior Management Team,2962.5,Agency Staff,Third Party Supplier,STANDARD,5700,JAAA-Directorate of Social Care and Health Services
RBC Legal Entity,09/05/2022,4673376,290505,REED,BFFC Agency Staff (Rechargeable),3196,Agency Staff,Third Party Supplier,STANDARD,2008,LAAA-Directorate of Resources
RBC Legal Entity,09/05/2022,4673376,290505,REED,Accountancy,3237.48,Agency Staff,Third Party Supplier,STANDARD,2200,LAAA-Directorate of Resources
RBC Legal Entity,09/05/2022,4674455,290506,CIVICA UK LTD,Electoral Registration,20943.58,Software Licences,Third Party Supplier,STANDARD,2440,LAAA-Directorate of Resources
RBC Legal Entity,09/05/2022,4662119,290507,M A SERGENT,Corporate Maintenance Services,55,Leasing Costs,SUB-CONTRACTOR,STANDARD,4080,KAAA-Directorate of Economic Growth and Neighbourhood Services
RBC Legal Entity,09/05/2022,4662119,290507,M A SERGENT,Corporate Maintenance Services,135,Leasing Costs,SUB-CONTRACTOR,STANDARD,4080,KAAA-Directorate of Economic Growth and Neighbourhood Services
RBC Legal Entity,09/05/2022,4662119,290507,M A SERGENT,Corporate Maintenance Services,310,TPP  Contract,SUB-CONTRACTOR,STANDARD,4080,KAAA-Directorate of Economic Growth and Neighbourhood Services
RBC Legal Entity,09/05/2022,4673469,290508,DSI BILLING SERVICES LTD,Council Tax & Business Rates,2926.98,Postage Carriage Stamp Duty,SUPPLIER,STANDARD,2250,LAAA-Directorate of Resources
RBC Legal Entity,09/05/2022,4673453,290509,SANDS SECURITY LTD,Hexagon Operations,210,Security Charges,SUPPLIER,STANDARD,1200,KAAA-Directorate of Economic Growth and Neighbourhood Services
RBC Legal Entity,09/05/2022,4673453,290509,SANDS SECURITY LTD,Hexagon Operations,252,Security Charges,SUPPLIER,STANDARD,1200,KAAA-Directorate of Economic Growth and Neighbourhood Services
RBC Legal Entity,09/05/2022,4673453,290509,SANDS SECURITY LTD,Hexagon Operations,252,Security Charges,SUPPLIER,STANDARD,1200,KAAA-Directorate of Economic Growth and Neighbourhood Services
RBC Legal Entity,09/05/2022,4673453,290509,SANDS SECURITY LTD,Hexagon Operations,280,Security Charges,SUPPLIER,STANDARD,1200,KAAA-Directorate of Economic Growth and Neighbourhood Services
RBC Legal Entity,09/05/2022,4678217,290511,EVERSHEDS LLP,Legal Services,2988,Misc. Legal Expenses,Third Party Supplier,STANDARD,2400,LAAA-Directorate of Resources
RBC Legal Entity,09/05/2022,4678218,290511,EVERSHEDS LLP,Legal Services,5868,Misc. Legal Expenses,Third Party Supplier,STANDARD,2400,LAAA-Directorate of Resources
RBC Legal Entity,09/05/2022,4678219,290511,EVERSHEDS LLP,Legal Services,1512,Misc. Legal Expenses,Third Party Supplier,STANDARD,2400,LAAA-Directorate of Resources
RBC Legal Entity,09/05/2022,4676287,290513,GREENWICH LEISURE LIMITED,Leisure Review,2728,External Fees  Misc.,Third Party Supplier,STANDARD,8016,ZZZC-Capital
RBC Legal Entity,09/05/2022,4676293,290513,GREENWICH LEISURE LIMITED,Leisure Review,1590,External Fees  Misc.,Third Party Supplier,STANDARD,8016,ZZZC-Capital
RBC Legal Entity,09/05/2022,4646691,290514,ALLPAY.NET.LIMITED,Council Tax & Business Rates,833.76,Credit Card Commission,Third Party Supplier,STANDARD,2250,LAAA-Directorate of Resources
RBC Legal Entity,09/05/2022,4670494,290515,MR EDWARD KIRKWOOD,JLT Disbursements,795,Misc. Legal Expenses,Third Party Supplier,STANDARD,2407,LAAA-Directorate of Resources
RBC Legal Entity,09/05/2022,4672391,290517,MR JAMES TURNER,JLT Disbursements,675,Misc. Legal Expenses,SUPPLIER,STANDARD,2407,LAAA-Directorate of Resources
RBC Legal Entity,09/05/2022,4672398,290517,MR JAMES TURNER,JLT Disbursements,675,Misc. Legal Expenses,SUPPLIER,STANDARD,2407,LAAA-Directorate of Resources
RBC Legal Entity,09/05/2022,4670467,290519,THE GRAPHIC DESIGN HOUSE,Cultural Services Marketing,2432,Publicity & Media Work,SUPPLIER,STANDARD,1235,KAAA-Directorate of Economic Growth and Neighbourhood Services
RBC Legal Entity,09/05/2022,4674332,290520,HYDRO HEATING SOLUTIONS,Caversham Primary,8883.38,External Fees  Misc.,SUB-CONTRACTOR,STANDARD,8209,ZZZC-Capital
RBC Legal Entity,09/05/2022,4678204,290521,CHRISTIAN HOWELL CARPENTRY,Payroll + Payments A/c,-40,System Creditors,SUB-CONTRACTOR,CREDIT,9823,ZZZB-Balance Sheet
RBC Legal Entity,09/05/2022,4678204,290521,CHRISTIAN HOWELL CARPENTRY,Planned Maintenance Trades,200,Subcontractors Labour,SUB-CONTRACTOR,STANDARD,4040,KAAA-Directorate of Economic Growth and Neighbourhood Services
RBC Legal Entity,09/05/2022,4678204,290521,CHRISTIAN HOWELL CARPENTRY,Planned Maintenance Trades,595,Subcontractors Labour,SUB-CONTRACTOR,STANDARD,4040,KAAA-Directorate of Economic Growth and Neighbourhood Services
RBC Legal Entity,09/05/2022,4678207,290525,THAMES VALLEY BUSES LTD,Strategic Transport & Concessionary Fares,1814.19,Payments for Bus Services,Third Party Supplier,STANDARD,4726,KAAA-Directorate of Economic Growth and Neighbourhood Services
RBC Legal Entity,09/05/2022,4673420,290528,CHRISTINE JULIEN,JLT Disbursements,1000,Misc. Legal Expenses,SUPPLIER,STANDARD,2407,LAAA-Directorate of Resources
RBC Legal Entity,09/05/2022,4674434,290529,HONEY BROTHERS LTD,Grounds Maintenance,2721.28,Equipment Purchase & Repair,Third Party Supplier,STANDARD,1306,KAAA-Directorate of Economic Growth and Neighbourhood Services
RBC Legal Entity,09/05/2022,4670493,290531,OLIVER POWELL,JLT Disbursements,650,Misc. Legal Expenses,Third Party Supplier,STANDARD,2407,LAAA-Directorate of Resources
RBC Legal Entity,09/05/2022,4676190,290533,BK SAFETY & WORKWEAR LTD,Refuse Collection,1025.94,Uniforms,SUPPLIER,STANDARD,4561,KAAA-Directorate of Economic Growth and Neighbourhood Services
RBC Legal Entity,09/05/2022,4670492,290536,ELEANOR HOWARD,JLT Disbursements,550,Misc. Legal Expenses,INDIVIDUAL,STANDARD,2407,LAAA-Directorate of Resources
RBC Legal Entity,09/05/2022,4670498,290536,ELEANOR HOWARD,JLT Disbursements,550,Misc. Legal Expenses,INDIVIDUAL,STANDARD,2407,LAAA-Directorate of Resources
RBC Legal Entity,09/05/2022,4673213,290538,WILLS BROS CIVIL ENGINEERING LTD,LEP Projects,2307.64,Contractors,SUB-CONTRACTOR,STANDARD,8806,ZZZC-Capital
RBC Legal Entity,09/05/2022,4672276,290539,F M CONWAY LTD,Highways,611.28,Materials Direct,SUB-CONTRACTOR,STANDARD,4252,KAAA-Directorate of Economic Growth and Neighbourhood Services
RBC Legal Entity,09/05/2022,4673382,290539,F M CONWAY LTD,Highways,716.7,Materials Direct,SUB-CONTRACTOR,STANDARD,4252,KAAA-Directorate of Economic Growth and Neighbourhood Services
RBC Legal Entity,09/05/2022,4676314,290540,EW BEARD LIMITED,HRA portfolio expansion,2253.67,External Fees  Misc.,SUB-CONTRACTOR,STANDARD,8518,ZZZC-Capital
RBC Legal Entity,09/05/2022,4676314,290540,EW BEARD LIMITED,HRA portfolio expansion,257696.54,External Fees  Misc.,SUB-CONTRACTOR,STANDARD,8518,ZZZC-Capital
RBC Legal Entity,09/05/2022,4672248,290541,NECTAR IMPORTS LTD,Hexagon Catering,782.83,Purchases - Stock Provisions,SUPPLIER,STANDARD,1241,KAAA-Directorate of Economic Growth and Neighbourhood Services
RBC Legal Entity,09/05/2022,4676821,290542,I.V CARE LTD,PS Acquired Community Services,2326.96,Purchased Care,Third Party Supplier,STANDARD,5771,JAAA-Directorate of Social Care and Health Services
RBC Legal Entity,09/05/2022,4676822,290542,I.V CARE LTD,PS Acquired Community Services,1518.44,Purchased Care,Third Party Supplier,STANDARD,5771,JAAA-Directorate of Social Care and Health Services
RBC Legal Entity,09/05/2022,4676823,290542,I.V CARE LTD,PS Acquired Community Services,552.16,Purchased Care,Third Party Supplier,STANDARD,5771,JAAA-Directorate of Social Care and Health Services
RBC Legal Entity,09/05/2022,4676824,290542,I.V CARE LTD,PS Acquired Community Services,966.28,Purchased Care,Third Party Supplier,STANDARD,5771,JAAA-Directorate of Social Care and Health Services
RBC Legal Entity,09/05/2022,4676825,290542,I.V CARE LTD,PS Acquired Community Services,2006.84,Purchased Care,Third Party Supplier,STANDARD,5771,JAAA-Directorate of Social Care and Health Services
RBC Legal Entity,09/05/2022,4676826,290542,I.V CARE LTD,PS Acquired Community Services,1656.48,Purchased Care,Third Party Supplier,STANDARD,5771,JAAA-Directorate of Social Care and Health Services
RBC Legal Entity,09/05/2022,4676827,290542,I.V CARE LTD,PS Acquired Community Services,2208.97,Purchased Care,Third Party Supplier,STANDARD,5771,JAAA-Directorate of Social Care and Health Services
RBC Legal Entity,09/05/2022,4676828,290542,I.V CARE LTD,PS Acquired Community Services,1262.08,Purchased Care,Third Party Supplier,STANDARD,5771,JAAA-Directorate of Social Care and Health Services
RBC Legal Entity,09/05/2022,4674400,290545,AMBER ATHILL,Legal Services,550,Misc. Legal Expenses,INDIVIDUAL,STANDARD,2400,LAAA-Directorate of Resources
RBC Legal Entity,09/05/2022,4674358,290546,DOUBLE-BARRELLED BREWERY LTD,South Street Catering,437.4,Purchases  Liquor,SUPPLIER,STANDARD,1243,KAAA-Directorate of Economic Growth and Neighbourhood Services
RBC Legal Entity,09/05/2022,4678238,290549,SYNCC LTD,JLT Disbursements,2150,Misc. Legal Expenses,Third Party Supplier,STANDARD,2407,LAAA-Directorate of Resources
RBC Legal Entity,09/05/2022,4676320,290550,"CGL (CHANGE, GROW, LIVE) LTD",Public Health Team Costs,2200,Purchased Care,Third Party Supplier,STANDARD,2065,JAAA-Directorate of Social Care and Health Services
RBC Legal Entity,09/05/2022,4673483,290551,CEI ELECTRICAL LTD,Manor Primary,2100.95,External Fees  Misc.,SUB-CONTRACTOR,STANDARD,8220,ZZZC-Capital
RBC Legal Entity,09/05/2022,4671195,290554,AGILISYS LIMITED,IT Management,2500,Software Support,Third Party Supplier,STANDARD,2300,EAAA-Chief Executive
RBC Legal Entity,09/05/2022,4676815,290555,LIMMS CARE SERVICES,PS Acquired Community Services,569.5,Purchased Care,Third Party Supplier,STANDARD,5771,JAAA-Directorate of Social Care and Health Services
RBC Legal Entity,09/05/2022,4659607,290556,CROWN HOSTING DATA CENTRES LIMITED,IT Management,452.97,Service Charges,Third Party Supplier,STANDARD,2300,EAAA-Chief Executive
RBC Legal Entity,09/05/2022,4674370,290557,MISS LUCIE TAYLOR,Legal Services,450,Misc. Legal Expenses,INDIVIDUAL,STANDARD,2400,LAAA-Directorate of Resources
RBC Legal Entity,09/05/2022,4672404,290560,BANNER GROUP LTD,Buildings Payroll,837.66,Stationery  Consumables,Third Party Supplier,STANDARD,3390,KAAA-Directorate of Economic Growth and Neighbourhood Services
RBC Legal Entity,09/05/2022,4672442,290560,BANNER GROUP LTD,Buildings Payroll,746.56,Stationery  Consumables,Third Party Supplier,STANDARD,3390,KAAA-Directorate of Economic Growth and Neighbourhood Services
RBC Legal Entity,09/05/2022,4670497,290562,HERONGATE CONSULTANCY,JLT Disbursements,2470.2,Misc. Legal Expenses,Third Party Supplier,STANDARD,2407,LAAA-Directorate of Resources
RBC Legal Entity,09/05/2022,4673276,290565,VALID CONSULTANCY LTD,Environmental Protection,120,Consultancy Fees,Third Party Supplier,STANDARD,4611,KAAA-Directorate of Economic Growth and Neighbourhood Services
RBC Legal Entity,09/05/2022,4673276,290565,VALID CONSULTANCY LTD,Environmental Protection,198,Consultancy Fees,Third Party Supplier,STANDARD,4611,KAAA-Directorate of Economic Growth and Neighbourhood Services
RBC Legal Entity,09/05/2022,4673276,290565,VALID CONSULTANCY LTD,Environmental Protection,970,Consultancy Fees,Third Party Supplier,STANDARD,4611,KAAA-Directorate of Economic Growth and Neighbourhood Services
RBC Legal Entity,10/05/2022,4674430,290566,MICROFORM IMAGING LTD,Reading Libraries,484.93,Stationery  Consumables,SUPPLIER,STANDARD,1400,KAAA-Directorate of Economic Growth and Neighbourhood Services
RBC Legal Entity,10/05/2022,4676808,290569,SALIS CARE LTD,Social Support,3778.8,Purchased Care,SUPPLIER,STANDARD,5790,JAAA-Directorate of Social Care and Health Services
RBC Legal Entity,10/05/2022,4676809,290569,SALIS CARE LTD,LD Community Services,5413.2,Purchased Care,SUPPLIER,STANDARD,5741,JAAA-Directorate of Social Care and Health Services
RBC Legal Entity,10/05/2022,4679237,290573,FELTHAM CONSTRUCTION LTD,HRA portfolio expansion,0.01,External Fees  Misc.,SUB-CONTRACTOR,STANDARD,8518,ZZZC-Capital
RBC Legal Entity,10/05/2022,4679237,290573,FELTHAM CONSTRUCTION LTD,HRA portfolio expansion,9282.23,External Fees  Misc.,SUB-CONTRACTOR,STANDARD,8518,ZZZC-Capital
RBC Legal Entity,10/05/2022,4679237,290573,FELTHAM CONSTRUCTION LTD,HRA portfolio expansion,93853.68,External Fees  Misc.,SUB-CONTRACTOR,STANDARD,8518,ZZZC-Capital
RBC Legal Entity,10/05/2022,4678286,290575,ASKEWS & HOLTS LIBRARY SERVICES LTD,General Reference,499.56,Adult Non Fiction Books,SUPPLIER,STANDARD,1454,KAAA-Directorate of Economic Growth and Neighbourhood Services
RBC Legal Entity,10/05/2022,4678286,290575,ASKEWS & HOLTS LIBRARY SERVICES LTD,General Reference,560.06,Adult Fiction Books,SUPPLIER,STANDARD,1454,KAAA-Directorate of Economic Growth and Neighbourhood Services
RBC Legal Entity,10/05/2022,4678286,290575,ASKEWS & HOLTS LIBRARY SERVICES LTD,General Reference,698.39,Childrens Stock,SUPPLIER,STANDARD,1454,KAAA-Directorate of Economic Growth and Neighbourhood Services
RBC Legal Entity,10/05/2022,4675765,290577,BOWAK LTD,Building Cleaning,671.68,Materials from Store,Third Party Supplier,STANDARD,4351,KAAA-Directorate of Economic Growth and Neighbourhood Services
RBC Legal Entity,10/05/2022,4675864,290580,VERMATECH PEST CONTROL,Repairs,720,Estate Maintenance,Third Party Supplier,STANDARD,5970,HAAA-Housing Revenue Account
RBC Legal Entity,10/05/2022,4676920,290583,TONNA CARE SERVICES LTD,Assets _ General,-344.62,Payments in Advance,Third Party Supplier,CREDIT,9885,ZZZB-Balance Sheet
RBC Legal Entity,10/05/2022,4676920,290583,TONNA CARE SERVICES LTD,LD Community Services,1378.49,Purchased Care,Third Party Supplier,STANDARD,5741,JAAA-Directorate of Social Care and Health Services
RBC Legal Entity,10/05/2022,4676921,290583,TONNA CARE SERVICES LTD,Assets _ General,-858.82,Payments in Advance,Third Party Supplier,CREDIT,9885,ZZZB-Balance Sheet
RBC Legal Entity,10/05/2022,4676921,290583,TONNA CARE SERVICES LTD,PS Acquired Community Services,3435.27,Purchased Care,Third Party Supplier,STANDARD,5771,JAAA-Directorate of Social Care and Health Services
RBC Legal Entity,10/05/2022,4676924,290583,TONNA CARE SERVICES LTD,Assets _ General,-1529.3,Payments in Advance,Third Party Supplier,CREDIT,9885,ZZZB-Balance Sheet
RBC Legal Entity,10/05/2022,4676924,290583,TONNA CARE SERVICES LTD,LD Community Services,6117.21,Purchased Care,Third Party Supplier,STANDARD,5741,JAAA-Directorate of Social Care and Health Services
RBC Legal Entity,10/05/2022,4676925,290583,TONNA CARE SERVICES LTD,Assets _ General,-160.53,Payments in Advance,Third Party Supplier,CREDIT,9885,ZZZB-Balance Sheet
RBC Legal Entity,10/05/2022,4676925,290583,TONNA CARE SERVICES LTD,PS Acquired Community Services,642.1,Purchased Care,Third Party Supplier,STANDARD,5771,JAAA-Directorate of Social Care and Health Services
RBC Legal Entity,10/05/2022,4676927,290583,TONNA CARE SERVICES LTD,Assets _ General,-327.44,Payments in Advance,Third Party Supplier,CREDIT,9885,ZZZB-Balance Sheet
RBC Legal Entity,10/05/2022,4676927,290583,TONNA CARE SERVICES LTD,M&C Acquired Community Services,1309.77,Purchased Care,Third Party Supplier,STANDARD,5751,JAAA-Directorate of Social Care and Health Services
RBC Legal Entity,10/05/2022,4676933,290583,TONNA CARE SERVICES LTD,Assets _ General,-1380.52,Payments in Advance,Third Party Supplier,CREDIT,9885,ZZZB-Balance Sheet
RBC Legal Entity,10/05/2022,4676933,290583,TONNA CARE SERVICES LTD,LD Community Services,5522.06,Purchased Care,Third Party Supplier,STANDARD,5741,JAAA-Directorate of Social Care and Health Services
RBC Legal Entity,10/05/2022,4676936,290583,TONNA CARE SERVICES LTD,Assets _ General,-1027.44,Payments in Advance,Third Party Supplier,CREDIT,9885,ZZZB-Balance Sheet
RBC Legal Entity,10/05/2022,4676936,290583,TONNA CARE SERVICES LTD,LD Community Services,4109.77,Purchased Care,Third Party Supplier,STANDARD,5741,JAAA-Directorate of Social Care and Health Services
RBC Legal Entity,10/05/2022,4676940,290583,TONNA CARE SERVICES LTD,Assets _ General,-327.44,Payments in Advance,Third Party Supplier,CREDIT,9885,ZZZB-Balance Sheet
RBC Legal Entity,10/05/2022,4676940,290583,TONNA CARE SERVICES LTD,LD Community Services,1309.77,Purchased Care,Third Party Supplier,STANDARD,5741,JAAA-Directorate of Social Care and Health Services
RBC Legal Entity,10/05/2022,4676941,290583,TONNA CARE SERVICES LTD,Assets _ General,-136.45,Payments in Advance,Third Party Supplier,CREDIT,9885,ZZZB-Balance Sheet
RBC Legal Entity,10/05/2022,4676941,290583,TONNA CARE SERVICES LTD,Social Support,545.79,Purchased Care,Third Party Supplier,STANDARD,5790,JAAA-Directorate of Social Care and Health Services
RBC Legal Entity,10/05/2022,4676942,290583,TONNA CARE SERVICES LTD,Assets _ General,-481.58,Payments in Advance,Third Party Supplier,CREDIT,9885,ZZZB-Balance Sheet
RBC Legal Entity,10/05/2022,4676942,290583,TONNA CARE SERVICES LTD,LD Community Services,1926.3,Purchased Care,Third Party Supplier,STANDARD,5741,JAAA-Directorate of Social Care and Health Services
RBC Legal Entity,10/05/2022,4676943,290583,TONNA CARE SERVICES LTD,Assets _ General,-169.79,Payments in Advance,Third Party Supplier,CREDIT,9885,ZZZB-Balance Sheet
RBC Legal Entity,10/05/2022,4676943,290583,TONNA CARE SERVICES LTD,LD Community Services,679.14,Purchased Care,Third Party Supplier,STANDARD,5741,JAAA-Directorate of Social Care and Health Services
RBC Legal Entity,10/05/2022,4676944,290583,TONNA CARE SERVICES LTD,Assets _ General,-642.1,Payments in Advance,Third Party Supplier,CREDIT,9885,ZZZB-Balance Sheet
RBC Legal Entity,10/05/2022,4676944,290583,TONNA CARE SERVICES LTD,PS Acquired Community Services,2568.4,Purchased Care,Third Party Supplier,STANDARD,5771,JAAA-Directorate of Social Care and Health Services
RBC Legal Entity,10/05/2022,4676946,290583,TONNA CARE SERVICES LTD,Assets _ General,-857.58,Payments in Advance,Third Party Supplier,CREDIT,9885,ZZZB-Balance Sheet
RBC Legal Entity,10/05/2022,4676946,290583,TONNA CARE SERVICES LTD,LD Community Services,3430.31,Purchased Care,Third Party Supplier,STANDARD,5741,JAAA-Directorate of Social Care and Health Services
RBC Legal Entity,10/05/2022,4676948,290583,TONNA CARE SERVICES LTD,Assets _ General,-806.73,Payments in Advance,Third Party Supplier,CREDIT,9885,ZZZB-Balance Sheet
RBC Legal Entity,10/05/2022,4676948,290583,TONNA CARE SERVICES LTD,LD Community Services,3226.93,Purchased Care,Third Party Supplier,STANDARD,5741,JAAA-Directorate of Social Care and Health Services
RBC Legal Entity,10/05/2022,4676953,290583,TONNA CARE SERVICES LTD,Assets _ General,-213.31,Payments in Advance,Third Party Supplier,CREDIT,9885,ZZZB-Balance Sheet
RBC Legal Entity,10/05/2022,4676953,290583,TONNA CARE SERVICES LTD,Social Support,853.25,Purchased Care,Third Party Supplier,STANDARD,5790,JAAA-Directorate of Social Care and Health Services
RBC Legal Entity,10/05/2022,4678345,290586,THE MUSTARD TREE FOUNDATION,ASC Voluntary Grants,5500,GrantsVolunt.Organ.,INDIVIDUAL,STANDARD,5300,JAAA-Directorate of Social Care and Health Services
RBC Legal Entity,10/05/2022,4678325,290588,NIGEL T NORTH LTD,JLT Disbursements,936,Misc. Legal Expenses,SUPPLIER,STANDARD,2407,LAAA-Directorate of Resources
RBC Legal Entity,10/05/2022,4674418,290589,DAVIS SCAFFOLDING,DLO Wokingham Trades,760,Subcontractors Labour,SUB-CONTRACTOR,STANDARD,4050,KAAA-Directorate of Economic Growth and Neighbourhood Services
RBC Legal Entity,10/05/2022,4674420,290589,DAVIS SCAFFOLDING,DLO Day to Day Trades,450,Subcontractors Labour,SUB-CONTRACTOR,STANDARD,4010,KAAA-Directorate of Economic Growth and Neighbourhood Services
RBC Legal Entity,10/05/2022,4674439,290589,DAVIS SCAFFOLDING,DLO Day to Day Trades,1320,Subcontractors Labour,SUB-CONTRACTOR,STANDARD,4010,KAAA-Directorate of Economic Growth and Neighbourhood Services
RBC Legal Entity,10/05/2022,4674440,290589,DAVIS SCAFFOLDING,DLO Day to Day Trades,990,Subcontractors Labour,SUB-CONTRACTOR,STANDARD,4010,KAAA-Directorate of Economic Growth and Neighbourhood Services
RBC Legal Entity,10/05/2022,4674441,290589,DAVIS SCAFFOLDING,DLO Day to Day Trades,1100,Subcontractors Labour,SUB-CONTRACTOR,STANDARD,4010,KAAA-Directorate of Economic Growth and Neighbourhood Services
RBC Legal Entity,10/05/2022,4674442,290589,DAVIS SCAFFOLDING,DLO Day to Day Trades,660,Subcontractors Labour,SUB-CONTRACTOR,STANDARD,4010,KAAA-Directorate of Economic Growth and Neighbourhood Services
RBC Legal Entity,10/05/2022,4674443,290589,DAVIS SCAFFOLDING,DLO Day to Day Trades,1650,Subcontractors Labour,SUB-CONTRACTOR,STANDARD,4010,KAAA-Directorate of Economic Growth and Neighbourhood Services
RBC Legal Entity,10/05/2022,4674444,290589,DAVIS SCAFFOLDING,DLO Day to Day Trades,880,Subcontractors Labour,SUB-CONTRACTOR,STANDARD,4010,KAAA-Directorate of Economic Growth and Neighbourhood Services
RBC Legal Entity,10/05/2022,4674445,290589,DAVIS SCAFFOLDING,DLO Wokingham Trades,660,Subcontractors Labour,SUB-CONTRACTOR,STANDARD,4050,KAAA-Directorate of Economic Growth and Neighbourhood Services
RBC Legal Entity,10/05/2022,4674521,290589,DAVIS SCAFFOLDING,DLO Wokingham Trades,2860,Subcontractors Labour,SUB-CONTRACTOR,STANDARD,4050,KAAA-Directorate of Economic Growth and Neighbourhood Services
RBC Legal Entity,10/05/2022,4675871,290592,CHRISTIAN HOWELL CARPENTRY,DLO Kitchen & Bathroom Trades,500,Subcontractors Labour,SUB-CONTRACTOR,STANDARD,4042,KAAA-Directorate of Economic Growth and Neighbourhood Services
RBC Legal Entity,10/05/2022,4675871,290592,CHRISTIAN HOWELL CARPENTRY,DLO Kitchen & Bathroom Trades,5093.7,Subcontractors Labour,SUB-CONTRACTOR,STANDARD,4042,KAAA-Directorate of Economic Growth and Neighbourhood Services
RBC Legal Entity,10/05/2022,4678334,290593,CANSFORD LABORATORIES LIMITED,JLT Disbursements,906,Misc. Legal Expenses,Third Party Supplier,STANDARD,2407,LAAA-Directorate of Resources
RBC Legal Entity,10/05/2022,4672388,290594,PESTPRO BIRD SOLUTIONS LTD,DLO Day to Day Trades,4060,Subcontractors Labour,Third Party Supplier,STANDARD,4010,KAAA-Directorate of Economic Growth and Neighbourhood Services
RBC Legal Entity,10/05/2022,4674353,290594,PESTPRO BIRD SOLUTIONS LTD,DLO Day to Day Trades,1560,Subcontractors Labour,Third Party Supplier,STANDARD,4010,KAAA-Directorate of Economic Growth and Neighbourhood Services
RBC Legal Entity,10/05/2022,4678306,290595,CLIVEDEN CONSERVATION,Reading Abbey Revealed - Delivery phase,5000,External Fees  Surveyors,SUPPLIER,STANDARD,8015,ZZZC-Capital
RBC Legal Entity,10/05/2022,4675907,290596,BERKSHIRE PSYCHOLOGY,JLT Disbursements,2340,Misc. Legal Expenses,Third Party Supplier,STANDARD,2407,LAAA-Directorate of Resources
RBC Legal Entity,10/05/2022,4676954,290597,SYLVIANCARE LTD,Sensory Support Community Services,1104.32,Purchased Care,Third Party Supplier,STANDARD,5711,JAAA-Directorate of Social Care and Health Services
RBC Legal Entity,10/05/2022,4676955,290597,SYLVIANCARE LTD,PS Acquired Community Services,2455.14,Purchased Care,Third Party Supplier,STANDARD,5771,JAAA-Directorate of Social Care and Health Services
RBC Legal Entity,10/05/2022,4676343,290598,MODUS CONSTRUCTION LTD,Corporate Maintenance Services,118.73,Leasing Costs,SUB-CONTRACTOR,STANDARD,4080,KAAA-Directorate of Economic Growth and Neighbourhood Services
RBC Legal Entity,10/05/2022,4676343,290598,MODUS CONSTRUCTION LTD,Corporate Maintenance Services,201.02,TPP  Contract,SUB-CONTRACTOR,STANDARD,4080,KAAA-Directorate of Economic Growth and Neighbourhood Services
RBC Legal Entity,10/05/2022,4676343,290598,MODUS CONSTRUCTION LTD,Corporate Maintenance Services,343.48,NNDR Pool,SUB-CONTRACTOR,STANDARD,4080,KAAA-Directorate of Economic Growth and Neighbourhood Services
RBC Legal Entity,10/05/2022,4676356,290598,MODUS CONSTRUCTION LTD,Corporate Maintenance Services,118.06,Leasing Costs,SUB-CONTRACTOR,STANDARD,4080,KAAA-Directorate of Economic Growth and Neighbourhood Services
RBC Legal Entity,10/05/2022,4676356,290598,MODUS CONSTRUCTION LTD,Corporate Maintenance Services,199.89,TPP  Contract,SUB-CONTRACTOR,STANDARD,4080,KAAA-Directorate of Economic Growth and Neighbourhood Services
RBC Legal Entity,10/05/2022,4676356,290598,MODUS CONSTRUCTION LTD,Corporate Maintenance Services,341.55,NNDR Pool,SUB-CONTRACTOR,STANDARD,4080,KAAA-Directorate of Economic Growth and Neighbourhood Services
RBC Legal Entity,10/05/2022,4676357,290598,MODUS CONSTRUCTION LTD,Corporate Maintenance Services,388.12,Leasing Costs,SUB-CONTRACTOR,STANDARD,4080,KAAA-Directorate of Economic Growth and Neighbourhood Services
RBC Legal Entity,10/05/2022,4676357,290598,MODUS CONSTRUCTION LTD,Corporate Maintenance Services,657.13,TPP  Contract,SUB-CONTRACTOR,STANDARD,4080,KAAA-Directorate of Economic Growth and Neighbourhood Services
RBC Legal Entity,10/05/2022,4676357,290598,MODUS CONSTRUCTION LTD,Corporate Maintenance Services,1122.77,NNDR Pool,SUB-CONTRACTOR,STANDARD,4080,KAAA-Directorate of Economic Growth and Neighbourhood Services
RBC Legal Entity,11/05/2022,4675761,316220,MORRIS & BLUNT,Repairs,10723.52,Decent Neighbourhood Funding,SUB-CONTRACTOR,STANDARD,5970,HAAA-Housing Revenue Account
RBC Legal Entity,11/05/2022,4679300,316221,M&R SERVICES,Private Sector Grants,1020,Grants (Paid out by RBC),SUB-CONTRACTOR,STANDARD,8500,ZZZC-Capital
RBC Legal Entity,11/05/2022,4676680,316224,STUART DIGGENS BUILDING & ROOFING LTD,Grounds Maintenance,75,Grounds Maintenance,SUB-CONTRACTOR,STANDARD,1306,KAAA-Directorate of Economic Growth and Neighbourhood Services
RBC Legal Entity,11/05/2022,4676680,316224,STUART DIGGENS BUILDING & ROOFING LTD,Grounds Maintenance,85,Grounds Maintenance,SUB-CONTRACTOR,STANDARD,1306,KAAA-Directorate of Economic Growth and Neighbourhood Services
RBC Legal Entity,11/05/2022,4676680,316224,STUART DIGGENS BUILDING & ROOFING LTD,Grounds Maintenance,725,Grounds Maintenance,SUB-CONTRACTOR,STANDARD,1306,KAAA-Directorate of Economic Growth and Neighbourhood Services
RBC Legal Entity,11/05/2022,4679306,316225,ROYAL MAIL GROUP LTD,IT Management,954.08,Courier/Cash Collection Serv.,Third Party Supplier,STANDARD,2300,EAAA-Chief Executive
RBC Legal Entity,11/05/2022,4679307,316225,ROYAL MAIL GROUP LTD,IT Management,797.47,Courier/Cash Collection Serv.,Third Party Supplier,STANDARD,2300,EAAA-Chief Executive
RBC Legal Entity,11/05/2022,4679835,316225,ROYAL MAIL GROUP LTD,Admin Account,2910,Postage Carriage Stamp Duty,Third Party Supplier,STANDARD,5960,HAAA-Housing Revenue Account
RBC Legal Entity,11/05/2022,4679313,316226,RIDGE & PARTNERS,HRA portfolio expansion,839.29,External Fees  Misc.,SUPPLIER,STANDARD,8518,ZZZC-Capital
RBC Legal Entity,11/05/2022,4679314,316226,RIDGE & PARTNERS,HRA portfolio expansion,639.52,External Fees  Misc.,SUPPLIER,STANDARD,8518,ZZZC-Capital
RBC Legal Entity,11/05/2022,4661262,316227,CIPFA,Organisational Change Delivery Unit,975,Consultancy Fees,Third Party Supplier,STANDARD,2005,LAAA-Directorate of Resources
RBC Legal Entity,11/05/2022,4661262,316227,CIPFA,Organisational Change Delivery Unit,8775,Consultancy Fees,Third Party Supplier,STANDARD,2005,LAAA-Directorate of Resources
RBC Legal Entity,11/05/2022,4679858,316227,CIPFA,Organisational Change Delivery Unit,5850,Consultancy Fees,Third Party Supplier,STANDARD,2005,LAAA-Directorate of Resources
RBC Legal Entity,11/05/2022,4679330,316228,OXFORD ROAD PRIMARY,Local Elections,900,Hire of halls,SUPPLIER,STANDARD,2425,LAAA-Directorate of Resources
RBC Legal Entity,11/05/2022,4673488,316229,SIMONE SURVEYS LTD,Traffic,540,Leasing Costs,SUB-CONTRACTOR,STANDARD,4703,KAAA-Directorate of Economic Growth and Neighbourhood Services
RBC Legal Entity,11/05/2022,4679212,316230,THE PALMER ACADEMY,Local Elections,925,Hire of halls,SUPPLIER,STANDARD,2425,LAAA-Directorate of Resources
RBC Legal Entity,11/05/2022,4679345,316231,NO THIRD ENTERTAINMENTS LTD,Hexagon Operations,-17398.99,Ticket SalesPerformances,Third Party Supplier,CREDIT,1200,KAAA-Directorate of Economic Growth and Neighbourhood Services
RBC Legal Entity,11/05/2022,4679345,316231,NO THIRD ENTERTAINMENTS LTD,Hexagon Operations,-1154.22,Fees + Commissions,Third Party Supplier,CREDIT,1200,KAAA-Directorate of Economic Growth and Neighbourhood Services
RBC Legal Entity,11/05/2022,4679345,316231,NO THIRD ENTERTAINMENTS LTD,Hexagon Operations,-760,Administration Charges,Third Party Supplier,CREDIT,1200,KAAA-Directorate of Economic Growth and Neighbourhood Services
RBC Legal Entity,11/05/2022,4679345,316231,NO THIRD ENTERTAINMENTS LTD,Hexagon Operations,-622.92,Credit Card Commission,Third Party Supplier,CREDIT,1200,KAAA-Directorate of Economic Growth and Neighbourhood Services
RBC Legal Entity,11/05/2022,4679345,316231,NO THIRD ENTERTAINMENTS LTD,Hexagon Operations,-242.03,Royalties,Third Party Supplier,CREDIT,1200,KAAA-Directorate of Economic Growth and Neighbourhood Services
RBC Legal Entity,11/05/2022,4679345,316231,NO THIRD ENTERTAINMENTS LTD,Hexagon Operations,-168,Security Charges,Third Party Supplier,CREDIT,1200,KAAA-Directorate of Economic Growth and Neighbourhood Services
RBC Legal Entity,11/05/2022,4679345,316231,NO THIRD ENTERTAINMENTS LTD,Hexagon Operations,-36.75,Sales  Surplus Equipment,Third Party Supplier,CREDIT,1200,KAAA-Directorate of Economic Growth and Neighbourhood Services
RBC Legal Entity,11/05/2022,4679345,316231,NO THIRD ENTERTAINMENTS LTD,Hexagon Operations,1190.97,Professional Fees,Third Party Supplier,STANDARD,1200,KAAA-Directorate of Economic Growth and Neighbourhood Services
RBC Legal Entity,11/05/2022,4679345,316231,NO THIRD ENTERTAINMENTS LTD,Hexagon Operations,12728.22,Professional Fees,Third Party Supplier,STANDARD,1200,KAAA-Directorate of Economic Growth and Neighbourhood Services
RBC Legal Entity,11/05/2022,4679345,316231,NO THIRD ENTERTAINMENTS LTD,Hexagon Performances,19191.94,Ticket SalesPerformances,Third Party Supplier,STANDARD,1202,KAAA-Directorate of Economic Growth and Neighbourhood Services
RBC Legal Entity,11/05/2022,4672418,316235,M & B ELECTRICAL SERVICES,Nrcot Nursery,5780,External Fees  Misc.,SUB-CONTRACTOR,STANDARD,8250,ZZZC-Capital
RBC Legal Entity,11/05/2022,4672423,316235,M & B ELECTRICAL SERVICES,Micklands Primary,10700,External Fees  Misc.,SUB-CONTRACTOR,STANDARD,8221,ZZZC-Capital
RBC Legal Entity,11/05/2022,4679228,316240,J H CRESSWELL & SONS LTD,Civil Engineering,12169.13,Winter Maintenance,SUB-CONTRACTOR,STANDARD,4550,KAAA-Directorate of Economic Growth and Neighbourhood Services
RBC Legal Entity,11/05/2022,4679297,316243,IMPACT RENOVATIONS LTD,Private Sector Grants,2975.84,Grants (Paid out by RBC),SUB-CONTRACTOR,STANDARD,8500,ZZZC-Capital
RBC Legal Entity,11/05/2022,4679349,316245,STAGE RIGHT PROMOTIONS LTD,Hexagon Operations,-10097.04,Ticket SalesPerformances,SUPPLIER,CREDIT,1200,KAAA-Directorate of Economic Growth and Neighbourhood Services
RBC Legal Entity,11/05/2022,4679349,316245,STAGE RIGHT PROMOTIONS LTD,Hexagon Operations,-1023.25,Administration Charges,SUPPLIER,CREDIT,1200,KAAA-Directorate of Economic Growth and Neighbourhood Services
RBC Legal Entity,11/05/2022,4679349,316245,STAGE RIGHT PROMOTIONS LTD,Cultural Services Marketing,-500,Publicity & Media Work,SUPPLIER,CREDIT,1235,KAAA-Directorate of Economic Growth and Neighbourhood Services
RBC Legal Entity,11/05/2022,4679349,316245,STAGE RIGHT PROMOTIONS LTD,Hexagon Operations,-471.65,Royalties,SUPPLIER,CREDIT,1200,KAAA-Directorate of Economic Growth and Neighbourhood Services
RBC Legal Entity,11/05/2022,4679349,316245,STAGE RIGHT PROMOTIONS LTD,Hexagon Operations,-380.91,Credit Card Commission,SUPPLIER,CREDIT,1200,KAAA-Directorate of Economic Growth and Neighbourhood Services
RBC Legal Entity,11/05/2022,4679349,316245,STAGE RIGHT PROMOTIONS LTD,Hexagon Operations,-280,Security Charges,SUPPLIER,CREDIT,1200,KAAA-Directorate of Economic Growth and Neighbourhood Services
RBC Legal Entity,11/05/2022,4679349,316245,STAGE RIGHT PROMOTIONS LTD,Hexagon Operations,500,Professional Fees,SUPPLIER,STANDARD,1200,KAAA-Directorate of Economic Growth and Neighbourhood Services
RBC Legal Entity,11/05/2022,4679349,316245,STAGE RIGHT PROMOTIONS LTD,Hexagon Operations,7072.78,Professional Fees,SUPPLIER,STANDARD,1200,KAAA-Directorate of Economic Growth and Neighbourhood Services
RBC Legal Entity,11/05/2022,4679349,316245,STAGE RIGHT PROMOTIONS LTD,Hexagon Performances,12252.85,Ticket SalesPerformances,SUPPLIER,STANDARD,1202,KAAA-Directorate of Economic Growth and Neighbourhood Services
RBC Legal Entity,11/05/2022,4675797,316246,ACCESS SELF STORAGE,Void Property Management,30,Property Management,SUPPLIER,STANDARD,5921,HAAA-Housing Revenue Account
RBC Legal Entity,11/05/2022,4675797,316246,ACCESS SELF STORAGE,Void Property Management,466.67,Property Management,SUPPLIER,STANDARD,5921,HAAA-Housing Revenue Account
RBC Legal Entity,11/05/2022,4678247,316255,BALFOUR BEATTY CIVIL ENGINEERING LIMITED,LEP Projects,627426.19,Contractors,SUB-CONTRACTOR,STANDARD,8806,ZZZC-Capital
RBC Legal Entity,11/05/2022,4672553,316258,BIOCRAFT LTD,DLO Day to Day Trades,1581.84,Subcontractors Labour,SUB-CONTRACTOR,STANDARD,4010,KAAA-Directorate of Economic Growth and Neighbourhood Services
RBC Legal Entity,11/05/2022,4672553,316258,BIOCRAFT LTD,DLO Day to Day Trades,2937.69,Subcontractors Labour,SUB-CONTRACTOR,STANDARD,4010,KAAA-Directorate of Economic Growth and Neighbourhood Services
RBC Legal Entity,11/05/2022,4679296,316260,FRIMLEY HEALTH NHS FOUNDATION TRUST,Coroner,32940.79,Misc. Legal Expenses,Third Party Supplier,STANDARD,4605,KAAA-Directorate of Economic Growth and Neighbourhood Services
RBC Legal Entity,11/05/2022,4676040,316261,REHABILITY UK COMMUNITY LTD,LD Community Services,1162.59,Purchased Care,Third Party Supplier,STANDARD,5741,JAAA-Directorate of Social Care and Health Services
RBC Legal Entity,11/05/2022,4676041,316261,REHABILITY UK COMMUNITY LTD,Mental Health Community Services,2496.95,Purchased Care,Third Party Supplier,STANDARD,5731,JAAA-Directorate of Social Care and Health Services
RBC Legal Entity,11/05/2022,4676042,316261,REHABILITY UK COMMUNITY LTD,LD Community Services,1610.17,Purchased Care,Third Party Supplier,STANDARD,5741,JAAA-Directorate of Social Care and Health Services
RBC Legal Entity,11/05/2022,4676043,316261,REHABILITY UK COMMUNITY LTD,LD Community Services,2923.66,Purchased Care,Third Party Supplier,STANDARD,5741,JAAA-Directorate of Social Care and Health Services
RBC Legal Entity,11/05/2022,4676044,316261,REHABILITY UK COMMUNITY LTD,LD Community Services,1583.53,Purchased Care,Third Party Supplier,STANDARD,5741,JAAA-Directorate of Social Care and Health Services
RBC Legal Entity,11/05/2022,4676045,316261,REHABILITY UK COMMUNITY LTD,Mental Health Community Services,2571.66,Purchased Care,Third Party Supplier,STANDARD,5731,JAAA-Directorate of Social Care and Health Services
RBC Legal Entity,11/05/2022,4676079,316261,REHABILITY UK COMMUNITY LTD,LD Community Services,1207.91,Purchased Care,Third Party Supplier,STANDARD,5741,JAAA-Directorate of Social Care and Health Services
RBC Legal Entity,11/05/2022,4679346,316263,SLAPSTICK FESTIVAL LTD,Hexagon Operations,-14435,Ticket SalesPerformances,Third Party Supplier,CREDIT,1200,KAAA-Directorate of Economic Growth and Neighbourhood Services
RBC Legal Entity,11/05/2022,4679346,316263,SLAPSTICK FESTIVAL LTD,Hexagon Operations,-2200,Hire of Function Rooms,Third Party Supplier,CREDIT,1200,KAAA-Directorate of Economic Growth and Neighbourhood Services
RBC Legal Entity,11/05/2022,4679346,316263,SLAPSTICK FESTIVAL LTD,Hexagon Operations,-1554,Administration Charges,Third Party Supplier,CREDIT,1200,KAAA-Directorate of Economic Growth and Neighbourhood Services
RBC Legal Entity,11/05/2022,4679346,316263,SLAPSTICK FESTIVAL LTD,Hexagon Operations,-433.05,Credit Card Commission,Third Party Supplier,CREDIT,1200,KAAA-Directorate of Economic Growth and Neighbourhood Services
RBC Legal Entity,11/05/2022,4679346,316263,SLAPSTICK FESTIVAL LTD,Cultural Services Marketing,-430,Publicity & Media Work,Third Party Supplier,CREDIT,1235,KAAA-Directorate of Economic Growth and Neighbourhood Services
RBC Legal Entity,11/05/2022,4679346,316263,SLAPSTICK FESTIVAL LTD,Hexagon Operations,-360.1,Equipment Hire,Third Party Supplier,CREDIT,1200,KAAA-Directorate of Economic Growth and Neighbourhood Services
RBC Legal Entity,11/05/2022,4679346,316263,SLAPSTICK FESTIVAL LTD,Hexagon Operations,-280,Security Charges,Third Party Supplier,CREDIT,1200,KAAA-Directorate of Economic Growth and Neighbourhood Services
RBC Legal Entity,11/05/2022,4679346,316263,SLAPSTICK FESTIVAL LTD,Hexagon Operations,-240.58,Royalties,Third Party Supplier,CREDIT,1200,KAAA-Directorate of Economic Growth and Neighbourhood Services
RBC Legal Entity,11/05/2022,4679346,316263,SLAPSTICK FESTIVAL LTD,Hexagon Operations,4732.48,Professional Fees,Third Party Supplier,STANDARD,1200,KAAA-Directorate of Economic Growth and Neighbourhood Services
RBC Legal Entity,11/05/2022,4679346,316263,SLAPSTICK FESTIVAL LTD,Hexagon Operations,9702.52,Professional Fees,Third Party Supplier,STANDARD,1200,KAAA-Directorate of Economic Growth and Neighbourhood Services
RBC Legal Entity,11/05/2022,4679346,316263,SLAPSTICK FESTIVAL LTD,Hexagon Performances,15989,Ticket SalesPerformances,Third Party Supplier,STANDARD,1202,KAAA-Directorate of Economic Growth and Neighbourhood Services
RBC Legal Entity,11/05/2022,4679299,316265,EDDIE PLUMBING SERVICES,Private Sector Grants,4707.63,Grants (Paid out by RBC),Third Party Supplier,STANDARD,8500,ZZZC-Capital
RBC Legal Entity,11/05/2022,4679260,316266,JACOBS UK LIMITED,Road Assessment Surveys,2130,Contractors,SUPPLIER,STANDARD,8874,ZZZC-Capital
RBC Legal Entity,11/05/2022,4678317,316267,ROWBERRY MORRIS SOLICITORS,JLT Disbursements,800,Misc. Legal Expenses,SUPPLIER,STANDARD,2407,LAAA-Directorate of Resources
RBC Legal Entity,11/05/2022,4679271,316268,GLENMAN CORPORATION LTD,HRA portfolio expansion,332837.32,External Fees  Misc.,SUB-CONTRACTOR,STANDARD,8518,ZZZC-Capital
RBC Legal Entity,11/05/2022,4672590,316269,QUALITY CARE & RECRUITMENT SOLUTIONS LTD,ASC Operational Management Team,4197,TPP to Others,Third Party Supplier,STANDARD,5309,JAAA-Directorate of Social Care and Health Services
RBC Legal Entity,11/05/2022,4672591,316269,QUALITY CARE & RECRUITMENT SOLUTIONS LTD,Safeguarding Adults,2477.4,Professional Fees,Third Party Supplier,STANDARD,5158,JAAA-Directorate of Social Care and Health Services
RBC Legal Entity,11/05/2022,4679235,316271,DDC FOODS LTD,Hexagon Catering,534.82,Purchases - Stock Provisions,Third Party Supplier,STANDARD,1241,KAAA-Directorate of Economic Growth and Neighbourhood Services
RBC Legal Entity,12/05/2022,4672546,316273,ANTALIS LTD,Printing,541.16,Stationery  Consumables,Third Party Supplier,STANDARD,2590,KAAA-Directorate of Economic Growth and Neighbourhood Services
RBC Legal Entity,12/05/2022,4676221,316274,MODES USERS ASSOCIATION,Town Hall - Museum,667.5,PurchaseComputer Equipt,SUPPLIER,STANDARD,1255,KAAA-Directorate of Economic Growth and Neighbourhood Services
RBC Legal Entity,12/05/2022,4679957,316275,ROBINSON TRANSPORT & REMOVALS LTD,Allocation,480,Special Measures Expenses,SUPPLIER,STANDARD,5980,HAAA-Housing Revenue Account
RBC Legal Entity,12/05/2022,4679958,316275,ROBINSON TRANSPORT & REMOVALS LTD,Allocation,-2280,Special Measures Expenses,SUPPLIER,CREDIT,5980,HAAA-Housing Revenue Account
RBC Legal Entity,12/05/2022,4679959,316275,ROBINSON TRANSPORT & REMOVALS LTD,Allocation,2280,Special Measures Expenses,SUPPLIER,STANDARD,5980,HAAA-Housing Revenue Account
RBC Legal Entity,12/05/2022,4673110,316277,ACTIVE ASSISTANCE,PS Acquired Community Services,952.83,Purchased Care,SUPPLIER,STANDARD,5771,JAAA-Directorate of Social Care and Health Services
RBC Legal Entity,12/05/2022,4673111,316277,ACTIVE ASSISTANCE,PS Acquired Community Services,634.34,Purchased Care,SUPPLIER,STANDARD,5771,JAAA-Directorate of Social Care and Health Services
RBC Legal Entity,12/05/2022,4673112,316277,ACTIVE ASSISTANCE,PS Acquired Community Services,634.34,Purchased Care,SUPPLIER,STANDARD,5771,JAAA-Directorate of Social Care and Health Services
RBC Legal Entity,12/05/2022,4676206,316278,BIDVEST FOODSERVICE (BIDFOOD),Hexagon Catering,541.72,Purchases - Stock Provisions,Third Party Supplier,STANDARD,1241,KAAA-Directorate of Economic Growth and Neighbourhood Services
RBC Legal Entity,12/05/2022,4679955,316279,CAPITA BUSINESS SERVICES LTD,Revenues & Benefits Systems,18000,TPP  Contract,Third Party Supplier,STANDARD,2266,LAAA-Directorate of Resources
RBC Legal Entity,12/05/2022,4679983,316279,CAPITA BUSINESS SERVICES LTD,Revenues & Benefits Systems,-1170,TPP  Contract,Third Party Supplier,CREDIT,2266,LAAA-Directorate of Resources
RBC Legal Entity,12/05/2022,4679996,316282,AMBLEGLOW,Parking Strategy,377,Advertising Costs,Third Party Supplier,STANDARD,8847,ZZZC-Capital
RBC Legal Entity,12/05/2022,4679996,316282,AMBLEGLOW,Parking Strategy,377,Advertising Costs,Third Party Supplier,STANDARD,8847,ZZZC-Capital
RBC Legal Entity,12/05/2022,4676217,316283,THE WELDING SHOP LTD,Payroll + Payments A/c,-500,System Creditors,SUB-CONTRACTOR,CREDIT,9823,ZZZB-Balance Sheet
RBC Legal Entity,12/05/2022,4676217,316283,THE WELDING SHOP LTD,Grounds Maintenance,2500,TPP to Others,SUB-CONTRACTOR,STANDARD,1306,KAAA-Directorate of Economic Growth and Neighbourhood Services
RBC Legal Entity,12/05/2022,4676217,316283,THE WELDING SHOP LTD,Grounds Maintenance,6820,TPP to Others,SUB-CONTRACTOR,STANDARD,1306,KAAA-Directorate of Economic Growth and Neighbourhood Services
RBC Legal Entity,12/05/2022,4673489,316285,GEORGE HENRY RELAY (OXFORD) LTD,Repairs,457.75,Essential Cyclical Insp. + Mai,SUB-CONTRACTOR,STANDARD,5970,HAAA-Housing Revenue Account
RBC Legal Entity,12/05/2022,4672432,316286,JLA GROUP OF COMPANIES,Sheltered Housing,1545,Equipment Purchase & Repair,SUPPLIER,STANDARD,5940,HAAA-Housing Revenue Account
RBC Legal Entity,12/05/2022,4679972,316289,THAMESIDE PRIMARY SCHOOL,Local Elections,800,Hire of halls,SUPPLIER,STANDARD,2425,LAAA-Directorate of Resources
RBC Legal Entity,12/05/2022,4680161,316290,NEW BRIDGE NURSERY SCHOOL,Local Elections,1350,Hire of halls,GOVERNMENT,STANDARD,2425,LAAA-Directorate of Resources
RBC Legal Entity,12/05/2022,4679895,316292,MCCARTHY PROPERTIES READING LTD,Guaranteed Rent Scheme,792.83,Rents,Landlord,STANDARD,5872,KAAA-Directorate of Economic Growth and Neighbourhood Services
RBC Legal Entity,12/05/2022,4673307,316293,SMS ENVIRONMENTAL LTD,Repairs,660.83,Essential Cyclical Insp. + Mai,SUB-CONTRACTOR,STANDARD,5970,HAAA-Housing Revenue Account
RBC Legal Entity,12/05/2022,4673307,316293,SMS ENVIRONMENTAL LTD,Corporate Maintenance Services,762.72,Leasing Costs,SUB-CONTRACTOR,STANDARD,4080,KAAA-Directorate of Economic Growth and Neighbourhood Services
RBC Legal Entity,12/05/2022,4673307,316293,SMS ENVIRONMENTAL LTD,Corporate Maintenance Services,961.45,Precepts,SUB-CONTRACTOR,STANDARD,4080,KAAA-Directorate of Economic Growth and Neighbourhood Services
RBC Legal Entity,12/05/2022,4673308,316293,SMS ENVIRONMENTAL LTD,Repairs,524.23,Essential Cyclical Insp. + Mai,SUB-CONTRACTOR,STANDARD,5970,HAAA-Housing Revenue Account
RBC Legal Entity,12/05/2022,4673308,316293,SMS ENVIRONMENTAL LTD,Corporate Maintenance Services,605.05,Leasing Costs,SUB-CONTRACTOR,STANDARD,4080,KAAA-Directorate of Economic Growth and Neighbourhood Services
RBC Legal Entity,12/05/2022,4673308,316293,SMS ENVIRONMENTAL LTD,Corporate Maintenance Services,762.72,Precepts,SUB-CONTRACTOR,STANDARD,4080,KAAA-Directorate of Economic Growth and Neighbourhood Services
RBC Legal Entity,12/05/2022,4673309,316293,SMS ENVIRONMENTAL LTD,Repairs,301.8,Essential Cyclical Insp. + Mai,SUB-CONTRACTOR,STANDARD,5970,HAAA-Housing Revenue Account
RBC Legal Entity,12/05/2022,4673309,316293,SMS ENVIRONMENTAL LTD,Corporate Maintenance Services,348.34,Leasing Costs,SUB-CONTRACTOR,STANDARD,4080,KAAA-Directorate of Economic Growth and Neighbourhood Services
RBC Legal Entity,12/05/2022,4673309,316293,SMS ENVIRONMENTAL LTD,Corporate Maintenance Services,439.11,Precepts,SUB-CONTRACTOR,STANDARD,4080,KAAA-Directorate of Economic Growth and Neighbourhood Services
RBC Legal Entity,12/05/2022,4673310,316293,SMS ENVIRONMENTAL LTD,Corporate Maintenance Services,700,TPP  Contract,SUB-CONTRACTOR,STANDARD,4080,KAAA-Directorate of Economic Growth and Neighbourhood Services
RBC Legal Entity,12/05/2022,4673311,316293,SMS ENVIRONMENTAL LTD,Repairs,152.39,Essential Cyclical Insp. + Mai,SUB-CONTRACTOR,STANDARD,5970,HAAA-Housing Revenue Account
RBC Legal Entity,12/05/2022,4673311,316293,SMS ENVIRONMENTAL LTD,Corporate Maintenance Services,175.89,Leasing Costs,SUB-CONTRACTOR,STANDARD,4080,KAAA-Directorate of Economic Growth and Neighbourhood Services
RBC Legal Entity,12/05/2022,4673311,316293,SMS ENVIRONMENTAL LTD,Corporate Maintenance Services,221.72,Precepts,SUB-CONTRACTOR,STANDARD,4080,KAAA-Directorate of Economic Growth and Neighbourhood Services
RBC Legal Entity,12/05/2022,4679946,316294,ASSN OF ELECTORAL ADMINISTRATORS,Local Elections,2456.9,Training & Development Costs,SUPPLIER,STANDARD,2425,LAAA-Directorate of Resources
RBC Legal Entity,12/05/2022,4677192,316298,GREENWICH LEISURE LIMITED,Leisure Review,5200,External Fees  Misc.,Third Party Supplier,STANDARD,8016,ZZZC-Capital
RBC Legal Entity,12/05/2022,4677194,316298,GREENWICH LEISURE LIMITED,Leisure Review,3580,External Fees  Misc.,Third Party Supplier,STANDARD,8016,ZZZC-Capital
RBC Legal Entity,12/05/2022,4675828,316299,PORTSDOWN OFFICE LTD,Corporate FM - Office Buildings,1213.2,Equipment Purchase & Repair,Third Party Supplier,STANDARD,3738,KAAA-Directorate of Economic Growth and Neighbourhood Services
RBC Legal Entity,12/05/2022,4680127,316300,TRAVELERS INSURANCE COMPANY LTD,Core Insurance Programme from 01.04.2015,1984.2,Expenditure,SUPPLIER,STANDARD,9805,ZZZB-Balance Sheet
RBC Legal Entity,12/05/2022,4672307,316302,THE GRAPHIC DESIGN HOUSE,Cultural Services Marketing,764,Publicity & Media Work,SUPPLIER,STANDARD,1235,KAAA-Directorate of Economic Growth and Neighbourhood Services
RBC Legal Entity,12/05/2022,4672399,316303,MR NICHOLAS GOODWIN,JLT Disbursements,3300,Misc. Legal Expenses,SUPPLIER,STANDARD,2407,LAAA-Directorate of Resources
RBC Legal Entity,12/05/2022,4672374,316306,FCC RECYCLING (UK) LTD,Refuse Collection,7190.75,Tipping Charge,SUPPLIER,STANDARD,4561,KAAA-Directorate of Economic Growth and Neighbourhood Services
RBC Legal Entity,12/05/2022,4672394,316306,FCC RECYCLING (UK) LTD,Grounds Maintenance,922.34,Parks Tipping,SUPPLIER,STANDARD,1306,KAAA-Directorate of Economic Growth and Neighbourhood Services
RBC Legal Entity,12/05/2022,4680163,316307,GALLAGHER BASSETT INTERNATIONAL LTD,Core Insurance Programme from 01.04.2015,600,Expenditure,Third Party Supplier,STANDARD,9805,ZZZB-Balance Sheet
RBC Legal Entity,12/05/2022,4680163,316307,GALLAGHER BASSETT INTERNATIONAL LTD,Core Insurance Programme from 01.04.2015,1450,Expenditure,Third Party Supplier,STANDARD,9805,ZZZB-Balance Sheet
RBC Legal Entity,12/05/2022,4680163,316307,GALLAGHER BASSETT INTERNATIONAL LTD,Core Insurance Programme from 01.04.2015,1700,Expenditure,Third Party Supplier,STANDARD,9805,ZZZB-Balance Sheet
RBC Legal Entity,12/05/2022,4680163,316307,GALLAGHER BASSETT INTERNATIONAL LTD,Core Insurance Programme from 01.04.2015,2375,Expenditure,Third Party Supplier,STANDARD,9805,ZZZB-Balance Sheet
RBC Legal Entity,12/05/2022,4680163,316307,GALLAGHER BASSETT INTERNATIONAL LTD,Core Insurance Programme from 01.04.2015,2737.5,Expenditure,Third Party Supplier,STANDARD,9805,ZZZB-Balance Sheet
RBC Legal Entity,12/05/2022,4659956,316308,READING HAMPSHIRE PROPERTY PARTNERSHIP LIMITED,Sundry Properties,6107.25,TPP  Contract,Third Party Supplier,STANDARD,2125,KAAA-Directorate of Economic Growth and Neighbourhood Services
RBC Legal Entity,12/05/2022,4679967,316309,LEXTOX,JLT Disbursements,764,Misc. Legal Expenses,SUPPLIER,STANDARD,2407,LAAA-Directorate of Resources
RBC Legal Entity,12/05/2022,4679922,316310,PROVIDE SESS LTD,The Records Centre,1092.75,Other Office Expenses,Third Party Supplier,STANDARD,1257,KAAA-Directorate of Economic Growth and Neighbourhood Services
RBC Legal Entity,12/05/2022,4679953,316310,PROVIDE SESS LTD,The Records Centre,1128,Security Charges,Third Party Supplier,STANDARD,1257,KAAA-Directorate of Economic Growth and Neighbourhood Services
RBC Legal Entity,12/05/2022,4679954,316310,PROVIDE SESS LTD,The Records Centre,987,Security Charges,Third Party Supplier,STANDARD,1257,KAAA-Directorate of Economic Growth and Neighbourhood Services
RBC Legal Entity,12/05/2022,4679948,316311,CASTLEACRE INSURANCE SERVICES LTD,Archives General,8960,Insurance  External,SUPPLIER,STANDARD,1256,KAAA-Directorate of Economic Growth and Neighbourhood Services
RBC Legal Entity,12/05/2022,4678251,316312,SLOUGH BOROUGH COUNCIL,Traffic,19800,TPP  Contract,GOVERNMENT,STANDARD,4703,KAAA-Directorate of Economic Growth and Neighbourhood Services
RBC Legal Entity,12/05/2022,4679903,316314,AQSA QURESHI,Guaranteed Rent Scheme,812.05,Rents,SUPPLIER,STANDARD,5872,KAAA-Directorate of Economic Growth and Neighbourhood Services
RBC Legal Entity,12/05/2022,4676618,316315,TRUSTID LTD,Customer Services - Reception,2000,Subscriptions,Third Party Supplier,STANDARD,2595,LAAA-Directorate of Resources
RBC Legal Entity,12/05/2022,4673273,316316,HANNAH SLARKS,JLT Disbursements,525,Misc. Legal Expenses,INDIVIDUAL,STANDARD,2407,LAAA-Directorate of Resources
RBC Legal Entity,12/05/2022,4674345,316317,HAZLEMERE WINDOW COMPANY LTD,The Hill Primary,16856.98,External Fees  Misc.,SUB-CONTRACTOR,STANDARD,8218,ZZZC-Capital
RBC Legal Entity,12/05/2022,4679926,316319,GEORGE HALLMEY,Guaranteed Rent Scheme,687.12,Rents,SUPPLIER,STANDARD,5872,KAAA-Directorate of Economic Growth and Neighbourhood Services
RBC Legal Entity,12/05/2022,4676418,316322,MODUS CONSTRUCTION LTD,Corporate Maintenance Services,166,Leasing Costs,SUB-CONTRACTOR,STANDARD,4080,KAAA-Directorate of Economic Growth and Neighbourhood Services
RBC Legal Entity,12/05/2022,4676418,316322,MODUS CONSTRUCTION LTD,Corporate Maintenance Services,281.06,TPP  Contract,SUB-CONTRACTOR,STANDARD,4080,KAAA-Directorate of Economic Growth and Neighbourhood Services
RBC Legal Entity,12/05/2022,4676418,316322,MODUS CONSTRUCTION LTD,Corporate Maintenance Services,480.24,NNDR Pool,SUB-CONTRACTOR,STANDARD,4080,KAAA-Directorate of Economic Growth and Neighbourhood Services
RBC Legal Entity,12/05/2022,4679971,316324,Brighter Futures for Children,School Grants Holding Account,125640,School Transfer Payment,INTERNAL,STANDARD,3295,NAAA-Former Directorate of Education and Childrens Services
RBC Legal Entity,12/05/2022,4677344,316327,IBIS STYLES READING CENTRE,Single Homelessness Grants,46.67,Preventive+SupportiveServ,Third Party Supplier,STANDARD,5860,KAAA-Directorate of Economic Growth and Neighbourhood Services
RBC Legal Entity,12/05/2022,4677344,316327,IBIS STYLES READING CENTRE,Single Homelessness Grants,134.6,Preventive+SupportiveServ,Third Party Supplier,STANDARD,5860,KAAA-Directorate of Economic Growth and Neighbourhood Services
RBC Legal Entity,12/05/2022,4677344,316327,IBIS STYLES READING CENTRE,Single Homelessness Grants,538.48,Preventive+SupportiveServ,Third Party Supplier,STANDARD,5860,KAAA-Directorate of Economic Growth and Neighbourhood Services
RBC Legal Entity,12/05/2022,4672585,316328,TRUSTMARQUE SOLUTIONS LIMITED,IT Management,885,Software Licences,Third Party Supplier,STANDARD,2300,EAAA-Chief Executive
RBC Legal Entity,12/05/2022,4672586,316328,TRUSTMARQUE SOLUTIONS LIMITED,IT Management,27473.74,Software Licences,Third Party Supplier,STANDARD,2300,EAAA-Chief Executive
RBC Legal Entity,12/05/2022,4662792,316329,BENTLEY LODGE CARE HOME LTD,PS Acquired Nursing,3000,Purchased Care,Third Party Supplier,STANDARD,5773,JAAA-Directorate of Social Care and Health Services
RBC Legal Entity,12/05/2022,4679965,316331,THE MODERN FAMILY LAW COMPANY,JLT Disbursements,3605,Misc. Legal Expenses,Third Party Supplier,STANDARD,2407,LAAA-Directorate of Resources
RBC Legal Entity,12/05/2022,4679897,316332,JOHN AND JEAN MEIGHEN,Guaranteed Rent Scheme,694.59,Rents,Landlord,STANDARD,5872,KAAA-Directorate of Economic Growth and Neighbourhood Services
RBC Legal Entity,12/05/2022,4679893,316333,RIVERSIDE ENVIRONMENTAL SERVICES LTD,Repairs,1874,Asbestos,Third Party Supplier,STANDARD,5970,HAAA-Housing Revenue Account
RBC Legal Entity,12/05/2022,4679893,316333,RIVERSIDE ENVIRONMENTAL SERVICES LTD,Repairs,12731,Asbestos,Third Party Supplier,STANDARD,5970,HAAA-Housing Revenue Account
RBC Legal Entity,12/05/2022,4663755,316336,KCOM GROUP LTD,IT Management,902.88,"Internet Connections, etc",Third Party Supplier,STANDARD,2300,EAAA-Chief Executive
RBC Legal Entity,12/05/2022,4672400,316340,MEON LTD,Highways,40,Materials Direct,SUB-CONTRACTOR,STANDARD,4252,KAAA-Directorate of Economic Growth and Neighbourhood Services
RBC Legal Entity,12/05/2022,4672400,316340,MEON LTD,Highways,789.36,Materials Direct,SUB-CONTRACTOR,STANDARD,4252,KAAA-Directorate of Economic Growth and Neighbourhood Services
RBC Legal Entity,12/05/2022,4679896,316341,H Y ESTATE LTD,Guaranteed Rent Scheme,792.83,Rents,Landlord,STANDARD,5872,KAAA-Directorate of Economic Growth and Neighbourhood Services
RBC Legal Entity,12/05/2022,4672562,316342,PHILIPPA PARRY-JONES,JLT Disbursements,1690,Misc. Legal Expenses,INDIVIDUAL,STANDARD,2407,LAAA-Directorate of Resources
RBC Legal Entity,12/05/2022,4679901,316343,KATHLEEN ARBUCKLE,Guaranteed Rent Scheme,947.4,Rents,Direct Payments,STANDARD,5872,KAAA-Directorate of Economic Growth and Neighbourhood Services
RBC Legal Entity,13/05/2022,4676912,316345,SALIS CARE LTD,Mental Health Community Services,3801,Purchased Care,SUPPLIER,STANDARD,5731,JAAA-Directorate of Social Care and Health Services
RBC Legal Entity,13/05/2022,4680316,316346,ENRICHED CARE SUPPORT SERVICES LTD,Mental Health Community Services,2301.3,Purchased Care,Third Party Supplier,STANDARD,5731,JAAA-Directorate of Social Care and Health Services
RBC Legal Entity,13/05/2022,4680317,316346,ENRICHED CARE SUPPORT SERVICES LTD,Mental Health Community Services,9205.2,Purchased Care,Third Party Supplier,STANDARD,5731,JAAA-Directorate of Social Care and Health Services
RBC Legal Entity,13/05/2022,4674290,316347,NEW WOKINGHAM RD SURGERY,Berkshire West Public Health Hub,957,NHS Trusts,GOVERNMENT,STANDARD,2002,JAAA-Directorate of Social Care and Health Services
RBC Legal Entity,13/05/2022,4672587,316348,TOTAL COMPUTER NETWORKS LTD,IT Management,8390,Computer Consumables,Third Party Supplier,STANDARD,2300,EAAA-Chief Executive
RBC Legal Entity,13/05/2022,4680785,316349,AMY EPHGRAVE,JLT Disbursements,1360,Misc. Legal Expenses,INDIVIDUAL,STANDARD,2407,LAAA-Directorate of Resources
RBC Legal Entity,13/05/2022,4672516,316350,RUSSELL CALIGARI,Town Hall - Museum,500,Display/Museum Exhibits,Third Party Supplier,STANDARD,1255,KAAA-Directorate of Economic Growth and Neighbourhood Services
RBC Legal Entity,13/05/2022,4672564,316351,ADAM KAYANI,JLT Disbursements,600,Misc. Legal Expenses,Third Party Supplier,STANDARD,2407,LAAA-Directorate of Resources
RBC Legal Entity,13/05/2022,4662564,316352,INDIVIDUAL ARTIST MANAGEMENT LTD,South Street Operations,-1906.22,Ticket SalesPerformances,Third Party Supplier,CREDIT,1220,KAAA-Directorate of Economic Growth and Neighbourhood Services
RBC Legal Entity,13/05/2022,4662564,316352,INDIVIDUAL ARTIST MANAGEMENT LTD,South Street Operations,-227.56,Administration Charges,Third Party Supplier,CREDIT,1220,KAAA-Directorate of Economic Growth and Neighbourhood Services
RBC Legal Entity,13/05/2022,4662564,316352,INDIVIDUAL ARTIST MANAGEMENT LTD,South Street Operations,-66.72,Credit Card Commission,Third Party Supplier,CREDIT,1220,KAAA-Directorate of Economic Growth and Neighbourhood Services
RBC Legal Entity,13/05/2022,4662564,316352,INDIVIDUAL ARTIST MANAGEMENT LTD,South Street Operations,-3.95,Royalties,Third Party Supplier,CREDIT,1220,KAAA-Directorate of Economic Growth and Neighbourhood Services
RBC Legal Entity,13/05/2022,4662564,316352,INDIVIDUAL ARTIST MANAGEMENT LTD,South Street Operations,1429.66,Professional Fees,Third Party Supplier,STANDARD,1220,KAAA-Directorate of Economic Growth and Neighbourhood Services
RBC Legal Entity,13/05/2022,4662564,316352,INDIVIDUAL ARTIST MANAGEMENT LTD,Hexagon Performances,2204.45,Ticket SalesPerformances,Third Party Supplier,STANDARD,1202,KAAA-Directorate of Economic Growth and Neighbourhood Services
RBC Legal Entity,13/05/2022,4675838,316353,WJ SOUTH LTD,Civil Engineering,1272.38,H.M.Road Markings,SUB-CONTRACTOR,STANDARD,4550,KAAA-Directorate of Economic Growth and Neighbourhood Services
RBC Legal Entity,13/05/2022,4680830,316354,ETERNAL READING HOMECARE,PS Acquired Community Services,926.84,Purchased Care,Third Party Supplier,STANDARD,5771,JAAA-Directorate of Social Care and Health Services
RBC Legal Entity,13/05/2022,4680831,316354,ETERNAL READING HOMECARE,PS Acquired Community Services,2484.72,Purchased Care,Third Party Supplier,STANDARD,5771,JAAA-Directorate of Social Care and Health Services
RBC Legal Entity,13/05/2022,4680833,316354,ETERNAL READING HOMECARE,PS Acquired Community Services,552.16,Purchased Care,Third Party Supplier,STANDARD,5771,JAAA-Directorate of Social Care and Health Services
RBC Legal Entity,13/05/2022,4680835,316354,ETERNAL READING HOMECARE,PS Acquired Community Services,2484.72,Purchased Care,Third Party Supplier,STANDARD,5771,JAAA-Directorate of Social Care and Health Services
RBC Legal Entity,13/05/2022,4680840,316354,ETERNAL READING HOMECARE,PS Acquired Community Services,1666.34,Purchased Care,Third Party Supplier,STANDARD,5771,JAAA-Directorate of Social Care and Health Services
RBC Legal Entity,13/05/2022,4680842,316354,ETERNAL READING HOMECARE,PS Acquired Community Services,872.61,Purchased Care,Third Party Supplier,STANDARD,5771,JAAA-Directorate of Social Care and Health Services
RBC Legal Entity,13/05/2022,4680843,316354,ETERNAL READING HOMECARE,PS Acquired Community Services,2484.72,Purchased Care,Third Party Supplier,STANDARD,5771,JAAA-Directorate of Social Care and Health Services
RBC Legal Entity,13/05/2022,4680844,316354,ETERNAL READING HOMECARE,PS Acquired Community Services,2307.24,Purchased Care,Third Party Supplier,STANDARD,5771,JAAA-Directorate of Social Care and Health Services
RBC Legal Entity,13/05/2022,4680780,316357,DR GERRIE HOLLOWAY,JLT Disbursements,1645.14,Misc. Legal Expenses,INDIVIDUAL,STANDARD,2407,LAAA-Directorate of Resources
RBC Legal Entity,13/05/2022,4676403,316363,BIDVEST FOODSERVICE (BIDFOOD),Hexagon Catering,558.6,Purchases - Stock Provisions,Third Party Supplier,STANDARD,1241,KAAA-Directorate of Economic Growth and Neighbourhood Services
RBC Legal Entity,13/05/2022,4680318,316365,CHILMINGTON HOMES LIMITED,LD Community Services,6312.04,Purchased Care,Third Party Supplier,STANDARD,5741,JAAA-Directorate of Social Care and Health Services
RBC Legal Entity,13/05/2022,4680319,316365,CHILMINGTON HOMES LIMITED,LD Community Services,1315.73,Purchased Care,Third Party Supplier,STANDARD,5741,JAAA-Directorate of Social Care and Health Services
RBC Legal Entity,13/05/2022,4680320,316365,CHILMINGTON HOMES LIMITED,LD Community Services,1135.76,Purchased Care,Third Party Supplier,STANDARD,5741,JAAA-Directorate of Social Care and Health Services
RBC Legal Entity,13/05/2022,4680347,316365,CHILMINGTON HOMES LIMITED,LD Community Services,1135.76,Purchased Care,Third Party Supplier,STANDARD,5741,JAAA-Directorate of Social Care and Health Services
RBC Legal Entity,13/05/2022,4680424,316365,CHILMINGTON HOMES LIMITED,LD Community Services,6312.04,Purchased Care,Third Party Supplier,STANDARD,5741,JAAA-Directorate of Social Care and Health Services
RBC Legal Entity,13/05/2022,4680425,316365,CHILMINGTON HOMES LIMITED,LD Community Services,1067.2,Purchased Care,Third Party Supplier,STANDARD,5741,JAAA-Directorate of Social Care and Health Services
RBC Legal Entity,13/05/2022,4680426,316365,CHILMINGTON HOMES LIMITED,LD Community Services,1050.06,Purchased Care,Third Party Supplier,STANDARD,5741,JAAA-Directorate of Social Care and Health Services
RBC Legal Entity,13/05/2022,4680427,316365,CHILMINGTON HOMES LIMITED,LD Community Services,1101.48,Purchased Care,Third Party Supplier,STANDARD,5741,JAAA-Directorate of Social Care and Health Services
RBC Legal Entity,13/05/2022,4680443,316365,CHILMINGTON HOMES LIMITED,LD Community Services,6312.04,Purchased Care,Third Party Supplier,STANDARD,5741,JAAA-Directorate of Social Care and Health Services
RBC Legal Entity,13/05/2022,4680444,316365,CHILMINGTON HOMES LIMITED,LD Community Services,1110.05,Purchased Care,Third Party Supplier,STANDARD,5741,JAAA-Directorate of Social Care and Health Services
RBC Legal Entity,13/05/2022,4680445,316365,CHILMINGTON HOMES LIMITED,LD Community Services,1067.2,Purchased Care,Third Party Supplier,STANDARD,5741,JAAA-Directorate of Social Care and Health Services
RBC Legal Entity,13/05/2022,4680447,316365,CHILMINGTON HOMES LIMITED,LD Community Services,1084.34,Purchased Care,Third Party Supplier,STANDARD,5741,JAAA-Directorate of Social Care and Health Services
RBC Legal Entity,13/05/2022,4680533,316365,CHILMINGTON HOMES LIMITED,LD Community Services,6312.04,Purchased Care,Third Party Supplier,STANDARD,5741,JAAA-Directorate of Social Care and Health Services
RBC Legal Entity,13/05/2022,4680534,316365,CHILMINGTON HOMES LIMITED,LD Community Services,1067.2,Purchased Care,Third Party Supplier,STANDARD,5741,JAAA-Directorate of Social Care and Health Services
RBC Legal Entity,13/05/2022,4680535,316365,CHILMINGTON HOMES LIMITED,LD Community Services,1062.92,Purchased Care,Third Party Supplier,STANDARD,5741,JAAA-Directorate of Social Care and Health Services
RBC Legal Entity,13/05/2022,4680536,316365,CHILMINGTON HOMES LIMITED,LD Community Services,1118.62,Purchased Care,Third Party Supplier,STANDARD,5741,JAAA-Directorate of Social Care and Health Services
RBC Legal Entity,13/05/2022,4679275,316366,RAINBOW CARPETS,Safer Community Unit,825,Special Measures Expenses,SUPPLIER,STANDARD,5365,KAAA-Directorate of Economic Growth and Neighbourhood Services
RBC Legal Entity,13/05/2022,4680762,316367,BERKSHIRE AUTISTIC SOCIETY,Test and Trace,4718,GrantsVolunt.Organ.,SUPPLIER,STANDARD,2068,JAAA-Directorate of Social Care and Health Services
RBC Legal Entity,13/05/2022,4680601,316368,PURLEY PARK TRUST LTD,LD Community Services,4049.08,Purchased Care,Third Party Supplier,STANDARD,5741,JAAA-Directorate of Social Care and Health Services
RBC Legal Entity,13/05/2022,4680602,316368,PURLEY PARK TRUST LTD,PS Acquired Community Services,7098.28,Purchased Care,Third Party Supplier,STANDARD,5771,JAAA-Directorate of Social Care and Health Services
RBC Legal Entity,13/05/2022,4680604,316368,PURLEY PARK TRUST LTD,LD Community Services,3439.24,Purchased Care,Third Party Supplier,STANDARD,5741,JAAA-Directorate of Social Care and Health Services
RBC Legal Entity,13/05/2022,4676253,316373,VODAFONE LIMITED,IT Management,2059.53,"Internet Connections, etc",SUB-CONTRACTOR,STANDARD,2300,EAAA-Chief Executive
RBC Legal Entity,13/05/2022,4680800,316377,CLC CONTRACTORS LTD,Repairs,21915.92,OAP Decorations,SUB-CONTRACTOR,STANDARD,5970,HAAA-Housing Revenue Account
RBC Legal Entity,13/05/2022,4680804,316380,MICKLANDS PRIMARY,Local Elections,1000,Hire of halls,SUPPLIER,STANDARD,2425,LAAA-Directorate of Resources
RBC Legal Entity,13/05/2022,4680563,316381,A2 DOMINION GROUP,PS Acquired Community Services,1525.19,Purchased Care,Third Party Supplier,STANDARD,5771,JAAA-Directorate of Social Care and Health Services
RBC Legal Entity,13/05/2022,4680566,316381,A2 DOMINION GROUP,PS Acquired Community Services,714,Purchased Care,Third Party Supplier,STANDARD,5771,JAAA-Directorate of Social Care and Health Services
RBC Legal Entity,13/05/2022,4680568,316381,A2 DOMINION GROUP,PS Acquired Community Services,1903.44,Purchased Care,Third Party Supplier,STANDARD,5771,JAAA-Directorate of Social Care and Health Services
RBC Legal Entity,13/05/2022,4680570,316381,A2 DOMINION GROUP,M&C Acquired Community Services,951.72,Purchased Care,Third Party Supplier,STANDARD,5751,JAAA-Directorate of Social Care and Health Services
RBC Legal Entity,13/05/2022,4680571,316381,A2 DOMINION GROUP,PS Acquired Community Services,1070.72,Purchased Care,Third Party Supplier,STANDARD,5771,JAAA-Directorate of Social Care and Health Services
RBC Legal Entity,13/05/2022,4680573,316381,A2 DOMINION GROUP,PS Acquired Community Services,966.28,Purchased Care,Third Party Supplier,STANDARD,5771,JAAA-Directorate of Social Care and Health Services
RBC Legal Entity,13/05/2022,4680578,316381,A2 DOMINION GROUP,PS Acquired Community Services,2622.76,Purchased Care,Third Party Supplier,STANDARD,5771,JAAA-Directorate of Social Care and Health Services
RBC Legal Entity,13/05/2022,4680580,316381,A2 DOMINION GROUP,PS Acquired Community Services,631.04,Purchased Care,Third Party Supplier,STANDARD,5771,JAAA-Directorate of Social Care and Health Services
RBC Legal Entity,13/05/2022,4680581,316381,A2 DOMINION GROUP,PS Acquired Community Services,690.2,Purchased Care,Third Party Supplier,STANDARD,5771,JAAA-Directorate of Social Care and Health Services
RBC Legal Entity,13/05/2022,4676218,316382,SIMONE SURVEYS LTD,Strategic Transport & Concessionary Fares,1550,TPP to Others,SUB-CONTRACTOR,STANDARD,4726,KAAA-Directorate of Economic Growth and Neighbourhood Services
RBC Legal Entity,13/05/2022,4680852,316384,ZURICH INSURANCE PLC,Self Insurance _ Unitary Authority,45,Expenditure,SUPPLIER,STANDARD,9801,ZZZB-Balance Sheet
RBC Legal Entity,13/05/2022,4680852,316384,ZURICH INSURANCE PLC,Self Insurance _ Unitary Authority,235.5,Expenditure,SUPPLIER,STANDARD,9801,ZZZB-Balance Sheet
RBC Legal Entity,13/05/2022,4680852,316384,ZURICH INSURANCE PLC,Self Insurance _ Unitary Authority,585,Expenditure,SUPPLIER,STANDARD,9801,ZZZB-Balance Sheet
RBC Legal Entity,13/05/2022,4680852,316384,ZURICH INSURANCE PLC,Self Insurance _ Unitary Authority,600,Expenditure,SUPPLIER,STANDARD,9801,ZZZB-Balance Sheet
RBC Legal Entity,13/05/2022,4680852,316384,ZURICH INSURANCE PLC,Self Insurance _ Unitary Authority,843,Expenditure,SUPPLIER,STANDARD,9801,ZZZB-Balance Sheet
RBC Legal Entity,13/05/2022,4680852,316384,ZURICH INSURANCE PLC,Self Insurance _ Unitary Authority,963.48,Expenditure,SUPPLIER,STANDARD,9801,ZZZB-Balance Sheet
RBC Legal Entity,13/05/2022,4680852,316384,ZURICH INSURANCE PLC,Self Insurance _ Unitary Authority,2805,Expenditure,SUPPLIER,STANDARD,9801,ZZZB-Balance Sheet
RBC Legal Entity,13/05/2022,4680761,316385,ALLIANCE FOR COHESION & RACIAL EQUALITY,Test and Trace,5000,GrantsVolunt.Organ.,SUPPLIER,STANDARD,2068,JAAA-Directorate of Social Care and Health Services
RBC Legal Entity,13/05/2022,4680826,316388,DIMENSIONS (UK) LTD,LD Community Services,8649.09,Purchased Care,Third Party Supplier,STANDARD,5741,JAAA-Directorate of Social Care and Health Services
RBC Legal Entity,13/05/2022,4672544,316389,G B SPORT & LEISURE,Grounds Maintenance,1269.45,CPG Maintenance,SUPPLIER,STANDARD,1306,KAAA-Directorate of Economic Growth and Neighbourhood Services
RBC Legal Entity,13/05/2022,4680856,316391,FRANCIS CONSTRUCTION LTD,HRA portfolio expansion,0.67,External Fees  Misc.,SUB-CONTRACTOR,STANDARD,8518,ZZZC-Capital
RBC Legal Entity,13/05/2022,4680856,316391,FRANCIS CONSTRUCTION LTD,HRA portfolio expansion,20321.29,External Fees  Misc.,SUB-CONTRACTOR,STANDARD,8518,ZZZC-Capital
RBC Legal Entity,13/05/2022,4680856,316391,FRANCIS CONSTRUCTION LTD,HRA portfolio expansion,28762.85,External Fees  Misc.,SUB-CONTRACTOR,STANDARD,8518,ZZZC-Capital
RBC Legal Entity,13/05/2022,4680856,316391,FRANCIS CONSTRUCTION LTD,HRA portfolio expansion,29486.44,External Fees  Misc.,SUB-CONTRACTOR,STANDARD,8518,ZZZC-Capital
RBC Legal Entity,13/05/2022,4680856,316391,FRANCIS CONSTRUCTION LTD,HRA portfolio expansion,29763.86,External Fees  Misc.,SUB-CONTRACTOR,STANDARD,8518,ZZZC-Capital
RBC Legal Entity,13/05/2022,4680856,316391,FRANCIS CONSTRUCTION LTD,HRA portfolio expansion,75425.75,External Fees  Misc.,SUB-CONTRACTOR,STANDARD,8518,ZZZC-Capital
RBC Legal Entity,13/05/2022,4680764,316392,PARENTS & CHILDREN TOGETHER,Test and Trace,5000,GrantsVolunt.Organ.,SUPPLIER,STANDARD,2068,JAAA-Directorate of Social Care and Health Services
RBC Legal Entity,13/05/2022,4676398,316393,E-MPIRICAL LTD,New Directions,1575,Consultancy Fees,SUPPLIER,STANDARD,3340,KAAA-Directorate of Economic Growth and Neighbourhood Services
RBC Legal Entity,13/05/2022,4680582,316397,VOYAGE CARE,LD Community Services,2191.36,Purchased Care,Third Party Supplier,STANDARD,5741,JAAA-Directorate of Social Care and Health Services
RBC Legal Entity,13/05/2022,4680583,316397,VOYAGE CARE,LD Community Services,2191.36,Purchased Care,Third Party Supplier,STANDARD,5741,JAAA-Directorate of Social Care and Health Services
RBC Legal Entity,13/05/2022,4680584,316397,VOYAGE CARE,LD Community Services,624.6,Purchased Care,Third Party Supplier,STANDARD,5741,JAAA-Directorate of Social Care and Health Services
RBC Legal Entity,13/05/2022,4680585,316397,VOYAGE CARE,LD Community Services,2241.76,Purchased Care,Third Party Supplier,STANDARD,5741,JAAA-Directorate of Social Care and Health Services
RBC Legal Entity,13/05/2022,4680817,316397,VOYAGE CARE,LD Community Services,518.72,Purchased Care,Third Party Supplier,STANDARD,5741,JAAA-Directorate of Social Care and Health Services
RBC Legal Entity,13/05/2022,4680818,316397,VOYAGE CARE,LD Community Services,3410.85,Purchased Care,Third Party Supplier,STANDARD,5741,JAAA-Directorate of Social Care and Health Services
RBC Legal Entity,13/05/2022,4680819,316397,VOYAGE CARE,LD Community Services,566.1,Purchased Care,Third Party Supplier,STANDARD,5741,JAAA-Directorate of Social Care and Health Services
RBC Legal Entity,13/05/2022,4680820,316397,VOYAGE CARE,LD Community Services,1067.8,Purchased Care,Third Party Supplier,STANDARD,5741,JAAA-Directorate of Social Care and Health Services
RBC Legal Entity,13/05/2022,4680821,316397,VOYAGE CARE,LD Community Services,4249.2,Purchased Care,Third Party Supplier,STANDARD,5741,JAAA-Directorate of Social Care and Health Services
RBC Legal Entity,13/05/2022,4680822,316397,VOYAGE CARE,LD Community Services,3767.45,Purchased Care,Third Party Supplier,STANDARD,5741,JAAA-Directorate of Social Care and Health Services
RBC Legal Entity,13/05/2022,4680823,316397,VOYAGE CARE,Mental Health Community Services,4833.17,Purchased Care,Third Party Supplier,STANDARD,5731,JAAA-Directorate of Social Care and Health Services
RBC Legal Entity,13/05/2022,4665948,316398,BLUEMATCHBOX POTTERS SUPPLIES LTD,New Directions,447.91,Educ.Supplies Curriculum,Third Party Supplier,STANDARD,3340,KAAA-Directorate of Economic Growth and Neighbourhood Services
RBC Legal Entity,13/05/2022,4676634,316401,D-TECH INTERNATIONAL LTD,Reading Libraries,9060,Software Licences,SUPPLIER,STANDARD,1400,KAAA-Directorate of Economic Growth and Neighbourhood Services
RBC Legal Entity,13/05/2022,4672569,316402,DEBORAH ORR,JLT Disbursements,2250,Misc. Legal Expenses,SUPPLIER,STANDARD,2407,LAAA-Directorate of Resources
RBC Legal Entity,13/05/2022,4672599,316406,MR EDWARD KIRKWOOD,JLT Disbursements,735,Misc. Legal Expenses,Third Party Supplier,STANDARD,2407,LAAA-Directorate of Resources
RBC Legal Entity,13/05/2022,4672600,316406,MR EDWARD KIRKWOOD,JLT Disbursements,675,Misc. Legal Expenses,Third Party Supplier,STANDARD,2407,LAAA-Directorate of Resources
RBC Legal Entity,13/05/2022,4672603,316406,MR EDWARD KIRKWOOD,JLT Disbursements,765,Misc. Legal Expenses,Third Party Supplier,STANDARD,2407,LAAA-Directorate of Resources
RBC Legal Entity,13/05/2022,4672598,316408,ACCESS SELF STORAGE,Void Property Management,8.33,Property Management,SUPPLIER,STANDARD,5921,HAAA-Housing Revenue Account
RBC Legal Entity,13/05/2022,4672598,316408,ACCESS SELF STORAGE,Void Property Management,30,Property Management,SUPPLIER,STANDARD,5921,HAAA-Housing Revenue Account
RBC Legal Entity,13/05/2022,4672598,316408,ACCESS SELF STORAGE,Void Property Management,458.34,Property Management,SUPPLIER,STANDARD,5921,HAAA-Housing Revenue Account
RBC Legal Entity,13/05/2022,4672545,316409,THEBIGWORD INTERPRETING SERVICES LTD,Customer Services - Reception,492.29,Translat.+Interpretation,SUPPLIER,STANDARD,2595,LAAA-Directorate of Resources
RBC Legal Entity,13/05/2022,4680643,316410,THRIVE,LD Community Services,506.24,Day Care Purchases,SUPPLIER,STANDARD,5741,JAAA-Directorate of Social Care and Health Services
RBC Legal Entity,13/05/2022,4676615,316411,CROWN LODGE GUEST HOUSE,Single Homelessness Grants,623,Preventive+SupportiveServ,Third Party Supplier,STANDARD,5860,KAAA-Directorate of Economic Growth and Neighbourhood Services
RBC Legal Entity,13/05/2022,4680138,316411,CROWN LODGE GUEST HOUSE,Single Homelessness Grants,623,Preventive+SupportiveServ,Third Party Supplier,STANDARD,5860,KAAA-Directorate of Economic Growth and Neighbourhood Services
RBC Legal Entity,13/05/2022,4680310,316412,INDIGO ACCESS LTD,Sensory Support Community Services,450,Purchased Care,Third Party Supplier,STANDARD,5711,JAAA-Directorate of Social Care and Health Services
RBC Legal Entity,13/05/2022,4680311,316412,INDIGO ACCESS LTD,Sensory Support Community Services,540,Purchased Care,Third Party Supplier,STANDARD,5711,JAAA-Directorate of Social Care and Health Services
RBC Legal Entity,13/05/2022,4673215,316413,THE ADVOCACY PEOPLE,Safeguarding Adults,835.46,Professional Fees,SUPPLIER,STANDARD,5158,JAAA-Directorate of Social Care and Health Services
RBC Legal Entity,13/05/2022,4680586,316414,ROYLE CARE LTD,PS Acquired Community Services,988,Purchased Care,Third Party Supplier,STANDARD,5771,JAAA-Directorate of Social Care and Health Services
RBC Legal Entity,13/05/2022,4680245,316415,TOTAL HEALTH SUPPORT & TRAINING SERVICES,LD Community Services,2014.58,Purchased Care,Third Party Supplier,STANDARD,5741,JAAA-Directorate of Social Care and Health Services
RBC Legal Entity,13/05/2022,4680247,316415,TOTAL HEALTH SUPPORT & TRAINING SERVICES,LD Community Services,1364.55,Purchased Care,Third Party Supplier,STANDARD,5741,JAAA-Directorate of Social Care and Health Services
RBC Legal Entity,13/05/2022,4680248,316415,TOTAL HEALTH SUPPORT & TRAINING SERVICES,LD Community Services,2233.92,Purchased Care,Third Party Supplier,STANDARD,5741,JAAA-Directorate of Social Care and Health Services
RBC Legal Entity,13/05/2022,4680249,316415,TOTAL HEALTH SUPPORT & TRAINING SERVICES,LD Community Services,1293.91,Purchased Care,Third Party Supplier,STANDARD,5741,JAAA-Directorate of Social Care and Health Services
RBC Legal Entity,13/05/2022,4680250,316415,TOTAL HEALTH SUPPORT & TRAINING SERVICES,LD Community Services,1876.69,Purchased Care,Third Party Supplier,STANDARD,5741,JAAA-Directorate of Social Care and Health Services
RBC Legal Entity,13/05/2022,4680251,316415,TOTAL HEALTH SUPPORT & TRAINING SERVICES,LD Community Services,1876.69,Purchased Care,Third Party Supplier,STANDARD,5741,JAAA-Directorate of Social Care and Health Services
RBC Legal Entity,13/05/2022,4680252,316415,TOTAL HEALTH SUPPORT & TRAINING SERVICES,LD Community Services,1876.69,Purchased Care,Third Party Supplier,STANDARD,5741,JAAA-Directorate of Social Care and Health Services
RBC Legal Entity,13/05/2022,4680253,316415,TOTAL HEALTH SUPPORT & TRAINING SERVICES,Mental Health Community Services,1557.93,Purchased Care,Third Party Supplier,STANDARD,5731,JAAA-Directorate of Social Care and Health Services
RBC Legal Entity,13/05/2022,4680257,316415,TOTAL HEALTH SUPPORT & TRAINING SERVICES,LD Community Services,1818.88,Purchased Care,Third Party Supplier,STANDARD,5741,JAAA-Directorate of Social Care and Health Services
RBC Legal Entity,13/05/2022,4680258,316415,TOTAL HEALTH SUPPORT & TRAINING SERVICES,LD Community Services,5488.45,Purchased Care,Third Party Supplier,STANDARD,5741,JAAA-Directorate of Social Care and Health Services
RBC Legal Entity,13/05/2022,4680260,316415,TOTAL HEALTH SUPPORT & TRAINING SERVICES,LD Community Services,2178.44,Purchased Care,Third Party Supplier,STANDARD,5741,JAAA-Directorate of Social Care and Health Services
RBC Legal Entity,13/05/2022,4680261,316415,TOTAL HEALTH SUPPORT & TRAINING SERVICES,Mental Health Community Services,2487.88,Purchased Care,Third Party Supplier,STANDARD,5731,JAAA-Directorate of Social Care and Health Services
RBC Legal Entity,13/05/2022,4680265,316415,TOTAL HEALTH SUPPORT & TRAINING SERVICES,LD Community Services,2904.52,Purchased Care,Third Party Supplier,STANDARD,5741,JAAA-Directorate of Social Care and Health Services
RBC Legal Entity,13/05/2022,4680266,316415,TOTAL HEALTH SUPPORT & TRAINING SERVICES,PS Acquired Community Services,552.16,Purchased Care,Third Party Supplier,STANDARD,5771,JAAA-Directorate of Social Care and Health Services
RBC Legal Entity,13/05/2022,4680267,316415,TOTAL HEALTH SUPPORT & TRAINING SERVICES,PS Acquired Community Services,552.16,Purchased Care,Third Party Supplier,STANDARD,5771,JAAA-Directorate of Social Care and Health Services
RBC Legal Entity,13/05/2022,4680268,316415,TOTAL HEALTH SUPPORT & TRAINING SERVICES,PS Acquired Community Services,2484.72,Purchased Care,Third Party Supplier,STANDARD,5771,JAAA-Directorate of Social Care and Health Services
RBC Legal Entity,13/05/2022,4680269,316415,TOTAL HEALTH SUPPORT & TRAINING SERVICES,PS Acquired Community Services,1562.81,Purchased Care,Third Party Supplier,STANDARD,5771,JAAA-Directorate of Social Care and Health Services
RBC Legal Entity,13/05/2022,4680271,316415,TOTAL HEALTH SUPPORT & TRAINING SERVICES,PS Acquired Community Services,690.2,Purchased Care,Third Party Supplier,STANDARD,5771,JAAA-Directorate of Social Care and Health Services
RBC Legal Entity,13/05/2022,4680273,316415,TOTAL HEALTH SUPPORT & TRAINING SERVICES,PS Acquired Community Services,2484.72,Purchased Care,Third Party Supplier,STANDARD,5771,JAAA-Directorate of Social Care and Health Services
RBC Legal Entity,13/05/2022,4680274,316415,TOTAL HEALTH SUPPORT & TRAINING SERVICES,PS Acquired Community Services,1242.36,Purchased Care,Third Party Supplier,STANDARD,5771,JAAA-Directorate of Social Care and Health Services
RBC Legal Entity,13/05/2022,4680276,316415,TOTAL HEALTH SUPPORT & TRAINING SERVICES,PS Acquired Community Services,552.16,Purchased Care,Third Party Supplier,STANDARD,5771,JAAA-Directorate of Social Care and Health Services
RBC Legal Entity,13/05/2022,4680277,316415,TOTAL HEALTH SUPPORT & TRAINING SERVICES,PS Acquired Community Services,1242.36,Purchased Care,Third Party Supplier,STANDARD,5771,JAAA-Directorate of Social Care and Health Services
RBC Legal Entity,13/05/2022,4680280,316415,TOTAL HEALTH SUPPORT & TRAINING SERVICES,PS Acquired Community Services,690.2,Purchased Care,Third Party Supplier,STANDARD,5771,JAAA-Directorate of Social Care and Health Services
RBC Legal Entity,13/05/2022,4680283,316415,TOTAL HEALTH SUPPORT & TRAINING SERVICES,PS Acquired Community Services,1104.32,Purchased Care,Third Party Supplier,STANDARD,5771,JAAA-Directorate of Social Care and Health Services
RBC Legal Entity,13/05/2022,4680284,316415,TOTAL HEALTH SUPPORT & TRAINING SERVICES,PS Acquired Community Services,966.28,Purchased Care,Third Party Supplier,STANDARD,5771,JAAA-Directorate of Social Care and Health Services
RBC Legal Entity,13/05/2022,4680285,316415,TOTAL HEALTH SUPPORT & TRAINING SERVICES,PS Acquired Community Services,512.72,Purchased Care,Third Party Supplier,STANDARD,5771,JAAA-Directorate of Social Care and Health Services
RBC Legal Entity,13/05/2022,4680286,316415,TOTAL HEALTH SUPPORT & TRAINING SERVICES,M&C Acquired Community Services,2484.72,Purchased Care,Third Party Supplier,STANDARD,5751,JAAA-Directorate of Social Care and Health Services
RBC Legal Entity,13/05/2022,4680287,316415,TOTAL HEALTH SUPPORT & TRAINING SERVICES,M&C Acquired Community Services,1124.04,Purchased Care,Third Party Supplier,STANDARD,5751,JAAA-Directorate of Social Care and Health Services
RBC Legal Entity,13/05/2022,4680288,316415,TOTAL HEALTH SUPPORT & TRAINING SERVICES,PS Acquired Community Services,1202.92,Purchased Care,Third Party Supplier,STANDARD,5771,JAAA-Directorate of Social Care and Health Services
RBC Legal Entity,13/05/2022,4680289,316415,TOTAL HEALTH SUPPORT & TRAINING SERVICES,PS Acquired Community Services,828.24,Purchased Care,Third Party Supplier,STANDARD,5771,JAAA-Directorate of Social Care and Health Services
RBC Legal Entity,13/05/2022,4680290,316415,TOTAL HEALTH SUPPORT & TRAINING SERVICES,PS Acquired Community Services,966.28,Purchased Care,Third Party Supplier,STANDARD,5771,JAAA-Directorate of Social Care and Health Services
RBC Legal Entity,13/05/2022,4680291,316415,TOTAL HEALTH SUPPORT & TRAINING SERVICES,PS Acquired Community Services,2218.5,Purchased Care,Third Party Supplier,STANDARD,5771,JAAA-Directorate of Social Care and Health Services
RBC Legal Entity,13/05/2022,4680292,316415,TOTAL HEALTH SUPPORT & TRAINING SERVICES,PS Acquired Community Services,946.56,Purchased Care,Third Party Supplier,STANDARD,5771,JAAA-Directorate of Social Care and Health Services
RBC Legal Entity,13/05/2022,4680294,316415,TOTAL HEALTH SUPPORT & TRAINING SERVICES,PS Acquired Community Services,1025.44,Purchased Care,Third Party Supplier,STANDARD,5771,JAAA-Directorate of Social Care and Health Services
RBC Legal Entity,13/05/2022,4680295,316415,TOTAL HEALTH SUPPORT & TRAINING SERVICES,M&C Acquired Community Services,1025.44,Purchased Care,Third Party Supplier,STANDARD,5751,JAAA-Directorate of Social Care and Health Services
RBC Legal Entity,13/05/2022,4680297,316415,TOTAL HEALTH SUPPORT & TRAINING SERVICES,Mental Health Community Services,1183.2,Purchased Care,Third Party Supplier,STANDARD,5731,JAAA-Directorate of Social Care and Health Services
RBC Legal Entity,13/05/2022,4680298,316415,TOTAL HEALTH SUPPORT & TRAINING SERVICES,Mental Health Community Services,512.72,Purchased Care,Third Party Supplier,STANDARD,5731,JAAA-Directorate of Social Care and Health Services
RBC Legal Entity,13/05/2022,4680299,316415,TOTAL HEALTH SUPPORT & TRAINING SERVICES,PS Acquired Community Services,2484.72,Purchased Care,Third Party Supplier,STANDARD,5771,JAAA-Directorate of Social Care and Health Services
RBC Legal Entity,13/05/2022,4680300,316415,TOTAL HEALTH SUPPORT & TRAINING SERVICES,PS Acquired Community Services,690.2,Purchased Care,Third Party Supplier,STANDARD,5771,JAAA-Directorate of Social Care and Health Services
RBC Legal Entity,13/05/2022,4680301,316415,TOTAL HEALTH SUPPORT & TRAINING SERVICES,PS Acquired Community Services,552.16,Purchased Care,Third Party Supplier,STANDARD,5771,JAAA-Directorate of Social Care and Health Services
RBC Legal Entity,13/05/2022,4680302,316415,TOTAL HEALTH SUPPORT & TRAINING SERVICES,PS Acquired Community Services,537.37,Purchased Care,Third Party Supplier,STANDARD,5771,JAAA-Directorate of Social Care and Health Services
RBC Legal Entity,13/05/2022,4680303,316415,TOTAL HEALTH SUPPORT & TRAINING SERVICES,PS Acquired Community Services,788.8,Purchased Care,Third Party Supplier,STANDARD,5771,JAAA-Directorate of Social Care and Health Services
RBC Legal Entity,13/05/2022,4680304,316415,TOTAL HEALTH SUPPORT & TRAINING SERVICES,PS Acquired Community Services,1656.48,Purchased Care,Third Party Supplier,STANDARD,5771,JAAA-Directorate of Social Care and Health Services
RBC Legal Entity,13/05/2022,4680308,316415,TOTAL HEALTH SUPPORT & TRAINING SERVICES,PS Acquired Community Services,660.62,Purchased Care,Third Party Supplier,STANDARD,5771,JAAA-Directorate of Social Care and Health Services
RBC Legal Entity,13/05/2022,4680314,316415,TOTAL HEALTH SUPPORT & TRAINING SERVICES,LD Community Services,1393.92,Purchased Care,Third Party Supplier,STANDARD,5741,JAAA-Directorate of Social Care and Health Services
RBC Legal Entity,13/05/2022,4680631,316415,TOTAL HEALTH SUPPORT & TRAINING SERVICES,Mental Health Community Services,503.33,Purchased Care,Third Party Supplier,STANDARD,5731,JAAA-Directorate of Social Care and Health Services
RBC Legal Entity,13/05/2022,4680632,316415,TOTAL HEALTH SUPPORT & TRAINING SERVICES,Sensory Support Community Services,517.44,Purchased Care,Third Party Supplier,STANDARD,5711,JAAA-Directorate of Social Care and Health Services
RBC Legal Entity,13/05/2022,4680633,316415,TOTAL HEALTH SUPPORT & TRAINING SERVICES,PS Acquired Community Services,3110.21,Purchased Care,Third Party Supplier,STANDARD,5771,JAAA-Directorate of Social Care and Health Services
RBC Legal Entity,13/05/2022,4680634,316415,TOTAL HEALTH SUPPORT & TRAINING SERVICES,LD Community Services,521.84,Purchased Care,Third Party Supplier,STANDARD,5741,JAAA-Directorate of Social Care and Health Services
RBC Legal Entity,13/05/2022,4680638,316415,TOTAL HEALTH SUPPORT & TRAINING SERVICES,PS Acquired Community Services,2234.12,Purchased Care,Third Party Supplier,STANDARD,5771,JAAA-Directorate of Social Care and Health Services
RBC Legal Entity,13/05/2022,4680640,316415,TOTAL HEALTH SUPPORT & TRAINING SERVICES,Mental Health Community Services,869.65,Purchased Care,Third Party Supplier,STANDARD,5731,JAAA-Directorate of Social Care and Health Services
RBC Legal Entity,13/05/2022,4680782,316416,GALLAGHER BASSETT INTERNATIONAL LTD,Insurance CEC,21998,Insurances  Central,Third Party Supplier,STANDARD,2205,LAAA-Directorate of Resources
RBC Legal Entity,13/05/2022,4676374,316418,SIGNARAMA READING T/A RICHARD WHEELER SIGNS LTD,MRA Account,3474.2,Decent Neighbourhood Funding,Third Party Supplier,STANDARD,5975,HAAA-Housing Revenue Account
RBC Legal Entity,13/05/2022,4672570,316419,VICKY REYNOLDS,JLT Disbursements,600,Misc. Legal Expenses,Third Party Supplier,STANDARD,2407,LAAA-Directorate of Resources
RBC Legal Entity,13/05/2022,4672572,316419,VICKY REYNOLDS,JLT Disbursements,1200,Misc. Legal Expenses,Third Party Supplier,STANDARD,2407,LAAA-Directorate of Resources
RBC Legal Entity,13/05/2022,4672532,316420,G2 RECRUITMENT SOLUTIONS LTD,Building Control,1459.95,Consultancy Fees,SUPPLIER,STANDARD,4701,KAAA-Directorate of Economic Growth and Neighbourhood Services
RBC Legal Entity,13/05/2022,4673445,316420,G2 RECRUITMENT SOLUTIONS LTD,Building Control,1136.25,Consultancy Fees,SUPPLIER,STANDARD,4701,KAAA-Directorate of Economic Growth and Neighbourhood Services
RBC Legal Entity,13/05/2022,4680781,316421,READING VOLUNTARY ACTION,Test and Trace,28300,Recharges from other services,Third Party Supplier,STANDARD,2068,JAAA-Directorate of Social Care and Health Services
RBC Legal Entity,13/05/2022,4676386,316422,BIOCRAFT LTD,Payroll + Payments A/c,-74.5,System Creditors,SUB-CONTRACTOR,CREDIT,9823,ZZZB-Balance Sheet
RBC Legal Entity,13/05/2022,4676386,316422,BIOCRAFT LTD,Repairs,372.5,Major Repairs,SUB-CONTRACTOR,STANDARD,5970,HAAA-Housing Revenue Account
RBC Legal Entity,13/05/2022,4676386,316422,BIOCRAFT LTD,Repairs,372.5,Major Repairs,SUB-CONTRACTOR,STANDARD,5970,HAAA-Housing Revenue Account
RBC Legal Entity,13/05/2022,4680765,316425,WHITLEY COMMUNITY DEVELOPMENT ASSOCIATION,Test and Trace,5000,GrantsVolunt.Organ.,Third Party Supplier,STANDARD,2068,JAAA-Directorate of Social Care and Health Services
RBC Legal Entity,13/05/2022,4673339,316427,DEELAND LTD T/A SERVICEMASTER,Void Property Management,444.43,Office Cleaning,Third Party Supplier,STANDARD,5921,HAAA-Housing Revenue Account
RBC Legal Entity,13/05/2022,4680791,316427,DEELAND LTD T/A SERVICEMASTER,Private Sector Grants,808.03,Grants (Paid out by RBC),Third Party Supplier,STANDARD,8500,ZZZC-Capital
RBC Legal Entity,13/05/2022,4680448,316428,SUPERB HEALTHCARE LTD,PS Acquired Community Services,665,Purchased Care,Third Party Supplier,STANDARD,5771,JAAA-Directorate of Social Care and Health Services
RBC Legal Entity,13/05/2022,4680449,316428,SUPERB HEALTHCARE LTD,PS Acquired Community Services,694.5,Purchased Care,Third Party Supplier,STANDARD,5771,JAAA-Directorate of Social Care and Health Services
RBC Legal Entity,13/05/2022,4680538,316428,SUPERB HEALTHCARE LTD,PS Acquired Community Services,1553.25,Purchased Care,Third Party Supplier,STANDARD,5771,JAAA-Directorate of Social Care and Health Services
RBC Legal Entity,13/05/2022,4680539,316428,SUPERB HEALTHCARE LTD,PS Acquired Community Services,2356,Purchased Care,Third Party Supplier,STANDARD,5771,JAAA-Directorate of Social Care and Health Services
RBC Legal Entity,13/05/2022,4680540,316428,SUPERB HEALTHCARE LTD,Mental Health Community Services,517.75,Purchased Care,Third Party Supplier,STANDARD,5731,JAAA-Directorate of Social Care and Health Services
RBC Legal Entity,13/05/2022,4680541,316428,SUPERB HEALTHCARE LTD,PS Acquired Community Services,3092.25,Purchased Care,Third Party Supplier,STANDARD,5771,JAAA-Directorate of Social Care and Health Services
RBC Legal Entity,13/05/2022,4680542,316428,SUPERB HEALTHCARE LTD,PS Acquired Community Services,1624.5,Purchased Care,Third Party Supplier,STANDARD,5771,JAAA-Directorate of Social Care and Health Services
RBC Legal Entity,13/05/2022,4680599,316428,SUPERB HEALTHCARE LTD,PS Acquired Community Services,2650.5,Purchased Care,Third Party Supplier,STANDARD,5771,JAAA-Directorate of Social Care and Health Services
RBC Legal Entity,13/05/2022,4680790,316430,DUCTCLEAN (UK) LIMITED,Private Sector Grants,536.03,Grants (Paid out by RBC),SUB-CONTRACTOR,STANDARD,8500,ZZZC-Capital
RBC Legal Entity,13/05/2022,4680815,316431,CARE4U WE LTD,Mental Health Community Services,1707.04,Purchased Care,Third Party Supplier,STANDARD,5731,JAAA-Directorate of Social Care and Health Services
RBC Legal Entity,13/05/2022,4680816,316431,CARE4U WE LTD,Mental Health Community Services,1707.84,Purchased Care,Third Party Supplier,STANDARD,5731,JAAA-Directorate of Social Care and Health Services
RBC Legal Entity,13/05/2022,4680610,316433,MEDCARE HOME SERVICES LTD T/A PROACTIVE LIFE,LD Community Services,4285.28,Purchased Care,SUPPLIER,STANDARD,5741,JAAA-Directorate of Social Care and Health Services
RBC Legal Entity,13/05/2022,4680614,316433,MEDCARE HOME SERVICES LTD T/A PROACTIVE LIFE,PS Acquired Community Services,2294.04,Purchased Care,SUPPLIER,STANDARD,5771,JAAA-Directorate of Social Care and Health Services
RBC Legal Entity,13/05/2022,4680870,316434,JIM TOWNSEND & COMPANY,Housing Advice,1370.64,Responsive Repairs,SUPPLIER,STANDARD,5820,KAAA-Directorate of Economic Growth and Neighbourhood Services
RBC Legal Entity,13/05/2022,4672566,316435,WELCOME TRANSLATION EXPERTS LTD,JLT Disbursements,570,Misc. Legal Expenses,Third Party Supplier,STANDARD,2407,LAAA-Directorate of Resources
RBC Legal Entity,13/05/2022,4672573,316436,KATE FERGUSON,JLT Disbursements,600,Misc. Legal Expenses,SUPPLIER,STANDARD,2407,LAAA-Directorate of Resources
RBC Legal Entity,13/05/2022,4680868,316438,ANDREW AMBROSE,Housing Advice,508.93,Responsive Repairs,Landlord,STANDARD,5820,KAAA-Directorate of Economic Growth and Neighbourhood Services
RBC Legal Entity,13/05/2022,4680766,316440,THE WELLER CENTRE,Test and Trace,4715.07,GrantsVolunt.Organ.,SUPPLIER,STANDARD,2068,JAAA-Directorate of Social Care and Health Services
RBC Legal Entity,13/05/2022,4680763,316441,NEW BEGINNINGS READING,Test and Trace,5000,GrantsVolunt.Organ.,Third Party Supplier,STANDARD,2068,JAAA-Directorate of Social Care and Health Services
RBC Legal Entity,13/05/2022,4680798,316442,TULLY FORENSIC PSYCHOLOGY LTD,JLT Disbursements,594.52,Misc. Legal Expenses,Third Party Supplier,STANDARD,2407,LAAA-Directorate of Resources
RBC Legal Entity,13/05/2022,4676758,316444,BERKSHIRE ROOMS,Bed and Breakfast,168,Rents,Third Party Supplier,STANDARD,5871,KAAA-Directorate of Economic Growth and Neighbourhood Services
RBC Legal Entity,13/05/2022,4676758,316444,BERKSHIRE ROOMS,Bed and Breakfast,672,Rents,Third Party Supplier,STANDARD,5871,KAAA-Directorate of Economic Growth and Neighbourhood Services
RBC Legal Entity,13/05/2022,4676776,316444,BERKSHIRE ROOMS,Bed and Breakfast,840,Rents,Third Party Supplier,STANDARD,5871,KAAA-Directorate of Economic Growth and Neighbourhood Services
RBC Legal Entity,13/05/2022,4672582,316445,TRUSTMARQUE SOLUTIONS LIMITED,IT Management,3410,Software Licences,Third Party Supplier,STANDARD,2300,EAAA-Chief Executive
RBC Legal Entity,16/05/2022,4673439,316448,LISTER WILDER LTD,Grounds Maintenance,1071.87,HortcultrlMachServ/Repair,Third Party Supplier,STANDARD,1306,KAAA-Directorate of Economic Growth and Neighbourhood Services
RBC Legal Entity,16/05/2022,4678236,316448,LISTER WILDER LTD,Grounds Maintenance,-1059.37,HortcultrlMachServ/Repair,Third Party Supplier,CREDIT,1306,KAAA-Directorate of Economic Growth and Neighbourhood Services
RBC Legal Entity,16/05/2022,4678245,316449,READING HOTEL,Single Homelessness Grants,1125,Preventive+SupportiveServ,SUPPLIER,STANDARD,5860,KAAA-Directorate of Economic Growth and Neighbourhood Services
RBC Legal Entity,16/05/2022,4680179,316450,GUYS & ST THOMAS NHS TRUST,Berkshire West Public Health Hub,93.23,NHS Trusts,SUPPLIER,STANDARD,2002,JAAA-Directorate of Social Care and Health Services
RBC Legal Entity,16/05/2022,4680179,316450,GUYS & ST THOMAS NHS TRUST,Berkshire West Public Health Hub,515.98,NHS Trusts,SUPPLIER,STANDARD,2002,JAAA-Directorate of Social Care and Health Services
RBC Legal Entity,16/05/2022,4680642,316451,JIGSAW CREATIVE CARE LIMITED,LD Community Services,19034.4,Purchased Care,Third Party Supplier,STANDARD,5741,JAAA-Directorate of Social Care and Health Services
RBC Legal Entity,16/05/2022,4680900,316452,READING REFUGEE SUPPORT GROUP,Afghan Resettlement Programme,2071.27,Professional Fees,SUPPLIER,STANDARD,2021,EAAA-Chief Executive
RBC Legal Entity,16/05/2022,4680949,316453,RAINBOW CARPETS,Homes for Reading – Market Rent,465,Reactive Maintenance,SUPPLIER,STANDARD,5875,KAAA-Directorate of Economic Growth and Neighbourhood Services
RBC Legal Entity,16/05/2022,4665952,316454,BLESSED HUGH FARINGDON RC SCHOOL,School Grants Holding Account,32106.17,School Transfer Payment,GOVERNMENT,STANDARD,3295,NAAA-Former Directorate of Education and Childrens Services
RBC Legal Entity,16/05/2022,4666155,316454,BLESSED HUGH FARINGDON RC SCHOOL,Primary School Delegated Budget (DSG),405807.72,School Transfer Payment,GOVERNMENT,STANDARD,3140,NAAA-Former Directorate of Education and Childrens Services
RBC Legal Entity,16/05/2022,4666156,316454,BLESSED HUGH FARINGDON RC SCHOOL,Primary School Delegated Budget (DSG),-836.62,School Transfer Payment,GOVERNMENT,CREDIT,3140,NAAA-Former Directorate of Education and Childrens Services
RBC Legal Entity,16/05/2022,4666157,316454,BLESSED HUGH FARINGDON RC SCHOOL,Primary School Delegated Budget (DSG),-522.8,School Transfer Payment,GOVERNMENT,CREDIT,3140,NAAA-Former Directorate of Education and Childrens Services
RBC Legal Entity,16/05/2022,4673464,316456,THE BRITISH LIBRARY,Reading Libraries,2500,Subscriptions,SUPPLIER,STANDARD,1400,KAAA-Directorate of Economic Growth and Neighbourhood Services
RBC Legal Entity,16/05/2022,4678249,316458,ROWVALE HOTELS LTD T/A BOW GUEST HOUSE,Single Homelessness Grants,623,Preventive+SupportiveServ,Third Party Supplier,STANDARD,5860,KAAA-Directorate of Economic Growth and Neighbourhood Services
RBC Legal Entity,16/05/2022,4676401,316459,SANDS SECURITY LTD,Hexagon Operations,2100,Security Charges,SUPPLIER,STANDARD,1200,KAAA-Directorate of Economic Growth and Neighbourhood Services
RBC Legal Entity,16/05/2022,4676400,316460,CHRISTOPHERS LIMOUSINE SERVICE,Mayor,1500,Contrib.to Transp.Finance,SUPPLIER,STANDARD,2505,EAAA-Chief Executive
RBC Legal Entity,16/05/2022,4676323,316462,FLEETWOOD GRAB SERVICES LIMITED,Highways,280,Materials Direct,Third Party Supplier,STANDARD,4252,KAAA-Directorate of Economic Growth and Neighbourhood Services
RBC Legal Entity,16/05/2022,4676323,316462,FLEETWOOD GRAB SERVICES LIMITED,Highways,1180,Waste Disposal,Third Party Supplier,STANDARD,4252,KAAA-Directorate of Economic Growth and Neighbourhood Services
RBC Legal Entity,16/05/2022,4665295,316468,READING UK CIC,New Directions,716.39,Miscellaneous Income,Third Party Supplier,STANDARD,3340,KAAA-Directorate of Economic Growth and Neighbourhood Services
RBC Legal Entity,16/05/2022,4665295,316468,READING UK CIC,New Directions,716.39,Miscellaneous Income,Third Party Supplier,STANDARD,3340,KAAA-Directorate of Economic Growth and Neighbourhood Services
RBC Legal Entity,16/05/2022,4665295,316468,READING UK CIC,New Directions,716.39,Miscellaneous Income,Third Party Supplier,STANDARD,3340,KAAA-Directorate of Economic Growth and Neighbourhood Services
RBC Legal Entity,16/05/2022,4665295,316468,READING UK CIC,New Directions,941.16,Miscellaneous Income,Third Party Supplier,STANDARD,3340,KAAA-Directorate of Economic Growth and Neighbourhood Services
RBC Legal Entity,16/05/2022,4665295,316468,READING UK CIC,New Directions,941.16,Miscellaneous Income,Third Party Supplier,STANDARD,3340,KAAA-Directorate of Economic Growth and Neighbourhood Services
RBC Legal Entity,16/05/2022,4665295,316468,READING UK CIC,New Directions,941.16,Miscellaneous Income,Third Party Supplier,STANDARD,3340,KAAA-Directorate of Economic Growth and Neighbourhood Services
RBC Legal Entity,16/05/2022,4665295,316468,READING UK CIC,New Directions,941.16,Miscellaneous Income,Third Party Supplier,STANDARD,3340,KAAA-Directorate of Economic Growth and Neighbourhood Services
RBC Legal Entity,16/05/2022,4665295,316468,READING UK CIC,New Directions,941.16,Miscellaneous Income,Third Party Supplier,STANDARD,3340,KAAA-Directorate of Economic Growth and Neighbourhood Services
RBC Legal Entity,16/05/2022,4665295,316468,READING UK CIC,New Directions,941.16,Miscellaneous Income,Third Party Supplier,STANDARD,3340,KAAA-Directorate of Economic Growth and Neighbourhood Services
RBC Legal Entity,16/05/2022,4665295,316468,READING UK CIC,New Directions,941.16,Miscellaneous Income,Third Party Supplier,STANDARD,3340,KAAA-Directorate of Economic Growth and Neighbourhood Services
RBC Legal Entity,16/05/2022,4665295,316468,READING UK CIC,New Directions,941.16,Miscellaneous Income,Third Party Supplier,STANDARD,3340,KAAA-Directorate of Economic Growth and Neighbourhood Services
RBC Legal Entity,16/05/2022,4665295,316468,READING UK CIC,New Directions,1010.75,Miscellaneous Income,Third Party Supplier,STANDARD,3340,KAAA-Directorate of Economic Growth and Neighbourhood Services
RBC Legal Entity,16/05/2022,4665295,316468,READING UK CIC,New Directions,1010.75,Miscellaneous Income,Third Party Supplier,STANDARD,3340,KAAA-Directorate of Economic Growth and Neighbourhood Services
RBC Legal Entity,16/05/2022,4665295,316468,READING UK CIC,New Directions,1010.75,Miscellaneous Income,Third Party Supplier,STANDARD,3340,KAAA-Directorate of Economic Growth and Neighbourhood Services
RBC Legal Entity,16/05/2022,4665295,316468,READING UK CIC,New Directions,1010.75,Miscellaneous Income,Third Party Supplier,STANDARD,3340,KAAA-Directorate of Economic Growth and Neighbourhood Services
RBC Legal Entity,16/05/2022,4665295,316468,READING UK CIC,New Directions,1010.75,Miscellaneous Income,Third Party Supplier,STANDARD,3340,KAAA-Directorate of Economic Growth and Neighbourhood Services
RBC Legal Entity,16/05/2022,4665295,316468,READING UK CIC,New Directions,1010.75,Miscellaneous Income,Third Party Supplier,STANDARD,3340,KAAA-Directorate of Economic Growth and Neighbourhood Services
RBC Legal Entity,16/05/2022,4665295,316468,READING UK CIC,New Directions,1010.75,Miscellaneous Income,Third Party Supplier,STANDARD,3340,KAAA-Directorate of Economic Growth and Neighbourhood Services
RBC Legal Entity,16/05/2022,4665295,316468,READING UK CIC,New Directions,1010.75,Miscellaneous Income,Third Party Supplier,STANDARD,3340,KAAA-Directorate of Economic Growth and Neighbourhood Services
RBC Legal Entity,16/05/2022,4665295,316468,READING UK CIC,New Directions,1010.75,Miscellaneous Income,Third Party Supplier,STANDARD,3340,KAAA-Directorate of Economic Growth and Neighbourhood Services
RBC Legal Entity,16/05/2022,4665295,316468,READING UK CIC,New Directions,1560,Miscellaneous Income,Third Party Supplier,STANDARD,3340,KAAA-Directorate of Economic Growth and Neighbourhood Services
RBC Legal Entity,16/05/2022,4674307,316470,SERVICES FOR CHILDREN,JLT Disbursements,6650,Misc. Legal Expenses,SUPPLIER,STANDARD,2407,LAAA-Directorate of Resources
RBC Legal Entity,16/05/2022,4676847,316472,CREATIVE SUPPORT LTD,PS Acquired Community Services,2142,Purchased Care,Third Party Supplier,STANDARD,5771,JAAA-Directorate of Social Care and Health Services
RBC Legal Entity,16/05/2022,4676850,316472,CREATIVE SUPPORT LTD,PS Acquired Community Services,986,Purchased Care,Third Party Supplier,STANDARD,5771,JAAA-Directorate of Social Care and Health Services
RBC Legal Entity,16/05/2022,4676855,316472,CREATIVE SUPPORT LTD,LD Community Services,714,Purchased Care,Third Party Supplier,STANDARD,5741,JAAA-Directorate of Social Care and Health Services
RBC Legal Entity,16/05/2022,4676856,316472,CREATIVE SUPPORT LTD,PS Acquired Community Services,671.5,Purchased Care,Third Party Supplier,STANDARD,5771,JAAA-Directorate of Social Care and Health Services
RBC Legal Entity,16/05/2022,4676857,316472,CREATIVE SUPPORT LTD,PS Acquired Community Services,4284,Purchased Care,Third Party Supplier,STANDARD,5771,JAAA-Directorate of Social Care and Health Services
RBC Legal Entity,16/05/2022,4676858,316472,CREATIVE SUPPORT LTD,PS Acquired Community Services,2040,Purchased Care,Third Party Supplier,STANDARD,5771,JAAA-Directorate of Social Care and Health Services
RBC Legal Entity,16/05/2022,4676859,316472,CREATIVE SUPPORT LTD,PS Acquired Community Services,2142,Purchased Care,Third Party Supplier,STANDARD,5771,JAAA-Directorate of Social Care and Health Services
RBC Legal Entity,16/05/2022,4676860,316472,CREATIVE SUPPORT LTD,PS Acquired Community Services,833,Purchased Care,Third Party Supplier,STANDARD,5771,JAAA-Directorate of Social Care and Health Services
RBC Legal Entity,16/05/2022,4676861,316472,CREATIVE SUPPORT LTD,PS Acquired Community Services,952,Purchased Care,Third Party Supplier,STANDARD,5771,JAAA-Directorate of Social Care and Health Services
RBC Legal Entity,16/05/2022,4676862,316472,CREATIVE SUPPORT LTD,PS Acquired Community Services,748,Purchased Care,Third Party Supplier,STANDARD,5771,JAAA-Directorate of Social Care and Health Services
RBC Legal Entity,16/05/2022,4676863,316472,CREATIVE SUPPORT LTD,PS Acquired Community Services,714,Purchased Care,Third Party Supplier,STANDARD,5771,JAAA-Directorate of Social Care and Health Services
RBC Legal Entity,16/05/2022,4676864,316472,CREATIVE SUPPORT LTD,PS Acquired Community Services,2142,Purchased Care,Third Party Supplier,STANDARD,5771,JAAA-Directorate of Social Care and Health Services
RBC Legal Entity,16/05/2022,4676865,316472,CREATIVE SUPPORT LTD,PS Acquired Community Services,595,Purchased Care,Third Party Supplier,STANDARD,5771,JAAA-Directorate of Social Care and Health Services
RBC Legal Entity,16/05/2022,4676866,316472,CREATIVE SUPPORT LTD,PS Acquired Community Services,595,Purchased Care,Third Party Supplier,STANDARD,5771,JAAA-Directorate of Social Care and Health Services
RBC Legal Entity,16/05/2022,4676867,316472,CREATIVE SUPPORT LTD,PS Acquired Community Services,1071,Purchased Care,Third Party Supplier,STANDARD,5771,JAAA-Directorate of Social Care and Health Services
RBC Legal Entity,16/05/2022,4676869,316472,CREATIVE SUPPORT LTD,PS Acquired Community Services,595,Purchased Care,Third Party Supplier,STANDARD,5771,JAAA-Directorate of Social Care and Health Services
RBC Legal Entity,16/05/2022,4676870,316472,CREATIVE SUPPORT LTD,LD Community Services,561,Purchased Care,Third Party Supplier,STANDARD,5741,JAAA-Directorate of Social Care and Health Services
RBC Legal Entity,16/05/2022,4676872,316472,CREATIVE SUPPORT LTD,PS Acquired Community Services,2244,Purchased Care,Third Party Supplier,STANDARD,5771,JAAA-Directorate of Social Care and Health Services
RBC Legal Entity,16/05/2022,4676874,316472,CREATIVE SUPPORT LTD,PS Acquired Community Services,952,Purchased Care,Third Party Supplier,STANDARD,5771,JAAA-Directorate of Social Care and Health Services
RBC Legal Entity,16/05/2022,4676875,316472,CREATIVE SUPPORT LTD,PS Acquired Community Services,4284,Purchased Care,Third Party Supplier,STANDARD,5771,JAAA-Directorate of Social Care and Health Services
RBC Legal Entity,16/05/2022,4676876,316472,CREATIVE SUPPORT LTD,PS Acquired Community Services,3060,Purchased Care,Third Party Supplier,STANDARD,5771,JAAA-Directorate of Social Care and Health Services
RBC Legal Entity,16/05/2022,4676877,316472,CREATIVE SUPPORT LTD,PS Acquired Community Services,1071,Purchased Care,Third Party Supplier,STANDARD,5771,JAAA-Directorate of Social Care and Health Services
RBC Legal Entity,16/05/2022,4680901,316473,SOFT EGG LIMITED,New Directions,22,PurchaseComputer Equipt,SUPPLIER,STANDARD,3340,KAAA-Directorate of Economic Growth and Neighbourhood Services
RBC Legal Entity,16/05/2022,4680901,316473,SOFT EGG LIMITED,New Directions,14237.4,PurchaseComputer Equipt,SUPPLIER,STANDARD,3340,KAAA-Directorate of Economic Growth and Neighbourhood Services
RBC Legal Entity,16/05/2022,4680913,316474,TEAM (ENERGY AUDITING AGENCY LTD),Sustainability,3384,Software Support,SUPPLIER,STANDARD,2026,KAAA-Directorate of Economic Growth and Neighbourhood Services
RBC Legal Entity,16/05/2022,4674472,316476,NEIL CURTIS FUNERAL CONTRACTOR,Grounds Maintenance,2250,TPP to Others,SUPPLIER,STANDARD,1306,KAAA-Directorate of Economic Growth and Neighbourhood Services
RBC Legal Entity,16/05/2022,4657683,316477,SUTCLIFFE PLAY LTD,Grounds Maintenance,427.94,CPG Maintenance,SUPPLIER,STANDARD,1306,KAAA-Directorate of Economic Growth and Neighbourhood Services
RBC Legal Entity,16/05/2022,4673286,316477,SUTCLIFFE PLAY LTD,Grounds Maintenance,981.97,CPG Maintenance,SUPPLIER,STANDARD,1306,KAAA-Directorate of Economic Growth and Neighbourhood Services
RBC Legal Entity,16/05/2022,4673294,316477,SUTCLIFFE PLAY LTD,Grounds Maintenance,459.23,CPG Maintenance,SUPPLIER,STANDARD,1306,KAAA-Directorate of Economic Growth and Neighbourhood Services
RBC Legal Entity,16/05/2022,4676315,316478,ARRIVA THE SHIRES LTD,Strategic Transport & Concessionary Fares,6281.03,Payments for Bus Services,SUPPLIER,STANDARD,4726,KAAA-Directorate of Economic Growth and Neighbourhood Services
RBC Legal Entity,16/05/2022,4676504,316479,REED,Transformation,-1187.5,Agency Staff,Third Party Supplier,CREDIT,5289,JAAA-Directorate of Social Care and Health Services
RBC Legal Entity,16/05/2022,4676504,316479,REED,Transformation,-395.84,Agency Staff,Third Party Supplier,CREDIT,5289,JAAA-Directorate of Social Care and Health Services
RBC Legal Entity,16/05/2022,4676504,316479,REED,ASC Senior Management Team,-36.5,Agency Staff,Third Party Supplier,CREDIT,5700,JAAA-Directorate of Social Care and Health Services
RBC Legal Entity,16/05/2022,4676504,316479,REED,ASC Senior Management Team,-21.9,Agency Staff,Third Party Supplier,CREDIT,5700,JAAA-Directorate of Social Care and Health Services
RBC Legal Entity,16/05/2022,4676504,316479,REED,Neighbourhood Services Support,-20.7,Agency Staff,Third Party Supplier,CREDIT,4590,KAAA-Directorate of Economic Growth and Neighbourhood Services
RBC Legal Entity,16/05/2022,4676504,316479,REED,Accountancy,-18.98,Agency Staff,Third Party Supplier,CREDIT,2200,LAAA-Directorate of Resources
RBC Legal Entity,16/05/2022,4676504,316479,REED,Coroner,-18.75,Agency Staff,Third Party Supplier,CREDIT,4605,KAAA-Directorate of Economic Growth and Neighbourhood Services
RBC Legal Entity,16/05/2022,4676504,316479,REED,Coroner,-18.75,Agency Staff,Third Party Supplier,CREDIT,4605,KAAA-Directorate of Economic Growth and Neighbourhood Services
RBC Legal Entity,16/05/2022,4676504,316479,REED,Accountancy,-16.56,Agency Staff,Third Party Supplier,CREDIT,2200,LAAA-Directorate of Resources
RBC Legal Entity,16/05/2022,4676504,316479,REED,BFFC Agency Staff (Rechargeable),-16.56,Agency Staff,Third Party Supplier,CREDIT,2008,LAAA-Directorate of Resources
RBC Legal Entity,16/05/2022,4676504,316479,REED,BFFC Agency Staff (Rechargeable),-16.56,Agency Staff,Third Party Supplier,CREDIT,2008,LAAA-Directorate of Resources
RBC Legal Entity,16/05/2022,4676504,316479,REED,Accountancy,-15.18,Agency Staff,Third Party Supplier,CREDIT,2200,LAAA-Directorate of Resources
RBC Legal Entity,16/05/2022,4676504,316479,REED,Legal Services,-14.4,Agency Staff,Third Party Supplier,CREDIT,2400,LAAA-Directorate of Resources
RBC Legal Entity,16/05/2022,4676504,316479,REED,Legal Services,-12.77,Agency Staff,Third Party Supplier,CREDIT,2400,LAAA-Directorate of Resources
RBC Legal Entity,16/05/2022,4676504,316479,REED,BFFC Agency Staff (Rechargeable),-12.6,Agency Staff,Third Party Supplier,CREDIT,2008,LAAA-Directorate of Resources
RBC Legal Entity,16/05/2022,4676504,316479,REED,BFFC Agency Staff (Rechargeable),-12.6,Agency Staff,Third Party Supplier,CREDIT,2008,LAAA-Directorate of Resources
RBC Legal Entity,16/05/2022,4676504,316479,REED,Accountancy,-12.42,Agency Staff,Third Party Supplier,CREDIT,2200,LAAA-Directorate of Resources
RBC Legal Entity,16/05/2022,4676504,316479,REED,Legal Services,-12.26,Agency Staff,Third Party Supplier,CREDIT,2400,LAAA-Directorate of Resources
RBC Legal Entity,16/05/2022,4676504,316479,REED,IT Management,-12,Agency Staff,Third Party Supplier,CREDIT,2300,EAAA-Chief Executive
RBC Legal Entity,16/05/2022,4676504,316479,REED,Joint Legal Team,-12,Agency Staff,Third Party Supplier,CREDIT,2405,LAAA-Directorate of Resources
RBC Legal Entity,16/05/2022,4676504,316479,REED,Legal Services,-11.68,Agency Staff,Third Party Supplier,CREDIT,2400,LAAA-Directorate of Resources
RBC Legal Entity,16/05/2022,4676504,316479,REED,Test and Trace,-11.63,Agency Staff,Third Party Supplier,CREDIT,2068,JAAA-Directorate of Social Care and Health Services
RBC Legal Entity,16/05/2022,4676504,316479,REED,Joint Legal Team,-10.8,Agency Staff,Third Party Supplier,CREDIT,2405,LAAA-Directorate of Resources
RBC Legal Entity,16/05/2022,4676504,316479,REED,IT Management,-9.6,Agency Staff,Third Party Supplier,CREDIT,2300,EAAA-Chief Executive
RBC Legal Entity,16/05/2022,4676504,316479,REED,Mental Health Team,-8.14,Agency Staff,Third Party Supplier,CREDIT,5253,JAAA-Directorate of Social Care and Health Services
RBC Legal Entity,16/05/2022,4676504,316479,REED,ASC Short Term Team,-8.14,Agency Staff,Third Party Supplier,CREDIT,5722,JAAA-Directorate of Social Care and Health Services
RBC Legal Entity,16/05/2022,4676504,316479,REED,ASC Short Term Team,-7.88,Agency Staff,Third Party Supplier,CREDIT,5722,JAAA-Directorate of Social Care and Health Services
RBC Legal Entity,16/05/2022,4676504,316479,REED,ASC Locality Team,-7.77,Agency Staff,Third Party Supplier,CREDIT,5721,JAAA-Directorate of Social Care and Health Services
RBC Legal Entity,16/05/2022,4676504,316479,REED,ASC Locality Team,-7.77,Agency Staff,Third Party Supplier,CREDIT,5721,JAAA-Directorate of Social Care and Health Services
RBC Legal Entity,16/05/2022,4676504,316479,REED,ASC Short Term Team,-7.77,Agency Staff,Third Party Supplier,CREDIT,5722,JAAA-Directorate of Social Care and Health Services
RBC Legal Entity,16/05/2022,4676504,316479,REED,ASC Short Term Team,-7.4,Agency Staff,Third Party Supplier,CREDIT,5722,JAAA-Directorate of Social Care and Health Services
RBC Legal Entity,16/05/2022,4676504,316479,REED,ASC Short Term Team,-7.4,Agency Staff,Third Party Supplier,CREDIT,5722,JAAA-Directorate of Social Care and Health Services
RBC Legal Entity,16/05/2022,4676504,316479,REED,ASC Short Term Team,-7.4,Agency Staff,Third Party Supplier,CREDIT,5722,JAAA-Directorate of Social Care and Health Services
RBC Legal Entity,16/05/2022,4676504,316479,REED,ASC Short Term Team,-7.26,Agency Staff,Third Party Supplier,CREDIT,5722,JAAA-Directorate of Social Care and Health Services
RBC Legal Entity,16/05/2022,4676504,316479,REED,ASC Locality Team,-7.03,Agency Staff,Third Party Supplier,CREDIT,5721,JAAA-Directorate of Social Care and Health Services
RBC Legal Entity,16/05/2022,4676504,316479,REED,ASC Locality Team,-7.03,Agency Staff,Third Party Supplier,CREDIT,5721,JAAA-Directorate of Social Care and Health Services
RBC Legal Entity,16/05/2022,4676504,316479,REED,Safeguarding Adults,-7.03,Agency Staff,Third Party Supplier,CREDIT,5158,JAAA-Directorate of Social Care and Health Services
RBC Legal Entity,16/05/2022,4676504,316479,REED,Registration,-6.75,Agency Staff,Third Party Supplier,CREDIT,4604,LAAA-Directorate of Resources
RBC Legal Entity,16/05/2022,4676504,316479,REED,Mental Health Team,-6.6,Agency Staff,Third Party Supplier,CREDIT,5253,JAAA-Directorate of Social Care and Health Services
RBC Legal Entity,16/05/2022,4676504,316479,REED,Legal Services,-6.35,Agency Staff,Third Party Supplier,CREDIT,2400,LAAA-Directorate of Resources
RBC Legal Entity,16/05/2022,4676504,316479,REED,Legal Services,-6.34,Agency Staff,Third Party Supplier,CREDIT,2400,LAAA-Directorate of Resources
RBC Legal Entity,16/05/2022,4676504,316479,REED,ASC Short Term Team,-6.3,Agency Staff,Third Party Supplier,CREDIT,5722,JAAA-Directorate of Social Care and Health Services
RBC Legal Entity,16/05/2022,4676504,316479,REED,ASC Short Term Team,-6.08,Agency Staff,Third Party Supplier,CREDIT,5722,JAAA-Directorate of Social Care and Health Services
RBC Legal Entity,16/05/2022,4676504,316479,REED,Mental Health Team,-6,Agency Staff,Third Party Supplier,CREDIT,5253,JAAA-Directorate of Social Care and Health Services
RBC Legal Entity,16/05/2022,4676504,316479,REED,ASC Short Term Team,-6,Agency Staff,Third Party Supplier,CREDIT,5722,JAAA-Directorate of Social Care and Health Services
RBC Legal Entity,16/05/2022,4676504,316479,REED,ASC Locality Team,-5.7,Agency Staff,Third Party Supplier,CREDIT,5721,JAAA-Directorate of Social Care and Health Services
RBC Legal Entity,16/05/2022,4676504,316479,REED,Joint Legal Team,-5.7,Agency Staff,Third Party Supplier,CREDIT,2405,LAAA-Directorate of Resources
RBC Legal Entity,16/05/2022,4676504,316479,REED,Joint Legal Team,-5.7,Agency Staff,Third Party Supplier,CREDIT,2405,LAAA-Directorate of Resources
RBC Legal Entity,16/05/2022,4676504,316479,REED,Joint Legal Team,-5.4,Agency Staff,Third Party Supplier,CREDIT,2405,LAAA-Directorate of Resources
RBC Legal Entity,16/05/2022,4676504,316479,REED,ASC Short Term Team,-5.25,Agency Staff,Third Party Supplier,CREDIT,5722,JAAA-Directorate of Social Care and Health Services
RBC Legal Entity,16/05/2022,4676504,316479,REED,Joint Legal Team,-5.22,Agency Staff,Third Party Supplier,CREDIT,2405,LAAA-Directorate of Resources
RBC Legal Entity,16/05/2022,4676504,316479,REED,Joint Legal Team,-5.18,Agency Staff,Third Party Supplier,CREDIT,2405,LAAA-Directorate of Resources
RBC Legal Entity,16/05/2022,4676504,316479,REED,ASC Short Term Team,-5.13,Agency Staff,Third Party Supplier,CREDIT,5722,JAAA-Directorate of Social Care and Health Services
RBC Legal Entity,16/05/2022,4676504,316479,REED,Joint Legal Team,-4.79,Agency Staff,Third Party Supplier,CREDIT,2405,LAAA-Directorate of Resources
RBC Legal Entity,16/05/2022,4676504,316479,REED,Registration,-4.73,Agency Staff,Third Party Supplier,CREDIT,4604,LAAA-Directorate of Resources
RBC Legal Entity,16/05/2022,4676504,316479,REED,Joint Legal Team,-2.66,Agency Staff,Third Party Supplier,CREDIT,2405,LAAA-Directorate of Resources
RBC Legal Entity,16/05/2022,4676504,316479,REED,ASC Short Term Team,3.6,Agency Staff,Third Party Supplier,STANDARD,5722,JAAA-Directorate of Social Care and Health Services
RBC Legal Entity,16/05/2022,4676504,316479,REED,ASC Short Term Team,3.6,Agency Staff,Third Party Supplier,STANDARD,5722,JAAA-Directorate of Social Care and Health Services
RBC Legal Entity,16/05/2022,4676504,316479,REED,ASC Short Term Team,4.05,Agency Staff,Third Party Supplier,STANDARD,5722,JAAA-Directorate of Social Care and Health Services
RBC Legal Entity,16/05/2022,4676504,316479,REED,ASC Short Term Team,4.5,Agency Staff,Third Party Supplier,STANDARD,5722,JAAA-Directorate of Social Care and Health Services
RBC Legal Entity,16/05/2022,4676504,316479,REED,ASC Short Term Team,4.95,Agency Staff,Third Party Supplier,STANDARD,5722,JAAA-Directorate of Social Care and Health Services
RBC Legal Entity,16/05/2022,4676504,316479,REED,ASC Short Term Team,5.4,Agency Staff,Third Party Supplier,STANDARD,5722,JAAA-Directorate of Social Care and Health Services
RBC Legal Entity,16/05/2022,4676504,316479,REED,BFFC Agency Staff (Rechargeable),6.3,Agency Staff,Third Party Supplier,STANDARD,2008,LAAA-Directorate of Resources
RBC Legal Entity,16/05/2022,4676504,316479,REED,BFFC Agency Staff (Rechargeable),6.75,Agency Staff,Third Party Supplier,STANDARD,2008,LAAA-Directorate of Resources
RBC Legal Entity,16/05/2022,4676504,316479,REED,ASC Short Term Team,6.75,Agency Staff,Third Party Supplier,STANDARD,5722,JAAA-Directorate of Social Care and Health Services
RBC Legal Entity,16/05/2022,4676504,316479,REED,BFFC Agency Staff (Rechargeable),10.35,Agency Staff,Third Party Supplier,STANDARD,2008,LAAA-Directorate of Resources
RBC Legal Entity,16/05/2022,4676504,316479,REED,ASC Short Term Team,10.35,Agency Staff,Third Party Supplier,STANDARD,5722,JAAA-Directorate of Social Care and Health Services
RBC Legal Entity,16/05/2022,4676504,316479,REED,ASC Short Term Team,13.05,Agency Staff,Third Party Supplier,STANDARD,5722,JAAA-Directorate of Social Care and Health Services
RBC Legal Entity,16/05/2022,4676504,316479,REED,BFFC Agency Staff (Rechargeable),16.65,Agency Staff,Third Party Supplier,STANDARD,2008,LAAA-Directorate of Resources
RBC Legal Entity,16/05/2022,4676504,316479,REED,BFFC Agency Staff (Rechargeable),18.9,Agency Staff,Third Party Supplier,STANDARD,2008,LAAA-Directorate of Resources
RBC Legal Entity,16/05/2022,4676504,316479,REED,BFFC Agency Staff (Rechargeable),22.41,Agency Staff,Third Party Supplier,STANDARD,2008,LAAA-Directorate of Resources
RBC Legal Entity,16/05/2022,4676504,316479,REED,ASC Short Term Team,23.4,Agency Staff,Third Party Supplier,STANDARD,5722,JAAA-Directorate of Social Care and Health Services
RBC Legal Entity,16/05/2022,4676504,316479,REED,Transformation,29.7,Agency Staff,Third Party Supplier,STANDARD,5289,JAAA-Directorate of Social Care and Health Services
RBC Legal Entity,16/05/2022,4676504,316479,REED,ASC Short Term Team,47.7,Agency Staff,Third Party Supplier,STANDARD,5722,JAAA-Directorate of Social Care and Health Services
RBC Legal Entity,16/05/2022,4676504,316479,REED,Grounds Maintenance,71.99,Agency Staff,Third Party Supplier,STANDARD,1306,KAAA-Directorate of Economic Growth and Neighbourhood Services
RBC Legal Entity,16/05/2022,4676504,316479,REED,Civil Engineering,72,Agency Staff,Third Party Supplier,STANDARD,4550,KAAA-Directorate of Economic Growth and Neighbourhood Services
RBC Legal Entity,16/05/2022,4676504,316479,REED,BFFC Agency Staff (Rechargeable),92.7,Agency Staff,Third Party Supplier,STANDARD,2008,LAAA-Directorate of Resources
RBC Legal Entity,16/05/2022,4676504,316479,REED,ASC Locality Team,139.49,Agency Staff,Third Party Supplier,STANDARD,5721,JAAA-Directorate of Social Care and Health Services
RBC Legal Entity,16/05/2022,4676504,316479,REED,BFFC Agency Staff (Rechargeable),164.7,Agency Staff,Third Party Supplier,STANDARD,2008,LAAA-Directorate of Resources
RBC Legal Entity,16/05/2022,4676504,316479,REED,ASC Locality Team,185,Agency Staff,Third Party Supplier,STANDARD,5721,JAAA-Directorate of Social Care and Health Services
RBC Legal Entity,16/05/2022,4676504,316479,REED,ASC Locality Team,190.98,Agency Staff,Third Party Supplier,STANDARD,5721,JAAA-Directorate of Social Care and Health Services
RBC Legal Entity,16/05/2022,4676504,316479,REED,Lord Lieutenant,224.17,Agency Staff,Third Party Supplier,STANDARD,2510,EAAA-Chief Executive
RBC Legal Entity,16/05/2022,4676504,316479,REED,Street Cleansing,225.79,Agency Staff,Third Party Supplier,STANDARD,4566,KAAA-Directorate of Economic Growth and Neighbourhood Services
RBC Legal Entity,16/05/2022,4676504,316479,REED,ASC Short Term Team,264.55,Agency Staff,Third Party Supplier,STANDARD,5722,JAAA-Directorate of Social Care and Health Services
RBC Legal Entity,16/05/2022,4676504,316479,REED,Transformation,311.2,Agency Staff,Third Party Supplier,STANDARD,5289,JAAA-Directorate of Social Care and Health Services
RBC Legal Entity,16/05/2022,4676504,316479,REED,Street Cleansing,338.68,Agency Staff,Third Party Supplier,STANDARD,4566,KAAA-Directorate of Economic Growth and Neighbourhood Services
RBC Legal Entity,16/05/2022,4676504,316479,REED,Street Cleansing,338.7,Agency Staff,Third Party Supplier,STANDARD,4566,KAAA-Directorate of Economic Growth and Neighbourhood Services
RBC Legal Entity,16/05/2022,4676504,316479,REED,Customer Services - Reception,343.57,Agency Staff,Third Party Supplier,STANDARD,2595,LAAA-Directorate of Resources
RBC Legal Entity,16/05/2022,4676504,316479,REED,Refuse Collection,362.36,Agency Staff,Third Party Supplier,STANDARD,4561,KAAA-Directorate of Economic Growth and Neighbourhood Services
RBC Legal Entity,16/05/2022,4676504,316479,REED,Refuse Collection,363.21,Agency Staff,Third Party Supplier,STANDARD,4561,KAAA-Directorate of Economic Growth and Neighbourhood Services
RBC Legal Entity,16/05/2022,4676504,316479,REED,BFFC Agency Staff (Rechargeable),366.75,Agency Staff,Third Party Supplier,STANDARD,2008,LAAA-Directorate of Resources
RBC Legal Entity,16/05/2022,4676504,316479,REED,Refuse Collection,367.27,Agency Staff,Third Party Supplier,STANDARD,4561,KAAA-Directorate of Economic Growth and Neighbourhood Services
RBC Legal Entity,16/05/2022,4676504,316479,REED,Refuse Collection,367.27,Agency Staff,Third Party Supplier,STANDARD,4561,KAAA-Directorate of Economic Growth and Neighbourhood Services
RBC Legal Entity,16/05/2022,4676504,316479,REED,Transformation,395.84,Agency Staff,Third Party Supplier,STANDARD,5289,JAAA-Directorate of Social Care and Health Services
RBC Legal Entity,16/05/2022,4676504,316479,REED,BFFC Agency Staff (Rechargeable),449.55,Agency Staff,Third Party Supplier,STANDARD,2008,LAAA-Directorate of Resources
RBC Legal Entity,16/05/2022,4676504,316479,REED,Procurement Services,451.94,Agency Staff,Third Party Supplier,STANDARD,2402,LAAA-Directorate of Resources
RBC Legal Entity,16/05/2022,4676504,316479,REED,Grounds Maintenance,461.79,Agency Staff,Third Party Supplier,STANDARD,1306,KAAA-Directorate of Economic Growth and Neighbourhood Services
RBC Legal Entity,16/05/2022,4676504,316479,REED,Grounds Maintenance,461.79,Agency Staff,Third Party Supplier,STANDARD,1306,KAAA-Directorate of Economic Growth and Neighbourhood Services
RBC Legal Entity,16/05/2022,4676504,316479,REED,Grounds Maintenance,461.79,Agency Staff,Third Party Supplier,STANDARD,1306,KAAA-Directorate of Economic Growth and Neighbourhood Services
RBC Legal Entity,16/05/2022,4676504,316479,REED,Refuse Collection,481.53,Agency Staff,Third Party Supplier,STANDARD,4561,KAAA-Directorate of Economic Growth and Neighbourhood Services
RBC Legal Entity,16/05/2022,4676504,316479,REED,Grounds Maintenance,485.93,Agency Staff,Third Party Supplier,STANDARD,1306,KAAA-Directorate of Economic Growth and Neighbourhood Services
RBC Legal Entity,16/05/2022,4676504,316479,REED,Buildings Payroll,495.43,Agency Staff,Third Party Supplier,STANDARD,3390,KAAA-Directorate of Economic Growth and Neighbourhood Services
RBC Legal Entity,16/05/2022,4676504,316479,REED,Directorate Support,502.71,Agency Staff,Third Party Supplier,STANDARD,2036,LAAA-Directorate of Resources
RBC Legal Entity,16/05/2022,4676504,316479,REED,Exchequer Services,511.03,Agency Staff,Third Party Supplier,STANDARD,2210,LAAA-Directorate of Resources
RBC Legal Entity,16/05/2022,4676504,316479,REED,Exchequer Services,511.03,Agency Staff,Third Party Supplier,STANDARD,2210,LAAA-Directorate of Resources
RBC Legal Entity,16/05/2022,4676504,316479,REED,Exchequer Services,517.21,Agency Staff,Third Party Supplier,STANDARD,2210,LAAA-Directorate of Resources
RBC Legal Entity,16/05/2022,4676504,316479,REED,Joint Legal Team,532.76,Agency Staff,Third Party Supplier,STANDARD,2405,LAAA-Directorate of Resources
RBC Legal Entity,16/05/2022,4676504,316479,REED,Head of Housing,538.25,Agency Staff,Third Party Supplier,STANDARD,5910,HAAA-Housing Revenue Account
RBC Legal Entity,16/05/2022,4676504,316479,REED,Head of Housing,538.25,Agency Staff,Third Party Supplier,STANDARD,5910,HAAA-Housing Revenue Account
RBC Legal Entity,16/05/2022,4676504,316479,REED,Street Cleansing,542.27,Agency Staff,Third Party Supplier,STANDARD,4566,KAAA-Directorate of Economic Growth and Neighbourhood Services
RBC Legal Entity,16/05/2022,4676504,316479,REED,Street Cleansing,543.21,Agency Staff,Third Party Supplier,STANDARD,4566,KAAA-Directorate of Economic Growth and Neighbourhood Services
RBC Legal Entity,16/05/2022,4676504,316479,REED,BFFC Agency Staff (Rechargeable),584.62,Agency Staff,Third Party Supplier,STANDARD,2008,LAAA-Directorate of Resources
RBC Legal Entity,16/05/2022,4676504,316479,REED,ASC Short Term Team,617.96,Agency Staff,Third Party Supplier,STANDARD,5722,JAAA-Directorate of Social Care and Health Services
RBC Legal Entity,16/05/2022,4676504,316479,REED,Transformation,641.09,Agency Staff,Third Party Supplier,STANDARD,5289,JAAA-Directorate of Social Care and Health Services
RBC Legal Entity,16/05/2022,4676504,316479,REED,BFFC Agency Staff (Rechargeable),658.18,Agency Staff,Third Party Supplier,STANDARD,2008,LAAA-Directorate of Resources
RBC Legal Entity,16/05/2022,4676504,316479,REED,BFFC Agency Staff (Rechargeable),660.8,Agency Staff,Third Party Supplier,STANDARD,2008,LAAA-Directorate of Resources
RBC Legal Entity,16/05/2022,4676504,316479,REED,Head of Housing,662.46,Agency Staff,Third Party Supplier,STANDARD,5910,HAAA-Housing Revenue Account
RBC Legal Entity,16/05/2022,4676504,316479,REED,Parking & Enforcement,696.17,Agency Staff,Third Party Supplier,STANDARD,4725,KAAA-Directorate of Economic Growth and Neighbourhood Services
RBC Legal Entity,16/05/2022,4676504,316479,REED,Street Cleansing,697.93,Agency Staff,Third Party Supplier,STANDARD,4566,KAAA-Directorate of Economic Growth and Neighbourhood Services
RBC Legal Entity,16/05/2022,4676504,316479,REED,Commissioning Team,727.28,Agency Staff,Third Party Supplier,STANDARD,3452,JAAA-Directorate of Social Care and Health Services
RBC Legal Entity,16/05/2022,4676504,316479,REED,Transformation,746.74,Agency Staff,Third Party Supplier,STANDARD,5289,JAAA-Directorate of Social Care and Health Services
RBC Legal Entity,16/05/2022,4676504,316479,REED,Directorate Support,799.36,Agency Staff,Third Party Supplier,STANDARD,2036,LAAA-Directorate of Resources
RBC Legal Entity,16/05/2022,4676504,316479,REED,Street Cleansing,853.58,Agency Staff,Third Party Supplier,STANDARD,4566,KAAA-Directorate of Economic Growth and Neighbourhood Services
RBC Legal Entity,16/05/2022,4676504,316479,REED,Registration,901.43,Agency Staff,Third Party Supplier,STANDARD,4604,LAAA-Directorate of Resources
RBC Legal Entity,16/05/2022,4676504,316479,REED,BFFC Agency Staff (Rechargeable),904.65,Agency Staff,Third Party Supplier,STANDARD,2008,LAAA-Directorate of Resources
RBC Legal Entity,16/05/2022,4676504,316479,REED,Transformation,933.6,Agency Staff,Third Party Supplier,STANDARD,5289,JAAA-Directorate of Social Care and Health Services
RBC Legal Entity,16/05/2022,4676504,316479,REED,Joint Legal Team,948.09,Agency Staff,Third Party Supplier,STANDARD,2405,LAAA-Directorate of Resources
RBC Legal Entity,16/05/2022,4676504,316479,REED,Joint Legal Team,957.42,Agency Staff,Third Party Supplier,STANDARD,2405,LAAA-Directorate of Resources
RBC Legal Entity,16/05/2022,4676504,316479,REED,ASC Short Term Team,971.5,Agency Staff,Third Party Supplier,STANDARD,5722,JAAA-Directorate of Social Care and Health Services
RBC Legal Entity,16/05/2022,4676504,316479,REED,BFFC Agency Staff (Rechargeable),987.75,Agency Staff,Third Party Supplier,STANDARD,2008,LAAA-Directorate of Resources
RBC Legal Entity,16/05/2022,4676504,316479,REED,Joint Legal Team,993.78,Agency Staff,Third Party Supplier,STANDARD,2405,LAAA-Directorate of Resources
RBC Legal Entity,16/05/2022,4676504,316479,REED,ASC Locality Team,1046.61,Agency Staff,Third Party Supplier,STANDARD,5721,JAAA-Directorate of Social Care and Health Services
RBC Legal Entity,16/05/2022,4676504,316479,REED,ASC Locality Team,1082.7,Agency Staff,Third Party Supplier,STANDARD,5721,JAAA-Directorate of Social Care and Health Services
RBC Legal Entity,16/05/2022,4676504,316479,REED,Special Parking Area,1084.29,Agency Staff,Third Party Supplier,STANDARD,4724,KAAA-Directorate of Economic Growth and Neighbourhood Services
RBC Legal Entity,16/05/2022,4676504,316479,REED,Joint Legal Team,1141.9,Agency Staff,Third Party Supplier,STANDARD,2405,LAAA-Directorate of Resources
RBC Legal Entity,16/05/2022,4676504,316479,REED,ASC Short Term Team,1143,Agency Staff,Third Party Supplier,STANDARD,5722,JAAA-Directorate of Social Care and Health Services
RBC Legal Entity,16/05/2022,4676504,316479,REED,ASC Short Term Team,1158.08,Agency Staff,Third Party Supplier,STANDARD,5722,JAAA-Directorate of Social Care and Health Services
RBC Legal Entity,16/05/2022,4676504,316479,REED,ASC Short Term Team,1173.3,Agency Staff,Third Party Supplier,STANDARD,5722,JAAA-Directorate of Social Care and Health Services
RBC Legal Entity,16/05/2022,4676504,316479,REED,Legal Services,1183.18,Agency Staff,Third Party Supplier,STANDARD,2400,LAAA-Directorate of Resources
RBC Legal Entity,16/05/2022,4676504,316479,REED,Mental Health Team,1203.6,Agency Staff,Third Party Supplier,STANDARD,5253,JAAA-Directorate of Social Care and Health Services
RBC Legal Entity,16/05/2022,4676504,316479,REED,Legal Services,1213.33,Agency Staff,Third Party Supplier,STANDARD,2400,LAAA-Directorate of Resources
RBC Legal Entity,16/05/2022,4676504,316479,REED,ASC Locality Team,1280.06,Agency Staff,Third Party Supplier,STANDARD,5721,JAAA-Directorate of Social Care and Health Services
RBC Legal Entity,16/05/2022,4676504,316479,REED,BFFC Agency Staff (Rechargeable),1321.6,Agency Staff,Third Party Supplier,STANDARD,2008,LAAA-Directorate of Resources
RBC Legal Entity,16/05/2022,4676504,316479,REED,Civil Engineering,1322.86,Agency Staff,Third Party Supplier,STANDARD,4550,KAAA-Directorate of Economic Growth and Neighbourhood Services
RBC Legal Entity,16/05/2022,4676504,316479,REED,ASC Short Term Team,1323.96,Agency Staff,Third Party Supplier,STANDARD,5722,JAAA-Directorate of Social Care and Health Services
RBC Legal Entity,16/05/2022,4676504,316479,REED,ASC Short Term Team,1327.1,Agency Staff,Third Party Supplier,STANDARD,5722,JAAA-Directorate of Social Care and Health Services
RBC Legal Entity,16/05/2022,4676504,316479,REED,Head of Housing,1366.32,Agency Staff,Third Party Supplier,STANDARD,5910,HAAA-Housing Revenue Account
RBC Legal Entity,16/05/2022,4676504,316479,REED,BFFC Agency Staff (Rechargeable),1367.16,Agency Staff,Third Party Supplier,STANDARD,2008,LAAA-Directorate of Resources
RBC Legal Entity,16/05/2022,4676504,316479,REED,ASC Short Term Team,1367.16,Agency Staff,Third Party Supplier,STANDARD,5722,JAAA-Directorate of Social Care and Health Services
RBC Legal Entity,16/05/2022,4676504,316479,REED,BFFC Agency Staff (Rechargeable),1377,Agency Staff,Third Party Supplier,STANDARD,2008,LAAA-Directorate of Resources
RBC Legal Entity,16/05/2022,4676504,316479,REED,ASC Short Term Team,1409.7,Agency Staff,Third Party Supplier,STANDARD,5722,JAAA-Directorate of Social Care and Health Services
RBC Legal Entity,16/05/2022,4676504,316479,REED,ASC Short Term Team,1412.48,Agency Staff,Third Party Supplier,STANDARD,5722,JAAA-Directorate of Social Care and Health Services
RBC Legal Entity,16/05/2022,4676504,316479,REED,Food and Safety,1429.87,Agency Staff,Third Party Supplier,STANDARD,4614,KAAA-Directorate of Economic Growth and Neighbourhood Services
RBC Legal Entity,16/05/2022,4676504,316479,REED,BFFC Agency Staff (Rechargeable),1442.55,Agency Staff,Third Party Supplier,STANDARD,2008,LAAA-Directorate of Resources
RBC Legal Entity,16/05/2022,4676504,316479,REED,ASC Short Term Team,1445.3,Agency Staff,Third Party Supplier,STANDARD,5722,JAAA-Directorate of Social Care and Health Services
RBC Legal Entity,16/05/2022,4676504,316479,REED,ASC Locality Team,1447.07,Agency Staff,Third Party Supplier,STANDARD,5721,JAAA-Directorate of Social Care and Health Services
RBC Legal Entity,16/05/2022,4676504,316479,REED,Transformation,1455.6,Agency Staff,Third Party Supplier,STANDARD,5289,JAAA-Directorate of Social Care and Health Services
RBC Legal Entity,16/05/2022,4676504,316479,REED,BFFC Agency Staff (Rechargeable),1467,Agency Staff,Third Party Supplier,STANDARD,2008,LAAA-Directorate of Resources
RBC Legal Entity,16/05/2022,4676504,316479,REED,BFFC Agency Staff (Rechargeable),1467,Agency Staff,Third Party Supplier,STANDARD,2008,LAAA-Directorate of Resources
RBC Legal Entity,16/05/2022,4676504,316479,REED,BFFC Agency Staff (Rechargeable),1467,Agency Staff,Third Party Supplier,STANDARD,2008,LAAA-Directorate of Resources
RBC Legal Entity,16/05/2022,4676504,316479,REED,BFFC Agency Staff (Rechargeable),1467,Agency Staff,Third Party Supplier,STANDARD,2008,LAAA-Directorate of Resources
RBC Legal Entity,16/05/2022,4676504,316479,REED,BFFC Agency Staff (Rechargeable),1467,Agency Staff,Third Party Supplier,STANDARD,2008,LAAA-Directorate of Resources
RBC Legal Entity,16/05/2022,4676504,316479,REED,BFFC Agency Staff (Rechargeable),1467,Agency Staff,Third Party Supplier,STANDARD,2008,LAAA-Directorate of Resources
RBC Legal Entity,16/05/2022,4676504,316479,REED,BFFC Agency Staff (Rechargeable),1467,Agency Staff,Third Party Supplier,STANDARD,2008,LAAA-Directorate of Resources
RBC Legal Entity,16/05/2022,4676504,316479,REED,BFFC Agency Staff (Rechargeable),1467,Agency Staff,Third Party Supplier,STANDARD,2008,LAAA-Directorate of Resources
RBC Legal Entity,16/05/2022,4676504,316479,REED,BFFC Agency Staff (Rechargeable),1467,Agency Staff,Third Party Supplier,STANDARD,2008,LAAA-Directorate of Resources
RBC Legal Entity,16/05/2022,4676504,316479,REED,BFFC Agency Staff (Rechargeable),1467,Agency Staff,Third Party Supplier,STANDARD,2008,LAAA-Directorate of Resources
RBC Legal Entity,16/05/2022,4676504,316479,REED,BFFC Agency Staff (Rechargeable),1467,Agency Staff,Third Party Supplier,STANDARD,2008,LAAA-Directorate of Resources
RBC Legal Entity,16/05/2022,4676504,316479,REED,BFFC Agency Staff (Rechargeable),1467,Agency Staff,Third Party Supplier,STANDARD,2008,LAAA-Directorate of Resources
RBC Legal Entity,16/05/2022,4676504,316479,REED,BFFC Agency Staff (Rechargeable),1467,Agency Staff,Third Party Supplier,STANDARD,2008,LAAA-Directorate of Resources
RBC Legal Entity,16/05/2022,4676504,316479,REED,BFFC Agency Staff (Rechargeable),1467,Agency Staff,Third Party Supplier,STANDARD,2008,LAAA-Directorate of Resources
RBC Legal Entity,16/05/2022,4676504,316479,REED,BFFC Agency Staff (Rechargeable),1467,Agency Staff,Third Party Supplier,STANDARD,2008,LAAA-Directorate of Resources
RBC Legal Entity,16/05/2022,4676504,316479,REED,BFFC Agency Staff (Rechargeable),1467,Agency Staff,Third Party Supplier,STANDARD,2008,LAAA-Directorate of Resources
RBC Legal Entity,16/05/2022,4676504,316479,REED,BFFC Agency Staff (Rechargeable),1467,Agency Staff,Third Party Supplier,STANDARD,2008,LAAA-Directorate of Resources
RBC Legal Entity,16/05/2022,4676504,316479,REED,BFFC Agency Staff (Rechargeable),1474.5,Agency Staff,Third Party Supplier,STANDARD,2008,LAAA-Directorate of Resources
RBC Legal Entity,16/05/2022,4676504,316479,REED,BFFC Agency Staff (Rechargeable),1474.5,Agency Staff,Third Party Supplier,STANDARD,2008,LAAA-Directorate of Resources
RBC Legal Entity,16/05/2022,4676504,316479,REED,Joint Legal Team,1484.2,Agency Staff,Third Party Supplier,STANDARD,2405,LAAA-Directorate of Resources
RBC Legal Entity,16/05/2022,4676504,316479,REED,ASC Locality Team,1516.68,Agency Staff,Third Party Supplier,STANDARD,5721,JAAA-Directorate of Social Care and Health Services
RBC Legal Entity,16/05/2022,4676504,316479,REED,ASC Short Term Team,1516.68,Agency Staff,Third Party Supplier,STANDARD,5722,JAAA-Directorate of Social Care and Health Services
RBC Legal Entity,16/05/2022,4676504,316479,REED,BFFC Agency Staff (Rechargeable),1550.3,Agency Staff,Third Party Supplier,STANDARD,2008,LAAA-Directorate of Resources
RBC Legal Entity,16/05/2022,4676504,316479,REED,ASC Short Term Team,1562.51,Agency Staff,Third Party Supplier,STANDARD,5722,JAAA-Directorate of Social Care and Health Services
RBC Legal Entity,16/05/2022,4676504,316479,REED,ASC Short Term Team,1562.51,Agency Staff,Third Party Supplier,STANDARD,5722,JAAA-Directorate of Social Care and Health Services
RBC Legal Entity,16/05/2022,4676504,316479,REED,ASC Short Term Team,1601.57,Agency Staff,Third Party Supplier,STANDARD,5722,JAAA-Directorate of Social Care and Health Services
RBC Legal Entity,16/05/2022,4676504,316479,REED,Accountancy,1621.54,Agency Staff,Third Party Supplier,STANDARD,2200,LAAA-Directorate of Resources
RBC Legal Entity,16/05/2022,4676504,316479,REED,BFFC Agency Staff (Rechargeable),1624.3,Agency Staff,Third Party Supplier,STANDARD,2008,LAAA-Directorate of Resources
RBC Legal Entity,16/05/2022,4676504,316479,REED,ASC Short Term Team,1633.18,Agency Staff,Third Party Supplier,STANDARD,5722,JAAA-Directorate of Social Care and Health Services
RBC Legal Entity,16/05/2022,4676504,316479,REED,Civil Engineering,1657.97,Agency Staff,Third Party Supplier,STANDARD,4550,KAAA-Directorate of Economic Growth and Neighbourhood Services
RBC Legal Entity,16/05/2022,4676504,316479,REED,IT Management,1750.4,Agency Staff,Third Party Supplier,STANDARD,2300,EAAA-Chief Executive
RBC Legal Entity,16/05/2022,4676504,316479,REED,ASC Senior Management Team,1777.5,Agency Staff,Third Party Supplier,STANDARD,5700,JAAA-Directorate of Social Care and Health Services
RBC Legal Entity,16/05/2022,4676504,316479,REED,BFFC Agency Staff (Rechargeable),1809.3,Agency Staff,Third Party Supplier,STANDARD,2008,LAAA-Directorate of Resources
RBC Legal Entity,16/05/2022,4676504,316479,REED,BFFC Agency Staff (Rechargeable),1809.3,Agency Staff,Third Party Supplier,STANDARD,2008,LAAA-Directorate of Resources
RBC Legal Entity,16/05/2022,4676504,316479,REED,BFFC Agency Staff (Rechargeable),1809.3,Agency Staff,Third Party Supplier,STANDARD,2008,LAAA-Directorate of Resources
RBC Legal Entity,16/05/2022,4676504,316479,REED,BFFC Agency Staff (Rechargeable),1809.3,Agency Staff,Third Party Supplier,STANDARD,2008,LAAA-Directorate of Resources
RBC Legal Entity,16/05/2022,4676504,316479,REED,BFFC Agency Staff (Rechargeable),1809.3,Agency Staff,Third Party Supplier,STANDARD,2008,LAAA-Directorate of Resources
RBC Legal Entity,16/05/2022,4676504,316479,REED,Legal Services,1824.12,Agency Staff,Third Party Supplier,STANDARD,2400,LAAA-Directorate of Resources
RBC Legal Entity,16/05/2022,4676504,316479,REED,Contact Centre,1840.8,Agency Staff,Third Party Supplier,STANDARD,2599,LAAA-Directorate of Resources
RBC Legal Entity,16/05/2022,4676504,316479,REED,Valuation,1880.8,Agency Staff,Third Party Supplier,STANDARD,2100,KAAA-Directorate of Economic Growth and Neighbourhood Services
RBC Legal Entity,16/05/2022,4676504,316479,REED,IT Management,1982.8,Agency Staff,Third Party Supplier,STANDARD,2300,EAAA-Chief Executive
RBC Legal Entity,16/05/2022,4676504,316479,REED,Joint Legal Team,1987.2,Agency Staff,Third Party Supplier,STANDARD,2405,LAAA-Directorate of Resources
RBC Legal Entity,16/05/2022,4676504,316479,REED,Test and Trace,1994.43,Agency Staff,Third Party Supplier,STANDARD,2068,JAAA-Directorate of Social Care and Health Services
RBC Legal Entity,16/05/2022,4676504,316479,REED,BFFC Agency Staff (Rechargeable),2071.64,Agency Staff,Third Party Supplier,STANDARD,2008,LAAA-Directorate of Resources
RBC Legal Entity,16/05/2022,4676504,316479,REED,BFFC Agency Staff (Rechargeable),2071.64,Agency Staff,Third Party Supplier,STANDARD,2008,LAAA-Directorate of Resources
RBC Legal Entity,16/05/2022,4676504,316479,REED,Neighbourhood Services Support,2103.6,Agency Staff,Third Party Supplier,STANDARD,4590,KAAA-Directorate of Economic Growth and Neighbourhood Services
RBC Legal Entity,16/05/2022,4676504,316479,REED,Legal Services,2107.36,Agency Staff,Third Party Supplier,STANDARD,2400,LAAA-Directorate of Resources
RBC Legal Entity,16/05/2022,4676504,316479,REED,Accountancy,2116.02,Agency Staff,Third Party Supplier,STANDARD,2200,LAAA-Directorate of Resources
RBC Legal Entity,16/05/2022,4676504,316479,REED,IT Management,2140.8,Agency Staff,Third Party Supplier,STANDARD,2300,EAAA-Chief Executive
RBC Legal Entity,16/05/2022,4676504,316479,REED,IT Management,2140.8,Agency Staff,Third Party Supplier,STANDARD,2300,EAAA-Chief Executive
RBC Legal Entity,16/05/2022,4676504,316479,REED,Legal Services,2148.2,Agency Staff,Third Party Supplier,STANDARD,2400,LAAA-Directorate of Resources
RBC Legal Entity,16/05/2022,4676504,316479,REED,IT Management,2152.8,Agency Staff,Third Party Supplier,STANDARD,2300,EAAA-Chief Executive
RBC Legal Entity,16/05/2022,4676504,316479,REED,Legal Services,2167.36,Agency Staff,Third Party Supplier,STANDARD,2400,LAAA-Directorate of Resources
RBC Legal Entity,16/05/2022,4676504,316479,REED,BFFC Agency Staff (Rechargeable),2288.6,Agency Staff,Third Party Supplier,STANDARD,2008,LAAA-Directorate of Resources
RBC Legal Entity,16/05/2022,4676504,316479,REED,Contact Centre,2301,Agency Staff,Third Party Supplier,STANDARD,2599,LAAA-Directorate of Resources
RBC Legal Entity,16/05/2022,4676504,316479,REED,Valuation,2351,Agency Staff,Third Party Supplier,STANDARD,2100,KAAA-Directorate of Economic Growth and Neighbourhood Services
RBC Legal Entity,16/05/2022,4676504,316479,REED,BFFC Agency Staff (Rechargeable),2358.6,Agency Staff,Third Party Supplier,STANDARD,2008,LAAA-Directorate of Resources
RBC Legal Entity,16/05/2022,4676504,316479,REED,Neighbourhood Services Support,2454.2,Agency Staff,Third Party Supplier,STANDARD,4590,KAAA-Directorate of Economic Growth and Neighbourhood Services
RBC Legal Entity,16/05/2022,4676504,316479,REED,Accountancy,2589.98,Agency Staff,Third Party Supplier,STANDARD,2200,LAAA-Directorate of Resources
RBC Legal Entity,16/05/2022,4676504,316479,REED,BFFC Agency Staff (Rechargeable),2810.16,Agency Staff,Third Party Supplier,STANDARD,2008,LAAA-Directorate of Resources
RBC Legal Entity,16/05/2022,4676504,316479,REED,BFFC Agency Staff (Rechargeable),2835.52,Agency Staff,Third Party Supplier,STANDARD,2008,LAAA-Directorate of Resources
RBC Legal Entity,16/05/2022,4676504,316479,REED,BFFC Agency Staff (Rechargeable),3196,Agency Staff,Third Party Supplier,STANDARD,2008,LAAA-Directorate of Resources
RBC Legal Entity,16/05/2022,4676504,316479,REED,Coroner,3339.75,Agency Staff,Third Party Supplier,STANDARD,4605,KAAA-Directorate of Economic Growth and Neighbourhood Services
RBC Legal Entity,16/05/2022,4676504,316479,REED,Coroner,3339.75,Agency Staff,Third Party Supplier,STANDARD,4605,KAAA-Directorate of Economic Growth and Neighbourhood Services
RBC Legal Entity,16/05/2022,4676504,316479,REED,Neighbourhood Services Support,3526.7,Agency Staff,Third Party Supplier,STANDARD,4590,KAAA-Directorate of Economic Growth and Neighbourhood Services
RBC Legal Entity,16/05/2022,4680909,316480,CIEH,Food and Safety,613,Training & Development Costs,SUPPLIER,STANDARD,4614,KAAA-Directorate of Economic Growth and Neighbourhood Services
RBC Legal Entity,16/05/2022,4679866,316481,LAUNCHPAD READING,Housing GF General Charges,22500,Preventive+SupportiveServ,Third Party Supplier,STANDARD,5810,KAAA-Directorate of Economic Growth and Neighbourhood Services
RBC Legal Entity,16/05/2022,4673442,316483,DSI BILLING SERVICES LTD,Council Tax & Business Rates,2391.28,Postage Carriage Stamp Duty,SUPPLIER,STANDARD,2250,LAAA-Directorate of Resources
RBC Legal Entity,16/05/2022,4673295,316484,IMPERIAL CIVIL ENFORCEMENT SOLUTIONS,On Street Pay and Display,2550,Comp.Software  Purchases,SUPPLIER,STANDARD,4727,KAAA-Directorate of Economic Growth and Neighbourhood Services
RBC Legal Entity,16/05/2022,4673466,316484,IMPERIAL CIVIL ENFORCEMENT SOLUTIONS,Special Parking Area,9309.6,Leasing Costs,SUPPLIER,STANDARD,4724,KAAA-Directorate of Economic Growth and Neighbourhood Services
RBC Legal Entity,16/05/2022,4680946,316486,HEALTHWATCH READING,Advocacy,562.5,Payments to Operators,Third Party Supplier,STANDARD,5303,JAAA-Directorate of Social Care and Health Services
RBC Legal Entity,16/05/2022,4680946,316486,HEALTHWATCH READING,Advocacy,660,Payments to Operators,Third Party Supplier,STANDARD,5303,JAAA-Directorate of Social Care and Health Services
RBC Legal Entity,16/05/2022,4680958,316486,HEALTHWATCH READING,Advocacy,1792.5,Payments to Operators,Third Party Supplier,STANDARD,5303,JAAA-Directorate of Social Care and Health Services
RBC Legal Entity,16/05/2022,4680134,316487,CAPITA BUSINESS SERVICES LTD,Revenues & Benefits Systems,1549.85,TPP  Contract,Third Party Supplier,STANDARD,2266,LAAA-Directorate of Resources
RBC Legal Entity,16/05/2022,4680137,316487,CAPITA BUSINESS SERVICES LTD,Revenues & Benefits Systems,5638.02,TPP  Contract,Third Party Supplier,STANDARD,2266,LAAA-Directorate of Resources
RBC Legal Entity,16/05/2022,4673300,316488,MIDLAND SOFTWARE LIMITED,HR & Payroll,1196,Training & Development Costs,SUPPLIER,STANDARD,2600,LAAA-Directorate of Resources
RBC Legal Entity,16/05/2022,4673301,316488,MIDLAND SOFTWARE LIMITED,HR & Payroll,1196,Training & Development Costs,SUPPLIER,STANDARD,2600,LAAA-Directorate of Resources
RBC Legal Entity,16/05/2022,4676365,316490,TFG GROUP LIMITED,Corporate Maintenance Services,1736.8,TPP  Contract,SUPPLIER,STANDARD,4080,KAAA-Directorate of Economic Growth and Neighbourhood Services
RBC Legal Entity,16/05/2022,4673240,316491,SUNNYSIDE AUTOS,Fleet Management,1617.09,Unfair Wear + Tear Costs,Third Party Supplier,STANDARD,4552,KAAA-Directorate of Economic Growth and Neighbourhood Services
RBC Legal Entity,16/05/2022,4673406,316499,LEXTOX,JLT Disbursements,854,Misc. Legal Expenses,SUPPLIER,STANDARD,2407,LAAA-Directorate of Resources
RBC Legal Entity,16/05/2022,4680886,316500,SOLUTIONS FOR HEALTH AND SOCIAL CARE,Customer Relations & Information Governance,550,Consultancy Fees,Third Party Supplier,STANDARD,2058,LAAA-Directorate of Resources
RBC Legal Entity,16/05/2022,4673289,316502,DNA LEGAL LTD,JLT Disbursements,665,Misc. Legal Expenses,SUPPLIER,STANDARD,2407,LAAA-Directorate of Resources
RBC Legal Entity,16/05/2022,4673403,316502,DNA LEGAL LTD,JLT Disbursements,760,Misc. Legal Expenses,SUPPLIER,STANDARD,2407,LAAA-Directorate of Resources
RBC Legal Entity,16/05/2022,4673493,316503,MR JERRY D HAWKINS,JLT Disbursements,2482.2,Misc. Legal Expenses,SUPPLIER,STANDARD,2407,LAAA-Directorate of Resources
RBC Legal Entity,16/05/2022,4674451,316504,NLC NOVA LIFT CO LTD,Parks + Open Spaces,5904,Building Works,SUB-CONTRACTOR,STANDARD,8003,ZZZC-Capital
RBC Legal Entity,16/05/2022,4680873,316505,JEREMY SIMMONS,Housing Advice,1198.8,Responsive Repairs,SUPPLIER,STANDARD,5820,KAAA-Directorate of Economic Growth and Neighbourhood Services
RBC Legal Entity,16/05/2022,4673287,316506,VICKY REYNOLDS,JLT Disbursements,550,Misc. Legal Expenses,Third Party Supplier,STANDARD,2407,LAAA-Directorate of Resources
RBC Legal Entity,16/05/2022,4679350,316507,UNIVERSITY HOSPITAL SOUTHAMPTON NHS FT,Coroner,1653,Medical Fees,Third Party Supplier,STANDARD,4605,KAAA-Directorate of Economic Growth and Neighbourhood Services
RBC Legal Entity,16/05/2022,4680871,316508,OAKCOT LTD,Housing Advice,1116.18,Responsive Repairs,Third Party Supplier,STANDARD,5820,KAAA-Directorate of Economic Growth and Neighbourhood Services
RBC Legal Entity,16/05/2022,4673356,316511,AGILISYS LIMITED,IT Management,27218.87,TPP to Others,Third Party Supplier,STANDARD,2300,EAAA-Chief Executive
RBC Legal Entity,16/05/2022,4673356,316511,AGILISYS LIMITED,IT Management,54784.11,TPP to Others,Third Party Supplier,STANDARD,2300,EAAA-Chief Executive
RBC Legal Entity,16/05/2022,4679875,316515,MICHAEL AUBREY PARTNERSHIP,Repairs,2130,Special Adaptions,SUPPLIER,STANDARD,5970,HAAA-Housing Revenue Account
RBC Legal Entity,16/05/2022,4680872,316517,JIM TOWNSEND & COMPANY,Housing Advice,1330.74,Responsive Repairs,SUPPLIER,STANDARD,5820,KAAA-Directorate of Economic Growth and Neighbourhood Services
RBC Legal Entity,16/05/2022,4680832,316521,MULTI-CARE READING COMMUNITY SERVICES LIMITED,M&C Acquired Community Services,739.5,Purchased Care,Third Party Supplier,STANDARD,5751,JAAA-Directorate of Social Care and Health Services
RBC Legal Entity,16/05/2022,4680565,316522,SUPERB HEALTHCARE LTD,Mental Health Community Services,503.5,Purchased Care,Third Party Supplier,STANDARD,5731,JAAA-Directorate of Social Care and Health Services
RBC Legal Entity,16/05/2022,4680600,316522,SUPERB HEALTHCARE LTD,PS Acquired Community Services,2565,Purchased Care,Third Party Supplier,STANDARD,5771,JAAA-Directorate of Social Care and Health Services
RBC Legal Entity,16/05/2022,4680607,316522,SUPERB HEALTHCARE LTD,PS Acquired Community Services,3021,Purchased Care,Third Party Supplier,STANDARD,5771,JAAA-Directorate of Social Care and Health Services
RBC Legal Entity,16/05/2022,4681010,316524,DUCTCLEAN (UK) LIMITED,Private Sector Grants,578.5,Grants (Paid out by RBC),SUB-CONTRACTOR,STANDARD,8500,ZZZC-Capital
RBC Legal Entity,16/05/2022,4680154,316525,YUNEX LTD,Traffic,30814.96,TPP  Contract,SUB-CONTRACTOR,STANDARD,4703,KAAA-Directorate of Economic Growth and Neighbourhood Services
RBC Legal Entity,16/05/2022,4677047,316528,LIMMS CARE SERVICES,PS Acquired Community Services,1058.25,Purchased Care,Third Party Supplier,STANDARD,5771,JAAA-Directorate of Social Care and Health Services
RBC Legal Entity,16/05/2022,4680608,316530,MEDCARE HOME SERVICES LTD T/A PROACTIVE LIFE,Mental Health Community Services,2146.04,Purchased Care,SUPPLIER,STANDARD,5731,JAAA-Directorate of Social Care and Health Services
RBC Legal Entity,16/05/2022,4680609,316530,MEDCARE HOME SERVICES LTD T/A PROACTIVE LIFE,Mental Health Community Services,5051.18,Purchased Care,SUPPLIER,STANDARD,5731,JAAA-Directorate of Social Care and Health Services
RBC Legal Entity,16/05/2022,4680611,316530,MEDCARE HOME SERVICES LTD T/A PROACTIVE LIFE,Mental Health Community Services,4328.22,Purchased Care,SUPPLIER,STANDARD,5731,JAAA-Directorate of Social Care and Health Services
RBC Legal Entity,16/05/2022,4673326,316535,TOTAL COMPUTER NETWORKS LTD,Future ICT operating model,15800,IT - Costs/Equipment,Third Party Supplier,STANDARD,8636,ZZZC-Capital
RBC Legal Entity,16/05/2022,4673327,316535,TOTAL COMPUTER NETWORKS LTD,IT Management,23700,Computer Consumables,Third Party Supplier,STANDARD,2300,EAAA-Chief Executive
RBC Legal Entity,16/05/2022,4673391,316536,NOBL THIRST LTD,Hexagon Catering,639.36,Purchases - Stock Provisions,Third Party Supplier,STANDARD,1241,KAAA-Directorate of Economic Growth and Neighbourhood Services
RBC Legal Entity,16/05/2022,4674285,316537,ADVANCED BUSINESS SOFTWARE & SOLUTIONS LTD,Finance systems Re-procurement,11071.32,Staff/Consultancy,Third Party Supplier,STANDARD,8637,ZZZC-Capital
RBC Legal Entity,16/05/2022,4679851,316537,ADVANCED BUSINESS SOFTWARE & SOLUTIONS LTD,Finance systems Re-procurement,9499.81,Staff/Consultancy,Third Party Supplier,STANDARD,8637,ZZZC-Capital
RBC Legal Entity,16/05/2022,4680961,316537,ADVANCED BUSINESS SOFTWARE & SOLUTIONS LTD,Finance systems Re-procurement,11071.31,Staff/Consultancy,Third Party Supplier,STANDARD,8637,ZZZC-Capital
RBC Legal Entity,16/05/2022,4680962,316537,ADVANCED BUSINESS SOFTWARE & SOLUTIONS LTD,Finance systems Re-procurement,-11071.31,Staff/Consultancy,Third Party Supplier,CREDIT,8637,ZZZC-Capital
RBC Legal Entity,16/05/2022,4673408,316538,PROSIS LTD,Traffic,5526.11,TPP  Contract,Third Party Supplier,STANDARD,4703,KAAA-Directorate of Economic Growth and Neighbourhood Services
RBC Legal Entity,16/05/2022,4673446,316538,PROSIS LTD,UTMC / ITS,961.7,Contractors,Third Party Supplier,STANDARD,8850,ZZZC-Capital
RBC Legal Entity,17/05/2022,4665906,318123,THAMES VALLEY POLICE,Collection Fund Rev. A/C,1357706.2,Precepts,GOVERNMENT,STANDARD,2840,MAAA-Corporate Codes
RBC Legal Entity,17/05/2022,4676488,318124,BIDVEST FOODSERVICE (BIDFOOD),Hexagon Catering,36.4,Purchases - Stock Provisions,Third Party Supplier,STANDARD,1241,KAAA-Directorate of Economic Growth and Neighbourhood Services
RBC Legal Entity,17/05/2022,4676488,318124,BIDVEST FOODSERVICE (BIDFOOD),Hexagon Catering,3806.49,Purchases - Stock Provisions,Third Party Supplier,STANDARD,1241,KAAA-Directorate of Economic Growth and Neighbourhood Services
RBC Legal Entity,17/05/2022,4680769,318125,RAINBOW CARPETS,Focus House,475,Equipment Purchase & Repair,SUPPLIER,STANDARD,5000,JAAA-Directorate of Social Care and Health Services
RBC Legal Entity,17/05/2022,4676628,318127,BRISTOW & SUTOR,Council Tax & Business Rates,75,Professional Fees,Third Party Supplier,STANDARD,2250,LAAA-Directorate of Resources
RBC Legal Entity,17/05/2022,4677052,318128,RADIS COMMUNITY CARE,PS Acquired Community Services,549.28,Purchased Care,Third Party Supplier,STANDARD,5771,JAAA-Directorate of Social Care and Health Services
RBC Legal Entity,17/05/2022,4677053,318128,RADIS COMMUNITY CARE,PS Acquired Community Services,549.28,Purchased Care,Third Party Supplier,STANDARD,5771,JAAA-Directorate of Social Care and Health Services
RBC Legal Entity,17/05/2022,4677054,318128,RADIS COMMUNITY CARE,PS Acquired Community Services,1235.88,Purchased Care,Third Party Supplier,STANDARD,5771,JAAA-Directorate of Social Care and Health Services
RBC Legal Entity,17/05/2022,4677057,318128,RADIS COMMUNITY CARE,PS Lifelong Community Services,589.08,Purchased Care,Third Party Supplier,STANDARD,5781,JAAA-Directorate of Social Care and Health Services
RBC Legal Entity,17/05/2022,4677058,318128,RADIS COMMUNITY CARE,PS Acquired Community Services,2549.92,Purchased Care,Third Party Supplier,STANDARD,5771,JAAA-Directorate of Social Care and Health Services
RBC Legal Entity,17/05/2022,4677059,318128,RADIS COMMUNITY CARE,PS Acquired Community Services,549.28,Purchased Care,Third Party Supplier,STANDARD,5771,JAAA-Directorate of Social Care and Health Services
RBC Legal Entity,17/05/2022,4677061,318128,RADIS COMMUNITY CARE,M&C Acquired Community Services,627.44,Purchased Care,Third Party Supplier,STANDARD,5751,JAAA-Directorate of Social Care and Health Services
RBC Legal Entity,17/05/2022,4677064,318128,RADIS COMMUNITY CARE,PS Acquired Community Services,1098.56,Purchased Care,Third Party Supplier,STANDARD,5771,JAAA-Directorate of Social Care and Health Services
RBC Legal Entity,17/05/2022,4677065,318128,RADIS COMMUNITY CARE,PS Acquired Community Services,1230.59,Purchased Care,Third Party Supplier,STANDARD,5771,JAAA-Directorate of Social Care and Health Services
RBC Legal Entity,17/05/2022,4677068,318128,RADIS COMMUNITY CARE,PS Acquired Community Services,1591.56,Purchased Care,Third Party Supplier,STANDARD,5771,JAAA-Directorate of Social Care and Health Services
RBC Legal Entity,17/05/2022,4677069,318128,RADIS COMMUNITY CARE,PS Acquired Community Services,2413.32,Purchased Care,Third Party Supplier,STANDARD,5771,JAAA-Directorate of Social Care and Health Services
RBC Legal Entity,17/05/2022,4677070,318128,RADIS COMMUNITY CARE,PS Acquired Community Services,2471.76,Purchased Care,Third Party Supplier,STANDARD,5771,JAAA-Directorate of Social Care and Health Services
RBC Legal Entity,17/05/2022,4677071,318128,RADIS COMMUNITY CARE,PS Acquired Community Services,961.24,Purchased Care,Third Party Supplier,STANDARD,5771,JAAA-Directorate of Social Care and Health Services
RBC Legal Entity,17/05/2022,4677072,318128,RADIS COMMUNITY CARE,PS Acquired Community Services,686.6,Purchased Care,Third Party Supplier,STANDARD,5771,JAAA-Directorate of Social Care and Health Services
RBC Legal Entity,17/05/2022,4677073,318128,RADIS COMMUNITY CARE,PS Acquired Community Services,549.28,Purchased Care,Third Party Supplier,STANDARD,5771,JAAA-Directorate of Social Care and Health Services
RBC Legal Entity,17/05/2022,4677075,318128,RADIS COMMUNITY CARE,LD Community Services,1490.8,Purchased Care,Third Party Supplier,STANDARD,5741,JAAA-Directorate of Social Care and Health Services
RBC Legal Entity,17/05/2022,4677076,318128,RADIS COMMUNITY CARE,PS Acquired Community Services,1647.84,Purchased Care,Third Party Supplier,STANDARD,5771,JAAA-Directorate of Social Care and Health Services
RBC Legal Entity,17/05/2022,4677078,318128,RADIS COMMUNITY CARE,PS Acquired Community Services,1098.56,Purchased Care,Third Party Supplier,STANDARD,5771,JAAA-Directorate of Social Care and Health Services
RBC Legal Entity,17/05/2022,4680904,318131,READING REFUGEE SUPPORT GROUP,Afghan Resettlement Programme,799.99,Professional Fees,SUPPLIER,STANDARD,2021,EAAA-Chief Executive
RBC Legal Entity,17/05/2022,4676481,318134,BEN BANKS,Local Elections,1871,Contrib.to Transp.Finance,Third Party Supplier,STANDARD,2425,LAAA-Directorate of Resources
RBC Legal Entity,17/05/2022,4680865,318135,READING UK CIC,New Directions,716.39,Miscellaneous Income,Third Party Supplier,STANDARD,3340,KAAA-Directorate of Economic Growth and Neighbourhood Services
RBC Legal Entity,17/05/2022,4680865,318135,READING UK CIC,New Directions,716.39,Miscellaneous Income,Third Party Supplier,STANDARD,3340,KAAA-Directorate of Economic Growth and Neighbourhood Services
RBC Legal Entity,17/05/2022,4680865,318135,READING UK CIC,New Directions,716.39,Miscellaneous Income,Third Party Supplier,STANDARD,3340,KAAA-Directorate of Economic Growth and Neighbourhood Services
RBC Legal Entity,17/05/2022,4680865,318135,READING UK CIC,New Directions,941.16,Miscellaneous Income,Third Party Supplier,STANDARD,3340,KAAA-Directorate of Economic Growth and Neighbourhood Services
RBC Legal Entity,17/05/2022,4680865,318135,READING UK CIC,New Directions,941.16,Miscellaneous Income,Third Party Supplier,STANDARD,3340,KAAA-Directorate of Economic Growth and Neighbourhood Services
RBC Legal Entity,17/05/2022,4680865,318135,READING UK CIC,New Directions,941.16,Miscellaneous Income,Third Party Supplier,STANDARD,3340,KAAA-Directorate of Economic Growth and Neighbourhood Services
RBC Legal Entity,17/05/2022,4680865,318135,READING UK CIC,New Directions,941.16,Miscellaneous Income,Third Party Supplier,STANDARD,3340,KAAA-Directorate of Economic Growth and Neighbourhood Services
RBC Legal Entity,17/05/2022,4680865,318135,READING UK CIC,New Directions,941.16,Miscellaneous Income,Third Party Supplier,STANDARD,3340,KAAA-Directorate of Economic Growth and Neighbourhood Services
RBC Legal Entity,17/05/2022,4680865,318135,READING UK CIC,New Directions,941.16,Miscellaneous Income,Third Party Supplier,STANDARD,3340,KAAA-Directorate of Economic Growth and Neighbourhood Services
RBC Legal Entity,17/05/2022,4680865,318135,READING UK CIC,New Directions,941.16,Miscellaneous Income,Third Party Supplier,STANDARD,3340,KAAA-Directorate of Economic Growth and Neighbourhood Services
RBC Legal Entity,17/05/2022,4680865,318135,READING UK CIC,New Directions,941.16,Miscellaneous Income,Third Party Supplier,STANDARD,3340,KAAA-Directorate of Economic Growth and Neighbourhood Services
RBC Legal Entity,17/05/2022,4680865,318135,READING UK CIC,New Directions,941.16,Miscellaneous Income,Third Party Supplier,STANDARD,3340,KAAA-Directorate of Economic Growth and Neighbourhood Services
RBC Legal Entity,17/05/2022,4680865,318135,READING UK CIC,New Directions,1010.75,Miscellaneous Income,Third Party Supplier,STANDARD,3340,KAAA-Directorate of Economic Growth and Neighbourhood Services
RBC Legal Entity,17/05/2022,4680865,318135,READING UK CIC,New Directions,1010.75,Miscellaneous Income,Third Party Supplier,STANDARD,3340,KAAA-Directorate of Economic Growth and Neighbourhood Services
RBC Legal Entity,17/05/2022,4680865,318135,READING UK CIC,New Directions,1010.75,Miscellaneous Income,Third Party Supplier,STANDARD,3340,KAAA-Directorate of Economic Growth and Neighbourhood Services
RBC Legal Entity,17/05/2022,4680865,318135,READING UK CIC,New Directions,1010.75,Miscellaneous Income,Third Party Supplier,STANDARD,3340,KAAA-Directorate of Economic Growth and Neighbourhood Services
RBC Legal Entity,17/05/2022,4680865,318135,READING UK CIC,New Directions,1010.75,Miscellaneous Income,Third Party Supplier,STANDARD,3340,KAAA-Directorate of Economic Growth and Neighbourhood Services
RBC Legal Entity,17/05/2022,4680865,318135,READING UK CIC,New Directions,1010.75,Miscellaneous Income,Third Party Supplier,STANDARD,3340,KAAA-Directorate of Economic Growth and Neighbourhood Services
RBC Legal Entity,17/05/2022,4680865,318135,READING UK CIC,New Directions,1010.75,Miscellaneous Income,Third Party Supplier,STANDARD,3340,KAAA-Directorate of Economic Growth and Neighbourhood Services
RBC Legal Entity,17/05/2022,4680865,318135,READING UK CIC,New Directions,1010.75,Miscellaneous Income,Third Party Supplier,STANDARD,3340,KAAA-Directorate of Economic Growth and Neighbourhood Services
RBC Legal Entity,17/05/2022,4680865,318135,READING UK CIC,New Directions,1044.28,Miscellaneous Income,Third Party Supplier,STANDARD,3340,KAAA-Directorate of Economic Growth and Neighbourhood Services
RBC Legal Entity,17/05/2022,4680865,318135,READING UK CIC,New Directions,1560,Miscellaneous Income,Third Party Supplier,STANDARD,3340,KAAA-Directorate of Economic Growth and Neighbourhood Services
RBC Legal Entity,17/05/2022,4680865,318135,READING UK CIC,New Directions,1560,Miscellaneous Income,Third Party Supplier,STANDARD,3340,KAAA-Directorate of Economic Growth and Neighbourhood Services
RBC Legal Entity,17/05/2022,4680865,318135,READING UK CIC,New Directions,1560,Miscellaneous Income,Third Party Supplier,STANDARD,3340,KAAA-Directorate of Economic Growth and Neighbourhood Services
RBC Legal Entity,17/05/2022,4680865,318135,READING UK CIC,New Directions,1560,Miscellaneous Income,Third Party Supplier,STANDARD,3340,KAAA-Directorate of Economic Growth and Neighbourhood Services
RBC Legal Entity,17/05/2022,4680865,318135,READING UK CIC,New Directions,1560,Miscellaneous Income,Third Party Supplier,STANDARD,3340,KAAA-Directorate of Economic Growth and Neighbourhood Services
RBC Legal Entity,17/05/2022,4680865,318135,READING UK CIC,New Directions,1560,Miscellaneous Income,Third Party Supplier,STANDARD,3340,KAAA-Directorate of Economic Growth and Neighbourhood Services
RBC Legal Entity,17/05/2022,4680865,318135,READING UK CIC,New Directions,1560,Miscellaneous Income,Third Party Supplier,STANDARD,3340,KAAA-Directorate of Economic Growth and Neighbourhood Services
RBC Legal Entity,17/05/2022,4680464,318137,ROYLE CARE LTD,PS Acquired Community Services,828.24,Purchased Care,Third Party Supplier,STANDARD,5771,JAAA-Directorate of Social Care and Health Services
RBC Legal Entity,17/05/2022,4680465,318137,ROYLE CARE LTD,PS Acquired Community Services,1952.28,Purchased Care,Third Party Supplier,STANDARD,5771,JAAA-Directorate of Social Care and Health Services
RBC Legal Entity,17/05/2022,4680466,318137,ROYLE CARE LTD,PS Acquired Community Services,690.2,Purchased Care,Third Party Supplier,STANDARD,5771,JAAA-Directorate of Social Care and Health Services
RBC Legal Entity,17/05/2022,4680467,318137,ROYLE CARE LTD,PS Acquired Community Services,552.16,Purchased Care,Third Party Supplier,STANDARD,5771,JAAA-Directorate of Social Care and Health Services
RBC Legal Entity,17/05/2022,4680468,318137,ROYLE CARE LTD,PS Acquired Community Services,2484.72,Purchased Care,Third Party Supplier,STANDARD,5771,JAAA-Directorate of Social Care and Health Services
RBC Legal Entity,17/05/2022,4680469,318137,ROYLE CARE LTD,PS Acquired Community Services,2208.64,Purchased Care,Third Party Supplier,STANDARD,5771,JAAA-Directorate of Social Care and Health Services
RBC Legal Entity,17/05/2022,4680470,318137,ROYLE CARE LTD,PS Acquired Community Services,1380.4,Purchased Care,Third Party Supplier,STANDARD,5771,JAAA-Directorate of Social Care and Health Services
RBC Legal Entity,17/05/2022,4680473,318137,ROYLE CARE LTD,PS Acquired Community Services,2041.02,Purchased Care,Third Party Supplier,STANDARD,5771,JAAA-Directorate of Social Care and Health Services
RBC Legal Entity,17/05/2022,4680477,318137,ROYLE CARE LTD,PS Acquired Community Services,1242.36,Purchased Care,Third Party Supplier,STANDARD,5771,JAAA-Directorate of Social Care and Health Services
RBC Legal Entity,17/05/2022,4680478,318137,ROYLE CARE LTD,PS Acquired Community Services,1380.4,Purchased Care,Third Party Supplier,STANDARD,5771,JAAA-Directorate of Social Care and Health Services
RBC Legal Entity,17/05/2022,4680479,318137,ROYLE CARE LTD,PS Acquired Community Services,1380.4,Purchased Care,Third Party Supplier,STANDARD,5771,JAAA-Directorate of Social Care and Health Services
RBC Legal Entity,17/05/2022,4680480,318137,ROYLE CARE LTD,PS Acquired Community Services,2208.64,Purchased Care,Third Party Supplier,STANDARD,5771,JAAA-Directorate of Social Care and Health Services
RBC Legal Entity,17/05/2022,4680481,318137,ROYLE CARE LTD,PS Acquired Community Services,2760.8,Purchased Care,Third Party Supplier,STANDARD,5771,JAAA-Directorate of Social Care and Health Services
RBC Legal Entity,17/05/2022,4680482,318137,ROYLE CARE LTD,PS Acquired Community Services,2208.64,Purchased Care,Third Party Supplier,STANDARD,5771,JAAA-Directorate of Social Care and Health Services
RBC Legal Entity,17/05/2022,4680484,318137,ROYLE CARE LTD,PS Acquired Community Services,2484.72,Purchased Care,Third Party Supplier,STANDARD,5771,JAAA-Directorate of Social Care and Health Services
RBC Legal Entity,17/05/2022,4680485,318137,ROYLE CARE LTD,PS Acquired Community Services,2208.64,Purchased Care,Third Party Supplier,STANDARD,5771,JAAA-Directorate of Social Care and Health Services
RBC Legal Entity,17/05/2022,4680491,318137,ROYLE CARE LTD,PS Acquired Community Services,1597.32,Purchased Care,Third Party Supplier,STANDARD,5771,JAAA-Directorate of Social Care and Health Services
RBC Legal Entity,17/05/2022,4680495,318137,ROYLE CARE LTD,PS Acquired Community Services,2484.72,Purchased Care,Third Party Supplier,STANDARD,5771,JAAA-Directorate of Social Care and Health Services
RBC Legal Entity,17/05/2022,4680496,318137,ROYLE CARE LTD,PS Acquired Community Services,2484.72,Purchased Care,Third Party Supplier,STANDARD,5771,JAAA-Directorate of Social Care and Health Services
RBC Legal Entity,17/05/2022,4680497,318137,ROYLE CARE LTD,PS Acquired Community Services,552.16,Purchased Care,Third Party Supplier,STANDARD,5771,JAAA-Directorate of Social Care and Health Services
RBC Legal Entity,17/05/2022,4680498,318137,ROYLE CARE LTD,PS Acquired Community Services,2208.64,Purchased Care,Third Party Supplier,STANDARD,5771,JAAA-Directorate of Social Care and Health Services
RBC Legal Entity,17/05/2022,4680502,318137,ROYLE CARE LTD,PS Acquired Community Services,1656.48,Purchased Care,Third Party Supplier,STANDARD,5771,JAAA-Directorate of Social Care and Health Services
RBC Legal Entity,17/05/2022,4680504,318137,ROYLE CARE LTD,PS Acquired Community Services,1932.56,Purchased Care,Third Party Supplier,STANDARD,5771,JAAA-Directorate of Social Care and Health Services
RBC Legal Entity,17/05/2022,4680505,318137,ROYLE CARE LTD,PS Acquired Community Services,2484.72,Purchased Care,Third Party Supplier,STANDARD,5771,JAAA-Directorate of Social Care and Health Services
RBC Legal Entity,17/05/2022,4680506,318137,ROYLE CARE LTD,PS Acquired Community Services,2484.72,Purchased Care,Third Party Supplier,STANDARD,5771,JAAA-Directorate of Social Care and Health Services
RBC Legal Entity,17/05/2022,4680507,318137,ROYLE CARE LTD,PS Acquired Community Services,808.52,Purchased Care,Third Party Supplier,STANDARD,5771,JAAA-Directorate of Social Care and Health Services
RBC Legal Entity,17/05/2022,4680508,318137,ROYLE CARE LTD,PS Acquired Community Services,1360.68,Purchased Care,Third Party Supplier,STANDARD,5771,JAAA-Directorate of Social Care and Health Services
RBC Legal Entity,17/05/2022,4681096,318138,PARSONS MARSHALL PSYCHOLOGY LTD,JLT Disbursements,456.3,Misc. Legal Expenses,SUPPLIER,STANDARD,2407,LAAA-Directorate of Resources
RBC Legal Entity,17/05/2022,4680797,318140,DNA LEGAL LTD,JLT Disbursements,958,Misc. Legal Expenses,SUPPLIER,STANDARD,2407,LAAA-Directorate of Resources
RBC Legal Entity,17/05/2022,4680001,318142,DIAMOND QUALITY CARE,LD Community Services,1787.75,Purchased Care,SUPPLIER,STANDARD,5741,JAAA-Directorate of Social Care and Health Services
RBC Legal Entity,17/05/2022,4665347,318143,CREAM DESIGN LTD,Team Reading,9264,Miscellaneous Expenses,SUPPLIER,STANDARD,2605,LAAA-Directorate of Resources
RBC Legal Entity,17/05/2022,4676530,318143,CREAM DESIGN LTD,Mayor,990,Special Activities,SUPPLIER,STANDARD,2505,EAAA-Chief Executive
RBC Legal Entity,17/05/2022,4676967,318144,SYLVIANCARE LTD,PS Acquired Community Services,2208.64,Purchased Care,Third Party Supplier,STANDARD,5771,JAAA-Directorate of Social Care and Health Services
RBC Legal Entity,17/05/2022,4676968,318144,SYLVIANCARE LTD,PS Acquired Community Services,2455.14,Purchased Care,Third Party Supplier,STANDARD,5771,JAAA-Directorate of Social Care and Health Services
RBC Legal Entity,17/05/2022,4676969,318144,SYLVIANCARE LTD,PS Acquired Community Services,1242.36,Purchased Care,Third Party Supplier,STANDARD,5771,JAAA-Directorate of Social Care and Health Services
RBC Legal Entity,17/05/2022,4676970,318144,SYLVIANCARE LTD,PS Acquired Community Services,828.24,Purchased Care,Third Party Supplier,STANDARD,5771,JAAA-Directorate of Social Care and Health Services
RBC Legal Entity,17/05/2022,4676267,318145,RE3 LTD,Waste Disposal,2121400.17,Household Waste,SUPPLIER,STANDARD,4562,KAAA-Directorate of Economic Growth and Neighbourhood Services
RBC Legal Entity,17/05/2022,4680543,318147,SUPERB HEALTHCARE LTD,Mental Health Community Services,577.5,Purchased Care,Third Party Supplier,STANDARD,5731,JAAA-Directorate of Social Care and Health Services
RBC Legal Entity,17/05/2022,4680544,318147,SUPERB HEALTHCARE LTD,Mental Health Community Services,577.5,Purchased Care,Third Party Supplier,STANDARD,5731,JAAA-Directorate of Social Care and Health Services
RBC Legal Entity,17/05/2022,4680545,318147,SUPERB HEALTHCARE LTD,Mental Health Community Services,577.5,Purchased Care,Third Party Supplier,STANDARD,5731,JAAA-Directorate of Social Care and Health Services
RBC Legal Entity,17/05/2022,4680546,318147,SUPERB HEALTHCARE LTD,Mental Health Community Services,577.5,Purchased Care,Third Party Supplier,STANDARD,5731,JAAA-Directorate of Social Care and Health Services
RBC Legal Entity,17/05/2022,4674415,318148,DR MAUREEN NUVOLONI,Safeguarding Adults,720,Professional Fees,SUPPLIER,STANDARD,5158,JAAA-Directorate of Social Care and Health Services
RBC Legal Entity,17/05/2022,4665886,318150,ROYAL BERKSHIRE FIRE AUTHORITY,Collection Fund Rev. A/C,416167.77,Precepts,GOVERNMENT,STANDARD,2840,MAAA-Corporate Codes
RBC Legal Entity,17/05/2022,4665896,318150,ROYAL BERKSHIRE FIRE AUTHORITY,Collection Fund Rev. A/C,83544,Precepts,GOVERNMENT,STANDARD,2840,MAAA-Corporate Codes
RBC Legal Entity,17/05/2022,4673507,318151,MIRIAM SHIELDHOUSE,JLT Disbursements,1173.26,Misc. Legal Expenses,SUPPLIER,STANDARD,2407,LAAA-Directorate of Resources
RBC Legal Entity,17/05/2022,,318152,HMRC - 581PP00101724,Payroll + Payments A/c,600,System Creditors,TAX AUTHORITY,AWT,9823,ZZZB-Balance Sheet
RBC Legal Entity,17/05/2022,,318152,HMRC - 581PP00101724,Payroll + Payments A/c,680,System Creditors,TAX AUTHORITY,AWT,9823,ZZZB-Balance Sheet
RBC Legal Entity,17/05/2022,,318152,HMRC - 581PP00101724,Payroll + Payments A/c,700,System Creditors,TAX AUTHORITY,AWT,9823,ZZZB-Balance Sheet
RBC Legal Entity,17/05/2022,,318152,HMRC - 581PP00101724,Payroll + Payments A/c,850,System Creditors,TAX AUTHORITY,AWT,9823,ZZZB-Balance Sheet
RBC Legal Entity,17/05/2022,,318152,HMRC - 581PP00101724,Payroll + Payments A/c,1600,System Creditors,TAX AUTHORITY,AWT,9823,ZZZB-Balance Sheet
RBC Legal Entity,17/05/2022,,318152,HMRC - 581PP00101724,Payroll + Payments A/c,2000,System Creditors,TAX AUTHORITY,AWT,9823,ZZZB-Balance Sheet
RBC Legal Entity,17/05/2022,4680955,318153,BERKSHIRE ROOMS,Bed and Breakfast,720,Rents,Third Party Supplier,STANDARD,5871,KAAA-Directorate of Economic Growth and Neighbourhood Services
RBC Legal Entity,18/05/2022,4681262,318156,DIRECT HEALTHCARE GROUP LTD,ASC Operational Management Team,705,Equipment Purchase & Repair,Third Party Supplier,STANDARD,5309,JAAA-Directorate of Social Care and Health Services
RBC Legal Entity,18/05/2022,4679200,318157,ABID MAHMOOD,JLT Disbursements,2500,Misc. Legal Expenses,Third Party Supplier,STANDARD,2407,LAAA-Directorate of Resources
RBC Legal Entity,18/05/2022,4681349,318159,THE HILL PRIMARY SCHOOL,School Grants Holding Account,8142,School Transfer Payment,SUPPLIER,STANDARD,3295,NAAA-Former Directorate of Education and Childrens Services
RBC Legal Entity,18/05/2022,4681365,318159,THE HILL PRIMARY SCHOOL,The Hill Primary,6877.97,Bank Income Holding Code,SUPPLIER,STANDARD,3116,NAAA-Former Directorate of Education and Childrens Services
RBC Legal Entity,18/05/2022,4681405,318159,THE HILL PRIMARY SCHOOL,School Grants Holding Account,1788.75,School Transfer Payment,SUPPLIER,STANDARD,3295,NAAA-Former Directorate of Education and Childrens Services
RBC Legal Entity,18/05/2022,4681492,318159,THE HILL PRIMARY SCHOOL,School Grants Holding Account,870,School Transfer Payment,SUPPLIER,STANDARD,3295,NAAA-Former Directorate of Education and Childrens Services
RBC Legal Entity,18/05/2022,4681194,318161,LODDON DOOR SERVICES LTD,Corporate Maintenance Services,470,Leasing Costs,SUB-CONTRACTOR,STANDARD,4080,KAAA-Directorate of Economic Growth and Neighbourhood Services
RBC Legal Entity,18/05/2022,4676810,318162,ACTIVE ASSISTANCE,PS Acquired Community Services,634.34,Purchased Care,SUPPLIER,STANDARD,5771,JAAA-Directorate of Social Care and Health Services
RBC Legal Entity,18/05/2022,4676811,318162,ACTIVE ASSISTANCE,PS Acquired Community Services,952.83,Purchased Care,SUPPLIER,STANDARD,5771,JAAA-Directorate of Social Care and Health Services
RBC Legal Entity,18/05/2022,4677350,318165,GLASRITE LTD,DLO Voids Trades,875,Subcontractors Labour,SUB-CONTRACTOR,STANDARD,4020,KAAA-Directorate of Economic Growth and Neighbourhood Services
RBC Legal Entity,18/05/2022,4677351,318165,GLASRITE LTD,DLO Voids Trades,1475,Subcontractors Labour,SUB-CONTRACTOR,STANDARD,4020,KAAA-Directorate of Economic Growth and Neighbourhood Services
RBC Legal Entity,18/05/2022,4677352,318165,GLASRITE LTD,DLO Voids Trades,560,Subcontractors Labour,SUB-CONTRACTOR,STANDARD,4020,KAAA-Directorate of Economic Growth and Neighbourhood Services
RBC Legal Entity,18/05/2022,4681171,318165,GLASRITE LTD,DLO Day to Day Trades,2725,Subcontractors Labour,SUB-CONTRACTOR,STANDARD,4010,KAAA-Directorate of Economic Growth and Neighbourhood Services
RBC Legal Entity,18/05/2022,4681357,318166,BLESSED HUGH FARINGDON RC SCHOOL,Blessed Hugh Faringdon,12109.48,Bank Income Holding Code,GOVERNMENT,STANDARD,3204,NAAA-Former Directorate of Education and Childrens Services
RBC Legal Entity,18/05/2022,4681383,318166,BLESSED HUGH FARINGDON RC SCHOOL,School Grants Holding Account,13507.5,School Transfer Payment,GOVERNMENT,STANDARD,3295,NAAA-Former Directorate of Education and Childrens Services
RBC Legal Entity,18/05/2022,4681415,318166,BLESSED HUGH FARINGDON RC SCHOOL,School Grants Holding Account,2157,School Transfer Payment,GOVERNMENT,STANDARD,3295,NAAA-Former Directorate of Education and Childrens Services
RBC Legal Entity,18/05/2022,4681433,318166,BLESSED HUGH FARINGDON RC SCHOOL,School Grants Holding Account,6596.44,School Transfer Payment,GOVERNMENT,STANDARD,3295,NAAA-Former Directorate of Education and Childrens Services
RBC Legal Entity,18/05/2022,4681453,318166,BLESSED HUGH FARINGDON RC SCHOOL,School Grants Holding Account,6095,School Transfer Payment,GOVERNMENT,STANDARD,3295,NAAA-Former Directorate of Education and Childrens Services
RBC Legal Entity,18/05/2022,4681470,318166,BLESSED HUGH FARINGDON RC SCHOOL,School Grants Holding Account,5767.75,School Transfer Payment,GOVERNMENT,STANDARD,3295,NAAA-Former Directorate of Education and Childrens Services
RBC Legal Entity,18/05/2022,4664520,318172,STUART DIGGENS BUILDING & ROOFING LTD,Cemeteries,240,Grounds Maintenance,SUB-CONTRACTOR,STANDARD,4607,LAAA-Directorate of Resources
RBC Legal Entity,18/05/2022,4664520,318172,STUART DIGGENS BUILDING & ROOFING LTD,Cemeteries,600,Grounds Maintenance,SUB-CONTRACTOR,STANDARD,4607,LAAA-Directorate of Resources
RBC Legal Entity,18/05/2022,4681326,318173,ALFRED SUTTON PRIMARY SCHOOL,School Grants Holding Account,8912,School Transfer Payment,SUPPLIER,STANDARD,3295,NAAA-Former Directorate of Education and Childrens Services
RBC Legal Entity,18/05/2022,4681354,318173,ALFRED SUTTON PRIMARY SCHOOL,Alfred Sutton Primary,9867.42,Bank Income Holding Code,SUPPLIER,STANDARD,3050,NAAA-Former Directorate of Education and Childrens Services
RBC Legal Entity,18/05/2022,4681381,318173,ALFRED SUTTON PRIMARY SCHOOL,School Grants Holding Account,7678.13,School Transfer Payment,SUPPLIER,STANDARD,3295,NAAA-Former Directorate of Education and Childrens Services
RBC Legal Entity,18/05/2022,4681414,318173,ALFRED SUTTON PRIMARY SCHOOL,School Grants Holding Account,1332,School Transfer Payment,SUPPLIER,STANDARD,3295,NAAA-Former Directorate of Education and Childrens Services
RBC Legal Entity,18/05/2022,4681452,318173,ALFRED SUTTON PRIMARY SCHOOL,School Grants Holding Account,3764,School Transfer Payment,SUPPLIER,STANDARD,3295,NAAA-Former Directorate of Education and Childrens Services
RBC Legal Entity,18/05/2022,4681468,318173,ALFRED SUTTON PRIMARY SCHOOL,School Grants Holding Account,3625,School Transfer Payment,SUPPLIER,STANDARD,3295,NAAA-Former Directorate of Education and Childrens Services
RBC Legal Entity,18/05/2022,4681327,318174,ALL SAINTS CE INFANTS,School Grants Holding Account,6833,School Transfer Payment,GOVERNMENT,STANDARD,3295,NAAA-Former Directorate of Education and Childrens Services
RBC Legal Entity,18/05/2022,4681355,318174,ALL SAINTS CE INFANTS,All Saints Infant School CE Aided,1044.04,Bank Income Holding Code,GOVERNMENT,STANDARD,3052,NAAA-Former Directorate of Education and Childrens Services
RBC Legal Entity,18/05/2022,4681469,318174,ALL SAINTS CE INFANTS,School Grants Holding Account,500,School Transfer Payment,GOVERNMENT,STANDARD,3295,NAAA-Former Directorate of Education and Childrens Services
RBC Legal Entity,18/05/2022,4681328,318175,CAVERSHAM PARK PRIMARY,School Grants Holding Account,7308,School Transfer Payment,SUPPLIER,STANDARD,3295,NAAA-Former Directorate of Education and Childrens Services
RBC Legal Entity,18/05/2022,4681359,318175,CAVERSHAM PARK PRIMARY,Caversham Park Primary,1134.82,Bank Income Holding Code,SUPPLIER,STANDARD,3056,NAAA-Former Directorate of Education and Childrens Services
RBC Legal Entity,18/05/2022,4681384,318175,CAVERSHAM PARK PRIMARY,School Grants Holding Account,1451.25,School Transfer Payment,SUPPLIER,STANDARD,3295,NAAA-Former Directorate of Education and Childrens Services
RBC Legal Entity,18/05/2022,4681471,318175,CAVERSHAM PARK PRIMARY,School Grants Holding Account,652.5,School Transfer Payment,SUPPLIER,STANDARD,3295,NAAA-Former Directorate of Education and Childrens Services
RBC Legal Entity,18/05/2022,4681329,318176,CAVERSHAM PRIMARY,School Grants Holding Account,8146,School Transfer Payment,SUPPLIER,STANDARD,3295,NAAA-Former Directorate of Education and Childrens Services
RBC Legal Entity,18/05/2022,4681385,318176,CAVERSHAM PRIMARY,School Grants Holding Account,1535.63,School Transfer Payment,SUPPLIER,STANDARD,3295,NAAA-Former Directorate of Education and Childrens Services
RBC Legal Entity,18/05/2022,4681472,318176,CAVERSHAM PRIMARY,School Grants Holding Account,688.75,School Transfer Payment,SUPPLIER,STANDARD,3295,NAAA-Former Directorate of Education and Childrens Services
RBC Legal Entity,18/05/2022,4681330,318177,CHRIST THE KING RC PRIMARY,School Grants Holding Account,7762,School Transfer Payment,Third Party Supplier,STANDARD,3295,NAAA-Former Directorate of Education and Childrens Services
RBC Legal Entity,18/05/2022,4681386,318177,CHRIST THE KING RC PRIMARY,School Grants Holding Account,6589.69,School Transfer Payment,Third Party Supplier,STANDARD,3295,NAAA-Former Directorate of Education and Childrens Services
RBC Legal Entity,18/05/2022,4681454,318177,CHRIST THE KING RC PRIMARY,School Grants Holding Account,1107,School Transfer Payment,Third Party Supplier,STANDARD,3295,NAAA-Former Directorate of Education and Childrens Services
RBC Legal Entity,18/05/2022,4681473,318177,CHRIST THE KING RC PRIMARY,School Grants Holding Account,3136.5,School Transfer Payment,Third Party Supplier,STANDARD,3295,NAAA-Former Directorate of Education and Childrens Services
RBC Legal Entity,18/05/2022,4681331,318178,COLEY PRIMARY,School Grants Holding Account,7475,School Transfer Payment,SUPPLIER,STANDARD,3295,NAAA-Former Directorate of Education and Childrens Services
RBC Legal Entity,18/05/2022,4681360,318178,COLEY PRIMARY,Coley Primary,4843.04,Bank Income Holding Code,SUPPLIER,STANDARD,3068,NAAA-Former Directorate of Education and Childrens Services
RBC Legal Entity,18/05/2022,4681387,318178,COLEY PRIMARY,School Grants Holding Account,4235.63,School Transfer Payment,SUPPLIER,STANDARD,3295,NAAA-Former Directorate of Education and Childrens Services
RBC Legal Entity,18/05/2022,4681417,318178,COLEY PRIMARY,School Grants Holding Account,1077,School Transfer Payment,SUPPLIER,STANDARD,3295,NAAA-Former Directorate of Education and Childrens Services
RBC Legal Entity,18/05/2022,4681455,318178,COLEY PRIMARY,School Grants Holding Account,3045,School Transfer Payment,SUPPLIER,STANDARD,3295,NAAA-Former Directorate of Education and Childrens Services
RBC Legal Entity,18/05/2022,4681474,318178,COLEY PRIMARY,School Grants Holding Account,2102.5,School Transfer Payment,SUPPLIER,STANDARD,3295,NAAA-Former Directorate of Education and Childrens Services
RBC Legal Entity,18/05/2022,4681332,318179,E P COLLIER PRIMARY,School Grants Holding Account,7725,School Transfer Payment,Third Party Supplier,STANDARD,3295,NAAA-Former Directorate of Education and Childrens Services
RBC Legal Entity,18/05/2022,4681361,318179,E P COLLIER PRIMARY,EP Collier Primary,7379.63,Bank Income Holding Code,Third Party Supplier,STANDARD,3074,NAAA-Former Directorate of Education and Childrens Services
RBC Legal Entity,18/05/2022,4681388,318179,E P COLLIER PRIMARY,School Grants Holding Account,5237.81,School Transfer Payment,Third Party Supplier,STANDARD,3295,NAAA-Former Directorate of Education and Childrens Services
RBC Legal Entity,18/05/2022,4681456,318179,E P COLLIER PRIMARY,School Grants Holding Account,720,School Transfer Payment,Third Party Supplier,STANDARD,3295,NAAA-Former Directorate of Education and Childrens Services
RBC Legal Entity,18/05/2022,4681475,318179,E P COLLIER PRIMARY,School Grants Holding Account,2639.75,School Transfer Payment,Third Party Supplier,STANDARD,3295,NAAA-Former Directorate of Education and Childrens Services
RBC Legal Entity,18/05/2022,4681333,318180,EMMER GREEN PRIMARY,School Grants Holding Account,8121,School Transfer Payment,SUPPLIER,STANDARD,3295,NAAA-Former Directorate of Education and Childrens Services
RBC Legal Entity,18/05/2022,4681389,318180,EMMER GREEN PRIMARY,School Grants Holding Account,1991.25,School Transfer Payment,SUPPLIER,STANDARD,3295,NAAA-Former Directorate of Education and Childrens Services
RBC Legal Entity,18/05/2022,4681476,318180,EMMER GREEN PRIMARY,School Grants Holding Account,906.25,School Transfer Payment,SUPPLIER,STANDARD,3295,NAAA-Former Directorate of Education and Childrens Services
RBC Legal Entity,18/05/2022,4681334,318181,ENGLISH MARTYRS RC PRIMARY,School Grants Holding Account,8121,School Transfer Payment,SUPPLIER,STANDARD,3295,NAAA-Former Directorate of Education and Childrens Services
RBC Legal Entity,18/05/2022,4681362,318181,ENGLISH MARTYRS RC PRIMARY,English Martyrs RC Primary,5519.6,Bank Income Holding Code,SUPPLIER,STANDARD,3072,NAAA-Former Directorate of Education and Childrens Services
RBC Legal Entity,18/05/2022,4681390,318181,ENGLISH MARTYRS RC PRIMARY,School Grants Holding Account,4522.5,School Transfer Payment,SUPPLIER,STANDARD,3295,NAAA-Former Directorate of Education and Childrens Services
RBC Legal Entity,18/05/2022,4681419,318181,ENGLISH MARTYRS RC PRIMARY,School Grants Holding Account,607,School Transfer Payment,SUPPLIER,STANDARD,3295,NAAA-Former Directorate of Education and Childrens Services
RBC Legal Entity,18/05/2022,4681457,318181,ENGLISH MARTYRS RC PRIMARY,School Grants Holding Account,1716,School Transfer Payment,SUPPLIER,STANDARD,3295,NAAA-Former Directorate of Education and Childrens Services
RBC Legal Entity,18/05/2022,4681477,318181,ENGLISH MARTYRS RC PRIMARY,School Grants Holding Account,2138.75,School Transfer Payment,SUPPLIER,STANDARD,3295,NAAA-Former Directorate of Education and Childrens Services
RBC Legal Entity,18/05/2022,4681335,318182,GEOFFREY FIELD INFANT SCHOOL,School Grants Holding Account,7412,School Transfer Payment,SUPPLIER,STANDARD,3295,NAAA-Former Directorate of Education and Childrens Services
RBC Legal Entity,18/05/2022,4681363,318182,GEOFFREY FIELD INFANT SCHOOL,Geoffrey Field Infant,4242.22,Bank Income Holding Code,SUPPLIER,STANDARD,3076,NAAA-Former Directorate of Education and Childrens Services
RBC Legal Entity,18/05/2022,4681391,318182,GEOFFREY FIELD INFANT SCHOOL,School Grants Holding Account,4978.13,School Transfer Payment,SUPPLIER,STANDARD,3295,NAAA-Former Directorate of Education and Childrens Services
RBC Legal Entity,18/05/2022,4681420,318182,GEOFFREY FIELD INFANT SCHOOL,School Grants Holding Account,1019,School Transfer Payment,SUPPLIER,STANDARD,3295,NAAA-Former Directorate of Education and Childrens Services
RBC Legal Entity,18/05/2022,4681458,318182,GEOFFREY FIELD INFANT SCHOOL,School Grants Holding Account,2879,School Transfer Payment,SUPPLIER,STANDARD,3295,NAAA-Former Directorate of Education and Childrens Services
RBC Legal Entity,18/05/2022,4681478,318182,GEOFFREY FIELD INFANT SCHOOL,School Grants Holding Account,2863.75,School Transfer Payment,SUPPLIER,STANDARD,3295,NAAA-Former Directorate of Education and Childrens Services
RBC Legal Entity,18/05/2022,4681336,318183,GEOFFREY FIELD JUNIOR,School Grants Holding Account,8146,School Transfer Payment,SUPPLIER,STANDARD,3295,NAAA-Former Directorate of Education and Childrens Services
RBC Legal Entity,18/05/2022,4681364,318183,GEOFFREY FIELD JUNIOR,Geoffrey Field Junior,3578.93,Bank Income Holding Code,SUPPLIER,STANDARD,3078,NAAA-Former Directorate of Education and Childrens Services
RBC Legal Entity,18/05/2022,4681392,318183,GEOFFREY FIELD JUNIOR,School Grants Holding Account,11373.75,School Transfer Payment,SUPPLIER,STANDARD,3295,NAAA-Former Directorate of Education and Childrens Services
RBC Legal Entity,18/05/2022,4681479,318183,GEOFFREY FIELD JUNIOR,School Grants Holding Account,4966.25,School Transfer Payment,SUPPLIER,STANDARD,3295,NAAA-Former Directorate of Education and Childrens Services
RBC Legal Entity,18/05/2022,4681337,318184,KATESGROVE PRIMARY,School Grants Holding Account,8837,School Transfer Payment,SUPPLIER,STANDARD,3295,NAAA-Former Directorate of Education and Childrens Services
RBC Legal Entity,18/05/2022,4681367,318184,KATESGROVE PRIMARY,Katesgrove Primary,9940.43,Bank Income Holding Code,SUPPLIER,STANDARD,3084,NAAA-Former Directorate of Education and Childrens Services
RBC Legal Entity,18/05/2022,4681393,318184,KATESGROVE PRIMARY,School Grants Holding Account,6598.13,School Transfer Payment,SUPPLIER,STANDARD,3295,NAAA-Former Directorate of Education and Childrens Services
RBC Legal Entity,18/05/2022,4681421,318184,KATESGROVE PRIMARY,School Grants Holding Account,1332,School Transfer Payment,SUPPLIER,STANDARD,3295,NAAA-Former Directorate of Education and Childrens Services
RBC Legal Entity,18/05/2022,4681459,318184,KATESGROVE PRIMARY,School Grants Holding Account,3764,School Transfer Payment,SUPPLIER,STANDARD,3295,NAAA-Former Directorate of Education and Childrens Services
RBC Legal Entity,18/05/2022,4681480,318184,KATESGROVE PRIMARY,School Grants Holding Account,3371.25,School Transfer Payment,SUPPLIER,STANDARD,3295,NAAA-Former Directorate of Education and Childrens Services
RBC Legal Entity,18/05/2022,4681338,318185,MANOR PRIMARY,School Grants Holding Account,7587,School Transfer Payment,SUPPLIER,STANDARD,3295,NAAA-Former Directorate of Education and Childrens Services
RBC Legal Entity,18/05/2022,4681368,318185,MANOR PRIMARY,Manor Primary School,5036.65,Bank Income Holding Code,SUPPLIER,STANDARD,3086,NAAA-Former Directorate of Education and Childrens Services
RBC Legal Entity,18/05/2022,4681394,318185,MANOR PRIMARY,School Grants Holding Account,8015.63,School Transfer Payment,SUPPLIER,STANDARD,3295,NAAA-Former Directorate of Education and Childrens Services
RBC Legal Entity,18/05/2022,4681422,318185,MANOR PRIMARY,School Grants Holding Account,588,School Transfer Payment,SUPPLIER,STANDARD,3295,NAAA-Former Directorate of Education and Childrens Services
RBC Legal Entity,18/05/2022,4681460,318185,MANOR PRIMARY,School Grants Holding Account,1661,School Transfer Payment,SUPPLIER,STANDARD,3295,NAAA-Former Directorate of Education and Childrens Services
RBC Legal Entity,18/05/2022,4681481,318185,MANOR PRIMARY,School Grants Holding Account,4096.25,School Transfer Payment,SUPPLIER,STANDARD,3295,NAAA-Former Directorate of Education and Childrens Services
RBC Legal Entity,18/05/2022,4681339,318186,MICKLANDS PRIMARY,School Grants Holding Account,8017,School Transfer Payment,SUPPLIER,STANDARD,3295,NAAA-Former Directorate of Education and Childrens Services
RBC Legal Entity,18/05/2022,4681369,318186,MICKLANDS PRIMARY,Micklands Primary,6187.27,Bank Income Holding Code,SUPPLIER,STANDARD,3088,NAAA-Former Directorate of Education and Childrens Services
RBC Legal Entity,18/05/2022,4681395,318186,MICKLANDS PRIMARY,School Grants Holding Account,6311.25,School Transfer Payment,SUPPLIER,STANDARD,3295,NAAA-Former Directorate of Education and Childrens Services
RBC Legal Entity,18/05/2022,4681482,318186,MICKLANDS PRIMARY,School Grants Holding Account,2972.5,School Transfer Payment,SUPPLIER,STANDARD,3295,NAAA-Former Directorate of Education and Childrens Services
RBC Legal Entity,18/05/2022,4681340,318187,MOORLANDS PRIMARY,School Grants Holding Account,8004,School Transfer Payment,SUPPLIER,STANDARD,3295,NAAA-Former Directorate of Education and Childrens Services
RBC Legal Entity,18/05/2022,4681370,318187,MOORLANDS PRIMARY,Moorlands Primary,6216.25,Bank Income Holding Code,SUPPLIER,STANDARD,3090,NAAA-Former Directorate of Education and Childrens Services
RBC Legal Entity,18/05/2022,4681396,318187,MOORLANDS PRIMARY,School Grants Holding Account,11913.75,School Transfer Payment,SUPPLIER,STANDARD,3295,NAAA-Former Directorate of Education and Childrens Services
RBC Legal Entity,18/05/2022,4681461,318187,MOORLANDS PRIMARY,School Grants Holding Account,1052,School Transfer Payment,SUPPLIER,STANDARD,3295,NAAA-Former Directorate of Education and Childrens Services
RBC Legal Entity,18/05/2022,4681483,318187,MOORLANDS PRIMARY,School Grants Holding Account,5981.25,School Transfer Payment,SUPPLIER,STANDARD,3295,NAAA-Former Directorate of Education and Childrens Services
RBC Legal Entity,18/05/2022,4681341,318188,OXFORD ROAD PRIMARY,School Grants Holding Account,7404,School Transfer Payment,SUPPLIER,STANDARD,3295,NAAA-Former Directorate of Education and Childrens Services
RBC Legal Entity,18/05/2022,4681397,318188,OXFORD ROAD PRIMARY,School Grants Holding Account,3982.5,School Transfer Payment,SUPPLIER,STANDARD,3295,NAAA-Former Directorate of Education and Childrens Services
RBC Legal Entity,18/05/2022,4681424,318188,OXFORD ROAD PRIMARY,School Grants Holding Account,803,School Transfer Payment,SUPPLIER,STANDARD,3295,NAAA-Former Directorate of Education and Childrens Services
RBC Legal Entity,18/05/2022,4681462,318188,OXFORD ROAD PRIMARY,School Grants Holding Account,2270,School Transfer Payment,SUPPLIER,STANDARD,3295,NAAA-Former Directorate of Education and Childrens Services
RBC Legal Entity,18/05/2022,4681484,318188,OXFORD ROAD PRIMARY,School Grants Holding Account,1812.5,School Transfer Payment,SUPPLIER,STANDARD,3295,NAAA-Former Directorate of Education and Childrens Services
RBC Legal Entity,18/05/2022,4681342,318189,PARK LANE PRIMARY,School Grants Holding Account,8112,School Transfer Payment,SUPPLIER,STANDARD,3295,NAAA-Former Directorate of Education and Childrens Services
RBC Legal Entity,18/05/2022,4681373,318189,PARK LANE PRIMARY,Park Lane Primary,12289.99,Bank Income Holding Code,SUPPLIER,STANDARD,3096,NAAA-Former Directorate of Education and Childrens Services
RBC Legal Entity,18/05/2022,4681398,318189,PARK LANE PRIMARY,School Grants Holding Account,6766.88,School Transfer Payment,SUPPLIER,STANDARD,3295,NAAA-Former Directorate of Education and Childrens Services
RBC Legal Entity,18/05/2022,4681485,318189,PARK LANE PRIMARY,School Grants Holding Account,3335,School Transfer Payment,SUPPLIER,STANDARD,3295,NAAA-Former Directorate of Education and Childrens Services
RBC Legal Entity,18/05/2022,4681343,318190,REDLANDS PRIMARY,School Grants Holding Account,7412,School Transfer Payment,SUPPLIER,STANDARD,3295,NAAA-Former Directorate of Education and Childrens Services
RBC Legal Entity,18/05/2022,4681374,318190,REDLANDS PRIMARY,Redlands Primary,7510.73,Bank Income Holding Code,SUPPLIER,STANDARD,3100,NAAA-Former Directorate of Education and Childrens Services
RBC Legal Entity,18/05/2022,4681399,318190,REDLANDS PRIMARY,School Grants Holding Account,2244.38,School Transfer Payment,SUPPLIER,STANDARD,3295,NAAA-Former Directorate of Education and Childrens Services
RBC Legal Entity,18/05/2022,4681463,318190,REDLANDS PRIMARY,School Grants Holding Account,1107,School Transfer Payment,SUPPLIER,STANDARD,3295,NAAA-Former Directorate of Education and Childrens Services
RBC Legal Entity,18/05/2022,4681486,318190,REDLANDS PRIMARY,School Grants Holding Account,1268.75,School Transfer Payment,SUPPLIER,STANDARD,3295,NAAA-Former Directorate of Education and Childrens Services
RBC Legal Entity,18/05/2022,4681350,318191,THE RIDGEWAY PRIMARY,School Grants Holding Account,8200,School Transfer Payment,SUPPLIER,STANDARD,3295,NAAA-Former Directorate of Education and Childrens Services
RBC Legal Entity,18/05/2022,4681406,318191,THE RIDGEWAY PRIMARY,School Grants Holding Account,10749.38,School Transfer Payment,SUPPLIER,STANDARD,3295,NAAA-Former Directorate of Education and Childrens Services
RBC Legal Entity,18/05/2022,4681427,318191,THE RIDGEWAY PRIMARY,School Grants Holding Account,509,School Transfer Payment,SUPPLIER,STANDARD,3295,NAAA-Former Directorate of Education and Childrens Services
RBC Legal Entity,18/05/2022,4681465,318191,THE RIDGEWAY PRIMARY,School Grants Holding Account,1439,School Transfer Payment,SUPPLIER,STANDARD,3295,NAAA-Former Directorate of Education and Childrens Services
RBC Legal Entity,18/05/2022,4681493,318191,THE RIDGEWAY PRIMARY,School Grants Holding Account,5256.25,School Transfer Payment,SUPPLIER,STANDARD,3295,NAAA-Former Directorate of Education and Childrens Services
RBC Legal Entity,18/05/2022,4681344,318192,SOUTHCOTE PRIMARY,School Grants Holding Account,8779,School Transfer Payment,SUPPLIER,STANDARD,3295,NAAA-Former Directorate of Education and Childrens Services
RBC Legal Entity,18/05/2022,4681375,318192,SOUTHCOTE PRIMARY,Southcote Primary,5798.71,Bank Income Holding Code,SUPPLIER,STANDARD,3102,NAAA-Former Directorate of Education and Childrens Services
RBC Legal Entity,18/05/2022,4681400,318192,SOUTHCOTE PRIMARY,School Grants Holding Account,5940,School Transfer Payment,SUPPLIER,STANDARD,3295,NAAA-Former Directorate of Education and Childrens Services
RBC Legal Entity,18/05/2022,4681487,318192,SOUTHCOTE PRIMARY,School Grants Holding Account,2919.5,School Transfer Payment,SUPPLIER,STANDARD,3295,NAAA-Former Directorate of Education and Childrens Services
RBC Legal Entity,18/05/2022,4681345,318193,ST ANNES RC PRIMARY,School Grants Holding Account,7300,School Transfer Payment,SUPPLIER,STANDARD,3295,NAAA-Former Directorate of Education and Childrens Services
RBC Legal Entity,18/05/2022,4681376,318193,ST ANNES RC PRIMARY,St Anne's RC Primary,1251.41,Bank Income Holding Code,SUPPLIER,STANDARD,3104,NAAA-Former Directorate of Education and Childrens Services
RBC Legal Entity,18/05/2022,4681401,318193,ST ANNES RC PRIMARY,School Grants Holding Account,2160,School Transfer Payment,SUPPLIER,STANDARD,3295,NAAA-Former Directorate of Education and Childrens Services
RBC Legal Entity,18/05/2022,4681464,318193,ST ANNES RC PRIMARY,School Grants Holding Account,886,School Transfer Payment,SUPPLIER,STANDARD,3295,NAAA-Former Directorate of Education and Childrens Services
RBC Legal Entity,18/05/2022,4681488,318193,ST ANNES RC PRIMARY,School Grants Holding Account,1051.25,School Transfer Payment,SUPPLIER,STANDARD,3295,NAAA-Former Directorate of Education and Childrens Services
RBC Legal Entity,18/05/2022,4681346,318194,ST MARTINS RC PRIMARY,School Grants Holding Account,7221,School Transfer Payment,GOVERNMENT,STANDARD,3295,NAAA-Former Directorate of Education and Childrens Services
RBC Legal Entity,18/05/2022,4681402,318194,ST MARTINS RC PRIMARY,School Grants Holding Account,540,School Transfer Payment,GOVERNMENT,STANDARD,3295,NAAA-Former Directorate of Education and Childrens Services
RBC Legal Entity,18/05/2022,4681489,318194,ST MARTINS RC PRIMARY,School Grants Holding Account,500,School Transfer Payment,GOVERNMENT,STANDARD,3295,NAAA-Former Directorate of Education and Childrens Services
RBC Legal Entity,18/05/2022,4681347,318195,ST MICHAELS PRIMARY,School Grants Holding Account,8121,School Transfer Payment,SUPPLIER,STANDARD,3295,NAAA-Former Directorate of Education and Childrens Services
RBC Legal Entity,18/05/2022,4681403,318195,ST MICHAELS PRIMARY,School Grants Holding Account,9298.13,School Transfer Payment,SUPPLIER,STANDARD,3295,NAAA-Former Directorate of Education and Childrens Services
RBC Legal Entity,18/05/2022,4681490,318195,ST MICHAELS PRIMARY,School Grants Holding Account,4458.75,School Transfer Payment,SUPPLIER,STANDARD,3295,NAAA-Former Directorate of Education and Childrens Services
RBC Legal Entity,18/05/2022,4681348,318196,THAMESIDE PRIMARY SCHOOL,School Grants Holding Account,8100,School Transfer Payment,SUPPLIER,STANDARD,3295,NAAA-Former Directorate of Education and Childrens Services
RBC Legal Entity,18/05/2022,4681377,318196,THAMESIDE PRIMARY SCHOOL,Thameside Primary,9248.44,Bank Income Holding Code,SUPPLIER,STANDARD,3114,NAAA-Former Directorate of Education and Childrens Services
RBC Legal Entity,18/05/2022,4681404,318196,THAMESIDE PRIMARY SCHOOL,School Grants Holding Account,6142.5,School Transfer Payment,SUPPLIER,STANDARD,3295,NAAA-Former Directorate of Education and Childrens Services
RBC Legal Entity,18/05/2022,4681491,318196,THAMESIDE PRIMARY SCHOOL,School Grants Holding Account,3226.25,School Transfer Payment,SUPPLIER,STANDARD,3295,NAAA-Former Directorate of Education and Childrens Services
RBC Legal Entity,18/05/2022,4681352,318197,WILSON PRIMARY,School Grants Holding Account,8146,School Transfer Payment,SUPPLIER,STANDARD,3295,NAAA-Former Directorate of Education and Childrens Services
RBC Legal Entity,18/05/2022,4681408,318197,WILSON PRIMARY,School Grants Holding Account,5686.88,School Transfer Payment,SUPPLIER,STANDARD,3295,NAAA-Former Directorate of Education and Childrens Services
RBC Legal Entity,18/05/2022,4681429,318197,WILSON PRIMARY,School Grants Holding Account,960,School Transfer Payment,SUPPLIER,STANDARD,3295,NAAA-Former Directorate of Education and Childrens Services
RBC Legal Entity,18/05/2022,4681467,318197,WILSON PRIMARY,School Grants Holding Account,2713,School Transfer Payment,SUPPLIER,STANDARD,3295,NAAA-Former Directorate of Education and Childrens Services
RBC Legal Entity,18/05/2022,4681495,318197,WILSON PRIMARY,School Grants Holding Account,2682.5,School Transfer Payment,SUPPLIER,STANDARD,3295,NAAA-Former Directorate of Education and Childrens Services
RBC Legal Entity,18/05/2022,4681353,318198,THE HOLY BROOK SCHOOL,School Grants Holding Account,6808,School Transfer Payment,SUPPLIER,STANDARD,3295,NAAA-Former Directorate of Education and Childrens Services
RBC Legal Entity,18/05/2022,4681366,318198,THE HOLY BROOK SCHOOL,The Holy Brook,2151.79,Bank Income Holding Code,SUPPLIER,STANDARD,3254,NAAA-Former Directorate of Education and Childrens Services
RBC Legal Entity,18/05/2022,4681409,318198,THE HOLY BROOK SCHOOL,School Grants Holding Account,4230,School Transfer Payment,SUPPLIER,STANDARD,3295,NAAA-Former Directorate of Education and Childrens Services
RBC Legal Entity,18/05/2022,4681496,318198,THE HOLY BROOK SCHOOL,School Grants Holding Account,1500,School Transfer Payment,SUPPLIER,STANDARD,3295,NAAA-Former Directorate of Education and Childrens Services
RBC Legal Entity,18/05/2022,4681356,318199,BLAGDON NURSERY,Blagdon Nursery,2178.31,Bank Income Holding Code,SUPPLIER,STANDARD,3000,NAAA-Former Directorate of Education and Childrens Services
RBC Legal Entity,18/05/2022,4681410,318199,BLAGDON NURSERY,School Grants Holding Account,2782,School Transfer Payment,SUPPLIER,STANDARD,3295,NAAA-Former Directorate of Education and Childrens Services
RBC Legal Entity,18/05/2022,4681447,318199,BLAGDON NURSERY,School Grants Holding Account,7861,School Transfer Payment,SUPPLIER,STANDARD,3295,NAAA-Former Directorate of Education and Childrens Services
RBC Legal Entity,18/05/2022,4681411,318200,BLAGRAVE NURSERY,School Grants Holding Account,1959,School Transfer Payment,Third Party Supplier,STANDARD,3295,NAAA-Former Directorate of Education and Childrens Services
RBC Legal Entity,18/05/2022,4681448,318200,BLAGRAVE NURSERY,School Grants Holding Account,5536,School Transfer Payment,Third Party Supplier,STANDARD,3295,NAAA-Former Directorate of Education and Childrens Services
RBC Legal Entity,18/05/2022,4681358,318201,CAVERSHAM NURSERY,Caversham Nursery,2839.74,Bank Income Holding Code,SUPPLIER,STANDARD,3004,NAAA-Former Directorate of Education and Childrens Services
RBC Legal Entity,18/05/2022,4681412,318201,CAVERSHAM NURSERY,School Grants Holding Account,1959,School Transfer Payment,SUPPLIER,STANDARD,3295,NAAA-Former Directorate of Education and Childrens Services
RBC Legal Entity,18/05/2022,4681449,318201,CAVERSHAM NURSERY,School Grants Holding Account,5536,School Transfer Payment,SUPPLIER,STANDARD,3295,NAAA-Former Directorate of Education and Childrens Services
RBC Legal Entity,18/05/2022,4681371,318202,NEW BRIDGE NURSERY SCHOOL,New Bridge Nursery,1650.91,Bank Income Holding Code,GOVERNMENT,STANDARD,3006,NAAA-Former Directorate of Education and Childrens Services
RBC Legal Entity,18/05/2022,4681413,318202,NEW BRIDGE NURSERY SCHOOL,School Grants Holding Account,1959,School Transfer Payment,GOVERNMENT,STANDARD,3295,NAAA-Former Directorate of Education and Childrens Services
RBC Legal Entity,18/05/2022,4681451,318202,NEW BRIDGE NURSERY SCHOOL,School Grants Holding Account,5536,School Transfer Payment,GOVERNMENT,STANDARD,3295,NAAA-Former Directorate of Education and Childrens Services
RBC Legal Entity,18/05/2022,4681372,318203,NORCOT EARLY YEARS CENTRE,Norcot Nursery,2147.15,Bank Income Holding Code,SUPPLIER,STANDARD,3010,NAAA-Former Directorate of Education and Childrens Services
RBC Legal Entity,18/05/2022,4681431,318203,NORCOT EARLY YEARS CENTRE,School Grants Holding Account,2135,School Transfer Payment,SUPPLIER,STANDARD,3295,NAAA-Former Directorate of Education and Childrens Services
RBC Legal Entity,18/05/2022,4681450,318203,NORCOT EARLY YEARS CENTRE,School Grants Holding Account,6034,School Transfer Payment,SUPPLIER,STANDARD,3295,NAAA-Former Directorate of Education and Childrens Services
RBC Legal Entity,18/05/2022,4680446,318204,STEPPING STONES,LD Community Services,893.2,Purchased Care,Third Party Supplier,STANDARD,5741,JAAA-Directorate of Social Care and Health Services
RBC Legal Entity,18/05/2022,4660391,318208,M & B ELECTRICAL SERVICES,Corporate Offices,6683.9,Plant,SUB-CONTRACTOR,STANDARD,8602,ZZZC-Capital
RBC Legal Entity,18/05/2022,4680803,318210,GREENWICH LEISURE LIMITED,Local Elections,857.6,Hire of halls,Third Party Supplier,STANDARD,2425,LAAA-Directorate of Resources
RBC Legal Entity,18/05/2022,4681261,318211,ELMHURST ENERGY SYSTEMS LIMITED,DLO Management & Strategy,1500,Software Licences,SUPPLIER,STANDARD,4001,KAAA-Directorate of Economic Growth and Neighbourhood Services
RBC Legal Entity,18/05/2022,4680947,318212,LAMBERT SMITH HAMPTON,Valuation,7174.55,External Legal Services,SUPPLIER,STANDARD,2100,KAAA-Directorate of Economic Growth and Neighbourhood Services
RBC Legal Entity,18/05/2022,4665305,318214,READING UK CIC,New Directions,60,Miscellaneous Income,Third Party Supplier,STANDARD,3340,KAAA-Directorate of Economic Growth and Neighbourhood Services
RBC Legal Entity,18/05/2022,4665305,318214,READING UK CIC,New Directions,1560,Miscellaneous Income,Third Party Supplier,STANDARD,3340,KAAA-Directorate of Economic Growth and Neighbourhood Services
RBC Legal Entity,18/05/2022,4677380,318215,AFFINITY (READING) LIMITED,Private Finance Initiative,576946.84,TPP  Contract,Third Party Supplier,STANDARD,5990,HAAA-Housing Revenue Account
RBC Legal Entity,18/05/2022,4675861,318216,PATROL,Special Parking Area,2539.8,External Legal Services,SUPPLIER,STANDARD,4724,KAAA-Directorate of Economic Growth and Neighbourhood Services
RBC Legal Entity,18/05/2022,4681293,318217,D J TAYLOR SERVICES LTD,Repairs,8136.94,Special Adaptions,Third Party Supplier,STANDARD,5970,HAAA-Housing Revenue Account
RBC Legal Entity,18/05/2022,4676812,318219,CREATIVE SUPPORT LTD,LD Community Services,1887.86,Purchased Care,Third Party Supplier,STANDARD,5741,JAAA-Directorate of Social Care and Health Services
RBC Legal Entity,18/05/2022,4676813,318219,CREATIVE SUPPORT LTD,LD Community Services,957.95,Purchased Care,Third Party Supplier,STANDARD,5741,JAAA-Directorate of Social Care and Health Services
RBC Legal Entity,18/05/2022,4676814,318219,CREATIVE SUPPORT LTD,LD Community Services,1363.58,Purchased Care,Third Party Supplier,STANDARD,5741,JAAA-Directorate of Social Care and Health Services
RBC Legal Entity,18/05/2022,4674302,318220,MISS CECILIA BARRETT,JLT Disbursements,795,Misc. Legal Expenses,SUPPLIER,STANDARD,2407,LAAA-Directorate of Resources
RBC Legal Entity,18/05/2022,4680674,318221,CAREMARK (WEST BERKSHIRE & READING),PS Acquired Community Services,552.16,Purchased Care,Third Party Supplier,STANDARD,5771,JAAA-Directorate of Social Care and Health Services
RBC Legal Entity,18/05/2022,4680675,318221,CAREMARK (WEST BERKSHIRE & READING),PS Acquired Community Services,552.16,Purchased Care,Third Party Supplier,STANDARD,5771,JAAA-Directorate of Social Care and Health Services
RBC Legal Entity,18/05/2022,4680677,318221,CAREMARK (WEST BERKSHIRE & READING),PS Acquired Community Services,1538.16,Purchased Care,Third Party Supplier,STANDARD,5771,JAAA-Directorate of Social Care and Health Services
RBC Legal Entity,18/05/2022,4680679,318221,CAREMARK (WEST BERKSHIRE & READING),PS Acquired Community Services,2208.64,Purchased Care,Third Party Supplier,STANDARD,5771,JAAA-Directorate of Social Care and Health Services
RBC Legal Entity,18/05/2022,4680680,318221,CAREMARK (WEST BERKSHIRE & READING),PS Acquired Community Services,2484.72,Purchased Care,Third Party Supplier,STANDARD,5771,JAAA-Directorate of Social Care and Health Services
RBC Legal Entity,18/05/2022,4680681,318221,CAREMARK (WEST BERKSHIRE & READING),PS Acquired Community Services,1183.2,Purchased Care,Third Party Supplier,STANDARD,5771,JAAA-Directorate of Social Care and Health Services
RBC Legal Entity,18/05/2022,4680682,318221,CAREMARK (WEST BERKSHIRE & READING),PS Acquired Community Services,1518.44,Purchased Care,Third Party Supplier,STANDARD,5771,JAAA-Directorate of Social Care and Health Services
RBC Legal Entity,18/05/2022,4680683,318221,CAREMARK (WEST BERKSHIRE & READING),PS Acquired Community Services,1932.56,Purchased Care,Third Party Supplier,STANDARD,5771,JAAA-Directorate of Social Care and Health Services
RBC Legal Entity,18/05/2022,4680684,318221,CAREMARK (WEST BERKSHIRE & READING),PS Acquired Community Services,552.16,Purchased Care,Third Party Supplier,STANDARD,5771,JAAA-Directorate of Social Care and Health Services
RBC Legal Entity,18/05/2022,4681351,318222,WHITLEY PARK SCHOOL,School Grants Holding Account,8487,School Transfer Payment,SUPPLIER,STANDARD,3295,NAAA-Former Directorate of Education and Childrens Services
RBC Legal Entity,18/05/2022,4681407,318222,WHITLEY PARK SCHOOL,School Grants Holding Account,14445,School Transfer Payment,SUPPLIER,STANDARD,3295,NAAA-Former Directorate of Education and Childrens Services
RBC Legal Entity,18/05/2022,4681428,318222,WHITLEY PARK SCHOOL,School Grants Holding Account,921,School Transfer Payment,SUPPLIER,STANDARD,3295,NAAA-Former Directorate of Education and Childrens Services
RBC Legal Entity,18/05/2022,4681466,318222,WHITLEY PARK SCHOOL,School Grants Holding Account,2602,School Transfer Payment,SUPPLIER,STANDARD,3295,NAAA-Former Directorate of Education and Childrens Services
RBC Legal Entity,18/05/2022,4681494,318222,WHITLEY PARK SCHOOL,School Grants Holding Account,7105,School Transfer Payment,SUPPLIER,STANDARD,3295,NAAA-Former Directorate of Education and Childrens Services
RBC Legal Entity,18/05/2022,4674335,318223,HYDRO HEATING SOLUTIONS,Caversham Primary,5979.54,External Fees  Misc.,SUB-CONTRACTOR,STANDARD,8209,ZZZC-Capital
RBC Legal Entity,18/05/2022,4673498,318225,FCC RECYCLING (UK) LTD,Refuse Collection,8868,Tipping Charge,SUPPLIER,STANDARD,4561,KAAA-Directorate of Economic Growth and Neighbourhood Services
RBC Legal Entity,18/05/2022,4674301,318225,FCC RECYCLING (UK) LTD,Grounds Maintenance,634.1,Parks Tipping,SUPPLIER,STANDARD,1306,KAAA-Directorate of Economic Growth and Neighbourhood Services
RBC Legal Entity,18/05/2022,4674306,318225,FCC RECYCLING (UK) LTD,Grounds Maintenance,1436.39,Parks Tipping,SUPPLIER,STANDARD,1306,KAAA-Directorate of Economic Growth and Neighbourhood Services
RBC Legal Entity,18/05/2022,4676508,318226,MEDACO,LD Day Services,520,Maintenance of Lifting Equipme,SUPPLIER,STANDARD,5055,JAAA-Directorate of Social Care and Health Services
RBC Legal Entity,18/05/2022,4664471,318227,READING HAMPSHIRE PROPERTY PARTNERSHIP LIMITED,Katesgrove Primary,19.75,External Fees  Misc.,Third Party Supplier,STANDARD,8219,ZZZC-Capital
RBC Legal Entity,18/05/2022,4664471,318227,READING HAMPSHIRE PROPERTY PARTNERSHIP LIMITED,Park Lane Primary,19.75,External Fees  Misc.,Third Party Supplier,STANDARD,8225,ZZZC-Capital
RBC Legal Entity,18/05/2022,4664471,318227,READING HAMPSHIRE PROPERTY PARTNERSHIP LIMITED,Blagrave Nursery,19.75,External Fees  Misc.,Third Party Supplier,STANDARD,8247,ZZZC-Capital
RBC Legal Entity,18/05/2022,4664471,318227,READING HAMPSHIRE PROPERTY PARTNERSHIP LIMITED,Phoenix College (Reading Alternative),20,External Fees  Misc.,Third Party Supplier,STANDARD,8264,ZZZC-Capital
RBC Legal Entity,18/05/2022,4664471,318227,READING HAMPSHIRE PROPERTY PARTNERSHIP LIMITED,Building Schools for the Future,32.5,External Fees  Misc.,Third Party Supplier,STANDARD,8292,ZZZC-Capital
RBC Legal Entity,18/05/2022,4664471,318227,READING HAMPSHIRE PROPERTY PARTNERSHIP LIMITED,Park Lane Primary,39.5,External Fees  Misc.,Third Party Supplier,STANDARD,8225,ZZZC-Capital
RBC Legal Entity,18/05/2022,4664471,318227,READING HAMPSHIRE PROPERTY PARTNERSHIP LIMITED,Blessed Hugh Farringdon,65,External Fees  Misc.,Third Party Supplier,STANDARD,8260,ZZZC-Capital
RBC Legal Entity,18/05/2022,4664471,318227,READING HAMPSHIRE PROPERTY PARTNERSHIP LIMITED,Katesgrove Primary,98.75,External Fees  Misc.,Third Party Supplier,STANDARD,8219,ZZZC-Capital
RBC Legal Entity,18/05/2022,4664471,318227,READING HAMPSHIRE PROPERTY PARTNERSHIP LIMITED,Emmer Green Primary,130,External Fees  Misc.,Third Party Supplier,STANDARD,8214,ZZZC-Capital
RBC Legal Entity,18/05/2022,4664471,318227,READING HAMPSHIRE PROPERTY PARTNERSHIP LIMITED,Phoenix College (Reading Alternative),479,External Fees  Misc.,Third Party Supplier,STANDARD,8264,ZZZC-Capital
RBC Legal Entity,18/05/2022,4664471,318227,READING HAMPSHIRE PROPERTY PARTNERSHIP LIMITED,Avenue,12569.75,External Fees  Misc.,Third Party Supplier,STANDARD,8265,ZZZC-Capital
RBC Legal Entity,18/05/2022,4664547,318227,READING HAMPSHIRE PROPERTY PARTNERSHIP LIMITED,Building Schools for the Future,33.8,External Fees  Misc.,Third Party Supplier,STANDARD,8292,ZZZC-Capital
RBC Legal Entity,18/05/2022,4664547,318227,READING HAMPSHIRE PROPERTY PARTNERSHIP LIMITED,Katesgrove Primary,50.37,External Fees  Misc.,Third Party Supplier,STANDARD,8219,ZZZC-Capital
RBC Legal Entity,18/05/2022,4664547,318227,READING HAMPSHIRE PROPERTY PARTNERSHIP LIMITED,Blagrave Nursery,50.37,External Fees  Misc.,Third Party Supplier,STANDARD,8247,ZZZC-Capital
RBC Legal Entity,18/05/2022,4664547,318227,READING HAMPSHIRE PROPERTY PARTNERSHIP LIMITED,St John's Primary,118.5,External Fees  Misc.,Third Party Supplier,STANDARD,8257,ZZZC-Capital
RBC Legal Entity,18/05/2022,4664547,318227,READING HAMPSHIRE PROPERTY PARTNERSHIP LIMITED,Katesgrove Primary,251.84,External Fees  Misc.,Third Party Supplier,STANDARD,8219,ZZZC-Capital
RBC Legal Entity,18/05/2022,4664547,318227,READING HAMPSHIRE PROPERTY PARTNERSHIP LIMITED,Phoenix College (Reading Alternative),260,External Fees  Misc.,Third Party Supplier,STANDARD,8264,ZZZC-Capital
RBC Legal Entity,18/05/2022,4664547,318227,READING HAMPSHIRE PROPERTY PARTNERSHIP LIMITED,Emmer Green Primary,515.18,External Fees  Misc.,Third Party Supplier,STANDARD,8214,ZZZC-Capital
RBC Legal Entity,18/05/2022,4664547,318227,READING HAMPSHIRE PROPERTY PARTNERSHIP LIMITED,Multi_School Expenditure,608.97,External Fees  Misc.,Third Party Supplier,STANDARD,8200,ZZZC-Capital
RBC Legal Entity,18/05/2022,4664547,318227,READING HAMPSHIRE PROPERTY PARTNERSHIP LIMITED,Park Lane Primary,639.55,External Fees  Misc.,Third Party Supplier,STANDARD,8225,ZZZC-Capital
RBC Legal Entity,18/05/2022,4664547,318227,READING HAMPSHIRE PROPERTY PARTNERSHIP LIMITED,Park Lane Primary,689.92,External Fees  Misc.,Third Party Supplier,STANDARD,8225,ZZZC-Capital
RBC Legal Entity,18/05/2022,4664547,318227,READING HAMPSHIRE PROPERTY PARTNERSHIP LIMITED,Phoenix College (Reading Alternative),4333.57,External Fees  Misc.,Third Party Supplier,STANDARD,8264,ZZZC-Capital
RBC Legal Entity,18/05/2022,4664547,318227,READING HAMPSHIRE PROPERTY PARTNERSHIP LIMITED,Avenue,24150.91,External Fees  Misc.,Third Party Supplier,STANDARD,8265,ZZZC-Capital
RBC Legal Entity,18/05/2022,4673460,318228,DENNIS EAGLE LTD,Fleet Management,36289.48,Vehicle Maintenance,SUPPLIER,STANDARD,4552,KAAA-Directorate of Economic Growth and Neighbourhood Services
RBC Legal Entity,18/05/2022,4673479,318228,DENNIS EAGLE LTD,Fleet Management,27.5,Unfair Wear + Tear Costs,SUPPLIER,STANDARD,4552,KAAA-Directorate of Economic Growth and Neighbourhood Services
RBC Legal Entity,18/05/2022,4673479,318228,DENNIS EAGLE LTD,Fleet Management,69.5,Unfair Wear + Tear Costs,SUPPLIER,STANDARD,4552,KAAA-Directorate of Economic Growth and Neighbourhood Services
RBC Legal Entity,18/05/2022,4673479,318228,DENNIS EAGLE LTD,Fleet Management,82.5,Unfair Wear + Tear Costs,SUPPLIER,STANDARD,4552,KAAA-Directorate of Economic Growth and Neighbourhood Services
RBC Legal Entity,18/05/2022,4673479,318228,DENNIS EAGLE LTD,Fleet Management,87.5,Unfair Wear + Tear Costs,SUPPLIER,STANDARD,4552,KAAA-Directorate of Economic Growth and Neighbourhood Services
RBC Legal Entity,18/05/2022,4673479,318228,DENNIS EAGLE LTD,Fleet Management,130.95,Unfair Wear + Tear Costs,SUPPLIER,STANDARD,4552,KAAA-Directorate of Economic Growth and Neighbourhood Services
RBC Legal Entity,18/05/2022,4673479,318228,DENNIS EAGLE LTD,Fleet Management,161,Unfair Wear + Tear Costs,SUPPLIER,STANDARD,4552,KAAA-Directorate of Economic Growth and Neighbourhood Services
RBC Legal Entity,18/05/2022,4673479,318228,DENNIS EAGLE LTD,Fleet Management,192.5,Unfair Wear + Tear Costs,SUPPLIER,STANDARD,4552,KAAA-Directorate of Economic Growth and Neighbourhood Services
RBC Legal Entity,18/05/2022,4673479,318228,DENNIS EAGLE LTD,Fleet Management,271.69,Unfair Wear + Tear Costs,SUPPLIER,STANDARD,4552,KAAA-Directorate of Economic Growth and Neighbourhood Services
RBC Legal Entity,18/05/2022,4681284,318229,M&D SERVICES,Grounds Maintenance,675,Horticultrl MachineryHire,SUB-CONTRACTOR,STANDARD,1306,KAAA-Directorate of Economic Growth and Neighbourhood Services
RBC Legal Entity,18/05/2022,4681265,318231,DR DAVID ROBINSON,JLT Disbursements,607.5,Misc. Legal Expenses,INDIVIDUAL,STANDARD,2407,LAAA-Directorate of Resources
RBC Legal Entity,18/05/2022,4676231,318232,PEGGY ETIEBET,JLT Disbursements,885,Misc. Legal Expenses,SUPPLIER,STANDARD,2407,LAAA-Directorate of Resources
RBC Legal Entity,18/05/2022,4676183,318233,RAPID DESPATCH LOGISTICS LTD,Post Room,454.03,Courier/Cash Collection Serv.,SUPPLIER,STANDARD,2585,KAAA-Directorate of Economic Growth and Neighbourhood Services
RBC Legal Entity,18/05/2022,4674482,318234,HTA DESIGN LLP,HRA portfolio expansion,1500,External Fees  Misc.,SUPPLIER,STANDARD,8518,ZZZC-Capital
RBC Legal Entity,18/05/2022,4674484,318236,LMG SOCIAL WORK SERVICES LTD,JLT Disbursements,4016.2,Misc. Legal Expenses,Third Party Supplier,STANDARD,2407,LAAA-Directorate of Resources
RBC Legal Entity,18/05/2022,4678246,318237,CONTRACT OPTIONS LTD,Highways,995,Subcontractors Labour,Third Party Supplier,STANDARD,4252,KAAA-Directorate of Economic Growth and Neighbourhood Services
RBC Legal Entity,18/05/2022,4674436,318238,AGILISYS LIMITED,Future ICT operating model,8000,Other  Capitalisation,Third Party Supplier,STANDARD,8636,ZZZC-Capital
RBC Legal Entity,18/05/2022,4678318,318239,BOUND AND GAGGED LIMITED,South Street Operations,2627.86,Professional Fees,SUPPLIER,STANDARD,1220,KAAA-Directorate of Economic Growth and Neighbourhood Services
RBC Legal Entity,18/05/2022,4674303,318240,VICKY REYNOLDS,JLT Disbursements,7500,Misc. Legal Expenses,Third Party Supplier,STANDARD,2407,LAAA-Directorate of Resources
RBC Legal Entity,18/05/2022,4674309,318240,VICKY REYNOLDS,JLT Disbursements,1150,Misc. Legal Expenses,Third Party Supplier,STANDARD,2407,LAAA-Directorate of Resources
RBC Legal Entity,18/05/2022,4674300,318241,JAMES DOVE,JLT Disbursements,855,Misc. Legal Expenses,Third Party Supplier,STANDARD,2407,LAAA-Directorate of Resources
RBC Legal Entity,18/05/2022,4674356,318241,JAMES DOVE,JLT Disbursements,855,Misc. Legal Expenses,Third Party Supplier,STANDARD,2407,LAAA-Directorate of Resources
RBC Legal Entity,18/05/2022,4674357,318241,JAMES DOVE,JLT Disbursements,675,Misc. Legal Expenses,Third Party Supplier,STANDARD,2407,LAAA-Directorate of Resources
RBC Legal Entity,18/05/2022,4674408,318245,SWARCO UK LIMITED,Parking & Enforcement,1230.46,Equipment Purchase & Repair,SUB-CONTRACTOR,STANDARD,4725,KAAA-Directorate of Economic Growth and Neighbourhood Services
RBC Legal Entity,18/05/2022,4674408,318245,SWARCO UK LIMITED,Parking & Enforcement,1230.46,Equipment Purchase & Repair,SUB-CONTRACTOR,STANDARD,4725,KAAA-Directorate of Economic Growth and Neighbourhood Services
RBC Legal Entity,18/05/2022,4676918,318248,NEW BEGINNINGS NORTH EAST LTD,LD Community Services,4560.24,Purchased Care,Third Party Supplier,STANDARD,5741,JAAA-Directorate of Social Care and Health Services
RBC Legal Entity,18/05/2022,4681215,318250,MITCHELL AND BRADLEY PROPERTIES LTD,Housing Advice,538.5,Responsive Repairs,Landlord,STANDARD,5820,KAAA-Directorate of Economic Growth and Neighbourhood Services
RBC Legal Entity,18/05/2022,4674308,318251,AMBER CLIENT LIMITED,JLT Disbursements,497,Misc. Legal Expenses,Third Party Supplier,STANDARD,2407,LAAA-Directorate of Resources
RBC Legal Entity,18/05/2022,4681189,318252,ETHICAL READING,ASC Senior Management Team,622.5,Project Fees,Third Party Supplier,STANDARD,5700,JAAA-Directorate of Social Care and Health Services
RBC Legal Entity,18/05/2022,4681217,318253,KANWALBIR GILL,Housing Advice,510,Responsive Repairs,SUPPLIER,STANDARD,5820,KAAA-Directorate of Economic Growth and Neighbourhood Services
RBC Legal Entity,19/05/2022,4676510,318257,BELLSTAN LIMITED,Highways,525,Subcontractors Labour,SUB-CONTRACTOR,STANDARD,4252,KAAA-Directorate of Economic Growth and Neighbourhood Services
RBC Legal Entity,19/05/2022,4676511,318257,BELLSTAN LIMITED,Highways,-525,Subcontractors Labour,SUB-CONTRACTOR,CREDIT,4252,KAAA-Directorate of Economic Growth and Neighbourhood Services
RBC Legal Entity,19/05/2022,4676512,318257,BELLSTAN LIMITED,Highways,450,Subcontractors Labour,SUB-CONTRACTOR,STANDARD,4252,KAAA-Directorate of Economic Growth and Neighbourhood Services
RBC Legal Entity,19/05/2022,4676513,318257,BELLSTAN LIMITED,Highways,-450,Subcontractors Labour,SUB-CONTRACTOR,CREDIT,4252,KAAA-Directorate of Economic Growth and Neighbourhood Services
RBC Legal Entity,19/05/2022,4681674,318260,THE KINGWOOD TRUST,LD Community Services,1203.88,Purchased Care,Third Party Supplier,STANDARD,5741,JAAA-Directorate of Social Care and Health Services
RBC Legal Entity,19/05/2022,4681675,318260,THE KINGWOOD TRUST,LD Community Services,1277.76,Purchased Care,Third Party Supplier,STANDARD,5741,JAAA-Directorate of Social Care and Health Services
RBC Legal Entity,19/05/2022,4681676,318260,THE KINGWOOD TRUST,LD Community Services,1731.56,Purchased Care,Third Party Supplier,STANDARD,5741,JAAA-Directorate of Social Care and Health Services
RBC Legal Entity,19/05/2022,4681677,318260,THE KINGWOOD TRUST,LD Community Services,1623.96,Purchased Care,Third Party Supplier,STANDARD,5741,JAAA-Directorate of Social Care and Health Services
RBC Legal Entity,19/05/2022,4681678,318260,THE KINGWOOD TRUST,LD Community Services,811.96,Purchased Care,Third Party Supplier,STANDARD,5741,JAAA-Directorate of Social Care and Health Services
RBC Legal Entity,19/05/2022,4681679,318260,THE KINGWOOD TRUST,LD Community Services,871.36,Purchased Care,Third Party Supplier,STANDARD,5741,JAAA-Directorate of Social Care and Health Services
RBC Legal Entity,19/05/2022,4681680,318260,THE KINGWOOD TRUST,PS Acquired Community Services,960.44,Purchased Care,Third Party Supplier,STANDARD,5771,JAAA-Directorate of Social Care and Health Services
RBC Legal Entity,19/05/2022,4681575,318261,KERNOW HOUSE,PS Acquired Nursing,20330.72,Purchased Care,Third Party Supplier,STANDARD,5773,JAAA-Directorate of Social Care and Health Services
RBC Legal Entity,19/05/2022,4681841,318263,ROWVALE HOTELS LTD T/A BOW GUEST HOUSE,Bed and Breakfast,623,Rents,Third Party Supplier,STANDARD,5871,KAAA-Directorate of Economic Growth and Neighbourhood Services
RBC Legal Entity,19/05/2022,4681844,318263,ROWVALE HOTELS LTD T/A BOW GUEST HOUSE,Bed and Breakfast,525,Rents,Third Party Supplier,STANDARD,5871,KAAA-Directorate of Economic Growth and Neighbourhood Services
RBC Legal Entity,19/05/2022,4681849,318263,ROWVALE HOTELS LTD T/A BOW GUEST HOUSE,Bed and Breakfast,525,Rents,Third Party Supplier,STANDARD,5871,KAAA-Directorate of Economic Growth and Neighbourhood Services
RBC Legal Entity,19/05/2022,4681854,318263,ROWVALE HOTELS LTD T/A BOW GUEST HOUSE,Bed and Breakfast,623,Rents,Third Party Supplier,STANDARD,5871,KAAA-Directorate of Economic Growth and Neighbourhood Services
RBC Legal Entity,19/05/2022,4679871,318265,PERMADOOR,Planned Maintenance Trades,200,Subcontractors Labour,SUB-CONTRACTOR,STANDARD,4040,KAAA-Directorate of Economic Growth and Neighbourhood Services
RBC Legal Entity,19/05/2022,4679871,318265,PERMADOOR,Planned Maintenance Trades,459.02,Subcontractors Labour,SUB-CONTRACTOR,STANDARD,4040,KAAA-Directorate of Economic Growth and Neighbourhood Services
RBC Legal Entity,19/05/2022,4679873,318265,PERMADOOR,Planned Maintenance Trades,35,Subcontractors Labour,SUB-CONTRACTOR,STANDARD,4040,KAAA-Directorate of Economic Growth and Neighbourhood Services
RBC Legal Entity,19/05/2022,4679873,318265,PERMADOOR,Planned Maintenance Trades,669.29,Subcontractors Labour,SUB-CONTRACTOR,STANDARD,4040,KAAA-Directorate of Economic Growth and Neighbourhood Services
RBC Legal Entity,19/05/2022,4679877,318265,PERMADOOR,Planned Maintenance Trades,200,Subcontractors Labour,SUB-CONTRACTOR,STANDARD,4040,KAAA-Directorate of Economic Growth and Neighbourhood Services
RBC Legal Entity,19/05/2022,4679877,318265,PERMADOOR,Planned Maintenance Trades,437.19,Subcontractors Labour,SUB-CONTRACTOR,STANDARD,4040,KAAA-Directorate of Economic Growth and Neighbourhood Services
RBC Legal Entity,19/05/2022,4679882,318265,PERMADOOR,Planned Maintenance Trades,1155.18,Subcontractors Labour,SUB-CONTRACTOR,STANDARD,4040,KAAA-Directorate of Economic Growth and Neighbourhood Services
RBC Legal Entity,19/05/2022,4679883,318265,PERMADOOR,Planned Maintenance Trades,1147.02,Subcontractors Labour,SUB-CONTRACTOR,STANDARD,4040,KAAA-Directorate of Economic Growth and Neighbourhood Services
RBC Legal Entity,19/05/2022,4679885,318265,PERMADOOR,Planned Maintenance Trades,1010.19,Subcontractors Labour,SUB-CONTRACTOR,STANDARD,4040,KAAA-Directorate of Economic Growth and Neighbourhood Services
RBC Legal Entity,19/05/2022,4679886,318265,PERMADOOR,Planned Maintenance Trades,705.85,Subcontractors Labour,SUB-CONTRACTOR,STANDARD,4040,KAAA-Directorate of Economic Growth and Neighbourhood Services
RBC Legal Entity,19/05/2022,4679887,318265,PERMADOOR,Planned Maintenance Trades,704.27,Subcontractors Labour,SUB-CONTRACTOR,STANDARD,4040,KAAA-Directorate of Economic Growth and Neighbourhood Services
RBC Legal Entity,19/05/2022,4679888,318265,PERMADOOR,Planned Maintenance Trades,704.27,Subcontractors Labour,SUB-CONTRACTOR,STANDARD,4040,KAAA-Directorate of Economic Growth and Neighbourhood Services
RBC Legal Entity,19/05/2022,4679889,318265,PERMADOOR,Planned Maintenance Trades,664.44,Subcontractors Labour,SUB-CONTRACTOR,STANDARD,4040,KAAA-Directorate of Economic Growth and Neighbourhood Services
RBC Legal Entity,19/05/2022,4679890,318265,PERMADOOR,Planned Maintenance Trades,661.07,Subcontractors Labour,SUB-CONTRACTOR,STANDARD,4040,KAAA-Directorate of Economic Growth and Neighbourhood Services
RBC Legal Entity,19/05/2022,4679892,318265,PERMADOOR,Planned Maintenance Trades,659.02,Subcontractors Labour,SUB-CONTRACTOR,STANDARD,4040,KAAA-Directorate of Economic Growth and Neighbourhood Services
RBC Legal Entity,19/05/2022,4679913,318265,PERMADOOR,DLO Voids Trades,639.24,Subcontractors Labour,SUB-CONTRACTOR,STANDARD,4020,KAAA-Directorate of Economic Growth and Neighbourhood Services
RBC Legal Entity,19/05/2022,4679937,318265,PERMADOOR,DLO Wokingham Trades,916.16,Subcontractors Labour,SUB-CONTRACTOR,STANDARD,4050,KAAA-Directorate of Economic Growth and Neighbourhood Services
RBC Legal Entity,19/05/2022,4679939,318265,PERMADOOR,DLO Wokingham Trades,704.25,Subcontractors Labour,SUB-CONTRACTOR,STANDARD,4050,KAAA-Directorate of Economic Growth and Neighbourhood Services
RBC Legal Entity,19/05/2022,4679943,318265,PERMADOOR,DLO Day to Day Trades,639.26,Subcontractors Labour,SUB-CONTRACTOR,STANDARD,4010,KAAA-Directorate of Economic Growth and Neighbourhood Services
RBC Legal Entity,19/05/2022,4674480,318267,ISABELLE WATSON,JLT Disbursements,1850,Misc. Legal Expenses,SUPPLIER,STANDARD,2407,LAAA-Directorate of Resources
RBC Legal Entity,19/05/2022,4665284,318268,READING REFUGEE SUPPORT GROUP,Afghan Resettlement Programme,14375,Professional Fees,SUPPLIER,STANDARD,2021,EAAA-Chief Executive
RBC Legal Entity,19/05/2022,4680981,318268,READING REFUGEE SUPPORT GROUP,Afghan Resettlement Programme,35,Professional Fees,SUPPLIER,STANDARD,2021,EAAA-Chief Executive
RBC Legal Entity,19/05/2022,4680981,318268,READING REFUGEE SUPPORT GROUP,Afghan Resettlement Programme,2573,Professional Fees,SUPPLIER,STANDARD,2021,EAAA-Chief Executive
RBC Legal Entity,19/05/2022,4681776,318269,DIMENSIONS (UK) LTD,LD Community Services,1072.92,Purchased Care,Third Party Supplier,STANDARD,5741,JAAA-Directorate of Social Care and Health Services
RBC Legal Entity,19/05/2022,4681777,318269,DIMENSIONS (UK) LTD,LD Community Services,12159.44,Purchased Care,Third Party Supplier,STANDARD,5741,JAAA-Directorate of Social Care and Health Services
RBC Legal Entity,19/05/2022,4681778,318269,DIMENSIONS (UK) LTD,LD Community Services,4196.92,Purchased Care,Third Party Supplier,STANDARD,5741,JAAA-Directorate of Social Care and Health Services
RBC Legal Entity,19/05/2022,4681779,318269,DIMENSIONS (UK) LTD,LD Community Services,5116.52,Purchased Care,Third Party Supplier,STANDARD,5741,JAAA-Directorate of Social Care and Health Services
RBC Legal Entity,19/05/2022,4681780,318269,DIMENSIONS (UK) LTD,LD Community Services,8121.16,Purchased Care,Third Party Supplier,STANDARD,5741,JAAA-Directorate of Social Care and Health Services
RBC Legal Entity,19/05/2022,4681781,318269,DIMENSIONS (UK) LTD,LD Community Services,5099.48,Purchased Care,Third Party Supplier,STANDARD,5741,JAAA-Directorate of Social Care and Health Services
RBC Legal Entity,19/05/2022,4681527,318271,M & B ELECTRICAL SERVICES,DLO Day to Day Trades,1985,Subcontractors Labour,SUB-CONTRACTOR,STANDARD,4010,KAAA-Directorate of Economic Growth and Neighbourhood Services
RBC Legal Entity,19/05/2022,4676291,318272,FLEETWOOD GRAB SERVICES LIMITED,Highways,295,Waste Disposal,Third Party Supplier,STANDARD,4252,KAAA-Directorate of Economic Growth and Neighbourhood Services
RBC Legal Entity,19/05/2022,4676291,318272,FLEETWOOD GRAB SERVICES LIMITED,Highways,527,Materials Direct,Third Party Supplier,STANDARD,4252,KAAA-Directorate of Economic Growth and Neighbourhood Services
RBC Legal Entity,19/05/2022,4676291,318272,FLEETWOOD GRAB SERVICES LIMITED,Highways,527,Materials Direct,Third Party Supplier,STANDARD,4252,KAAA-Directorate of Economic Growth and Neighbourhood Services
RBC Legal Entity,19/05/2022,4676291,318272,FLEETWOOD GRAB SERVICES LIMITED,Highways,590,Waste Disposal,Third Party Supplier,STANDARD,4252,KAAA-Directorate of Economic Growth and Neighbourhood Services
RBC Legal Entity,19/05/2022,4676407,318274,FORPSYCH LTD,JLT Disbursements,843.67,Misc. Legal Expenses,Third Party Supplier,STANDARD,2407,LAAA-Directorate of Resources
RBC Legal Entity,19/05/2022,4674446,318276,S H JONES & COMPANY LTD,Hexagon Catering,1149.6,Purchases - Stock Provisions,SUPPLIER,STANDARD,1241,KAAA-Directorate of Economic Growth and Neighbourhood Services
RBC Legal Entity,19/05/2022,4676480,318278,PATROL,Bus Lane Enforcement,6228.3,External Legal Services,SUPPLIER,STANDARD,4722,KAAA-Directorate of Economic Growth and Neighbourhood Services
RBC Legal Entity,19/05/2022,4681673,318279,BROOK HOUSE RESIDENTIAL CARE HOME LTD,Mental Health Community Services,1384.28,Purchased Care,Third Party Supplier,STANDARD,5731,JAAA-Directorate of Social Care and Health Services
RBC Legal Entity,19/05/2022,4675862,318280,MR NICHOLAS GOODWIN,JLT Disbursements,4000,Misc. Legal Expenses,SUPPLIER,STANDARD,2407,LAAA-Directorate of Resources
RBC Legal Entity,19/05/2022,4674483,318281,MR JAMES NORMAN,JLT Disbursements,3262.5,Misc. Legal Expenses,SUPPLIER,STANDARD,2407,LAAA-Directorate of Resources
RBC Legal Entity,19/05/2022,4681701,318285,TOTAL HEALTH SUPPORT & TRAINING SERVICES,LD Community Services,5968.12,Purchased Care,Third Party Supplier,STANDARD,5741,JAAA-Directorate of Social Care and Health Services
RBC Legal Entity,19/05/2022,4681702,318285,TOTAL HEALTH SUPPORT & TRAINING SERVICES,LD Community Services,6230.64,Purchased Care,Third Party Supplier,STANDARD,5741,JAAA-Directorate of Social Care and Health Services
RBC Legal Entity,19/05/2022,4681703,318285,TOTAL HEALTH SUPPORT & TRAINING SERVICES,LD Community Services,6222.68,Purchased Care,Third Party Supplier,STANDARD,5741,JAAA-Directorate of Social Care and Health Services
RBC Legal Entity,19/05/2022,4681704,318285,TOTAL HEALTH SUPPORT & TRAINING SERVICES,LD Community Services,5968.12,Purchased Care,Third Party Supplier,STANDARD,5741,JAAA-Directorate of Social Care and Health Services
RBC Legal Entity,19/05/2022,4681705,318285,TOTAL HEALTH SUPPORT & TRAINING SERVICES,LD Community Services,5968.12,Purchased Care,Third Party Supplier,STANDARD,5741,JAAA-Directorate of Social Care and Health Services
RBC Legal Entity,19/05/2022,4681706,318285,TOTAL HEALTH SUPPORT & TRAINING SERVICES,LD Community Services,2344.62,Purchased Care,Third Party Supplier,STANDARD,5741,JAAA-Directorate of Social Care and Health Services
RBC Legal Entity,19/05/2022,4681710,318286,VJ CARERS LIMITED,PS Acquired Community Services,2760.8,Purchased Care,Third Party Supplier,STANDARD,5771,JAAA-Directorate of Social Care and Health Services
RBC Legal Entity,19/05/2022,4681711,318286,VJ CARERS LIMITED,PS Acquired Community Services,1893.12,Purchased Care,Third Party Supplier,STANDARD,5771,JAAA-Directorate of Social Care and Health Services
RBC Legal Entity,19/05/2022,4681712,318286,VJ CARERS LIMITED,PS Acquired Community Services,2208.64,Purchased Care,Third Party Supplier,STANDARD,5771,JAAA-Directorate of Social Care and Health Services
RBC Legal Entity,19/05/2022,4681713,318286,VJ CARERS LIMITED,PS Acquired Community Services,2484.72,Purchased Care,Third Party Supplier,STANDARD,5771,JAAA-Directorate of Social Care and Health Services
RBC Legal Entity,19/05/2022,4681714,318286,VJ CARERS LIMITED,Mental Health Community Services,2563.6,Purchased Care,Third Party Supplier,STANDARD,5731,JAAA-Directorate of Social Care and Health Services
RBC Legal Entity,19/05/2022,4681715,318286,VJ CARERS LIMITED,Mental Health Community Services,2721.36,Purchased Care,Third Party Supplier,STANDARD,5731,JAAA-Directorate of Social Care and Health Services
RBC Legal Entity,19/05/2022,4681716,318286,VJ CARERS LIMITED,PS Acquired Community Services,2208.64,Purchased Care,Third Party Supplier,STANDARD,5771,JAAA-Directorate of Social Care and Health Services
RBC Legal Entity,19/05/2022,4681717,318286,VJ CARERS LIMITED,PS Acquired Community Services,1242.36,Purchased Care,Third Party Supplier,STANDARD,5771,JAAA-Directorate of Social Care and Health Services
RBC Legal Entity,19/05/2022,4681718,318286,VJ CARERS LIMITED,PS Acquired Community Services,2760.8,Purchased Care,Third Party Supplier,STANDARD,5771,JAAA-Directorate of Social Care and Health Services
RBC Legal Entity,19/05/2022,4681719,318286,VJ CARERS LIMITED,PS Acquired Community Services,1350.82,Purchased Care,Third Party Supplier,STANDARD,5771,JAAA-Directorate of Social Care and Health Services
RBC Legal Entity,19/05/2022,4681720,318286,VJ CARERS LIMITED,PS Acquired Community Services,1380.4,Purchased Care,Third Party Supplier,STANDARD,5771,JAAA-Directorate of Social Care and Health Services
RBC Legal Entity,19/05/2022,4681721,318286,VJ CARERS LIMITED,PS Acquired Community Services,1498.72,Purchased Care,Third Party Supplier,STANDARD,5771,JAAA-Directorate of Social Care and Health Services
RBC Legal Entity,19/05/2022,4681722,318286,VJ CARERS LIMITED,PS Acquired Community Services,2760.8,Purchased Care,Third Party Supplier,STANDARD,5771,JAAA-Directorate of Social Care and Health Services
RBC Legal Entity,19/05/2022,4681723,318286,VJ CARERS LIMITED,PS Acquired Community Services,2208.64,Purchased Care,Third Party Supplier,STANDARD,5771,JAAA-Directorate of Social Care and Health Services
RBC Legal Entity,19/05/2022,4681724,318286,VJ CARERS LIMITED,PS Acquired Community Services,1932.56,Purchased Care,Third Party Supplier,STANDARD,5771,JAAA-Directorate of Social Care and Health Services
RBC Legal Entity,19/05/2022,4677341,318288,M&D SERVICES,Payroll + Payments A/c,-42,System Creditors,SUB-CONTRACTOR,CREDIT,9823,ZZZB-Balance Sheet
RBC Legal Entity,19/05/2022,4677341,318288,M&D SERVICES,Parks + Open Spaces,210,Building Works,SUB-CONTRACTOR,STANDARD,8003,ZZZC-Capital
RBC Legal Entity,19/05/2022,4677341,318288,M&D SERVICES,Parks + Open Spaces,488,Building Works,SUB-CONTRACTOR,STANDARD,8003,ZZZC-Capital
RBC Legal Entity,19/05/2022,4674475,318291,FRANCES HARRIS,JLT Disbursements,550,Misc. Legal Expenses,Third Party Supplier,STANDARD,2407,LAAA-Directorate of Resources
RBC Legal Entity,19/05/2022,4681583,318292,PLAYPEN MANAGEMENT AND AGENCY,South Street Operations,-585,Ticket SalesPerformances,Third Party Supplier,CREDIT,1220,KAAA-Directorate of Economic Growth and Neighbourhood Services
RBC Legal Entity,19/05/2022,4681583,318292,PLAYPEN MANAGEMENT AND AGENCY,South Street Operations,-74,Administration Charges,Third Party Supplier,CREDIT,1220,KAAA-Directorate of Economic Growth and Neighbourhood Services
RBC Legal Entity,19/05/2022,4681583,318292,PLAYPEN MANAGEMENT AND AGENCY,Hexagon Performances,659,Ticket SalesPerformances,Third Party Supplier,STANDARD,1202,KAAA-Directorate of Economic Growth and Neighbourhood Services
RBC Legal Entity,19/05/2022,4681583,318292,PLAYPEN MANAGEMENT AND AGENCY,South Street Operations,750,Professional Fees,Third Party Supplier,STANDARD,1220,KAAA-Directorate of Economic Growth and Neighbourhood Services
RBC Legal Entity,19/05/2022,4677208,318293,EUROPEAN UNION CHAMBER ORCHESTRA,Town Hall - Concert Hall Events,-2761.63,Ticket SalesPerformances,Third Party Supplier,CREDIT,1213,KAAA-Directorate of Economic Growth and Neighbourhood Services
RBC Legal Entity,19/05/2022,4677208,318293,EUROPEAN UNION CHAMBER ORCHESTRA,Town Hall - Concert Hall Events,-314.5,Administration Charges,Third Party Supplier,CREDIT,1213,KAAA-Directorate of Economic Growth and Neighbourhood Services
RBC Legal Entity,19/05/2022,4677208,318293,EUROPEAN UNION CHAMBER ORCHESTRA,Town Hall - Concert Hall Events,-115.07,Royalties,Third Party Supplier,CREDIT,1213,KAAA-Directorate of Economic Growth and Neighbourhood Services
RBC Legal Entity,19/05/2022,4677208,318293,EUROPEAN UNION CHAMBER ORCHESTRA,Hexagon Performances,3191.2,Ticket SalesPerformances,Third Party Supplier,STANDARD,1202,KAAA-Directorate of Economic Growth and Neighbourhood Services
RBC Legal Entity,19/05/2022,4677208,318293,EUROPEAN UNION CHAMBER ORCHESTRA,Town Hall - Concert Hall Events,5500,Professional Fees,Third Party Supplier,STANDARD,1213,KAAA-Directorate of Economic Growth and Neighbourhood Services
RBC Legal Entity,19/05/2022,4681832,318294,SAVILLS (UK) LIMITED,Sundry Properties,26816.06,Rents,SUPPLIER,STANDARD,2125,KAAA-Directorate of Economic Growth and Neighbourhood Services
RBC Legal Entity,19/05/2022,4681765,318295,ARUSHA LTD,Mental Health Community Services,5007.89,Purchased Care,Third Party Supplier,STANDARD,5731,JAAA-Directorate of Social Care and Health Services
RBC Legal Entity,19/05/2022,4681707,318296,MAKAI CARE LTD,PS Acquired Community Services,684,Purchased Care,SUPPLIER,STANDARD,5771,JAAA-Directorate of Social Care and Health Services
RBC Legal Entity,19/05/2022,4681709,318296,MAKAI CARE LTD,PS Acquired Community Services,750.5,Purchased Care,SUPPLIER,STANDARD,5771,JAAA-Directorate of Social Care and Health Services
RBC Legal Entity,19/05/2022,4681708,318298,SUPERB HEALTHCARE LTD,PS Acquired Community Services,5245.52,Purchased Care,Third Party Supplier,STANDARD,5771,JAAA-Directorate of Social Care and Health Services
RBC Legal Entity,19/05/2022,4681664,318300,CARE4U WE LTD,Mental Health Community Services,2177.65,Purchased Care,Third Party Supplier,STANDARD,5731,JAAA-Directorate of Social Care and Health Services
RBC Legal Entity,19/05/2022,4681665,318300,CARE4U WE LTD,LD Community Services,2175.5,Purchased Care,Third Party Supplier,STANDARD,5741,JAAA-Directorate of Social Care and Health Services
RBC Legal Entity,19/05/2022,4681666,318300,CARE4U WE LTD,LD Community Services,8290.8,Purchased Care,Third Party Supplier,STANDARD,5741,JAAA-Directorate of Social Care and Health Services
RBC Legal Entity,19/05/2022,4681667,318300,CARE4U WE LTD,Mental Health Community Services,8290.8,Purchased Care,Third Party Supplier,STANDARD,5731,JAAA-Directorate of Social Care and Health Services
RBC Legal Entity,19/05/2022,4681668,318300,CARE4U WE LTD,Mental Health Community Services,2788.45,Purchased Care,Third Party Supplier,STANDARD,5731,JAAA-Directorate of Social Care and Health Services
RBC Legal Entity,19/05/2022,4681669,318300,CARE4U WE LTD,Mental Health Community Services,1378.58,Purchased Care,Third Party Supplier,STANDARD,5731,JAAA-Directorate of Social Care and Health Services
RBC Legal Entity,19/05/2022,4681670,318300,CARE4U WE LTD,LD Community Services,3218.25,Purchased Care,Third Party Supplier,STANDARD,5741,JAAA-Directorate of Social Care and Health Services
RBC Legal Entity,19/05/2022,4681671,318300,CARE4U WE LTD,PS Acquired Community Services,2788.45,Purchased Care,Third Party Supplier,STANDARD,5771,JAAA-Directorate of Social Care and Health Services
RBC Legal Entity,19/05/2022,4681672,318300,CARE4U WE LTD,PS Acquired Community Services,2179.8,Purchased Care,Third Party Supplier,STANDARD,5771,JAAA-Directorate of Social Care and Health Services
RBC Legal Entity,19/05/2022,4681766,318300,CARE4U WE LTD,LD Community Services,3458.45,Purchased Care,Third Party Supplier,STANDARD,5741,JAAA-Directorate of Social Care and Health Services
RBC Legal Entity,19/05/2022,4681773,318300,CARE4U WE LTD,Mental Health Community Services,8048.88,Purchased Care,Third Party Supplier,STANDARD,5731,JAAA-Directorate of Social Care and Health Services
RBC Legal Entity,19/05/2022,4681774,318300,CARE4U WE LTD,Mental Health Community Services,2721.7,Purchased Care,Third Party Supplier,STANDARD,5731,JAAA-Directorate of Social Care and Health Services
RBC Legal Entity,19/05/2022,4681775,318300,CARE4U WE LTD,Mental Health Community Services,1343.06,Purchased Care,Third Party Supplier,STANDARD,5731,JAAA-Directorate of Social Care and Health Services
RBC Legal Entity,19/05/2022,4681801,318300,CARE4U WE LTD,LD Community Services,3145.62,Purchased Care,Third Party Supplier,STANDARD,5741,JAAA-Directorate of Social Care and Health Services
RBC Legal Entity,19/05/2022,4681802,318300,CARE4U WE LTD,Social Support,4053.4,Purchased Care,Third Party Supplier,STANDARD,5790,JAAA-Directorate of Social Care and Health Services
RBC Legal Entity,19/05/2022,4681803,318300,CARE4U WE LTD,LD Community Services,10035.36,Purchased Care,Third Party Supplier,STANDARD,5741,JAAA-Directorate of Social Care and Health Services
RBC Legal Entity,19/05/2022,4681804,318300,CARE4U WE LTD,PS Acquired Community Services,3529.78,Purchased Care,Third Party Supplier,STANDARD,5771,JAAA-Directorate of Social Care and Health Services
RBC Legal Entity,19/05/2022,4681805,318300,CARE4U WE LTD,Mental Health Community Services,7420.24,Purchased Care,Third Party Supplier,STANDARD,5731,JAAA-Directorate of Social Care and Health Services
RBC Legal Entity,19/05/2022,4681806,318300,CARE4U WE LTD,LD Community Services,10253.75,Purchased Care,Third Party Supplier,STANDARD,5741,JAAA-Directorate of Social Care and Health Services
RBC Legal Entity,19/05/2022,4681807,318300,CARE4U WE LTD,LD Community Services,2305.2,Purchased Care,Third Party Supplier,STANDARD,5741,JAAA-Directorate of Social Care and Health Services
RBC Legal Entity,19/05/2022,4681808,318300,CARE4U WE LTD,Mental Health Community Services,2783,Purchased Care,Third Party Supplier,STANDARD,5731,JAAA-Directorate of Social Care and Health Services
RBC Legal Entity,19/05/2022,4681809,318300,CARE4U WE LTD,Mental Health Community Services,2520.1,Purchased Care,Third Party Supplier,STANDARD,5731,JAAA-Directorate of Social Care and Health Services
RBC Legal Entity,19/05/2022,4681810,318300,CARE4U WE LTD,LD Community Services,656.4,Purchased Care,Third Party Supplier,STANDARD,5741,JAAA-Directorate of Social Care and Health Services
RBC Legal Entity,19/05/2022,4681811,318300,CARE4U WE LTD,LD Community Services,3277.3,Purchased Care,Third Party Supplier,STANDARD,5741,JAAA-Directorate of Social Care and Health Services
RBC Legal Entity,19/05/2022,4681812,318300,CARE4U WE LTD,LD Community Services,3441.4,Purchased Care,Third Party Supplier,STANDARD,5741,JAAA-Directorate of Social Care and Health Services
RBC Legal Entity,19/05/2022,4681813,318300,CARE4U WE LTD,Mental Health Community Services,2462.8,Purchased Care,Third Party Supplier,STANDARD,5731,JAAA-Directorate of Social Care and Health Services
RBC Legal Entity,19/05/2022,4681814,318300,CARE4U WE LTD,LD Community Services,2883.45,Purchased Care,Third Party Supplier,STANDARD,5741,JAAA-Directorate of Social Care and Health Services
RBC Legal Entity,19/05/2022,4681815,318300,CARE4U WE LTD,LD Community Services,3547.25,Purchased Care,Third Party Supplier,STANDARD,5741,JAAA-Directorate of Social Care and Health Services
RBC Legal Entity,19/05/2022,4681816,318300,CARE4U WE LTD,LD Community Services,2781.1,Purchased Care,Third Party Supplier,STANDARD,5741,JAAA-Directorate of Social Care and Health Services
RBC Legal Entity,19/05/2022,4681817,318300,CARE4U WE LTD,Mental Health Community Services,2134.5,Purchased Care,Third Party Supplier,STANDARD,5731,JAAA-Directorate of Social Care and Health Services
RBC Legal Entity,19/05/2022,4681818,318300,CARE4U WE LTD,LD Community Services,3701.6,Purchased Care,Third Party Supplier,STANDARD,5741,JAAA-Directorate of Social Care and Health Services
RBC Legal Entity,19/05/2022,4681819,318300,CARE4U WE LTD,LD Community Services,3146,Purchased Care,Third Party Supplier,STANDARD,5741,JAAA-Directorate of Social Care and Health Services
RBC Legal Entity,19/05/2022,4681820,318300,CARE4U WE LTD,LD Community Services,2534.9,Purchased Care,Third Party Supplier,STANDARD,5741,JAAA-Directorate of Social Care and Health Services
RBC Legal Entity,19/05/2022,4681821,318300,CARE4U WE LTD,LD Community Services,2462.74,Purchased Care,Third Party Supplier,STANDARD,5741,JAAA-Directorate of Social Care and Health Services
RBC Legal Entity,19/05/2022,4681822,318300,CARE4U WE LTD,LD Community Services,3503.13,Purchased Care,Third Party Supplier,STANDARD,5741,JAAA-Directorate of Social Care and Health Services
RBC Legal Entity,19/05/2022,4681825,318300,CARE4U WE LTD,PS Acquired Community Services,3045.21,Purchased Care,Third Party Supplier,STANDARD,5771,JAAA-Directorate of Social Care and Health Services
RBC Legal Entity,19/05/2022,4681826,318300,CARE4U WE LTD,LD Community Services,2895.96,Purchased Care,Third Party Supplier,STANDARD,5741,JAAA-Directorate of Social Care and Health Services
RBC Legal Entity,19/05/2022,4681827,318300,CARE4U WE LTD,LD Community Services,2817.81,Purchased Care,Third Party Supplier,STANDARD,5741,JAAA-Directorate of Social Care and Health Services
RBC Legal Entity,19/05/2022,4681828,318300,CARE4U WE LTD,LD Community Services,3539.85,Purchased Care,Third Party Supplier,STANDARD,5741,JAAA-Directorate of Social Care and Health Services
RBC Legal Entity,19/05/2022,4680612,318302,MEDCARE HOME SERVICES LTD T/A PROACTIVE LIFE,Mental Health Community Services,4733.56,Purchased Care,SUPPLIER,STANDARD,5731,JAAA-Directorate of Social Care and Health Services
RBC Legal Entity,19/05/2022,4680613,318302,MEDCARE HOME SERVICES LTD T/A PROACTIVE LIFE,PS Acquired Community Services,2294.04,Purchased Care,SUPPLIER,STANDARD,5771,JAAA-Directorate of Social Care and Health Services
RBC Legal Entity,19/05/2022,4680653,318303,READING SCHOOL TRAVEL LTD,LD Community Services,2340,Booked Travel,SUPPLIER,STANDARD,5741,JAAA-Directorate of Social Care and Health Services
RBC Legal Entity,19/05/2022,4681545,318304,CLUDO UK LTD,IT Management,3700,Software Support,SUPPLIER,STANDARD,2300,EAAA-Chief Executive
RBC Legal Entity,19/05/2022,4675794,318305,ALLIED PUBLICITY SERVICES,PS Acquired Other Services,421.83,Printing + Duplicating,Third Party Supplier,STANDARD,5774,JAAA-Directorate of Social Care and Health Services
RBC Legal Entity,19/05/2022,4677460,318306,RAIN-SCAPE LTD,MRA Account,23770.83,Roofs + Structural,SUB-CONTRACTOR,STANDARD,5975,HAAA-Housing Revenue Account
RBC Legal Entity,19/05/2022,4677417,318308,DOUBLE-BARRELLED BREWERY LTD,Hexagon Catering,810,Purchases - Stock Provisions,SUPPLIER,STANDARD,1241,KAAA-Directorate of Economic Growth and Neighbourhood Services
RBC Legal Entity,19/05/2022,4676959,318310,CSN CARE GROUP LTD T/A CAREWATCH,PS Acquired Community Services,828.24,Purchased Care,Third Party Supplier,STANDARD,5771,JAAA-Directorate of Social Care and Health Services
RBC Legal Entity,19/05/2022,4676961,318310,CSN CARE GROUP LTD T/A CAREWATCH,PS Acquired Community Services,685.27,Purchased Care,Third Party Supplier,STANDARD,5771,JAAA-Directorate of Social Care and Health Services
RBC Legal Entity,19/05/2022,4676962,318310,CSN CARE GROUP LTD T/A CAREWATCH,PS Acquired Community Services,1104.32,Purchased Care,Third Party Supplier,STANDARD,5771,JAAA-Directorate of Social Care and Health Services
RBC Legal Entity,19/05/2022,4676963,318310,CSN CARE GROUP LTD T/A CAREWATCH,PS Acquired Community Services,2484.72,Purchased Care,Third Party Supplier,STANDARD,5771,JAAA-Directorate of Social Care and Health Services
RBC Legal Entity,19/05/2022,4676973,318310,CSN CARE GROUP LTD T/A CAREWATCH,PS Acquired Community Services,828.24,Purchased Care,Third Party Supplier,STANDARD,5771,JAAA-Directorate of Social Care and Health Services
RBC Legal Entity,19/05/2022,4676976,318310,CSN CARE GROUP LTD T/A CAREWATCH,LD Community Services,670.48,Purchased Care,Third Party Supplier,STANDARD,5741,JAAA-Directorate of Social Care and Health Services
RBC Legal Entity,19/05/2022,4676977,318310,CSN CARE GROUP LTD T/A CAREWATCH,PS Lifelong Community Services,989.11,Purchased Care,Third Party Supplier,STANDARD,5781,JAAA-Directorate of Social Care and Health Services
RBC Legal Entity,19/05/2022,4676979,318310,CSN CARE GROUP LTD T/A CAREWATCH,PS Acquired Community Services,1064.88,Purchased Care,Third Party Supplier,STANDARD,5771,JAAA-Directorate of Social Care and Health Services
RBC Legal Entity,19/05/2022,4676981,318310,CSN CARE GROUP LTD T/A CAREWATCH,PS Acquired Community Services,690.2,Purchased Care,Third Party Supplier,STANDARD,5771,JAAA-Directorate of Social Care and Health Services
RBC Legal Entity,19/05/2022,4676982,318310,CSN CARE GROUP LTD T/A CAREWATCH,PS Acquired Community Services,1380.4,Purchased Care,Third Party Supplier,STANDARD,5771,JAAA-Directorate of Social Care and Health Services
RBC Legal Entity,19/05/2022,4676983,318310,CSN CARE GROUP LTD T/A CAREWATCH,Mental Health Community Services,1844.6,Purchased Care,Third Party Supplier,STANDARD,5731,JAAA-Directorate of Social Care and Health Services
RBC Legal Entity,19/05/2022,4676985,318310,CSN CARE GROUP LTD T/A CAREWATCH,PS Acquired Community Services,522.58,Purchased Care,Third Party Supplier,STANDARD,5771,JAAA-Directorate of Social Care and Health Services
RBC Legal Entity,19/05/2022,4676986,318310,CSN CARE GROUP LTD T/A CAREWATCH,PS Acquired Community Services,1227.57,Purchased Care,Third Party Supplier,STANDARD,5771,JAAA-Directorate of Social Care and Health Services
RBC Legal Entity,19/05/2022,4676989,318310,CSN CARE GROUP LTD T/A CAREWATCH,PS Acquired Community Services,1262.08,Purchased Care,Third Party Supplier,STANDARD,5771,JAAA-Directorate of Social Care and Health Services
RBC Legal Entity,19/05/2022,4676990,318310,CSN CARE GROUP LTD T/A CAREWATCH,PS Acquired Community Services,3036.88,Purchased Care,Third Party Supplier,STANDARD,5771,JAAA-Directorate of Social Care and Health Services
RBC Legal Entity,19/05/2022,4676991,318310,CSN CARE GROUP LTD T/A CAREWATCH,PS Acquired Community Services,1380.4,Purchased Care,Third Party Supplier,STANDARD,5771,JAAA-Directorate of Social Care and Health Services
RBC Legal Entity,19/05/2022,4677377,318311,IBIS STYLES READING CENTRE,Single Homelessness Grants,46.67,Preventive+SupportiveServ,Third Party Supplier,STANDARD,5860,KAAA-Directorate of Economic Growth and Neighbourhood Services
RBC Legal Entity,19/05/2022,4677377,318311,IBIS STYLES READING CENTRE,Single Homelessness Grants,134.6,Preventive+SupportiveServ,Third Party Supplier,STANDARD,5860,KAAA-Directorate of Economic Growth and Neighbourhood Services
RBC Legal Entity,19/05/2022,4677377,318311,IBIS STYLES READING CENTRE,Single Homelessness Grants,538.48,Preventive+SupportiveServ,Third Party Supplier,STANDARD,5860,KAAA-Directorate of Economic Growth and Neighbourhood Services
RBC Legal Entity,19/05/2022,4679256,318312,JACOBS UK LIMITED,Small Transport Schemes,1500,Contractors,SUPPLIER,STANDARD,8879,ZZZC-Capital
RBC Legal Entity,19/05/2022,4681764,318313,LOVING ANGELS CARE,LD Community Services,5010.48,Purchased Care,Third Party Supplier,STANDARD,5741,JAAA-Directorate of Social Care and Health Services
RBC Legal Entity,19/05/2022,4676533,318314,INTEGRA BUILDINGS LTD,Repairs,48799.19,Feasibility Studies,CONTRACTOR,STANDARD,5970,HAAA-Housing Revenue Account
RBC Legal Entity,19/05/2022,4674524,318315,CROWN HOSTING DATA CENTRES LIMITED,IT Management,466.44,Service Charges,Third Party Supplier,STANDARD,2300,EAAA-Chief Executive
RBC Legal Entity,19/05/2022,4681588,318316,WHITE KNIGHT SERVICES LTD,Grounds Maintenance,725,Forestry,Third Party Supplier,STANDARD,1306,KAAA-Directorate of Economic Growth and Neighbourhood Services
RBC Legal Entity,19/05/2022,4674403,318320,AURA PR (SCOTLAND) LTD,Communications,3000,Consultancy Fees,Third Party Supplier,STANDARD,2075,EAAA-Chief Executive
RBC Legal Entity,19/05/2022,4676286,318321,MEON LTD,Highways,5.34,Materials Direct,SUB-CONTRACTOR,STANDARD,4252,KAAA-Directorate of Economic Growth and Neighbourhood Services
RBC Legal Entity,19/05/2022,4676286,318321,MEON LTD,Highways,9.09,Materials Direct,SUB-CONTRACTOR,STANDARD,4252,KAAA-Directorate of Economic Growth and Neighbourhood Services
RBC Legal Entity,19/05/2022,4676286,318321,MEON LTD,Highways,45.57,Materials Direct,SUB-CONTRACTOR,STANDARD,4252,KAAA-Directorate of Economic Growth and Neighbourhood Services
RBC Legal Entity,19/05/2022,4676286,318321,MEON LTD,Highways,92.4,Materials Direct,SUB-CONTRACTOR,STANDARD,4252,KAAA-Directorate of Economic Growth and Neighbourhood Services
RBC Legal Entity,19/05/2022,4676286,318321,MEON LTD,Highways,157.14,Materials Direct,SUB-CONTRACTOR,STANDARD,4252,KAAA-Directorate of Economic Growth and Neighbourhood Services
RBC Legal Entity,19/05/2022,4676286,318321,MEON LTD,Highways,788.22,Materials Direct,SUB-CONTRACTOR,STANDARD,4252,KAAA-Directorate of Economic Growth and Neighbourhood Services
RBC Legal Entity,19/05/2022,4681600,318324,MAKE/SENSE THEATRE CIC,South Street Operations,-1764.5,Ticket SalesPerformances,Third Party Supplier,CREDIT,1220,KAAA-Directorate of Economic Growth and Neighbourhood Services
RBC Legal Entity,19/05/2022,4681600,318324,MAKE/SENSE THEATRE CIC,South Street Operations,-400,Hire of Function Rooms,Third Party Supplier,CREDIT,1220,KAAA-Directorate of Economic Growth and Neighbourhood Services
RBC Legal Entity,19/05/2022,4681600,318324,MAKE/SENSE THEATRE CIC,Hexagon Operations,-333.5,Administration Charges,Third Party Supplier,CREDIT,1200,KAAA-Directorate of Economic Growth and Neighbourhood Services
RBC Legal Entity,19/05/2022,4681600,318324,MAKE/SENSE THEATRE CIC,South Street Operations,-52.94,Credit Card Commission,Third Party Supplier,CREDIT,1220,KAAA-Directorate of Economic Growth and Neighbourhood Services
RBC Legal Entity,19/05/2022,4681600,318324,MAKE/SENSE THEATRE CIC,South Street Operations,-11.1,Royalties,Third Party Supplier,CREDIT,1220,KAAA-Directorate of Economic Growth and Neighbourhood Services
RBC Legal Entity,19/05/2022,4681600,318324,MAKE/SENSE THEATRE CIC,South Street Operations,556.84,Professional Fees,Third Party Supplier,STANDARD,1220,KAAA-Directorate of Economic Growth and Neighbourhood Services
RBC Legal Entity,19/05/2022,4681600,318324,MAKE/SENSE THEATRE CIC,South Street Operations,1207.66,Professional Fees,Third Party Supplier,STANDARD,1220,KAAA-Directorate of Economic Growth and Neighbourhood Services
RBC Legal Entity,19/05/2022,4681600,318324,MAKE/SENSE THEATRE CIC,Hexagon Performances,2098,Ticket SalesPerformances,Third Party Supplier,STANDARD,1202,KAAA-Directorate of Economic Growth and Neighbourhood Services
RBC Legal Entity,20/05/2022,4677468,318327,AVANTI CYCLING,Strategic Transport & Concessionary Fares,3465,TPP to Others,Third Party Supplier,STANDARD,4726,KAAA-Directorate of Economic Growth and Neighbourhood Services
RBC Legal Entity,20/05/2022,4682041,318328,BOUND AND GAGGED LIMITED,Hexagon Operations,-12424.31,Ticket SalesPerformances,SUPPLIER,CREDIT,1200,KAAA-Directorate of Economic Growth and Neighbourhood Services
RBC Legal Entity,20/05/2022,4682041,318328,BOUND AND GAGGED LIMITED,Hexagon Operations,-1121.26,Administration Charges,SUPPLIER,CREDIT,1200,KAAA-Directorate of Economic Growth and Neighbourhood Services
RBC Legal Entity,20/05/2022,4682041,318328,BOUND AND GAGGED LIMITED,Hexagon Operations,-479.68,Fees + Commissions,SUPPLIER,CREDIT,1200,KAAA-Directorate of Economic Growth and Neighbourhood Services
RBC Legal Entity,20/05/2022,4682041,318328,BOUND AND GAGGED LIMITED,Hexagon Operations,-441.75,Credit Card Commission,SUPPLIER,CREDIT,1200,KAAA-Directorate of Economic Growth and Neighbourhood Services
RBC Legal Entity,20/05/2022,4682041,318328,BOUND AND GAGGED LIMITED,Hexagon Operations,-390.13,Equipment Hire,SUPPLIER,CREDIT,1200,KAAA-Directorate of Economic Growth and Neighbourhood Services
RBC Legal Entity,20/05/2022,4682041,318328,BOUND AND GAGGED LIMITED,Hexagon Operations,-311.52,Royalties,SUPPLIER,CREDIT,1200,KAAA-Directorate of Economic Growth and Neighbourhood Services
RBC Legal Entity,20/05/2022,4682041,318328,BOUND AND GAGGED LIMITED,Hexagon Operations,-24,Sales  Surplus Equipment,SUPPLIER,CREDIT,1200,KAAA-Directorate of Economic Growth and Neighbourhood Services
RBC Legal Entity,20/05/2022,4682041,318328,BOUND AND GAGGED LIMITED,Hexagon Operations,893.81,Professional Fees,SUPPLIER,STANDARD,1200,KAAA-Directorate of Economic Growth and Neighbourhood Services
RBC Legal Entity,20/05/2022,4682041,318328,BOUND AND GAGGED LIMITED,Hexagon Operations,9045.64,Professional Fees,SUPPLIER,STANDARD,1200,KAAA-Directorate of Economic Growth and Neighbourhood Services
RBC Legal Entity,20/05/2022,4682041,318328,BOUND AND GAGGED LIMITED,Hexagon Performances,14298.84,Ticket SalesPerformances,SUPPLIER,STANDARD,1202,KAAA-Directorate of Economic Growth and Neighbourhood Services
RBC Legal Entity,20/05/2022,4682024,318330,SNOWLINE MEDIA,Hexagon Operations,-3050,Hire of Function Rooms,Third Party Supplier,CREDIT,1200,KAAA-Directorate of Economic Growth and Neighbourhood Services
RBC Legal Entity,20/05/2022,4682024,318330,SNOWLINE MEDIA,Hexagon Operations,-261.69,Credit Card Commission,Third Party Supplier,CREDIT,1200,KAAA-Directorate of Economic Growth and Neighbourhood Services
RBC Legal Entity,20/05/2022,4682024,318330,SNOWLINE MEDIA,Hexagon Operations,-52.38,Royalties,Third Party Supplier,CREDIT,1200,KAAA-Directorate of Economic Growth and Neighbourhood Services
RBC Legal Entity,20/05/2022,4682024,318330,SNOWLINE MEDIA,Hexagon Operations,4036.88,Professional Fees,Third Party Supplier,STANDARD,1200,KAAA-Directorate of Economic Growth and Neighbourhood Services
RBC Legal Entity,20/05/2022,4682024,318330,SNOWLINE MEDIA,Hexagon Operations,4686.12,Professional Fees,Third Party Supplier,STANDARD,1200,KAAA-Directorate of Economic Growth and Neighbourhood Services
RBC Legal Entity,20/05/2022,4682029,318330,SNOWLINE MEDIA,Hexagon Operations,-3150,Hire of Function Rooms,Third Party Supplier,CREDIT,1200,KAAA-Directorate of Economic Growth and Neighbourhood Services
RBC Legal Entity,20/05/2022,4682029,318330,SNOWLINE MEDIA,Hexagon Operations,-162.53,Credit Card Commission,Third Party Supplier,CREDIT,1200,KAAA-Directorate of Economic Growth and Neighbourhood Services
RBC Legal Entity,20/05/2022,4682029,318330,SNOWLINE MEDIA,Hexagon Operations,-126,Security Charges,Third Party Supplier,CREDIT,1200,KAAA-Directorate of Economic Growth and Neighbourhood Services
RBC Legal Entity,20/05/2022,4682029,318330,SNOWLINE MEDIA,Hexagon Operations,-52.38,Royalties,Third Party Supplier,CREDIT,1200,KAAA-Directorate of Economic Growth and Neighbourhood Services
RBC Legal Entity,20/05/2022,4682029,318330,SNOWLINE MEDIA,Hexagon Operations,1228.41,Professional Fees,Third Party Supplier,STANDARD,1200,KAAA-Directorate of Economic Growth and Neighbourhood Services
RBC Legal Entity,20/05/2022,4682029,318330,SNOWLINE MEDIA,Hexagon Operations,4189.09,Professional Fees,Third Party Supplier,STANDARD,1200,KAAA-Directorate of Economic Growth and Neighbourhood Services
RBC Legal Entity,20/05/2022,4676234,318331,SCILABUB LTD,Crematorium,8,Equipment Purchase & Repair,Third Party Supplier,STANDARD,4606,LAAA-Directorate of Resources
RBC Legal Entity,20/05/2022,4676234,318331,SCILABUB LTD,Crematorium,83.43,Equipment Purchase & Repair,Third Party Supplier,STANDARD,4606,LAAA-Directorate of Resources
RBC Legal Entity,20/05/2022,4676234,318331,SCILABUB LTD,Crematorium,166.86,Equipment Purchase & Repair,Third Party Supplier,STANDARD,4606,LAAA-Directorate of Resources
RBC Legal Entity,20/05/2022,4676234,318331,SCILABUB LTD,Crematorium,250.29,Equipment Purchase & Repair,Third Party Supplier,STANDARD,4606,LAAA-Directorate of Resources
RBC Legal Entity,20/05/2022,4681787,318332,KCARE NURSING AGENCY LTD,Assets _ General,-378.62,Payments in Advance,Third Party Supplier,CREDIT,9885,ZZZB-Balance Sheet
RBC Legal Entity,20/05/2022,4681787,318332,KCARE NURSING AGENCY LTD,PS Acquired Community Services,1893.12,Purchased Care,Third Party Supplier,STANDARD,5771,JAAA-Directorate of Social Care and Health Services
RBC Legal Entity,20/05/2022,4681789,318332,KCARE NURSING AGENCY LTD,Assets _ General,-139.62,Payments in Advance,Third Party Supplier,CREDIT,9885,ZZZB-Balance Sheet
RBC Legal Entity,20/05/2022,4681789,318332,KCARE NURSING AGENCY LTD,PS Acquired Community Services,698.09,Purchased Care,Third Party Supplier,STANDARD,5771,JAAA-Directorate of Social Care and Health Services
RBC Legal Entity,20/05/2022,4681790,318332,KCARE NURSING AGENCY LTD,Assets _ General,-410.18,Payments in Advance,Third Party Supplier,CREDIT,9885,ZZZB-Balance Sheet
RBC Legal Entity,20/05/2022,4681790,318332,KCARE NURSING AGENCY LTD,PS Acquired Community Services,2050.88,Purchased Care,Third Party Supplier,STANDARD,5771,JAAA-Directorate of Social Care and Health Services
RBC Legal Entity,20/05/2022,4681791,318332,KCARE NURSING AGENCY LTD,Assets _ General,-248.67,Payments in Advance,Third Party Supplier,CREDIT,9885,ZZZB-Balance Sheet
RBC Legal Entity,20/05/2022,4681791,318332,KCARE NURSING AGENCY LTD,PS Acquired Community Services,1243.35,Purchased Care,Third Party Supplier,STANDARD,5771,JAAA-Directorate of Social Care and Health Services
RBC Legal Entity,20/05/2022,4681794,318332,KCARE NURSING AGENCY LTD,Assets _ General,-238.22,Payments in Advance,Third Party Supplier,CREDIT,9885,ZZZB-Balance Sheet
RBC Legal Entity,20/05/2022,4681794,318332,KCARE NURSING AGENCY LTD,PS Acquired Community Services,1191.09,Purchased Care,Third Party Supplier,STANDARD,5771,JAAA-Directorate of Social Care and Health Services
RBC Legal Entity,20/05/2022,4681795,318332,KCARE NURSING AGENCY LTD,Assets _ General,-226.82,Payments in Advance,Third Party Supplier,CREDIT,9885,ZZZB-Balance Sheet
RBC Legal Entity,20/05/2022,4681795,318332,KCARE NURSING AGENCY LTD,Mental Health Community Services,1134.1,Purchased Care,Third Party Supplier,STANDARD,5731,JAAA-Directorate of Social Care and Health Services
RBC Legal Entity,20/05/2022,4681796,318332,KCARE NURSING AGENCY LTD,Assets _ General,-237.82,Payments in Advance,Third Party Supplier,CREDIT,9885,ZZZB-Balance Sheet
RBC Legal Entity,20/05/2022,4681796,318332,KCARE NURSING AGENCY LTD,PS Acquired Community Services,1189.12,Purchased Care,Third Party Supplier,STANDARD,5771,JAAA-Directorate of Social Care and Health Services
RBC Legal Entity,20/05/2022,4681797,318332,KCARE NURSING AGENCY LTD,Assets _ General,-220.86,Payments in Advance,Third Party Supplier,CREDIT,9885,ZZZB-Balance Sheet
RBC Legal Entity,20/05/2022,4681797,318332,KCARE NURSING AGENCY LTD,PS Acquired Community Services,1104.32,Purchased Care,Third Party Supplier,STANDARD,5771,JAAA-Directorate of Social Care and Health Services
RBC Legal Entity,20/05/2022,4681799,318332,KCARE NURSING AGENCY LTD,Assets _ General,-162.24,Payments in Advance,Third Party Supplier,CREDIT,9885,ZZZB-Balance Sheet
RBC Legal Entity,20/05/2022,4681799,318332,KCARE NURSING AGENCY LTD,Assets _ General,-31.02,Payments in Advance,Third Party Supplier,CREDIT,9885,ZZZB-Balance Sheet
RBC Legal Entity,20/05/2022,4681799,318332,KCARE NURSING AGENCY LTD,PS Acquired Community Services,966.28,Purchased Care,Third Party Supplier,STANDARD,5771,JAAA-Directorate of Social Care and Health Services
RBC Legal Entity,20/05/2022,4681800,318332,KCARE NURSING AGENCY LTD,Assets _ General,-201.14,Payments in Advance,Third Party Supplier,CREDIT,9885,ZZZB-Balance Sheet
RBC Legal Entity,20/05/2022,4681800,318332,KCARE NURSING AGENCY LTD,PS Acquired Community Services,1005.72,Purchased Care,Third Party Supplier,STANDARD,5771,JAAA-Directorate of Social Care and Health Services
RBC Legal Entity,20/05/2022,4681568,318333,WHITE PSYCHIATRY LTD,JLT Disbursements,563.43,Misc. Legal Expenses,SUPPLIER,STANDARD,2407,LAAA-Directorate of Resources
RBC Legal Entity,20/05/2022,4675892,318334,DEELAND LTD T/A SERVICEMASTER,Void Property Management,710.71,Office Cleaning,Third Party Supplier,STANDARD,5921,HAAA-Housing Revenue Account
RBC Legal Entity,20/05/2022,4680622,318335,SUPERB HEALTHCARE LTD,PS Acquired Community Services,1183.2,Purchased Care,Third Party Supplier,STANDARD,5771,JAAA-Directorate of Social Care and Health Services
RBC Legal Entity,20/05/2022,4680626,318335,SUPERB HEALTHCARE LTD,PS Acquired Community Services,739.5,Purchased Care,Third Party Supplier,STANDARD,5771,JAAA-Directorate of Social Care and Health Services
RBC Legal Entity,20/05/2022,4677218,318339,MORRIS & BLUNT,Repairs,1897.85,Major Repairs,SUB-CONTRACTOR,STANDARD,5970,HAAA-Housing Revenue Account
RBC Legal Entity,20/05/2022,4676211,318341,IRVINE GRENSON LTD,Civil Engineering,1764.5,DfT Bridges,SUB-CONTRACTOR,STANDARD,4550,KAAA-Directorate of Economic Growth and Neighbourhood Services
RBC Legal Entity,20/05/2022,4680824,318342,CARE4U WE LTD,LD Community Services,10283.76,Purchased Care,Third Party Supplier,STANDARD,5741,JAAA-Directorate of Social Care and Health Services
RBC Legal Entity,20/05/2022,4681940,318345,EW BEARD LIMITED,HRA portfolio expansion,83743,External Fees  Misc.,SUB-CONTRACTOR,STANDARD,8518,ZZZC-Capital
RBC Legal Entity,20/05/2022,4677222,318347,BTU (INSTALLATION & MAINTENANCE) LTD,Archives General,946.54,Plant Maintenance,SUB-CONTRACTOR,STANDARD,1256,KAAA-Directorate of Economic Growth and Neighbourhood Services
RBC Legal Entity,20/05/2022,4682035,318348,BRAVO BENEFITS LTD,Payroll + Payments A/c,19.49,Holding Code,Third Party Supplier,STANDARD,9823,ZZZB-Balance Sheet
RBC Legal Entity,20/05/2022,4682035,318348,BRAVO BENEFITS LTD,Payroll + Payments A/c,7796.07,Holding Code,Third Party Supplier,STANDARD,9823,ZZZB-Balance Sheet
RBC Legal Entity,20/05/2022,4682038,318348,BRAVO BENEFITS LTD,Payroll + Payments A/c,-586.58,Holding Code,Third Party Supplier,CREDIT,9823,ZZZB-Balance Sheet
RBC Legal Entity,20/05/2022,4676294,318349,ANGLIA SIGN CASTING LIMITED,Crematorium,13.5,Memorials & Commemorative Plaq,SUPPLIER,STANDARD,4606,LAAA-Directorate of Resources
RBC Legal Entity,20/05/2022,4676294,318349,ANGLIA SIGN CASTING LIMITED,Crematorium,419.93,Memorials & Commemorative Plaq,SUPPLIER,STANDARD,4606,LAAA-Directorate of Resources
RBC Legal Entity,20/05/2022,4675796,318350,BRIDGET DOLAN QC,Coroner,1437.5,External Legal Services,INDIVIDUAL,STANDARD,4605,KAAA-Directorate of Economic Growth and Neighbourhood Services
RBC Legal Entity,20/05/2022,4679324,318351,CORE ASSETS GROUP,JLT Disbursements,1655.27,Misc. Legal Expenses,Third Party Supplier,STANDARD,2407,LAAA-Directorate of Resources
RBC Legal Entity,20/05/2022,4676216,318353,AVC WISE LTD,HR & Payroll,1296.1,Miscellaneous Expenses,SUPPLIER,STANDARD,2600,LAAA-Directorate of Resources
RBC Legal Entity,20/05/2022,4678205,318356,BOWAK LTD,Building Cleaning,678.33,Materials from Store,Third Party Supplier,STANDARD,4351,KAAA-Directorate of Economic Growth and Neighbourhood Services
RBC Legal Entity,20/05/2022,4678304,318356,BOWAK LTD,Hexagon Operations,429.06,Stock Purchase,Third Party Supplier,STANDARD,1200,KAAA-Directorate of Economic Growth and Neighbourhood Services
RBC Legal Entity,20/05/2022,4682011,318359,PHIL ALDRIDGE PRODUCTIONS,Hexagon Operations,-70,Hire of Function Rooms,Third Party Supplier,CREDIT,1200,KAAA-Directorate of Economic Growth and Neighbourhood Services
RBC Legal Entity,20/05/2022,4682011,318359,PHIL ALDRIDGE PRODUCTIONS,Hexagon Operations,70,Professional Fees,Third Party Supplier,STANDARD,1200,KAAA-Directorate of Economic Growth and Neighbourhood Services
RBC Legal Entity,20/05/2022,4682011,318359,PHIL ALDRIDGE PRODUCTIONS,Hexagon Operations,10852.6,Professional Fees,Third Party Supplier,STANDARD,1200,KAAA-Directorate of Economic Growth and Neighbourhood Services
RBC Legal Entity,20/05/2022,4675904,318360,PROFESSOR DEREK PERKINS,JLT Disbursements,737.12,Misc. Legal Expenses,INDIVIDUAL,STANDARD,2407,LAAA-Directorate of Resources
RBC Legal Entity,20/05/2022,4673467,318362,FACULTATIEVE TECHNOLOGIES LTD,Crematorium,1308.34,Plant Maintenance,Third Party Supplier,STANDARD,4606,LAAA-Directorate of Resources
RBC Legal Entity,20/05/2022,4681943,318362,FACULTATIEVE TECHNOLOGIES LTD,Crematorium,3.72,Plant Maintenance,Third Party Supplier,STANDARD,4606,LAAA-Directorate of Resources
RBC Legal Entity,20/05/2022,4681943,318362,FACULTATIEVE TECHNOLOGIES LTD,Crematorium,15,Plant Maintenance,Third Party Supplier,STANDARD,4606,LAAA-Directorate of Resources
RBC Legal Entity,20/05/2022,4681943,318362,FACULTATIEVE TECHNOLOGIES LTD,Crematorium,199.9,Plant Maintenance,Third Party Supplier,STANDARD,4606,LAAA-Directorate of Resources
RBC Legal Entity,20/05/2022,4681943,318362,FACULTATIEVE TECHNOLOGIES LTD,Crematorium,202.5,Plant Maintenance,Third Party Supplier,STANDARD,4606,LAAA-Directorate of Resources
RBC Legal Entity,20/05/2022,4681944,318362,FACULTATIEVE TECHNOLOGIES LTD,Crematorium,0.61,Plant Maintenance,Third Party Supplier,STANDARD,4606,LAAA-Directorate of Resources
RBC Legal Entity,20/05/2022,4681944,318362,FACULTATIEVE TECHNOLOGIES LTD,Crematorium,3.72,Plant Maintenance,Third Party Supplier,STANDARD,4606,LAAA-Directorate of Resources
RBC Legal Entity,20/05/2022,4681944,318362,FACULTATIEVE TECHNOLOGIES LTD,Crematorium,15,Plant Maintenance,Third Party Supplier,STANDARD,4606,LAAA-Directorate of Resources
RBC Legal Entity,20/05/2022,4681944,318362,FACULTATIEVE TECHNOLOGIES LTD,Crematorium,45.01,Plant Maintenance,Third Party Supplier,STANDARD,4606,LAAA-Directorate of Resources
RBC Legal Entity,20/05/2022,4681944,318362,FACULTATIEVE TECHNOLOGIES LTD,Crematorium,53.49,Plant Maintenance,Third Party Supplier,STANDARD,4606,LAAA-Directorate of Resources
RBC Legal Entity,20/05/2022,4681944,318362,FACULTATIEVE TECHNOLOGIES LTD,Crematorium,54.66,Plant Maintenance,Third Party Supplier,STANDARD,4606,LAAA-Directorate of Resources
RBC Legal Entity,20/05/2022,4681944,318362,FACULTATIEVE TECHNOLOGIES LTD,Crematorium,99.95,Plant Maintenance,Third Party Supplier,STANDARD,4606,LAAA-Directorate of Resources
RBC Legal Entity,20/05/2022,4681944,318362,FACULTATIEVE TECHNOLOGIES LTD,Crematorium,359.23,Plant Maintenance,Third Party Supplier,STANDARD,4606,LAAA-Directorate of Resources
RBC Legal Entity,20/05/2022,4675911,318366,THE MODERN FAMILY LAW COMPANY,JLT Disbursements,800,Misc. Legal Expenses,Third Party Supplier,STANDARD,2407,LAAA-Directorate of Resources
RBC Legal Entity,20/05/2022,4681994,318367,JOHN AND JEAN MEIGHEN,Housing Advice,961.74,Responsive Repairs,Landlord,STANDARD,5820,KAAA-Directorate of Economic Growth and Neighbourhood Services
RBC Legal Entity,20/05/2022,4676191,318368,INNOVATIVE LEISURE LTD,Parks + Open Spaces,10500,Equipment,Third Party Supplier,STANDARD,8003,ZZZC-Capital
RBC Legal Entity,20/05/2022,4677427,318369,MASS MEDIA OUTDOOR LTD,Cultural Services Marketing,500,Publicity & Media Work,Third Party Supplier,STANDARD,1235,KAAA-Directorate of Economic Growth and Neighbourhood Services
RBC Legal Entity,20/05/2022,4675908,318370,STEEL SOCIAL WORK LTD,JLT Disbursements,3763,Misc. Legal Expenses,Third Party Supplier,STANDARD,2407,LAAA-Directorate of Resources
RBC Legal Entity,20/05/2022,4676363,318374,KEYLINE CIVILS SPECIALIST LTD,Highways,573.57,Materials Direct,Third Party Supplier,STANDARD,4252,KAAA-Directorate of Economic Growth and Neighbourhood Services
RBC Legal Entity,20/05/2022,4681036,318378,CATERLINK LTD,Kennet Day Nursery,2966.05,Catering/Meeting Expenses,Third Party Supplier,STANDARD,3555,LAAA-Directorate of Resources
RBC Legal Entity,20/05/2022,4679838,318379,COMPASS SAFEGUARDING,Safeguarding Adults,2250,Professional Fees,INDIVIDUAL,STANDARD,5158,JAAA-Directorate of Social Care and Health Services
RBC Legal Entity,20/05/2022,4682021,318381,BBC STUDIOS PRODUCTIONS LTD,Hexagon Operations,-1950,Hire of Function Rooms,Third Party Supplier,CREDIT,1200,KAAA-Directorate of Economic Growth and Neighbourhood Services
RBC Legal Entity,20/05/2022,4682021,318381,BBC STUDIOS PRODUCTIONS LTD,Hexagon Operations,-448,Security Charges,Third Party Supplier,CREDIT,1200,KAAA-Directorate of Economic Growth and Neighbourhood Services
RBC Legal Entity,20/05/2022,4682021,318381,BBC STUDIOS PRODUCTIONS LTD,Hexagon Operations,-174.45,Credit Card Commission,Third Party Supplier,CREDIT,1200,KAAA-Directorate of Economic Growth and Neighbourhood Services
RBC Legal Entity,20/05/2022,4682021,318381,BBC STUDIOS PRODUCTIONS LTD,Hexagon Operations,-110.46,Royalties,Third Party Supplier,CREDIT,1200,KAAA-Directorate of Economic Growth and Neighbourhood Services
RBC Legal Entity,20/05/2022,4682021,318381,BBC STUDIOS PRODUCTIONS LTD,Hexagon Operations,-75,Equipment Hire,Third Party Supplier,CREDIT,1200,KAAA-Directorate of Economic Growth and Neighbourhood Services
RBC Legal Entity,20/05/2022,4682021,318381,BBC STUDIOS PRODUCTIONS LTD,Hexagon Operations,2505.51,Professional Fees,Third Party Supplier,STANDARD,1200,KAAA-Directorate of Economic Growth and Neighbourhood Services
RBC Legal Entity,20/05/2022,4682021,318381,BBC STUDIOS PRODUCTIONS LTD,Hexagon Operations,3309.49,Professional Fees,Third Party Supplier,STANDARD,1200,KAAA-Directorate of Economic Growth and Neighbourhood Services
RBC Legal Entity,20/05/2022,4675896,318390,GRUNDON WASTE MANAGEMENT LIMITED,Refuse Collection,605.39,TPP to Others,SUPPLIER,STANDARD,4561,KAAA-Directorate of Economic Growth and Neighbourhood Services
RBC Legal Entity,20/05/2022,4682014,318396,RAYMOND GUBBAY LTD,Hexagon Operations,-586.25,Fees + Commissions,Third Party Supplier,CREDIT,1200,KAAA-Directorate of Economic Growth and Neighbourhood Services
RBC Legal Entity,20/05/2022,4682014,318396,RAYMOND GUBBAY LTD,Cultural Services Marketing,-288,Publicity & Media Work,Third Party Supplier,CREDIT,1235,KAAA-Directorate of Economic Growth and Neighbourhood Services
RBC Legal Entity,20/05/2022,4682014,318396,RAYMOND GUBBAY LTD,Hexagon Operations,-160.8,Fees + Commissions,Third Party Supplier,CREDIT,1200,KAAA-Directorate of Economic Growth and Neighbourhood Services
RBC Legal Entity,20/05/2022,4682014,318396,RAYMOND GUBBAY LTD,Hexagon Operations,-31.5,Sales  Surplus Equipment,Third Party Supplier,CREDIT,1200,KAAA-Directorate of Economic Growth and Neighbourhood Services
RBC Legal Entity,20/05/2022,4682014,318396,RAYMOND GUBBAY LTD,Hexagon Operations,262.55,Professional Fees,Third Party Supplier,STANDARD,1200,KAAA-Directorate of Economic Growth and Neighbourhood Services
RBC Legal Entity,20/05/2022,4682014,318396,RAYMOND GUBBAY LTD,Hexagon Operations,804,Professional Fees,Third Party Supplier,STANDARD,1200,KAAA-Directorate of Economic Growth and Neighbourhood Services
RBC Legal Entity,20/05/2022,4682014,318396,RAYMOND GUBBAY LTD,Hexagon Operations,21024.42,Professional Fees,Third Party Supplier,STANDARD,1200,KAAA-Directorate of Economic Growth and Neighbourhood Services
RBC Legal Entity,20/05/2022,4682019,318396,RAYMOND GUBBAY LTD,Cultural Services Marketing,-1007.5,Publicity & Media Work,Third Party Supplier,CREDIT,1235,KAAA-Directorate of Economic Growth and Neighbourhood Services
RBC Legal Entity,20/05/2022,4682019,318396,RAYMOND GUBBAY LTD,Hexagon Operations,-956.3,General & Admin & Clerical,Third Party Supplier,CREDIT,1200,KAAA-Directorate of Economic Growth and Neighbourhood Services
RBC Legal Entity,20/05/2022,4682019,318396,RAYMOND GUBBAY LTD,Hexagon Operations,-612,Casual & Supply Staff,Third Party Supplier,CREDIT,1200,KAAA-Directorate of Economic Growth and Neighbourhood Services
RBC Legal Entity,20/05/2022,4682019,318396,RAYMOND GUBBAY LTD,Hexagon Operations,-348,Fees + Commissions,Third Party Supplier,CREDIT,1200,KAAA-Directorate of Economic Growth and Neighbourhood Services
RBC Legal Entity,20/05/2022,4682019,318396,RAYMOND GUBBAY LTD,Hexagon Operations,-12.2,Sales  Surplus Equipment,Third Party Supplier,CREDIT,1200,KAAA-Directorate of Economic Growth and Neighbourhood Services
RBC Legal Entity,20/05/2022,4682019,318396,RAYMOND GUBBAY LTD,Hexagon Operations,1392,Professional Fees,Third Party Supplier,STANDARD,1200,KAAA-Directorate of Economic Growth and Neighbourhood Services
RBC Legal Entity,20/05/2022,4682019,318396,RAYMOND GUBBAY LTD,Hexagon Operations,1544,Professional Fees,Third Party Supplier,STANDARD,1200,KAAA-Directorate of Economic Growth and Neighbourhood Services
RBC Legal Entity,20/05/2022,4682019,318396,RAYMOND GUBBAY LTD,Hexagon Operations,35125.45,Professional Fees,Third Party Supplier,STANDARD,1200,KAAA-Directorate of Economic Growth and Neighbourhood Services
RBC Legal Entity,20/05/2022,4675856,318397,FABRIKAT(NOTTINGHAM)LTD,Highways,75,Materials Direct,SUPPLIER,STANDARD,4252,KAAA-Directorate of Economic Growth and Neighbourhood Services
RBC Legal Entity,20/05/2022,4675856,318397,FABRIKAT(NOTTINGHAM)LTD,Highways,377.4,Materials Direct,SUPPLIER,STANDARD,4252,KAAA-Directorate of Economic Growth and Neighbourhood Services
RBC Legal Entity,20/05/2022,4679978,318400,ALFRED SUTTON PRIMARY SCHOOL,Local Elections,1000,Hire of halls,SUPPLIER,STANDARD,2425,LAAA-Directorate of Resources
RBC Legal Entity,20/05/2022,4679197,318403,SIMONE SURVEYS LTD,Traffic,540,Leasing Costs,SUB-CONTRACTOR,STANDARD,4703,KAAA-Directorate of Economic Growth and Neighbourhood Services
RBC Legal Entity,20/05/2022,4678263,318404,EVERYCARE READING,Charles Clore Court,1673.68,Agency Staff,SUPPLIER,STANDARD,5157,JAAA-Directorate of Social Care and Health Services
RBC Legal Entity,20/05/2022,4678224,318405,AECOM LTD,Energy Management,38000,Staff/Consultancy,Third Party Supplier,STANDARD,8607,ZZZC-Capital
RBC Legal Entity,20/05/2022,4678261,318406,WILLIAM MCVICKER,Town Hall - Concert Hall Events,874,Professional Fees,SUPPLIER,STANDARD,1213,KAAA-Directorate of Economic Growth and Neighbourhood Services
RBC Legal Entity,20/05/2022,4681085,318409,FLEXIVEND LIMITED,Crematorium,786.24,Equipment Purchase & Repair,SUPPLIER,STANDARD,4606,LAAA-Directorate of Resources
RBC Legal Entity,20/05/2022,4681937,318411,TOTAL COMMUNICATION SERVICES LTD,New Directions,420,Educ.Supplies Curriculum,Third Party Supplier,STANDARD,3340,KAAA-Directorate of Economic Growth and Neighbourhood Services
RBC Legal Entity,20/05/2022,4680153,318414,CROWN LODGE GUEST HOUSE,Single Homelessness Grants,623,Preventive+SupportiveServ,Third Party Supplier,STANDARD,5860,KAAA-Directorate of Economic Growth and Neighbourhood Services
RBC Legal Entity,20/05/2022,4681040,318414,CROWN LODGE GUEST HOUSE,Single Homelessness Grants,623,Preventive+SupportiveServ,Third Party Supplier,STANDARD,5860,KAAA-Directorate of Economic Growth and Neighbourhood Services
RBC Legal Entity,20/05/2022,4681035,318417,THE ADVOCACY PEOPLE,Safeguarding Adults,12500,Professional Fees,SUPPLIER,STANDARD,5158,JAAA-Directorate of Social Care and Health Services
RBC Legal Entity,20/05/2022,4677414,318418,PESTPRO BIRD SOLUTIONS LTD,MRA Account,3499,Decent Neighbourhood Funding,Third Party Supplier,STANDARD,5975,HAAA-Housing Revenue Account
RBC Legal Entity,23/05/2022,4677348,318424,READIBUS LTD,Strategic Transport & Concessionary Fares,16229.17,Payments for Bus Services,SUPPLIER,STANDARD,4726,KAAA-Directorate of Economic Growth and Neighbourhood Services
RBC Legal Entity,23/05/2022,4676379,318427,KABA (UK) LTD,Repairs,4.43,Estate Maintenance,SUPPLIER,STANDARD,5970,HAAA-Housing Revenue Account
RBC Legal Entity,23/05/2022,4676379,318427,KABA (UK) LTD,Repairs,455.39,Estate Maintenance,SUPPLIER,STANDARD,5970,HAAA-Housing Revenue Account
RBC Legal Entity,23/05/2022,4678242,318429,HARRISON & HARRISON LTD,Town Hall - Concert Hall Events,459.38,Equipment Purchase & Repair,SUPPLIER,STANDARD,1213,KAAA-Directorate of Economic Growth and Neighbourhood Services
RBC Legal Entity,23/05/2022,4681155,318431,TRAVIS PERKINS TRADING COMPANY LTD,DLO Stock,23956.52,Stock Purchase,Third Party Supplier,STANDARD,4002,KAAA-Directorate of Economic Growth and Neighbourhood Services
RBC Legal Entity,23/05/2022,4681164,318431,TRAVIS PERKINS TRADING COMPANY LTD,DLO Stock,6600.5,Stock Purchase,Third Party Supplier,STANDARD,4002,KAAA-Directorate of Economic Growth and Neighbourhood Services
RBC Legal Entity,23/05/2022,4681164,318431,TRAVIS PERKINS TRADING COMPANY LTD,DLO Stock,14570.97,Stock Purchase,Third Party Supplier,STANDARD,4002,KAAA-Directorate of Economic Growth and Neighbourhood Services
RBC Legal Entity,23/05/2022,4681166,318431,TRAVIS PERKINS TRADING COMPANY LTD,DLO Stock,87.98,Stock Purchase,Third Party Supplier,STANDARD,4002,KAAA-Directorate of Economic Growth and Neighbourhood Services
RBC Legal Entity,23/05/2022,4681166,318431,TRAVIS PERKINS TRADING COMPANY LTD,DLO Stock,52583.66,Stock Purchase,Third Party Supplier,STANDARD,4002,KAAA-Directorate of Economic Growth and Neighbourhood Services
RBC Legal Entity,23/05/2022,4680627,318432,LIMMS CARE SERVICES,PS Acquired Community Services,2023,Purchased Care,Third Party Supplier,STANDARD,5771,JAAA-Directorate of Social Care and Health Services
RBC Legal Entity,23/05/2022,4680628,318432,LIMMS CARE SERVICES,PS Acquired Community Services,1632,Purchased Care,Third Party Supplier,STANDARD,5771,JAAA-Directorate of Social Care and Health Services
RBC Legal Entity,23/05/2022,4677286,318435,TRACKSS LTD,DENS Training,5,Training & Development Costs,Third Party Supplier,STANDARD,1502,KAAA-Directorate of Economic Growth and Neighbourhood Services
RBC Legal Entity,23/05/2022,4677286,318435,TRACKSS LTD,DENS Training,100.8,Training & Development Costs,Third Party Supplier,STANDARD,1502,KAAA-Directorate of Economic Growth and Neighbourhood Services
RBC Legal Entity,23/05/2022,4677286,318435,TRACKSS LTD,DENS Training,195,Training & Development Costs,Third Party Supplier,STANDARD,1502,KAAA-Directorate of Economic Growth and Neighbourhood Services
RBC Legal Entity,23/05/2022,4677286,318435,TRACKSS LTD,DENS Training,211.25,Training & Development Costs,Third Party Supplier,STANDARD,1502,KAAA-Directorate of Economic Growth and Neighbourhood Services
RBC Legal Entity,23/05/2022,4676193,318436,INNOVATIVE LEISURE LTD,Parks + Open Spaces,3937.5,Equipment,Third Party Supplier,STANDARD,8003,ZZZC-Capital
RBC Legal Entity,23/05/2022,4676325,318437,DARREN GILLIAM T/A DRAIN DRAIN DEVELOPMENTS,Temporary Accommodation HRA,750,Estate Maintenance,Third Party Supplier,STANDARD,5930,HAAA-Housing Revenue Account
RBC Legal Entity,23/05/2022,4676669,318438,QUALITY CARE & RECRUITMENT SOLUTIONS LTD,Safeguarding Adults,2931.4,Professional Fees,Third Party Supplier,STANDARD,5158,JAAA-Directorate of Social Care and Health Services
RBC Legal Entity,23/05/2022,4681913,318438,QUALITY CARE & RECRUITMENT SOLUTIONS LTD,ASC Operational Management Team,-2153.5,TPP to Others,Third Party Supplier,CREDIT,5309,JAAA-Directorate of Social Care and Health Services
RBC Legal Entity,23/05/2022,4677436,318439,RIVERSIDE ENVIRONMENTAL SERVICES LTD,Repairs,19820,Asbestos,Third Party Supplier,STANDARD,5970,HAAA-Housing Revenue Account
RBC Legal Entity,23/05/2022,4677441,318439,RIVERSIDE ENVIRONMENTAL SERVICES LTD,Repairs,1776,Asbestos,Third Party Supplier,STANDARD,5970,HAAA-Housing Revenue Account
RBC Legal Entity,23/05/2022,4679301,318439,RIVERSIDE ENVIRONMENTAL SERVICES LTD,Corporate Offices,676,External Fees  Surveyors,Third Party Supplier,STANDARD,8602,ZZZC-Capital
RBC Legal Entity,23/05/2022,4684370,318440,DEVELOPMENTS IN DESIGN LTD,Private Sector Grants,530,Grants (Paid out by RBC),CONTRACTOR,STANDARD,8500,ZZZC-Capital
RBC Legal Entity,23/05/2022,4676396,318442,TOTAL COMPUTER NETWORKS LTD,Plaza West,12809,Contractors,Third Party Supplier,STANDARD,8626,ZZZC-Capital
RBC Legal Entity,23/05/2022,4677357,318443,MERCIA CARE HOMES LTD T/A SEFTON PARK,Public Health Team Costs,3570,Purchased Care,Third Party Supplier,STANDARD,2065,JAAA-Directorate of Social Care and Health Services
RBC Legal Entity,23/05/2022,4678313,318444,RUSSELL HOLLAND,JLT Disbursements,1500,Misc. Legal Expenses,INDIVIDUAL,STANDARD,2407,LAAA-Directorate of Resources
RBC Legal Entity,23/05/2022,4676265,318445,NETWORK RAIL INFRASTRUCTURE LIMITED,Bridge Maintenance,20708.33,Contractors,SUB-CONTRACTOR,STANDARD,8873,ZZZC-Capital
RBC Legal Entity,23/05/2022,4676275,318445,NETWORK RAIL INFRASTRUCTURE LIMITED,Civil Engineering,489.11,DfT Bridges,SUB-CONTRACTOR,STANDARD,4550,KAAA-Directorate of Economic Growth and Neighbourhood Services
RBC Legal Entity,23/05/2022,4679255,318449,GLASRITE LTD,Planned Maintenance Trades,1475,Subcontractors Labour,SUB-CONTRACTOR,STANDARD,4040,KAAA-Directorate of Economic Growth and Neighbourhood Services
RBC Legal Entity,23/05/2022,4679839,318449,GLASRITE LTD,DLO Day to Day Trades,1545,Subcontractors Labour,SUB-CONTRACTOR,STANDARD,4010,KAAA-Directorate of Economic Growth and Neighbourhood Services
RBC Legal Entity,23/05/2022,4679840,318449,GLASRITE LTD,DLO Day to Day Trades,750,Subcontractors Labour,SUB-CONTRACTOR,STANDARD,4010,KAAA-Directorate of Economic Growth and Neighbourhood Services
RBC Legal Entity,23/05/2022,4679841,318449,GLASRITE LTD,DLO Day to Day Trades,825,Subcontractors Labour,SUB-CONTRACTOR,STANDARD,4010,KAAA-Directorate of Economic Growth and Neighbourhood Services
RBC Legal Entity,23/05/2022,4679843,318449,GLASRITE LTD,DLO Day to Day Trades,885,Subcontractors Labour,SUB-CONTRACTOR,STANDARD,4010,KAAA-Directorate of Economic Growth and Neighbourhood Services
RBC Legal Entity,23/05/2022,4677212,318450,FENTON PLANT HIRE,Fleet Management,650,Vehicle Spot Hire,SUPPLIER,STANDARD,4552,KAAA-Directorate of Economic Growth and Neighbourhood Services
RBC Legal Entity,23/05/2022,4676383,318451,TRANSEPT CONSULTING LTD,Strategic Transport & Concessionary Fares,675,TPP to Others,SUPPLIER,STANDARD,4726,KAAA-Directorate of Economic Growth and Neighbourhood Services
RBC Legal Entity,23/05/2022,4676189,318455,AMBLEGLOW,Planning,459,Advertising - General,Third Party Supplier,STANDARD,4700,KAAA-Directorate of Economic Growth and Neighbourhood Services
RBC Legal Entity,23/05/2022,4677282,318458,CWG GROUP LTD,Whitley Park Infant,74197.76,External Fees  Misc.,SUB-CONTRACTOR,STANDARD,8233,ZZZC-Capital
RBC Legal Entity,23/05/2022,4677283,318458,CWG GROUP LTD,Emmer Green Primary,30422.38,External Fees  Misc.,SUB-CONTRACTOR,STANDARD,8214,ZZZC-Capital
RBC Legal Entity,23/05/2022,4679295,318459,YOURMEMBERSHIP LTD T/A COMMUNITY BRANDS,ASC Senior Management Team,550,Recruitment & Interview Costs,Third Party Supplier,STANDARD,5700,JAAA-Directorate of Social Care and Health Services
RBC Legal Entity,23/05/2022,4676630,318460,SMART VIDEO & SENSING LTD,Road Resurfacing,460,Contractors,Third Party Supplier,STANDARD,8870,ZZZC-Capital
RBC Legal Entity,23/05/2022,4676630,318460,SMART VIDEO & SENSING LTD,Road Resurfacing,3585,Contractors,Third Party Supplier,STANDARD,8870,ZZZC-Capital
RBC Legal Entity,23/05/2022,4676528,318461,OFR CONSULTANTS LTD,MRA Account,8000,Fire Protection,Third Party Supplier,STANDARD,5975,HAAA-Housing Revenue Account
RBC Legal Entity,23/05/2022,4676459,318462,NEC SOFTWARE SOLUTIONS UK LTD,IT Management,1666.66,TPP  Contract,Third Party Supplier,STANDARD,2300,EAAA-Chief Executive
RBC Legal Entity,23/05/2022,4676613,318463,ANA TREATMENT CENTRES,Public Health Team Costs,3642.85,Purchased Care,Third Party Supplier,STANDARD,2065,JAAA-Directorate of Social Care and Health Services
RBC Legal Entity,23/05/2022,4676611,318464,DEFINITIVE CREW LTD,Hexagon Operations,530,Equipment Hire,Third Party Supplier,STANDARD,1200,KAAA-Directorate of Economic Growth and Neighbourhood Services
RBC Legal Entity,23/05/2022,4684204,318465,DATA LASER MAIL LTD,Cultural Services Marketing,877.99,Postage Carriage Stamp Duty,Third Party Supplier,STANDARD,1235,KAAA-Directorate of Economic Growth and Neighbourhood Services
RBC Legal Entity,23/05/2022,4681016,318466,ROWVALE HOTELS LTD T/A BOW GUEST HOUSE,Single Homelessness Grants,623,Preventive+SupportiveServ,Third Party Supplier,STANDARD,5860,KAAA-Directorate of Economic Growth and Neighbourhood Services
RBC Legal Entity,23/05/2022,4676431,318467,AKZONOBEL T/A DULUX DECORATOR CENTRE,Void Property Management,2595.2,Minor Voids,Third Party Supplier,STANDARD,5921,HAAA-Housing Revenue Account
RBC Legal Entity,23/05/2022,4676368,318468,BUILDING RESEARCH ESTABLISHMENT LTD,Planning,4620,Consultancy Fees,SUPPLIER,STANDARD,4700,KAAA-Directorate of Economic Growth and Neighbourhood Services
RBC Legal Entity,23/05/2022,4679320,318469,NEW CHRIST CHURCH CE PRIMARY  SCHOOL,Local Elections,600,Hire of halls,Third Party Supplier,STANDARD,2425,LAAA-Directorate of Resources
RBC Legal Entity,23/05/2022,4679884,318470,PERMADOOR,Planned Maintenance Trades,1133.35,Subcontractors Labour,SUB-CONTRACTOR,STANDARD,4040,KAAA-Directorate of Economic Growth and Neighbourhood Services
RBC Legal Entity,23/05/2022,4679891,318470,PERMADOOR,Planned Maintenance Trades,659.02,Subcontractors Labour,SUB-CONTRACTOR,STANDARD,4040,KAAA-Directorate of Economic Growth and Neighbourhood Services
RBC Legal Entity,23/05/2022,4679904,318470,PERMADOOR,Planned Maintenance Trades,200,Subcontractors Labour,SUB-CONTRACTOR,STANDARD,4040,KAAA-Directorate of Economic Growth and Neighbourhood Services
RBC Legal Entity,23/05/2022,4679904,318470,PERMADOOR,Planned Maintenance Trades,459.02,Subcontractors Labour,SUB-CONTRACTOR,STANDARD,4040,KAAA-Directorate of Economic Growth and Neighbourhood Services
RBC Legal Entity,23/05/2022,4679915,318470,PERMADOOR,DLO Day to Day Trades,200,Subcontractors Labour,SUB-CONTRACTOR,STANDARD,4010,KAAA-Directorate of Economic Growth and Neighbourhood Services
RBC Legal Entity,23/05/2022,4679915,318470,PERMADOOR,DLO Day to Day Trades,459.02,Subcontractors Labour,SUB-CONTRACTOR,STANDARD,4010,KAAA-Directorate of Economic Growth and Neighbourhood Services
RBC Legal Entity,23/05/2022,4679934,318470,PERMADOOR,Planned Maintenance Trades,1098.02,Subcontractors Labour,SUB-CONTRACTOR,STANDARD,4040,KAAA-Directorate of Economic Growth and Neighbourhood Services
RBC Legal Entity,23/05/2022,4679935,318470,PERMADOOR,Planned Maintenance Trades,976.86,Subcontractors Labour,SUB-CONTRACTOR,STANDARD,4040,KAAA-Directorate of Economic Growth and Neighbourhood Services
RBC Legal Entity,23/05/2022,4679936,318470,PERMADOOR,Planned Maintenance Trades,938.08,Subcontractors Labour,SUB-CONTRACTOR,STANDARD,4040,KAAA-Directorate of Economic Growth and Neighbourhood Services
RBC Legal Entity,23/05/2022,4679938,318470,PERMADOOR,Planned Maintenance Trades,704.25,Subcontractors Labour,SUB-CONTRACTOR,STANDARD,4040,KAAA-Directorate of Economic Growth and Neighbourhood Services
RBC Legal Entity,23/05/2022,4679940,318470,PERMADOOR,Planned Maintenance Trades,704.22,Subcontractors Labour,SUB-CONTRACTOR,STANDARD,4040,KAAA-Directorate of Economic Growth and Neighbourhood Services
RBC Legal Entity,23/05/2022,4679941,318470,PERMADOOR,Planned Maintenance Trades,663.25,Subcontractors Labour,SUB-CONTRACTOR,STANDARD,4040,KAAA-Directorate of Economic Growth and Neighbourhood Services
RBC Legal Entity,23/05/2022,4679942,318470,PERMADOOR,Planned Maintenance Trades,659.02,Subcontractors Labour,SUB-CONTRACTOR,STANDARD,4040,KAAA-Directorate of Economic Growth and Neighbourhood Services
RBC Legal Entity,23/05/2022,4676242,318472,DOLPHIN MOBILITY LTD,Repairs,6110,Special Adaptions,SUPPLIER,STANDARD,5970,HAAA-Housing Revenue Account
RBC Legal Entity,23/05/2022,4679905,318473,OXFORD UNIVERSITY HOSPITALS NHS TRUST,Berkshire West Public Health Hub,847.12,NHS Trusts,Third Party Supplier,STANDARD,2002,JAAA-Directorate of Social Care and Health Services
RBC Legal Entity,23/05/2022,4676998,318474,THE WAYS & MEANS TRUST LTD,LD Community Services,526.56,Purchased Care,Third Party Supplier,STANDARD,5741,JAAA-Directorate of Social Care and Health Services
RBC Legal Entity,23/05/2022,4677000,318474,THE WAYS & MEANS TRUST LTD,LD Community Services,702.08,Purchased Care,Third Party Supplier,STANDARD,5741,JAAA-Directorate of Social Care and Health Services
RBC Legal Entity,23/05/2022,4677001,318474,THE WAYS & MEANS TRUST LTD,LD Community Services,702.08,Purchased Care,Third Party Supplier,STANDARD,5741,JAAA-Directorate of Social Care and Health Services
RBC Legal Entity,23/05/2022,4677003,318474,THE WAYS & MEANS TRUST LTD,LD Community Services,526.56,Purchased Care,Third Party Supplier,STANDARD,5741,JAAA-Directorate of Social Care and Health Services
RBC Legal Entity,23/05/2022,4677004,318474,THE WAYS & MEANS TRUST LTD,LD Community Services,877.6,Purchased Care,Third Party Supplier,STANDARD,5741,JAAA-Directorate of Social Care and Health Services
RBC Legal Entity,23/05/2022,4677005,318474,THE WAYS & MEANS TRUST LTD,LD Community Services,526.56,Purchased Care,Third Party Supplier,STANDARD,5741,JAAA-Directorate of Social Care and Health Services
RBC Legal Entity,23/05/2022,4676270,318478,LISTER WILDER LTD,Grounds Maintenance,1059.37,HortcultrlMachServ/Repair,Third Party Supplier,STANDARD,1306,KAAA-Directorate of Economic Growth and Neighbourhood Services
RBC Legal Entity,23/05/2022,4680731,318479,READING MENCAP ,LD Community Services,660,Purchased Care,SUPPLIER,STANDARD,5741,JAAA-Directorate of Social Care and Health Services
RBC Legal Entity,23/05/2022,4680736,318479,READING MENCAP ,LD Community Services,858,Purchased Care,SUPPLIER,STANDARD,5741,JAAA-Directorate of Social Care and Health Services
RBC Legal Entity,23/05/2022,4680737,318479,READING MENCAP ,LD Community Services,660,Purchased Care,SUPPLIER,STANDARD,5741,JAAA-Directorate of Social Care and Health Services
RBC Legal Entity,23/05/2022,4679329,318480,NEW TOWN PRIMARY,Local Elections,600,Hire of halls,Third Party Supplier,STANDARD,2425,LAAA-Directorate of Resources
RBC Legal Entity,23/05/2022,4680953,318482,ARTIFAX SOFTWARE LTD,Cultural Services Marketing,3471.37,PurchaseComputer Equipt,Third Party Supplier,STANDARD,1235,KAAA-Directorate of Economic Growth and Neighbourhood Services
RBC Legal Entity,23/05/2022,4684375,318483,READING HEBREW CONGREGATION,Local Elections,500,Hire of halls,SUPPLIER,STANDARD,2425,LAAA-Directorate of Resources
RBC Legal Entity,23/05/2022,4676426,318485,DR A J WILKINS,JLT Disbursements,1620,Misc. Legal Expenses,SUPPLIER,STANDARD,2407,LAAA-Directorate of Resources
RBC Legal Entity,23/05/2022,4676257,318486,ICAM ARCHIVE SYSTEMS,Archives General,715,Equipment Purchase & Repair,SUPPLIER,STANDARD,1256,KAAA-Directorate of Economic Growth and Neighbourhood Services
RBC Legal Entity,23/05/2022,4676502,318488,NEIL CURTIS FUNERAL CONTRACTOR,Grounds Maintenance,1140,TPP to Others,SUPPLIER,STANDARD,1306,KAAA-Directorate of Economic Growth and Neighbourhood Services
RBC Legal Entity,23/05/2022,4682051,318489,SJM LTD,Hexagon Operations,-6500,Hire of Function Rooms,SUPPLIER,CREDIT,1200,KAAA-Directorate of Economic Growth and Neighbourhood Services
RBC Legal Entity,23/05/2022,4682051,318489,SJM LTD,Hexagon Operations,-2269.5,Casual & Supply Staff,SUPPLIER,CREDIT,1200,KAAA-Directorate of Economic Growth and Neighbourhood Services
RBC Legal Entity,23/05/2022,4682051,318489,SJM LTD,Hexagon Operations,-2055.18,Credit Card Commission,SUPPLIER,CREDIT,1200,KAAA-Directorate of Economic Growth and Neighbourhood Services
RBC Legal Entity,23/05/2022,4682051,318489,SJM LTD,Hexagon Operations,-910,Security Charges,SUPPLIER,CREDIT,1200,KAAA-Directorate of Economic Growth and Neighbourhood Services
RBC Legal Entity,23/05/2022,4682051,318489,SJM LTD,Hexagon Operations,-382,Fees + Commissions,SUPPLIER,CREDIT,1200,KAAA-Directorate of Economic Growth and Neighbourhood Services
RBC Legal Entity,23/05/2022,4682051,318489,SJM LTD,Hexagon Catering,-300,Sales  Food,SUPPLIER,CREDIT,1241,KAAA-Directorate of Economic Growth and Neighbourhood Services
RBC Legal Entity,23/05/2022,4682051,318489,SJM LTD,Hexagon Operations,-262.5,Sales  Surplus Equipment,SUPPLIER,CREDIT,1200,KAAA-Directorate of Economic Growth and Neighbourhood Services
RBC Legal Entity,23/05/2022,4682051,318489,SJM LTD,Hexagon Operations,-232.71,Royalties,SUPPLIER,CREDIT,1200,KAAA-Directorate of Economic Growth and Neighbourhood Services
RBC Legal Entity,23/05/2022,4682051,318489,SJM LTD,Hexagon Operations,-225.09,Casual & Supply Staff,SUPPLIER,CREDIT,1200,KAAA-Directorate of Economic Growth and Neighbourhood Services
RBC Legal Entity,23/05/2022,4682051,318489,SJM LTD,Hexagon Operations,-150,Hire of Function Rooms,SUPPLIER,CREDIT,1200,KAAA-Directorate of Economic Growth and Neighbourhood Services
RBC Legal Entity,23/05/2022,4682051,318489,SJM LTD,Hexagon Operations,-50,Hire of Function Rooms,SUPPLIER,CREDIT,1200,KAAA-Directorate of Economic Growth and Neighbourhood Services
RBC Legal Entity,23/05/2022,4682051,318489,SJM LTD,Hexagon Operations,-45,Sales  Surplus Equipment,SUPPLIER,CREDIT,1200,KAAA-Directorate of Economic Growth and Neighbourhood Services
RBC Legal Entity,23/05/2022,4682051,318489,SJM LTD,Hexagon Operations,-13.5,Postage Carriage Stamp Duty,SUPPLIER,CREDIT,1200,KAAA-Directorate of Economic Growth and Neighbourhood Services
RBC Legal Entity,23/05/2022,4682051,318489,SJM LTD,Hexagon Operations,15866.3,Professional Fees,SUPPLIER,STANDARD,1200,KAAA-Directorate of Economic Growth and Neighbourhood Services
RBC Legal Entity,23/05/2022,4682051,318489,SJM LTD,Hexagon Operations,52639.7,Professional Fees,SUPPLIER,STANDARD,1200,KAAA-Directorate of Economic Growth and Neighbourhood Services
RBC Legal Entity,23/05/2022,4678291,318490,SMS ENVIRONMENTAL LTD,Corporate Maintenance Services,6.55,Precepts,SUB-CONTRACTOR,STANDARD,4080,KAAA-Directorate of Economic Growth and Neighbourhood Services
RBC Legal Entity,23/05/2022,4678291,318490,SMS ENVIRONMENTAL LTD,Repairs,161.51,Essential Cyclical Insp. + Mai,SUB-CONTRACTOR,STANDARD,5970,HAAA-Housing Revenue Account
RBC Legal Entity,23/05/2022,4678291,318490,SMS ENVIRONMENTAL LTD,Corporate Maintenance Services,550.94,Leasing Costs,SUB-CONTRACTOR,STANDARD,4080,KAAA-Directorate of Economic Growth and Neighbourhood Services
RBC Legal Entity,23/05/2022,4678292,318490,SMS ENVIRONMENTAL LTD,Corporate Maintenance Services,4.92,Precepts,SUB-CONTRACTOR,STANDARD,4080,KAAA-Directorate of Economic Growth and Neighbourhood Services
RBC Legal Entity,23/05/2022,4678292,318490,SMS ENVIRONMENTAL LTD,Repairs,121.3,Essential Cyclical Insp. + Mai,SUB-CONTRACTOR,STANDARD,5970,HAAA-Housing Revenue Account
RBC Legal Entity,23/05/2022,4678292,318490,SMS ENVIRONMENTAL LTD,Corporate Maintenance Services,413.78,Leasing Costs,SUB-CONTRACTOR,STANDARD,4080,KAAA-Directorate of Economic Growth and Neighbourhood Services
RBC Legal Entity,23/05/2022,4678293,318490,SMS ENVIRONMENTAL LTD,Corporate Maintenance Services,4.23,Precepts,SUB-CONTRACTOR,STANDARD,4080,KAAA-Directorate of Economic Growth and Neighbourhood Services
RBC Legal Entity,23/05/2022,4678293,318490,SMS ENVIRONMENTAL LTD,Repairs,104.45,Essential Cyclical Insp. + Mai,SUB-CONTRACTOR,STANDARD,5970,HAAA-Housing Revenue Account
RBC Legal Entity,23/05/2022,4678293,318490,SMS ENVIRONMENTAL LTD,Corporate Maintenance Services,356.32,Leasing Costs,SUB-CONTRACTOR,STANDARD,4080,KAAA-Directorate of Economic Growth and Neighbourhood Services
RBC Legal Entity,23/05/2022,4678294,318490,SMS ENVIRONMENTAL LTD,Corporate Maintenance Services,31.86,Precepts,SUB-CONTRACTOR,STANDARD,4080,KAAA-Directorate of Economic Growth and Neighbourhood Services
RBC Legal Entity,23/05/2022,4678294,318490,SMS ENVIRONMENTAL LTD,Repairs,785.96,Essential Cyclical Insp. + Mai,SUB-CONTRACTOR,STANDARD,5970,HAAA-Housing Revenue Account
RBC Legal Entity,23/05/2022,4678294,318490,SMS ENVIRONMENTAL LTD,Corporate Maintenance Services,2681.18,Leasing Costs,SUB-CONTRACTOR,STANDARD,4080,KAAA-Directorate of Economic Growth and Neighbourhood Services
RBC Legal Entity,23/05/2022,4678336,318490,SMS ENVIRONMENTAL LTD,Corporate Maintenance Services,2792,TPP  Contract,SUB-CONTRACTOR,STANDARD,4080,KAAA-Directorate of Economic Growth and Neighbourhood Services
RBC Legal Entity,23/05/2022,4676509,318491,REED,ASC Short Term Team,2.25,Agency Staff,Third Party Supplier,STANDARD,5722,JAAA-Directorate of Social Care and Health Services
RBC Legal Entity,23/05/2022,4676509,318491,REED,Mental Health Team,2.88,Agency Staff,Third Party Supplier,STANDARD,5253,JAAA-Directorate of Social Care and Health Services
RBC Legal Entity,23/05/2022,4676509,318491,REED,ASC Short Term Team,4.95,Agency Staff,Third Party Supplier,STANDARD,5722,JAAA-Directorate of Social Care and Health Services
RBC Legal Entity,23/05/2022,4676509,318491,REED,BFFC Agency Staff (Rechargeable),9,Agency Staff,Third Party Supplier,STANDARD,2008,LAAA-Directorate of Resources
RBC Legal Entity,23/05/2022,4676509,318491,REED,ASC Short Term Team,9.45,Agency Staff,Third Party Supplier,STANDARD,5722,JAAA-Directorate of Social Care and Health Services
RBC Legal Entity,23/05/2022,4676509,318491,REED,ASC Short Term Team,10.8,Agency Staff,Third Party Supplier,STANDARD,5722,JAAA-Directorate of Social Care and Health Services
RBC Legal Entity,23/05/2022,4676509,318491,REED,BFFC Agency Staff (Rechargeable),17.1,Agency Staff,Third Party Supplier,STANDARD,2008,LAAA-Directorate of Resources
RBC Legal Entity,23/05/2022,4676509,318491,REED,Transformation,19.8,Agency Staff,Third Party Supplier,STANDARD,5289,JAAA-Directorate of Social Care and Health Services
RBC Legal Entity,23/05/2022,4676509,318491,REED,Mental Health Team,22.5,Agency Staff,Third Party Supplier,STANDARD,5253,JAAA-Directorate of Social Care and Health Services
RBC Legal Entity,23/05/2022,4676509,318491,REED,ASC Locality Team,23.4,Agency Staff,Third Party Supplier,STANDARD,5721,JAAA-Directorate of Social Care and Health Services
RBC Legal Entity,23/05/2022,4676509,318491,REED,BFFC Agency Staff (Rechargeable),24.3,Agency Staff,Third Party Supplier,STANDARD,2008,LAAA-Directorate of Resources
RBC Legal Entity,23/05/2022,4676509,318491,REED,ASC Short Term Team,25.65,Agency Staff,Third Party Supplier,STANDARD,5722,JAAA-Directorate of Social Care and Health Services
RBC Legal Entity,23/05/2022,4676509,318491,REED,Civil Engineering,27,Agency Staff,Third Party Supplier,STANDARD,4550,KAAA-Directorate of Economic Growth and Neighbourhood Services
RBC Legal Entity,23/05/2022,4676509,318491,REED,ASC Short Term Team,27.45,Agency Staff,Third Party Supplier,STANDARD,5722,JAAA-Directorate of Social Care and Health Services
RBC Legal Entity,23/05/2022,4676509,318491,REED,ASC Short Term Team,30.6,Agency Staff,Third Party Supplier,STANDARD,5722,JAAA-Directorate of Social Care and Health Services
RBC Legal Entity,23/05/2022,4676509,318491,REED,Mental Health Team,37.8,Agency Staff,Third Party Supplier,STANDARD,5253,JAAA-Directorate of Social Care and Health Services
RBC Legal Entity,23/05/2022,4676509,318491,REED,BFFC Agency Staff (Rechargeable),68.4,Agency Staff,Third Party Supplier,STANDARD,2008,LAAA-Directorate of Resources
RBC Legal Entity,23/05/2022,4676509,318491,REED,ASC Short Term Team,96.3,Agency Staff,Third Party Supplier,STANDARD,5722,JAAA-Directorate of Social Care and Health Services
RBC Legal Entity,23/05/2022,4676509,318491,REED,Directorate Support,167.57,Agency Staff,Third Party Supplier,STANDARD,2036,LAAA-Directorate of Resources
RBC Legal Entity,23/05/2022,4676509,318491,REED,BFFC Agency Staff (Rechargeable),216.2,Agency Staff,Third Party Supplier,STANDARD,2008,LAAA-Directorate of Resources
RBC Legal Entity,23/05/2022,4676509,318491,REED,Lord Lieutenant,224.17,Agency Staff,Third Party Supplier,STANDARD,2510,EAAA-Chief Executive
RBC Legal Entity,23/05/2022,4676509,318491,REED,ASC Short Term Team,246.93,Agency Staff,Third Party Supplier,STANDARD,5722,JAAA-Directorate of Social Care and Health Services
RBC Legal Entity,23/05/2022,4676509,318491,REED,Mayor,268.89,Agency Staff,Third Party Supplier,STANDARD,2505,EAAA-Chief Executive
RBC Legal Entity,23/05/2022,4676509,318491,REED,Mayor,268.89,Agency Staff,Third Party Supplier,STANDARD,2505,EAAA-Chief Executive
RBC Legal Entity,23/05/2022,4676509,318491,REED,ASC Short Term Team,308.98,Agency Staff,Third Party Supplier,STANDARD,5722,JAAA-Directorate of Social Care and Health Services
RBC Legal Entity,23/05/2022,4676509,318491,REED,Grounds Maintenance,315.24,Agency Staff,Third Party Supplier,STANDARD,1306,KAAA-Directorate of Economic Growth and Neighbourhood Services
RBC Legal Entity,23/05/2022,4676509,318491,REED,Street Cleansing,325.38,Agency Staff,Third Party Supplier,STANDARD,4566,KAAA-Directorate of Economic Growth and Neighbourhood Services
RBC Legal Entity,23/05/2022,4676509,318491,REED,Street Cleansing,405.81,Agency Staff,Third Party Supplier,STANDARD,4566,KAAA-Directorate of Economic Growth and Neighbourhood Services
RBC Legal Entity,23/05/2022,4676509,318491,REED,Street Cleansing,433.82,Agency Staff,Third Party Supplier,STANDARD,4566,KAAA-Directorate of Economic Growth and Neighbourhood Services
RBC Legal Entity,23/05/2022,4676509,318491,REED,Procurement Services,444.42,Agency Staff,Third Party Supplier,STANDARD,2402,LAAA-Directorate of Resources
RBC Legal Entity,23/05/2022,4676509,318491,REED,Grounds Maintenance,461.79,Agency Staff,Third Party Supplier,STANDARD,1306,KAAA-Directorate of Economic Growth and Neighbourhood Services
RBC Legal Entity,23/05/2022,4676509,318491,REED,Grounds Maintenance,461.79,Agency Staff,Third Party Supplier,STANDARD,1306,KAAA-Directorate of Economic Growth and Neighbourhood Services
RBC Legal Entity,23/05/2022,4676509,318491,REED,Refuse Collection,467.91,Agency Staff,Third Party Supplier,STANDARD,4561,KAAA-Directorate of Economic Growth and Neighbourhood Services
RBC Legal Entity,23/05/2022,4676509,318491,REED,Refuse Collection,481.53,Agency Staff,Third Party Supplier,STANDARD,4561,KAAA-Directorate of Economic Growth and Neighbourhood Services
RBC Legal Entity,23/05/2022,4676509,318491,REED,Buildings Payroll,486.59,Agency Staff,Third Party Supplier,STANDARD,3390,KAAA-Directorate of Economic Growth and Neighbourhood Services
RBC Legal Entity,23/05/2022,4676509,318491,REED,Refuse Collection,489.68,Agency Staff,Third Party Supplier,STANDARD,4561,KAAA-Directorate of Economic Growth and Neighbourhood Services
RBC Legal Entity,23/05/2022,4676509,318491,REED,Refuse Collection,491.32,Agency Staff,Third Party Supplier,STANDARD,4561,KAAA-Directorate of Economic Growth and Neighbourhood Services
RBC Legal Entity,23/05/2022,4676509,318491,REED,Exchequer Services,511.03,Agency Staff,Third Party Supplier,STANDARD,2210,LAAA-Directorate of Resources
RBC Legal Entity,23/05/2022,4676509,318491,REED,Exchequer Services,517.21,Agency Staff,Third Party Supplier,STANDARD,2210,LAAA-Directorate of Resources
RBC Legal Entity,23/05/2022,4676509,318491,REED,Street Cleansing,543.21,Agency Staff,Third Party Supplier,STANDARD,4566,KAAA-Directorate of Economic Growth and Neighbourhood Services
RBC Legal Entity,23/05/2022,4676509,318491,REED,Street Cleansing,565.41,Agency Staff,Third Party Supplier,STANDARD,4566,KAAA-Directorate of Economic Growth and Neighbourhood Services
RBC Legal Entity,23/05/2022,4676509,318491,REED,Customer Services - Reception,572.62,Agency Staff,Third Party Supplier,STANDARD,2595,LAAA-Directorate of Resources
RBC Legal Entity,23/05/2022,4676509,318491,REED,Transformation,622.4,Agency Staff,Third Party Supplier,STANDARD,5289,JAAA-Directorate of Social Care and Health Services
RBC Legal Entity,23/05/2022,4676509,318491,REED,BFFC Agency Staff (Rechargeable),647.38,Agency Staff,Third Party Supplier,STANDARD,2008,LAAA-Directorate of Resources
RBC Legal Entity,23/05/2022,4676509,318491,REED,Grounds Maintenance,647.89,Agency Staff,Third Party Supplier,STANDARD,1306,KAAA-Directorate of Economic Growth and Neighbourhood Services
RBC Legal Entity,23/05/2022,4676509,318491,REED,Transformation,686.89,Agency Staff,Third Party Supplier,STANDARD,5289,JAAA-Directorate of Social Care and Health Services
RBC Legal Entity,23/05/2022,4676509,318491,REED,Parking & Enforcement,696.17,Agency Staff,Third Party Supplier,STANDARD,4725,KAAA-Directorate of Economic Growth and Neighbourhood Services
RBC Legal Entity,23/05/2022,4676509,318491,REED,ASC Short Term Team,722.66,Agency Staff,Third Party Supplier,STANDARD,5722,JAAA-Directorate of Social Care and Health Services
RBC Legal Entity,23/05/2022,4676509,318491,REED,Transformation,722.66,Agency Staff,Third Party Supplier,STANDARD,5289,JAAA-Directorate of Social Care and Health Services
RBC Legal Entity,23/05/2022,4676509,318491,REED,Street Cleansing,724.57,Agency Staff,Third Party Supplier,STANDARD,4566,KAAA-Directorate of Economic Growth and Neighbourhood Services
RBC Legal Entity,23/05/2022,4676509,318491,REED,Street Cleansing,740,Agency Staff,Third Party Supplier,STANDARD,4566,KAAA-Directorate of Economic Growth and Neighbourhood Services
RBC Legal Entity,23/05/2022,4676509,318491,REED,Commissioning Team,751.85,Agency Staff,Third Party Supplier,STANDARD,3452,JAAA-Directorate of Social Care and Health Services
RBC Legal Entity,23/05/2022,4676509,318491,REED,Directorate Support,826.92,Agency Staff,Third Party Supplier,STANDARD,2036,LAAA-Directorate of Resources
RBC Legal Entity,23/05/2022,4676509,318491,REED,Mental Health Team,871.7,Agency Staff,Third Party Supplier,STANDARD,5253,JAAA-Directorate of Social Care and Health Services
RBC Legal Entity,23/05/2022,4676509,318491,REED,Joint Legal Team,916.5,Agency Staff,Third Party Supplier,STANDARD,2405,LAAA-Directorate of Resources
RBC Legal Entity,23/05/2022,4676509,318491,REED,ASC Short Term Team,927.6,Agency Staff,Third Party Supplier,STANDARD,5722,JAAA-Directorate of Social Care and Health Services
RBC Legal Entity,23/05/2022,4676509,318491,REED,ASC Short Term Team,927.6,Agency Staff,Third Party Supplier,STANDARD,5722,JAAA-Directorate of Social Care and Health Services
RBC Legal Entity,23/05/2022,4676509,318491,REED,Joint Legal Team,952.2,Agency Staff,Third Party Supplier,STANDARD,2405,LAAA-Directorate of Resources
RBC Legal Entity,23/05/2022,4676509,318491,REED,Joint Legal Team,956.8,Agency Staff,Third Party Supplier,STANDARD,2405,LAAA-Directorate of Resources
RBC Legal Entity,23/05/2022,4676509,318491,REED,Transformation,970.4,Agency Staff,Third Party Supplier,STANDARD,5289,JAAA-Directorate of Social Care and Health Services
RBC Legal Entity,23/05/2022,4676509,318491,REED,BFFC Agency Staff (Rechargeable),987.75,Agency Staff,Third Party Supplier,STANDARD,2008,LAAA-Directorate of Resources
RBC Legal Entity,23/05/2022,4676509,318491,REED,BFFC Agency Staff (Rechargeable),991.2,Agency Staff,Third Party Supplier,STANDARD,2008,LAAA-Directorate of Resources
RBC Legal Entity,23/05/2022,4676509,318491,REED,Safeguarding Adults,1023.15,Agency Staff,Third Party Supplier,STANDARD,5158,JAAA-Directorate of Social Care and Health Services
RBC Legal Entity,23/05/2022,4676509,318491,REED,Special Parking Area,1033.48,Agency Staff,Third Party Supplier,STANDARD,4724,KAAA-Directorate of Economic Growth and Neighbourhood Services
RBC Legal Entity,23/05/2022,4676509,318491,REED,ASC Locality Team,1077,Agency Staff,Third Party Supplier,STANDARD,5721,JAAA-Directorate of Social Care and Health Services
RBC Legal Entity,23/05/2022,4676509,318491,REED,ASC Short Term Team,1081.43,Agency Staff,Third Party Supplier,STANDARD,5722,JAAA-Directorate of Social Care and Health Services
RBC Legal Entity,23/05/2022,4676509,318491,REED,ASC Locality Team,1095.38,Agency Staff,Third Party Supplier,STANDARD,5721,JAAA-Directorate of Social Care and Health Services
RBC Legal Entity,23/05/2022,4676509,318491,REED,BFFC Agency Staff (Rechargeable),1100.25,Agency Staff,Third Party Supplier,STANDARD,2008,LAAA-Directorate of Resources
RBC Legal Entity,23/05/2022,4676509,318491,REED,ASC Short Term Team,1137,Agency Staff,Third Party Supplier,STANDARD,5722,JAAA-Directorate of Social Care and Health Services
RBC Legal Entity,23/05/2022,4676509,318491,REED,ASC Short Term Team,1152,Agency Staff,Third Party Supplier,STANDARD,5722,JAAA-Directorate of Social Care and Health Services
RBC Legal Entity,23/05/2022,4676509,318491,REED,ASC Short Term Team,1167,Agency Staff,Third Party Supplier,STANDARD,5722,JAAA-Directorate of Social Care and Health Services
RBC Legal Entity,23/05/2022,4676509,318491,REED,ASC Short Term Team,1173.3,Agency Staff,Third Party Supplier,STANDARD,5722,JAAA-Directorate of Social Care and Health Services
RBC Legal Entity,23/05/2022,4676509,318491,REED,ASC Locality Team,1186.1,Agency Staff,Third Party Supplier,STANDARD,5721,JAAA-Directorate of Social Care and Health Services
RBC Legal Entity,23/05/2022,4676509,318491,REED,Legal Services,1187.03,Agency Staff,Third Party Supplier,STANDARD,2400,LAAA-Directorate of Resources
RBC Legal Entity,23/05/2022,4676509,318491,REED,ASC Short Term Team,1224.89,Agency Staff,Third Party Supplier,STANDARD,5722,JAAA-Directorate of Social Care and Health Services
RBC Legal Entity,23/05/2022,4676509,318491,REED,ASC Short Term Team,1235.92,Agency Staff,Third Party Supplier,STANDARD,5722,JAAA-Directorate of Social Care and Health Services
RBC Legal Entity,23/05/2022,4676509,318491,REED,BFFC Agency Staff (Rechargeable),1257,Agency Staff,Third Party Supplier,STANDARD,2008,LAAA-Directorate of Resources
RBC Legal Entity,23/05/2022,4676509,318491,REED,Mental Health Team,1276.8,Agency Staff,Third Party Supplier,STANDARD,5253,JAAA-Directorate of Social Care and Health Services
RBC Legal Entity,23/05/2022,4676509,318491,REED,ASC Locality Team,1280.06,Agency Staff,Third Party Supplier,STANDARD,5721,JAAA-Directorate of Social Care and Health Services
RBC Legal Entity,23/05/2022,4676509,318491,REED,ASC Short Term Team,1348.16,Agency Staff,Third Party Supplier,STANDARD,5722,JAAA-Directorate of Social Care and Health Services
RBC Legal Entity,23/05/2022,4676509,318491,REED,BFFC Agency Staff (Rechargeable),1350.29,Agency Staff,Third Party Supplier,STANDARD,2008,LAAA-Directorate of Resources
RBC Legal Entity,23/05/2022,4676509,318491,REED,BFFC Agency Staff (Rechargeable),1367.16,Agency Staff,Third Party Supplier,STANDARD,2008,LAAA-Directorate of Resources
RBC Legal Entity,23/05/2022,4676509,318491,REED,ASC Short Term Team,1367.16,Agency Staff,Third Party Supplier,STANDARD,5722,JAAA-Directorate of Social Care and Health Services
RBC Legal Entity,23/05/2022,4676509,318491,REED,BFFC Agency Staff (Rechargeable),1377,Agency Staff,Third Party Supplier,STANDARD,2008,LAAA-Directorate of Resources
RBC Legal Entity,23/05/2022,4676509,318491,REED,Accountancy,1385.66,Agency Staff,Third Party Supplier,STANDARD,2200,LAAA-Directorate of Resources
RBC Legal Entity,23/05/2022,4676509,318491,REED,Accountancy,1385.66,Agency Staff,Third Party Supplier,STANDARD,2200,LAAA-Directorate of Resources
RBC Legal Entity,23/05/2022,4676509,318491,REED,ASC Short Term Team,1396.5,Agency Staff,Third Party Supplier,STANDARD,5722,JAAA-Directorate of Social Care and Health Services
RBC Legal Entity,23/05/2022,4676509,318491,REED,ASC Short Term Team,1402.3,Agency Staff,Third Party Supplier,STANDARD,5722,JAAA-Directorate of Social Care and Health Services
RBC Legal Entity,23/05/2022,4676509,318491,REED,Valuation,1410.6,Agency Staff,Third Party Supplier,STANDARD,2100,KAAA-Directorate of Economic Growth and Neighbourhood Services
RBC Legal Entity,23/05/2022,4676509,318491,REED,ASC Short Term Team,1411.36,Agency Staff,Third Party Supplier,STANDARD,5722,JAAA-Directorate of Social Care and Health Services
RBC Legal Entity,23/05/2022,4676509,318491,REED,Food and Safety,1417.75,Agency Staff,Third Party Supplier,STANDARD,4614,KAAA-Directorate of Economic Growth and Neighbourhood Services
RBC Legal Entity,23/05/2022,4676509,318491,REED,ASC Locality Team,1439.3,Agency Staff,Third Party Supplier,STANDARD,5721,JAAA-Directorate of Social Care and Health Services
RBC Legal Entity,23/05/2022,4676509,318491,REED,BFFC Agency Staff (Rechargeable),1442.55,Agency Staff,Third Party Supplier,STANDARD,2008,LAAA-Directorate of Resources
RBC Legal Entity,23/05/2022,4676509,318491,REED,ASC Short Term Team,1445.3,Agency Staff,Third Party Supplier,STANDARD,5722,JAAA-Directorate of Social Care and Health Services
RBC Legal Entity,23/05/2022,4676509,318491,REED,Joint Legal Team,1459.11,Agency Staff,Third Party Supplier,STANDARD,2405,LAAA-Directorate of Resources
RBC Legal Entity,23/05/2022,4676509,318491,REED,BFFC Agency Staff (Rechargeable),1467,Agency Staff,Third Party Supplier,STANDARD,2008,LAAA-Directorate of Resources
RBC Legal Entity,23/05/2022,4676509,318491,REED,BFFC Agency Staff (Rechargeable),1467,Agency Staff,Third Party Supplier,STANDARD,2008,LAAA-Directorate of Resources
RBC Legal Entity,23/05/2022,4676509,318491,REED,BFFC Agency Staff (Rechargeable),1467,Agency Staff,Third Party Supplier,STANDARD,2008,LAAA-Directorate of Resources
RBC Legal Entity,23/05/2022,4676509,318491,REED,BFFC Agency Staff (Rechargeable),1467,Agency Staff,Third Party Supplier,STANDARD,2008,LAAA-Directorate of Resources
RBC Legal Entity,23/05/2022,4676509,318491,REED,BFFC Agency Staff (Rechargeable),1467,Agency Staff,Third Party Supplier,STANDARD,2008,LAAA-Directorate of Resources
RBC Legal Entity,23/05/2022,4676509,318491,REED,BFFC Agency Staff (Rechargeable),1467,Agency Staff,Third Party Supplier,STANDARD,2008,LAAA-Directorate of Resources
RBC Legal Entity,23/05/2022,4676509,318491,REED,BFFC Agency Staff (Rechargeable),1467,Agency Staff,Third Party Supplier,STANDARD,2008,LAAA-Directorate of Resources
RBC Legal Entity,23/05/2022,4676509,318491,REED,BFFC Agency Staff (Rechargeable),1467,Agency Staff,Third Party Supplier,STANDARD,2008,LAAA-Directorate of Resources
RBC Legal Entity,23/05/2022,4676509,318491,REED,BFFC Agency Staff (Rechargeable),1467,Agency Staff,Third Party Supplier,STANDARD,2008,LAAA-Directorate of Resources
RBC Legal Entity,23/05/2022,4676509,318491,REED,BFFC Agency Staff (Rechargeable),1467,Agency Staff,Third Party Supplier,STANDARD,2008,LAAA-Directorate of Resources
RBC Legal Entity,23/05/2022,4676509,318491,REED,BFFC Agency Staff (Rechargeable),1467,Agency Staff,Third Party Supplier,STANDARD,2008,LAAA-Directorate of Resources
RBC Legal Entity,23/05/2022,4676509,318491,REED,BFFC Agency Staff (Rechargeable),1467,Agency Staff,Third Party Supplier,STANDARD,2008,LAAA-Directorate of Resources
RBC Legal Entity,23/05/2022,4676509,318491,REED,BFFC Agency Staff (Rechargeable),1467,Agency Staff,Third Party Supplier,STANDARD,2008,LAAA-Directorate of Resources
RBC Legal Entity,23/05/2022,4676509,318491,REED,BFFC Agency Staff (Rechargeable),1467,Agency Staff,Third Party Supplier,STANDARD,2008,LAAA-Directorate of Resources
RBC Legal Entity,23/05/2022,4676509,318491,REED,BFFC Agency Staff (Rechargeable),1467,Agency Staff,Third Party Supplier,STANDARD,2008,LAAA-Directorate of Resources
RBC Legal Entity,23/05/2022,4676509,318491,REED,BFFC Agency Staff (Rechargeable),1467,Agency Staff,Third Party Supplier,STANDARD,2008,LAAA-Directorate of Resources
RBC Legal Entity,23/05/2022,4676509,318491,REED,BFFC Agency Staff (Rechargeable),1467,Agency Staff,Third Party Supplier,STANDARD,2008,LAAA-Directorate of Resources
RBC Legal Entity,23/05/2022,4676509,318491,REED,BFFC Agency Staff (Rechargeable),1474.5,Agency Staff,Third Party Supplier,STANDARD,2008,LAAA-Directorate of Resources
RBC Legal Entity,23/05/2022,4676509,318491,REED,BFFC Agency Staff (Rechargeable),1474.5,Agency Staff,Third Party Supplier,STANDARD,2008,LAAA-Directorate of Resources
RBC Legal Entity,23/05/2022,4676509,318491,REED,Transformation,1476.3,Agency Staff,Third Party Supplier,STANDARD,5289,JAAA-Directorate of Social Care and Health Services
RBC Legal Entity,23/05/2022,4676509,318491,REED,Joint Legal Team,1484.2,Agency Staff,Third Party Supplier,STANDARD,2405,LAAA-Directorate of Resources
RBC Legal Entity,23/05/2022,4676509,318491,REED,Legal Services,1520.1,Agency Staff,Third Party Supplier,STANDARD,2400,LAAA-Directorate of Resources
RBC Legal Entity,23/05/2022,4676509,318491,REED,Joint Legal Team,1537.48,Agency Staff,Third Party Supplier,STANDARD,2405,LAAA-Directorate of Resources
RBC Legal Entity,23/05/2022,4676509,318491,REED,Joint Legal Team,1542.73,Agency Staff,Third Party Supplier,STANDARD,2405,LAAA-Directorate of Resources
RBC Legal Entity,23/05/2022,4676509,318491,REED,ASC Short Term Team,1562.51,Agency Staff,Third Party Supplier,STANDARD,5722,JAAA-Directorate of Social Care and Health Services
RBC Legal Entity,23/05/2022,4676509,318491,REED,ASC Short Term Team,1590.41,Agency Staff,Third Party Supplier,STANDARD,5722,JAAA-Directorate of Social Care and Health Services
RBC Legal Entity,23/05/2022,4676509,318491,REED,Civil Engineering,1596.25,Agency Staff,Third Party Supplier,STANDARD,4550,KAAA-Directorate of Economic Growth and Neighbourhood Services
RBC Legal Entity,23/05/2022,4676509,318491,REED,ASC Short Term Team,1601.57,Agency Staff,Third Party Supplier,STANDARD,5722,JAAA-Directorate of Social Care and Health Services
RBC Legal Entity,23/05/2022,4676509,318491,REED,Legal Services,1617.02,Agency Staff,Third Party Supplier,STANDARD,2400,LAAA-Directorate of Resources
RBC Legal Entity,23/05/2022,4676509,318491,REED,BFFC Agency Staff (Rechargeable),1624.3,Agency Staff,Third Party Supplier,STANDARD,2008,LAAA-Directorate of Resources
RBC Legal Entity,23/05/2022,4676509,318491,REED,IT Management,1740.8,Agency Staff,Third Party Supplier,STANDARD,2300,EAAA-Chief Executive
RBC Legal Entity,23/05/2022,4676509,318491,REED,ASC Senior Management Team,1755.6,Agency Staff,Third Party Supplier,STANDARD,5700,JAAA-Directorate of Social Care and Health Services
RBC Legal Entity,23/05/2022,4676509,318491,REED,Accountancy,1768.95,Agency Staff,Third Party Supplier,STANDARD,2200,LAAA-Directorate of Resources
RBC Legal Entity,23/05/2022,4676509,318491,REED,BFFC Agency Staff (Rechargeable),1809.3,Agency Staff,Third Party Supplier,STANDARD,2008,LAAA-Directorate of Resources
RBC Legal Entity,23/05/2022,4676509,318491,REED,BFFC Agency Staff (Rechargeable),1809.3,Agency Staff,Third Party Supplier,STANDARD,2008,LAAA-Directorate of Resources
RBC Legal Entity,23/05/2022,4676509,318491,REED,Contact Centre,1840.8,Agency Staff,Third Party Supplier,STANDARD,2599,LAAA-Directorate of Resources
RBC Legal Entity,23/05/2022,4676509,318491,REED,Accountancy,1847.55,Agency Staff,Third Party Supplier,STANDARD,2200,LAAA-Directorate of Resources
RBC Legal Entity,23/05/2022,4676509,318491,REED,IT Management,1926.4,Agency Staff,Third Party Supplier,STANDARD,2300,EAAA-Chief Executive
RBC Legal Entity,23/05/2022,4676509,318491,REED,IT Management,1926.4,Agency Staff,Third Party Supplier,STANDARD,2300,EAAA-Chief Executive
RBC Legal Entity,23/05/2022,4676509,318491,REED,ASC Short Term Team,1927.08,Agency Staff,Third Party Supplier,STANDARD,5722,JAAA-Directorate of Social Care and Health Services
RBC Legal Entity,23/05/2022,4676509,318491,REED,BFFC Agency Staff (Rechargeable),1931.1,Agency Staff,Third Party Supplier,STANDARD,2008,LAAA-Directorate of Resources
RBC Legal Entity,23/05/2022,4676509,318491,REED,Joint Legal Team,1976.4,Agency Staff,Third Party Supplier,STANDARD,2405,LAAA-Directorate of Resources
RBC Legal Entity,23/05/2022,4676509,318491,REED,Test and Trace,1982.8,Agency Staff,Third Party Supplier,STANDARD,2068,JAAA-Directorate of Social Care and Health Services
RBC Legal Entity,23/05/2022,4676509,318491,REED,IT Management,1982.8,Agency Staff,Third Party Supplier,STANDARD,2300,EAAA-Chief Executive
RBC Legal Entity,23/05/2022,4676509,318491,REED,Legal Services,2037.7,Agency Staff,Third Party Supplier,STANDARD,2400,LAAA-Directorate of Resources
RBC Legal Entity,23/05/2022,4676509,318491,REED,Accountancy,2103.6,Agency Staff,Third Party Supplier,STANDARD,2200,LAAA-Directorate of Resources
RBC Legal Entity,23/05/2022,4676509,318491,REED,Legal Services,2122.79,Agency Staff,Third Party Supplier,STANDARD,2400,LAAA-Directorate of Resources
RBC Legal Entity,23/05/2022,4676509,318491,REED,BFFC Agency Staff (Rechargeable),2126.64,Agency Staff,Third Party Supplier,STANDARD,2008,LAAA-Directorate of Resources
RBC Legal Entity,23/05/2022,4676509,318491,REED,IT Management,2140.8,Agency Staff,Third Party Supplier,STANDARD,2300,EAAA-Chief Executive
RBC Legal Entity,23/05/2022,4676509,318491,REED,IT Management,2140.8,Agency Staff,Third Party Supplier,STANDARD,2300,EAAA-Chief Executive
RBC Legal Entity,23/05/2022,4676509,318491,REED,IT Management,2152.8,Agency Staff,Third Party Supplier,STANDARD,2300,EAAA-Chief Executive
RBC Legal Entity,23/05/2022,4676509,318491,REED,BFFC Agency Staff (Rechargeable),2276,Agency Staff,Third Party Supplier,STANDARD,2008,LAAA-Directorate of Resources
RBC Legal Entity,23/05/2022,4676509,318491,REED,Accountancy,2574.8,Agency Staff,Third Party Supplier,STANDARD,2200,LAAA-Directorate of Resources
RBC Legal Entity,23/05/2022,4676509,318491,REED,BFFC Agency Staff (Rechargeable),3196,Agency Staff,Third Party Supplier,STANDARD,2008,LAAA-Directorate of Resources
RBC Legal Entity,23/05/2022,4676455,318492,RABBITS VEHICLE HIRE LTD,Fleet Management,319.38,Vehicle Spot Hire,SUPPLIER,STANDARD,4552,KAAA-Directorate of Economic Growth and Neighbourhood Services
RBC Legal Entity,23/05/2022,4676455,318492,RABBITS VEHICLE HIRE LTD,Fleet Management,547.5,Vehicle Spot Hire,SUPPLIER,STANDARD,4552,KAAA-Directorate of Economic Growth and Neighbourhood Services
RBC Legal Entity,23/05/2022,4676455,318492,RABBITS VEHICLE HIRE LTD,Fleet Management,720,Vehicle Spot Hire,SUPPLIER,STANDARD,4552,KAAA-Directorate of Economic Growth and Neighbourhood Services
RBC Legal Entity,23/05/2022,4676455,318492,RABBITS VEHICLE HIRE LTD,Fleet Management,730,Vehicle Spot Hire,SUPPLIER,STANDARD,4552,KAAA-Directorate of Economic Growth and Neighbourhood Services
RBC Legal Entity,23/05/2022,4676455,318492,RABBITS VEHICLE HIRE LTD,Fleet Management,1250,Vehicle Spot Hire,SUPPLIER,STANDARD,4552,KAAA-Directorate of Economic Growth and Neighbourhood Services
RBC Legal Entity,23/05/2022,4679336,318493,PRESTIGE NETWORK,Customer Services - Reception,684,Translat.+Interpretation,SUPPLIER,STANDARD,2595,LAAA-Directorate of Resources
RBC Legal Entity,23/05/2022,4679336,318493,PRESTIGE NETWORK,Customer Services - Reception,3708.75,Translat.+Interpretation,SUPPLIER,STANDARD,2595,LAAA-Directorate of Resources
RBC Legal Entity,23/05/2022,4676252,318494,DSI BILLING SERVICES LTD,Council Tax & Business Rates,3268.64,Postage Carriage Stamp Duty,SUPPLIER,STANDARD,2250,LAAA-Directorate of Resources
RBC Legal Entity,23/05/2022,4678241,318495,SANDS SECURITY LTD,Hexagon Operations,1295,Security Charges,SUPPLIER,STANDARD,1200,KAAA-Directorate of Economic Growth and Neighbourhood Services
RBC Legal Entity,23/05/2022,4672426,318496,M & B ELECTRICAL SERVICES,Southcote Primary,7400,External Fees  Misc.,SUB-CONTRACTOR,STANDARD,8229,ZZZC-Capital
RBC Legal Entity,23/05/2022,4680760,318497,FLEETWOOD GRAB SERVICES LIMITED,Highways,280,Materials Direct,Third Party Supplier,STANDARD,4252,KAAA-Directorate of Economic Growth and Neighbourhood Services
RBC Legal Entity,23/05/2022,4680760,318497,FLEETWOOD GRAB SERVICES LIMITED,Highways,295,Waste Disposal,Third Party Supplier,STANDARD,4252,KAAA-Directorate of Economic Growth and Neighbourhood Services
RBC Legal Entity,23/05/2022,4680760,318497,FLEETWOOD GRAB SERVICES LIMITED,Highways,527,Materials Direct,Third Party Supplier,STANDARD,4252,KAAA-Directorate of Economic Growth and Neighbourhood Services
RBC Legal Entity,23/05/2022,4680760,318497,FLEETWOOD GRAB SERVICES LIMITED,Highways,885,Waste Disposal,Third Party Supplier,STANDARD,4252,KAAA-Directorate of Economic Growth and Neighbourhood Services
RBC Legal Entity,23/05/2022,4680760,318497,FLEETWOOD GRAB SERVICES LIMITED,Highways,1180,Waste Disposal,Third Party Supplier,STANDARD,4252,KAAA-Directorate of Economic Growth and Neighbourhood Services
RBC Legal Entity,23/05/2022,4680760,318497,FLEETWOOD GRAB SERVICES LIMITED,Highways,1963,Materials Direct,Third Party Supplier,STANDARD,4252,KAAA-Directorate of Economic Growth and Neighbourhood Services
RBC Legal Entity,23/05/2022,4676224,318501,BPS CHARTERED SURVEYORS,Planning,1100,Consultancy Fees,SUPPLIER,STANDARD,4700,KAAA-Directorate of Economic Growth and Neighbourhood Services
RBC Legal Entity,23/05/2022,4684372,318505,IMPACT RENOVATIONS LTD,Private Sector Grants,2652,Grants (Paid out by RBC),SUB-CONTRACTOR,STANDARD,8500,ZZZC-Capital
RBC Legal Entity,23/05/2022,4684334,318506,R&A HAINES BUILDING CONTRACTORS LTD,Repairs,5522.98,Special Adaptions,SUB-CONTRACTOR,STANDARD,5970,HAAA-Housing Revenue Account
RBC Legal Entity,23/05/2022,4676658,318508,NSL LIMITED,Special Parking Area,6528.99,Leasing Costs,Third Party Supplier,STANDARD,4724,KAAA-Directorate of Economic Growth and Neighbourhood Services
RBC Legal Entity,23/05/2022,4676658,318508,NSL LIMITED,Bus Lane Enforcement,8654.7,Leasing Costs,Third Party Supplier,STANDARD,4722,KAAA-Directorate of Economic Growth and Neighbourhood Services
RBC Legal Entity,23/05/2022,4676659,318508,NSL LIMITED,Bus Lane Enforcement,18,External Legal Services,Third Party Supplier,STANDARD,4722,KAAA-Directorate of Economic Growth and Neighbourhood Services
RBC Legal Entity,23/05/2022,4676659,318508,NSL LIMITED,Special Parking Area,2916,External Legal Services,Third Party Supplier,STANDARD,4724,KAAA-Directorate of Economic Growth and Neighbourhood Services
RBC Legal Entity,23/05/2022,4676663,318508,NSL LIMITED,Residents Parking,535.2,Postage Carriage Stamp Duty,Third Party Supplier,STANDARD,4723,KAAA-Directorate of Economic Growth and Neighbourhood Services
RBC Legal Entity,23/05/2022,4676663,318508,NSL LIMITED,Residents Parking,568.8,Postage Carriage Stamp Duty,Third Party Supplier,STANDARD,4723,KAAA-Directorate of Economic Growth and Neighbourhood Services
RBC Legal Entity,23/05/2022,4676664,318508,NSL LIMITED,Residents Parking,1867.58,Printing + Duplicating,Third Party Supplier,STANDARD,4723,KAAA-Directorate of Economic Growth and Neighbourhood Services
RBC Legal Entity,23/05/2022,4676664,318508,NSL LIMITED,Bus Lane Enforcement,3380.4,Leasing Costs,Third Party Supplier,STANDARD,4722,KAAA-Directorate of Economic Growth and Neighbourhood Services
RBC Legal Entity,23/05/2022,4676664,318508,NSL LIMITED,Special Parking Area,3811.94,Leasing Costs,Third Party Supplier,STANDARD,4724,KAAA-Directorate of Economic Growth and Neighbourhood Services
RBC Legal Entity,23/05/2022,4676664,318508,NSL LIMITED,Special Parking Area,6783,Leasing Costs,Third Party Supplier,STANDARD,4724,KAAA-Directorate of Economic Growth and Neighbourhood Services
RBC Legal Entity,23/05/2022,4676664,318508,NSL LIMITED,Bus Lane Enforcement,7648.92,Leasing Costs,Third Party Supplier,STANDARD,4722,KAAA-Directorate of Economic Growth and Neighbourhood Services
RBC Legal Entity,23/05/2022,4676664,318508,NSL LIMITED,Special Parking Area,7665.98,Leasing Costs,Third Party Supplier,STANDARD,4724,KAAA-Directorate of Economic Growth and Neighbourhood Services
RBC Legal Entity,23/05/2022,4676664,318508,NSL LIMITED,Bus Lane Enforcement,17875.1,Leasing Costs,Third Party Supplier,STANDARD,4722,KAAA-Directorate of Economic Growth and Neighbourhood Services
RBC Legal Entity,23/05/2022,4676665,318508,NSL LIMITED,Special Parking Area,5670,Leasing Costs,Third Party Supplier,STANDARD,4724,KAAA-Directorate of Economic Growth and Neighbourhood Services
RBC Legal Entity,23/05/2022,4676665,318508,NSL LIMITED,Special Parking Area,10783.63,Leasing Costs,Third Party Supplier,STANDARD,4724,KAAA-Directorate of Economic Growth and Neighbourhood Services
RBC Legal Entity,23/05/2022,4676665,318508,NSL LIMITED,Special Parking Area,82539.58,Leasing Costs,Third Party Supplier,STANDARD,4724,KAAA-Directorate of Economic Growth and Neighbourhood Services
RBC Legal Entity,23/05/2022,4676666,318508,NSL LIMITED,Bus Lane Enforcement,1329.79,Leasing Costs,Third Party Supplier,STANDARD,4722,KAAA-Directorate of Economic Growth and Neighbourhood Services
RBC Legal Entity,23/05/2022,4676666,318508,NSL LIMITED,Special Parking Area,1329.8,Leasing Costs,Third Party Supplier,STANDARD,4724,KAAA-Directorate of Economic Growth and Neighbourhood Services
RBC Legal Entity,23/05/2022,4676666,318508,NSL LIMITED,Residents Parking,1329.81,Leasing Costs,Third Party Supplier,STANDARD,4723,KAAA-Directorate of Economic Growth and Neighbourhood Services
RBC Legal Entity,23/05/2022,4676666,318508,NSL LIMITED,Special Parking Area,2174.4,Leasing Costs,Third Party Supplier,STANDARD,4724,KAAA-Directorate of Economic Growth and Neighbourhood Services
RBC Legal Entity,23/05/2022,4676666,318508,NSL LIMITED,On Street Pay and Display,2898.57,Courier/Cash Collection Serv.,Third Party Supplier,STANDARD,4727,KAAA-Directorate of Economic Growth and Neighbourhood Services
RBC Legal Entity,23/05/2022,4676666,318508,NSL LIMITED,On Street Pay and Display,5121.39,EquiptMaintenanceContract,Third Party Supplier,STANDARD,4727,KAAA-Directorate of Economic Growth and Neighbourhood Services
RBC Legal Entity,23/05/2022,4676667,318508,NSL LIMITED,Residents Parking,630.6,Postage Carriage Stamp Duty,Third Party Supplier,STANDARD,4723,KAAA-Directorate of Economic Growth and Neighbourhood Services
RBC Legal Entity,23/05/2022,4676667,318508,NSL LIMITED,Residents Parking,642,Postage Carriage Stamp Duty,Third Party Supplier,STANDARD,4723,KAAA-Directorate of Economic Growth and Neighbourhood Services
RBC Legal Entity,23/05/2022,4676667,318508,NSL LIMITED,Residents Parking,649.8,Postage Carriage Stamp Duty,Third Party Supplier,STANDARD,4723,KAAA-Directorate of Economic Growth and Neighbourhood Services
RBC Legal Entity,23/05/2022,4676667,318508,NSL LIMITED,Residents Parking,754.2,Postage Carriage Stamp Duty,Third Party Supplier,STANDARD,4723,KAAA-Directorate of Economic Growth and Neighbourhood Services
RBC Legal Entity,23/05/2022,4677426,318508,NSL LIMITED,On Street Pay and Display,66,Equipment Purchase & Repair,Third Party Supplier,STANDARD,4727,KAAA-Directorate of Economic Growth and Neighbourhood Services
RBC Legal Entity,23/05/2022,4677426,318508,NSL LIMITED,On Street Pay and Display,70,Equipment Purchase & Repair,Third Party Supplier,STANDARD,4727,KAAA-Directorate of Economic Growth and Neighbourhood Services
RBC Legal Entity,23/05/2022,4677426,318508,NSL LIMITED,On Street Pay and Display,197,Equipment Purchase & Repair,Third Party Supplier,STANDARD,4727,KAAA-Directorate of Economic Growth and Neighbourhood Services
RBC Legal Entity,23/05/2022,4677426,318508,NSL LIMITED,On Street Pay and Display,201,Equipment Purchase & Repair,Third Party Supplier,STANDARD,4727,KAAA-Directorate of Economic Growth and Neighbourhood Services
RBC Legal Entity,23/05/2022,4677426,318508,NSL LIMITED,On Street Pay and Display,266,Equipment Purchase & Repair,Third Party Supplier,STANDARD,4727,KAAA-Directorate of Economic Growth and Neighbourhood Services
RBC Legal Entity,23/05/2022,4677426,318508,NSL LIMITED,On Street Pay and Display,272,Equipment Purchase & Repair,Third Party Supplier,STANDARD,4727,KAAA-Directorate of Economic Growth and Neighbourhood Services
RBC Legal Entity,23/05/2022,4677426,318508,NSL LIMITED,On Street Pay and Display,440,Equipment Purchase & Repair,Third Party Supplier,STANDARD,4727,KAAA-Directorate of Economic Growth and Neighbourhood Services
RBC Legal Entity,23/05/2022,4677426,318508,NSL LIMITED,On Street Pay and Display,639,Equipment Purchase & Repair,Third Party Supplier,STANDARD,4727,KAAA-Directorate of Economic Growth and Neighbourhood Services
RBC Legal Entity,23/05/2022,4677426,318508,NSL LIMITED,On Street Pay and Display,1261,Equipment Purchase & Repair,Third Party Supplier,STANDARD,4727,KAAA-Directorate of Economic Growth and Neighbourhood Services
RBC Legal Entity,23/05/2022,4677431,318508,NSL LIMITED,Parking & Enforcement,822.95,Printing + Duplicating,Third Party Supplier,STANDARD,4725,KAAA-Directorate of Economic Growth and Neighbourhood Services
RBC Legal Entity,23/05/2022,4677431,318508,NSL LIMITED,Residents Parking,4000,Printing + Duplicating,Third Party Supplier,STANDARD,4723,KAAA-Directorate of Economic Growth and Neighbourhood Services
RBC Legal Entity,23/05/2022,4681683,318510,TOTAL COMMUNICATION SERVICES LTD,PS Acquired Community Services,1505,Purchased Care,Third Party Supplier,STANDARD,5771,JAAA-Directorate of Social Care and Health Services
RBC Legal Entity,23/05/2022,4681684,318510,TOTAL COMMUNICATION SERVICES LTD,LD Community Services,1365,Purchased Care,Third Party Supplier,STANDARD,5741,JAAA-Directorate of Social Care and Health Services
RBC Legal Entity,23/05/2022,4676733,318511,PORTSDOWN OFFICE LTD,Safer Community Unit,1132.88,Special Measures Expenses,Third Party Supplier,STANDARD,5365,KAAA-Directorate of Economic Growth and Neighbourhood Services
RBC Legal Entity,23/05/2022,4676492,318512,ALLPAY.NET.LIMITED,Rent Accounting,1820.55,Credit Card Commission,Third Party Supplier,STANDARD,5950,HAAA-Housing Revenue Account
RBC Legal Entity,23/05/2022,4677413,318512,ALLPAY.NET.LIMITED,Personal Budget Support Team,969.57,Stationery  Consumables,Third Party Supplier,STANDARD,5258,JAAA-Directorate of Social Care and Health Services
RBC Legal Entity,23/05/2022,4676408,318514,MR EDWARD KIRKWOOD,JLT Disbursements,1990,Misc. Legal Expenses,Third Party Supplier,STANDARD,2407,LAAA-Directorate of Resources
RBC Legal Entity,23/05/2022,4676708,318514,MR EDWARD KIRKWOOD,JLT Disbursements,1830,Misc. Legal Expenses,Third Party Supplier,STANDARD,2407,LAAA-Directorate of Resources
RBC Legal Entity,23/05/2022,4676228,318515,SOUND ADVICE ACOUSTIC LTD,Phoenix College (Reading Alternative),1300,External Fees  Misc.,Third Party Supplier,STANDARD,8264,ZZZC-Capital
RBC Legal Entity,23/05/2022,4676402,318516,MIRUS PROJECTS LIMITED,Repairs,255,Essential Cyclical Insp. + Mai,SUB-CONTRACTOR,STANDARD,5970,HAAA-Housing Revenue Account
RBC Legal Entity,23/05/2022,4676402,318516,MIRUS PROJECTS LIMITED,Corporate Maintenance Services,1750,Precepts,SUB-CONTRACTOR,STANDARD,4080,KAAA-Directorate of Economic Growth and Neighbourhood Services
RBC Legal Entity,23/05/2022,4676402,318516,MIRUS PROJECTS LIMITED,Corporate Maintenance Services,3195,Leasing Costs,SUB-CONTRACTOR,STANDARD,4080,KAAA-Directorate of Economic Growth and Neighbourhood Services
RBC Legal Entity,23/05/2022,4679240,318518,DAVIS SCAFFOLDING,DLO Day to Day Trades,1100,Subcontractors Labour,SUB-CONTRACTOR,STANDARD,4010,KAAA-Directorate of Economic Growth and Neighbourhood Services
RBC Legal Entity,23/05/2022,4679244,318518,DAVIS SCAFFOLDING,DLO Day to Day Trades,2310,Subcontractors Labour,SUB-CONTRACTOR,STANDARD,4010,KAAA-Directorate of Economic Growth and Neighbourhood Services
RBC Legal Entity,23/05/2022,4679245,318518,DAVIS SCAFFOLDING,DLO Day to Day Trades,1100,Subcontractors Labour,SUB-CONTRACTOR,STANDARD,4010,KAAA-Directorate of Economic Growth and Neighbourhood Services
RBC Legal Entity,23/05/2022,4679246,318518,DAVIS SCAFFOLDING,DLO Day to Day Trades,990,Subcontractors Labour,SUB-CONTRACTOR,STANDARD,4010,KAAA-Directorate of Economic Growth and Neighbourhood Services
RBC Legal Entity,23/05/2022,4679247,318518,DAVIS SCAFFOLDING,DLO Day to Day Trades,1320,Subcontractors Labour,SUB-CONTRACTOR,STANDARD,4010,KAAA-Directorate of Economic Growth and Neighbourhood Services
RBC Legal Entity,23/05/2022,4679248,318518,DAVIS SCAFFOLDING,DLO Wokingham Trades,660,Subcontractors Labour,SUB-CONTRACTOR,STANDARD,4050,KAAA-Directorate of Economic Growth and Neighbourhood Services
RBC Legal Entity,23/05/2022,4679250,318518,DAVIS SCAFFOLDING,DLO Day to Day Trades,1650,Subcontractors Labour,SUB-CONTRACTOR,STANDARD,4010,KAAA-Directorate of Economic Growth and Neighbourhood Services
RBC Legal Entity,23/05/2022,4676687,318520,THEBIGWORD INTERPRETING SERVICES LTD,Customer Services - Reception,2206.43,Translat.+Interpretation,SUPPLIER,STANDARD,2595,LAAA-Directorate of Resources
RBC Legal Entity,23/05/2022,4680339,318522,CREATIVE SUPPORT LTD,Mental Health Community Services,625.74,Purchased Care,Third Party Supplier,STANDARD,5731,JAAA-Directorate of Social Care and Health Services
RBC Legal Entity,23/05/2022,4680340,318522,CREATIVE SUPPORT LTD,Mental Health Community Services,1202.97,Purchased Care,Third Party Supplier,STANDARD,5731,JAAA-Directorate of Social Care and Health Services
RBC Legal Entity,23/05/2022,4680341,318522,CREATIVE SUPPORT LTD,Mental Health Community Services,892.75,Purchased Care,Third Party Supplier,STANDARD,5731,JAAA-Directorate of Social Care and Health Services
RBC Legal Entity,23/05/2022,4680342,318522,CREATIVE SUPPORT LTD,Mental Health Community Services,810.59,Purchased Care,Third Party Supplier,STANDARD,5731,JAAA-Directorate of Social Care and Health Services
RBC Legal Entity,23/05/2022,4680343,318522,CREATIVE SUPPORT LTD,Mental Health Community Services,788.94,Purchased Care,Third Party Supplier,STANDARD,5731,JAAA-Directorate of Social Care and Health Services
RBC Legal Entity,23/05/2022,4680353,318522,CREATIVE SUPPORT LTD,Mental Health Community Services,861.22,Purchased Care,Third Party Supplier,STANDARD,5731,JAAA-Directorate of Social Care and Health Services
RBC Legal Entity,23/05/2022,4680354,318522,CREATIVE SUPPORT LTD,Mental Health Community Services,622.56,Purchased Care,Third Party Supplier,STANDARD,5731,JAAA-Directorate of Social Care and Health Services
RBC Legal Entity,23/05/2022,4680357,318522,CREATIVE SUPPORT LTD,LD Community Services,758.5,Purchased Care,Third Party Supplier,STANDARD,5741,JAAA-Directorate of Social Care and Health Services
RBC Legal Entity,23/05/2022,4680358,318522,CREATIVE SUPPORT LTD,PS Acquired Community Services,851,Purchased Care,Third Party Supplier,STANDARD,5771,JAAA-Directorate of Social Care and Health Services
RBC Legal Entity,23/05/2022,4680361,318522,CREATIVE SUPPORT LTD,PS Acquired Community Services,647.5,Purchased Care,Third Party Supplier,STANDARD,5771,JAAA-Directorate of Social Care and Health Services
RBC Legal Entity,23/05/2022,4680362,318522,CREATIVE SUPPORT LTD,PS Acquired Community Services,518,Purchased Care,Third Party Supplier,STANDARD,5771,JAAA-Directorate of Social Care and Health Services
RBC Legal Entity,23/05/2022,4680364,318522,CREATIVE SUPPORT LTD,PS Acquired Community Services,1554,Purchased Care,Third Party Supplier,STANDARD,5771,JAAA-Directorate of Social Care and Health Services
RBC Legal Entity,23/05/2022,4680366,318522,CREATIVE SUPPORT LTD,PS Acquired Community Services,721.5,Purchased Care,Third Party Supplier,STANDARD,5771,JAAA-Directorate of Social Care and Health Services
RBC Legal Entity,23/05/2022,4680367,318522,CREATIVE SUPPORT LTD,PS Acquired Community Services,610.5,Purchased Care,Third Party Supplier,STANDARD,5771,JAAA-Directorate of Social Care and Health Services
RBC Legal Entity,23/05/2022,4680369,318522,CREATIVE SUPPORT LTD,Mental Health Community Services,1387.5,Purchased Care,Third Party Supplier,STANDARD,5731,JAAA-Directorate of Social Care and Health Services
RBC Legal Entity,23/05/2022,4680371,318522,CREATIVE SUPPORT LTD,Mental Health Community Services,1202.5,Purchased Care,Third Party Supplier,STANDARD,5731,JAAA-Directorate of Social Care and Health Services
RBC Legal Entity,23/05/2022,4680372,318522,CREATIVE SUPPORT LTD,PS Acquired Community Services,629,Purchased Care,Third Party Supplier,STANDARD,5771,JAAA-Directorate of Social Care and Health Services
RBC Legal Entity,23/05/2022,4680373,318522,CREATIVE SUPPORT LTD,PS Acquired Community Services,2331,Purchased Care,Third Party Supplier,STANDARD,5771,JAAA-Directorate of Social Care and Health Services
RBC Legal Entity,23/05/2022,4680375,318522,CREATIVE SUPPORT LTD,PS Acquired Community Services,832.5,Purchased Care,Third Party Supplier,STANDARD,5771,JAAA-Directorate of Social Care and Health Services
RBC Legal Entity,23/05/2022,4680378,318522,CREATIVE SUPPORT LTD,PS Acquired Community Services,1813,Purchased Care,Third Party Supplier,STANDARD,5771,JAAA-Directorate of Social Care and Health Services
RBC Legal Entity,23/05/2022,4680380,318522,CREATIVE SUPPORT LTD,PS Acquired Community Services,4662,Purchased Care,Third Party Supplier,STANDARD,5771,JAAA-Directorate of Social Care and Health Services
RBC Legal Entity,23/05/2022,4680381,318522,CREATIVE SUPPORT LTD,PS Acquired Community Services,3108,Purchased Care,Third Party Supplier,STANDARD,5771,JAAA-Directorate of Social Care and Health Services
RBC Legal Entity,23/05/2022,4680382,318522,CREATIVE SUPPORT LTD,PS Acquired Community Services,1498.5,Purchased Care,Third Party Supplier,STANDARD,5771,JAAA-Directorate of Social Care and Health Services
RBC Legal Entity,23/05/2022,4680383,318522,CREATIVE SUPPORT LTD,PS Acquired Community Services,1757.5,Purchased Care,Third Party Supplier,STANDARD,5771,JAAA-Directorate of Social Care and Health Services
RBC Legal Entity,23/05/2022,4680385,318522,CREATIVE SUPPORT LTD,PS Acquired Community Services,906.5,Purchased Care,Third Party Supplier,STANDARD,5771,JAAA-Directorate of Social Care and Health Services
RBC Legal Entity,23/05/2022,4680386,318522,CREATIVE SUPPORT LTD,PS Acquired Community Services,2201.5,Purchased Care,Third Party Supplier,STANDARD,5771,JAAA-Directorate of Social Care and Health Services
RBC Legal Entity,23/05/2022,4680387,318522,CREATIVE SUPPORT LTD,Mental Health Community Services,758.5,Purchased Care,Third Party Supplier,STANDARD,5731,JAAA-Directorate of Social Care and Health Services
RBC Legal Entity,23/05/2022,4680388,318522,CREATIVE SUPPORT LTD,PS Acquired Community Services,971.25,Purchased Care,Third Party Supplier,STANDARD,5771,JAAA-Directorate of Social Care and Health Services
RBC Legal Entity,23/05/2022,4680390,318522,CREATIVE SUPPORT LTD,Mental Health Community Services,906.5,Purchased Care,Third Party Supplier,STANDARD,5731,JAAA-Directorate of Social Care and Health Services
RBC Legal Entity,23/05/2022,4680391,318522,CREATIVE SUPPORT LTD,PS Acquired Community Services,518,Purchased Care,Third Party Supplier,STANDARD,5771,JAAA-Directorate of Social Care and Health Services
RBC Legal Entity,23/05/2022,4680393,318522,CREATIVE SUPPORT LTD,PS Acquired Community Services,1110,Purchased Care,Third Party Supplier,STANDARD,5771,JAAA-Directorate of Social Care and Health Services
RBC Legal Entity,23/05/2022,4680395,318522,CREATIVE SUPPORT LTD,PS Acquired Community Services,2719.5,Purchased Care,Third Party Supplier,STANDARD,5771,JAAA-Directorate of Social Care and Health Services
RBC Legal Entity,23/05/2022,4680396,318522,CREATIVE SUPPORT LTD,PS Acquired Community Services,555,Purchased Care,Third Party Supplier,STANDARD,5771,JAAA-Directorate of Social Care and Health Services
RBC Legal Entity,23/05/2022,4680398,318522,CREATIVE SUPPORT LTD,PS Acquired Community Services,4662,Purchased Care,Third Party Supplier,STANDARD,5771,JAAA-Directorate of Social Care and Health Services
RBC Legal Entity,23/05/2022,4680400,318522,CREATIVE SUPPORT LTD,PS Acquired Community Services,2275.5,Purchased Care,Third Party Supplier,STANDARD,5771,JAAA-Directorate of Social Care and Health Services
RBC Legal Entity,23/05/2022,4680406,318522,CREATIVE SUPPORT LTD,Mental Health Community Services,584.38,Purchased Care,Third Party Supplier,STANDARD,5731,JAAA-Directorate of Social Care and Health Services
RBC Legal Entity,23/05/2022,4680409,318522,CREATIVE SUPPORT LTD,Mental Health Community Services,554.37,Purchased Care,Third Party Supplier,STANDARD,5731,JAAA-Directorate of Social Care and Health Services
RBC Legal Entity,23/05/2022,4680410,318522,CREATIVE SUPPORT LTD,Mental Health Community Services,1509.82,Purchased Care,Third Party Supplier,STANDARD,5731,JAAA-Directorate of Social Care and Health Services
RBC Legal Entity,23/05/2022,4680411,318522,CREATIVE SUPPORT LTD,LD Community Services,573.5,Purchased Care,Third Party Supplier,STANDARD,5741,JAAA-Directorate of Social Care and Health Services
RBC Legal Entity,23/05/2022,4680414,318522,CREATIVE SUPPORT LTD,PS Acquired Community Services,1221,Purchased Care,Third Party Supplier,STANDARD,5771,JAAA-Directorate of Social Care and Health Services
RBC Legal Entity,23/05/2022,4680415,318522,CREATIVE SUPPORT LTD,PS Acquired Community Services,906.5,Purchased Care,Third Party Supplier,STANDARD,5771,JAAA-Directorate of Social Care and Health Services
RBC Legal Entity,23/05/2022,4680418,318522,CREATIVE SUPPORT LTD,PS Acquired Community Services,684.5,Purchased Care,Third Party Supplier,STANDARD,5771,JAAA-Directorate of Social Care and Health Services
RBC Legal Entity,23/05/2022,4680420,318522,CREATIVE SUPPORT LTD,PS Acquired Community Services,906.5,Purchased Care,Third Party Supplier,STANDARD,5771,JAAA-Directorate of Social Care and Health Services
RBC Legal Entity,23/05/2022,4680421,318522,CREATIVE SUPPORT LTD,PS Acquired Community Services,518,Purchased Care,Third Party Supplier,STANDARD,5771,JAAA-Directorate of Social Care and Health Services
RBC Legal Entity,23/05/2022,4680429,318522,CREATIVE SUPPORT LTD,Mental Health Community Services,1168.87,Purchased Care,Third Party Supplier,STANDARD,5731,JAAA-Directorate of Social Care and Health Services
RBC Legal Entity,23/05/2022,4678287,318524,BERKSHIRE CARS,Reading Play Services,1055,Provisions,Third Party Supplier,STANDARD,3820,KAAA-Directorate of Economic Growth and Neighbourhood Services
RBC Legal Entity,23/05/2022,4684202,318525,MR NICHOLAS GOODWIN,JLT Disbursements,3600,Misc. Legal Expenses,SUPPLIER,STANDARD,2407,LAAA-Directorate of Resources
RBC Legal Entity,23/05/2022,4684235,318526,CHRISTIAN HOWELL CARPENTRY,DLO Voids Trades,1000,Subcontractors Labour,SUB-CONTRACTOR,STANDARD,4020,KAAA-Directorate of Economic Growth and Neighbourhood Services
RBC Legal Entity,23/05/2022,4684235,318526,CHRISTIAN HOWELL CARPENTRY,DLO Voids Trades,13037.65,Subcontractors Labour,SUB-CONTRACTOR,STANDARD,4020,KAAA-Directorate of Economic Growth and Neighbourhood Services
RBC Legal Entity,23/05/2022,4684332,318526,CHRISTIAN HOWELL CARPENTRY,DLO Voids Trades,1000,Subcontractors Labour,SUB-CONTRACTOR,STANDARD,4020,KAAA-Directorate of Economic Growth and Neighbourhood Services
RBC Legal Entity,23/05/2022,4684332,318526,CHRISTIAN HOWELL CARPENTRY,DLO Voids Trades,20464.25,Subcontractors Labour,SUB-CONTRACTOR,STANDARD,4020,KAAA-Directorate of Economic Growth and Neighbourhood Services
RBC Legal Entity,23/05/2022,4680646,318527,SURECARE (READING & EAST BERKSHIRE),PS Acquired Community Services,552.16,Purchased Care,Third Party Supplier,STANDARD,5771,JAAA-Directorate of Social Care and Health Services
RBC Legal Entity,23/05/2022,4680647,318527,SURECARE (READING & EAST BERKSHIRE),PS Acquired Community Services,966.28,Purchased Care,Third Party Supplier,STANDARD,5771,JAAA-Directorate of Social Care and Health Services
RBC Legal Entity,23/05/2022,4680649,318527,SURECARE (READING & EAST BERKSHIRE),PS Acquired Community Services,2484.72,Purchased Care,Third Party Supplier,STANDARD,5771,JAAA-Directorate of Social Care and Health Services
RBC Legal Entity,23/05/2022,4680650,318527,SURECARE (READING & EAST BERKSHIRE),M&C Acquired Community Services,1252.22,Purchased Care,Third Party Supplier,STANDARD,5751,JAAA-Directorate of Social Care and Health Services
RBC Legal Entity,23/05/2022,4680655,318527,SURECARE (READING & EAST BERKSHIRE),M&C Acquired Community Services,1242.36,Purchased Care,Third Party Supplier,STANDARD,5751,JAAA-Directorate of Social Care and Health Services
RBC Legal Entity,23/05/2022,4680656,318527,SURECARE (READING & EAST BERKSHIRE),PS Acquired Community Services,2515.61,Purchased Care,Third Party Supplier,STANDARD,5771,JAAA-Directorate of Social Care and Health Services
RBC Legal Entity,23/05/2022,4680657,318527,SURECARE (READING & EAST BERKSHIRE),PS Acquired Community Services,690.2,Purchased Care,Third Party Supplier,STANDARD,5771,JAAA-Directorate of Social Care and Health Services
RBC Legal Entity,23/05/2022,4680658,318527,SURECARE (READING & EAST BERKSHIRE),PS Acquired Community Services,1518.44,Purchased Care,Third Party Supplier,STANDARD,5771,JAAA-Directorate of Social Care and Health Services
RBC Legal Entity,23/05/2022,4680659,318527,SURECARE (READING & EAST BERKSHIRE),PS Acquired Community Services,2484.72,Purchased Care,Third Party Supplier,STANDARD,5771,JAAA-Directorate of Social Care and Health Services
RBC Legal Entity,23/05/2022,4680661,318527,SURECARE (READING & EAST BERKSHIRE),PS Acquired Community Services,2992.51,Purchased Care,Third Party Supplier,STANDARD,5771,JAAA-Directorate of Social Care and Health Services
RBC Legal Entity,23/05/2022,4680663,318527,SURECARE (READING & EAST BERKSHIRE),PS Acquired Community Services,2479.46,Purchased Care,Third Party Supplier,STANDARD,5771,JAAA-Directorate of Social Care and Health Services
RBC Legal Entity,23/05/2022,4680664,318527,SURECARE (READING & EAST BERKSHIRE),PS Acquired Community Services,3510.16,Purchased Care,Third Party Supplier,STANDARD,5771,JAAA-Directorate of Social Care and Health Services
RBC Legal Entity,23/05/2022,4680665,318527,SURECARE (READING & EAST BERKSHIRE),PS Acquired Community Services,3312.96,Purchased Care,Third Party Supplier,STANDARD,5771,JAAA-Directorate of Social Care and Health Services
RBC Legal Entity,23/05/2022,4680666,318527,SURECARE (READING & EAST BERKSHIRE),PS Acquired Community Services,2918.56,Purchased Care,Third Party Supplier,STANDARD,5771,JAAA-Directorate of Social Care and Health Services
RBC Legal Entity,23/05/2022,4680667,318527,SURECARE (READING & EAST BERKSHIRE),PS Acquired Community Services,966.28,Purchased Care,Third Party Supplier,STANDARD,5771,JAAA-Directorate of Social Care and Health Services
RBC Legal Entity,23/05/2022,4680668,318527,SURECARE (READING & EAST BERKSHIRE),Mental Health Community Services,1321.24,Purchased Care,Third Party Supplier,STANDARD,5731,JAAA-Directorate of Social Care and Health Services
RBC Legal Entity,23/05/2022,4680669,318527,SURECARE (READING & EAST BERKSHIRE),PS Acquired Community Services,1548.02,Purchased Care,Third Party Supplier,STANDARD,5771,JAAA-Directorate of Social Care and Health Services
RBC Legal Entity,23/05/2022,4680670,318527,SURECARE (READING & EAST BERKSHIRE),PS Acquired Community Services,596.53,Purchased Care,Third Party Supplier,STANDARD,5771,JAAA-Directorate of Social Care and Health Services
RBC Legal Entity,23/05/2022,4680673,318527,SURECARE (READING & EAST BERKSHIRE),PS Acquired Community Services,1178.27,Purchased Care,Third Party Supplier,STANDARD,5771,JAAA-Directorate of Social Care and Health Services
RBC Legal Entity,23/05/2022,4676534,318530,FCC RECYCLING (UK) LTD,Refuse Collection,9011.94,Tipping Charge,SUPPLIER,STANDARD,4561,KAAA-Directorate of Economic Growth and Neighbourhood Services
RBC Legal Entity,23/05/2022,4676535,318530,FCC RECYCLING (UK) LTD,Grounds Maintenance,2814.03,Parks Tipping,SUPPLIER,STANDARD,1306,KAAA-Directorate of Economic Growth and Neighbourhood Services
RBC Legal Entity,23/05/2022,4676540,318530,FCC RECYCLING (UK) LTD,Grounds Maintenance,681.98,Parks Tipping,SUPPLIER,STANDARD,1306,KAAA-Directorate of Economic Growth and Neighbourhood Services
RBC Legal Entity,23/05/2022,4677330,318532,CHRISTINE JULIEN,JLT Disbursements,800,Misc. Legal Expenses,SUPPLIER,STANDARD,2407,LAAA-Directorate of Resources
RBC Legal Entity,23/05/2022,4681442,318534,HOARDING DISORDERS UK CIC,ASC Short Term Team,395,Training & Development Costs,SUPPLIER,STANDARD,5722,JAAA-Directorate of Social Care and Health Services
RBC Legal Entity,23/05/2022,4681442,318534,HOARDING DISORDERS UK CIC,ASC Short Term Team,1900,Training & Development Costs,SUPPLIER,STANDARD,5722,JAAA-Directorate of Social Care and Health Services
RBC Legal Entity,23/05/2022,4676225,318535,WATERS CREATIVE LTD,New Directions,960,Software Support,SUPPLIER,STANDARD,3340,KAAA-Directorate of Economic Growth and Neighbourhood Services
RBC Legal Entity,23/05/2022,4676395,318538,MTI TECHNOLOGY LTD,IT Management,50043,Software Licences,Third Party Supplier,STANDARD,2300,EAAA-Chief Executive
RBC Legal Entity,23/05/2022,4679278,318539,DEELAND LTD T/A SERVICEMASTER,Void Property Management,564.8,Office Cleaning,Third Party Supplier,STANDARD,5921,HAAA-Housing Revenue Account
RBC Legal Entity,23/05/2022,4679284,318539,DEELAND LTD T/A SERVICEMASTER,Void Property Management,468.79,Office Cleaning,Third Party Supplier,STANDARD,5921,HAAA-Housing Revenue Account
RBC Legal Entity,23/05/2022,4679289,318539,DEELAND LTD T/A SERVICEMASTER,Void Property Management,2025.18,Office Cleaning,Third Party Supplier,STANDARD,5921,HAAA-Housing Revenue Account
RBC Legal Entity,23/05/2022,4679991,318539,DEELAND LTD T/A SERVICEMASTER,Void Property Management,935.56,Office Cleaning,Third Party Supplier,STANDARD,5921,HAAA-Housing Revenue Account
RBC Legal Entity,23/05/2022,4678344,318540,SAFESITE FENCING LTD,Caretakers Properties,648,Building Maintenance,SUB-CONTRACTOR,STANDARD,3700,KAAA-Directorate of Economic Growth and Neighbourhood Services
RBC Legal Entity,23/05/2022,4677009,318542,DEAF REACH UK,Advocacy,1575,Professional Fees,Third Party Supplier,STANDARD,5303,JAAA-Directorate of Social Care and Health Services
RBC Legal Entity,23/05/2022,4676705,318544,CORE ASSETS GROUP,JLT Disbursements,596.8,Misc. Legal Expenses,Third Party Supplier,STANDARD,2407,LAAA-Directorate of Resources
RBC Legal Entity,23/05/2022,4684221,318545,J&R TYRES LTD,Fleet Management,603,Unfair Wear + Tear Costs,Third Party Supplier,STANDARD,4552,KAAA-Directorate of Economic Growth and Neighbourhood Services
RBC Legal Entity,23/05/2022,4676463,318547,PERFECT CIRCLE JV LTD,HRA portfolio expansion,26520.91,External Fees  Misc.,SUPPLIER,STANDARD,8518,ZZZC-Capital
RBC Legal Entity,23/05/2022,4676464,318547,PERFECT CIRCLE JV LTD,HRA portfolio expansion,10653.59,External Fees  Misc.,SUPPLIER,STANDARD,8518,ZZZC-Capital
RBC Legal Entity,23/05/2022,4676209,318548,STANTEC UK LIMITED,LEP Projects,15872.55,Contractors,Third Party Supplier,STANDARD,8806,ZZZC-Capital
RBC Legal Entity,23/05/2022,4676247,318548,STANTEC UK LIMITED,LEP Projects,3320,Contractors,Third Party Supplier,STANDARD,8806,ZZZC-Capital
RBC Legal Entity,23/05/2022,4676248,318548,STANTEC UK LIMITED,LEP Projects,1704.34,Contractors,Third Party Supplier,STANDARD,8806,ZZZC-Capital
RBC Legal Entity,23/05/2022,4684374,318549,ETHICAL READING,ASC Senior Management Team,622.5,Project Fees,Third Party Supplier,STANDARD,5700,JAAA-Directorate of Social Care and Health Services
RBC Legal Entity,23/05/2022,4680242,318550,IMPERIAL POLYTHENE PRODUCTS LTD,Street Cleansing,2683.2,"MaterialsHcrafts,Chemcal",SUPPLIER,STANDARD,4566,KAAA-Directorate of Economic Growth and Neighbourhood Services
RBC Legal Entity,23/05/2022,4680243,318550,IMPERIAL POLYTHENE PRODUCTS LTD,Street Cleansing,2116.8,"MaterialsHcrafts,Chemcal",SUPPLIER,STANDARD,4566,KAAA-Directorate of Economic Growth and Neighbourhood Services
RBC Legal Entity,23/05/2022,4678223,318551,JADE SECURITY SERVICES LTD,Post Room,2900,Courier/Cash Collection Serv.,Third Party Supplier,STANDARD,2585,KAAA-Directorate of Economic Growth and Neighbourhood Services
RBC Legal Entity,23/05/2022,4680751,318551,JADE SECURITY SERVICES LTD,Post Room,15.55,Courier/Cash Collection Serv.,Third Party Supplier,STANDARD,2585,KAAA-Directorate of Economic Growth and Neighbourhood Services
RBC Legal Entity,23/05/2022,4680751,318551,JADE SECURITY SERVICES LTD,Post Room,408.25,Courier/Cash Collection Serv.,Third Party Supplier,STANDARD,2585,KAAA-Directorate of Economic Growth and Neighbourhood Services
RBC Legal Entity,23/05/2022,4677457,318554,PELLIKAAN CONSTRUCTION LTD,Leisure Review,1405852.1,Building Works,SUB-CONTRACTOR,STANDARD,8016,ZZZC-Capital
RBC Legal Entity,23/05/2022,4677458,318554,PELLIKAAN CONSTRUCTION LTD,Leisure Review,726096.99,Building Works,SUB-CONTRACTOR,STANDARD,8016,ZZZC-Capital
RBC Legal Entity,23/05/2022,4676324,318555,AGILISYS LIMITED,IT Management,27218.87,TPP to Others,Third Party Supplier,STANDARD,2300,EAAA-Chief Executive
RBC Legal Entity,23/05/2022,4676324,318555,AGILISYS LIMITED,IT Management,54784.11,TPP to Others,Third Party Supplier,STANDARD,2300,EAAA-Chief Executive
RBC Legal Entity,23/05/2022,4677329,318556,ACCESS SYSTEMS (UK) LIMITED T/A ACCESSPAY ,ASC Operational Management Team,2000,Software Licences,SUPPLIER,STANDARD,5309,JAAA-Directorate of Social Care and Health Services
RBC Legal Entity,23/05/2022,4656087,318557,ADVANCED BUSINESS SOFTWARE & SOLUTIONS LTD,Finance systems Re-procurement,11071.31,Staff/Consultancy,Third Party Supplier,STANDARD,8637,ZZZC-Capital
RBC Legal Entity,23/05/2022,4679852,318557,ADVANCED BUSINESS SOFTWARE & SOLUTIONS LTD,Finance systems Re-procurement,3999.92,Staff/Consultancy,Third Party Supplier,STANDARD,8637,ZZZC-Capital
RBC Legal Entity,23/05/2022,4680963,318557,ADVANCED BUSINESS SOFTWARE & SOLUTIONS LTD,Finance systems Re-procurement,11071.31,Staff/Consultancy,Third Party Supplier,STANDARD,8637,ZZZC-Capital
RBC Legal Entity,23/05/2022,4681124,318557,ADVANCED BUSINESS SOFTWARE & SOLUTIONS LTD,Finance systems Re-procurement,-11071.31,Staff/Consultancy,Third Party Supplier,CREDIT,8637,ZZZC-Capital
RBC Legal Entity,23/05/2022,4681125,318557,ADVANCED BUSINESS SOFTWARE & SOLUTIONS LTD,Finance systems Re-procurement,-11071.31,Staff/Consultancy,Third Party Supplier,CREDIT,8637,ZZZC-Capital
RBC Legal Entity,23/05/2022,4676454,318558,KCOM GROUP LTD,IT Management,864.4,"Internet Connections, etc",Third Party Supplier,STANDARD,2300,EAAA-Chief Executive
RBC Legal Entity,23/05/2022,4676507,318559,DR MARY JOYCE,Safeguarding Adults,1107.6,Professional Fees,INDIVIDUAL,STANDARD,5158,JAAA-Directorate of Social Care and Health Services
RBC Legal Entity,23/05/2022,4677393,318560,ADAPTED VEHICLE HIRE LTD,Fleet Management,835.8,Vehicle Spot Hire,Third Party Supplier,STANDARD,4552,KAAA-Directorate of Economic Growth and Neighbourhood Services
RBC Legal Entity,23/05/2022,4679308,318561,SQUIRE PATTON BOGGS (UK) LLP,Property Development,4842.85,Misc. Legal Expenses,SUPPLIER,STANDARD,5995,KAAA-Directorate of Economic Growth and Neighbourhood Services
RBC Legal Entity,23/05/2022,4678343,318562,PESTPRO BIRD SOLUTIONS LTD,DLO Day to Day Trades,475,Subcontractors Labour,Third Party Supplier,STANDARD,4010,KAAA-Directorate of Economic Growth and Neighbourhood Services
RBC Legal Entity,23/05/2022,4676373,318563,SALVATION ARMY SOCIAL SERVICES FINANCE,Housing GF General Charges,40000,Preventive+SupportiveServ,Third Party Supplier,STANDARD,5810,KAAA-Directorate of Economic Growth and Neighbourhood Services
RBC Legal Entity,23/05/2022,4677203,318564,SHOW & TELL PRODUCTIONS LTD,South Street Operations,989.15,Professional Fees,SUPPLIER,STANDARD,1220,KAAA-Directorate of Economic Growth and Neighbourhood Services
RBC Legal Entity,23/05/2022,4677471,318565,M&D SERVICES,Park Service,1090,Property Management,SUB-CONTRACTOR,STANDARD,1302,KAAA-Directorate of Economic Growth and Neighbourhood Services
RBC Legal Entity,23/05/2022,4677318,318566,DNA LEGAL LTD,JLT Disbursements,905,Misc. Legal Expenses,SUPPLIER,STANDARD,2407,LAAA-Directorate of Resources
RBC Legal Entity,23/05/2022,4677319,318566,DNA LEGAL LTD,JLT Disbursements,500,Misc. Legal Expenses,SUPPLIER,STANDARD,2407,LAAA-Directorate of Resources
RBC Legal Entity,23/05/2022,4676433,318567,VIVEDIA LTD,Crematorium,2365,Equipment Purchase & Repair,SUPPLIER,STANDARD,4606,LAAA-Directorate of Resources
RBC Legal Entity,23/05/2022,4678315,318571,STORUM LTD T/A METAFENCE,Repairs,1953.5,Decent Neighbourhood Funding,SUB-CONTRACTOR,STANDARD,5970,HAAA-Housing Revenue Account
RBC Legal Entity,23/05/2022,4676297,318573,F M CONWAY LTD,Highways,866.18,Materials Direct,SUB-CONTRACTOR,STANDARD,4252,KAAA-Directorate of Economic Growth and Neighbourhood Services
RBC Legal Entity,23/05/2022,4676632,318573,F M CONWAY LTD,Highways,618.7,Materials Direct,SUB-CONTRACTOR,STANDARD,4252,KAAA-Directorate of Economic Growth and Neighbourhood Services
RBC Legal Entity,23/05/2022,4676641,318573,F M CONWAY LTD,Highways,816.06,Materials Direct,SUB-CONTRACTOR,STANDARD,4252,KAAA-Directorate of Economic Growth and Neighbourhood Services
RBC Legal Entity,23/05/2022,4676485,318575,BIERCE TECHNICAL SERVICES LIMITED,Repairs,1437.5,Boilers + Heating Systems,SUPPLIER,STANDARD,5970,HAAA-Housing Revenue Account
RBC Legal Entity,23/05/2022,4676493,318575,BIERCE TECHNICAL SERVICES LIMITED,DLO Voids Trades,1062.5,Subcontractors Labour,SUPPLIER,STANDARD,4020,KAAA-Directorate of Economic Growth and Neighbourhood Services
RBC Legal Entity,23/05/2022,4677217,318576,BTU (INSTALLATION & MAINTENANCE) LTD,Archives General,596.3,Plant Maintenance,SUB-CONTRACTOR,STANDARD,1256,KAAA-Directorate of Economic Growth and Neighbourhood Services
RBC Legal Entity,23/05/2022,4677221,318576,BTU (INSTALLATION & MAINTENANCE) LTD,Archives General,464.63,Plant Maintenance,SUB-CONTRACTOR,STANDARD,1256,KAAA-Directorate of Economic Growth and Neighbourhood Services
RBC Legal Entity,23/05/2022,4681772,318578,MY LIFE SEMI-INDEPENDENT PROJECT LTD,Social Support,2005.01,Purchased Care,Third Party Supplier,STANDARD,5790,JAAA-Directorate of Social Care and Health Services
RBC Legal Entity,23/05/2022,4680749,318579,EUROPEAN ASBESTOS SERVICES LTD,MRA Account,13081.24,Asbestos,SUB-CONTRACTOR,STANDARD,5975,HAAA-Housing Revenue Account
RBC Legal Entity,23/05/2022,4677008,318580,GLENHOLME HEALTHCARE (NGC) LTD,LD Community Services,7140.43,Purchased Care,Third Party Supplier,STANDARD,5741,JAAA-Directorate of Social Care and Health Services
RBC Legal Entity,23/05/2022,4679342,318581,MOTION CONSULTANTS LTD,Sundry Properties,1490,Consultancy Fees,Third Party Supplier,STANDARD,2125,KAAA-Directorate of Economic Growth and Neighbourhood Services
RBC Legal Entity,23/05/2022,4679951,318581,MOTION CONSULTANTS LTD,Strategic Transport & Concessionary Fares,1121.25,TPP to Others,Third Party Supplier,STANDARD,4726,KAAA-Directorate of Economic Growth and Neighbourhood Services
RBC Legal Entity,23/05/2022,4677202,318582,INVOTRA LIMITED,IT Management,4205.4,Software Support,Third Party Supplier,STANDARD,2300,EAAA-Chief Executive
RBC Legal Entity,23/05/2022,4679213,318585,JET PLANT HIRE LTD,Highways,525,Subcontractors Labour,Third Party Supplier,STANDARD,4252,KAAA-Directorate of Economic Growth and Neighbourhood Services
RBC Legal Entity,23/05/2022,4679213,318585,JET PLANT HIRE LTD,Highways,635,Subcontractors Labour,Third Party Supplier,STANDARD,4252,KAAA-Directorate of Economic Growth and Neighbourhood Services
RBC Legal Entity,23/05/2022,4679213,318585,JET PLANT HIRE LTD,Highways,1235,Subcontractors Labour,Third Party Supplier,STANDARD,4252,KAAA-Directorate of Economic Growth and Neighbourhood Services
RBC Legal Entity,23/05/2022,4681974,318586,ASAHI UK LTD,Hexagon Catering,1671.89,Purchases - Stock Provisions,Third Party Supplier,STANDARD,1241,KAAA-Directorate of Economic Growth and Neighbourhood Services
RBC Legal Entity,23/05/2022,4681975,318586,ASAHI UK LTD,Hexagon Catering,1603.02,Purchases - Stock Provisions,Third Party Supplier,STANDARD,1241,KAAA-Directorate of Economic Growth and Neighbourhood Services
RBC Legal Entity,23/05/2022,4680777,318587,BERKSHIRE ROOMS,Bed and Breakfast,665,Rents,Third Party Supplier,STANDARD,5871,KAAA-Directorate of Economic Growth and Neighbourhood Services
RBC Legal Entity,23/05/2022,4680783,318587,BERKSHIRE ROOMS,Bed and Breakfast,133,Rents,Third Party Supplier,STANDARD,5871,KAAA-Directorate of Economic Growth and Neighbourhood Services
RBC Legal Entity,23/05/2022,4680783,318587,BERKSHIRE ROOMS,Bed and Breakfast,532,Rents,Third Party Supplier,STANDARD,5871,KAAA-Directorate of Economic Growth and Neighbourhood Services
RBC Legal Entity,23/05/2022,4680786,318587,BERKSHIRE ROOMS,Bed and Breakfast,840,Rents,Third Party Supplier,STANDARD,5871,KAAA-Directorate of Economic Growth and Neighbourhood Services
RBC Legal Entity,23/05/2022,4680854,318587,BERKSHIRE ROOMS,Bed and Breakfast,182,Rents,Third Party Supplier,STANDARD,5871,KAAA-Directorate of Economic Growth and Neighbourhood Services
RBC Legal Entity,23/05/2022,4680854,318587,BERKSHIRE ROOMS,Bed and Breakfast,728,Rents,Third Party Supplier,STANDARD,5871,KAAA-Directorate of Economic Growth and Neighbourhood Services
RBC Legal Entity,23/05/2022,4680855,318587,BERKSHIRE ROOMS,Bed and Breakfast,175,Rents,Third Party Supplier,STANDARD,5871,KAAA-Directorate of Economic Growth and Neighbourhood Services
RBC Legal Entity,23/05/2022,4680855,318587,BERKSHIRE ROOMS,Bed and Breakfast,700,Rents,Third Party Supplier,STANDARD,5871,KAAA-Directorate of Economic Growth and Neighbourhood Services
RBC Legal Entity,23/05/2022,4680879,318587,BERKSHIRE ROOMS,Bed and Breakfast,245,Rents,Third Party Supplier,STANDARD,5871,KAAA-Directorate of Economic Growth and Neighbourhood Services
RBC Legal Entity,23/05/2022,4680879,318587,BERKSHIRE ROOMS,Bed and Breakfast,980,Rents,Third Party Supplier,STANDARD,5871,KAAA-Directorate of Economic Growth and Neighbourhood Services
RBC Legal Entity,23/05/2022,4680952,318587,BERKSHIRE ROOMS,Bed and Breakfast,168,Rents,Third Party Supplier,STANDARD,5871,KAAA-Directorate of Economic Growth and Neighbourhood Services
RBC Legal Entity,23/05/2022,4680952,318587,BERKSHIRE ROOMS,Bed and Breakfast,672,Rents,Third Party Supplier,STANDARD,5871,KAAA-Directorate of Economic Growth and Neighbourhood Services
RBC Legal Entity,23/05/2022,4676709,318588,C M DWYER CONSULTANCY SERVICES LIMITED,JLT Disbursements,500,Misc. Legal Expenses,Third Party Supplier,STANDARD,2407,LAAA-Directorate of Resources
RBC Legal Entity,23/05/2022,4679973,318590,SUSTAINABLE BUILDING SERVICES (UK) LTD,MRA Account,59806.47,Roofs + Structural,SUB-CONTRACTOR,STANDARD,5975,HAAA-Housing Revenue Account
RBC Legal Entity,23/05/2022,4679974,318590,SUSTAINABLE BUILDING SERVICES (UK) LTD,MRA Account,51987.69,Roofs + Structural,SUB-CONTRACTOR,STANDARD,5975,HAAA-Housing Revenue Account
RBC Legal Entity,23/05/2022,4679979,318590,SUSTAINABLE BUILDING SERVICES (UK) LTD,MRA Account,115127.4,Roofs + Structural,SUB-CONTRACTOR,STANDARD,5975,HAAA-Housing Revenue Account
RBC Legal Entity,23/05/2022,4679980,318590,SUSTAINABLE BUILDING SERVICES (UK) LTD,MRA Account,10707.18,Roofs + Structural,SUB-CONTRACTOR,STANDARD,5975,HAAA-Housing Revenue Account
RBC Legal Entity,23/05/2022,4679982,318590,SUSTAINABLE BUILDING SERVICES (UK) LTD,MRA Account,49634.71,Major Repairs – Capital Projects,SUB-CONTRACTOR,STANDARD,5975,HAAA-Housing Revenue Account
RBC Legal Entity,24/05/2022,4679199,318598,BIDVEST FOODSERVICE (BIDFOOD),Hexagon Catering,13.65,Purchases - Stock Provisions,Third Party Supplier,STANDARD,1241,KAAA-Directorate of Economic Growth and Neighbourhood Services
RBC Legal Entity,24/05/2022,4679199,318598,BIDVEST FOODSERVICE (BIDFOOD),Hexagon Catering,1024.61,Purchases - Stock Provisions,Third Party Supplier,STANDARD,1241,KAAA-Directorate of Economic Growth and Neighbourhood Services
RBC Legal Entity,24/05/2022,4662234,318599,KOMPAN LTD,Parks + Open Spaces,6360.06,Contractors,SUB-CONTRACTOR,STANDARD,8003,ZZZC-Capital
RBC Legal Entity,24/05/2022,4679844,318601,GLASRITE LTD,DLO Day to Day Trades,845,Subcontractors Labour,SUB-CONTRACTOR,STANDARD,4010,KAAA-Directorate of Economic Growth and Neighbourhood Services
RBC Legal Entity,24/05/2022,4678267,318606,GRUNDON WASTE MANAGEMENT LIMITED,Waste Transfer Station,1537,Payment to Grundon,SUPPLIER,STANDARD,4192,KAAA-Directorate of Economic Growth and Neighbourhood Services
RBC Legal Entity,24/05/2022,4679319,318608,ROYAL MAIL GROUP LTD,IT Management,1167.28,Courier/Cash Collection Serv.,Third Party Supplier,STANDARD,2300,EAAA-Chief Executive
RBC Legal Entity,24/05/2022,4684326,318611,A2 DOMINION GROUP,PS Acquired Community Services,1206.5,Purchased Care,Third Party Supplier,STANDARD,5771,JAAA-Directorate of Social Care and Health Services
RBC Legal Entity,24/05/2022,4662148,318612,HAGS-SMP LIMITED,Parks + Open Spaces,-1277.68,Contractors,SUB-CONTRACTOR,CREDIT,8003,ZZZC-Capital
RBC Legal Entity,24/05/2022,4674334,318612,HAGS-SMP LIMITED,Grounds Maintenance,850,CPG Maintenance,SUB-CONTRACTOR,STANDARD,1306,KAAA-Directorate of Economic Growth and Neighbourhood Services
RBC Legal Entity,24/05/2022,4684501,318612,HAGS-SMP LIMITED,Parks + Open Spaces,5946.71,Equipment,SUB-CONTRACTOR,STANDARD,8003,ZZZC-Capital
RBC Legal Entity,24/05/2022,4684505,318614,MR SALES AND LETTINGS LTD,Housing Advice,829.82,Responsive Repairs,Landlord,STANDARD,5820,KAAA-Directorate of Economic Growth and Neighbourhood Services
RBC Legal Entity,24/05/2022,4684506,318614,MR SALES AND LETTINGS LTD,Housing Advice,538.5,Responsive Repairs,Landlord,STANDARD,5820,KAAA-Directorate of Economic Growth and Neighbourhood Services
RBC Legal Entity,24/05/2022,4684518,318616,BERKSHIRE WOMENS AID,Domestic Abuse Reduction,15000,Preventive+SupportiveServ,Third Party Supplier,STANDARD,5366,KAAA-Directorate of Economic Growth and Neighbourhood Services
RBC Legal Entity,24/05/2022,4684519,318616,BERKSHIRE WOMENS AID,Domestic Abuse Reduction,49166.66,Preventive+SupportiveServ,Third Party Supplier,STANDARD,5366,KAAA-Directorate of Economic Growth and Neighbourhood Services
RBC Legal Entity,24/05/2022,4672424,318618,M & B ELECTRICAL SERVICES,Energy Management,3761,Equipment,SUB-CONTRACTOR,STANDARD,8607,ZZZC-Capital
RBC Legal Entity,24/05/2022,4684474,318619,KIELY BROS LTD,Road Resurfacing,593270.73,Contractors,SUB-CONTRACTOR,STANDARD,8870,ZZZC-Capital
RBC Legal Entity,24/05/2022,4673296,318620,ADDICTION RECOVERY CENTRES LTD,Drug Treatment Crime and Harm Reduction Grant,2095,Purchased Care,Third Party Supplier,STANDARD,2070,JAAA-Directorate of Social Care and Health Services
RBC Legal Entity,24/05/2022,4684256,318621,ROYLE CARE LTD,PS Acquired Community Services,2370.56,Purchased Care,Third Party Supplier,STANDARD,5771,JAAA-Directorate of Social Care and Health Services
RBC Legal Entity,24/05/2022,4684257,318621,ROYLE CARE LTD,PS Acquired Community Services,2333.52,Purchased Care,Third Party Supplier,STANDARD,5771,JAAA-Directorate of Social Care and Health Services
RBC Legal Entity,24/05/2022,4684258,318621,ROYLE CARE LTD,PS Acquired Community Services,634.31,Purchased Care,Third Party Supplier,STANDARD,5771,JAAA-Directorate of Social Care and Health Services
RBC Legal Entity,24/05/2022,4684263,318621,ROYLE CARE LTD,PS Acquired Community Services,513,Purchased Care,Third Party Supplier,STANDARD,5771,JAAA-Directorate of Social Care and Health Services
RBC Legal Entity,24/05/2022,4684281,318621,ROYLE CARE LTD,PS Acquired Community Services,997.5,Purchased Care,Third Party Supplier,STANDARD,5771,JAAA-Directorate of Social Care and Health Services
RBC Legal Entity,24/05/2022,4684291,318621,ROYLE CARE LTD,PS Acquired Community Services,2166,Purchased Care,Third Party Supplier,STANDARD,5771,JAAA-Directorate of Social Care and Health Services
RBC Legal Entity,24/05/2022,4684302,318621,ROYLE CARE LTD,PS Acquired Community Services,2254.81,Purchased Care,Third Party Supplier,STANDARD,5771,JAAA-Directorate of Social Care and Health Services
RBC Legal Entity,24/05/2022,4684304,318621,ROYLE CARE LTD,Mental Health Community Services,2333.52,Purchased Care,Third Party Supplier,STANDARD,5731,JAAA-Directorate of Social Care and Health Services
RBC Legal Entity,24/05/2022,4684251,318623,VJ CARERS LIMITED,PS Acquired Community Services,2484.72,Purchased Care,Third Party Supplier,STANDARD,5771,JAAA-Directorate of Social Care and Health Services
RBC Legal Entity,24/05/2022,4679881,318626,PROVIDE SESS LTD,Cemeteries,1785,Security costs,Third Party Supplier,STANDARD,4607,LAAA-Directorate of Resources
RBC Legal Entity,24/05/2022,4680750,318626,PROVIDE SESS LTD,Public Conveniences,960,Security costs,Third Party Supplier,STANDARD,4352,KAAA-Directorate of Economic Growth and Neighbourhood Services
RBC Legal Entity,24/05/2022,4684507,318629,GEORGE HALLMEY,Housing Advice,814,Responsive Repairs,SUPPLIER,STANDARD,5820,KAAA-Directorate of Economic Growth and Neighbourhood Services
RBC Legal Entity,24/05/2022,4681177,318630,BIDVEST NOONAN GROUP (UK) LTD,Archives General,942.32,Office Cleaning,Third Party Supplier,STANDARD,1256,KAAA-Directorate of Economic Growth and Neighbourhood Services
RBC Legal Entity,24/05/2022,4684259,318631,PEOPLE MATTER SUPPORT SERVICES LTD,PS Acquired Community Services,1178,Purchased Care,SUPPLIER,STANDARD,5771,JAAA-Directorate of Social Care and Health Services
RBC Legal Entity,24/05/2022,4679867,318633,LAUNCHPAD READING,Housing GF General Charges,27500,Preventive+SupportiveServ,Third Party Supplier,STANDARD,5810,KAAA-Directorate of Economic Growth and Neighbourhood Services
RBC Legal Entity,24/05/2022,4684530,318634,SPECIALIST BUILDING PRODUCTS LTD T/A WREKIN WINDOWS,Repairs,11424.3,Window Replacement,SUB-CONTRACTOR,STANDARD,5970,HAAA-Housing Revenue Account
RBC Legal Entity,24/05/2022,4684327,318636,I.V CARE LTD,PS Acquired Community Services,2242,Purchased Care,Third Party Supplier,STANDARD,5771,JAAA-Directorate of Social Care and Health Services
RBC Legal Entity,24/05/2022,4676452,318640,TUSKERDIRECT LTD,Corporate Management Team,37.83,General & Admin & Clerical,Third Party Supplier,STANDARD,2001,EAAA-Chief Executive
RBC Legal Entity,24/05/2022,4676452,318640,TUSKERDIRECT LTD,Corporate Management Team,950.35,General & Admin & Clerical,Third Party Supplier,STANDARD,2001,EAAA-Chief Executive
RBC Legal Entity,24/05/2022,4676469,318640,TUSKERDIRECT LTD,Exchequer Services,37.85,General & Admin & Clerical,Third Party Supplier,STANDARD,2210,LAAA-Directorate of Resources
RBC Legal Entity,24/05/2022,4676469,318640,TUSKERDIRECT LTD,Exchequer Services,431.25,General & Admin & Clerical,Third Party Supplier,STANDARD,2210,LAAA-Directorate of Resources
RBC Legal Entity,24/05/2022,4676473,318640,TUSKERDIRECT LTD,HR & Payroll,48.96,General & Admin & Clerical,Third Party Supplier,STANDARD,2600,LAAA-Directorate of Resources
RBC Legal Entity,24/05/2022,4676473,318640,TUSKERDIRECT LTD,HR & Payroll,812.08,General & Admin & Clerical,Third Party Supplier,STANDARD,2600,LAAA-Directorate of Resources
RBC Legal Entity,24/05/2022,4679238,318640,TUSKERDIRECT LTD,Audit,47.65,General & Admin & Clerical,Third Party Supplier,STANDARD,2225,LAAA-Directorate of Resources
RBC Legal Entity,24/05/2022,4679238,318640,TUSKERDIRECT LTD,Audit,872.8,General & Admin & Clerical,Third Party Supplier,STANDARD,2225,LAAA-Directorate of Resources
RBC Legal Entity,24/05/2022,4679239,318640,TUSKERDIRECT LTD,DEGNS Management,44.22,General & Admin & Clerical,Third Party Supplier,STANDARD,1500,KAAA-Directorate of Economic Growth and Neighbourhood Services
RBC Legal Entity,24/05/2022,4679239,318640,TUSKERDIRECT LTD,DEGNS Management,819.31,General & Admin & Clerical,Third Party Supplier,STANDARD,1500,KAAA-Directorate of Economic Growth and Neighbourhood Services
RBC Legal Entity,24/05/2022,4679241,318640,TUSKERDIRECT LTD,Highways,50.94,General & Admin & Clerical,Third Party Supplier,STANDARD,4252,KAAA-Directorate of Economic Growth and Neighbourhood Services
RBC Legal Entity,24/05/2022,4679241,318640,TUSKERDIRECT LTD,Highways,488.07,General & Admin & Clerical,Third Party Supplier,STANDARD,4252,KAAA-Directorate of Economic Growth and Neighbourhood Services
RBC Legal Entity,24/05/2022,4679249,318640,TUSKERDIRECT LTD,HR & Payroll,85.38,General & Admin & Clerical,Third Party Supplier,STANDARD,2600,LAAA-Directorate of Resources
RBC Legal Entity,24/05/2022,4679249,318640,TUSKERDIRECT LTD,HR & Payroll,415.5,General & Admin & Clerical,Third Party Supplier,STANDARD,2600,LAAA-Directorate of Resources
RBC Legal Entity,24/05/2022,4679251,318640,TUSKERDIRECT LTD,DLO Housing & Corporate Projects,34.96,General & Admin & Clerical,Third Party Supplier,STANDARD,4045,KAAA-Directorate of Economic Growth and Neighbourhood Services
RBC Legal Entity,24/05/2022,4679251,318640,TUSKERDIRECT LTD,DLO Housing & Corporate Projects,545.16,General & Admin & Clerical,Third Party Supplier,STANDARD,4045,KAAA-Directorate of Economic Growth and Neighbourhood Services
RBC Legal Entity,24/05/2022,4684328,318641,CSN CARE GROUP LTD T/A CAREWATCH,PS Acquired Community Services,1352.24,Purchased Care,Third Party Supplier,STANDARD,5771,JAAA-Directorate of Social Care and Health Services
RBC Legal Entity,24/05/2022,4681133,318642,IBIS STYLES READING CENTRE,Single Homelessness Grants,46.67,Preventive+SupportiveServ,Third Party Supplier,STANDARD,5860,KAAA-Directorate of Economic Growth and Neighbourhood Services
RBC Legal Entity,24/05/2022,4681133,318642,IBIS STYLES READING CENTRE,Single Homelessness Grants,134.6,Preventive+SupportiveServ,Third Party Supplier,STANDARD,5860,KAAA-Directorate of Economic Growth and Neighbourhood Services
RBC Legal Entity,24/05/2022,4681133,318642,IBIS STYLES READING CENTRE,Single Homelessness Grants,538.48,Preventive+SupportiveServ,Third Party Supplier,STANDARD,5860,KAAA-Directorate of Economic Growth and Neighbourhood Services
RBC Legal Entity,24/05/2022,4680880,318643,BERKSHIRE ROOMS,Bed and Breakfast,180,Rents,Third Party Supplier,STANDARD,5871,KAAA-Directorate of Economic Growth and Neighbourhood Services
RBC Legal Entity,24/05/2022,4680880,318643,BERKSHIRE ROOMS,Bed and Breakfast,216,Rents,Third Party Supplier,STANDARD,5871,KAAA-Directorate of Economic Growth and Neighbourhood Services
RBC Legal Entity,24/05/2022,4680880,318643,BERKSHIRE ROOMS,Bed and Breakfast,864,Rents,Third Party Supplier,STANDARD,5871,KAAA-Directorate of Economic Growth and Neighbourhood Services
RBC Legal Entity,24/05/2022,4680887,318643,BERKSHIRE ROOMS,Bed and Breakfast,120,Rents,Third Party Supplier,STANDARD,5871,KAAA-Directorate of Economic Growth and Neighbourhood Services
RBC Legal Entity,24/05/2022,4680887,318643,BERKSHIRE ROOMS,Bed and Breakfast,240,Rents,Third Party Supplier,STANDARD,5871,KAAA-Directorate of Economic Growth and Neighbourhood Services
RBC Legal Entity,24/05/2022,4680887,318643,BERKSHIRE ROOMS,Bed and Breakfast,480,Rents,Third Party Supplier,STANDARD,5871,KAAA-Directorate of Economic Growth and Neighbourhood Services
RBC Legal Entity,24/05/2022,4680980,318643,BERKSHIRE ROOMS,Bed and Breakfast,660,Rents,Third Party Supplier,STANDARD,5871,KAAA-Directorate of Economic Growth and Neighbourhood Services
RBC Legal Entity,24/05/2022,4684532,318643,BERKSHIRE ROOMS,Bed and Breakfast,133,Rents,Third Party Supplier,STANDARD,5871,KAAA-Directorate of Economic Growth and Neighbourhood Services
RBC Legal Entity,24/05/2022,4684532,318643,BERKSHIRE ROOMS,Bed and Breakfast,532,Rents,Third Party Supplier,STANDARD,5871,KAAA-Directorate of Economic Growth and Neighbourhood Services
RBC Legal Entity,24/05/2022,4684533,318643,BERKSHIRE ROOMS,Bed and Breakfast,133,Rents,Third Party Supplier,STANDARD,5871,KAAA-Directorate of Economic Growth and Neighbourhood Services
RBC Legal Entity,24/05/2022,4684533,318643,BERKSHIRE ROOMS,Bed and Breakfast,532,Rents,Third Party Supplier,STANDARD,5871,KAAA-Directorate of Economic Growth and Neighbourhood Services
RBC Legal Entity,24/05/2022,4684535,318643,BERKSHIRE ROOMS,Bed and Breakfast,665,Rents,Third Party Supplier,STANDARD,5871,KAAA-Directorate of Economic Growth and Neighbourhood Services
RBC Legal Entity,24/05/2022,4684536,318643,BERKSHIRE ROOMS,Bed and Breakfast,665,Rents,Third Party Supplier,STANDARD,5871,KAAA-Directorate of Economic Growth and Neighbourhood Services
RBC Legal Entity,24/05/2022,4684537,318643,BERKSHIRE ROOMS,Bed and Breakfast,770,Rents,Third Party Supplier,STANDARD,5871,KAAA-Directorate of Economic Growth and Neighbourhood Services
RBC Legal Entity,24/05/2022,4684538,318643,BERKSHIRE ROOMS,Bed and Breakfast,182,Rents,Third Party Supplier,STANDARD,5871,KAAA-Directorate of Economic Growth and Neighbourhood Services
RBC Legal Entity,24/05/2022,4684538,318643,BERKSHIRE ROOMS,Bed and Breakfast,728,Rents,Third Party Supplier,STANDARD,5871,KAAA-Directorate of Economic Growth and Neighbourhood Services
RBC Legal Entity,24/05/2022,4684305,318644,LOVING ANGELS CARE,PS Acquired Community Services,4609.92,Purchased Care,Third Party Supplier,STANDARD,5771,JAAA-Directorate of Social Care and Health Services
RBC Legal Entity,24/05/2022,4684306,318644,LOVING ANGELS CARE,LD Community Services,557.44,Purchased Care,Third Party Supplier,STANDARD,5741,JAAA-Directorate of Social Care and Health Services
RBC Legal Entity,24/05/2022,4681891,318645,MPS COMPANIES LTD,Highways,199.75,Materials Direct,Third Party Supplier,STANDARD,4252,KAAA-Directorate of Economic Growth and Neighbourhood Services
RBC Legal Entity,24/05/2022,4681891,318645,MPS COMPANIES LTD,Drainage,200,Materials Direct,Third Party Supplier,STANDARD,4104,KAAA-Directorate of Economic Growth and Neighbourhood Services
RBC Legal Entity,24/05/2022,4681891,318645,MPS COMPANIES LTD,Highways,349.95,Materials Direct,Third Party Supplier,STANDARD,4252,KAAA-Directorate of Economic Growth and Neighbourhood Services
RBC Legal Entity,24/05/2022,4681891,318645,MPS COMPANIES LTD,Highways,699.95,Materials Direct,Third Party Supplier,STANDARD,4252,KAAA-Directorate of Economic Growth and Neighbourhood Services
RBC Legal Entity,24/05/2022,4677048,318651,THE REGARD PARTNERSHIP LTD,Mental Health Community Services,2669.76,Purchased Care,Third Party Supplier,STANDARD,5731,JAAA-Directorate of Social Care and Health Services
RBC Legal Entity,24/05/2022,4677049,318651,THE REGARD PARTNERSHIP LTD,Mental Health Community Services,2301.32,Purchased Care,Third Party Supplier,STANDARD,5731,JAAA-Directorate of Social Care and Health Services
RBC Legal Entity,24/05/2022,4677050,318651,THE REGARD PARTNERSHIP LTD,Mental Health Community Services,2413,Purchased Care,Third Party Supplier,STANDARD,5731,JAAA-Directorate of Social Care and Health Services
RBC Legal Entity,24/05/2022,4680002,318652,INTEGRATED SERVICES PROGRAMME,LD Community Services,1941.84,Purchased Care,Third Party Supplier,STANDARD,5741,JAAA-Directorate of Social Care and Health Services
RBC Legal Entity,24/05/2022,4681612,318653,MATES RATES COMEDY LTD,South Street Operations,-1798,Ticket SalesPerformances,Third Party Supplier,CREDIT,1220,KAAA-Directorate of Economic Growth and Neighbourhood Services
RBC Legal Entity,24/05/2022,4681612,318653,MATES RATES COMEDY LTD,South Street Operations,-400,Hire of Function Rooms,Third Party Supplier,CREDIT,1220,KAAA-Directorate of Economic Growth and Neighbourhood Services
RBC Legal Entity,24/05/2022,4681612,318653,MATES RATES COMEDY LTD,South Street Operations,-192,Administration Charges,Third Party Supplier,CREDIT,1220,KAAA-Directorate of Economic Growth and Neighbourhood Services
RBC Legal Entity,24/05/2022,4681612,318653,MATES RATES COMEDY LTD,Cultural Services Marketing,-40,Publicity & Media Work,Third Party Supplier,CREDIT,1235,KAAA-Directorate of Economic Growth and Neighbourhood Services
RBC Legal Entity,24/05/2022,4681612,318653,MATES RATES COMEDY LTD,South Street Operations,-29.97,Royalties,Third Party Supplier,CREDIT,1220,KAAA-Directorate of Economic Growth and Neighbourhood Services
RBC Legal Entity,24/05/2022,4681612,318653,MATES RATES COMEDY LTD,South Street Operations,563.96,Professional Fees,Third Party Supplier,STANDARD,1220,KAAA-Directorate of Economic Growth and Neighbourhood Services
RBC Legal Entity,24/05/2022,4681612,318653,MATES RATES COMEDY LTD,South Street Operations,1234.04,Professional Fees,Third Party Supplier,STANDARD,1220,KAAA-Directorate of Economic Growth and Neighbourhood Services
RBC Legal Entity,24/05/2022,4681612,318653,MATES RATES COMEDY LTD,Hexagon Performances,1990,Ticket SalesPerformances,Third Party Supplier,STANDARD,1202,KAAA-Directorate of Economic Growth and Neighbourhood Services
RBC Legal Entity,24/05/2022,4681556,318654,BULLFINCH (GAS EQUIPMENT) LTD,Events & Engagement,98,Special Activities,Third Party Supplier,STANDARD,2080,EAAA-Chief Executive
RBC Legal Entity,24/05/2022,4681556,318654,BULLFINCH (GAS EQUIPMENT) LTD,Events & Engagement,490,Special Activities,Third Party Supplier,STANDARD,2080,EAAA-Chief Executive
RBC Legal Entity,24/05/2022,4684481,318655,DEBORAH JEREMIAH,Domestic Abuse Reduction,500,Preventive+SupportiveServ,Third Party Supplier,STANDARD,5366,KAAA-Directorate of Economic Growth and Neighbourhood Services
RBC Legal Entity,25/05/2022,4684734,318657,STROUD COURT COMMUNITY TRUST,LD Residential,-614.4,Client Contrib. Residential,SUPPLIER,CREDIT,5742,JAAA-Directorate of Social Care and Health Services
RBC Legal Entity,25/05/2022,4684734,318657,STROUD COURT COMMUNITY TRUST,LD Residential,6054.52,Purchased Care,SUPPLIER,STANDARD,5742,JAAA-Directorate of Social Care and Health Services
RBC Legal Entity,25/05/2022,4684728,318658,LANDLACE CAREHOMES LTD,LD Residential,4437.12,Purchased Care,SUPPLIER,STANDARD,5742,JAAA-Directorate of Social Care and Health Services
RBC Legal Entity,25/05/2022,4684680,318660,TCM PARTNERSHIP,LD Residential,-438.8,Client Contrib. Residential,SUPPLIER,CREDIT,5742,JAAA-Directorate of Social Care and Health Services
RBC Legal Entity,25/05/2022,4684680,318660,TCM PARTNERSHIP,LD Residential,8322.24,Purchased Care,SUPPLIER,STANDARD,5742,JAAA-Directorate of Social Care and Health Services
RBC Legal Entity,25/05/2022,4684697,318662,BUPA CARE SERVICES,Mental Health Nursing,1662.88,Purchased Care,SUPPLIER,STANDARD,5733,JAAA-Directorate of Social Care and Health Services
RBC Legal Entity,25/05/2022,4684725,318662,BUPA CARE SERVICES,PS Acquired Nursing,6200,Purchased Care,SUPPLIER,STANDARD,5773,JAAA-Directorate of Social Care and Health Services
RBC Legal Entity,25/05/2022,4684847,318662,BUPA CARE SERVICES,Social Support,-1318.26,Purchased Care,SUPPLIER,CREDIT,5790,JAAA-Directorate of Social Care and Health Services
RBC Legal Entity,25/05/2022,4684863,318662,BUPA CARE SERVICES,PS Acquired Nursing,7504,Free Nursing Care,SUPPLIER,STANDARD,5773,JAAA-Directorate of Social Care and Health Services
RBC Legal Entity,25/05/2022,4684863,318662,BUPA CARE SERVICES,PS Acquired Nursing,112685.48,Purchased Care,SUPPLIER,STANDARD,5773,JAAA-Directorate of Social Care and Health Services
RBC Legal Entity,25/05/2022,4684890,318662,BUPA CARE SERVICES,Social Support,4128.72,Purchased Care,SUPPLIER,STANDARD,5790,JAAA-Directorate of Social Care and Health Services
RBC Legal Entity,25/05/2022,4684920,318662,BUPA CARE SERVICES,PS Acquired Nursing,5289.36,Purchased Care,SUPPLIER,STANDARD,5773,JAAA-Directorate of Social Care and Health Services
RBC Legal Entity,25/05/2022,4684921,318662,BUPA CARE SERVICES,PS Acquired Nursing,5289.36,Purchased Care,SUPPLIER,STANDARD,5773,JAAA-Directorate of Social Care and Health Services
RBC Legal Entity,25/05/2022,4684924,318662,BUPA CARE SERVICES,PS Acquired Nursing,5289.36,Purchased Care,SUPPLIER,STANDARD,5773,JAAA-Directorate of Social Care and Health Services
RBC Legal Entity,25/05/2022,4684925,318662,BUPA CARE SERVICES,PS Acquired Nursing,5289.36,Purchased Care,SUPPLIER,STANDARD,5773,JAAA-Directorate of Social Care and Health Services
RBC Legal Entity,25/05/2022,4684928,318662,BUPA CARE SERVICES,PS Acquired Nursing,5289.36,Purchased Care,SUPPLIER,STANDARD,5773,JAAA-Directorate of Social Care and Health Services
RBC Legal Entity,25/05/2022,4684930,318662,BUPA CARE SERVICES,PS Acquired Nursing,5289.36,Purchased Care,SUPPLIER,STANDARD,5773,JAAA-Directorate of Social Care and Health Services
RBC Legal Entity,25/05/2022,4684944,318662,BUPA CARE SERVICES,PS Acquired Nursing,5289.36,Purchased Care,SUPPLIER,STANDARD,5773,JAAA-Directorate of Social Care and Health Services
RBC Legal Entity,25/05/2022,4684945,318662,BUPA CARE SERVICES,PS Acquired Nursing,7660.47,Purchased Care,SUPPLIER,STANDARD,5773,JAAA-Directorate of Social Care and Health Services
RBC Legal Entity,25/05/2022,4684946,318662,BUPA CARE SERVICES,PS Lifelong Nursing,5289.36,Purchased Care,SUPPLIER,STANDARD,5783,JAAA-Directorate of Social Care and Health Services
RBC Legal Entity,25/05/2022,4684949,318662,BUPA CARE SERVICES,PS Acquired Nursing,5289.36,Purchased Care,SUPPLIER,STANDARD,5773,JAAA-Directorate of Social Care and Health Services
RBC Legal Entity,25/05/2022,4684952,318662,BUPA CARE SERVICES,Mental Health Nursing,5289.36,Purchased Care,SUPPLIER,STANDARD,5733,JAAA-Directorate of Social Care and Health Services
RBC Legal Entity,25/05/2022,4684964,318662,BUPA CARE SERVICES,Social Support,5135.32,Purchased Care,SUPPLIER,STANDARD,5790,JAAA-Directorate of Social Care and Health Services
RBC Legal Entity,25/05/2022,4684978,318662,BUPA CARE SERVICES,PS Acquired Nursing,5289.36,Purchased Care,SUPPLIER,STANDARD,5773,JAAA-Directorate of Social Care and Health Services
RBC Legal Entity,25/05/2022,4684979,318662,BUPA CARE SERVICES,PS Acquired Nursing,5289.36,Purchased Care,SUPPLIER,STANDARD,5773,JAAA-Directorate of Social Care and Health Services
RBC Legal Entity,25/05/2022,4684981,318662,BUPA CARE SERVICES,PS Acquired Nursing,5289.36,Purchased Care,SUPPLIER,STANDARD,5773,JAAA-Directorate of Social Care and Health Services
RBC Legal Entity,25/05/2022,4684985,318662,BUPA CARE SERVICES,Mental Health Nursing,1790.56,Purchased Care,SUPPLIER,STANDARD,5733,JAAA-Directorate of Social Care and Health Services
RBC Legal Entity,25/05/2022,4685011,318662,BUPA CARE SERVICES,PS Acquired Nursing,5105.2,Purchased Care,SUPPLIER,STANDARD,5773,JAAA-Directorate of Social Care and Health Services
RBC Legal Entity,25/05/2022,4684881,318664,DIVINE CARE SOLUTIONS,LD Residential,3184.44,Purchased Care,SUPPLIER,STANDARD,5742,JAAA-Directorate of Social Care and Health Services
RBC Legal Entity,25/05/2022,4684717,318666,THE ABBEYFIELD READING SOCIETY LTD,PS Acquired Residential,3200,Purchased Care,Third Party Supplier,STANDARD,5772,JAAA-Directorate of Social Care and Health Services
RBC Legal Entity,25/05/2022,4684672,318668,AUSTEN HOUSE BARCHESTER HEALTHCARE,M&C Acquired Nursing,3138.8,Purchased Care,Third Party Supplier,STANDARD,5753,JAAA-Directorate of Social Care and Health Services
RBC Legal Entity,25/05/2022,4684720,318668,AUSTEN HOUSE BARCHESTER HEALTHCARE,Mental Health Nursing,3600,Purchased Care,Third Party Supplier,STANDARD,5733,JAAA-Directorate of Social Care and Health Services
RBC Legal Entity,25/05/2022,4684783,318668,AUSTEN HOUSE BARCHESTER HEALTHCARE,PS Acquired Nursing,3800,Purchased Care,Third Party Supplier,STANDARD,5773,JAAA-Directorate of Social Care and Health Services
RBC Legal Entity,25/05/2022,4684668,318670,PURLEY PARK TRUST LTD,LD Residential,4492,Purchased Care,Third Party Supplier,STANDARD,5742,JAAA-Directorate of Social Care and Health Services
RBC Legal Entity,25/05/2022,4684669,318670,PURLEY PARK TRUST LTD,PS Lifelong Residential,4492,Purchased Care,Third Party Supplier,STANDARD,5782,JAAA-Directorate of Social Care and Health Services
RBC Legal Entity,25/05/2022,4684671,318670,PURLEY PARK TRUST LTD,LD Residential,4152,Purchased Care,Third Party Supplier,STANDARD,5742,JAAA-Directorate of Social Care and Health Services
RBC Legal Entity,25/05/2022,4684676,318670,PURLEY PARK TRUST LTD,LD Residential,-438.8,Client Contrib. Residential,Third Party Supplier,CREDIT,5742,JAAA-Directorate of Social Care and Health Services
RBC Legal Entity,25/05/2022,4684676,318670,PURLEY PARK TRUST LTD,LD Residential,4693.04,Purchased Care,Third Party Supplier,STANDARD,5742,JAAA-Directorate of Social Care and Health Services
RBC Legal Entity,25/05/2022,4684678,318670,PURLEY PARK TRUST LTD,LD Residential,-627.8,Client Contrib. Residential,Third Party Supplier,CREDIT,5742,JAAA-Directorate of Social Care and Health Services
RBC Legal Entity,25/05/2022,4684678,318670,PURLEY PARK TRUST LTD,LD Residential,4492,Purchased Care,Third Party Supplier,STANDARD,5742,JAAA-Directorate of Social Care and Health Services
RBC Legal Entity,25/05/2022,4684691,318670,PURLEY PARK TRUST LTD,LD Residential,4492,Purchased Care,Third Party Supplier,STANDARD,5742,JAAA-Directorate of Social Care and Health Services
RBC Legal Entity,25/05/2022,4684810,318670,PURLEY PARK TRUST LTD,PS Lifelong Residential,4492,Purchased Care,Third Party Supplier,STANDARD,5782,JAAA-Directorate of Social Care and Health Services
RBC Legal Entity,25/05/2022,4684813,318670,PURLEY PARK TRUST LTD,LD Residential,4492,Purchased Care,Third Party Supplier,STANDARD,5742,JAAA-Directorate of Social Care and Health Services
RBC Legal Entity,25/05/2022,4684823,318670,PURLEY PARK TRUST LTD,Mental Health Residential,1050,Purchased Care,Third Party Supplier,STANDARD,5732,JAAA-Directorate of Social Care and Health Services
RBC Legal Entity,25/05/2022,4684848,318670,PURLEY PARK TRUST LTD,LD Residential,4492,Purchased Care,Third Party Supplier,STANDARD,5742,JAAA-Directorate of Social Care and Health Services
RBC Legal Entity,25/05/2022,4684873,318670,PURLEY PARK TRUST LTD,LD Residential,8079,Purchased Care,Third Party Supplier,STANDARD,5742,JAAA-Directorate of Social Care and Health Services
RBC Legal Entity,25/05/2022,4654732,318671,HOLLIES CARE HOME,PS Acquired Residential,-11142.86,Purchased Care,SUPPLIER,CREDIT,5772,JAAA-Directorate of Social Care and Health Services
RBC Legal Entity,25/05/2022,4654769,318671,HOLLIES CARE HOME,PS Acquired Nursing,2978.4,Purchased Care,SUPPLIER,STANDARD,5773,JAAA-Directorate of Social Care and Health Services
RBC Legal Entity,25/05/2022,4662580,318671,HOLLIES CARE HOME,PS Acquired Nursing,2978.4,Purchased Care,SUPPLIER,STANDARD,5773,JAAA-Directorate of Social Care and Health Services
RBC Legal Entity,25/05/2022,4674766,318671,HOLLIES CARE HOME,PS Acquired Nursing,2978.4,Purchased Care,SUPPLIER,STANDARD,5773,JAAA-Directorate of Social Care and Health Services
RBC Legal Entity,25/05/2022,4684741,318671,HOLLIES CARE HOME,PS Acquired Nursing,2978.4,Purchased Care,SUPPLIER,STANDARD,5773,JAAA-Directorate of Social Care and Health Services
RBC Legal Entity,25/05/2022,4684862,318672,DUNRAVEN HOUSE,M&C Acquired Residential,-627.8,Client Contrib. Residential,SUPPLIER,CREDIT,5752,JAAA-Directorate of Social Care and Health Services
RBC Legal Entity,25/05/2022,4684862,318672,DUNRAVEN HOUSE,M&C Acquired Residential,2002.08,Purchased Care,SUPPLIER,STANDARD,5752,JAAA-Directorate of Social Care and Health Services
RBC Legal Entity,25/05/2022,4684718,318673,NORWOOD SCHOOLS LIMITED,LD Residential,86957.9,Purchased Care,SUPPLIER,STANDARD,5742,JAAA-Directorate of Social Care and Health Services
RBC Legal Entity,25/05/2022,4684752,318673,NORWOOD SCHOOLS LIMITED,LD Residential,8872,Purchased Care,SUPPLIER,STANDARD,5742,JAAA-Directorate of Social Care and Health Services
RBC Legal Entity,25/05/2022,4684677,318674,CHOICE LIMITED,LD Residential,7922.56,Purchased Care,SUPPLIER,STANDARD,5742,JAAA-Directorate of Social Care and Health Services
RBC Legal Entity,25/05/2022,4684683,318674,CHOICE LIMITED,LD Residential,9564.52,Purchased Care,SUPPLIER,STANDARD,5742,JAAA-Directorate of Social Care and Health Services
RBC Legal Entity,25/05/2022,4684686,318674,CHOICE LIMITED,LD Residential,6949.6,Purchased Care,SUPPLIER,STANDARD,5742,JAAA-Directorate of Social Care and Health Services
RBC Legal Entity,25/05/2022,4684692,318674,CHOICE LIMITED,LD Residential,7488.6,Purchased Care,SUPPLIER,STANDARD,5742,JAAA-Directorate of Social Care and Health Services
RBC Legal Entity,25/05/2022,4684695,318674,CHOICE LIMITED,LD Residential,8854.84,Purchased Care,SUPPLIER,STANDARD,5742,JAAA-Directorate of Social Care and Health Services
RBC Legal Entity,25/05/2022,4684703,318674,CHOICE LIMITED,LD Residential,7152.16,Purchased Care,SUPPLIER,STANDARD,5742,JAAA-Directorate of Social Care and Health Services
RBC Legal Entity,25/05/2022,4684731,318674,CHOICE LIMITED,LD Residential,6794.24,Purchased Care,SUPPLIER,STANDARD,5742,JAAA-Directorate of Social Care and Health Services
RBC Legal Entity,25/05/2022,4684750,318674,CHOICE LIMITED,Mental Health Residential,2854.72,Purchased Care,SUPPLIER,STANDARD,5732,JAAA-Directorate of Social Care and Health Services
RBC Legal Entity,25/05/2022,4684755,318674,CHOICE LIMITED,LD Residential,3539.64,Purchased Care,SUPPLIER,STANDARD,5742,JAAA-Directorate of Social Care and Health Services
RBC Legal Entity,25/05/2022,4684796,318674,CHOICE LIMITED,LD Residential,7971.6,Purchased Care,SUPPLIER,STANDARD,5742,JAAA-Directorate of Social Care and Health Services
RBC Legal Entity,25/05/2022,4684797,318674,CHOICE LIMITED,LD Residential,7358.4,Purchased Care,SUPPLIER,STANDARD,5742,JAAA-Directorate of Social Care and Health Services
RBC Legal Entity,25/05/2022,4684799,318674,CHOICE LIMITED,LD Residential,7089.04,Purchased Care,SUPPLIER,STANDARD,5742,JAAA-Directorate of Social Care and Health Services
RBC Legal Entity,25/05/2022,4684800,318674,CHOICE LIMITED,LD Residential,8128.48,Purchased Care,SUPPLIER,STANDARD,5742,JAAA-Directorate of Social Care and Health Services
RBC Legal Entity,25/05/2022,4684802,318674,CHOICE LIMITED,LD Residential,6937.32,Purchased Care,SUPPLIER,STANDARD,5742,JAAA-Directorate of Social Care and Health Services
RBC Legal Entity,25/05/2022,4684816,318674,CHOICE LIMITED,Mental Health Residential,6401,Purchased Care,SUPPLIER,STANDARD,5732,JAAA-Directorate of Social Care and Health Services
RBC Legal Entity,25/05/2022,4684851,318674,CHOICE LIMITED,LD Residential,8936.36,Purchased Care,SUPPLIER,STANDARD,5742,JAAA-Directorate of Social Care and Health Services
RBC Legal Entity,25/05/2022,4684853,318674,CHOICE LIMITED,LD Residential,3518,Purchased Care,SUPPLIER,STANDARD,5742,JAAA-Directorate of Social Care and Health Services
RBC Legal Entity,25/05/2022,4684854,318674,CHOICE LIMITED,LD Residential,7358.4,Purchased Care,SUPPLIER,STANDARD,5742,JAAA-Directorate of Social Care and Health Services
RBC Legal Entity,25/05/2022,4684855,318674,CHOICE LIMITED,LD Residential,6949.6,Purchased Care,SUPPLIER,STANDARD,5742,JAAA-Directorate of Social Care and Health Services
RBC Legal Entity,25/05/2022,4684864,318674,CHOICE LIMITED,Mental Health Residential,6589.84,Purchased Care,SUPPLIER,STANDARD,5732,JAAA-Directorate of Social Care and Health Services
RBC Legal Entity,25/05/2022,4684681,318675,UNITED RESPONSE,LD Residential,-438.8,Client Contrib. Residential,Third Party Supplier,CREDIT,5742,JAAA-Directorate of Social Care and Health Services
RBC Legal Entity,25/05/2022,4684681,318675,UNITED RESPONSE,LD Residential,5469.4,Purchased Care,Third Party Supplier,STANDARD,5742,JAAA-Directorate of Social Care and Health Services
RBC Legal Entity,25/05/2022,4684906,318676,KERNOW HOUSE,Mental Health Residential,3281.76,Purchased Care,Third Party Supplier,STANDARD,5732,JAAA-Directorate of Social Care and Health Services
RBC Legal Entity,25/05/2022,4684733,318678,SENSE,LD Residential,-438.8,Client Contrib. Residential,SUPPLIER,CREDIT,5742,JAAA-Directorate of Social Care and Health Services
RBC Legal Entity,25/05/2022,4684733,318678,SENSE,LD Residential,7558,Purchased Care,SUPPLIER,STANDARD,5742,JAAA-Directorate of Social Care and Health Services
RBC Legal Entity,25/05/2022,4684608,318679,WYCLIFFE BAPTIST CHURCH,Voluntary Sector & Community Grants,8000,Discretionary Items,SUPPLIER,STANDARD,2041,LAAA-Directorate of Resources
RBC Legal Entity,25/05/2022,4684639,318680,ROWVALE HOTELS LTD T/A BOW GUEST HOUSE,Bed and Breakfast,525,Rents,Third Party Supplier,STANDARD,5871,KAAA-Directorate of Economic Growth and Neighbourhood Services
RBC Legal Entity,25/05/2022,4684641,318680,ROWVALE HOTELS LTD T/A BOW GUEST HOUSE,Bed and Breakfast,553,Rents,Third Party Supplier,STANDARD,5871,KAAA-Directorate of Economic Growth and Neighbourhood Services
RBC Legal Entity,25/05/2022,4684644,318680,ROWVALE HOTELS LTD T/A BOW GUEST HOUSE,Bed and Breakfast,553,Rents,Third Party Supplier,STANDARD,5871,KAAA-Directorate of Economic Growth and Neighbourhood Services
RBC Legal Entity,25/05/2022,4684645,318680,ROWVALE HOTELS LTD T/A BOW GUEST HOUSE,Bed and Breakfast,595,Rents,Third Party Supplier,STANDARD,5871,KAAA-Directorate of Economic Growth and Neighbourhood Services
RBC Legal Entity,25/05/2022,4684647,318680,ROWVALE HOTELS LTD T/A BOW GUEST HOUSE,Bed and Breakfast,553,Rents,Third Party Supplier,STANDARD,5871,KAAA-Directorate of Economic Growth and Neighbourhood Services
RBC Legal Entity,25/05/2022,4684648,318680,ROWVALE HOTELS LTD T/A BOW GUEST HOUSE,Bed and Breakfast,595,Rents,Third Party Supplier,STANDARD,5871,KAAA-Directorate of Economic Growth and Neighbourhood Services
RBC Legal Entity,25/05/2022,4684649,318680,ROWVALE HOTELS LTD T/A BOW GUEST HOUSE,Bed and Breakfast,525,Rents,Third Party Supplier,STANDARD,5871,KAAA-Directorate of Economic Growth and Neighbourhood Services
RBC Legal Entity,25/05/2022,4684650,318680,ROWVALE HOTELS LTD T/A BOW GUEST HOUSE,Bed and Breakfast,525,Rents,Third Party Supplier,STANDARD,5871,KAAA-Directorate of Economic Growth and Neighbourhood Services
RBC Legal Entity,25/05/2022,4684723,318681,NORTHCOURT LODGE CARE HOME LTD,PS Acquired Nursing,4400,Purchased Care,SUPPLIER,STANDARD,5773,JAAA-Directorate of Social Care and Health Services
RBC Legal Entity,25/05/2022,4684756,318681,NORTHCOURT LODGE CARE HOME LTD,PS Acquired Nursing,3468,Purchased Care,SUPPLIER,STANDARD,5773,JAAA-Directorate of Social Care and Health Services
RBC Legal Entity,25/05/2022,4684763,318681,NORTHCOURT LODGE CARE HOME LTD,PS Acquired Nursing,3520,Purchased Care,SUPPLIER,STANDARD,5773,JAAA-Directorate of Social Care and Health Services
RBC Legal Entity,25/05/2022,4684833,318681,NORTHCOURT LODGE CARE HOME LTD,PS Acquired Nursing,3468,Purchased Care,SUPPLIER,STANDARD,5773,JAAA-Directorate of Social Care and Health Services
RBC Legal Entity,25/05/2022,4684893,318681,NORTHCOURT LODGE CARE HOME LTD,PS Acquired Nursing,3520,Purchased Care,SUPPLIER,STANDARD,5773,JAAA-Directorate of Social Care and Health Services
RBC Legal Entity,25/05/2022,4679226,318682,VIRGIN MEDIA BUSINESS LIMITED,IT Management,210.05,"Internet Connections, etc",UTILITY,STANDARD,2300,EAAA-Chief Executive
RBC Legal Entity,25/05/2022,4679226,318682,VIRGIN MEDIA BUSINESS LIMITED,IT Management,25902.49,"Internet Connections, etc",UTILITY,STANDARD,2300,EAAA-Chief Executive
RBC Legal Entity,25/05/2022,4680337,318683,PARITY FOR DISABILITY,LD Community Services,2657.4,Purchased Care,Third Party Supplier,STANDARD,5741,JAAA-Directorate of Social Care and Health Services
RBC Legal Entity,25/05/2022,4679998,318685,ROYAL MAIL GROUP LTD,Local Elections,1829.2,Postage Carriage Stamp Duty,Third Party Supplier,STANDARD,2425,LAAA-Directorate of Resources
RBC Legal Entity,25/05/2022,4684682,318686,VOYAGE CARE,LD Residential,-438.8,Client Contrib. Residential,Third Party Supplier,CREDIT,5742,JAAA-Directorate of Social Care and Health Services
RBC Legal Entity,25/05/2022,4684682,318686,VOYAGE CARE,LD Residential,7308.15,Purchased Care,Third Party Supplier,STANDARD,5742,JAAA-Directorate of Social Care and Health Services
RBC Legal Entity,25/05/2022,4684684,318686,VOYAGE CARE,LD Residential,-438.8,Client Contrib. Residential,Third Party Supplier,CREDIT,5742,JAAA-Directorate of Social Care and Health Services
RBC Legal Entity,25/05/2022,4684684,318686,VOYAGE CARE,LD Residential,7810.97,Purchased Care,Third Party Supplier,STANDARD,5742,JAAA-Directorate of Social Care and Health Services
RBC Legal Entity,25/05/2022,4684685,318686,VOYAGE CARE,LD Residential,-388,Client Contrib. Residential,Third Party Supplier,CREDIT,5742,JAAA-Directorate of Social Care and Health Services
RBC Legal Entity,25/05/2022,4684685,318686,VOYAGE CARE,LD Residential,6556.95,Purchased Care,Third Party Supplier,STANDARD,5742,JAAA-Directorate of Social Care and Health Services
RBC Legal Entity,25/05/2022,4684690,318686,VOYAGE CARE,LD Residential,8380.9,Purchased Care,Third Party Supplier,STANDARD,5742,JAAA-Directorate of Social Care and Health Services
RBC Legal Entity,25/05/2022,4684698,318686,VOYAGE CARE,LD Residential,-438.8,Client Contrib. Residential,Third Party Supplier,CREDIT,5742,JAAA-Directorate of Social Care and Health Services
RBC Legal Entity,25/05/2022,4684698,318686,VOYAGE CARE,LD Residential,6984.09,Purchased Care,Third Party Supplier,STANDARD,5742,JAAA-Directorate of Social Care and Health Services
RBC Legal Entity,25/05/2022,4684716,318686,VOYAGE CARE,LD Residential,5138.3,Purchased Care,Third Party Supplier,STANDARD,5742,JAAA-Directorate of Social Care and Health Services
RBC Legal Entity,25/05/2022,4684729,318686,VOYAGE CARE,LD Residential,-438.8,Client Contrib. Residential,Third Party Supplier,CREDIT,5742,JAAA-Directorate of Social Care and Health Services
RBC Legal Entity,25/05/2022,4684729,318686,VOYAGE CARE,LD Residential,10130.74,Purchased Care,Third Party Supplier,STANDARD,5742,JAAA-Directorate of Social Care and Health Services
RBC Legal Entity,25/05/2022,4684735,318686,VOYAGE CARE,LD Residential,8033.23,Purchased Care,Third Party Supplier,STANDARD,5742,JAAA-Directorate of Social Care and Health Services
RBC Legal Entity,25/05/2022,4684736,318686,VOYAGE CARE,LD Residential,-438.8,Client Contrib. Residential,Third Party Supplier,CREDIT,5742,JAAA-Directorate of Social Care and Health Services
RBC Legal Entity,25/05/2022,4684736,318686,VOYAGE CARE,LD Residential,7614.32,Purchased Care,Third Party Supplier,STANDARD,5742,JAAA-Directorate of Social Care and Health Services
RBC Legal Entity,25/05/2022,4684737,318686,VOYAGE CARE,LD Residential,8116,Purchased Care,Third Party Supplier,STANDARD,5742,JAAA-Directorate of Social Care and Health Services
RBC Legal Entity,25/05/2022,4684738,318686,VOYAGE CARE,LD Residential,9423.53,Purchased Care,Third Party Supplier,STANDARD,5742,JAAA-Directorate of Social Care and Health Services
RBC Legal Entity,25/05/2022,4684744,318686,VOYAGE CARE,LD Residential,9741.3,Purchased Care,Third Party Supplier,STANDARD,5742,JAAA-Directorate of Social Care and Health Services
RBC Legal Entity,25/05/2022,4684746,318686,VOYAGE CARE,LD Residential,9481.68,Purchased Care,Third Party Supplier,STANDARD,5742,JAAA-Directorate of Social Care and Health Services
RBC Legal Entity,25/05/2022,4684768,318686,VOYAGE CARE,Sensory Support Residential,9371.52,Purchased Care,Third Party Supplier,STANDARD,5712,JAAA-Directorate of Social Care and Health Services
RBC Legal Entity,25/05/2022,4684769,318686,VOYAGE CARE,LD Residential,10366.01,Purchased Care,Third Party Supplier,STANDARD,5742,JAAA-Directorate of Social Care and Health Services
RBC Legal Entity,25/05/2022,4684778,318686,VOYAGE CARE,LD Residential,10955.76,Purchased Care,Third Party Supplier,STANDARD,5742,JAAA-Directorate of Social Care and Health Services
RBC Legal Entity,25/05/2022,4684792,318686,VOYAGE CARE,LD Residential,8492.68,Purchased Care,Third Party Supplier,STANDARD,5742,JAAA-Directorate of Social Care and Health Services
RBC Legal Entity,25/05/2022,4684803,318686,VOYAGE CARE,LD Residential,-438.8,Client Contrib. Residential,Third Party Supplier,CREDIT,5742,JAAA-Directorate of Social Care and Health Services
RBC Legal Entity,25/05/2022,4684803,318686,VOYAGE CARE,LD Residential,7308.15,Purchased Care,Third Party Supplier,STANDARD,5742,JAAA-Directorate of Social Care and Health Services
RBC Legal Entity,25/05/2022,4684804,318686,VOYAGE CARE,LD Residential,-430.8,Client Contrib. Residential,Third Party Supplier,CREDIT,5742,JAAA-Directorate of Social Care and Health Services
RBC Legal Entity,25/05/2022,4684804,318686,VOYAGE CARE,LD Residential,8116,Purchased Care,Third Party Supplier,STANDARD,5742,JAAA-Directorate of Social Care and Health Services
RBC Legal Entity,25/05/2022,4684808,318686,VOYAGE CARE,LD Residential,-438.8,Client Contrib. Residential,Third Party Supplier,CREDIT,5742,JAAA-Directorate of Social Care and Health Services
RBC Legal Entity,25/05/2022,4684808,318686,VOYAGE CARE,LD Residential,11982.57,Purchased Care,Third Party Supplier,STANDARD,5742,JAAA-Directorate of Social Care and Health Services
RBC Legal Entity,25/05/2022,4684826,318686,VOYAGE CARE,LD Residential,9717.72,Purchased Care,Third Party Supplier,STANDARD,5742,JAAA-Directorate of Social Care and Health Services
RBC Legal Entity,25/05/2022,4684835,318686,VOYAGE CARE,LD Residential,8479.74,Purchased Care,Third Party Supplier,STANDARD,5742,JAAA-Directorate of Social Care and Health Services
RBC Legal Entity,25/05/2022,4684849,318686,VOYAGE CARE,LD Residential,7363.1,Purchased Care,Third Party Supplier,STANDARD,5742,JAAA-Directorate of Social Care and Health Services
RBC Legal Entity,25/05/2022,4684852,318686,VOYAGE CARE,LD Residential,-438.8,Client Contrib. Residential,Third Party Supplier,CREDIT,5742,JAAA-Directorate of Social Care and Health Services
RBC Legal Entity,25/05/2022,4684852,318686,VOYAGE CARE,LD Residential,9004.31,Purchased Care,Third Party Supplier,STANDARD,5742,JAAA-Directorate of Social Care and Health Services
RBC Legal Entity,25/05/2022,4684857,318686,VOYAGE CARE,LD Residential,8033.23,Purchased Care,Third Party Supplier,STANDARD,5742,JAAA-Directorate of Social Care and Health Services
RBC Legal Entity,25/05/2022,4684858,318686,VOYAGE CARE,LD Residential,-438.8,Client Contrib. Residential,Third Party Supplier,CREDIT,5742,JAAA-Directorate of Social Care and Health Services
RBC Legal Entity,25/05/2022,4684858,318686,VOYAGE CARE,LD Residential,7614.32,Purchased Care,Third Party Supplier,STANDARD,5742,JAAA-Directorate of Social Care and Health Services
RBC Legal Entity,25/05/2022,4684859,318686,VOYAGE CARE,LD Residential,-627.8,Client Contrib. Residential,Third Party Supplier,CREDIT,5742,JAAA-Directorate of Social Care and Health Services
RBC Legal Entity,25/05/2022,4684859,318686,VOYAGE CARE,LD Residential,7586.53,Purchased Care,Third Party Supplier,STANDARD,5742,JAAA-Directorate of Social Care and Health Services
RBC Legal Entity,25/05/2022,4684860,318686,VOYAGE CARE,LD Residential,-438.8,Client Contrib. Residential,Third Party Supplier,CREDIT,5742,JAAA-Directorate of Social Care and Health Services
RBC Legal Entity,25/05/2022,4684860,318686,VOYAGE CARE,LD Residential,7308.15,Purchased Care,Third Party Supplier,STANDARD,5742,JAAA-Directorate of Social Care and Health Services
RBC Legal Entity,25/05/2022,4684870,318686,VOYAGE CARE,LD Residential,6704.97,Purchased Care,Third Party Supplier,STANDARD,5742,JAAA-Directorate of Social Care and Health Services
RBC Legal Entity,25/05/2022,4684897,318686,VOYAGE CARE,Mental Health Residential,4740.48,Purchased Care,Third Party Supplier,STANDARD,5732,JAAA-Directorate of Social Care and Health Services
RBC Legal Entity,25/05/2022,4684898,318686,VOYAGE CARE,LD Residential,9010.44,Purchased Care,Third Party Supplier,STANDARD,5742,JAAA-Directorate of Social Care and Health Services
RBC Legal Entity,25/05/2022,4684670,318687,QUALITY CARE PROVIDERS LIMITED,LD Residential,9911.12,Purchased Care,SUPPLIER,STANDARD,5742,JAAA-Directorate of Social Care and Health Services
RBC Legal Entity,25/05/2022,4684726,318687,QUALITY CARE PROVIDERS LIMITED,LD Residential,6105.88,Purchased Care,SUPPLIER,STANDARD,5742,JAAA-Directorate of Social Care and Health Services
RBC Legal Entity,25/05/2022,4684727,318687,QUALITY CARE PROVIDERS LIMITED,LD Residential,6618.8,Purchased Care,SUPPLIER,STANDARD,5742,JAAA-Directorate of Social Care and Health Services
RBC Legal Entity,25/05/2022,4684861,318690,GLOUCESTERSHIRE GROUP HOMES,LD Residential,-438.8,Client Contrib. Residential,SUPPLIER,CREDIT,5742,JAAA-Directorate of Social Care and Health Services
RBC Legal Entity,25/05/2022,4684861,318690,GLOUCESTERSHIRE GROUP HOMES,LD Residential,7520.04,Purchased Care,SUPPLIER,STANDARD,5742,JAAA-Directorate of Social Care and Health Services
RBC Legal Entity,25/05/2022,4684751,318691,RESIDENTIAL COMMUNITY CARE,LD Residential,9449.76,Purchased Care,Third Party Supplier,STANDARD,5742,JAAA-Directorate of Social Care and Health Services
RBC Legal Entity,25/05/2022,4684674,318693,CARETECH COMMUNITY SERVICES LTD,Mental Health Residential,3149.04,Purchased Care,SUPPLIER,STANDARD,5732,JAAA-Directorate of Social Care and Health Services
RBC Legal Entity,25/05/2022,4684747,318693,CARETECH COMMUNITY SERVICES LTD,M&C Acquired Residential,6668,Purchased Care,SUPPLIER,STANDARD,5752,JAAA-Directorate of Social Care and Health Services
RBC Legal Entity,25/05/2022,4684789,318693,CARETECH COMMUNITY SERVICES LTD,LD Residential,6276,Purchased Care,SUPPLIER,STANDARD,5742,JAAA-Directorate of Social Care and Health Services
RBC Legal Entity,25/05/2022,4684845,318693,CARETECH COMMUNITY SERVICES LTD,LD Residential,6404.04,Purchased Care,SUPPLIER,STANDARD,5742,JAAA-Directorate of Social Care and Health Services
RBC Legal Entity,25/05/2022,4684876,318693,CARETECH COMMUNITY SERVICES LTD,LD Residential,6668,Purchased Care,SUPPLIER,STANDARD,5742,JAAA-Directorate of Social Care and Health Services
RBC Legal Entity,25/05/2022,4684880,318693,CARETECH COMMUNITY SERVICES LTD,LD Residential,8940,Purchased Care,SUPPLIER,STANDARD,5742,JAAA-Directorate of Social Care and Health Services
RBC Legal Entity,25/05/2022,4684888,318693,CARETECH COMMUNITY SERVICES LTD,PS Acquired Residential,5975.92,Purchased Care,SUPPLIER,STANDARD,5772,JAAA-Directorate of Social Care and Health Services
RBC Legal Entity,25/05/2022,4684667,318696,RESIDENTIAL CARE PROVIDERS LTD,LD Residential,8226.32,Purchased Care,SUPPLIER,STANDARD,5742,JAAA-Directorate of Social Care and Health Services
RBC Legal Entity,25/05/2022,4684903,318697,PRIORY EDUCATIONAL SERVICES LTD,LD Residential,16371.68,Purchased Care,Third Party Supplier,STANDARD,5742,JAAA-Directorate of Social Care and Health Services
RBC Legal Entity,25/05/2022,4684732,318698,LIVABILITY,LD Residential,4003.24,Purchased Care,Third Party Supplier,STANDARD,5742,JAAA-Directorate of Social Care and Health Services
RBC Legal Entity,25/05/2022,4684811,318698,LIVABILITY,PS Acquired Residential,5078.52,Purchased Care,Third Party Supplier,STANDARD,5772,JAAA-Directorate of Social Care and Health Services
RBC Legal Entity,25/05/2022,4684850,318698,LIVABILITY,PS Lifelong Residential,5078.52,Purchased Care,Third Party Supplier,STANDARD,5782,JAAA-Directorate of Social Care and Health Services
RBC Legal Entity,25/05/2022,4684748,318700,YEW TREE LODGE,Mental Health Residential,2229.2,Purchased Care,SUPPLIER,STANDARD,5732,JAAA-Directorate of Social Care and Health Services
RBC Legal Entity,25/05/2022,4684821,318700,YEW TREE LODGE,Mental Health Residential,2170.2,Purchased Care,SUPPLIER,STANDARD,5732,JAAA-Directorate of Social Care and Health Services
RBC Legal Entity,25/05/2022,4685040,318702,ALLPAY.NET.LIMITED,LD Community Services,-229.72,Fairer charging charges,Third Party Supplier,CREDIT,5741,JAAA-Directorate of Social Care and Health Services
RBC Legal Entity,25/05/2022,4685040,318702,ALLPAY.NET.LIMITED,LD Community Services,2455.2,Purchased Care,Third Party Supplier,STANDARD,5741,JAAA-Directorate of Social Care and Health Services
RBC Legal Entity,25/05/2022,4685041,318702,ALLPAY.NET.LIMITED,LD Community Services,340.8,Fairer charging charges,Third Party Supplier,STANDARD,5741,JAAA-Directorate of Social Care and Health Services
RBC Legal Entity,25/05/2022,4685041,318702,ALLPAY.NET.LIMITED,LD Community Services,1041.2,Purchased Care,Third Party Supplier,STANDARD,5741,JAAA-Directorate of Social Care and Health Services
RBC Legal Entity,25/05/2022,4685044,318702,ALLPAY.NET.LIMITED,PS Acquired Community Services,-247.2,Fairer charging charges,Third Party Supplier,CREDIT,5771,JAAA-Directorate of Social Care and Health Services
RBC Legal Entity,25/05/2022,4685044,318702,ALLPAY.NET.LIMITED,PS Acquired Community Services,832.56,Purchased Care,Third Party Supplier,STANDARD,5771,JAAA-Directorate of Social Care and Health Services
RBC Legal Entity,25/05/2022,4685047,318702,ALLPAY.NET.LIMITED,PS Acquired Community Services,1131.6,Purchased Care,Third Party Supplier,STANDARD,5771,JAAA-Directorate of Social Care and Health Services
RBC Legal Entity,25/05/2022,4685049,318702,ALLPAY.NET.LIMITED,PS Acquired Community Services,2304.08,Purchased Care,Third Party Supplier,STANDARD,5771,JAAA-Directorate of Social Care and Health Services
RBC Legal Entity,25/05/2022,4685050,318702,ALLPAY.NET.LIMITED,PS Acquired Community Services,-527.48,Fairer charging charges,Third Party Supplier,CREDIT,5771,JAAA-Directorate of Social Care and Health Services
RBC Legal Entity,25/05/2022,4685050,318702,ALLPAY.NET.LIMITED,PS Acquired Community Services,2660,Purchased Care,Third Party Supplier,STANDARD,5771,JAAA-Directorate of Social Care and Health Services
RBC Legal Entity,25/05/2022,4685051,318702,ALLPAY.NET.LIMITED,PS Acquired Community Services,832,Purchased Care,Third Party Supplier,STANDARD,5771,JAAA-Directorate of Social Care and Health Services
RBC Legal Entity,25/05/2022,4685052,318702,ALLPAY.NET.LIMITED,Mental Health Community Services,1065.28,Purchased Care,Third Party Supplier,STANDARD,5731,JAAA-Directorate of Social Care and Health Services
RBC Legal Entity,25/05/2022,4685053,318702,ALLPAY.NET.LIMITED,PS Acquired Community Services,-342.56,Fairer charging charges,Third Party Supplier,CREDIT,5771,JAAA-Directorate of Social Care and Health Services
RBC Legal Entity,25/05/2022,4685053,318702,ALLPAY.NET.LIMITED,PS Acquired Community Services,2087,Purchased Care,Third Party Supplier,STANDARD,5771,JAAA-Directorate of Social Care and Health Services
RBC Legal Entity,25/05/2022,4685056,318702,ALLPAY.NET.LIMITED,LD Community Services,-217.48,Fairer charging charges,Third Party Supplier,CREDIT,5741,JAAA-Directorate of Social Care and Health Services
RBC Legal Entity,25/05/2022,4685056,318702,ALLPAY.NET.LIMITED,LD Community Services,2455.68,Purchased Care,Third Party Supplier,STANDARD,5741,JAAA-Directorate of Social Care and Health Services
RBC Legal Entity,25/05/2022,4685062,318702,ALLPAY.NET.LIMITED,PS Acquired Community Services,1527,Purchased Care,Third Party Supplier,STANDARD,5771,JAAA-Directorate of Social Care and Health Services
RBC Legal Entity,25/05/2022,4685063,318702,ALLPAY.NET.LIMITED,PS Acquired Community Services,78.64,Fairer charging charges,Third Party Supplier,STANDARD,5771,JAAA-Directorate of Social Care and Health Services
RBC Legal Entity,25/05/2022,4685063,318702,ALLPAY.NET.LIMITED,PS Acquired Community Services,1852,Purchased Care,Third Party Supplier,STANDARD,5771,JAAA-Directorate of Social Care and Health Services
RBC Legal Entity,25/05/2022,4685065,318702,ALLPAY.NET.LIMITED,Support to Carers,514.8,Purchased Care,Third Party Supplier,STANDARD,5301,JAAA-Directorate of Social Care and Health Services
RBC Legal Entity,25/05/2022,4685067,318702,ALLPAY.NET.LIMITED,LD Community Services,-264.64,Fairer charging charges,Third Party Supplier,CREDIT,5741,JAAA-Directorate of Social Care and Health Services
RBC Legal Entity,25/05/2022,4685067,318702,ALLPAY.NET.LIMITED,LD Community Services,1140,Purchased Care,Third Party Supplier,STANDARD,5741,JAAA-Directorate of Social Care and Health Services
RBC Legal Entity,25/05/2022,4685069,318702,ALLPAY.NET.LIMITED,PS Acquired Community Services,-351.36,Fairer charging charges,Third Party Supplier,CREDIT,5771,JAAA-Directorate of Social Care and Health Services
RBC Legal Entity,25/05/2022,4685069,318702,ALLPAY.NET.LIMITED,PS Acquired Community Services,1055.64,Purchased Care,Third Party Supplier,STANDARD,5771,JAAA-Directorate of Social Care and Health Services
RBC Legal Entity,25/05/2022,4685071,318702,ALLPAY.NET.LIMITED,LD Community Services,944,Purchased Care,Third Party Supplier,STANDARD,5741,JAAA-Directorate of Social Care and Health Services
RBC Legal Entity,25/05/2022,4685072,318702,ALLPAY.NET.LIMITED,LD Community Services,1279.76,Purchased Care,Third Party Supplier,STANDARD,5741,JAAA-Directorate of Social Care and Health Services
RBC Legal Entity,25/05/2022,4685077,318702,ALLPAY.NET.LIMITED,LD Community Services,660,Purchased Care,Third Party Supplier,STANDARD,5741,JAAA-Directorate of Social Care and Health Services
RBC Legal Entity,25/05/2022,4685081,318702,ALLPAY.NET.LIMITED,PS Acquired Community Services,-78.72,Fairer charging charges,Third Party Supplier,CREDIT,5771,JAAA-Directorate of Social Care and Health Services
RBC Legal Entity,25/05/2022,4685081,318702,ALLPAY.NET.LIMITED,PS Acquired Community Services,901.6,Purchased Care,Third Party Supplier,STANDARD,5771,JAAA-Directorate of Social Care and Health Services
RBC Legal Entity,25/05/2022,4685084,318702,ALLPAY.NET.LIMITED,PS Acquired Community Services,-578.2,Fairer charging charges,Third Party Supplier,CREDIT,5771,JAAA-Directorate of Social Care and Health Services
RBC Legal Entity,25/05/2022,4685084,318702,ALLPAY.NET.LIMITED,PS Acquired Community Services,1657.6,Purchased Care,Third Party Supplier,STANDARD,5771,JAAA-Directorate of Social Care and Health Services
RBC Legal Entity,25/05/2022,4685086,318702,ALLPAY.NET.LIMITED,LD Community Services,565.72,Purchased Care,Third Party Supplier,STANDARD,5741,JAAA-Directorate of Social Care and Health Services
RBC Legal Entity,25/05/2022,4685087,318702,ALLPAY.NET.LIMITED,PS Acquired Community Services,-431.12,Fairer charging charges,Third Party Supplier,CREDIT,5771,JAAA-Directorate of Social Care and Health Services
RBC Legal Entity,25/05/2022,4685087,318702,ALLPAY.NET.LIMITED,PS Acquired Community Services,1314.92,Purchased Care,Third Party Supplier,STANDARD,5771,JAAA-Directorate of Social Care and Health Services
RBC Legal Entity,25/05/2022,4685089,318702,ALLPAY.NET.LIMITED,LD Community Services,3370.4,Purchased Care,Third Party Supplier,STANDARD,5741,JAAA-Directorate of Social Care and Health Services
RBC Legal Entity,25/05/2022,4685090,318702,ALLPAY.NET.LIMITED,Social Support,1416.96,Purchased Care,Third Party Supplier,STANDARD,5790,JAAA-Directorate of Social Care and Health Services
RBC Legal Entity,25/05/2022,4685093,318702,ALLPAY.NET.LIMITED,Mental Health Community Services,666,Purchased Care,Third Party Supplier,STANDARD,5731,JAAA-Directorate of Social Care and Health Services
RBC Legal Entity,25/05/2022,4685103,318702,ALLPAY.NET.LIMITED,PS Acquired Community Services,1558,Purchased Care,Third Party Supplier,STANDARD,5771,JAAA-Directorate of Social Care and Health Services
RBC Legal Entity,25/05/2022,4685105,318702,ALLPAY.NET.LIMITED,PS Acquired Community Services,-760.92,Fairer charging charges,Third Party Supplier,CREDIT,5771,JAAA-Directorate of Social Care and Health Services
RBC Legal Entity,25/05/2022,4685105,318702,ALLPAY.NET.LIMITED,PS Acquired Community Services,4075.68,Purchased Care,Third Party Supplier,STANDARD,5771,JAAA-Directorate of Social Care and Health Services
RBC Legal Entity,25/05/2022,4685106,318702,ALLPAY.NET.LIMITED,LD Community Services,-255.6,Fairer charging charges,Third Party Supplier,CREDIT,5741,JAAA-Directorate of Social Care and Health Services
RBC Legal Entity,25/05/2022,4685106,318702,ALLPAY.NET.LIMITED,LD Community Services,1680.96,Purchased Care,Third Party Supplier,STANDARD,5741,JAAA-Directorate of Social Care and Health Services
RBC Legal Entity,25/05/2022,4685108,318702,ALLPAY.NET.LIMITED,PS Acquired Community Services,-491.36,Fairer charging charges,Third Party Supplier,CREDIT,5771,JAAA-Directorate of Social Care and Health Services
RBC Legal Entity,25/05/2022,4685108,318702,ALLPAY.NET.LIMITED,PS Acquired Community Services,992.32,Purchased Care,Third Party Supplier,STANDARD,5771,JAAA-Directorate of Social Care and Health Services
RBC Legal Entity,25/05/2022,4685111,318702,ALLPAY.NET.LIMITED,PS Acquired Community Services,618.96,Purchased Care,Third Party Supplier,STANDARD,5771,JAAA-Directorate of Social Care and Health Services
RBC Legal Entity,25/05/2022,4685112,318702,ALLPAY.NET.LIMITED,PS Acquired Community Services,684,Purchased Care,Third Party Supplier,STANDARD,5771,JAAA-Directorate of Social Care and Health Services
RBC Legal Entity,25/05/2022,4685114,318702,ALLPAY.NET.LIMITED,PS Acquired Community Services,-151.48,Fairer charging charges,Third Party Supplier,CREDIT,5771,JAAA-Directorate of Social Care and Health Services
RBC Legal Entity,25/05/2022,4685114,318702,ALLPAY.NET.LIMITED,PS Acquired Community Services,1710,Purchased Care,Third Party Supplier,STANDARD,5771,JAAA-Directorate of Social Care and Health Services
RBC Legal Entity,25/05/2022,4685117,318702,ALLPAY.NET.LIMITED,PS Acquired Community Services,1735.36,Purchased Care,Third Party Supplier,STANDARD,5771,JAAA-Directorate of Social Care and Health Services
RBC Legal Entity,25/05/2022,4685118,318702,ALLPAY.NET.LIMITED,M&C Acquired Community Services,-1405.31,Fairer charging charges,Third Party Supplier,CREDIT,5751,JAAA-Directorate of Social Care and Health Services
RBC Legal Entity,25/05/2022,4685118,318702,ALLPAY.NET.LIMITED,M&C Acquired Community Services,10665.51,Purchased Care,Third Party Supplier,STANDARD,5751,JAAA-Directorate of Social Care and Health Services
RBC Legal Entity,25/05/2022,4685123,318702,ALLPAY.NET.LIMITED,LD Community Services,-134.6,Fairer charging charges,Third Party Supplier,CREDIT,5741,JAAA-Directorate of Social Care and Health Services
RBC Legal Entity,25/05/2022,4685123,318702,ALLPAY.NET.LIMITED,LD Community Services,962.36,Purchased Care,Third Party Supplier,STANDARD,5741,JAAA-Directorate of Social Care and Health Services
RBC Legal Entity,25/05/2022,4685125,318702,ALLPAY.NET.LIMITED,LD Community Services,991.68,Purchased Care,Third Party Supplier,STANDARD,5741,JAAA-Directorate of Social Care and Health Services
RBC Legal Entity,25/05/2022,4685128,318702,ALLPAY.NET.LIMITED,PS Acquired Community Services,-13.76,Fairer charging charges,Third Party Supplier,CREDIT,5771,JAAA-Directorate of Social Care and Health Services
RBC Legal Entity,25/05/2022,4685128,318702,ALLPAY.NET.LIMITED,PS Acquired Community Services,664.52,Purchased Care,Third Party Supplier,STANDARD,5771,JAAA-Directorate of Social Care and Health Services
RBC Legal Entity,25/05/2022,4685130,318702,ALLPAY.NET.LIMITED,LD Community Services,-266.4,Fairer charging charges,Third Party Supplier,CREDIT,5741,JAAA-Directorate of Social Care and Health Services
RBC Legal Entity,25/05/2022,4685130,318702,ALLPAY.NET.LIMITED,LD Community Services,11854.08,Purchased Care,Third Party Supplier,STANDARD,5741,JAAA-Directorate of Social Care and Health Services
RBC Legal Entity,25/05/2022,4685131,318702,ALLPAY.NET.LIMITED,LD Community Services,-174.2,Fairer charging charges,Third Party Supplier,CREDIT,5741,JAAA-Directorate of Social Care and Health Services
RBC Legal Entity,25/05/2022,4685131,318702,ALLPAY.NET.LIMITED,LD Community Services,2870.76,Purchased Care,Third Party Supplier,STANDARD,5741,JAAA-Directorate of Social Care and Health Services
RBC Legal Entity,25/05/2022,4685138,318702,ALLPAY.NET.LIMITED,LD Community Services,-63.44,Fairer charging charges,Third Party Supplier,CREDIT,5741,JAAA-Directorate of Social Care and Health Services
RBC Legal Entity,25/05/2022,4685138,318702,ALLPAY.NET.LIMITED,LD Community Services,10562,Purchased Care,Third Party Supplier,STANDARD,5741,JAAA-Directorate of Social Care and Health Services
RBC Legal Entity,25/05/2022,4685141,318702,ALLPAY.NET.LIMITED,LD Community Services,-95.36,Fairer charging charges,Third Party Supplier,CREDIT,5741,JAAA-Directorate of Social Care and Health Services
RBC Legal Entity,25/05/2022,4685141,318702,ALLPAY.NET.LIMITED,LD Community Services,605.92,Purchased Care,Third Party Supplier,STANDARD,5741,JAAA-Directorate of Social Care and Health Services
RBC Legal Entity,25/05/2022,4685143,318702,ALLPAY.NET.LIMITED,PS Acquired Community Services,-447.8,Fairer charging charges,Third Party Supplier,CREDIT,5771,JAAA-Directorate of Social Care and Health Services
RBC Legal Entity,25/05/2022,4685143,318702,ALLPAY.NET.LIMITED,PS Acquired Community Services,2394,Purchased Care,Third Party Supplier,STANDARD,5771,JAAA-Directorate of Social Care and Health Services
RBC Legal Entity,25/05/2022,4685144,318702,ALLPAY.NET.LIMITED,PS Acquired Community Services,-332.44,Fairer charging charges,Third Party Supplier,CREDIT,5771,JAAA-Directorate of Social Care and Health Services
RBC Legal Entity,25/05/2022,4685144,318702,ALLPAY.NET.LIMITED,PS Acquired Community Services,4532.64,Purchased Care,Third Party Supplier,STANDARD,5771,JAAA-Directorate of Social Care and Health Services
RBC Legal Entity,25/05/2022,4685150,318702,ALLPAY.NET.LIMITED,PS Acquired Community Services,3248.6,Purchased Care,Third Party Supplier,STANDARD,5771,JAAA-Directorate of Social Care and Health Services
RBC Legal Entity,25/05/2022,4685159,318702,ALLPAY.NET.LIMITED,LD Community Services,-544,Fairer charging charges,Third Party Supplier,CREDIT,5741,JAAA-Directorate of Social Care and Health Services
RBC Legal Entity,25/05/2022,4685159,318702,ALLPAY.NET.LIMITED,LD Community Services,8289.32,Purchased Care,Third Party Supplier,STANDARD,5741,JAAA-Directorate of Social Care and Health Services
RBC Legal Entity,25/05/2022,4685160,318702,ALLPAY.NET.LIMITED,Social Support,-217.32,Fairer charging charges,Third Party Supplier,CREDIT,5790,JAAA-Directorate of Social Care and Health Services
RBC Legal Entity,25/05/2022,4685160,318702,ALLPAY.NET.LIMITED,Social Support,1037.12,Purchased Care,Third Party Supplier,STANDARD,5790,JAAA-Directorate of Social Care and Health Services
RBC Legal Entity,25/05/2022,4685161,318702,ALLPAY.NET.LIMITED,PS Acquired Community Services,-149.08,Fairer charging charges,Third Party Supplier,CREDIT,5771,JAAA-Directorate of Social Care and Health Services
RBC Legal Entity,25/05/2022,4685161,318702,ALLPAY.NET.LIMITED,PS Acquired Community Services,2394,Purchased Care,Third Party Supplier,STANDARD,5771,JAAA-Directorate of Social Care and Health Services
RBC Legal Entity,25/05/2022,4685162,318702,ALLPAY.NET.LIMITED,LD Community Services,2108.64,Purchased Care,Third Party Supplier,STANDARD,5741,JAAA-Directorate of Social Care and Health Services
RBC Legal Entity,25/05/2022,4685165,318702,ALLPAY.NET.LIMITED,PS Acquired Community Services,980,Purchased Care,Third Party Supplier,STANDARD,5771,JAAA-Directorate of Social Care and Health Services
RBC Legal Entity,25/05/2022,4685166,318702,ALLPAY.NET.LIMITED,PS Acquired Community Services,-300.6,Fairer charging charges,Third Party Supplier,CREDIT,5771,JAAA-Directorate of Social Care and Health Services
RBC Legal Entity,25/05/2022,4685166,318702,ALLPAY.NET.LIMITED,PS Acquired Community Services,2481.68,Purchased Care,Third Party Supplier,STANDARD,5771,JAAA-Directorate of Social Care and Health Services
RBC Legal Entity,25/05/2022,4685169,318702,ALLPAY.NET.LIMITED,PS Acquired Community Services,-566.48,Fairer charging charges,Third Party Supplier,CREDIT,5771,JAAA-Directorate of Social Care and Health Services
RBC Legal Entity,25/05/2022,4685169,318702,ALLPAY.NET.LIMITED,PS Acquired Community Services,1140,Purchased Care,Third Party Supplier,STANDARD,5771,JAAA-Directorate of Social Care and Health Services
RBC Legal Entity,25/05/2022,4685171,318702,ALLPAY.NET.LIMITED,LD Community Services,-61.56,Fairer charging charges,Third Party Supplier,CREDIT,5741,JAAA-Directorate of Social Care and Health Services
RBC Legal Entity,25/05/2022,4685171,318702,ALLPAY.NET.LIMITED,LD Community Services,2902.04,Purchased Care,Third Party Supplier,STANDARD,5741,JAAA-Directorate of Social Care and Health Services
RBC Legal Entity,25/05/2022,4685174,318702,ALLPAY.NET.LIMITED,PS Acquired Community Services,-456,Fairer charging charges,Third Party Supplier,CREDIT,5771,JAAA-Directorate of Social Care and Health Services
RBC Legal Entity,25/05/2022,4685174,318702,ALLPAY.NET.LIMITED,PS Acquired Community Services,1197,Purchased Care,Third Party Supplier,STANDARD,5771,JAAA-Directorate of Social Care and Health Services
RBC Legal Entity,25/05/2022,4685176,318702,ALLPAY.NET.LIMITED,PS Acquired Community Services,-34.76,Fairer charging charges,Third Party Supplier,CREDIT,5771,JAAA-Directorate of Social Care and Health Services
RBC Legal Entity,25/05/2022,4685176,318702,ALLPAY.NET.LIMITED,PS Acquired Community Services,2698,Purchased Care,Third Party Supplier,STANDARD,5771,JAAA-Directorate of Social Care and Health Services
RBC Legal Entity,25/05/2022,4685177,318702,ALLPAY.NET.LIMITED,PS Acquired Community Services,-441.6,Fairer charging charges,Third Party Supplier,CREDIT,5771,JAAA-Directorate of Social Care and Health Services
RBC Legal Entity,25/05/2022,4685177,318702,ALLPAY.NET.LIMITED,PS Acquired Community Services,1410.52,Purchased Care,Third Party Supplier,STANDARD,5771,JAAA-Directorate of Social Care and Health Services
RBC Legal Entity,25/05/2022,4685182,318702,ALLPAY.NET.LIMITED,PS Acquired Community Services,-58.8,Fairer charging charges,Third Party Supplier,CREDIT,5771,JAAA-Directorate of Social Care and Health Services
RBC Legal Entity,25/05/2022,4685182,318702,ALLPAY.NET.LIMITED,PS Acquired Community Services,5030.82,Purchased Care,Third Party Supplier,STANDARD,5771,JAAA-Directorate of Social Care and Health Services
RBC Legal Entity,25/05/2022,4685183,318702,ALLPAY.NET.LIMITED,LD Community Services,-120.76,Fairer charging charges,Third Party Supplier,CREDIT,5741,JAAA-Directorate of Social Care and Health Services
RBC Legal Entity,25/05/2022,4685183,318702,ALLPAY.NET.LIMITED,LD Community Services,852.8,Purchased Care,Third Party Supplier,STANDARD,5741,JAAA-Directorate of Social Care and Health Services
RBC Legal Entity,25/05/2022,4685184,318702,ALLPAY.NET.LIMITED,LD Community Services,-541.96,Fairer charging charges,Third Party Supplier,CREDIT,5741,JAAA-Directorate of Social Care and Health Services
RBC Legal Entity,25/05/2022,4685184,318702,ALLPAY.NET.LIMITED,LD Community Services,9765,Purchased Care,Third Party Supplier,STANDARD,5741,JAAA-Directorate of Social Care and Health Services
RBC Legal Entity,25/05/2022,4685185,318702,ALLPAY.NET.LIMITED,LD Community Services,-34.8,Fairer charging charges,Third Party Supplier,CREDIT,5741,JAAA-Directorate of Social Care and Health Services
RBC Legal Entity,25/05/2022,4685185,318702,ALLPAY.NET.LIMITED,LD Community Services,1444.4,Purchased Care,Third Party Supplier,STANDARD,5741,JAAA-Directorate of Social Care and Health Services
RBC Legal Entity,25/05/2022,4685187,318702,ALLPAY.NET.LIMITED,PS Acquired Community Services,-479.88,Fairer charging charges,Third Party Supplier,CREDIT,5771,JAAA-Directorate of Social Care and Health Services
RBC Legal Entity,25/05/2022,4685187,318702,ALLPAY.NET.LIMITED,PS Acquired Community Services,2394,Purchased Care,Third Party Supplier,STANDARD,5771,JAAA-Directorate of Social Care and Health Services
RBC Legal Entity,25/05/2022,4685188,318702,ALLPAY.NET.LIMITED,PS Acquired Community Services,504.6,Purchased Care,Third Party Supplier,STANDARD,5771,JAAA-Directorate of Social Care and Health Services
RBC Legal Entity,25/05/2022,4685190,318702,ALLPAY.NET.LIMITED,M&C Acquired Community Services,-52.72,Fairer charging charges,Third Party Supplier,CREDIT,5751,JAAA-Directorate of Social Care and Health Services
RBC Legal Entity,25/05/2022,4685190,318702,ALLPAY.NET.LIMITED,M&C Acquired Community Services,926.68,Purchased Care,Third Party Supplier,STANDARD,5751,JAAA-Directorate of Social Care and Health Services
RBC Legal Entity,25/05/2022,4685192,318702,ALLPAY.NET.LIMITED,LD Community Services,-266.4,Fairer charging charges,Third Party Supplier,CREDIT,5741,JAAA-Directorate of Social Care and Health Services
RBC Legal Entity,25/05/2022,4685192,318702,ALLPAY.NET.LIMITED,LD Community Services,2724.36,Purchased Care,Third Party Supplier,STANDARD,5741,JAAA-Directorate of Social Care and Health Services
RBC Legal Entity,25/05/2022,4685194,318702,ALLPAY.NET.LIMITED,PS Lifelong Community Services,-53.36,Fairer charging charges,Third Party Supplier,CREDIT,5781,JAAA-Directorate of Social Care and Health Services
RBC Legal Entity,25/05/2022,4685194,318702,ALLPAY.NET.LIMITED,PS Lifelong Community Services,1300,Purchased Care,Third Party Supplier,STANDARD,5781,JAAA-Directorate of Social Care and Health Services
RBC Legal Entity,25/05/2022,4685195,318702,ALLPAY.NET.LIMITED,PS Acquired Community Services,-517.08,Fairer charging charges,Third Party Supplier,CREDIT,5771,JAAA-Directorate of Social Care and Health Services
RBC Legal Entity,25/05/2022,4685195,318702,ALLPAY.NET.LIMITED,PS Acquired Community Services,1530,Purchased Care,Third Party Supplier,STANDARD,5771,JAAA-Directorate of Social Care and Health Services
RBC Legal Entity,25/05/2022,4685196,318702,ALLPAY.NET.LIMITED,LD Community Services,1589.16,Purchased Care,Third Party Supplier,STANDARD,5741,JAAA-Directorate of Social Care and Health Services
RBC Legal Entity,25/05/2022,4685197,318702,ALLPAY.NET.LIMITED,PS Acquired Community Services,-235.56,Fairer charging charges,Third Party Supplier,CREDIT,5771,JAAA-Directorate of Social Care and Health Services
RBC Legal Entity,25/05/2022,4685197,318702,ALLPAY.NET.LIMITED,PS Acquired Community Services,1392,Purchased Care,Third Party Supplier,STANDARD,5771,JAAA-Directorate of Social Care and Health Services
RBC Legal Entity,25/05/2022,4685201,318702,ALLPAY.NET.LIMITED,PS Acquired Community Services,1698.2,Purchased Care,Third Party Supplier,STANDARD,5771,JAAA-Directorate of Social Care and Health Services
RBC Legal Entity,25/05/2022,4685202,318702,ALLPAY.NET.LIMITED,LD Community Services,-65.48,Fairer charging charges,Third Party Supplier,CREDIT,5741,JAAA-Directorate of Social Care and Health Services
RBC Legal Entity,25/05/2022,4685202,318702,ALLPAY.NET.LIMITED,LD Community Services,679.2,Purchased Care,Third Party Supplier,STANDARD,5741,JAAA-Directorate of Social Care and Health Services
RBC Legal Entity,25/05/2022,4685208,318702,ALLPAY.NET.LIMITED,LD Community Services,876.12,Purchased Care,Third Party Supplier,STANDARD,5741,JAAA-Directorate of Social Care and Health Services
RBC Legal Entity,25/05/2022,4685210,318702,ALLPAY.NET.LIMITED,PS Acquired Community Services,-612.08,Fairer charging charges,Third Party Supplier,CREDIT,5771,JAAA-Directorate of Social Care and Health Services
RBC Legal Entity,25/05/2022,4685210,318702,ALLPAY.NET.LIMITED,PS Acquired Community Services,3000,Purchased Care,Third Party Supplier,STANDARD,5771,JAAA-Directorate of Social Care and Health Services
RBC Legal Entity,25/05/2022,4685211,318702,ALLPAY.NET.LIMITED,LD Community Services,2910.96,Purchased Care,Third Party Supplier,STANDARD,5741,JAAA-Directorate of Social Care and Health Services
RBC Legal Entity,25/05/2022,4685214,318702,ALLPAY.NET.LIMITED,LD Community Services,1290,Purchased Care,Third Party Supplier,STANDARD,5741,JAAA-Directorate of Social Care and Health Services
RBC Legal Entity,25/05/2022,4685215,318702,ALLPAY.NET.LIMITED,LD Community Services,-119.72,Fairer charging charges,Third Party Supplier,CREDIT,5741,JAAA-Directorate of Social Care and Health Services
RBC Legal Entity,25/05/2022,4685215,318702,ALLPAY.NET.LIMITED,LD Community Services,757.72,Purchased Care,Third Party Supplier,STANDARD,5741,JAAA-Directorate of Social Care and Health Services
RBC Legal Entity,25/05/2022,4685216,318702,ALLPAY.NET.LIMITED,LD Community Services,-180.8,Fairer charging charges,Third Party Supplier,CREDIT,5741,JAAA-Directorate of Social Care and Health Services
RBC Legal Entity,25/05/2022,4685216,318702,ALLPAY.NET.LIMITED,LD Community Services,4724,Purchased Care,Third Party Supplier,STANDARD,5741,JAAA-Directorate of Social Care and Health Services
RBC Legal Entity,25/05/2022,4685219,318702,ALLPAY.NET.LIMITED,LD Community Services,-218.32,Fairer charging charges,Third Party Supplier,CREDIT,5741,JAAA-Directorate of Social Care and Health Services
RBC Legal Entity,25/05/2022,4685219,318702,ALLPAY.NET.LIMITED,LD Community Services,3402.4,Purchased Care,Third Party Supplier,STANDARD,5741,JAAA-Directorate of Social Care and Health Services
RBC Legal Entity,25/05/2022,4685220,318702,ALLPAY.NET.LIMITED,LD Community Services,-237.04,Fairer charging charges,Third Party Supplier,CREDIT,5741,JAAA-Directorate of Social Care and Health Services
RBC Legal Entity,25/05/2022,4685220,318702,ALLPAY.NET.LIMITED,LD Community Services,4548,Purchased Care,Third Party Supplier,STANDARD,5741,JAAA-Directorate of Social Care and Health Services
RBC Legal Entity,25/05/2022,4685221,318702,ALLPAY.NET.LIMITED,PS Acquired Community Services,1243.08,Purchased Care,Third Party Supplier,STANDARD,5771,JAAA-Directorate of Social Care and Health Services
RBC Legal Entity,25/05/2022,4685222,318702,ALLPAY.NET.LIMITED,LD Community Services,640.72,Purchased Care,Third Party Supplier,STANDARD,5741,JAAA-Directorate of Social Care and Health Services
RBC Legal Entity,25/05/2022,4685223,318702,ALLPAY.NET.LIMITED,PS Acquired Community Services,560.28,Fairer charging charges,Third Party Supplier,STANDARD,5771,JAAA-Directorate of Social Care and Health Services
RBC Legal Entity,25/05/2022,4685223,318702,ALLPAY.NET.LIMITED,PS Acquired Community Services,1389.08,Purchased Care,Third Party Supplier,STANDARD,5771,JAAA-Directorate of Social Care and Health Services
RBC Legal Entity,25/05/2022,4685229,318702,ALLPAY.NET.LIMITED,PS Acquired Community Services,-1565.16,Fairer charging charges,Third Party Supplier,CREDIT,5771,JAAA-Directorate of Social Care and Health Services
RBC Legal Entity,25/05/2022,4685229,318702,ALLPAY.NET.LIMITED,PS Acquired Community Services,5800,Purchased Care,Third Party Supplier,STANDARD,5771,JAAA-Directorate of Social Care and Health Services
RBC Legal Entity,25/05/2022,4685233,318702,ALLPAY.NET.LIMITED,LD Community Services,833.76,Purchased Care,Third Party Supplier,STANDARD,5741,JAAA-Directorate of Social Care and Health Services
RBC Legal Entity,25/05/2022,4685234,318702,ALLPAY.NET.LIMITED,PS Acquired Community Services,-456,Fairer charging charges,Third Party Supplier,CREDIT,5771,JAAA-Directorate of Social Care and Health Services
RBC Legal Entity,25/05/2022,4685234,318702,ALLPAY.NET.LIMITED,PS Acquired Community Services,1064,Purchased Care,Third Party Supplier,STANDARD,5771,JAAA-Directorate of Social Care and Health Services
RBC Legal Entity,25/05/2022,4685237,318702,ALLPAY.NET.LIMITED,PS Acquired Community Services,-678.88,Fairer charging charges,Third Party Supplier,CREDIT,5771,JAAA-Directorate of Social Care and Health Services
RBC Legal Entity,25/05/2022,4685237,318702,ALLPAY.NET.LIMITED,PS Acquired Community Services,4326.4,Purchased Care,Third Party Supplier,STANDARD,5771,JAAA-Directorate of Social Care and Health Services
RBC Legal Entity,25/05/2022,4685239,318702,ALLPAY.NET.LIMITED,PS Acquired Community Services,-433.36,Fairer charging charges,Third Party Supplier,CREDIT,5771,JAAA-Directorate of Social Care and Health Services
RBC Legal Entity,25/05/2022,4685239,318702,ALLPAY.NET.LIMITED,PS Acquired Community Services,2660,Purchased Care,Third Party Supplier,STANDARD,5771,JAAA-Directorate of Social Care and Health Services
RBC Legal Entity,25/05/2022,4685243,318702,ALLPAY.NET.LIMITED,LD Community Services,665.2,Purchased Care,Third Party Supplier,STANDARD,5741,JAAA-Directorate of Social Care and Health Services
RBC Legal Entity,25/05/2022,4685245,318702,ALLPAY.NET.LIMITED,M&C Acquired Community Services,570,Purchased Care,Third Party Supplier,STANDARD,5751,JAAA-Directorate of Social Care and Health Services
RBC Legal Entity,25/05/2022,4685247,318702,ALLPAY.NET.LIMITED,PS Acquired Community Services,-1332.4,Fairer charging charges,Third Party Supplier,CREDIT,5771,JAAA-Directorate of Social Care and Health Services
RBC Legal Entity,25/05/2022,4685247,318702,ALLPAY.NET.LIMITED,PS Acquired Community Services,3800,Purchased Care,Third Party Supplier,STANDARD,5771,JAAA-Directorate of Social Care and Health Services
RBC Legal Entity,25/05/2022,4685250,318702,ALLPAY.NET.LIMITED,PS Acquired Community Services,-791.08,Fairer charging charges,Third Party Supplier,CREDIT,5771,JAAA-Directorate of Social Care and Health Services
RBC Legal Entity,25/05/2022,4685250,318702,ALLPAY.NET.LIMITED,PS Acquired Community Services,3400,Purchased Care,Third Party Supplier,STANDARD,5771,JAAA-Directorate of Social Care and Health Services
RBC Legal Entity,25/05/2022,4685251,318702,ALLPAY.NET.LIMITED,LD Community Services,613,Purchased Care,Third Party Supplier,STANDARD,5741,JAAA-Directorate of Social Care and Health Services
RBC Legal Entity,25/05/2022,4685253,318702,ALLPAY.NET.LIMITED,LD Community Services,-250.41,Fairer charging charges,Third Party Supplier,CREDIT,5741,JAAA-Directorate of Social Care and Health Services
RBC Legal Entity,25/05/2022,4685253,318702,ALLPAY.NET.LIMITED,LD Community Services,774.64,Purchased Care,Third Party Supplier,STANDARD,5741,JAAA-Directorate of Social Care and Health Services
RBC Legal Entity,25/05/2022,4685254,318702,ALLPAY.NET.LIMITED,LD Community Services,1381.06,Purchased Care,Third Party Supplier,STANDARD,5741,JAAA-Directorate of Social Care and Health Services
RBC Legal Entity,25/05/2022,4685256,318702,ALLPAY.NET.LIMITED,LD Community Services,-87.32,Fairer charging charges,Third Party Supplier,CREDIT,5741,JAAA-Directorate of Social Care and Health Services
RBC Legal Entity,25/05/2022,4685256,318702,ALLPAY.NET.LIMITED,LD Community Services,2477.04,Purchased Care,Third Party Supplier,STANDARD,5741,JAAA-Directorate of Social Care and Health Services
RBC Legal Entity,25/05/2022,4685258,318702,ALLPAY.NET.LIMITED,PS Lifelong Community Services,933.92,Purchased Care,Third Party Supplier,STANDARD,5781,JAAA-Directorate of Social Care and Health Services
RBC Legal Entity,25/05/2022,4685261,318702,ALLPAY.NET.LIMITED,PS Acquired Community Services,-437.6,Fairer charging charges,Third Party Supplier,CREDIT,5771,JAAA-Directorate of Social Care and Health Services
RBC Legal Entity,25/05/2022,4685261,318702,ALLPAY.NET.LIMITED,PS Acquired Community Services,1385.76,Purchased Care,Third Party Supplier,STANDARD,5771,JAAA-Directorate of Social Care and Health Services
RBC Legal Entity,25/05/2022,4685267,318702,ALLPAY.NET.LIMITED,PS Acquired Community Services,508,Purchased Care,Third Party Supplier,STANDARD,5771,JAAA-Directorate of Social Care and Health Services
RBC Legal Entity,25/05/2022,4685268,318702,ALLPAY.NET.LIMITED,PS Acquired Community Services,1013.56,Purchased Care,Third Party Supplier,STANDARD,5771,JAAA-Directorate of Social Care and Health Services
RBC Legal Entity,25/05/2022,4685272,318702,ALLPAY.NET.LIMITED,PS Acquired Community Services,-384.28,Fairer charging charges,Third Party Supplier,CREDIT,5771,JAAA-Directorate of Social Care and Health Services
RBC Legal Entity,25/05/2022,4685272,318702,ALLPAY.NET.LIMITED,PS Acquired Community Services,1814.96,Purchased Care,Third Party Supplier,STANDARD,5771,JAAA-Directorate of Social Care and Health Services
RBC Legal Entity,25/05/2022,4685276,318702,ALLPAY.NET.LIMITED,LD Community Services,1107.68,Purchased Care,Third Party Supplier,STANDARD,5741,JAAA-Directorate of Social Care and Health Services
RBC Legal Entity,25/05/2022,4685278,318702,ALLPAY.NET.LIMITED,PS Lifelong Community Services,2186.32,Purchased Care,Third Party Supplier,STANDARD,5781,JAAA-Directorate of Social Care and Health Services
RBC Legal Entity,25/05/2022,4685283,318702,ALLPAY.NET.LIMITED,PS Acquired Community Services,1596,Purchased Care,Third Party Supplier,STANDARD,5771,JAAA-Directorate of Social Care and Health Services
RBC Legal Entity,25/05/2022,4685288,318702,ALLPAY.NET.LIMITED,LD Community Services,-400.28,Fairer charging charges,Third Party Supplier,CREDIT,5741,JAAA-Directorate of Social Care and Health Services
RBC Legal Entity,25/05/2022,4685288,318702,ALLPAY.NET.LIMITED,LD Community Services,6039,Purchased Care,Third Party Supplier,STANDARD,5741,JAAA-Directorate of Social Care and Health Services
RBC Legal Entity,25/05/2022,4685289,318702,ALLPAY.NET.LIMITED,PS Acquired Community Services,-1779.6,Fairer charging charges,Third Party Supplier,CREDIT,5771,JAAA-Directorate of Social Care and Health Services
RBC Legal Entity,25/05/2022,4685289,318702,ALLPAY.NET.LIMITED,PS Acquired Community Services,5140,Purchased Care,Third Party Supplier,STANDARD,5771,JAAA-Directorate of Social Care and Health Services
RBC Legal Entity,25/05/2022,4685290,318702,ALLPAY.NET.LIMITED,PS Acquired Community Services,1140.8,Purchased Care,Third Party Supplier,STANDARD,5771,JAAA-Directorate of Social Care and Health Services
RBC Legal Entity,25/05/2022,4685292,318702,ALLPAY.NET.LIMITED,Sensory Support Community Services,1043.2,Purchased Care,Third Party Supplier,STANDARD,5711,JAAA-Directorate of Social Care and Health Services
RBC Legal Entity,25/05/2022,4685293,318702,ALLPAY.NET.LIMITED,PS Acquired Community Services,1759.72,Purchased Care,Third Party Supplier,STANDARD,5771,JAAA-Directorate of Social Care and Health Services
RBC Legal Entity,25/05/2022,4685298,318702,ALLPAY.NET.LIMITED,LD Community Services,11387.6,Purchased Care,Third Party Supplier,STANDARD,5741,JAAA-Directorate of Social Care and Health Services
RBC Legal Entity,25/05/2022,4685305,318702,ALLPAY.NET.LIMITED,PS Acquired Community Services,-156.84,Fairer charging charges,Third Party Supplier,CREDIT,5771,JAAA-Directorate of Social Care and Health Services
RBC Legal Entity,25/05/2022,4685305,318702,ALLPAY.NET.LIMITED,PS Acquired Community Services,665.36,Purchased Care,Third Party Supplier,STANDARD,5771,JAAA-Directorate of Social Care and Health Services
RBC Legal Entity,25/05/2022,4685311,318702,ALLPAY.NET.LIMITED,PS Acquired Community Services,-300.6,Fairer charging charges,Third Party Supplier,CREDIT,5771,JAAA-Directorate of Social Care and Health Services
RBC Legal Entity,25/05/2022,4685311,318702,ALLPAY.NET.LIMITED,PS Acquired Community Services,966.28,Purchased Care,Third Party Supplier,STANDARD,5771,JAAA-Directorate of Social Care and Health Services
RBC Legal Entity,25/05/2022,4685314,318702,ALLPAY.NET.LIMITED,LD Community Services,1237.24,Purchased Care,Third Party Supplier,STANDARD,5741,JAAA-Directorate of Social Care and Health Services
RBC Legal Entity,25/05/2022,4685316,318702,ALLPAY.NET.LIMITED,Sensory Support Community Services,3735,Purchased Care,Third Party Supplier,STANDARD,5711,JAAA-Directorate of Social Care and Health Services
RBC Legal Entity,25/05/2022,4684794,318703,ASHAMBER HOMES LTD,Mental Health Residential,2884.4,Purchased Care,Third Party Supplier,STANDARD,5732,JAAA-Directorate of Social Care and Health Services
RBC Legal Entity,25/05/2022,4684659,318704,NIGEL T NORTH LTD,JLT Disbursements,842.4,Misc. Legal Expenses,SUPPLIER,STANDARD,2407,LAAA-Directorate of Resources
RBC Legal Entity,25/05/2022,4685317,318705,MULTI CARE,LD Residential,4547.62,Purchased Care,SUPPLIER,STANDARD,5742,JAAA-Directorate of Social Care and Health Services
RBC Legal Entity,25/05/2022,4685318,318705,MULTI CARE,LD Residential,4547.62,Purchased Care,SUPPLIER,STANDARD,5742,JAAA-Directorate of Social Care and Health Services
RBC Legal Entity,25/05/2022,4685319,318705,MULTI CARE,LD Residential,4547.62,Purchased Care,SUPPLIER,STANDARD,5742,JAAA-Directorate of Social Care and Health Services
RBC Legal Entity,25/05/2022,4685320,318705,MULTI CARE,LD Residential,2485.72,Purchased Care,SUPPLIER,STANDARD,5742,JAAA-Directorate of Social Care and Health Services
RBC Legal Entity,25/05/2022,4685066,318707,ENHAM TRUST,LD Community Services,1815.52,Purchased Care,Third Party Supplier,STANDARD,5741,JAAA-Directorate of Social Care and Health Services
RBC Legal Entity,25/05/2022,4685225,318709,ENHAM TRUST,PS Acquired Community Services,-128.04,Fairer charging charges,Third Party Supplier,CREDIT,5771,JAAA-Directorate of Social Care and Health Services
RBC Legal Entity,25/05/2022,4685225,318709,ENHAM TRUST,PS Acquired Community Services,8654.04,Purchased Care,Third Party Supplier,STANDARD,5771,JAAA-Directorate of Social Care and Health Services
RBC Legal Entity,25/05/2022,4679929,318711,DAVIS SCAFFOLDING,DLO Day to Day Trades,1470,Subcontractors Labour,SUB-CONTRACTOR,STANDARD,4010,KAAA-Directorate of Economic Growth and Neighbourhood Services
RBC Legal Entity,25/05/2022,4679930,318711,DAVIS SCAFFOLDING,DLO Day to Day Trades,1100,Subcontractors Labour,SUB-CONTRACTOR,STANDARD,4010,KAAA-Directorate of Economic Growth and Neighbourhood Services
RBC Legal Entity,25/05/2022,4684882,318712,BROOK HOUSE RESIDENTIAL CARE HOME LTD,Mental Health Residential,3746.4,Purchased Care,Third Party Supplier,STANDARD,5732,JAAA-Directorate of Social Care and Health Services
RBC Legal Entity,25/05/2022,4684675,318714,OAKVIEW CARE (BERKSHIRE) LTD,LD Residential,12233.72,Purchased Care,Direct Payments,STANDARD,5742,JAAA-Directorate of Social Care and Health Services
RBC Legal Entity,25/05/2022,4684793,318714,OAKVIEW CARE (BERKSHIRE) LTD,LD Residential,3999.24,Purchased Care,Direct Payments,STANDARD,5742,JAAA-Directorate of Social Care and Health Services
RBC Legal Entity,25/05/2022,4680450,318715,CREATIVE SUPPORT LTD,PS Acquired Community Services,1027.8,Purchased Care,Third Party Supplier,STANDARD,5771,JAAA-Directorate of Social Care and Health Services
RBC Legal Entity,25/05/2022,4680451,318715,CREATIVE SUPPORT LTD,LD Community Services,1027.8,Purchased Care,Third Party Supplier,STANDARD,5741,JAAA-Directorate of Social Care and Health Services
RBC Legal Entity,25/05/2022,4680452,318715,CREATIVE SUPPORT LTD,LD Community Services,1507.44,Purchased Care,Third Party Supplier,STANDARD,5741,JAAA-Directorate of Social Care and Health Services
RBC Legal Entity,25/05/2022,4684673,318716,DOWNSHIRE HOUSE,LD Residential,5363.6,Purchased Care,SUPPLIER,STANDARD,5742,JAAA-Directorate of Social Care and Health Services
RBC Legal Entity,25/05/2022,4684790,318716,DOWNSHIRE HOUSE,LD Residential,4877.84,Purchased Care,SUPPLIER,STANDARD,5742,JAAA-Directorate of Social Care and Health Services
RBC Legal Entity,25/05/2022,4684809,318716,DOWNSHIRE HOUSE,LD Residential,5667.2,Purchased Care,SUPPLIER,STANDARD,5742,JAAA-Directorate of Social Care and Health Services
RBC Legal Entity,25/05/2022,4684822,318716,DOWNSHIRE HOUSE,LD Residential,3509.52,Purchased Care,SUPPLIER,STANDARD,5742,JAAA-Directorate of Social Care and Health Services
RBC Legal Entity,25/05/2022,4684878,318716,DOWNSHIRE HOUSE,LD Residential,2793.12,Purchased Care,SUPPLIER,STANDARD,5742,JAAA-Directorate of Social Care and Health Services
RBC Legal Entity,25/05/2022,4684651,318717,CROWN LODGE GUEST HOUSE,Bed and Breakfast,525,Rents,Third Party Supplier,STANDARD,5871,KAAA-Directorate of Economic Growth and Neighbourhood Services
RBC Legal Entity,25/05/2022,4684867,318718,N NOTARO HOMES LTD,PS Acquired Residential,3243.6,Purchased Care,SUPPLIER,STANDARD,5772,JAAA-Directorate of Social Care and Health Services
RBC Legal Entity,25/05/2022,4684875,318718,N NOTARO HOMES LTD,PS Acquired Residential,3243.6,Purchased Care,SUPPLIER,STANDARD,5772,JAAA-Directorate of Social Care and Health Services
RBC Legal Entity,25/05/2022,4684877,318718,N NOTARO HOMES LTD,Social Support,3243.6,Purchased Care,SUPPLIER,STANDARD,5790,JAAA-Directorate of Social Care and Health Services
RBC Legal Entity,25/05/2022,4684879,318718,N NOTARO HOMES LTD,PS Acquired Residential,3386.4,Purchased Care,SUPPLIER,STANDARD,5772,JAAA-Directorate of Social Care and Health Services
RBC Legal Entity,25/05/2022,4684739,318721,CHOICE CARE GROUP,LD Residential,8007.88,Purchased Care,Third Party Supplier,STANDARD,5742,JAAA-Directorate of Social Care and Health Services
RBC Legal Entity,25/05/2022,4684801,318721,CHOICE CARE GROUP,LD Residential,8958.44,Purchased Care,Third Party Supplier,STANDARD,5742,JAAA-Directorate of Social Care and Health Services
RBC Legal Entity,25/05/2022,4684856,318721,CHOICE CARE GROUP,LD Residential,7865.32,Purchased Care,Third Party Supplier,STANDARD,5742,JAAA-Directorate of Social Care and Health Services
RBC Legal Entity,25/05/2022,4684919,318724,LIFE CARE CORPORATION LIMITED,PS Acquired Residential,3200,Purchased Care,SUPPLIER,STANDARD,5772,JAAA-Directorate of Social Care and Health Services
RBC Legal Entity,25/05/2022,4684923,318724,LIFE CARE CORPORATION LIMITED,M&C Acquired Residential,3200,Purchased Care,SUPPLIER,STANDARD,5752,JAAA-Directorate of Social Care and Health Services
RBC Legal Entity,25/05/2022,4684935,318724,LIFE CARE CORPORATION LIMITED,Mental Health Residential,3200,Purchased Care,SUPPLIER,STANDARD,5732,JAAA-Directorate of Social Care and Health Services
RBC Legal Entity,25/05/2022,4684937,318724,LIFE CARE CORPORATION LIMITED,PS Acquired Residential,3200,Purchased Care,SUPPLIER,STANDARD,5772,JAAA-Directorate of Social Care and Health Services
RBC Legal Entity,25/05/2022,4684940,318724,LIFE CARE CORPORATION LIMITED,PS Acquired Residential,3400,Purchased Care,SUPPLIER,STANDARD,5772,JAAA-Directorate of Social Care and Health Services
RBC Legal Entity,25/05/2022,4684957,318724,LIFE CARE CORPORATION LIMITED,M&C Acquired Residential,3200,Purchased Care,SUPPLIER,STANDARD,5752,JAAA-Directorate of Social Care and Health Services
RBC Legal Entity,25/05/2022,4684958,318724,LIFE CARE CORPORATION LIMITED,PS Acquired Residential,3300,Purchased Care,SUPPLIER,STANDARD,5772,JAAA-Directorate of Social Care and Health Services
RBC Legal Entity,25/05/2022,4684976,318724,LIFE CARE CORPORATION LIMITED,PS Acquired Residential,3060,Purchased Care,SUPPLIER,STANDARD,5772,JAAA-Directorate of Social Care and Health Services
RBC Legal Entity,25/05/2022,4684980,318724,LIFE CARE CORPORATION LIMITED,PS Acquired Residential,3468,Purchased Care,SUPPLIER,STANDARD,5772,JAAA-Directorate of Social Care and Health Services
RBC Legal Entity,25/05/2022,4685006,318724,LIFE CARE CORPORATION LIMITED,M&C Acquired Residential,3400,Purchased Care,SUPPLIER,STANDARD,5752,JAAA-Directorate of Social Care and Health Services
RBC Legal Entity,25/05/2022,4685018,318724,LIFE CARE CORPORATION LIMITED,PS Acquired Residential,3060,Purchased Care,SUPPLIER,STANDARD,5772,JAAA-Directorate of Social Care and Health Services
RBC Legal Entity,25/05/2022,4684838,318725,MARNEL LODGE,M&C Acquired Nursing,1620,Purchased Care,SUPPLIER,STANDARD,5753,JAAA-Directorate of Social Care and Health Services
RBC Legal Entity,25/05/2022,4684693,318726,HC-ONE OVAL LIMITED,PS Acquired Nursing,1954.32,Purchased Care,SUPPLIER,STANDARD,5773,JAAA-Directorate of Social Care and Health Services
RBC Legal Entity,25/05/2022,4684818,318729,ALEXANDRA HOMES (BRISTOL) LTD,Mental Health Residential,2434.96,Purchased Care,SUPPLIER,STANDARD,5732,JAAA-Directorate of Social Care and Health Services
RBC Legal Entity,25/05/2022,4684791,318730,DIMENSIONS (UK) LTD,LD Residential,6683.04,Purchased Care,Third Party Supplier,STANDARD,5742,JAAA-Directorate of Social Care and Health Services
RBC Legal Entity,25/05/2022,4684773,318731,PEMBROKE LODGE,M&C Acquired Residential,3600,Purchased Care,SUPPLIER,STANDARD,5752,JAAA-Directorate of Social Care and Health Services
RBC Legal Entity,25/05/2022,4684842,318731,PEMBROKE LODGE,M&C Acquired Residential,3800,Purchased Care,SUPPLIER,STANDARD,5752,JAAA-Directorate of Social Care and Health Services
RBC Legal Entity,25/05/2022,4684475,318732,SOUND FOUNDATION LIMITED,Hexagon Operations,70,Equipment Hire,SUPPLIER,STANDARD,1200,KAAA-Directorate of Economic Growth and Neighbourhood Services
RBC Legal Entity,25/05/2022,4684475,318732,SOUND FOUNDATION LIMITED,Hexagon Operations,722.4,Equipment Hire,SUPPLIER,STANDARD,1200,KAAA-Directorate of Economic Growth and Neighbourhood Services
RBC Legal Entity,25/05/2022,4684602,318733,MOONSCAPE MEDIA LIMITED,Events & Engagement,720,Advertising - General,Third Party Supplier,STANDARD,2080,EAAA-Chief Executive
RBC Legal Entity,25/05/2022,4684730,318735,DOWNVIEW RESIDENTIAL CARE,LD Residential,-438.8,Client Contrib. Residential,SUPPLIER,CREDIT,5742,JAAA-Directorate of Social Care and Health Services
RBC Legal Entity,25/05/2022,4684730,318735,DOWNVIEW RESIDENTIAL CARE,LD Residential,5546.72,Purchased Care,SUPPLIER,STANDARD,5742,JAAA-Directorate of Social Care and Health Services
RBC Legal Entity,25/05/2022,4684604,318737,FAITH CHRISTIAN GROUP (READING),Voluntary Sector & Community Grants,8000,Discretionary Items,Third Party Supplier,STANDARD,2041,LAAA-Directorate of Resources
RBC Legal Entity,25/05/2022,4684918,318738,FLORENCE CARE (READING) LTD,PS Acquired Nursing,3366,Purchased Care,Direct Payments,STANDARD,5773,JAAA-Directorate of Social Care and Health Services
RBC Legal Entity,25/05/2022,4684931,318738,FLORENCE CARE (READING) LTD,PS Acquired Nursing,3600,Purchased Care,Direct Payments,STANDARD,5773,JAAA-Directorate of Social Care and Health Services
RBC Legal Entity,25/05/2022,4684936,318738,FLORENCE CARE (READING) LTD,PS Acquired Nursing,3400,Purchased Care,Direct Payments,STANDARD,5773,JAAA-Directorate of Social Care and Health Services
RBC Legal Entity,25/05/2022,4684947,318738,FLORENCE CARE (READING) LTD,PS Acquired Nursing,3137.12,Purchased Care,Direct Payments,STANDARD,5773,JAAA-Directorate of Social Care and Health Services
RBC Legal Entity,25/05/2022,4684950,318738,FLORENCE CARE (READING) LTD,PS Acquired Nursing,3366,Purchased Care,Direct Payments,STANDARD,5773,JAAA-Directorate of Social Care and Health Services
RBC Legal Entity,25/05/2022,4684953,318738,FLORENCE CARE (READING) LTD,PS Acquired Nursing,3060,Purchased Care,Direct Payments,STANDARD,5773,JAAA-Directorate of Social Care and Health Services
RBC Legal Entity,25/05/2022,4684963,318738,FLORENCE CARE (READING) LTD,PS Acquired Nursing,3400,Purchased Care,Direct Payments,STANDARD,5773,JAAA-Directorate of Social Care and Health Services
RBC Legal Entity,25/05/2022,4684966,318738,FLORENCE CARE (READING) LTD,M&C Acquired Nursing,35952,EMI,Direct Payments,STANDARD,5753,JAAA-Directorate of Social Care and Health Services
RBC Legal Entity,25/05/2022,4684983,318738,FLORENCE CARE (READING) LTD,PS Acquired Nursing,3590.4,Purchased Care,Direct Payments,STANDARD,5773,JAAA-Directorate of Social Care and Health Services
RBC Legal Entity,25/05/2022,4684990,318738,FLORENCE CARE (READING) LTD,PS Acquired Nursing,3600,Purchased Care,Direct Payments,STANDARD,5773,JAAA-Directorate of Social Care and Health Services
RBC Legal Entity,25/05/2022,4684991,318738,FLORENCE CARE (READING) LTD,PS Acquired Nursing,3800,Purchased Care,Direct Payments,STANDARD,5773,JAAA-Directorate of Social Care and Health Services
RBC Legal Entity,25/05/2022,4685008,318738,FLORENCE CARE (READING) LTD,PS Acquired Nursing,804,Purchased Care,Direct Payments,STANDARD,5773,JAAA-Directorate of Social Care and Health Services
RBC Legal Entity,25/05/2022,4685012,318738,FLORENCE CARE (READING) LTD,PS Acquired Nursing,2210,Respite Care,Direct Payments,STANDARD,5773,JAAA-Directorate of Social Care and Health Services
RBC Legal Entity,25/05/2022,4685017,318738,FLORENCE CARE (READING) LTD,PS Acquired Nursing,3186.48,Purchased Care,Direct Payments,STANDARD,5773,JAAA-Directorate of Social Care and Health Services
RBC Legal Entity,25/05/2022,4685022,318738,FLORENCE CARE (READING) LTD,M&C Acquired Nursing,3400,Purchased Care,Direct Payments,STANDARD,5753,JAAA-Directorate of Social Care and Health Services
RBC Legal Entity,25/05/2022,4685024,318738,FLORENCE CARE (READING) LTD,PS Acquired Nursing,7592,Purchased Care,Direct Payments,STANDARD,5773,JAAA-Directorate of Social Care and Health Services
RBC Legal Entity,25/05/2022,4685025,318738,FLORENCE CARE (READING) LTD,PS Acquired Nursing,3400,Purchased Care,Direct Payments,STANDARD,5773,JAAA-Directorate of Social Care and Health Services
RBC Legal Entity,25/05/2022,4685028,318738,FLORENCE CARE (READING) LTD,Mental Health Nursing,1216,Purchased Care,Direct Payments,STANDARD,5733,JAAA-Directorate of Social Care and Health Services
RBC Legal Entity,25/05/2022,4685034,318738,FLORENCE CARE (READING) LTD,PS Acquired Nursing,3600,Purchased Care,Direct Payments,STANDARD,5773,JAAA-Directorate of Social Care and Health Services
RBC Legal Entity,25/05/2022,4685036,318738,FLORENCE CARE (READING) LTD,PS Acquired Nursing,2210,Respite Care,Direct Payments,STANDARD,5773,JAAA-Directorate of Social Care and Health Services
RBC Legal Entity,25/05/2022,4684872,318740,GLYNDERWEN HOUSE,LD Residential,9800.68,Purchased Care,SUPPLIER,STANDARD,5742,JAAA-Directorate of Social Care and Health Services
RBC Legal Entity,25/05/2022,4684704,318743,WOODBURY HOUSE,PS Acquired Nursing,3400,Purchased Care,SUPPLIER,STANDARD,5773,JAAA-Directorate of Social Care and Health Services
RBC Legal Entity,25/05/2022,4684663,318746,PSA PRINT SERVICES,Committee Administration,608,Printing + Duplicating,SUPPLIER,STANDARD,2475,LAAA-Directorate of Resources
RBC Legal Entity,25/05/2022,4684699,318747,COLLEYCARE LIMITED,PS Acquired Residential,3060,Purchased Care,SUPPLIER,STANDARD,5772,JAAA-Directorate of Social Care and Health Services
RBC Legal Entity,25/05/2022,4684706,318747,COLLEYCARE LIMITED,PS Acquired Residential,3060,Purchased Care,SUPPLIER,STANDARD,5772,JAAA-Directorate of Social Care and Health Services
RBC Legal Entity,25/05/2022,4684708,318747,COLLEYCARE LIMITED,PS Acquired Residential,3300,Purchased Care,SUPPLIER,STANDARD,5772,JAAA-Directorate of Social Care and Health Services
RBC Legal Entity,25/05/2022,4684711,318747,COLLEYCARE LIMITED,PS Acquired Residential,3880,Purchased Care,SUPPLIER,STANDARD,5772,JAAA-Directorate of Social Care and Health Services
RBC Legal Entity,25/05/2022,4684721,318747,COLLEYCARE LIMITED,M&C Acquired Residential,4080,Purchased Care,SUPPLIER,STANDARD,5752,JAAA-Directorate of Social Care and Health Services
RBC Legal Entity,25/05/2022,4684753,318747,COLLEYCARE LIMITED,PS Acquired Residential,3060,Purchased Care,SUPPLIER,STANDARD,5772,JAAA-Directorate of Social Care and Health Services
RBC Legal Entity,25/05/2022,4684765,318747,COLLEYCARE LIMITED,PS Acquired Residential,20967.86,Purchased Care,SUPPLIER,STANDARD,5772,JAAA-Directorate of Social Care and Health Services
RBC Legal Entity,25/05/2022,4684770,318747,COLLEYCARE LIMITED,M&C Acquired Residential,3200,Purchased Care,SUPPLIER,STANDARD,5752,JAAA-Directorate of Social Care and Health Services
RBC Legal Entity,25/05/2022,4684776,318747,COLLEYCARE LIMITED,PS Acquired Residential,3880,Purchased Care,SUPPLIER,STANDARD,5772,JAAA-Directorate of Social Care and Health Services
RBC Legal Entity,25/05/2022,4684781,318747,COLLEYCARE LIMITED,PS Acquired Residential,3400,Purchased Care,SUPPLIER,STANDARD,5772,JAAA-Directorate of Social Care and Health Services
RBC Legal Entity,25/05/2022,4684784,318747,COLLEYCARE LIMITED,PS Acquired Residential,1224,Purchased Care,SUPPLIER,STANDARD,5772,JAAA-Directorate of Social Care and Health Services
RBC Legal Entity,25/05/2022,4684788,318747,COLLEYCARE LIMITED,M&C Acquired Residential,10753.57,Purchased Care,SUPPLIER,STANDARD,5752,JAAA-Directorate of Social Care and Health Services
RBC Legal Entity,25/05/2022,4684828,318747,COLLEYCARE LIMITED,PS Acquired Residential,3060,Purchased Care,SUPPLIER,STANDARD,5772,JAAA-Directorate of Social Care and Health Services
RBC Legal Entity,25/05/2022,4684886,318747,COLLEYCARE LIMITED,Mental Health Residential,3060,Purchased Care,SUPPLIER,STANDARD,5732,JAAA-Directorate of Social Care and Health Services
RBC Legal Entity,25/05/2022,4684894,318747,COLLEYCARE LIMITED,PS Acquired Residential,3000,Purchased Care,SUPPLIER,STANDARD,5772,JAAA-Directorate of Social Care and Health Services
RBC Legal Entity,25/05/2022,4684899,318747,COLLEYCARE LIMITED,Mental Health Residential,1530,Purchased Care,SUPPLIER,STANDARD,5732,JAAA-Directorate of Social Care and Health Services
RBC Legal Entity,25/05/2022,4684901,318747,COLLEYCARE LIMITED,M&C Acquired Residential,3060,Purchased Care,SUPPLIER,STANDARD,5752,JAAA-Directorate of Social Care and Health Services
RBC Legal Entity,25/05/2022,4684905,318747,COLLEYCARE LIMITED,PS Acquired Residential,3900,Purchased Care,SUPPLIER,STANDARD,5772,JAAA-Directorate of Social Care and Health Services
RBC Legal Entity,25/05/2022,4684911,318747,COLLEYCARE LIMITED,M&C Acquired Residential,3200,Purchased Care,SUPPLIER,STANDARD,5752,JAAA-Directorate of Social Care and Health Services
RBC Legal Entity,25/05/2022,4684912,318747,COLLEYCARE LIMITED,M&C Acquired Residential,3300,Purchased Care,SUPPLIER,STANDARD,5752,JAAA-Directorate of Social Care and Health Services
RBC Legal Entity,25/05/2022,4684914,318747,COLLEYCARE LIMITED,M&C Acquired Residential,28600,EMI,SUPPLIER,STANDARD,5752,JAAA-Directorate of Social Care and Health Services
RBC Legal Entity,25/05/2022,4684916,318747,COLLEYCARE LIMITED,PS Acquired Residential,2185.71,Respite Care,SUPPLIER,STANDARD,5772,JAAA-Directorate of Social Care and Health Services
RBC Legal Entity,25/05/2022,4684679,318748,SEEABILITY,LD Residential,-438.8,Client Contrib. Residential,Third Party Supplier,CREDIT,5742,JAAA-Directorate of Social Care and Health Services
RBC Legal Entity,25/05/2022,4684679,318748,SEEABILITY,LD Residential,9143.44,Purchased Care,Third Party Supplier,STANDARD,5742,JAAA-Directorate of Social Care and Health Services
RBC Legal Entity,25/05/2022,4676348,318751,LAPLACE BUILDING SOLUTIONS (SOUTH) LIMITED,Repairs,223.04,Essential Cyclical Insp. + Mai,SUB-CONTRACTOR,STANDARD,5970,HAAA-Housing Revenue Account
RBC Legal Entity,25/05/2022,4676348,318751,LAPLACE BUILDING SOLUTIONS (SOUTH) LIMITED,Corporate Maintenance Services,293.38,Leasing Costs,SUB-CONTRACTOR,STANDARD,4080,KAAA-Directorate of Economic Growth and Neighbourhood Services
RBC Legal Entity,25/05/2022,4684824,318752,THE DISABILITIES TRUST,LD Residential,5219.16,Purchased Care,SUPPLIER,STANDARD,5742,JAAA-Directorate of Social Care and Health Services
RBC Legal Entity,25/05/2022,4684887,318753,THE DISABILITIES TRUST,LD Residential,7060,Purchased Care,SUPPLIER,STANDARD,5742,JAAA-Directorate of Social Care and Health Services
RBC Legal Entity,25/05/2022,4684814,318754,CHILMINGTON HOMES LIMITED,LD Residential,5638.76,Purchased Care,Third Party Supplier,STANDARD,5742,JAAA-Directorate of Social Care and Health Services
RBC Legal Entity,25/05/2022,4684865,318754,CHILMINGTON HOMES LIMITED,LD Residential,7135.32,Purchased Care,Third Party Supplier,STANDARD,5742,JAAA-Directorate of Social Care and Health Services
RBC Legal Entity,25/05/2022,4684902,318754,CHILMINGTON HOMES LIMITED,LD Residential,6787.2,Purchased Care,Third Party Supplier,STANDARD,5742,JAAA-Directorate of Social Care and Health Services
RBC Legal Entity,25/05/2022,4676516,318755,WEST BERKSHIRE COUNCIL,Partnership Equipment Group,44747.07,Aids + Appliances,GOVERNMENT,STANDARD,5110,JAAA-Directorate of Social Care and Health Services
RBC Legal Entity,25/05/2022,4684664,318755,WEST BERKSHIRE COUNCIL,Berkshire West Public Health Hub,500,Other Staff Costs,GOVERNMENT,STANDARD,2002,JAAA-Directorate of Social Care and Health Services
RBC Legal Entity,25/05/2022,4684688,318756,THE BOLTONS,PS Acquired Residential,3060,Purchased Care,SUPPLIER,STANDARD,5772,JAAA-Directorate of Social Care and Health Services
RBC Legal Entity,25/05/2022,4684702,318756,THE BOLTONS,Mental Health Residential,-2167.5,Purchased Care,SUPPLIER,CREDIT,5732,JAAA-Directorate of Social Care and Health Services
RBC Legal Entity,25/05/2022,4684714,318756,THE BOLTONS,Mental Health Residential,1122,Purchased Care,SUPPLIER,STANDARD,5732,JAAA-Directorate of Social Care and Health Services
RBC Legal Entity,25/05/2022,4684719,318756,THE BOLTONS,PS Acquired Residential,3400,Purchased Care,SUPPLIER,STANDARD,5772,JAAA-Directorate of Social Care and Health Services
RBC Legal Entity,25/05/2022,4684760,318756,THE BOLTONS,M&C Acquired Residential,2135.8,Purchased Care,SUPPLIER,STANDARD,5752,JAAA-Directorate of Social Care and Health Services
RBC Legal Entity,25/05/2022,4684761,318756,THE BOLTONS,Mental Health Residential,3468,Purchased Care,SUPPLIER,STANDARD,5732,JAAA-Directorate of Social Care and Health Services
RBC Legal Entity,25/05/2022,4684764,318756,THE BOLTONS,PS Acquired Residential,3366,Purchased Care,SUPPLIER,STANDARD,5772,JAAA-Directorate of Social Care and Health Services
RBC Legal Entity,25/05/2022,4684775,318756,THE BOLTONS,PS Acquired Residential,3400,Purchased Care,SUPPLIER,STANDARD,5772,JAAA-Directorate of Social Care and Health Services
RBC Legal Entity,25/05/2022,4684825,318756,THE BOLTONS,M&C Acquired Residential,3264,Purchased Care,SUPPLIER,STANDARD,5752,JAAA-Directorate of Social Care and Health Services
RBC Legal Entity,25/05/2022,4684829,318756,THE BOLTONS,M&C Acquired Residential,-3963.43,Purchased Care,SUPPLIER,CREDIT,5752,JAAA-Directorate of Social Care and Health Services
RBC Legal Entity,25/05/2022,4684832,318756,THE BOLTONS,Mental Health Residential,3182.4,Purchased Care,SUPPLIER,STANDARD,5732,JAAA-Directorate of Social Care and Health Services
RBC Legal Entity,25/05/2022,4684839,318756,THE BOLTONS,M&C Acquired Residential,3560,Purchased Care,SUPPLIER,STANDARD,5752,JAAA-Directorate of Social Care and Health Services
RBC Legal Entity,25/05/2022,4684841,318756,THE BOLTONS,PS Acquired Residential,1142.86,Purchased Care,SUPPLIER,STANDARD,5772,JAAA-Directorate of Social Care and Health Services
RBC Legal Entity,25/05/2022,4684871,318756,THE BOLTONS,PS Acquired Residential,3264,Purchased Care,SUPPLIER,STANDARD,5772,JAAA-Directorate of Social Care and Health Services
RBC Legal Entity,25/05/2022,4684874,318756,THE BOLTONS,Mental Health Residential,1734,Purchased Care,SUPPLIER,STANDARD,5732,JAAA-Directorate of Social Care and Health Services
RBC Legal Entity,25/05/2022,4684896,318756,THE BOLTONS,PS Acquired Residential,1360,Purchased Care,SUPPLIER,STANDARD,5772,JAAA-Directorate of Social Care and Health Services
RBC Legal Entity,25/05/2022,4684701,318757,NAVARA LODGE,PS Acquired Residential,3092.2,Purchased Care,SUPPLIER,STANDARD,5772,JAAA-Directorate of Social Care and Health Services
RBC Legal Entity,25/05/2022,4684758,318757,NAVARA LODGE,PS Acquired Residential,2951.64,Purchased Care,SUPPLIER,STANDARD,5772,JAAA-Directorate of Social Care and Health Services
RBC Legal Entity,25/05/2022,4684759,318757,NAVARA LODGE,Mental Health Residential,3246.04,Purchased Care,SUPPLIER,STANDARD,5732,JAAA-Directorate of Social Care and Health Services
RBC Legal Entity,25/05/2022,4684820,318757,NAVARA LODGE,PS Acquired Residential,3246.04,Purchased Care,SUPPLIER,STANDARD,5772,JAAA-Directorate of Social Care and Health Services
RBC Legal Entity,25/05/2022,4684831,318757,NAVARA LODGE,Mental Health Residential,3246.04,Purchased Care,SUPPLIER,STANDARD,5732,JAAA-Directorate of Social Care and Health Services
RBC Legal Entity,25/05/2022,4684846,318757,NAVARA LODGE,PS Acquired Residential,3000,Purchased Care,SUPPLIER,STANDARD,5772,JAAA-Directorate of Social Care and Health Services
RBC Legal Entity,25/05/2022,4684883,318757,NAVARA LODGE,PS Acquired Residential,3092.2,Purchased Care,SUPPLIER,STANDARD,5772,JAAA-Directorate of Social Care and Health Services
RBC Legal Entity,25/05/2022,4684884,318757,NAVARA LODGE,PS Acquired Residential,2951.64,Purchased Care,SUPPLIER,STANDARD,5772,JAAA-Directorate of Social Care and Health Services
RBC Legal Entity,25/05/2022,4684915,318757,NAVARA LODGE,PS Acquired Residential,3000,Purchased Care,SUPPLIER,STANDARD,5772,JAAA-Directorate of Social Care and Health Services
RBC Legal Entity,25/05/2022,4684694,318758,MOORLANDS REST HOME,Mental Health Residential,1968.44,Purchased Care,SUPPLIER,STANDARD,5732,JAAA-Directorate of Social Care and Health Services
RBC Legal Entity,25/05/2022,4684749,318758,MOORLANDS REST HOME,PS Acquired Residential,3141.6,Purchased Care,SUPPLIER,STANDARD,5772,JAAA-Directorate of Social Care and Health Services
RBC Legal Entity,25/05/2022,4684837,318758,MOORLANDS REST HOME,PS Acquired Residential,3200,Purchased Care,SUPPLIER,STANDARD,5772,JAAA-Directorate of Social Care and Health Services
RBC Legal Entity,25/05/2022,4684866,318758,MOORLANDS REST HOME,Mental Health Residential,590.8,Purchased Care,SUPPLIER,STANDARD,5732,JAAA-Directorate of Social Care and Health Services
RBC Legal Entity,25/05/2022,4684908,318758,MOORLANDS REST HOME,PS Acquired Residential,3600,Purchased Care,SUPPLIER,STANDARD,5772,JAAA-Directorate of Social Care and Health Services
RBC Legal Entity,25/05/2022,4684910,318758,MOORLANDS REST HOME,PS Acquired Residential,3400,Purchased Care,SUPPLIER,STANDARD,5772,JAAA-Directorate of Social Care and Health Services
RBC Legal Entity,25/05/2022,4684913,318758,MOORLANDS REST HOME,PS Acquired Residential,3600,Purchased Care,SUPPLIER,STANDARD,5772,JAAA-Directorate of Social Care and Health Services
RBC Legal Entity,25/05/2022,4684819,318759,HILLTOP HOUSE,Mental Health Residential,1989.84,Purchased Care,SUPPLIER,STANDARD,5732,JAAA-Directorate of Social Care and Health Services
RBC Legal Entity,25/05/2022,4684922,318760,MULBERRY HOUSE RESIDENTIAL CARE HOME,M&C Acquired Residential,3200,Purchased Care,SUPPLIER,STANDARD,5752,JAAA-Directorate of Social Care and Health Services
RBC Legal Entity,25/05/2022,4684926,318760,MULBERRY HOUSE RESIDENTIAL CARE HOME,PS Acquired Residential,3060,Purchased Care,SUPPLIER,STANDARD,5772,JAAA-Directorate of Social Care and Health Services
RBC Legal Entity,25/05/2022,4684929,318760,MULBERRY HOUSE RESIDENTIAL CARE HOME,PS Acquired Residential,3300,Purchased Care,SUPPLIER,STANDARD,5772,JAAA-Directorate of Social Care and Health Services
RBC Legal Entity,25/05/2022,4684943,318760,MULBERRY HOUSE RESIDENTIAL CARE HOME,M&C Acquired Residential,3200,Purchased Care,SUPPLIER,STANDARD,5752,JAAA-Directorate of Social Care and Health Services
RBC Legal Entity,25/05/2022,4684954,318760,MULBERRY HOUSE RESIDENTIAL CARE HOME,M&C Acquired Residential,3200,Purchased Care,SUPPLIER,STANDARD,5752,JAAA-Directorate of Social Care and Health Services
RBC Legal Entity,25/05/2022,4684974,318760,MULBERRY HOUSE RESIDENTIAL CARE HOME,PS Acquired Residential,3200,Purchased Care,SUPPLIER,STANDARD,5772,JAAA-Directorate of Social Care and Health Services
RBC Legal Entity,25/05/2022,4684982,318760,MULBERRY HOUSE RESIDENTIAL CARE HOME,PS Acquired Residential,3060,Purchased Care,SUPPLIER,STANDARD,5772,JAAA-Directorate of Social Care and Health Services
RBC Legal Entity,25/05/2022,4684989,318760,MULBERRY HOUSE RESIDENTIAL CARE HOME,PS Acquired Residential,3800,Purchased Care,SUPPLIER,STANDARD,5772,JAAA-Directorate of Social Care and Health Services
RBC Legal Entity,25/05/2022,4685016,318760,MULBERRY HOUSE RESIDENTIAL CARE HOME,PS Acquired Residential,3200,Purchased Care,SUPPLIER,STANDARD,5772,JAAA-Directorate of Social Care and Health Services
RBC Legal Entity,25/05/2022,4685023,318760,MULBERRY HOUSE RESIDENTIAL CARE HOME,PS Acquired Residential,3200,Purchased Care,SUPPLIER,STANDARD,5772,JAAA-Directorate of Social Care and Health Services
RBC Legal Entity,25/05/2022,4685030,318760,MULBERRY HOUSE RESIDENTIAL CARE HOME,PS Acquired Residential,3400,Purchased Care,SUPPLIER,STANDARD,5772,JAAA-Directorate of Social Care and Health Services
RBC Legal Entity,25/05/2022,4685032,318760,MULBERRY HOUSE RESIDENTIAL CARE HOME,PS Acquired Residential,3400,Purchased Care,SUPPLIER,STANDARD,5772,JAAA-Directorate of Social Care and Health Services
RBC Legal Entity,25/05/2022,4684806,318761,LEONARD CHESHIRE SOUTH REGION,Mental Health Residential,2636.36,Purchased Care,SUPPLIER,STANDARD,5732,JAAA-Directorate of Social Care and Health Services
RBC Legal Entity,25/05/2022,4684805,318762,ROWAN LODGE,M&C Acquired Residential,3800,Purchased Care,SUPPLIER,STANDARD,5752,JAAA-Directorate of Social Care and Health Services
RBC Legal Entity,25/05/2022,4684687,318763,REACH LTD,LD Nursing,2678.76,Purchased Care,Third Party Supplier,STANDARD,5743,JAAA-Directorate of Social Care and Health Services
RBC Legal Entity,25/05/2022,4684807,318763,REACH LTD,LD Residential,6179.52,Purchased Care,Third Party Supplier,STANDARD,5742,JAAA-Directorate of Social Care and Health Services
RBC Legal Entity,25/05/2022,4684889,318764,APPLEHILL,PS Acquired Nursing,2520,Purchased Care,SUPPLIER,STANDARD,5773,JAAA-Directorate of Social Care and Health Services
RBC Legal Entity,25/05/2022,4684689,318766,NORMANHURST RESIDENTIAL HOME,M&C Acquired Residential,3264,Purchased Care,SUPPLIER,STANDARD,5752,JAAA-Directorate of Social Care and Health Services
RBC Legal Entity,25/05/2022,4684891,318767,BELAMIE GABLES CARE HOME,M&C Acquired Residential,3400,Purchased Care,Direct Payments,STANDARD,5752,JAAA-Directorate of Social Care and Health Services
RBC Legal Entity,25/05/2022,4684904,318770,WEST OAK,M&C Acquired Nursing,3880,Purchased Care,Third Party Supplier,STANDARD,5753,JAAA-Directorate of Social Care and Health Services
RBC Legal Entity,25/05/2022,4684909,318770,WEST OAK,LD Nursing,5648,Purchased Care,Third Party Supplier,STANDARD,5743,JAAA-Directorate of Social Care and Health Services
RBC Legal Entity,25/05/2022,4685179,318771,PAYCOLL PAYROLL,PS Acquired Community Services,640.04,Purchased Care,Third Party Supplier,STANDARD,5771,JAAA-Directorate of Social Care and Health Services
RBC Legal Entity,25/05/2022,4685255,318773,PAYCOLL PAYROLL,PS Acquired Community Services,2985.26,Purchased Care,Third Party Supplier,STANDARD,5771,JAAA-Directorate of Social Care and Health Services
RBC Legal Entity,25/05/2022,4685088,318774,PAYCOLL PAYROLL,LD Community Services,-250.36,Fairer charging charges,Third Party Supplier,CREDIT,5741,JAAA-Directorate of Social Care and Health Services
RBC Legal Entity,25/05/2022,4685088,318774,PAYCOLL PAYROLL,LD Community Services,1699.56,Purchased Care,Third Party Supplier,STANDARD,5741,JAAA-Directorate of Social Care and Health Services
RBC Legal Entity,25/05/2022,4685127,318776,PAYCOLL PAYROLL,PS Acquired Community Services,681.44,Purchased Care,Third Party Supplier,STANDARD,5771,JAAA-Directorate of Social Care and Health Services
RBC Legal Entity,25/05/2022,4685136,318778,PAYCOLL PAYROLL,LD Community Services,-135.52,Fairer charging charges,Third Party Supplier,CREDIT,5741,JAAA-Directorate of Social Care and Health Services
RBC Legal Entity,25/05/2022,4685136,318778,PAYCOLL PAYROLL,LD Community Services,2361.56,Purchased Care,Third Party Supplier,STANDARD,5741,JAAA-Directorate of Social Care and Health Services
RBC Legal Entity,25/05/2022,4685119,318779,PAYCOLL PAYROLL,PS Acquired Community Services,-1012.08,Fairer charging charges,Third Party Supplier,CREDIT,5771,JAAA-Directorate of Social Care and Health Services
RBC Legal Entity,25/05/2022,4685119,318779,PAYCOLL PAYROLL,PS Acquired Community Services,2674,Purchased Care,Third Party Supplier,STANDARD,5771,JAAA-Directorate of Social Care and Health Services
RBC Legal Entity,25/05/2022,4685286,318781,PAYCOLL PAYROLL,PS Acquired Community Services,769.2,Purchased Care,Third Party Supplier,STANDARD,5771,JAAA-Directorate of Social Care and Health Services
RBC Legal Entity,25/05/2022,4685147,318782,PAYCOLL PAYROLL,PS Acquired Community Services,1982.04,Purchased Care,Third Party Supplier,STANDARD,5771,JAAA-Directorate of Social Care and Health Services
RBC Legal Entity,25/05/2022,4685078,318783,PAYCOLL PAYROLL,PS Acquired Community Services,702,Purchased Care,Third Party Supplier,STANDARD,5771,JAAA-Directorate of Social Care and Health Services
RBC Legal Entity,25/05/2022,4685173,318784,PAYCOLL PAYROLL,Mental Health Community Services,1931.72,Purchased Care,Third Party Supplier,STANDARD,5731,JAAA-Directorate of Social Care and Health Services
RBC Legal Entity,25/05/2022,4685149,318785,PAYCOLL PAYROLL,PS Acquired Community Services,-188.76,Fairer charging charges,Third Party Supplier,CREDIT,5771,JAAA-Directorate of Social Care and Health Services
RBC Legal Entity,25/05/2022,4685149,318785,PAYCOLL PAYROLL,PS Acquired Community Services,753.64,Purchased Care,Third Party Supplier,STANDARD,5771,JAAA-Directorate of Social Care and Health Services
RBC Legal Entity,25/05/2022,4685080,318787,PAYCOLL PAYROLL,PS Acquired Community Services,-324.28,Fairer charging charges,Third Party Supplier,CREDIT,5771,JAAA-Directorate of Social Care and Health Services
RBC Legal Entity,25/05/2022,4685080,318787,PAYCOLL PAYROLL,PS Acquired Community Services,9673.2,Purchased Care,Third Party Supplier,STANDARD,5771,JAAA-Directorate of Social Care and Health Services
RBC Legal Entity,25/05/2022,4685109,318788,PAYCOLL PAYROLL,Mental Health Community Services,9533.29,Purchased Care,Third Party Supplier,STANDARD,5731,JAAA-Directorate of Social Care and Health Services
RBC Legal Entity,25/05/2022,4685085,318789,PAYCOLL PAYROLL,PS Acquired Community Services,-1297.16,Fairer charging charges,Third Party Supplier,CREDIT,5771,JAAA-Directorate of Social Care and Health Services
RBC Legal Entity,25/05/2022,4685085,318789,PAYCOLL PAYROLL,PS Acquired Community Services,3130.4,Purchased Care,Third Party Supplier,STANDARD,5771,JAAA-Directorate of Social Care and Health Services
RBC Legal Entity,25/05/2022,4685079,318790,PAYCOLL PAYROLL,PS Acquired Community Services,3059,Purchased Care,Third Party Supplier,STANDARD,5771,JAAA-Directorate of Social Care and Health Services
RBC Legal Entity,25/05/2022,4685228,318791,PAYCOLL PAYROLL,PS Acquired Community Services,-173.12,Fairer charging charges,Third Party Supplier,CREDIT,5771,JAAA-Directorate of Social Care and Health Services
RBC Legal Entity,25/05/2022,4685228,318791,PAYCOLL PAYROLL,PS Acquired Community Services,2375.52,Purchased Care,Third Party Supplier,STANDARD,5771,JAAA-Directorate of Social Care and Health Services
RBC Legal Entity,25/05/2022,4685039,318792,PAYCOLL PAYROLL,LD Community Services,-206.28,Fairer charging charges,Third Party Supplier,CREDIT,5741,JAAA-Directorate of Social Care and Health Services
RBC Legal Entity,25/05/2022,4685039,318792,PAYCOLL PAYROLL,LD Community Services,2498.52,Purchased Care,Third Party Supplier,STANDARD,5741,JAAA-Directorate of Social Care and Health Services
RBC Legal Entity,25/05/2022,4685301,318794,PAYCOLL PAYROLL,PS Acquired Community Services,1292.76,Purchased Care,Third Party Supplier,STANDARD,5771,JAAA-Directorate of Social Care and Health Services
RBC Legal Entity,25/05/2022,4685217,318795,PAYCOLL PAYROLL,LD Community Services,-234.28,Fairer charging charges,Third Party Supplier,CREDIT,5741,JAAA-Directorate of Social Care and Health Services
RBC Legal Entity,25/05/2022,4685217,318795,PAYCOLL PAYROLL,LD Community Services,1532.48,Purchased Care,Third Party Supplier,STANDARD,5741,JAAA-Directorate of Social Care and Health Services
RBC Legal Entity,25/05/2022,4685045,318796,PAYCOLL PAYROLL,PS Acquired Community Services,-295.6,Fairer charging charges,Third Party Supplier,CREDIT,5771,JAAA-Directorate of Social Care and Health Services
RBC Legal Entity,25/05/2022,4685045,318796,PAYCOLL PAYROLL,PS Acquired Community Services,1389.6,Purchased Care,Third Party Supplier,STANDARD,5771,JAAA-Directorate of Social Care and Health Services
RBC Legal Entity,25/05/2022,4685224,318797,PAYCOLL PAYROLL,PS Acquired Community Services,1929.56,Purchased Care,Third Party Supplier,STANDARD,5771,JAAA-Directorate of Social Care and Health Services
RBC Legal Entity,25/05/2022,4685266,318799,PAYCOLL PAYROLL,PS Acquired Community Services,-578.2,Fairer charging charges,Third Party Supplier,CREDIT,5771,JAAA-Directorate of Social Care and Health Services
RBC Legal Entity,25/05/2022,4685266,318799,PAYCOLL PAYROLL,PS Acquired Community Services,2353.64,Purchased Care,Third Party Supplier,STANDARD,5771,JAAA-Directorate of Social Care and Health Services
RBC Legal Entity,25/05/2022,4685262,318802,PAYCOLL PAYROLL,PS Acquired Community Services,620.96,Purchased Care,Third Party Supplier,STANDARD,5771,JAAA-Directorate of Social Care and Health Services
RBC Legal Entity,25/05/2022,4685156,318804,PAYCOLL PAYROLL,Sensory Support Community Services,505,Purchased Care,Third Party Supplier,STANDARD,5711,JAAA-Directorate of Social Care and Health Services
RBC Legal Entity,25/05/2022,4685157,318805,PAYCOLL PAYROLL,Mental Health Community Services,812.96,Purchased Care,Third Party Supplier,STANDARD,5731,JAAA-Directorate of Social Care and Health Services
RBC Legal Entity,25/05/2022,4685153,318808,PAYCOLL PAYROLL,LD Community Services,-260.24,Fairer charging charges,Third Party Supplier,CREDIT,5741,JAAA-Directorate of Social Care and Health Services
RBC Legal Entity,25/05/2022,4685153,318808,PAYCOLL PAYROLL,LD Community Services,8100.88,Purchased Care,Third Party Supplier,STANDARD,5741,JAAA-Directorate of Social Care and Health Services
RBC Legal Entity,25/05/2022,4685304,318809,PAYCOLL PAYROLL,Social Support,5923.8,Purchased Care,Third Party Supplier,STANDARD,5790,JAAA-Directorate of Social Care and Health Services
RBC Legal Entity,25/05/2022,4685092,318810,PAYCOLL PAYROLL,LD Community Services,2135.04,Purchased Care,Third Party Supplier,STANDARD,5741,JAAA-Directorate of Social Care and Health Services
RBC Legal Entity,25/05/2022,4685232,318811,PAYCOLL PAYROLL,Social Support,-544,Fairer charging charges,Third Party Supplier,CREDIT,5790,JAAA-Directorate of Social Care and Health Services
RBC Legal Entity,25/05/2022,4685232,318811,PAYCOLL PAYROLL,Social Support,12066,Purchased Care,Third Party Supplier,STANDARD,5790,JAAA-Directorate of Social Care and Health Services
RBC Legal Entity,25/05/2022,4685297,318813,PAYCOLL PAYROLL,Mental Health Community Services,2701.2,Purchased Care,Third Party Supplier,STANDARD,5731,JAAA-Directorate of Social Care and Health Services
RBC Legal Entity,25/05/2022,4685277,318814,PAYCOLL PAYROLL,LD Community Services,2020.39,Purchased Care,Third Party Supplier,STANDARD,5741,JAAA-Directorate of Social Care and Health Services
RBC Legal Entity,25/05/2022,4685100,318815,PAYCOLL PAYROLL,Mental Health Community Services,-34.12,Fairer charging charges,Third Party Supplier,CREDIT,5731,JAAA-Directorate of Social Care and Health Services
RBC Legal Entity,25/05/2022,4685100,318815,PAYCOLL PAYROLL,Mental Health Community Services,4422.2,Purchased Care,Third Party Supplier,STANDARD,5731,JAAA-Directorate of Social Care and Health Services
RBC Legal Entity,25/05/2022,4685236,318816,PAYCOLL PAYROLL,LD Community Services,1962,Purchased Care,Third Party Supplier,STANDARD,5741,JAAA-Directorate of Social Care and Health Services
RBC Legal Entity,25/05/2022,4685235,318817,PAYCOLL PAYROLL,Social Support,731.68,Purchased Care,Third Party Supplier,STANDARD,5790,JAAA-Directorate of Social Care and Health Services
RBC Legal Entity,25/05/2022,4685055,318818,PAYCOLL PAYROLL,PS Acquired Community Services,-229.72,Fairer charging charges,Third Party Supplier,CREDIT,5771,JAAA-Directorate of Social Care and Health Services
RBC Legal Entity,25/05/2022,4685055,318818,PAYCOLL PAYROLL,PS Acquired Community Services,1162,Purchased Care,Third Party Supplier,STANDARD,5771,JAAA-Directorate of Social Care and Health Services
RBC Legal Entity,25/05/2022,4685133,318819,PAYCOLL PAYROLL,LD Community Services,-226.4,Fairer charging charges,Third Party Supplier,CREDIT,5741,JAAA-Directorate of Social Care and Health Services
RBC Legal Entity,25/05/2022,4685133,318819,PAYCOLL PAYROLL,LD Community Services,1223.32,Purchased Care,Third Party Supplier,STANDARD,5741,JAAA-Directorate of Social Care and Health Services
RBC Legal Entity,25/05/2022,4685132,318821,PAYCOLL PAYROLL,PS Acquired Community Services,-85.6,Fairer charging charges,Third Party Supplier,CREDIT,5771,JAAA-Directorate of Social Care and Health Services
RBC Legal Entity,25/05/2022,4685132,318821,PAYCOLL PAYROLL,PS Acquired Community Services,1424,Purchased Care,Third Party Supplier,STANDARD,5771,JAAA-Directorate of Social Care and Health Services
RBC Legal Entity,25/05/2022,4685148,318822,PAYCOLL PAYROLL,LD Community Services,642,Purchased Care,Third Party Supplier,STANDARD,5741,JAAA-Directorate of Social Care and Health Services
RBC Legal Entity,25/05/2022,4685198,318823,PAYCOLL PAYROLL,Mental Health Community Services,735.24,Purchased Care,Third Party Supplier,STANDARD,5731,JAAA-Directorate of Social Care and Health Services
RBC Legal Entity,25/05/2022,4685285,318824,PAYCOLL PAYROLL,PS Lifelong Community Services,1879.36,Purchased Care,Third Party Supplier,STANDARD,5781,JAAA-Directorate of Social Care and Health Services
RBC Legal Entity,25/05/2022,4685244,318825,PAYCOLL PAYROLL,Mental Health Community Services,2710.01,Purchased Care,Third Party Supplier,STANDARD,5731,JAAA-Directorate of Social Care and Health Services
RBC Legal Entity,25/05/2022,4685167,318826,PAYCOLL PAYROLL,LD Community Services,2375.44,Purchased Care,Third Party Supplier,STANDARD,5741,JAAA-Directorate of Social Care and Health Services
RBC Legal Entity,25/05/2022,4685303,318828,PAYCOLL PAYROLL,PS Acquired Community Services,-600.96,Fairer charging charges,Third Party Supplier,CREDIT,5771,JAAA-Directorate of Social Care and Health Services
RBC Legal Entity,25/05/2022,4685303,318828,PAYCOLL PAYROLL,PS Acquired Community Services,3042,Purchased Care,Third Party Supplier,STANDARD,5771,JAAA-Directorate of Social Care and Health Services
RBC Legal Entity,25/05/2022,4685170,318829,PAYCOLL PAYROLL,LD Community Services,4754,Purchased Care,Third Party Supplier,STANDARD,5741,JAAA-Directorate of Social Care and Health Services
RBC Legal Entity,25/05/2022,4685107,318830,PAYCOLL PAYROLL,PS Acquired Community Services,897,Purchased Care,Third Party Supplier,STANDARD,5771,JAAA-Directorate of Social Care and Health Services
RBC Legal Entity,25/05/2022,4685168,318831,PAYCOLL PAYROLL,LD Community Services,3002,Purchased Care,Third Party Supplier,STANDARD,5741,JAAA-Directorate of Social Care and Health Services
RBC Legal Entity,25/05/2022,4685306,318832,PAYCOLL PAYROLL,PS Acquired Community Services,-205.8,Fairer charging charges,Third Party Supplier,CREDIT,5771,JAAA-Directorate of Social Care and Health Services
RBC Legal Entity,25/05/2022,4685306,318832,PAYCOLL PAYROLL,PS Acquired Community Services,840.92,Purchased Care,Third Party Supplier,STANDARD,5771,JAAA-Directorate of Social Care and Health Services
RBC Legal Entity,25/05/2022,4685240,318833,PAYCOLL PAYROLL,PS Acquired Community Services,940.56,Purchased Care,Third Party Supplier,STANDARD,5771,JAAA-Directorate of Social Care and Health Services
RBC Legal Entity,25/05/2022,4685200,318834,PAYCOLL PAYROLL,Mental Health Community Services,1252.8,Purchased Care,Third Party Supplier,STANDARD,5731,JAAA-Directorate of Social Care and Health Services
RBC Legal Entity,25/05/2022,4685060,318835,PAYCOLL PAYROLL,LD Community Services,-216.52,Fairer charging charges,Third Party Supplier,CREDIT,5741,JAAA-Directorate of Social Care and Health Services
RBC Legal Entity,25/05/2022,4685060,318835,PAYCOLL PAYROLL,LD Community Services,1285.08,Purchased Care,Third Party Supplier,STANDARD,5741,JAAA-Directorate of Social Care and Health Services
RBC Legal Entity,25/05/2022,4685061,318836,PAYCOLL PAYROLL,PS Lifelong Community Services,-233.48,Fairer charging charges,Third Party Supplier,CREDIT,5781,JAAA-Directorate of Social Care and Health Services
RBC Legal Entity,25/05/2022,4685061,318836,PAYCOLL PAYROLL,PS Lifelong Community Services,2969.28,Purchased Care,Third Party Supplier,STANDARD,5781,JAAA-Directorate of Social Care and Health Services
RBC Legal Entity,25/05/2022,4685097,318837,PAYCOLL PAYROLL,LD Community Services,3438.32,Purchased Care,Third Party Supplier,STANDARD,5741,JAAA-Directorate of Social Care and Health Services
RBC Legal Entity,25/05/2022,4685307,318838,PAYCOLL PAYROLL,PS Acquired Community Services,522,Purchased Care,Third Party Supplier,STANDARD,5771,JAAA-Directorate of Social Care and Health Services
RBC Legal Entity,25/05/2022,4685241,318839,PAYCOLL PAYROLL,PS Acquired Community Services,973,Purchased Care,Third Party Supplier,STANDARD,5771,JAAA-Directorate of Social Care and Health Services
RBC Legal Entity,25/05/2022,4685308,318841,PAYCOLL PAYROLL,PS Acquired Community Services,-485.88,Fairer charging charges,Third Party Supplier,CREDIT,5771,JAAA-Directorate of Social Care and Health Services
RBC Legal Entity,25/05/2022,4685308,318841,PAYCOLL PAYROLL,PS Acquired Community Services,1362,Purchased Care,Third Party Supplier,STANDARD,5771,JAAA-Directorate of Social Care and Health Services
RBC Legal Entity,25/05/2022,4685057,318842,PAYCOLL PAYROLL,PS Acquired Community Services,-207.12,Fairer charging charges,Third Party Supplier,CREDIT,5771,JAAA-Directorate of Social Care and Health Services
RBC Legal Entity,25/05/2022,4685057,318842,PAYCOLL PAYROLL,PS Acquired Community Services,832.4,Purchased Care,Third Party Supplier,STANDARD,5771,JAAA-Directorate of Social Care and Health Services
RBC Legal Entity,25/05/2022,4685246,318843,PAYCOLL PAYROLL,Mental Health Community Services,8018.32,Purchased Care,Third Party Supplier,STANDARD,5731,JAAA-Directorate of Social Care and Health Services
RBC Legal Entity,25/05/2022,4685110,318844,PAYCOLL PAYROLL,LD Community Services,19873.64,Purchased Care,Third Party Supplier,STANDARD,5741,JAAA-Directorate of Social Care and Health Services
RBC Legal Entity,25/05/2022,4685115,318845,PAYCOLL PAYROLL,PS Acquired Community Services,3788.48,Purchased Care,Third Party Supplier,STANDARD,5771,JAAA-Directorate of Social Care and Health Services
RBC Legal Entity,25/05/2022,4685178,318846,PAYCOLL PAYROLL,PS Acquired Community Services,1122,Purchased Care,Third Party Supplier,STANDARD,5771,JAAA-Directorate of Social Care and Health Services
RBC Legal Entity,25/05/2022,4685309,318847,PAYCOLL PAYROLL,LD Community Services,-296.92,Fairer charging charges,Third Party Supplier,CREDIT,5741,JAAA-Directorate of Social Care and Health Services
RBC Legal Entity,25/05/2022,4685309,318847,PAYCOLL PAYROLL,LD Community Services,20433,Purchased Care,Third Party Supplier,STANDARD,5741,JAAA-Directorate of Social Care and Health Services
RBC Legal Entity,25/05/2022,4684772,318848,HUNGERFORD CARE HOME,M&C Acquired Nursing,3100,Purchased Care,SUPPLIER,STANDARD,5753,JAAA-Directorate of Social Care and Health Services
RBC Legal Entity,25/05/2022,4684827,318851,SALT HILL CARE CENTRE,PS Acquired Nursing,3876,Purchased Care,Third Party Supplier,STANDARD,5773,JAAA-Directorate of Social Care and Health Services
RBC Legal Entity,25/05/2022,4673377,318852,IMIMOBILE INTELLIGENT NETWORKS LIMITED,IT Management,25,Mobile Phones,SUPPLIER,STANDARD,2300,EAAA-Chief Executive
RBC Legal Entity,25/05/2022,4673377,318852,IMIMOBILE INTELLIGENT NETWORKS LIMITED,IT Management,328.34,Mobile Phones,SUPPLIER,STANDARD,2300,EAAA-Chief Executive
RBC Legal Entity,25/05/2022,4673377,318852,IMIMOBILE INTELLIGENT NETWORKS LIMITED,IT Management,1300,Mobile Phones,SUPPLIER,STANDARD,2300,EAAA-Chief Executive
RBC Legal Entity,25/05/2022,4684710,318854,ASTON CARE LTD,LD Residential,12000,Purchased Care,SUPPLIER,STANDARD,5742,JAAA-Directorate of Social Care and Health Services
RBC Legal Entity,25/05/2022,4684722,318854,ASTON CARE LTD,LD Residential,2872.52,Purchased Care,SUPPLIER,STANDARD,5742,JAAA-Directorate of Social Care and Health Services
RBC Legal Entity,25/05/2022,4684767,318854,ASTON CARE LTD,LD Residential,7009,Purchased Care,SUPPLIER,STANDARD,5742,JAAA-Directorate of Social Care and Health Services
RBC Legal Entity,25/05/2022,4684780,318855,DORMY HOUSE CARE HOME WITH NURSING,PS Acquired Nursing,3900,Purchased Care,SUPPLIER,STANDARD,5773,JAAA-Directorate of Social Care and Health Services
RBC Legal Entity,25/05/2022,4684817,318855,DORMY HOUSE CARE HOME WITH NURSING,PS Acquired Nursing,4000,Purchased Care,SUPPLIER,STANDARD,5773,JAAA-Directorate of Social Care and Health Services
RBC Legal Entity,25/05/2022,4684754,318857,ST MATTHEWS HEALTHCARE,PS Acquired Nursing,2960,Purchased Care,SUPPLIER,STANDARD,5773,JAAA-Directorate of Social Care and Health Services
RBC Legal Entity,25/05/2022,4684895,318857,ST MATTHEWS HEALTHCARE,Mental Health Residential,908.6,Purchased Care,SUPPLIER,STANDARD,5732,JAAA-Directorate of Social Care and Health Services
RBC Legal Entity,25/05/2022,4684740,318858,GRACEWELL HEALTHCARE 3 LTD,PS Acquired Nursing,3669.16,Purchased Care,Direct Payments,STANDARD,5773,JAAA-Directorate of Social Care and Health Services
RBC Legal Entity,25/05/2022,4684762,318859,TRANSPARENT CARE LTD,LD Residential,3270.56,Purchased Care,SUPPLIER,STANDARD,5742,JAAA-Directorate of Social Care and Health Services
RBC Legal Entity,25/05/2022,4684885,318859,TRANSPARENT CARE LTD,LD Residential,5294.84,Purchased Care,SUPPLIER,STANDARD,5742,JAAA-Directorate of Social Care and Health Services
RBC Legal Entity,25/05/2022,4684771,318861,SILVERSPRINGS RCH LTD,LD Residential,7000,Purchased Care,SUPPLIER,STANDARD,5742,JAAA-Directorate of Social Care and Health Services
RBC Legal Entity,25/05/2022,4684892,318862,BENTLEY LODGE CARE HOME LTD,PS Acquired Nursing,3000,Purchased Care,Third Party Supplier,STANDARD,5773,JAAA-Directorate of Social Care and Health Services
RBC Legal Entity,25/05/2022,4684606,318863,THE WELLER CENTRE,Voluntary Sector & Community Grants,8000,Discretionary Items,SUPPLIER,STANDARD,2041,LAAA-Directorate of Resources
RBC Legal Entity,25/05/2022,4684709,318864,WINDSAR CARE CENTRE LTD,Mental Health Residential,2280,Purchased Care,Third Party Supplier,STANDARD,5732,JAAA-Directorate of Social Care and Health Services
RBC Legal Entity,25/05/2022,4684757,318864,WINDSAR CARE CENTRE LTD,PS Acquired Residential,3876,Purchased Care,Third Party Supplier,STANDARD,5772,JAAA-Directorate of Social Care and Health Services
RBC Legal Entity,25/05/2022,4684830,318864,WINDSAR CARE CENTRE LTD,Mental Health Residential,2448,Purchased Care,Third Party Supplier,STANDARD,5732,JAAA-Directorate of Social Care and Health Services
RBC Legal Entity,25/05/2022,4684836,318864,WINDSAR CARE CENTRE LTD,PS Acquired Nursing,3800,Purchased Care,Third Party Supplier,STANDARD,5773,JAAA-Directorate of Social Care and Health Services
RBC Legal Entity,25/05/2022,4684607,318865,NEW BEGINNINGS READING,Voluntary Sector & Community Grants,8000,Discretionary Items,Third Party Supplier,STANDARD,2041,LAAA-Directorate of Resources
RBC Legal Entity,25/05/2022,4684777,318866,WILLIAM MORRIS COLLEGE LIMITED,LD Residential,7323.89,Purchased Care,SUPPLIER,STANDARD,5742,JAAA-Directorate of Social Care and Health Services
RBC Legal Entity,25/05/2022,4684700,318867,BRAMLEY HEALTH,M&C Acquired Nursing,4480,Purchased Care,SUPPLIER,STANDARD,5753,JAAA-Directorate of Social Care and Health Services
RBC Legal Entity,25/05/2022,4684712,318867,BRAMLEY HEALTH,Mental Health Residential,1848,Purchased Care,SUPPLIER,STANDARD,5732,JAAA-Directorate of Social Care and Health Services
RBC Legal Entity,25/05/2022,4684815,318868,BRAMLEY HEALTH,LD Residential,6773.2,Purchased Care,SUPPLIER,STANDARD,5742,JAAA-Directorate of Social Care and Health Services
RBC Legal Entity,25/05/2022,4684834,318869,REAL LIFE OPTIONS,LD Residential,2292,Purchased Care,SUPPLIER,STANDARD,5742,JAAA-Directorate of Social Care and Health Services
RBC Legal Entity,25/05/2022,4684696,318870,BARCLAY HOUSE,PS Acquired Nursing,8568,Purchased Care,SUPPLIER,STANDARD,5773,JAAA-Directorate of Social Care and Health Services
RBC Legal Entity,25/05/2022,4684742,318871,SHINFIELD LODGE CARE LIMITED,Mental Health Residential,2570.4,Purchased Care,SUPPLIER,STANDARD,5732,JAAA-Directorate of Social Care and Health Services
RBC Legal Entity,25/05/2022,4684605,318872,WHITLEY COMMUNITY DEVELOPMENT ASSOCIATION,Voluntary Sector & Community Grants,8000,Discretionary Items,Third Party Supplier,STANDARD,2041,LAAA-Directorate of Resources
RBC Legal Entity,25/05/2022,4680850,318873,ACCREDO SUPPORT & DEVELOPMENT LTD,LD Community Services,4063.52,Purchased Care,Third Party Supplier,STANDARD,5741,JAAA-Directorate of Social Care and Health Services
RBC Legal Entity,25/05/2022,4680851,318873,ACCREDO SUPPORT & DEVELOPMENT LTD,Mental Health Community Services,924,Purchased Care,Third Party Supplier,STANDARD,5731,JAAA-Directorate of Social Care and Health Services
RBC Legal Entity,25/05/2022,4684812,318874,VALORUM CARE LTD,PS Acquired Nursing,-719.88,Client Contrib. Residential,SUPPLIER,CREDIT,5773,JAAA-Directorate of Social Care and Health Services
RBC Legal Entity,25/05/2022,4684812,318874,VALORUM CARE LTD,PS Acquired Nursing,3622.08,Purchased Care,SUPPLIER,STANDARD,5773,JAAA-Directorate of Social Care and Health Services
RBC Legal Entity,25/05/2022,4684534,318875,BERKSHIRE ROOMS,Bed and Breakfast,168,Rents,Third Party Supplier,STANDARD,5871,KAAA-Directorate of Economic Growth and Neighbourhood Services
RBC Legal Entity,25/05/2022,4684534,318875,BERKSHIRE ROOMS,Bed and Breakfast,672,Rents,Third Party Supplier,STANDARD,5871,KAAA-Directorate of Economic Growth and Neighbourhood Services
RBC Legal Entity,25/05/2022,4684539,318875,BERKSHIRE ROOMS,Bed and Breakfast,119,Rents,Third Party Supplier,STANDARD,5871,KAAA-Directorate of Economic Growth and Neighbourhood Services
RBC Legal Entity,25/05/2022,4684539,318875,BERKSHIRE ROOMS,Bed and Breakfast,476,Rents,Third Party Supplier,STANDARD,5871,KAAA-Directorate of Economic Growth and Neighbourhood Services
RBC Legal Entity,25/05/2022,4684554,318875,BERKSHIRE ROOMS,Bed and Breakfast,720,Rents,Third Party Supplier,STANDARD,5871,KAAA-Directorate of Economic Growth and Neighbourhood Services
RBC Legal Entity,25/05/2022,4684555,318875,BERKSHIRE ROOMS,Bed and Breakfast,120,Rents,Third Party Supplier,STANDARD,5871,KAAA-Directorate of Economic Growth and Neighbourhood Services
RBC Legal Entity,25/05/2022,4684555,318875,BERKSHIRE ROOMS,Bed and Breakfast,240,Rents,Third Party Supplier,STANDARD,5871,KAAA-Directorate of Economic Growth and Neighbourhood Services
RBC Legal Entity,25/05/2022,4684555,318875,BERKSHIRE ROOMS,Bed and Breakfast,480,Rents,Third Party Supplier,STANDARD,5871,KAAA-Directorate of Economic Growth and Neighbourhood Services
RBC Legal Entity,25/05/2022,4684766,318876,FIDELITY HEALTHCARE GROVE HILL LTD,PS Acquired Residential,2448,Purchased Care,SUPPLIER,STANDARD,5772,JAAA-Directorate of Social Care and Health Services
RBC Legal Entity,25/05/2022,4684745,318877,HEREWARDS HOUSE LTD,Mental Health Residential,1326,Purchased Care,SUPPLIER,STANDARD,5732,JAAA-Directorate of Social Care and Health Services
RBC Legal Entity,25/05/2022,4684743,318878,BASSET HOUSE CARE HOME,PS Acquired Nursing,2830.48,Purchased Care,SUPPLIER,STANDARD,5773,JAAA-Directorate of Social Care and Health Services
RBC Legal Entity,25/05/2022,4684705,318879,MMCG (2) LIMITED,M&C Acquired Nursing,3024.2,Purchased Care,Third Party Supplier,STANDARD,5753,JAAA-Directorate of Social Care and Health Services
RBC Legal Entity,25/05/2022,4684927,318879,MMCG (2) LIMITED,PS Acquired Nursing,3060,Purchased Care,Third Party Supplier,STANDARD,5773,JAAA-Directorate of Social Care and Health Services
RBC Legal Entity,25/05/2022,4684932,318879,MMCG (2) LIMITED,Mental Health Nursing,3200,Purchased Care,Third Party Supplier,STANDARD,5733,JAAA-Directorate of Social Care and Health Services
RBC Legal Entity,25/05/2022,4684933,318879,MMCG (2) LIMITED,PS Acquired Nursing,3200,Purchased Care,Third Party Supplier,STANDARD,5773,JAAA-Directorate of Social Care and Health Services
RBC Legal Entity,25/05/2022,4684934,318879,MMCG (2) LIMITED,PS Acquired Nursing,2996,Purchased Care,Third Party Supplier,STANDARD,5773,JAAA-Directorate of Social Care and Health Services
RBC Legal Entity,25/05/2022,4684948,318879,MMCG (2) LIMITED,PS Acquired Nursing,-4699.29,Purchased Care,Third Party Supplier,CREDIT,5773,JAAA-Directorate of Social Care and Health Services
RBC Legal Entity,25/05/2022,4684951,318879,MMCG (2) LIMITED,PS Acquired Nursing,3060,Purchased Care,Third Party Supplier,STANDARD,5773,JAAA-Directorate of Social Care and Health Services
RBC Legal Entity,25/05/2022,4684955,318879,MMCG (2) LIMITED,Mental Health Nursing,2900,Purchased Care,Third Party Supplier,STANDARD,5733,JAAA-Directorate of Social Care and Health Services
RBC Legal Entity,25/05/2022,4684956,318879,MMCG (2) LIMITED,PS Acquired Nursing,2900,Purchased Care,Third Party Supplier,STANDARD,5773,JAAA-Directorate of Social Care and Health Services
RBC Legal Entity,25/05/2022,4684959,318879,MMCG (2) LIMITED,M&C Acquired Nursing,2996,Purchased Care,Third Party Supplier,STANDARD,5753,JAAA-Directorate of Social Care and Health Services
RBC Legal Entity,25/05/2022,4684960,318879,MMCG (2) LIMITED,PS Acquired Nursing,2996,Purchased Care,Third Party Supplier,STANDARD,5773,JAAA-Directorate of Social Care and Health Services
RBC Legal Entity,25/05/2022,4684961,318879,MMCG (2) LIMITED,PS Acquired Nursing,2996,Purchased Care,Third Party Supplier,STANDARD,5773,JAAA-Directorate of Social Care and Health Services
RBC Legal Entity,25/05/2022,4684962,318879,MMCG (2) LIMITED,PS Acquired Nursing,3400,Purchased Care,Third Party Supplier,STANDARD,5773,JAAA-Directorate of Social Care and Health Services
RBC Legal Entity,25/05/2022,4684965,318879,MMCG (2) LIMITED,M&C Acquired Nursing,3600,Purchased Care,Third Party Supplier,STANDARD,5753,JAAA-Directorate of Social Care and Health Services
RBC Legal Entity,25/05/2022,4684967,318879,MMCG (2) LIMITED,M&C Acquired Nursing,3992,Purchased Care,Third Party Supplier,STANDARD,5753,JAAA-Directorate of Social Care and Health Services
RBC Legal Entity,25/05/2022,4684969,318879,MMCG (2) LIMITED,PS Acquired Nursing,3400,Purchased Care,Third Party Supplier,STANDARD,5773,JAAA-Directorate of Social Care and Health Services
RBC Legal Entity,25/05/2022,4684970,318879,MMCG (2) LIMITED,PS Acquired Nursing,3992,Purchased Care,Third Party Supplier,STANDARD,5773,JAAA-Directorate of Social Care and Health Services
RBC Legal Entity,25/05/2022,4684971,318879,MMCG (2) LIMITED,PS Acquired Nursing,3600,Purchased Care,Third Party Supplier,STANDARD,5773,JAAA-Directorate of Social Care and Health Services
RBC Legal Entity,25/05/2022,4684975,318879,MMCG (2) LIMITED,M&C Acquired Nursing,-4922,Purchased Care,Third Party Supplier,CREDIT,5753,JAAA-Directorate of Social Care and Health Services
RBC Legal Entity,25/05/2022,4684977,318879,MMCG (2) LIMITED,Mental Health Nursing,1224,Purchased Care,Third Party Supplier,STANDARD,5733,JAAA-Directorate of Social Care and Health Services
RBC Legal Entity,25/05/2022,4684984,318879,MMCG (2) LIMITED,Mental Health Nursing,2035.92,Purchased Care,Third Party Supplier,STANDARD,5733,JAAA-Directorate of Social Care and Health Services
RBC Legal Entity,25/05/2022,4684986,318879,MMCG (2) LIMITED,PS Acquired Nursing,1996,Purchased Care,Third Party Supplier,STANDARD,5773,JAAA-Directorate of Social Care and Health Services
RBC Legal Entity,25/05/2022,4684987,318879,MMCG (2) LIMITED,PS Acquired Nursing,2900,Purchased Care,Third Party Supplier,STANDARD,5773,JAAA-Directorate of Social Care and Health Services
RBC Legal Entity,25/05/2022,4684988,318879,MMCG (2) LIMITED,PS Acquired Nursing,2900,Purchased Care,Third Party Supplier,STANDARD,5773,JAAA-Directorate of Social Care and Health Services
RBC Legal Entity,25/05/2022,4684992,318879,MMCG (2) LIMITED,PS Acquired Nursing,2996,Purchased Care,Third Party Supplier,STANDARD,5773,JAAA-Directorate of Social Care and Health Services
RBC Legal Entity,25/05/2022,4684993,318879,MMCG (2) LIMITED,Social Support,2996,Purchased Care,Third Party Supplier,STANDARD,5790,JAAA-Directorate of Social Care and Health Services
RBC Legal Entity,25/05/2022,4684994,318879,MMCG (2) LIMITED,Mental Health Nursing,2996,Purchased Care,Third Party Supplier,STANDARD,5733,JAAA-Directorate of Social Care and Health Services
RBC Legal Entity,25/05/2022,4684995,318879,MMCG (2) LIMITED,PS Acquired Nursing,2996,Purchased Care,Third Party Supplier,STANDARD,5773,JAAA-Directorate of Social Care and Health Services
RBC Legal Entity,25/05/2022,4684996,318879,MMCG (2) LIMITED,PS Acquired Nursing,-5564,Purchased Care,Third Party Supplier,CREDIT,5773,JAAA-Directorate of Social Care and Health Services
RBC Legal Entity,25/05/2022,4684997,318879,MMCG (2) LIMITED,PS Acquired Nursing,2996,Purchased Care,Third Party Supplier,STANDARD,5773,JAAA-Directorate of Social Care and Health Services
RBC Legal Entity,25/05/2022,4684998,318879,MMCG (2) LIMITED,PS Acquired Nursing,2996,Purchased Care,Third Party Supplier,STANDARD,5773,JAAA-Directorate of Social Care and Health Services
RBC Legal Entity,25/05/2022,4684999,318879,MMCG (2) LIMITED,PS Acquired Nursing,2996,Purchased Care,Third Party Supplier,STANDARD,5773,JAAA-Directorate of Social Care and Health Services
RBC Legal Entity,25/05/2022,4685000,318879,MMCG (2) LIMITED,PS Acquired Nursing,3400,Purchased Care,Third Party Supplier,STANDARD,5773,JAAA-Directorate of Social Care and Health Services
RBC Legal Entity,25/05/2022,4685001,318879,MMCG (2) LIMITED,M&C Acquired Nursing,3400,Purchased Care,Third Party Supplier,STANDARD,5753,JAAA-Directorate of Social Care and Health Services
RBC Legal Entity,25/05/2022,4685002,318879,MMCG (2) LIMITED,PS Acquired Nursing,3200,Purchased Care,Third Party Supplier,STANDARD,5773,JAAA-Directorate of Social Care and Health Services
RBC Legal Entity,25/05/2022,4685003,318879,MMCG (2) LIMITED,PS Acquired Nursing,3992,Purchased Care,Third Party Supplier,STANDARD,5773,JAAA-Directorate of Social Care and Health Services
RBC Legal Entity,25/05/2022,4685004,318879,MMCG (2) LIMITED,M&C Acquired Nursing,2996,Purchased Care,Third Party Supplier,STANDARD,5753,JAAA-Directorate of Social Care and Health Services
RBC Legal Entity,25/05/2022,4685005,318879,MMCG (2) LIMITED,M&C Acquired Nursing,3600,Purchased Care,Third Party Supplier,STANDARD,5753,JAAA-Directorate of Social Care and Health Services
RBC Legal Entity,25/05/2022,4685007,318879,MMCG (2) LIMITED,PS Acquired Nursing,3400,Purchased Care,Third Party Supplier,STANDARD,5773,JAAA-Directorate of Social Care and Health Services
RBC Legal Entity,25/05/2022,4685010,318879,MMCG (2) LIMITED,M&C Acquired Nursing,3600,Purchased Care,Third Party Supplier,STANDARD,5753,JAAA-Directorate of Social Care and Health Services
RBC Legal Entity,25/05/2022,4685013,318879,MMCG (2) LIMITED,PS Acquired Residential,6960,Purchased Care,Third Party Supplier,STANDARD,5772,JAAA-Directorate of Social Care and Health Services
RBC Legal Entity,25/05/2022,4685014,318879,MMCG (2) LIMITED,PS Acquired Nursing,44385.72,Purchased Care,Third Party Supplier,STANDARD,5773,JAAA-Directorate of Social Care and Health Services
RBC Legal Entity,25/05/2022,4685015,318879,MMCG (2) LIMITED,Mental Health Nursing,6557.14,Purchased Care,Third Party Supplier,STANDARD,5733,JAAA-Directorate of Social Care and Health Services
RBC Legal Entity,25/05/2022,4685019,318879,MMCG (2) LIMITED,PS Acquired Nursing,1305.6,Purchased Care,Third Party Supplier,STANDARD,5773,JAAA-Directorate of Social Care and Health Services
RBC Legal Entity,25/05/2022,4685020,318879,MMCG (2) LIMITED,M&C Acquired Nursing,3200,Purchased Care,Third Party Supplier,STANDARD,5753,JAAA-Directorate of Social Care and Health Services
RBC Legal Entity,25/05/2022,4685021,318879,MMCG (2) LIMITED,PS Acquired Nursing,2900,Purchased Care,Third Party Supplier,STANDARD,5773,JAAA-Directorate of Social Care and Health Services
RBC Legal Entity,25/05/2022,4685026,318879,MMCG (2) LIMITED,PS Acquired Nursing,2996,Purchased Care,Third Party Supplier,STANDARD,5773,JAAA-Directorate of Social Care and Health Services
RBC Legal Entity,25/05/2022,4685027,318879,MMCG (2) LIMITED,PS Acquired Nursing,2996,Purchased Care,Third Party Supplier,STANDARD,5773,JAAA-Directorate of Social Care and Health Services
RBC Legal Entity,25/05/2022,4685031,318879,MMCG (2) LIMITED,PS Acquired Nursing,3600,Purchased Care,Third Party Supplier,STANDARD,5773,JAAA-Directorate of Social Care and Health Services
RBC Legal Entity,25/05/2022,4685033,318879,MMCG (2) LIMITED,PS Acquired Nursing,3400,Purchased Care,Third Party Supplier,STANDARD,5773,JAAA-Directorate of Social Care and Health Services
RBC Legal Entity,25/05/2022,4681688,318880,MY HOMECARE (READING AND BRACKNELL) LTD,PS Acquired Community Services,926.84,Purchased Care,Third Party Supplier,STANDARD,5771,JAAA-Directorate of Social Care and Health Services
RBC Legal Entity,25/05/2022,4681689,318880,MY HOMECARE (READING AND BRACKNELL) LTD,PS Acquired Community Services,2780.52,Purchased Care,Third Party Supplier,STANDARD,5771,JAAA-Directorate of Social Care and Health Services
RBC Legal Entity,25/05/2022,4681690,318880,MY HOMECARE (READING AND BRACKNELL) LTD,PS Acquired Community Services,1104.32,Purchased Care,Third Party Supplier,STANDARD,5771,JAAA-Directorate of Social Care and Health Services
RBC Legal Entity,25/05/2022,4681691,318880,MY HOMECARE (READING AND BRACKNELL) LTD,PS Acquired Community Services,2415.7,Purchased Care,Third Party Supplier,STANDARD,5771,JAAA-Directorate of Social Care and Health Services
RBC Legal Entity,25/05/2022,4681693,318880,MY HOMECARE (READING AND BRACKNELL) LTD,PS Acquired Community Services,552.16,Purchased Care,Third Party Supplier,STANDARD,5771,JAAA-Directorate of Social Care and Health Services
RBC Legal Entity,25/05/2022,4681695,318880,MY HOMECARE (READING AND BRACKNELL) LTD,PS Acquired Community Services,2736.15,Purchased Care,Third Party Supplier,STANDARD,5771,JAAA-Directorate of Social Care and Health Services
RBC Legal Entity,25/05/2022,4681698,318880,MY HOMECARE (READING AND BRACKNELL) LTD,PS Acquired Community Services,828.24,Purchased Care,Third Party Supplier,STANDARD,5771,JAAA-Directorate of Social Care and Health Services
RBC Legal Entity,25/05/2022,4684869,318882,MANORHEY CARE CENTRE,Mental Health Residential,3806.64,Purchased Care,SUPPLIER,STANDARD,5732,JAAA-Directorate of Social Care and Health Services
RBC Legal Entity,25/05/2022,4684601,318883,RAPID DESPATCH LOGISTICS LTD,Post Room,464.03,Courier/Cash Collection Serv.,SUPPLIER,STANDARD,2585,KAAA-Directorate of Economic Growth and Neighbourhood Services
RBC Legal Entity,25/05/2022,4684715,318884,THE PINES,Mental Health Residential,3731.2,Purchased Care,SUPPLIER,STANDARD,5732,JAAA-Directorate of Social Care and Health Services
RBC Legal Entity,25/05/2022,4684868,318890,AUTISM CARE WILTSHIRE,LD Residential,8639.76,Purchased Care,Direct Payments,STANDARD,5742,JAAA-Directorate of Social Care and Health Services
RBC Legal Entity,25/05/2022,4676503,318894,SOLUTIONS 4 HEALTH LTD,Berkshire West Public Health Hub,8333,Payments to Operators,Third Party Supplier,STANDARD,2002,JAAA-Directorate of Social Care and Health Services
RBC Legal Entity,25/05/2022,4676503,318894,SOLUTIONS 4 HEALTH LTD,Berkshire West Public Health Hub,8333,Payments to Operators,Third Party Supplier,STANDARD,2002,JAAA-Directorate of Social Care and Health Services
RBC Legal Entity,25/05/2022,4676503,318894,SOLUTIONS 4 HEALTH LTD,Berkshire West Public Health Hub,8334,Payments to Operators,Third Party Supplier,STANDARD,2002,JAAA-Directorate of Social Care and Health Services
RBC Legal Entity,25/05/2022,4684787,318896,PARK AVENUE LTD,Mental Health Nursing,6394.6,Purchased Care,Third Party Supplier,STANDARD,5733,JAAA-Directorate of Social Care and Health Services
RBC Legal Entity,25/05/2022,4685116,318897,SALVERE,LD Community Services,6202.92,Purchased Care,Third Party Supplier,STANDARD,5741,JAAA-Directorate of Social Care and Health Services
RBC Legal Entity,25/05/2022,4684724,318898,PLANSHORE T/A PARKVIEW NURSING HOME,PS Acquired Nursing,3600,Purchased Care,Third Party Supplier,STANDARD,5773,JAAA-Directorate of Social Care and Health Services
RBC Legal Entity,25/05/2022,4684840,318899,NELLSAR LTD T/A PRINCESS CHRISTIAN CARE CENTRE,M&C Acquired Nursing,8456,Purchased Care,Third Party Supplier,STANDARD,5753,JAAA-Directorate of Social Care and Health Services
RBC Legal Entity,25/05/2022,4684941,318903,CARE UK COMMUNITY PARTNERSHIPS LTD,M&C Acquired Nursing,750.4,Purchased Care,Third Party Supplier,STANDARD,5753,JAAA-Directorate of Social Care and Health Services
RBC Legal Entity,25/05/2022,4684968,318903,CARE UK COMMUNITY PARTNERSHIPS LTD,PS Acquired Nursing,750.4,Purchased Care,Third Party Supplier,STANDARD,5773,JAAA-Directorate of Social Care and Health Services
RBC Legal Entity,25/05/2022,4684972,318903,CARE UK COMMUNITY PARTNERSHIPS LTD,PS Acquired Nursing,21120,Purchased Care,Third Party Supplier,STANDARD,5773,JAAA-Directorate of Social Care and Health Services
RBC Legal Entity,25/05/2022,4685029,318903,CARE UK COMMUNITY PARTNERSHIPS LTD,M&C Acquired Nursing,48222.6,EMI,Third Party Supplier,STANDARD,5753,JAAA-Directorate of Social Care and Health Services
RBC Legal Entity,25/05/2022,4685035,318903,CARE UK COMMUNITY PARTNERSHIPS LTD,PS Acquired Nursing,5403.28,Purchased Care,Third Party Supplier,STANDARD,5773,JAAA-Directorate of Social Care and Health Services
RBC Legal Entity,25/05/2022,4676668,318905,QUALITY CARE & RECRUITMENT SOLUTIONS LTD,Safeguarding Adults,866.7,Professional Fees,Third Party Supplier,STANDARD,5158,JAAA-Directorate of Social Care and Health Services
RBC Legal Entity,25/05/2022,4670503,318906,PROSIS LTD,Traffic,180,Software Licences,Third Party Supplier,STANDARD,4703,KAAA-Directorate of Economic Growth and Neighbourhood Services
RBC Legal Entity,25/05/2022,4670503,318906,PROSIS LTD,Traffic,1260.3,TPP  Contract,Third Party Supplier,STANDARD,4703,KAAA-Directorate of Economic Growth and Neighbourhood Services
RBC Legal Entity,26/05/2022,4677210,319228,NEC SOFTWARE SOLUTIONS UK LTD,DLO Business & Quality Assurance,1100,Software Support,Third Party Supplier,STANDARD,4000,KAAA-Directorate of Economic Growth and Neighbourhood Services
RBC Legal Entity,26/05/2022,4686838,319230,A2 DOMINION GROUP,PS Acquired Community Services,2056.44,Purchased Care,Third Party Supplier,STANDARD,5771,JAAA-Directorate of Social Care and Health Services
RBC Legal Entity,26/05/2022,4686840,319230,A2 DOMINION GROUP,PS Acquired Community Services,714,Purchased Care,Third Party Supplier,STANDARD,5771,JAAA-Directorate of Social Care and Health Services
RBC Legal Entity,26/05/2022,4686841,319230,A2 DOMINION GROUP,PS Acquired Community Services,1860.94,Purchased Care,Third Party Supplier,STANDARD,5771,JAAA-Directorate of Social Care and Health Services
RBC Legal Entity,26/05/2022,4686843,319230,A2 DOMINION GROUP,M&C Acquired Community Services,951.72,Purchased Care,Third Party Supplier,STANDARD,5751,JAAA-Directorate of Social Care and Health Services
RBC Legal Entity,26/05/2022,4686829,319232,TONNA CARE SERVICES LTD,Assets _ General,-128.42,Payments in Advance,Third Party Supplier,CREDIT,9885,ZZZB-Balance Sheet
RBC Legal Entity,26/05/2022,4686829,319232,TONNA CARE SERVICES LTD,Social Support,513.68,Purchased Care,Third Party Supplier,STANDARD,5790,JAAA-Directorate of Social Care and Health Services
RBC Legal Entity,26/05/2022,4686830,319232,TONNA CARE SERVICES LTD,Assets _ General,-160.53,Payments in Advance,Third Party Supplier,CREDIT,9885,ZZZB-Balance Sheet
RBC Legal Entity,26/05/2022,4686830,319232,TONNA CARE SERVICES LTD,LD Community Services,642.1,Purchased Care,Third Party Supplier,STANDARD,5741,JAAA-Directorate of Social Care and Health Services
RBC Legal Entity,26/05/2022,4686831,319232,TONNA CARE SERVICES LTD,Assets _ General,-168.55,Payments in Advance,Third Party Supplier,CREDIT,9885,ZZZB-Balance Sheet
RBC Legal Entity,26/05/2022,4686831,319232,TONNA CARE SERVICES LTD,LD Community Services,674.21,Purchased Care,Third Party Supplier,STANDARD,5741,JAAA-Directorate of Social Care and Health Services
RBC Legal Entity,26/05/2022,4684361,319239,SELCOM SYSTEMS LIMITED,IT Management,1350,TPP  Contract,SUPPLIER,STANDARD,2300,EAAA-Chief Executive
RBC Legal Entity,26/05/2022,4676529,319240,S H JONES & COMPANY LTD,Hexagon Catering,3182.04,Purchases - Stock Provisions,SUPPLIER,STANDARD,1241,KAAA-Directorate of Economic Growth and Neighbourhood Services
RBC Legal Entity,26/05/2022,4676693,319242,DEIRDRE FOTTRELL,JLT Disbursements,750,Misc. Legal Expenses,SUPPLIER,STANDARD,2407,LAAA-Directorate of Resources
RBC Legal Entity,26/05/2022,4676697,319243,MR JAMES TURNER,JLT Disbursements,735,Misc. Legal Expenses,SUPPLIER,STANDARD,2407,LAAA-Directorate of Resources
RBC Legal Entity,26/05/2022,4676699,319245,MR NICHOLAS GOODWIN,JLT Disbursements,4300,Misc. Legal Expenses,SUPPLIER,STANDARD,2407,LAAA-Directorate of Resources
RBC Legal Entity,26/05/2022,4680005,319246,RESPONSE ORGANISATION,Mental Health Community Services,1818.6,Purchased Care,Third Party Supplier,STANDARD,5731,JAAA-Directorate of Social Care and Health Services
RBC Legal Entity,26/05/2022,4680685,319246,RESPONSE ORGANISATION,Mental Health Community Services,1753.71,Purchased Care,Third Party Supplier,STANDARD,5731,JAAA-Directorate of Social Care and Health Services
RBC Legal Entity,26/05/2022,4680686,319246,RESPONSE ORGANISATION,Mental Health Community Services,1753.71,Purchased Care,Third Party Supplier,STANDARD,5731,JAAA-Directorate of Social Care and Health Services
RBC Legal Entity,26/05/2022,4680687,319246,RESPONSE ORGANISATION,Mental Health Community Services,1753.71,Purchased Care,Third Party Supplier,STANDARD,5731,JAAA-Directorate of Social Care and Health Services
RBC Legal Entity,26/05/2022,4680688,319246,RESPONSE ORGANISATION,Mental Health Community Services,1753.71,Purchased Care,Third Party Supplier,STANDARD,5731,JAAA-Directorate of Social Care and Health Services
RBC Legal Entity,26/05/2022,4686703,319247,MR ALEX FORBES,JLT Disbursements,915,Misc. Legal Expenses,SUPPLIER,STANDARD,2407,LAAA-Directorate of Resources
RBC Legal Entity,26/05/2022,4681694,319252,INDIGO ACCESS LTD,Sensory Support Community Services,480,Purchased Care,Third Party Supplier,STANDARD,5711,JAAA-Directorate of Social Care and Health Services
RBC Legal Entity,26/05/2022,4677389,319253,BROADWAY LODGE,Rough Sleeping DAT Grant,4620,Purchased Care,Third Party Supplier,STANDARD,2069,JAAA-Directorate of Social Care and Health Services
RBC Legal Entity,26/05/2022,4676547,319256,NORTH AVS LTD,Corporate Maintenance Services,552,TPP  Contract,SUB-CONTRACTOR,STANDARD,4080,KAAA-Directorate of Economic Growth and Neighbourhood Services
RBC Legal Entity,26/05/2022,4676547,319256,NORTH AVS LTD,Corporate Maintenance Services,612.82,TPP  Contract,SUB-CONTRACTOR,STANDARD,4080,KAAA-Directorate of Economic Growth and Neighbourhood Services
RBC Legal Entity,26/05/2022,4676547,319256,NORTH AVS LTD,Repairs,2804.23,Essential Cyclical Insp. + Mai,SUB-CONTRACTOR,STANDARD,5970,HAAA-Housing Revenue Account
RBC Legal Entity,26/05/2022,4676547,319256,NORTH AVS LTD,Corporate Maintenance Services,3702,Precepts,SUB-CONTRACTOR,STANDARD,4080,KAAA-Directorate of Economic Growth and Neighbourhood Services
RBC Legal Entity,26/05/2022,4676547,319256,NORTH AVS LTD,Corporate Maintenance Services,3742.83,Leasing Costs,SUB-CONTRACTOR,STANDARD,4080,KAAA-Directorate of Economic Growth and Neighbourhood Services
RBC Legal Entity,26/05/2022,4676547,319256,NORTH AVS LTD,Corporate Maintenance Services,3948.75,Leasing Costs,SUB-CONTRACTOR,STANDARD,4080,KAAA-Directorate of Economic Growth and Neighbourhood Services
RBC Legal Entity,26/05/2022,4676547,319256,NORTH AVS LTD,Repairs,4841.5,Essential Cyclical Insp. + Mai,SUB-CONTRACTOR,STANDARD,5970,HAAA-Housing Revenue Account
RBC Legal Entity,26/05/2022,4679270,319258,EE LIMITED,Mobile Telephony,10,Mobile Phones,UTILITY,STANDARD,2305,LAAA-Directorate of Resources
RBC Legal Entity,26/05/2022,4679270,319258,EE LIMITED,Mobile Telephony,3203.49,Mobile Phones,UTILITY,STANDARD,2305,LAAA-Directorate of Resources
RBC Legal Entity,26/05/2022,4681725,319259,VJ CARERS LIMITED,PS Acquired Community Services,1124.04,Purchased Care,Third Party Supplier,STANDARD,5771,JAAA-Directorate of Social Care and Health Services
RBC Legal Entity,26/05/2022,4681726,319259,VJ CARERS LIMITED,PS Acquired Community Services,828.24,Purchased Care,Third Party Supplier,STANDARD,5771,JAAA-Directorate of Social Care and Health Services
RBC Legal Entity,26/05/2022,4681727,319259,VJ CARERS LIMITED,PS Acquired Community Services,966.28,Purchased Care,Third Party Supplier,STANDARD,5771,JAAA-Directorate of Social Care and Health Services
RBC Legal Entity,26/05/2022,4681730,319259,VJ CARERS LIMITED,PS Acquired Community Services,562.02,Purchased Care,Third Party Supplier,STANDARD,5771,JAAA-Directorate of Social Care and Health Services
RBC Legal Entity,26/05/2022,4681731,319259,VJ CARERS LIMITED,PS Acquired Community Services,552.16,Purchased Care,Third Party Supplier,STANDARD,5771,JAAA-Directorate of Social Care and Health Services
RBC Legal Entity,26/05/2022,4681732,319259,VJ CARERS LIMITED,PS Acquired Community Services,690.2,Purchased Care,Third Party Supplier,STANDARD,5771,JAAA-Directorate of Social Care and Health Services
RBC Legal Entity,26/05/2022,4681734,319259,VJ CARERS LIMITED,LD Community Services,1656.48,Purchased Care,Third Party Supplier,STANDARD,5741,JAAA-Directorate of Social Care and Health Services
RBC Legal Entity,26/05/2022,4681735,319259,VJ CARERS LIMITED,PS Acquired Community Services,690.2,Purchased Care,Third Party Supplier,STANDARD,5771,JAAA-Directorate of Social Care and Health Services
RBC Legal Entity,26/05/2022,4681736,319259,VJ CARERS LIMITED,PS Acquired Community Services,709.92,Purchased Care,Third Party Supplier,STANDARD,5771,JAAA-Directorate of Social Care and Health Services
RBC Legal Entity,26/05/2022,4681737,319259,VJ CARERS LIMITED,PS Acquired Community Services,788.8,Purchased Care,Third Party Supplier,STANDARD,5771,JAAA-Directorate of Social Care and Health Services
RBC Legal Entity,26/05/2022,4681739,319259,VJ CARERS LIMITED,PS Acquired Community Services,1380.4,Purchased Care,Third Party Supplier,STANDARD,5771,JAAA-Directorate of Social Care and Health Services
RBC Legal Entity,26/05/2022,4681740,319259,VJ CARERS LIMITED,PS Lifelong Community Services,2760.8,Purchased Care,Third Party Supplier,STANDARD,5781,JAAA-Directorate of Social Care and Health Services
RBC Legal Entity,26/05/2022,4681741,319259,VJ CARERS LIMITED,M&C Acquired Community Services,936.7,Purchased Care,Third Party Supplier,STANDARD,5751,JAAA-Directorate of Social Care and Health Services
RBC Legal Entity,26/05/2022,4681751,319259,VJ CARERS LIMITED,PS Acquired Community Services,1104.32,Purchased Care,Third Party Supplier,STANDARD,5771,JAAA-Directorate of Social Care and Health Services
RBC Legal Entity,26/05/2022,4681752,319259,VJ CARERS LIMITED,PS Acquired Community Services,591.6,Purchased Care,Third Party Supplier,STANDARD,5771,JAAA-Directorate of Social Care and Health Services
RBC Legal Entity,26/05/2022,4681753,319259,VJ CARERS LIMITED,PS Acquired Community Services,1390.26,Purchased Care,Third Party Supplier,STANDARD,5771,JAAA-Directorate of Social Care and Health Services
RBC Legal Entity,26/05/2022,4681754,319259,VJ CARERS LIMITED,PS Acquired Community Services,552.16,Purchased Care,Third Party Supplier,STANDARD,5771,JAAA-Directorate of Social Care and Health Services
RBC Legal Entity,26/05/2022,4681755,319259,VJ CARERS LIMITED,PS Acquired Community Services,966.28,Purchased Care,Third Party Supplier,STANDARD,5771,JAAA-Directorate of Social Care and Health Services
RBC Legal Entity,26/05/2022,4681756,319259,VJ CARERS LIMITED,PS Acquired Community Services,1242.36,Purchased Care,Third Party Supplier,STANDARD,5771,JAAA-Directorate of Social Care and Health Services
RBC Legal Entity,26/05/2022,4681757,319259,VJ CARERS LIMITED,PS Acquired Community Services,729.64,Purchased Care,Third Party Supplier,STANDARD,5771,JAAA-Directorate of Social Care and Health Services
RBC Legal Entity,26/05/2022,4681758,319259,VJ CARERS LIMITED,M&C Acquired Community Services,862.75,Purchased Care,Third Party Supplier,STANDARD,5751,JAAA-Directorate of Social Care and Health Services
RBC Legal Entity,26/05/2022,4681759,319259,VJ CARERS LIMITED,PS Acquired Community Services,690.2,Purchased Care,Third Party Supplier,STANDARD,5771,JAAA-Directorate of Social Care and Health Services
RBC Legal Entity,26/05/2022,4681760,319259,VJ CARERS LIMITED,PS Acquired Community Services,828.24,Purchased Care,Third Party Supplier,STANDARD,5771,JAAA-Directorate of Social Care and Health Services
RBC Legal Entity,26/05/2022,4676712,319264,DOMINIQUE GILLAN,JLT Disbursements,2050,Misc. Legal Expenses,SUPPLIER,STANDARD,2407,LAAA-Directorate of Resources
RBC Legal Entity,26/05/2022,4685877,319265,DOMESTIC APPLIANCE SPECIALISTS,DLO Day to Day Trades,425,Subcontractors Labour,SUPPLIER,STANDARD,4010,KAAA-Directorate of Economic Growth and Neighbourhood Services
RBC Legal Entity,26/05/2022,4681661,319267,PILON LTD,DLO Voids Trades,17120.03,Subcontractors Labour,SUB-CONTRACTOR,STANDARD,4020,KAAA-Directorate of Economic Growth and Neighbourhood Services
RBC Legal Entity,26/05/2022,4685873,319269,Brighter Futures for Children,School Grants Holding Account,1522.25,School Transfer Payment,INTERNAL,STANDARD,3295,NAAA-Former Directorate of Education and Childrens Services
RBC Legal Entity,26/05/2022,4685873,319269,Brighter Futures for Children,School Grants Holding Account,4450.31,School Transfer Payment,INTERNAL,STANDARD,3295,NAAA-Former Directorate of Education and Childrens Services
RBC Legal Entity,26/05/2022,4685873,319269,Brighter Futures for Children,School Grants Holding Account,13195,School Transfer Payment,INTERNAL,STANDARD,3295,NAAA-Former Directorate of Education and Childrens Services
RBC Legal Entity,26/05/2022,4685873,319269,Brighter Futures for Children,School Grants Holding Account,28524.38,School Transfer Payment,INTERNAL,STANDARD,3295,NAAA-Former Directorate of Education and Childrens Services
RBC Legal Entity,26/05/2022,4674856,319270,BENTLEY LODGE CARE HOME LTD,PS Acquired Nursing,3000,Purchased Care,Third Party Supplier,STANDARD,5773,JAAA-Directorate of Social Care and Health Services
RBC Legal Entity,26/05/2022,4679999,319271,BT FLEET PART OF AURELIUS AG,Fleet Management,634.77,Vehicle Maintenance,SUPPLIER,STANDARD,4552,KAAA-Directorate of Economic Growth and Neighbourhood Services
RBC Legal Entity,26/05/2022,4679999,319271,BT FLEET PART OF AURELIUS AG,Fleet Management,5729.84,Vehicle Maintenance,SUPPLIER,STANDARD,4552,KAAA-Directorate of Economic Growth and Neighbourhood Services
RBC Legal Entity,26/05/2022,4678326,319272,LMG SOCIAL WORK SERVICES LTD,JLT Disbursements,3029.7,Misc. Legal Expenses,Third Party Supplier,STANDARD,2407,LAAA-Directorate of Resources
RBC Legal Entity,26/05/2022,4686834,319273,PEOPLE MATTER SUPPORT SERVICES LTD,PS Acquired Community Services,3135,Purchased Care,SUPPLIER,STANDARD,5771,JAAA-Directorate of Social Care and Health Services
RBC Legal Entity,26/05/2022,4680459,319275,SUNLIGHT HOMECARE SERVICES LIMITED,LD Community Services,3085.84,Purchased Care,Third Party Supplier,STANDARD,5741,JAAA-Directorate of Social Care and Health Services
RBC Legal Entity,26/05/2022,4676692,319277,MAVIS AMONOO-ACQUAH,JLT Disbursements,1500,Misc. Legal Expenses,SUPPLIER,STANDARD,2407,LAAA-Directorate of Resources
RBC Legal Entity,26/05/2022,4676542,319280,TRASH UK LIMITED,Fleet Management,3800,Vehicle Spot Hire,Third Party Supplier,STANDARD,4552,KAAA-Directorate of Economic Growth and Neighbourhood Services
RBC Legal Entity,26/05/2022,4679323,319281,MISS CLAIRE FOX,JLT Disbursements,710,Misc. Legal Expenses,Third Party Supplier,STANDARD,2407,LAAA-Directorate of Resources
RBC Legal Entity,26/05/2022,4686775,319282,MEDCARE HOME SERVICES LTD T/A PROACTIVE LIFE,PS Acquired Community Services,2294.04,Purchased Care,SUPPLIER,STANDARD,5771,JAAA-Directorate of Social Care and Health Services
RBC Legal Entity,26/05/2022,4686845,319283,HOME ANGELS HEALTHCARE SERVICES LTD,PS Acquired Community Services,2057.14,Purchased Care,Third Party Supplier,STANDARD,5771,JAAA-Directorate of Social Care and Health Services
RBC Legal Entity,26/05/2022,4676636,319285,SENSATIONAL SYSTEMS LTD,UTMC / ITS,1.1,Contractors,Third Party Supplier,STANDARD,8850,ZZZC-Capital
RBC Legal Entity,26/05/2022,4676636,319285,SENSATIONAL SYSTEMS LTD,UTMC / ITS,1.28,Contractors,Third Party Supplier,STANDARD,8850,ZZZC-Capital
RBC Legal Entity,26/05/2022,4676636,319285,SENSATIONAL SYSTEMS LTD,UTMC / ITS,7.62,Contractors,Third Party Supplier,STANDARD,8850,ZZZC-Capital
RBC Legal Entity,26/05/2022,4676636,319285,SENSATIONAL SYSTEMS LTD,UTMC / ITS,368,Contractors,Third Party Supplier,STANDARD,8850,ZZZC-Capital
RBC Legal Entity,26/05/2022,4676636,319285,SENSATIONAL SYSTEMS LTD,UTMC / ITS,430,Contractors,Third Party Supplier,STANDARD,8850,ZZZC-Capital
RBC Legal Entity,26/05/2022,4676636,319285,SENSATIONAL SYSTEMS LTD,UTMC / ITS,2550,Contractors,Third Party Supplier,STANDARD,8850,ZZZC-Capital
RBC Legal Entity,26/05/2022,4685853,319547,FORUM ACTIONS,Archives General,3900,Other Office Expenses,INDIVIDUAL,STANDARD,1256,KAAA-Directorate of Economic Growth and Neighbourhood Services
RBC Legal Entity,26/05/2022,4686704,319548,DR MARCIA PERSAUD,JLT Disbursements,1000,Misc. Legal Expenses,INDIVIDUAL,STANDARD,2407,LAAA-Directorate of Resources
RBC Legal Entity,26/05/2022,4686855,319549,SAIQA CHAUDHRY,JLT Disbursements,750,Misc. Legal Expenses,INDIVIDUAL,STANDARD,2407,LAAA-Directorate of Resources
RBC Legal Entity,26/05/2022,4686856,319550,PAKEEZA RAHMAN,JLT Disbursements,500,Misc. Legal Expenses,INDIVIDUAL,STANDARD,2407,LAAA-Directorate of Resources
RBC Legal Entity,27/05/2022,4679211,319552,SURREY COUNTY COUNCIL ,Traffic,25225,TPP  Contract,GOVERNMENT,STANDARD,4703,KAAA-Directorate of Economic Growth and Neighbourhood Services
RBC Legal Entity,27/05/2022,4678298,319553,WSP UK LTD,Strategic Transport & Concessionary Fares,2411.71,TPP to Others,SUPPLIER,STANDARD,4726,KAAA-Directorate of Economic Growth and Neighbourhood Services
RBC Legal Entity,27/05/2022,4678299,319553,WSP UK LTD,Local Sustainable Transport Fund (LSTF),15990.48,Design Fees,SUPPLIER,STANDARD,8801,ZZZC-Capital
RBC Legal Entity,27/05/2022,4678300,319553,WSP UK LTD,Strategic Transport & Concessionary Fares,1016.74,TPP to Others,SUPPLIER,STANDARD,4726,KAAA-Directorate of Economic Growth and Neighbourhood Services
RBC Legal Entity,27/05/2022,4680979,319554,BOWAK LTD,Building Cleaning,530.95,Materials from Store,Third Party Supplier,STANDARD,4351,KAAA-Directorate of Economic Growth and Neighbourhood Services
RBC Legal Entity,27/05/2022,4687014,319554,BOWAK LTD,Town Hall Operations,460.47,Cleaning Materials,Third Party Supplier,STANDARD,1210,KAAA-Directorate of Economic Growth and Neighbourhood Services
RBC Legal Entity,27/05/2022,4686943,319556,F.G. MARSHALL LTD,Crematorium,923.78,Memorials & Commemorative Plaq,SUPPLIER,STANDARD,4606,LAAA-Directorate of Resources
RBC Legal Entity,27/05/2022,4687132,319557,RADIS COMMUNITY CARE,Mental Health Community Services,546.88,Purchased Care,Third Party Supplier,STANDARD,5731,JAAA-Directorate of Social Care and Health Services
RBC Legal Entity,27/05/2022,4687133,319557,RADIS COMMUNITY CARE,LD Community Services,1247.57,Purchased Care,Third Party Supplier,STANDARD,5741,JAAA-Directorate of Social Care and Health Services
RBC Legal Entity,27/05/2022,4687138,319557,RADIS COMMUNITY CARE,LD Community Services,511.52,Purchased Care,Third Party Supplier,STANDARD,5741,JAAA-Directorate of Social Care and Health Services
RBC Legal Entity,27/05/2022,4687141,319557,RADIS COMMUNITY CARE,PS Acquired Community Services,615.24,Purchased Care,Third Party Supplier,STANDARD,5771,JAAA-Directorate of Social Care and Health Services
RBC Legal Entity,27/05/2022,4687179,319558,READING TRANSPORT LTD,Strategic Transport & Concessionary Fares,8729.63,Payments for Bus Services,Third Party Supplier,STANDARD,4726,KAAA-Directorate of Economic Growth and Neighbourhood Services
RBC Legal Entity,27/05/2022,4676313,319561,STUART DIGGENS BUILDING & ROOFING LTD,Payroll + Payments A/c,-160,System Creditors,SUB-CONTRACTOR,CREDIT,9823,ZZZB-Balance Sheet
RBC Legal Entity,27/05/2022,4676313,319561,STUART DIGGENS BUILDING & ROOFING LTD,Cemeteries,200,Grounds Maintenance,SUB-CONTRACTOR,STANDARD,4607,LAAA-Directorate of Resources
RBC Legal Entity,27/05/2022,4676313,319561,STUART DIGGENS BUILDING & ROOFING LTD,Cemeteries,800,Grounds Maintenance,SUB-CONTRACTOR,STANDARD,4607,LAAA-Directorate of Resources
RBC Legal Entity,27/05/2022,4687187,319563,THE BOOTLEG BEATLES,Hexagon Operations,-1309,Casual & Supply Staff,SUPPLIER,CREDIT,1200,KAAA-Directorate of Economic Growth and Neighbourhood Services
RBC Legal Entity,27/05/2022,4687187,319563,THE BOOTLEG BEATLES,Hexagon Operations,-1178.13,Fees + Commissions,SUPPLIER,CREDIT,1200,KAAA-Directorate of Economic Growth and Neighbourhood Services
RBC Legal Entity,27/05/2022,4687187,319563,THE BOOTLEG BEATLES,Hexagon Operations,-104,Hire of Function Rooms,SUPPLIER,CREDIT,1200,KAAA-Directorate of Economic Growth and Neighbourhood Services
RBC Legal Entity,27/05/2022,4687187,319563,THE BOOTLEG BEATLES,Hexagon Operations,-39,Sales  Surplus Equipment,SUPPLIER,CREDIT,1200,KAAA-Directorate of Economic Growth and Neighbourhood Services
RBC Legal Entity,27/05/2022,4687187,319563,THE BOOTLEG BEATLES,Hexagon Operations,-20.83,Sales  Surplus Equipment,SUPPLIER,CREDIT,1200,KAAA-Directorate of Economic Growth and Neighbourhood Services
RBC Legal Entity,27/05/2022,4687187,319563,THE BOOTLEG BEATLES,Hexagon Operations,2650.96,Professional Fees,SUPPLIER,STANDARD,1200,KAAA-Directorate of Economic Growth and Neighbourhood Services
RBC Legal Entity,27/05/2022,4687187,319563,THE BOOTLEG BEATLES,Hexagon Operations,13154.75,Professional Fees,SUPPLIER,STANDARD,1200,KAAA-Directorate of Economic Growth and Neighbourhood Services
RBC Legal Entity,27/05/2022,4687142,319564,A2 DOMINION GROUP,PS Acquired Community Services,2081.94,Purchased Care,Third Party Supplier,STANDARD,5771,JAAA-Directorate of Social Care and Health Services
RBC Legal Entity,27/05/2022,4687143,319564,A2 DOMINION GROUP,PS Acquired Community Services,859.75,Purchased Care,Third Party Supplier,STANDARD,5771,JAAA-Directorate of Social Care and Health Services
RBC Legal Entity,27/05/2022,4687145,319564,A2 DOMINION GROUP,M&C Acquired Community Services,832.72,Purchased Care,Third Party Supplier,STANDARD,5751,JAAA-Directorate of Social Care and Health Services
RBC Legal Entity,27/05/2022,4687147,319564,A2 DOMINION GROUP,PS Acquired Community Services,714,Purchased Care,Third Party Supplier,STANDARD,5771,JAAA-Directorate of Social Care and Health Services
RBC Legal Entity,27/05/2022,4687148,319564,A2 DOMINION GROUP,PS Acquired Community Services,1708.03,Purchased Care,Third Party Supplier,STANDARD,5771,JAAA-Directorate of Social Care and Health Services
RBC Legal Entity,27/05/2022,4687149,319564,A2 DOMINION GROUP,M&C Acquired Community Services,951.72,Purchased Care,Third Party Supplier,STANDARD,5751,JAAA-Directorate of Social Care and Health Services
RBC Legal Entity,27/05/2022,4687173,319565,HEADWAY THAMES VALLEY,PS Acquired Community Services,600,Purchased Care,GOVERNMENT,STANDARD,5771,JAAA-Directorate of Social Care and Health Services
RBC Legal Entity,27/05/2022,4687126,319567,TONNA CARE SERVICES LTD,Assets _ General,-240.79,Payments in Advance,Third Party Supplier,CREDIT,9885,ZZZB-Balance Sheet
RBC Legal Entity,27/05/2022,4687126,319567,TONNA CARE SERVICES LTD,LD Community Services,963.15,Purchased Care,Third Party Supplier,STANDARD,5741,JAAA-Directorate of Social Care and Health Services
RBC Legal Entity,27/05/2022,4687128,319567,TONNA CARE SERVICES LTD,Assets _ General,-160.53,Payments in Advance,Third Party Supplier,CREDIT,9885,ZZZB-Balance Sheet
RBC Legal Entity,27/05/2022,4687128,319567,TONNA CARE SERVICES LTD,Mental Health Community Services,642.1,Purchased Care,Third Party Supplier,STANDARD,5731,JAAA-Directorate of Social Care and Health Services
RBC Legal Entity,27/05/2022,4687129,319567,TONNA CARE SERVICES LTD,Assets _ General,-2637.6,Payments in Advance,Third Party Supplier,CREDIT,9885,ZZZB-Balance Sheet
RBC Legal Entity,27/05/2022,4687129,319567,TONNA CARE SERVICES LTD,PS Acquired Community Services,10550.4,Purchased Care,Third Party Supplier,STANDARD,5771,JAAA-Directorate of Social Care and Health Services
RBC Legal Entity,27/05/2022,4687130,319567,TONNA CARE SERVICES LTD,Assets _ General,-2078.9,Payments in Advance,Third Party Supplier,CREDIT,9885,ZZZB-Balance Sheet
RBC Legal Entity,27/05/2022,4687130,319567,TONNA CARE SERVICES LTD,LD Community Services,8315.58,Purchased Care,Third Party Supplier,STANDARD,5741,JAAA-Directorate of Social Care and Health Services
RBC Legal Entity,27/05/2022,4680877,319568,NEIL CURTIS FUNERAL CONTRACTOR,Grounds Maintenance,1110,TPP to Others,SUPPLIER,STANDARD,1306,KAAA-Directorate of Economic Growth and Neighbourhood Services
RBC Legal Entity,27/05/2022,4686949,319569,CREFFIELDS (TIMBER & BOARDS) LTD,Hexagon Operations,947.61,Equipment Purchase & Repair,SUPPLIER,STANDARD,1200,KAAA-Directorate of Economic Growth and Neighbourhood Services
RBC Legal Entity,27/05/2022,4686980,319571,COPE OCCUPATIONAL HEALTH & ERGONOMIC SERVICES LTD,HR & Payroll,2995.26,Health + Safety,Third Party Supplier,STANDARD,2600,LAAA-Directorate of Resources
RBC Legal Entity,27/05/2022,4676698,319572,MR EDWARD KIRKWOOD,JLT Disbursements,500,Misc. Legal Expenses,Third Party Supplier,STANDARD,2407,LAAA-Directorate of Resources
RBC Legal Entity,27/05/2022,4677367,319574,LAPWING,Highways,308.7,Materials Direct,SUPPLIER,STANDARD,4252,KAAA-Directorate of Economic Growth and Neighbourhood Services
RBC Legal Entity,27/05/2022,4677367,319574,LAPWING,Highways,308.7,Materials Direct,SUPPLIER,STANDARD,4252,KAAA-Directorate of Economic Growth and Neighbourhood Services
RBC Legal Entity,27/05/2022,4681038,319575,CROWN LODGE GUEST HOUSE,Single Homelessness Grants,623,Preventive+SupportiveServ,Third Party Supplier,STANDARD,5860,KAAA-Directorate of Economic Growth and Neighbourhood Services
RBC Legal Entity,27/05/2022,4681041,319575,CROWN LODGE GUEST HOUSE,Single Homelessness Grants,623,Preventive+SupportiveServ,Third Party Supplier,STANDARD,5860,KAAA-Directorate of Economic Growth and Neighbourhood Services
RBC Legal Entity,27/05/2022,4684646,319575,CROWN LODGE GUEST HOUSE,Bed and Breakfast,525,Rents,Third Party Supplier,STANDARD,5871,KAAA-Directorate of Economic Growth and Neighbourhood Services
RBC Legal Entity,27/05/2022,4676694,319576,MR NICHOLAS GOODWIN,JLT Disbursements,1416.67,Misc. Legal Expenses,SUPPLIER,STANDARD,2407,LAAA-Directorate of Resources
RBC Legal Entity,27/05/2022,4680862,319579,PESTPRO BIRD SOLUTIONS LTD,DLO Day to Day Trades,850,Subcontractors Labour,Third Party Supplier,STANDARD,4010,KAAA-Directorate of Economic Growth and Neighbourhood Services
RBC Legal Entity,27/05/2022,4680863,319579,PESTPRO BIRD SOLUTIONS LTD,Repairs,2245,Estate Maintenance,Third Party Supplier,STANDARD,5970,HAAA-Housing Revenue Account
RBC Legal Entity,27/05/2022,4680864,319579,PESTPRO BIRD SOLUTIONS LTD,Repairs,4000,Estate Maintenance,Third Party Supplier,STANDARD,5970,HAAA-Housing Revenue Account
RBC Legal Entity,27/05/2022,4681743,319580,VJ CARERS LIMITED,PS Acquired Community Services,1567.74,Purchased Care,Third Party Supplier,STANDARD,5771,JAAA-Directorate of Social Care and Health Services
RBC Legal Entity,27/05/2022,4681744,319580,VJ CARERS LIMITED,PS Acquired Community Services,2257.94,Purchased Care,Third Party Supplier,STANDARD,5771,JAAA-Directorate of Social Care and Health Services
RBC Legal Entity,27/05/2022,4681745,319580,VJ CARERS LIMITED,PS Acquired Community Services,833.17,Purchased Care,Third Party Supplier,STANDARD,5771,JAAA-Directorate of Social Care and Health Services
RBC Legal Entity,27/05/2022,4681748,319580,VJ CARERS LIMITED,PS Acquired Community Services,907.12,Purchased Care,Third Party Supplier,STANDARD,5771,JAAA-Directorate of Social Care and Health Services
RBC Legal Entity,27/05/2022,4681957,319581,IMAGE BOX DESIGN LTD,Grounds Maintenance,125,Materials Direct,Third Party Supplier,STANDARD,1306,KAAA-Directorate of Economic Growth and Neighbourhood Services
RBC Legal Entity,27/05/2022,4681957,319581,IMAGE BOX DESIGN LTD,Grounds Maintenance,750,Materials Direct,Third Party Supplier,STANDARD,1306,KAAA-Directorate of Economic Growth and Neighbourhood Services
RBC Legal Entity,27/05/2022,4681957,319581,IMAGE BOX DESIGN LTD,Grounds Maintenance,750,Materials Direct,Third Party Supplier,STANDARD,1306,KAAA-Directorate of Economic Growth and Neighbourhood Services
RBC Legal Entity,27/05/2022,4681957,319581,IMAGE BOX DESIGN LTD,Grounds Maintenance,1500,Materials Direct,Third Party Supplier,STANDARD,1306,KAAA-Directorate of Economic Growth and Neighbourhood Services
RBC Legal Entity,27/05/2022,4686701,319581,IMAGE BOX DESIGN LTD,Events & Engagement,480,Advertising - General,Third Party Supplier,STANDARD,2080,EAAA-Chief Executive
RBC Legal Entity,27/05/2022,4686701,319581,IMAGE BOX DESIGN LTD,Events & Engagement,825,Advertising - General,Third Party Supplier,STANDARD,2080,EAAA-Chief Executive
RBC Legal Entity,27/05/2022,4686701,319581,IMAGE BOX DESIGN LTD,Events & Engagement,985,Advertising - General,Third Party Supplier,STANDARD,2080,EAAA-Chief Executive
RBC Legal Entity,27/05/2022,4686956,319583,LEICESTERSHIRE COUNTY COUNCIL,HR & Payroll,925.5,Disclosure & Barring Service {,GOVERNMENT,STANDARD,2600,LAAA-Directorate of Resources
RBC Legal Entity,27/05/2022,4686956,319583,LEICESTERSHIRE COUNTY COUNCIL,HR & Payroll,5331,Disclosure & Barring Service {,GOVERNMENT,STANDARD,2600,LAAA-Directorate of Resources
RBC Legal Entity,27/05/2022,4686957,319583,LEICESTERSHIRE COUNTY COUNCIL,HR & Payroll,825,Disclosure & Barring Service {,GOVERNMENT,STANDARD,2600,LAAA-Directorate of Resources
RBC Legal Entity,27/05/2022,4686957,319583,LEICESTERSHIRE COUNTY COUNCIL,HR & Payroll,4698,Disclosure & Barring Service {,GOVERNMENT,STANDARD,2600,LAAA-Directorate of Resources
RBC Legal Entity,27/05/2022,4674435,319585,HONEY BROTHERS LTD,Grounds Maintenance,2334.29,Equipment Purchase & Repair,Third Party Supplier,STANDARD,1306,KAAA-Directorate of Economic Growth and Neighbourhood Services
RBC Legal Entity,27/05/2022,4681190,319586,MEDLOCK ELECTRICAL DISTRIBUTORS,Corporate Maintenance Services,750,Materials Direct,Third Party Supplier,STANDARD,4080,KAAA-Directorate of Economic Growth and Neighbourhood Services
RBC Legal Entity,27/05/2022,4680945,319587,HEALTHWATCH READING,Advocacy,7500,GrantsVolunt.Organ.,Third Party Supplier,STANDARD,5303,JAAA-Directorate of Social Care and Health Services
RBC Legal Entity,27/05/2022,4681060,319587,HEALTHWATCH READING,Advocacy,1578.75,Payments to Operators,Third Party Supplier,STANDARD,5303,JAAA-Directorate of Social Care and Health Services
RBC Legal Entity,27/05/2022,4681084,319588,IMIMOBILE INTELLIGENT NETWORKS LIMITED,IT Management,25,Mobile Phones,SUPPLIER,STANDARD,2300,EAAA-Chief Executive
RBC Legal Entity,27/05/2022,4681084,319588,IMIMOBILE INTELLIGENT NETWORKS LIMITED,IT Management,214.22,Mobile Phones,SUPPLIER,STANDARD,2300,EAAA-Chief Executive
RBC Legal Entity,27/05/2022,4681084,319588,IMIMOBILE INTELLIGENT NETWORKS LIMITED,IT Management,1300,Mobile Phones,SUPPLIER,STANDARD,2300,EAAA-Chief Executive
RBC Legal Entity,27/05/2022,4676710,319590,PSYCHOLOGY EXPERTS,JLT Disbursements,1458.35,Misc. Legal Expenses,SUPPLIER,STANDARD,2407,LAAA-Directorate of Resources
RBC Legal Entity,27/05/2022,4679912,319591,MAKING CONNECTIONS (ISLE OF WIGHT) LTD,Safeguarding Adults,2250,Professional Fees,INDIVIDUAL,STANDARD,5158,JAAA-Directorate of Social Care and Health Services
RBC Legal Entity,27/05/2022,4674426,319592,MTI TECHNOLOGY LTD,IT Management,17961,Software Licences,Third Party Supplier,STANDARD,2300,EAAA-Chief Executive
RBC Legal Entity,27/05/2022,4677461,319593,F M CONWAY LTD,Highways,487.95,Materials Direct,SUB-CONTRACTOR,STANDARD,4252,KAAA-Directorate of Economic Growth and Neighbourhood Services
RBC Legal Entity,27/05/2022,4677462,319593,F M CONWAY LTD,Highways,487.95,Materials Direct,SUB-CONTRACTOR,STANDARD,4252,KAAA-Directorate of Economic Growth and Neighbourhood Services
RBC Legal Entity,27/05/2022,4679854,319593,F M CONWAY LTD,Highways,487.95,Materials Direct,SUB-CONTRACTOR,STANDARD,4252,KAAA-Directorate of Economic Growth and Neighbourhood Services
RBC Legal Entity,27/05/2022,4679855,319593,F M CONWAY LTD,Highways,1113.66,Materials Direct,SUB-CONTRACTOR,STANDARD,4252,KAAA-Directorate of Economic Growth and Neighbourhood Services
RBC Legal Entity,27/05/2022,4679856,319593,F M CONWAY LTD,Highways,474.29,Materials Direct,SUB-CONTRACTOR,STANDARD,4252,KAAA-Directorate of Economic Growth and Neighbourhood Services
RBC Legal Entity,27/05/2022,4676719,319595,CORALEDGE LTD,UTMC / ITS,2125,Contractors,SUPPLIER,STANDARD,8850,ZZZC-Capital
RBC Legal Entity,27/05/2022,4677304,319597,CORE ASSETS GROUP,JLT Disbursements,1230.2,Misc. Legal Expenses,Third Party Supplier,STANDARD,2407,LAAA-Directorate of Resources
RBC Legal Entity,27/05/2022,4687174,319599,BLAKE MORGAN LLP,Leisure Review,3181.5,External Fees  Misc.,SUPPLIER,STANDARD,8016,ZZZC-Capital
RBC Legal Entity,27/05/2022,4676543,319600,STEPHEN JUPP,Planning,500,Consultancy Fees,Third Party Supplier,STANDARD,4700,KAAA-Directorate of Economic Growth and Neighbourhood Services
RBC Legal Entity,27/05/2022,4676212,319602,FIRST ASCENT GROUP,ASC Senior Management Team,3815,Training & Development Costs,SUPPLIER,STANDARD,5700,JAAA-Directorate of Social Care and Health Services
RBC Legal Entity,27/05/2022,4676212,319602,FIRST ASCENT GROUP,ASC Senior Management Team,3815,Training & Development Costs,SUPPLIER,STANDARD,5700,JAAA-Directorate of Social Care and Health Services
RBC Legal Entity,27/05/2022,4680590,319603,CSN CARE GROUP LTD T/A CAREWATCH,Social Support,734.57,Purchased Care,Third Party Supplier,STANDARD,5790,JAAA-Directorate of Social Care and Health Services
RBC Legal Entity,27/05/2022,4680591,319603,CSN CARE GROUP LTD T/A CAREWATCH,PS Acquired Community Services,1350.82,Purchased Care,Third Party Supplier,STANDARD,5771,JAAA-Directorate of Social Care and Health Services
RBC Legal Entity,27/05/2022,4680593,319603,CSN CARE GROUP LTD T/A CAREWATCH,PS Acquired Community Services,2662.2,Purchased Care,Third Party Supplier,STANDARD,5771,JAAA-Directorate of Social Care and Health Services
RBC Legal Entity,27/05/2022,4685869,319605,ETHICAL READING,ASC Senior Management Team,622.5,Project Fees,Third Party Supplier,STANDARD,5700,JAAA-Directorate of Social Care and Health Services
RBC Legal Entity,27/05/2022,4680004,319607,REACT SUPPORT SERVICES LTD,Mental Health Community Services,3619.02,Purchased Care,Third Party Supplier,STANDARD,5731,JAAA-Directorate of Social Care and Health Services
RBC Legal Entity,27/05/2022,4681682,319609,SALIS CARE LTD,PS Acquired Community Services,4753.56,Purchased Care,SUPPLIER,STANDARD,5771,JAAA-Directorate of Social Care and Health Services
RBC Legal Entity,27/05/2022,4676646,319610,AGILISYS LIMITED,IT Management,3887.4,Software Licences,Third Party Supplier,STANDARD,2300,EAAA-Chief Executive
RBC Legal Entity,27/05/2022,4676650,319610,AGILISYS LIMITED,IT Management,3404.32,TPP  Contract,Third Party Supplier,STANDARD,2300,EAAA-Chief Executive
RBC Legal Entity,27/05/2022,4676711,319612,THE MODERN FAMILY LAW COMPANY,JLT Disbursements,800,Misc. Legal Expenses,Third Party Supplier,STANDARD,2407,LAAA-Directorate of Resources
RBC Legal Entity,27/05/2022,4677376,319613,CALAMAT LTD,JLT Disbursements,1078.7,Misc. Legal Expenses,Third Party Supplier,STANDARD,2407,LAAA-Directorate of Resources
RBC Legal Entity,27/05/2022,4681379,319615,HELPFUL HIRINGS LTD,Grounds Maintenance,2970,Horticultrl MachineryHire,Third Party Supplier,STANDARD,1306,KAAA-Directorate of Economic Growth and Neighbourhood Services
RBC Legal Entity,27/05/2022,4676656,319616,DIGITAL CONTENT ASSOCIATES LTD,General Reference,4554,Music Cassettes and CDs,Third Party Supplier,STANDARD,1454,KAAA-Directorate of Economic Growth and Neighbourhood Services
RBC Legal Entity,27/05/2022,4686988,319619,MICHAEL BIMMLER,JLT Disbursements,850,Misc. Legal Expenses,Third Party Supplier,STANDARD,2407,LAAA-Directorate of Resources
RBC Legal Entity,27/05/2022,4677183,319620,LIFE BUILD SOLUTIONS LTD,Parks + Open Spaces,38770.11,Building Works,SUB-CONTRACTOR,STANDARD,8003,ZZZC-Capital
RBC Legal Entity,27/05/2022,4680176,319623,MEDILINK CONSULTING LTD,Coroner,1700,Medical Fees,Third Party Supplier,STANDARD,4605,KAAA-Directorate of Economic Growth and Neighbourhood Services
RBC Legal Entity,27/05/2022,4681138,319624,FORENSIC ACCESS LTD,Coroner,660,Medical Fees,Third Party Supplier,STANDARD,4605,KAAA-Directorate of Economic Growth and Neighbourhood Services
RBC Legal Entity,30/05/2022,4686147,319625,VILLAGE PROPERTIES,Guaranteed Rent Scheme,1388.74,Rents,Landlord,STANDARD,5872,KAAA-Directorate of Economic Growth and Neighbourhood Services
RBC Legal Entity,30/05/2022,4685940,319626,LANDLORDS & TENANTS,Guaranteed Rent Scheme,1146.86,Rents,Landlord,STANDARD,5872,KAAA-Directorate of Economic Growth and Neighbourhood Services
RBC Legal Entity,30/05/2022,4685971,319626,LANDLORDS & TENANTS,Guaranteed Rent Scheme,947.4,Rents,Landlord,STANDARD,5872,KAAA-Directorate of Economic Growth and Neighbourhood Services
RBC Legal Entity,30/05/2022,4685984,319626,LANDLORDS & TENANTS,Guaranteed Rent Scheme,792.83,Rents,Landlord,STANDARD,5872,KAAA-Directorate of Economic Growth and Neighbourhood Services
RBC Legal Entity,30/05/2022,4686040,319626,LANDLORDS & TENANTS,Guaranteed Rent Scheme,792.83,Rents,Landlord,STANDARD,5872,KAAA-Directorate of Economic Growth and Neighbourhood Services
RBC Legal Entity,30/05/2022,4686120,319626,LANDLORDS & TENANTS,Guaranteed Rent Scheme,947.4,Rents,Landlord,STANDARD,5872,KAAA-Directorate of Economic Growth and Neighbourhood Services
RBC Legal Entity,30/05/2022,4686137,319626,LANDLORDS & TENANTS,Guaranteed Rent Scheme,947.4,Rents,Landlord,STANDARD,5872,KAAA-Directorate of Economic Growth and Neighbourhood Services
RBC Legal Entity,30/05/2022,4686214,319626,LANDLORDS & TENANTS,Guaranteed Rent Scheme,792.83,Rents,Landlord,STANDARD,5872,KAAA-Directorate of Economic Growth and Neighbourhood Services
RBC Legal Entity,30/05/2022,4686332,319626,LANDLORDS & TENANTS,Guaranteed Rent Scheme,947.4,Rents,Landlord,STANDARD,5872,KAAA-Directorate of Economic Growth and Neighbourhood Services
RBC Legal Entity,30/05/2022,4686340,319626,LANDLORDS & TENANTS,Guaranteed Rent Scheme,1146.86,Rents,Landlord,STANDARD,5872,KAAA-Directorate of Economic Growth and Neighbourhood Services
RBC Legal Entity,30/05/2022,4686366,319626,LANDLORDS & TENANTS,Guaranteed Rent Scheme,947.4,Rents,Landlord,STANDARD,5872,KAAA-Directorate of Economic Growth and Neighbourhood Services
RBC Legal Entity,30/05/2022,4686406,319626,LANDLORDS & TENANTS,Guaranteed Rent Scheme,1146.86,Rents,Landlord,STANDARD,5872,KAAA-Directorate of Economic Growth and Neighbourhood Services
RBC Legal Entity,30/05/2022,4686462,319626,LANDLORDS & TENANTS,Guaranteed Rent Scheme,694.59,Rents,Landlord,STANDARD,5872,KAAA-Directorate of Economic Growth and Neighbourhood Services
RBC Legal Entity,30/05/2022,4686491,319626,LANDLORDS & TENANTS,Guaranteed Rent Scheme,932.58,Rents,Landlord,STANDARD,5872,KAAA-Directorate of Economic Growth and Neighbourhood Services
RBC Legal Entity,30/05/2022,4686544,319626,LANDLORDS & TENANTS,Guaranteed Rent Scheme,880.53,Rents,Landlord,STANDARD,5872,KAAA-Directorate of Economic Growth and Neighbourhood Services
RBC Legal Entity,30/05/2022,4686574,319626,LANDLORDS & TENANTS,Guaranteed Rent Scheme,880.53,Rents,Landlord,STANDARD,5872,KAAA-Directorate of Economic Growth and Neighbourhood Services
RBC Legal Entity,30/05/2022,4686625,319626,LANDLORDS & TENANTS,Guaranteed Rent Scheme,1146.86,Rents,Landlord,STANDARD,5872,KAAA-Directorate of Economic Growth and Neighbourhood Services
RBC Legal Entity,30/05/2022,4686168,319629,ADDINGTON PROPERTIES,Guaranteed Rent Scheme,694.59,Rents,SUPPLIER,STANDARD,5872,KAAA-Directorate of Economic Growth and Neighbourhood Services
RBC Legal Entity,30/05/2022,4686170,319629,ADDINGTON PROPERTIES,Guaranteed Rent Scheme,694.59,Rents,SUPPLIER,STANDARD,5872,KAAA-Directorate of Economic Growth and Neighbourhood Services
RBC Legal Entity,30/05/2022,4686282,319629,ADDINGTON PROPERTIES,Guaranteed Rent Scheme,694.59,Rents,SUPPLIER,STANDARD,5872,KAAA-Directorate of Economic Growth and Neighbourhood Services
RBC Legal Entity,30/05/2022,4686302,319629,ADDINGTON PROPERTIES,Guaranteed Rent Scheme,792.83,Rents,SUPPLIER,STANDARD,5872,KAAA-Directorate of Economic Growth and Neighbourhood Services
RBC Legal Entity,30/05/2022,4686367,319629,ADDINGTON PROPERTIES,Guaranteed Rent Scheme,694.59,Rents,SUPPLIER,STANDARD,5872,KAAA-Directorate of Economic Growth and Neighbourhood Services
RBC Legal Entity,30/05/2022,4686402,319629,ADDINGTON PROPERTIES,Guaranteed Rent Scheme,792.83,Rents,SUPPLIER,STANDARD,5872,KAAA-Directorate of Economic Growth and Neighbourhood Services
RBC Legal Entity,30/05/2022,4686536,319629,ADDINGTON PROPERTIES,Guaranteed Rent Scheme,694.59,Rents,SUPPLIER,STANDARD,5872,KAAA-Directorate of Economic Growth and Neighbourhood Services
RBC Legal Entity,30/05/2022,4686583,319629,ADDINGTON PROPERTIES,Guaranteed Rent Scheme,694.59,Rents,SUPPLIER,STANDARD,5872,KAAA-Directorate of Economic Growth and Neighbourhood Services
RBC Legal Entity,30/05/2022,4686588,319629,ADDINGTON PROPERTIES,Guaranteed Rent Scheme,694.59,Rents,SUPPLIER,STANDARD,5872,KAAA-Directorate of Economic Growth and Neighbourhood Services
RBC Legal Entity,30/05/2022,4685947,319630,HASLAMS ESTATE AGENTS LTD,Guaranteed Rent Scheme,840.58,Rents,Direct Payments,STANDARD,5872,KAAA-Directorate of Economic Growth and Neighbourhood Services
RBC Legal Entity,30/05/2022,4685973,319630,HASLAMS ESTATE AGENTS LTD,Guaranteed Rent Scheme,840.58,Rents,Direct Payments,STANDARD,5872,KAAA-Directorate of Economic Growth and Neighbourhood Services
RBC Legal Entity,30/05/2022,4686158,319630,HASLAMS ESTATE AGENTS LTD,Guaranteed Rent Scheme,865.8,Rents,Direct Payments,STANDARD,5872,KAAA-Directorate of Economic Growth and Neighbourhood Services
RBC Legal Entity,30/05/2022,4685891,319631,A H LANSLEY RESIDENTIAL LTD,Guaranteed Rent Scheme,694.59,Rents,Landlord,STANDARD,5872,KAAA-Directorate of Economic Growth and Neighbourhood Services
RBC Legal Entity,30/05/2022,4686234,319631,A H LANSLEY RESIDENTIAL LTD,Guaranteed Rent Scheme,682.98,Rents,Landlord,STANDARD,5872,KAAA-Directorate of Economic Growth and Neighbourhood Services
RBC Legal Entity,30/05/2022,4686398,319631,A H LANSLEY RESIDENTIAL LTD,Guaranteed Rent Scheme,694.59,Rents,Landlord,STANDARD,5872,KAAA-Directorate of Economic Growth and Neighbourhood Services
RBC Legal Entity,30/05/2022,4686612,319631,A H LANSLEY RESIDENTIAL LTD,Guaranteed Rent Scheme,694.59,Rents,Landlord,STANDARD,5872,KAAA-Directorate of Economic Growth and Neighbourhood Services
RBC Legal Entity,30/05/2022,4684412,319632,READING HOTEL,Single Homelessness Grants,1125,Preventive+SupportiveServ,SUPPLIER,STANDARD,5860,KAAA-Directorate of Economic Growth and Neighbourhood Services
RBC Legal Entity,30/05/2022,4679952,319633,ZURICH INSURANCE PLC,Insurance CEC,28202.48,Insurances  Central,SUPPLIER,STANDARD,2205,LAAA-Directorate of Resources
RBC Legal Entity,30/05/2022,4680000,319633,ZURICH INSURANCE PLC,Insurance CEC,1251.19,Insurances  Central,SUPPLIER,STANDARD,2205,LAAA-Directorate of Resources
RBC Legal Entity,30/05/2022,4685913,319634,MCCARTHY PROPERTIES READING LTD,Guaranteed Rent Scheme,947.4,Rents,Landlord,STANDARD,5872,KAAA-Directorate of Economic Growth and Neighbourhood Services
RBC Legal Entity,30/05/2022,4685956,319634,MCCARTHY PROPERTIES READING LTD,Guaranteed Rent Scheme,792.83,Rents,Landlord,STANDARD,5872,KAAA-Directorate of Economic Growth and Neighbourhood Services
RBC Legal Entity,30/05/2022,4685998,319634,MCCARTHY PROPERTIES READING LTD,Guaranteed Rent Scheme,792.83,Rents,Landlord,STANDARD,5872,KAAA-Directorate of Economic Growth and Neighbourhood Services
RBC Legal Entity,30/05/2022,4686003,319634,MCCARTHY PROPERTIES READING LTD,Guaranteed Rent Scheme,792.83,Rents,Landlord,STANDARD,5872,KAAA-Directorate of Economic Growth and Neighbourhood Services
RBC Legal Entity,30/05/2022,4686039,319634,MCCARTHY PROPERTIES READING LTD,Guaranteed Rent Scheme,694.59,Rents,Landlord,STANDARD,5872,KAAA-Directorate of Economic Growth and Neighbourhood Services
RBC Legal Entity,30/05/2022,4686043,319634,MCCARTHY PROPERTIES READING LTD,Guaranteed Rent Scheme,694.59,Rents,Landlord,STANDARD,5872,KAAA-Directorate of Economic Growth and Neighbourhood Services
RBC Legal Entity,30/05/2022,4686055,319634,MCCARTHY PROPERTIES READING LTD,Guaranteed Rent Scheme,947.4,Rents,Landlord,STANDARD,5872,KAAA-Directorate of Economic Growth and Neighbourhood Services
RBC Legal Entity,30/05/2022,4686078,319634,MCCARTHY PROPERTIES READING LTD,Guaranteed Rent Scheme,682.98,Rents,Landlord,STANDARD,5872,KAAA-Directorate of Economic Growth and Neighbourhood Services
RBC Legal Entity,30/05/2022,4686101,319634,MCCARTHY PROPERTIES READING LTD,Guaranteed Rent Scheme,947.4,Rents,Landlord,STANDARD,5872,KAAA-Directorate of Economic Growth and Neighbourhood Services
RBC Legal Entity,30/05/2022,4686112,319634,MCCARTHY PROPERTIES READING LTD,Guaranteed Rent Scheme,694.59,Rents,Landlord,STANDARD,5872,KAAA-Directorate of Economic Growth and Neighbourhood Services
RBC Legal Entity,30/05/2022,4686124,319634,MCCARTHY PROPERTIES READING LTD,Guaranteed Rent Scheme,694.59,Rents,Landlord,STANDARD,5872,KAAA-Directorate of Economic Growth and Neighbourhood Services
RBC Legal Entity,30/05/2022,4686141,319634,MCCARTHY PROPERTIES READING LTD,Guaranteed Rent Scheme,694.59,Rents,Landlord,STANDARD,5872,KAAA-Directorate of Economic Growth and Neighbourhood Services
RBC Legal Entity,30/05/2022,4686164,319634,MCCARTHY PROPERTIES READING LTD,Guaranteed Rent Scheme,694.59,Rents,Landlord,STANDARD,5872,KAAA-Directorate of Economic Growth and Neighbourhood Services
RBC Legal Entity,30/05/2022,4686208,319634,MCCARTHY PROPERTIES READING LTD,Guaranteed Rent Scheme,947.4,Rents,Landlord,STANDARD,5872,KAAA-Directorate of Economic Growth and Neighbourhood Services
RBC Legal Entity,30/05/2022,4686210,319634,MCCARTHY PROPERTIES READING LTD,Guaranteed Rent Scheme,947.4,Rents,Landlord,STANDARD,5872,KAAA-Directorate of Economic Growth and Neighbourhood Services
RBC Legal Entity,30/05/2022,4686231,319634,MCCARTHY PROPERTIES READING LTD,Guaranteed Rent Scheme,682.98,Rents,Landlord,STANDARD,5872,KAAA-Directorate of Economic Growth and Neighbourhood Services
RBC Legal Entity,30/05/2022,4686258,319634,MCCARTHY PROPERTIES READING LTD,Guaranteed Rent Scheme,792.83,Rents,Landlord,STANDARD,5872,KAAA-Directorate of Economic Growth and Neighbourhood Services
RBC Legal Entity,30/05/2022,4686273,319634,MCCARTHY PROPERTIES READING LTD,Guaranteed Rent Scheme,682.98,Rents,Landlord,STANDARD,5872,KAAA-Directorate of Economic Growth and Neighbourhood Services
RBC Legal Entity,30/05/2022,4686303,319634,MCCARTHY PROPERTIES READING LTD,Guaranteed Rent Scheme,792.83,Rents,Landlord,STANDARD,5872,KAAA-Directorate of Economic Growth and Neighbourhood Services
RBC Legal Entity,30/05/2022,4686320,319634,MCCARTHY PROPERTIES READING LTD,Guaranteed Rent Scheme,792.83,Rents,Landlord,STANDARD,5872,KAAA-Directorate of Economic Growth and Neighbourhood Services
RBC Legal Entity,30/05/2022,4686337,319634,MCCARTHY PROPERTIES READING LTD,Guaranteed Rent Scheme,694.59,Rents,Landlord,STANDARD,5872,KAAA-Directorate of Economic Growth and Neighbourhood Services
RBC Legal Entity,30/05/2022,4686358,319634,MCCARTHY PROPERTIES READING LTD,Guaranteed Rent Scheme,694.59,Rents,Landlord,STANDARD,5872,KAAA-Directorate of Economic Growth and Neighbourhood Services
RBC Legal Entity,30/05/2022,4686373,319634,MCCARTHY PROPERTIES READING LTD,Guaranteed Rent Scheme,694.59,Rents,Landlord,STANDARD,5872,KAAA-Directorate of Economic Growth and Neighbourhood Services
RBC Legal Entity,30/05/2022,4686375,319634,MCCARTHY PROPERTIES READING LTD,Guaranteed Rent Scheme,947.4,Rents,Landlord,STANDARD,5872,KAAA-Directorate of Economic Growth and Neighbourhood Services
RBC Legal Entity,30/05/2022,4686376,319634,MCCARTHY PROPERTIES READING LTD,Guaranteed Rent Scheme,792.83,Rents,Landlord,STANDARD,5872,KAAA-Directorate of Economic Growth and Neighbourhood Services
RBC Legal Entity,30/05/2022,4686388,319634,MCCARTHY PROPERTIES READING LTD,Guaranteed Rent Scheme,947.4,Rents,Landlord,STANDARD,5872,KAAA-Directorate of Economic Growth and Neighbourhood Services
RBC Legal Entity,30/05/2022,4686421,319634,MCCARTHY PROPERTIES READING LTD,Guaranteed Rent Scheme,792.83,Rents,Landlord,STANDARD,5872,KAAA-Directorate of Economic Growth and Neighbourhood Services
RBC Legal Entity,30/05/2022,4686437,319634,MCCARTHY PROPERTIES READING LTD,Guaranteed Rent Scheme,947.4,Rents,Landlord,STANDARD,5872,KAAA-Directorate of Economic Growth and Neighbourhood Services
RBC Legal Entity,30/05/2022,4686441,319634,MCCARTHY PROPERTIES READING LTD,Guaranteed Rent Scheme,694.59,Rents,Landlord,STANDARD,5872,KAAA-Directorate of Economic Growth and Neighbourhood Services
RBC Legal Entity,30/05/2022,4686470,319634,MCCARTHY PROPERTIES READING LTD,Guaranteed Rent Scheme,694.59,Rents,Landlord,STANDARD,5872,KAAA-Directorate of Economic Growth and Neighbourhood Services
RBC Legal Entity,30/05/2022,4686481,319634,MCCARTHY PROPERTIES READING LTD,Guaranteed Rent Scheme,694.59,Rents,Landlord,STANDARD,5872,KAAA-Directorate of Economic Growth and Neighbourhood Services
RBC Legal Entity,30/05/2022,4686486,319634,MCCARTHY PROPERTIES READING LTD,Guaranteed Rent Scheme,880.53,Rents,Landlord,STANDARD,5872,KAAA-Directorate of Economic Growth and Neighbourhood Services
RBC Legal Entity,30/05/2022,4686512,319634,MCCARTHY PROPERTIES READING LTD,Guaranteed Rent Scheme,1006.72,Rents,Landlord,STANDARD,5872,KAAA-Directorate of Economic Growth and Neighbourhood Services
RBC Legal Entity,30/05/2022,4686591,319634,MCCARTHY PROPERTIES READING LTD,Guaranteed Rent Scheme,694.59,Rents,Landlord,STANDARD,5872,KAAA-Directorate of Economic Growth and Neighbourhood Services
RBC Legal Entity,30/05/2022,4686627,319634,MCCARTHY PROPERTIES READING LTD,Guaranteed Rent Scheme,792.83,Rents,Landlord,STANDARD,5872,KAAA-Directorate of Economic Growth and Neighbourhood Services
RBC Legal Entity,30/05/2022,4686633,319634,MCCARTHY PROPERTIES READING LTD,Guaranteed Rent Scheme,792.83,Rents,Landlord,STANDARD,5872,KAAA-Directorate of Economic Growth and Neighbourhood Services
RBC Legal Entity,30/05/2022,4686637,319634,MCCARTHY PROPERTIES READING LTD,Guaranteed Rent Scheme,792.83,Rents,Landlord,STANDARD,5872,KAAA-Directorate of Economic Growth and Neighbourhood Services
RBC Legal Entity,30/05/2022,4685897,319635,MARTIN COSTELLOE,Guaranteed Rent Scheme,792.83,Rents,Landlord,STANDARD,5872,KAAA-Directorate of Economic Growth and Neighbourhood Services
RBC Legal Entity,30/05/2022,4686000,319635,MARTIN COSTELLOE,Guaranteed Rent Scheme,947.4,Rents,Landlord,STANDARD,5872,KAAA-Directorate of Economic Growth and Neighbourhood Services
RBC Legal Entity,30/05/2022,4686004,319635,MARTIN COSTELLOE,Guaranteed Rent Scheme,792.83,Rents,Landlord,STANDARD,5872,KAAA-Directorate of Economic Growth and Neighbourhood Services
RBC Legal Entity,30/05/2022,4686011,319635,MARTIN COSTELLOE,Guaranteed Rent Scheme,792.83,Rents,Landlord,STANDARD,5872,KAAA-Directorate of Economic Growth and Neighbourhood Services
RBC Legal Entity,30/05/2022,4686015,319635,MARTIN COSTELLOE,Guaranteed Rent Scheme,792.83,Rents,Landlord,STANDARD,5872,KAAA-Directorate of Economic Growth and Neighbourhood Services
RBC Legal Entity,30/05/2022,4686046,319635,MARTIN COSTELLOE,Guaranteed Rent Scheme,947.4,Rents,Landlord,STANDARD,5872,KAAA-Directorate of Economic Growth and Neighbourhood Services
RBC Legal Entity,30/05/2022,4686118,319635,MARTIN COSTELLOE,Guaranteed Rent Scheme,947.4,Rents,Landlord,STANDARD,5872,KAAA-Directorate of Economic Growth and Neighbourhood Services
RBC Legal Entity,30/05/2022,4686165,319635,MARTIN COSTELLOE,Guaranteed Rent Scheme,792.83,Rents,Landlord,STANDARD,5872,KAAA-Directorate of Economic Growth and Neighbourhood Services
RBC Legal Entity,30/05/2022,4686270,319635,MARTIN COSTELLOE,Guaranteed Rent Scheme,947.4,Rents,Landlord,STANDARD,5872,KAAA-Directorate of Economic Growth and Neighbourhood Services
RBC Legal Entity,30/05/2022,4686297,319635,MARTIN COSTELLOE,Guaranteed Rent Scheme,792.83,Rents,Landlord,STANDARD,5872,KAAA-Directorate of Economic Growth and Neighbourhood Services
RBC Legal Entity,30/05/2022,4686314,319635,MARTIN COSTELLOE,Guaranteed Rent Scheme,1146.86,Rents,Landlord,STANDARD,5872,KAAA-Directorate of Economic Growth and Neighbourhood Services
RBC Legal Entity,30/05/2022,4686389,319635,MARTIN COSTELLOE,Guaranteed Rent Scheme,947.4,Rents,Landlord,STANDARD,5872,KAAA-Directorate of Economic Growth and Neighbourhood Services
RBC Legal Entity,30/05/2022,4686424,319635,MARTIN COSTELLOE,Guaranteed Rent Scheme,947.4,Rents,Landlord,STANDARD,5872,KAAA-Directorate of Economic Growth and Neighbourhood Services
RBC Legal Entity,30/05/2022,4686477,319635,MARTIN COSTELLOE,Guaranteed Rent Scheme,1006.72,Rents,Landlord,STANDARD,5872,KAAA-Directorate of Economic Growth and Neighbourhood Services
RBC Legal Entity,30/05/2022,4686555,319635,MARTIN COSTELLOE,Guaranteed Rent Scheme,694.59,Rents,Landlord,STANDARD,5872,KAAA-Directorate of Economic Growth and Neighbourhood Services
RBC Legal Entity,30/05/2022,4686571,319635,MARTIN COSTELLOE,Guaranteed Rent Scheme,694.59,Rents,Landlord,STANDARD,5872,KAAA-Directorate of Economic Growth and Neighbourhood Services
RBC Legal Entity,30/05/2022,4686585,319635,MARTIN COSTELLOE,Guaranteed Rent Scheme,880.53,Rents,Landlord,STANDARD,5872,KAAA-Directorate of Economic Growth and Neighbourhood Services
RBC Legal Entity,30/05/2022,4685920,319637,BARKAT ALI,Guaranteed Rent Scheme,694.59,Rents,Landlord,STANDARD,5872,KAAA-Directorate of Economic Growth and Neighbourhood Services
RBC Legal Entity,30/05/2022,4686031,319640,HUNTERS READING,Guaranteed Rent Scheme,694.59,Rents,Landlord,STANDARD,5872,KAAA-Directorate of Economic Growth and Neighbourhood Services
RBC Legal Entity,30/05/2022,4686080,319640,HUNTERS READING,Guaranteed Rent Scheme,947.4,Rents,Landlord,STANDARD,5872,KAAA-Directorate of Economic Growth and Neighbourhood Services
RBC Legal Entity,30/05/2022,4686262,319640,HUNTERS READING,Guaranteed Rent Scheme,865.8,Rents,Landlord,STANDARD,5872,KAAA-Directorate of Economic Growth and Neighbourhood Services
RBC Legal Entity,30/05/2022,4686105,319641,ROB WATSON,Guaranteed Rent Scheme,1006.72,Rents,SUPPLIER,STANDARD,5872,KAAA-Directorate of Economic Growth and Neighbourhood Services
RBC Legal Entity,30/05/2022,4686142,319642,DEEPAK GILL,Guaranteed Rent Scheme,880.53,Rents,SUPPLIER,STANDARD,5872,KAAA-Directorate of Economic Growth and Neighbourhood Services
RBC Legal Entity,30/05/2022,4686323,319642,DEEPAK GILL,Guaranteed Rent Scheme,880.53,Rents,SUPPLIER,STANDARD,5872,KAAA-Directorate of Economic Growth and Neighbourhood Services
RBC Legal Entity,30/05/2022,4686307,319643,CENTRUM PROPERTY MANAGEMENT LTD,Guaranteed Rent Scheme,792.83,Rents,SUPPLIER,STANDARD,5872,KAAA-Directorate of Economic Growth and Neighbourhood Services
RBC Legal Entity,30/05/2022,4690217,319644,ALLIANCE FOR COHESION & RACIAL EQUALITY,Test and Trace,30000,Fees + Charges  General,SUPPLIER,STANDARD,2068,JAAA-Directorate of Social Care and Health Services
RBC Legal Entity,30/05/2022,4687195,319646,READING ASSOCIATION FOR THE BLIND,ASC Voluntary Grants,3750,GrantsVolunt.Organ.,SUPPLIER,STANDARD,5300,JAAA-Directorate of Social Care and Health Services
RBC Legal Entity,30/05/2022,4677390,319647,AMBLEGLOW,Traffic,622,Traffic Orders,Third Party Supplier,STANDARD,4703,KAAA-Directorate of Economic Growth and Neighbourhood Services
RBC Legal Entity,30/05/2022,4677391,319647,AMBLEGLOW,Road Resurfacing,820,Contractors,Third Party Supplier,STANDARD,8870,ZZZC-Capital
RBC Legal Entity,30/05/2022,4677394,319647,AMBLEGLOW,Traffic,622,Traffic Orders,Third Party Supplier,STANDARD,4703,KAAA-Directorate of Economic Growth and Neighbourhood Services
RBC Legal Entity,30/05/2022,4677395,319647,AMBLEGLOW,Traffic,622,Traffic Orders,Third Party Supplier,STANDARD,4703,KAAA-Directorate of Economic Growth and Neighbourhood Services
RBC Legal Entity,30/05/2022,4680615,319648,RADIS COMMUNITY CARE,PS Lifelong Community Services,9749.88,Purchased Care,Third Party Supplier,STANDARD,5781,JAAA-Directorate of Social Care and Health Services
RBC Legal Entity,30/05/2022,4690241,319648,RADIS COMMUNITY CARE,PS Acquired Community Services,-615.24,Purchased Care,Third Party Supplier,CREDIT,5771,JAAA-Directorate of Social Care and Health Services
RBC Legal Entity,30/05/2022,4690242,319648,RADIS COMMUNITY CARE,PS Acquired Community Services,620.77,Purchased Care,Third Party Supplier,STANDARD,5771,JAAA-Directorate of Social Care and Health Services
RBC Legal Entity,30/05/2022,4680995,319651,SANDS SECURITY LTD,Hexagon Operations,1190,Security Charges,SUPPLIER,STANDARD,1200,KAAA-Directorate of Economic Growth and Neighbourhood Services
RBC Legal Entity,30/05/2022,4665360,319653,AVERY WEIGH TRONIX,Waste Transfer Station,1527.7,Precepts,Third Party Supplier,STANDARD,4192,KAAA-Directorate of Economic Growth and Neighbourhood Services
RBC Legal Entity,30/05/2022,4672429,319654,M & B ELECTRICAL SERVICES,Parks + Open Spaces,3452,Building Works,SUB-CONTRACTOR,STANDARD,8003,ZZZC-Capital
RBC Legal Entity,30/05/2022,4685895,319658,TRACY THACKER,Guaranteed Rent Scheme,947.4,Rents,SUPPLIER,STANDARD,5872,KAAA-Directorate of Economic Growth and Neighbourhood Services
RBC Legal Entity,30/05/2022,4686010,319658,TRACY THACKER,Guaranteed Rent Scheme,947.4,Rents,SUPPLIER,STANDARD,5872,KAAA-Directorate of Economic Growth and Neighbourhood Services
RBC Legal Entity,30/05/2022,4686173,319658,TRACY THACKER,Guaranteed Rent Scheme,947.4,Rents,SUPPLIER,STANDARD,5872,KAAA-Directorate of Economic Growth and Neighbourhood Services
RBC Legal Entity,30/05/2022,4685991,319659,RNR PROPERTIES LTD,Guaranteed Rent Scheme,1545.74,Rents,SUPPLIER,STANDARD,5872,KAAA-Directorate of Economic Growth and Neighbourhood Services
RBC Legal Entity,30/05/2022,4686094,319659,RNR PROPERTIES LTD,Guaranteed Rent Scheme,694.59,Rents,SUPPLIER,STANDARD,5872,KAAA-Directorate of Economic Growth and Neighbourhood Services
RBC Legal Entity,30/05/2022,4686099,319659,RNR PROPERTIES LTD,Guaranteed Rent Scheme,1146.86,Rents,SUPPLIER,STANDARD,5872,KAAA-Directorate of Economic Growth and Neighbourhood Services
RBC Legal Entity,30/05/2022,4686110,319659,RNR PROPERTIES LTD,Guaranteed Rent Scheme,792.83,Rents,SUPPLIER,STANDARD,5872,KAAA-Directorate of Economic Growth and Neighbourhood Services
RBC Legal Entity,30/05/2022,4686144,319659,RNR PROPERTIES LTD,Guaranteed Rent Scheme,1146.86,Rents,SUPPLIER,STANDARD,5872,KAAA-Directorate of Economic Growth and Neighbourhood Services
RBC Legal Entity,30/05/2022,4686150,319659,RNR PROPERTIES LTD,Guaranteed Rent Scheme,1146.86,Rents,SUPPLIER,STANDARD,5872,KAAA-Directorate of Economic Growth and Neighbourhood Services
RBC Legal Entity,30/05/2022,4686193,319659,RNR PROPERTIES LTD,Guaranteed Rent Scheme,947.4,Rents,SUPPLIER,STANDARD,5872,KAAA-Directorate of Economic Growth and Neighbourhood Services
RBC Legal Entity,30/05/2022,4686199,319659,RNR PROPERTIES LTD,Guaranteed Rent Scheme,947.4,Rents,SUPPLIER,STANDARD,5872,KAAA-Directorate of Economic Growth and Neighbourhood Services
RBC Legal Entity,30/05/2022,4686205,319659,RNR PROPERTIES LTD,Guaranteed Rent Scheme,1145.86,Rents,SUPPLIER,STANDARD,5872,KAAA-Directorate of Economic Growth and Neighbourhood Services
RBC Legal Entity,30/05/2022,4686288,319659,RNR PROPERTIES LTD,Guaranteed Rent Scheme,1146.86,Rents,SUPPLIER,STANDARD,5872,KAAA-Directorate of Economic Growth and Neighbourhood Services
RBC Legal Entity,30/05/2022,4686292,319659,RNR PROPERTIES LTD,Guaranteed Rent Scheme,1146.86,Rents,SUPPLIER,STANDARD,5872,KAAA-Directorate of Economic Growth and Neighbourhood Services
RBC Legal Entity,30/05/2022,4686293,319659,RNR PROPERTIES LTD,Guaranteed Rent Scheme,947.4,Rents,SUPPLIER,STANDARD,5872,KAAA-Directorate of Economic Growth and Neighbourhood Services
RBC Legal Entity,30/05/2022,4686294,319659,RNR PROPERTIES LTD,Guaranteed Rent Scheme,947.4,Rents,SUPPLIER,STANDARD,5872,KAAA-Directorate of Economic Growth and Neighbourhood Services
RBC Legal Entity,30/05/2022,4686295,319659,RNR PROPERTIES LTD,Guaranteed Rent Scheme,1146.86,Rents,SUPPLIER,STANDARD,5872,KAAA-Directorate of Economic Growth and Neighbourhood Services
RBC Legal Entity,30/05/2022,4686309,319659,RNR PROPERTIES LTD,Guaranteed Rent Scheme,947.4,Rents,SUPPLIER,STANDARD,5872,KAAA-Directorate of Economic Growth and Neighbourhood Services
RBC Legal Entity,30/05/2022,4686331,319659,RNR PROPERTIES LTD,Guaranteed Rent Scheme,1146.86,Rents,SUPPLIER,STANDARD,5872,KAAA-Directorate of Economic Growth and Neighbourhood Services
RBC Legal Entity,30/05/2022,4686354,319659,RNR PROPERTIES LTD,Guaranteed Rent Scheme,947.4,Rents,SUPPLIER,STANDARD,5872,KAAA-Directorate of Economic Growth and Neighbourhood Services
RBC Legal Entity,30/05/2022,4686363,319659,RNR PROPERTIES LTD,Guaranteed Rent Scheme,1146.86,Rents,SUPPLIER,STANDARD,5872,KAAA-Directorate of Economic Growth and Neighbourhood Services
RBC Legal Entity,30/05/2022,4686506,319659,RNR PROPERTIES LTD,Guaranteed Rent Scheme,1006.72,Rents,SUPPLIER,STANDARD,5872,KAAA-Directorate of Economic Growth and Neighbourhood Services
RBC Legal Entity,30/05/2022,4686523,319659,RNR PROPERTIES LTD,Guaranteed Rent Scheme,1388.74,Rents,SUPPLIER,STANDARD,5872,KAAA-Directorate of Economic Growth and Neighbourhood Services
RBC Legal Entity,30/05/2022,4685934,319660,EAMONN KELLY,Guaranteed Rent Scheme,947.4,Rents,SUPPLIER,STANDARD,5872,KAAA-Directorate of Economic Growth and Neighbourhood Services
RBC Legal Entity,30/05/2022,4685962,319660,EAMONN KELLY,Guaranteed Rent Scheme,1365.52,Rents,SUPPLIER,STANDARD,5872,KAAA-Directorate of Economic Growth and Neighbourhood Services
RBC Legal Entity,30/05/2022,4686051,319660,EAMONN KELLY,Guaranteed Rent Scheme,792.83,Rents,SUPPLIER,STANDARD,5872,KAAA-Directorate of Economic Growth and Neighbourhood Services
RBC Legal Entity,30/05/2022,4686081,319660,EAMONN KELLY,Guaranteed Rent Scheme,947.4,Rents,SUPPLIER,STANDARD,5872,KAAA-Directorate of Economic Growth and Neighbourhood Services
RBC Legal Entity,30/05/2022,4686082,319660,EAMONN KELLY,Guaranteed Rent Scheme,694.59,Rents,SUPPLIER,STANDARD,5872,KAAA-Directorate of Economic Growth and Neighbourhood Services
RBC Legal Entity,30/05/2022,4686176,319660,EAMONN KELLY,Guaranteed Rent Scheme,792.83,Rents,SUPPLIER,STANDARD,5872,KAAA-Directorate of Economic Growth and Neighbourhood Services
RBC Legal Entity,30/05/2022,4686184,319660,EAMONN KELLY,Guaranteed Rent Scheme,792.83,Rents,SUPPLIER,STANDARD,5872,KAAA-Directorate of Economic Growth and Neighbourhood Services
RBC Legal Entity,30/05/2022,4686196,319660,EAMONN KELLY,Guaranteed Rent Scheme,1146.86,Rents,SUPPLIER,STANDARD,5872,KAAA-Directorate of Economic Growth and Neighbourhood Services
RBC Legal Entity,30/05/2022,4686221,319660,EAMONN KELLY,Guaranteed Rent Scheme,947.4,Rents,SUPPLIER,STANDARD,5872,KAAA-Directorate of Economic Growth and Neighbourhood Services
RBC Legal Entity,30/05/2022,4686310,319660,EAMONN KELLY,Guaranteed Rent Scheme,947.4,Rents,SUPPLIER,STANDARD,5872,KAAA-Directorate of Economic Growth and Neighbourhood Services
RBC Legal Entity,30/05/2022,4686473,319660,EAMONN KELLY,Guaranteed Rent Scheme,1146.86,Rents,SUPPLIER,STANDARD,5872,KAAA-Directorate of Economic Growth and Neighbourhood Services
RBC Legal Entity,30/05/2022,4684395,319661,GREENWICH LEISURE LIMITED,Leisure Review,86294.2,Contractors,Third Party Supplier,STANDARD,8016,ZZZC-Capital
RBC Legal Entity,30/05/2022,4684418,319661,GREENWICH LEISURE LIMITED,Leisure Review,20789.23,External Fees  Misc.,Third Party Supplier,STANDARD,8016,ZZZC-Capital
RBC Legal Entity,30/05/2022,4686236,319662,STRAWBERRY HILL INVESTMENTS,Guaranteed Rent Scheme,694.59,Rents,SUPPLIER,STANDARD,5872,KAAA-Directorate of Economic Growth and Neighbourhood Services
RBC Legal Entity,30/05/2022,4686127,319663,MR A J MARIANO,Guaranteed Rent Scheme,880.53,Rents,Landlord,STANDARD,5872,KAAA-Directorate of Economic Growth and Neighbourhood Services
RBC Legal Entity,30/05/2022,4686075,319664,DUNCAN KLITGAARD,Guaranteed Rent Scheme,682.98,Rents,SUPPLIER,STANDARD,5872,KAAA-Directorate of Economic Growth and Neighbourhood Services
RBC Legal Entity,30/05/2022,4686278,319664,DUNCAN KLITGAARD,Guaranteed Rent Scheme,682.98,Rents,SUPPLIER,STANDARD,5872,KAAA-Directorate of Economic Growth and Neighbourhood Services
RBC Legal Entity,30/05/2022,4685931,319665,IBRAHIM JALLOH,Guaranteed Rent Scheme,1006.72,Rents,Shared Lives,STANDARD,5872,KAAA-Directorate of Economic Growth and Neighbourhood Services
RBC Legal Entity,30/05/2022,4685950,319666,HARISH RAICHURA,Guaranteed Rent Scheme,947.4,Rents,Landlord,STANDARD,5872,KAAA-Directorate of Economic Growth and Neighbourhood Services
RBC Legal Entity,30/05/2022,4686524,319666,HARISH RAICHURA,Guaranteed Rent Scheme,694.59,Rents,Landlord,STANDARD,5872,KAAA-Directorate of Economic Growth and Neighbourhood Services
RBC Legal Entity,30/05/2022,4685921,319667,CHRISTOPHER SCOTT,Guaranteed Rent Scheme,947.4,Rents,SUPPLIER,STANDARD,5872,KAAA-Directorate of Economic Growth and Neighbourhood Services
RBC Legal Entity,30/05/2022,4686647,319667,CHRISTOPHER SCOTT,Guaranteed Rent Scheme,947.4,Rents,SUPPLIER,STANDARD,5872,KAAA-Directorate of Economic Growth and Neighbourhood Services
RBC Legal Entity,30/05/2022,4681283,319668,EMMANUEL METHODIST CHURCH,Local Elections,997,Hire of halls,SUPPLIER,STANDARD,2425,LAAA-Directorate of Resources
RBC Legal Entity,30/05/2022,4686030,319669,MOHAMMED ARSHAD,Guaranteed Rent Scheme,792.83,Rents,SUPPLIER,STANDARD,5872,KAAA-Directorate of Economic Growth and Neighbourhood Services
RBC Legal Entity,30/05/2022,4686386,319669,MOHAMMED ARSHAD,Guaranteed Rent Scheme,947.4,Rents,SUPPLIER,STANDARD,5872,KAAA-Directorate of Economic Growth and Neighbourhood Services
RBC Legal Entity,30/05/2022,4685999,319671,ADAMS ESTATES,Guaranteed Rent Scheme,840.58,Rents,SUPPLIER,STANDARD,5872,KAAA-Directorate of Economic Growth and Neighbourhood Services
RBC Legal Entity,30/05/2022,4677303,319673,MR EDWARD KIRKWOOD,JLT Disbursements,840,Misc. Legal Expenses,Third Party Supplier,STANDARD,2407,LAAA-Directorate of Resources
RBC Legal Entity,30/05/2022,4677306,319673,MR EDWARD KIRKWOOD,JLT Disbursements,675,Misc. Legal Expenses,Third Party Supplier,STANDARD,2407,LAAA-Directorate of Resources
RBC Legal Entity,30/05/2022,4685911,319674,PANDORA MAPLE T/A HANNINGTONS PARTNERSHIP,Guaranteed Rent Scheme,947.4,Rents,Landlord,STANDARD,5872,KAAA-Directorate of Economic Growth and Neighbourhood Services
RBC Legal Entity,30/05/2022,4685922,319674,PANDORA MAPLE T/A HANNINGTONS PARTNERSHIP,Guaranteed Rent Scheme,1545.74,Rents,Landlord,STANDARD,5872,KAAA-Directorate of Economic Growth and Neighbourhood Services
RBC Legal Entity,30/05/2022,4686035,319674,PANDORA MAPLE T/A HANNINGTONS PARTNERSHIP,Guaranteed Rent Scheme,792.83,Rents,Landlord,STANDARD,5872,KAAA-Directorate of Economic Growth and Neighbourhood Services
RBC Legal Entity,30/05/2022,4686084,319674,PANDORA MAPLE T/A HANNINGTONS PARTNERSHIP,Guaranteed Rent Scheme,792.83,Rents,Landlord,STANDARD,5872,KAAA-Directorate of Economic Growth and Neighbourhood Services
RBC Legal Entity,30/05/2022,4686154,319674,PANDORA MAPLE T/A HANNINGTONS PARTNERSHIP,Guaranteed Rent Scheme,947.4,Rents,Landlord,STANDARD,5872,KAAA-Directorate of Economic Growth and Neighbourhood Services
RBC Legal Entity,30/05/2022,4686212,319674,PANDORA MAPLE T/A HANNINGTONS PARTNERSHIP,Guaranteed Rent Scheme,947.4,Rents,Landlord,STANDARD,5872,KAAA-Directorate of Economic Growth and Neighbourhood Services
RBC Legal Entity,30/05/2022,4686409,319674,PANDORA MAPLE T/A HANNINGTONS PARTNERSHIP,Guaranteed Rent Scheme,792.83,Rents,Landlord,STANDARD,5872,KAAA-Directorate of Economic Growth and Neighbourhood Services
RBC Legal Entity,30/05/2022,4681888,319675,ADDICTION RECOVERY CENTRES LTD,Drug Treatment Crime and Harm Reduction Grant,3580,Purchased Care,Third Party Supplier,STANDARD,2070,JAAA-Directorate of Social Care and Health Services
RBC Legal Entity,30/05/2022,4680910,319676,GS ECOLOGY LTD,Planning,420,TPP  Contract,SUPPLIER,STANDARD,4700,KAAA-Directorate of Economic Growth and Neighbourhood Services
RBC Legal Entity,30/05/2022,4690204,319678,DAVIS SCAFFOLDING,DLO Wokingham Trades,1815,Subcontractors Labour,SUB-CONTRACTOR,STANDARD,4050,KAAA-Directorate of Economic Growth and Neighbourhood Services
RBC Legal Entity,30/05/2022,4690205,319678,DAVIS SCAFFOLDING,DLO Wokingham Trades,570,Subcontractors Labour,SUB-CONTRACTOR,STANDARD,4050,KAAA-Directorate of Economic Growth and Neighbourhood Services
RBC Legal Entity,30/05/2022,4686006,319679,JANICE SIMMONS,Guaranteed Rent Scheme,947.4,Rents,SUPPLIER,STANDARD,5872,KAAA-Directorate of Economic Growth and Neighbourhood Services
RBC Legal Entity,30/05/2022,4686379,319679,JANICE SIMMONS,Guaranteed Rent Scheme,947.4,Rents,SUPPLIER,STANDARD,5872,KAAA-Directorate of Economic Growth and Neighbourhood Services
RBC Legal Entity,30/05/2022,4686484,319679,JANICE SIMMONS,Guaranteed Rent Scheme,947.4,Rents,SUPPLIER,STANDARD,5872,KAAA-Directorate of Economic Growth and Neighbourhood Services
RBC Legal Entity,30/05/2022,4686579,319679,JANICE SIMMONS,Guaranteed Rent Scheme,880.53,Rents,SUPPLIER,STANDARD,5872,KAAA-Directorate of Economic Growth and Neighbourhood Services
RBC Legal Entity,30/05/2022,4685900,319680,CAROLE TAYLOR,Guaranteed Rent Scheme,816.1,Rents,SUPPLIER,STANDARD,5872,KAAA-Directorate of Economic Growth and Neighbourhood Services
RBC Legal Entity,30/05/2022,4685966,319680,CAROLE TAYLOR,Guaranteed Rent Scheme,663.08,Rents,SUPPLIER,STANDARD,5872,KAAA-Directorate of Economic Growth and Neighbourhood Services
RBC Legal Entity,30/05/2022,4685977,319680,CAROLE TAYLOR,Guaranteed Rent Scheme,816.1,Rents,SUPPLIER,STANDARD,5872,KAAA-Directorate of Economic Growth and Neighbourhood Services
RBC Legal Entity,30/05/2022,4686095,319680,CAROLE TAYLOR,Guaranteed Rent Scheme,840.58,Rents,SUPPLIER,STANDARD,5872,KAAA-Directorate of Economic Growth and Neighbourhood Services
RBC Legal Entity,30/05/2022,4686464,319681,ROB HEATH,Guaranteed Rent Scheme,1146.86,Rents,SUPPLIER,STANDARD,5872,KAAA-Directorate of Economic Growth and Neighbourhood Services
RBC Legal Entity,30/05/2022,4686239,319683,SHAZIA FAZAL,Guaranteed Rent Scheme,792.83,Rents,SUPPLIER,STANDARD,5872,KAAA-Directorate of Economic Growth and Neighbourhood Services
RBC Legal Entity,30/05/2022,4686277,319683,SHAZIA FAZAL,Guaranteed Rent Scheme,682.98,Rents,SUPPLIER,STANDARD,5872,KAAA-Directorate of Economic Growth and Neighbourhood Services
RBC Legal Entity,30/05/2022,4686385,319683,SHAZIA FAZAL,Guaranteed Rent Scheme,1545.74,Rents,SUPPLIER,STANDARD,5872,KAAA-Directorate of Economic Growth and Neighbourhood Services
RBC Legal Entity,30/05/2022,4686556,319683,SHAZIA FAZAL,Guaranteed Rent Scheme,880.53,Rents,SUPPLIER,STANDARD,5872,KAAA-Directorate of Economic Growth and Neighbourhood Services
RBC Legal Entity,30/05/2022,4686054,319685,MIKE AND JACQUELINE MOSELEY,Guaranteed Rent Scheme,947.4,Rents,SUPPLIER,STANDARD,5872,KAAA-Directorate of Economic Growth and Neighbourhood Services
RBC Legal Entity,30/05/2022,4686148,319685,MIKE AND JACQUELINE MOSELEY,Guaranteed Rent Scheme,947.4,Rents,SUPPLIER,STANDARD,5872,KAAA-Directorate of Economic Growth and Neighbourhood Services
RBC Legal Entity,30/05/2022,4686012,319686,MR A SIMMONS,Guaranteed Rent Scheme,1146.86,Rents,SUPPLIER,STANDARD,5872,KAAA-Directorate of Economic Growth and Neighbourhood Services
RBC Legal Entity,30/05/2022,4686047,319686,MR A SIMMONS,Guaranteed Rent Scheme,1146.86,Rents,SUPPLIER,STANDARD,5872,KAAA-Directorate of Economic Growth and Neighbourhood Services
RBC Legal Entity,30/05/2022,4686025,319687,MR SALES AND LETTINGS LTD,Guaranteed Rent Scheme,880.53,Rents,Landlord,STANDARD,5872,KAAA-Directorate of Economic Growth and Neighbourhood Services
RBC Legal Entity,30/05/2022,4685901,319689,MS E HUTCHINSON,Guaranteed Rent Scheme,989.91,Rents,SUPPLIER,STANDARD,5872,KAAA-Directorate of Economic Growth and Neighbourhood Services
RBC Legal Entity,30/05/2022,4686089,319690,AARON MAYCOCK,Guaranteed Rent Scheme,792.83,Rents,SUPPLIER,STANDARD,5872,KAAA-Directorate of Economic Growth and Neighbourhood Services
RBC Legal Entity,30/05/2022,4686090,319690,AARON MAYCOCK,Guaranteed Rent Scheme,792.83,Rents,SUPPLIER,STANDARD,5872,KAAA-Directorate of Economic Growth and Neighbourhood Services
RBC Legal Entity,30/05/2022,4686325,319690,AARON MAYCOCK,Guaranteed Rent Scheme,947.4,Rents,SUPPLIER,STANDARD,5872,KAAA-Directorate of Economic Growth and Neighbourhood Services
RBC Legal Entity,30/05/2022,4685949,319691,PRODATA SYSTEMS LTD,Guaranteed Rent Scheme,947.4,Rents,Landlord,STANDARD,5872,KAAA-Directorate of Economic Growth and Neighbourhood Services
RBC Legal Entity,30/05/2022,4686151,319691,PRODATA SYSTEMS LTD,Guaranteed Rent Scheme,947.4,Rents,Landlord,STANDARD,5872,KAAA-Directorate of Economic Growth and Neighbourhood Services
RBC Legal Entity,30/05/2022,4685915,319692,PRODATA SYSTEMS LTD,Guaranteed Rent Scheme,792.83,Rents,Landlord,STANDARD,5872,KAAA-Directorate of Economic Growth and Neighbourhood Services
RBC Legal Entity,30/05/2022,4686311,319692,PRODATA SYSTEMS LTD,Guaranteed Rent Scheme,792.83,Rents,Landlord,STANDARD,5872,KAAA-Directorate of Economic Growth and Neighbourhood Services
RBC Legal Entity,30/05/2022,4686374,319692,PRODATA SYSTEMS LTD,Guaranteed Rent Scheme,792.83,Rents,Landlord,STANDARD,5872,KAAA-Directorate of Economic Growth and Neighbourhood Services
RBC Legal Entity,30/05/2022,4686399,319692,PRODATA SYSTEMS LTD,Guaranteed Rent Scheme,792.83,Rents,Landlord,STANDARD,5872,KAAA-Directorate of Economic Growth and Neighbourhood Services
RBC Legal Entity,30/05/2022,4686407,319692,PRODATA SYSTEMS LTD,Guaranteed Rent Scheme,792.83,Rents,Landlord,STANDARD,5872,KAAA-Directorate of Economic Growth and Neighbourhood Services
RBC Legal Entity,30/05/2022,4686434,319692,PRODATA SYSTEMS LTD,Guaranteed Rent Scheme,792.83,Rents,Landlord,STANDARD,5872,KAAA-Directorate of Economic Growth and Neighbourhood Services
RBC Legal Entity,30/05/2022,4686445,319692,PRODATA SYSTEMS LTD,Guaranteed Rent Scheme,792.83,Rents,Landlord,STANDARD,5872,KAAA-Directorate of Economic Growth and Neighbourhood Services
RBC Legal Entity,30/05/2022,4686566,319692,PRODATA SYSTEMS LTD,Guaranteed Rent Scheme,694.59,Rents,Landlord,STANDARD,5872,KAAA-Directorate of Economic Growth and Neighbourhood Services
RBC Legal Entity,30/05/2022,4686624,319692,PRODATA SYSTEMS LTD,Guaranteed Rent Scheme,947.4,Rents,Landlord,STANDARD,5872,KAAA-Directorate of Economic Growth and Neighbourhood Services
RBC Legal Entity,30/05/2022,4685943,319693,PAUL HUTCHMAN,Guaranteed Rent Scheme,792.83,Rents,Landlord,STANDARD,5872,KAAA-Directorate of Economic Growth and Neighbourhood Services
RBC Legal Entity,30/05/2022,4686284,319693,PAUL HUTCHMAN,Guaranteed Rent Scheme,694.59,Rents,Landlord,STANDARD,5872,KAAA-Directorate of Economic Growth and Neighbourhood Services
RBC Legal Entity,30/05/2022,4677433,319694,N A BROWN LTD T/A ROADBRUSHES,Fleet Management,25.9,Vehicle Maintenance,Third Party Supplier,STANDARD,4552,KAAA-Directorate of Economic Growth and Neighbourhood Services
RBC Legal Entity,30/05/2022,4677433,319694,N A BROWN LTD T/A ROADBRUSHES,Fleet Management,1002.9,Vehicle Maintenance,Third Party Supplier,STANDARD,4552,KAAA-Directorate of Economic Growth and Neighbourhood Services
RBC Legal Entity,30/05/2022,4685893,319695,AIDAN COSTELLOE,Guaranteed Rent Scheme,792.83,Rents,SUPPLIER,STANDARD,5872,KAAA-Directorate of Economic Growth and Neighbourhood Services
RBC Legal Entity,30/05/2022,4685986,319695,AIDAN COSTELLOE,Guaranteed Rent Scheme,947.4,Rents,SUPPLIER,STANDARD,5872,KAAA-Directorate of Economic Growth and Neighbourhood Services
RBC Legal Entity,30/05/2022,4686088,319695,AIDAN COSTELLOE,Guaranteed Rent Scheme,947.4,Rents,SUPPLIER,STANDARD,5872,KAAA-Directorate of Economic Growth and Neighbourhood Services
RBC Legal Entity,30/05/2022,4686537,319695,AIDAN COSTELLOE,Guaranteed Rent Scheme,694.59,Rents,SUPPLIER,STANDARD,5872,KAAA-Directorate of Economic Growth and Neighbourhood Services
RBC Legal Entity,30/05/2022,4686605,319695,AIDAN COSTELLOE,Guaranteed Rent Scheme,880.53,Rents,SUPPLIER,STANDARD,5872,KAAA-Directorate of Economic Growth and Neighbourhood Services
RBC Legal Entity,30/05/2022,4686036,319696,SANSOME & GEORGE (BERKSHIRE) LIMITED,Guaranteed Rent Scheme,840.58,Rents,Landlord,STANDARD,5872,KAAA-Directorate of Economic Growth and Neighbourhood Services
RBC Legal Entity,30/05/2022,4686062,319696,SANSOME & GEORGE (BERKSHIRE) LIMITED,Guaranteed Rent Scheme,880.53,Rents,Landlord,STANDARD,5872,KAAA-Directorate of Economic Growth and Neighbourhood Services
RBC Legal Entity,30/05/2022,4686070,319696,SANSOME & GEORGE (BERKSHIRE) LIMITED,Guaranteed Rent Scheme,865.8,Rents,Landlord,STANDARD,5872,KAAA-Directorate of Economic Growth and Neighbourhood Services
RBC Legal Entity,30/05/2022,4686162,319696,SANSOME & GEORGE (BERKSHIRE) LIMITED,Guaranteed Rent Scheme,694.59,Rents,Landlord,STANDARD,5872,KAAA-Directorate of Economic Growth and Neighbourhood Services
RBC Legal Entity,30/05/2022,4686203,319696,SANSOME & GEORGE (BERKSHIRE) LIMITED,Guaranteed Rent Scheme,682.98,Rents,Landlord,STANDARD,5872,KAAA-Directorate of Economic Growth and Neighbourhood Services
RBC Legal Entity,30/05/2022,4686394,319696,SANSOME & GEORGE (BERKSHIRE) LIMITED,Guaranteed Rent Scheme,694.59,Rents,Landlord,STANDARD,5872,KAAA-Directorate of Economic Growth and Neighbourhood Services
RBC Legal Entity,30/05/2022,4686460,319696,SANSOME & GEORGE (BERKSHIRE) LIMITED,Guaranteed Rent Scheme,694.59,Rents,Landlord,STANDARD,5872,KAAA-Directorate of Economic Growth and Neighbourhood Services
RBC Legal Entity,30/05/2022,4686576,319696,SANSOME & GEORGE (BERKSHIRE) LIMITED,Guaranteed Rent Scheme,694.59,Rents,Landlord,STANDARD,5872,KAAA-Directorate of Economic Growth and Neighbourhood Services
RBC Legal Entity,30/05/2022,4686597,319696,SANSOME & GEORGE (BERKSHIRE) LIMITED,Guaranteed Rent Scheme,694.59,Rents,Landlord,STANDARD,5872,KAAA-Directorate of Economic Growth and Neighbourhood Services
RBC Legal Entity,30/05/2022,4686626,319696,SANSOME & GEORGE (BERKSHIRE) LIMITED,Guaranteed Rent Scheme,947.4,Rents,Landlord,STANDARD,5872,KAAA-Directorate of Economic Growth and Neighbourhood Services
RBC Legal Entity,30/05/2022,4686629,319696,SANSOME & GEORGE (BERKSHIRE) LIMITED,Guaranteed Rent Scheme,694.59,Rents,Landlord,STANDARD,5872,KAAA-Directorate of Economic Growth and Neighbourhood Services
RBC Legal Entity,30/05/2022,4686631,319696,SANSOME & GEORGE (BERKSHIRE) LIMITED,Guaranteed Rent Scheme,947.4,Rents,Landlord,STANDARD,5872,KAAA-Directorate of Economic Growth and Neighbourhood Services
RBC Legal Entity,30/05/2022,4681558,319697,REED,ASC Short Term Team,3.15,Agency Staff,Third Party Supplier,STANDARD,5722,JAAA-Directorate of Social Care and Health Services
RBC Legal Entity,30/05/2022,4681558,319697,REED,ASC Short Term Team,3.6,Agency Staff,Third Party Supplier,STANDARD,5722,JAAA-Directorate of Social Care and Health Services
RBC Legal Entity,30/05/2022,4681558,319697,REED,ASC Short Term Team,6.03,Agency Staff,Third Party Supplier,STANDARD,5722,JAAA-Directorate of Social Care and Health Services
RBC Legal Entity,30/05/2022,4681558,319697,REED,BFFC Agency Staff (Rechargeable),6.75,Agency Staff,Third Party Supplier,STANDARD,2008,LAAA-Directorate of Resources
RBC Legal Entity,30/05/2022,4681558,319697,REED,ASC Short Term Team,8.59,Agency Staff,Third Party Supplier,STANDARD,5722,JAAA-Directorate of Social Care and Health Services
RBC Legal Entity,30/05/2022,4681558,319697,REED,Mental Health Team,11.25,Agency Staff,Third Party Supplier,STANDARD,5253,JAAA-Directorate of Social Care and Health Services
RBC Legal Entity,30/05/2022,4681558,319697,REED,BFFC Agency Staff (Rechargeable),11.4,Agency Staff,Third Party Supplier,STANDARD,2008,LAAA-Directorate of Resources
RBC Legal Entity,30/05/2022,4681558,319697,REED,BFFC Agency Staff (Rechargeable),12.6,Agency Staff,Third Party Supplier,STANDARD,2008,LAAA-Directorate of Resources
RBC Legal Entity,30/05/2022,4681558,319697,REED,ASC Short Term Team,14.4,Agency Staff,Third Party Supplier,STANDARD,5722,JAAA-Directorate of Social Care and Health Services
RBC Legal Entity,30/05/2022,4681558,319697,REED,BFFC Agency Staff (Rechargeable),16.65,Agency Staff,Third Party Supplier,STANDARD,2008,LAAA-Directorate of Resources
RBC Legal Entity,30/05/2022,4681558,319697,REED,Civil Engineering,32.4,Agency Staff,Third Party Supplier,STANDARD,4550,KAAA-Directorate of Economic Growth and Neighbourhood Services
RBC Legal Entity,30/05/2022,4681558,319697,REED,ASC Short Term Team,34,Agency Staff,Third Party Supplier,STANDARD,5722,JAAA-Directorate of Social Care and Health Services
RBC Legal Entity,30/05/2022,4681558,319697,REED,BFFC Agency Staff (Rechargeable),38.25,Agency Staff,Third Party Supplier,STANDARD,2008,LAAA-Directorate of Resources
RBC Legal Entity,30/05/2022,4681558,319697,REED,BFFC Agency Staff (Rechargeable),41,Agency Staff,Third Party Supplier,STANDARD,2008,LAAA-Directorate of Resources
RBC Legal Entity,30/05/2022,4681558,319697,REED,BFFC Agency Staff (Rechargeable),55.08,Agency Staff,Third Party Supplier,STANDARD,2008,LAAA-Directorate of Resources
RBC Legal Entity,30/05/2022,4681558,319697,REED,ASC Short Term Team,67.05,Agency Staff,Third Party Supplier,STANDARD,5722,JAAA-Directorate of Social Care and Health Services
RBC Legal Entity,30/05/2022,4681558,319697,REED,BFFC Agency Staff (Rechargeable),103.95,Agency Staff,Third Party Supplier,STANDARD,2008,LAAA-Directorate of Resources
RBC Legal Entity,30/05/2022,4681558,319697,REED,BFFC Agency Staff (Rechargeable),126.18,Agency Staff,Third Party Supplier,STANDARD,2008,LAAA-Directorate of Resources
RBC Legal Entity,30/05/2022,4681558,319697,REED,HR & Payroll,142.8,Agency Staff,Third Party Supplier,STANDARD,2600,LAAA-Directorate of Resources
RBC Legal Entity,30/05/2022,4681558,319697,REED,BFFC Agency Staff (Rechargeable),160.2,Agency Staff,Third Party Supplier,STANDARD,2008,LAAA-Directorate of Resources
RBC Legal Entity,30/05/2022,4681558,319697,REED,Exchequer Services,173.22,Agency Staff,Third Party Supplier,STANDARD,2210,LAAA-Directorate of Resources
RBC Legal Entity,30/05/2022,4681558,319697,REED,BFFC Agency Staff (Rechargeable),193.5,Agency Staff,Third Party Supplier,STANDARD,2008,LAAA-Directorate of Resources
RBC Legal Entity,30/05/2022,4681558,319697,REED,LD Day Services,196.49,Agency Staff,Third Party Supplier,STANDARD,5055,JAAA-Directorate of Social Care and Health Services
RBC Legal Entity,30/05/2022,4681558,319697,REED,LD Day Services,197.17,Agency Staff,Third Party Supplier,STANDARD,5055,JAAA-Directorate of Social Care and Health Services
RBC Legal Entity,30/05/2022,4681558,319697,REED,ASC Short Term Team,211.65,Agency Staff,Third Party Supplier,STANDARD,5722,JAAA-Directorate of Social Care and Health Services
RBC Legal Entity,30/05/2022,4681558,319697,REED,BFFC Agency Staff (Rechargeable),225,Agency Staff,Third Party Supplier,STANDARD,2008,LAAA-Directorate of Resources
RBC Legal Entity,30/05/2022,4681558,319697,REED,LD Day Services,262,Agency Staff,Third Party Supplier,STANDARD,5055,JAAA-Directorate of Social Care and Health Services
RBC Legal Entity,30/05/2022,4681558,319697,REED,Mayor,268.89,Agency Staff,Third Party Supplier,STANDARD,2505,EAAA-Chief Executive
RBC Legal Entity,30/05/2022,4681558,319697,REED,LD Day Services,287.54,Agency Staff,Third Party Supplier,STANDARD,5055,JAAA-Directorate of Social Care and Health Services
RBC Legal Entity,30/05/2022,4681558,319697,REED,LD Day Services,294.75,Agency Staff,Third Party Supplier,STANDARD,5055,JAAA-Directorate of Social Care and Health Services
RBC Legal Entity,30/05/2022,4681558,319697,REED,Grounds Maintenance,295.53,Agency Staff,Third Party Supplier,STANDARD,1306,KAAA-Directorate of Economic Growth and Neighbourhood Services
RBC Legal Entity,30/05/2022,4681558,319697,REED,BFFC Agency Staff (Rechargeable),329.25,Agency Staff,Third Party Supplier,STANDARD,2008,LAAA-Directorate of Resources
RBC Legal Entity,30/05/2022,4681558,319697,REED,LD Day Services,340.95,Agency Staff,Third Party Supplier,STANDARD,5055,JAAA-Directorate of Social Care and Health Services
RBC Legal Entity,30/05/2022,4681558,319697,REED,LD Day Services,352.07,Agency Staff,Third Party Supplier,STANDARD,5055,JAAA-Directorate of Social Care and Health Services
RBC Legal Entity,30/05/2022,4681558,319697,REED,LD Day Services,353.28,Agency Staff,Third Party Supplier,STANDARD,5055,JAAA-Directorate of Social Care and Health Services
RBC Legal Entity,30/05/2022,4681558,319697,REED,LD Day Services,360.23,Agency Staff,Third Party Supplier,STANDARD,5055,JAAA-Directorate of Social Care and Health Services
RBC Legal Entity,30/05/2022,4681558,319697,REED,LD Day Services,360.23,Agency Staff,Third Party Supplier,STANDARD,5055,JAAA-Directorate of Social Care and Health Services
RBC Legal Entity,30/05/2022,4681558,319697,REED,LD Day Services,360.23,Agency Staff,Third Party Supplier,STANDARD,5055,JAAA-Directorate of Social Care and Health Services
RBC Legal Entity,30/05/2022,4681558,319697,REED,LD Day Services,361.47,Agency Staff,Third Party Supplier,STANDARD,5055,JAAA-Directorate of Social Care and Health Services
RBC Legal Entity,30/05/2022,4681558,319697,REED,ASC Short Term Team,416.9,Agency Staff,Third Party Supplier,STANDARD,5722,JAAA-Directorate of Social Care and Health Services
RBC Legal Entity,30/05/2022,4681558,319697,REED,LD Day Services,425.74,Agency Staff,Third Party Supplier,STANDARD,5055,JAAA-Directorate of Social Care and Health Services
RBC Legal Entity,30/05/2022,4681558,319697,REED,Refuse Collection,428.64,Agency Staff,Third Party Supplier,STANDARD,4561,KAAA-Directorate of Economic Growth and Neighbourhood Services
RBC Legal Entity,30/05/2022,4681558,319697,REED,LD Day Services,442.11,Agency Staff,Third Party Supplier,STANDARD,5055,JAAA-Directorate of Social Care and Health Services
RBC Legal Entity,30/05/2022,4681558,319697,REED,Street Cleansing,451.58,Agency Staff,Third Party Supplier,STANDARD,4566,KAAA-Directorate of Economic Growth and Neighbourhood Services
RBC Legal Entity,30/05/2022,4681558,319697,REED,Procurement Services,451.94,Agency Staff,Third Party Supplier,STANDARD,2402,LAAA-Directorate of Resources
RBC Legal Entity,30/05/2022,4681558,319697,REED,HR & Payroll,452.2,Agency Staff,Third Party Supplier,STANDARD,2600,LAAA-Directorate of Resources
RBC Legal Entity,30/05/2022,4681558,319697,REED,Grounds Maintenance,461.79,Agency Staff,Third Party Supplier,STANDARD,1306,KAAA-Directorate of Economic Growth and Neighbourhood Services
RBC Legal Entity,30/05/2022,4681558,319697,REED,Grounds Maintenance,461.79,Agency Staff,Third Party Supplier,STANDARD,1306,KAAA-Directorate of Economic Growth and Neighbourhood Services
RBC Legal Entity,30/05/2022,4681558,319697,REED,Refuse Collection,489.68,Agency Staff,Third Party Supplier,STANDARD,4561,KAAA-Directorate of Economic Growth and Neighbourhood Services
RBC Legal Entity,30/05/2022,4681558,319697,REED,Directorate Support,502.71,Agency Staff,Third Party Supplier,STANDARD,2036,LAAA-Directorate of Resources
RBC Legal Entity,30/05/2022,4681558,319697,REED,Refuse Collection,514.17,Agency Staff,Third Party Supplier,STANDARD,4561,KAAA-Directorate of Economic Growth and Neighbourhood Services
RBC Legal Entity,30/05/2022,4681558,319697,REED,Street Cleansing,527.86,Agency Staff,Third Party Supplier,STANDARD,4566,KAAA-Directorate of Economic Growth and Neighbourhood Services
RBC Legal Entity,30/05/2022,4681558,319697,REED,Street Cleansing,542.27,Agency Staff,Third Party Supplier,STANDARD,4566,KAAA-Directorate of Economic Growth and Neighbourhood Services
RBC Legal Entity,30/05/2022,4681558,319697,REED,Street Cleansing,543.21,Agency Staff,Third Party Supplier,STANDARD,4566,KAAA-Directorate of Economic Growth and Neighbourhood Services
RBC Legal Entity,30/05/2022,4681558,319697,REED,Refuse Collection,554.98,Agency Staff,Third Party Supplier,STANDARD,4561,KAAA-Directorate of Economic Growth and Neighbourhood Services
RBC Legal Entity,30/05/2022,4681558,319697,REED,Street Cleansing,565.41,Agency Staff,Third Party Supplier,STANDARD,4566,KAAA-Directorate of Economic Growth and Neighbourhood Services
RBC Legal Entity,30/05/2022,4681558,319697,REED,Customer Services - Reception,572.62,Agency Staff,Third Party Supplier,STANDARD,2595,LAAA-Directorate of Resources
RBC Legal Entity,30/05/2022,4681558,319697,REED,Grounds Maintenance,577.23,Agency Staff,Third Party Supplier,STANDARD,1306,KAAA-Directorate of Economic Growth and Neighbourhood Services
RBC Legal Entity,30/05/2022,4681558,319697,REED,Grounds Maintenance,577.23,Agency Staff,Third Party Supplier,STANDARD,1306,KAAA-Directorate of Economic Growth and Neighbourhood Services
RBC Legal Entity,30/05/2022,4681558,319697,REED,Customer Relations & Information Governance,631.06,Agency Staff,Third Party Supplier,STANDARD,2058,LAAA-Directorate of Resources
RBC Legal Entity,30/05/2022,4681558,319697,REED,Exchequer Services,646.52,Agency Staff,Third Party Supplier,STANDARD,2210,LAAA-Directorate of Resources
RBC Legal Entity,30/05/2022,4681558,319697,REED,Buildings Payroll,672.35,Agency Staff,Third Party Supplier,STANDARD,3390,KAAA-Directorate of Economic Growth and Neighbourhood Services
RBC Legal Entity,30/05/2022,4681558,319697,REED,ASC Locality Team,682.1,Agency Staff,Third Party Supplier,STANDARD,5721,JAAA-Directorate of Social Care and Health Services
RBC Legal Entity,30/05/2022,4681558,319697,REED,Parking & Enforcement,695.2,Agency Staff,Third Party Supplier,STANDARD,4725,KAAA-Directorate of Economic Growth and Neighbourhood Services
RBC Legal Entity,30/05/2022,4681558,319697,REED,Street Cleansing,697.93,Agency Staff,Third Party Supplier,STANDARD,4566,KAAA-Directorate of Economic Growth and Neighbourhood Services
RBC Legal Entity,30/05/2022,4681558,319697,REED,Transformation,722.66,Agency Staff,Third Party Supplier,STANDARD,5289,JAAA-Directorate of Social Care and Health Services
RBC Legal Entity,30/05/2022,4681558,319697,REED,Joint Legal Team,726.87,Agency Staff,Third Party Supplier,STANDARD,2405,LAAA-Directorate of Resources
RBC Legal Entity,30/05/2022,4681558,319697,REED,Refuse Collection,745.14,Agency Staff,Third Party Supplier,STANDARD,4561,KAAA-Directorate of Economic Growth and Neighbourhood Services
RBC Legal Entity,30/05/2022,4681558,319697,REED,BFFC Agency Staff (Rechargeable),783.86,Agency Staff,Third Party Supplier,STANDARD,2008,LAAA-Directorate of Resources
RBC Legal Entity,30/05/2022,4681558,319697,REED,BFFC Agency Staff (Rechargeable),798.43,Agency Staff,Third Party Supplier,STANDARD,2008,LAAA-Directorate of Resources
RBC Legal Entity,30/05/2022,4681558,319697,REED,Grounds Maintenance,809.86,Agency Staff,Third Party Supplier,STANDARD,1306,KAAA-Directorate of Economic Growth and Neighbourhood Services
RBC Legal Entity,30/05/2022,4681558,319697,REED,Transformation,858.61,Agency Staff,Third Party Supplier,STANDARD,5289,JAAA-Directorate of Social Care and Health Services
RBC Legal Entity,30/05/2022,4681558,319697,REED,Transformation,933.6,Agency Staff,Third Party Supplier,STANDARD,5289,JAAA-Directorate of Social Care and Health Services
RBC Legal Entity,30/05/2022,4681558,319697,REED,Commissioning Team,933.68,Agency Staff,Third Party Supplier,STANDARD,3452,JAAA-Directorate of Social Care and Health Services
RBC Legal Entity,30/05/2022,4681558,319697,REED,Joint Legal Team,1196,Agency Staff,Third Party Supplier,STANDARD,2405,LAAA-Directorate of Resources
RBC Legal Entity,30/05/2022,4681558,319697,REED,Legal Services,1200.33,Agency Staff,Third Party Supplier,STANDARD,2400,LAAA-Directorate of Resources
RBC Legal Entity,30/05/2022,4681558,319697,REED,BFFC Agency Staff (Rechargeable),1231.79,Agency Staff,Third Party Supplier,STANDARD,2008,LAAA-Directorate of Resources
RBC Legal Entity,30/05/2022,4681558,319697,REED,ASC Short Term Team,1236.8,Agency Staff,Third Party Supplier,STANDARD,5722,JAAA-Directorate of Social Care and Health Services
RBC Legal Entity,30/05/2022,4681558,319697,REED,Joint Legal Team,1243.15,Agency Staff,Third Party Supplier,STANDARD,2405,LAAA-Directorate of Resources
RBC Legal Entity,30/05/2022,4681558,319697,REED,Special Parking Area,1253.7,Agency Staff,Third Party Supplier,STANDARD,4724,KAAA-Directorate of Economic Growth and Neighbourhood Services
RBC Legal Entity,30/05/2022,4681558,319697,REED,Registration,1281,Agency Staff,Third Party Supplier,STANDARD,4604,LAAA-Directorate of Resources
RBC Legal Entity,30/05/2022,4681558,319697,REED,Joint Legal Team,1297.35,Agency Staff,Third Party Supplier,STANDARD,2405,LAAA-Directorate of Resources
RBC Legal Entity,30/05/2022,4681558,319697,REED,BFFC Agency Staff (Rechargeable),1321.6,Agency Staff,Third Party Supplier,STANDARD,2008,LAAA-Directorate of Resources
RBC Legal Entity,30/05/2022,4681558,319697,REED,Safeguarding Adults,1328.3,Agency Staff,Third Party Supplier,STANDARD,5158,JAAA-Directorate of Social Care and Health Services
RBC Legal Entity,30/05/2022,4681558,319697,REED,ASC Locality Team,1328.3,Agency Staff,Third Party Supplier,STANDARD,5721,JAAA-Directorate of Social Care and Health Services
RBC Legal Entity,30/05/2022,4681558,319697,REED,ASC Locality Team,1328.3,Agency Staff,Third Party Supplier,STANDARD,5721,JAAA-Directorate of Social Care and Health Services
RBC Legal Entity,30/05/2022,4681558,319697,REED,ASC Short Term Team,1376.55,Agency Staff,Third Party Supplier,STANDARD,5722,JAAA-Directorate of Social Care and Health Services
RBC Legal Entity,30/05/2022,4681558,319697,REED,ASC Short Term Team,1402.3,Agency Staff,Third Party Supplier,STANDARD,5722,JAAA-Directorate of Social Care and Health Services
RBC Legal Entity,30/05/2022,4681558,319697,REED,BFFC Agency Staff (Rechargeable),1426.13,Agency Staff,Third Party Supplier,STANDARD,2008,LAAA-Directorate of Resources
RBC Legal Entity,30/05/2022,4681558,319697,REED,BFFC Agency Staff (Rechargeable),1426.13,Agency Staff,Third Party Supplier,STANDARD,2008,LAAA-Directorate of Resources
RBC Legal Entity,30/05/2022,4681558,319697,REED,BFFC Agency Staff (Rechargeable),1426.13,Agency Staff,Third Party Supplier,STANDARD,2008,LAAA-Directorate of Resources
RBC Legal Entity,30/05/2022,4681558,319697,REED,Civil Engineering,1428.68,Agency Staff,Third Party Supplier,STANDARD,4550,KAAA-Directorate of Economic Growth and Neighbourhood Services
RBC Legal Entity,30/05/2022,4681558,319697,REED,ASC Short Term Team,1430.05,Agency Staff,Third Party Supplier,STANDARD,5722,JAAA-Directorate of Social Care and Health Services
RBC Legal Entity,30/05/2022,4681558,319697,REED,ASC Locality Team,1439.3,Agency Staff,Third Party Supplier,STANDARD,5721,JAAA-Directorate of Social Care and Health Services
RBC Legal Entity,30/05/2022,4681558,319697,REED,BFFC Agency Staff (Rechargeable),1442.55,Agency Staff,Third Party Supplier,STANDARD,2008,LAAA-Directorate of Resources
RBC Legal Entity,30/05/2022,4681558,319697,REED,BFFC Agency Staff (Rechargeable),1442.55,Agency Staff,Third Party Supplier,STANDARD,2008,LAAA-Directorate of Resources
RBC Legal Entity,30/05/2022,4681558,319697,REED,ASC Short Term Team,1458.75,Agency Staff,Third Party Supplier,STANDARD,5722,JAAA-Directorate of Social Care and Health Services
RBC Legal Entity,30/05/2022,4681558,319697,REED,BFFC Agency Staff (Rechargeable),1461.55,Agency Staff,Third Party Supplier,STANDARD,2008,LAAA-Directorate of Resources
RBC Legal Entity,30/05/2022,4681558,319697,REED,ASC Locality Team,1472.4,Agency Staff,Third Party Supplier,STANDARD,5721,JAAA-Directorate of Social Care and Health Services
RBC Legal Entity,30/05/2022,4681558,319697,REED,ASC Locality Team,1474.55,Agency Staff,Third Party Supplier,STANDARD,5721,JAAA-Directorate of Social Care and Health Services
RBC Legal Entity,30/05/2022,4681558,319697,REED,Mental Health Team,1476.3,Agency Staff,Third Party Supplier,STANDARD,5253,JAAA-Directorate of Social Care and Health Services
RBC Legal Entity,30/05/2022,4681558,319697,REED,Transformation,1476.3,Agency Staff,Third Party Supplier,STANDARD,5289,JAAA-Directorate of Social Care and Health Services
RBC Legal Entity,30/05/2022,4681558,319697,REED,Food and Safety,1478.34,Agency Staff,Third Party Supplier,STANDARD,4614,KAAA-Directorate of Economic Growth and Neighbourhood Services
RBC Legal Entity,30/05/2022,4681558,319697,REED,Joint Legal Team,1505.1,Agency Staff,Third Party Supplier,STANDARD,2405,LAAA-Directorate of Resources
RBC Legal Entity,30/05/2022,4681558,319697,REED,BFFC Agency Staff (Rechargeable),1550.3,Agency Staff,Third Party Supplier,STANDARD,2008,LAAA-Directorate of Resources
RBC Legal Entity,30/05/2022,4681558,319697,REED,Joint Legal Team,1551.21,Agency Staff,Third Party Supplier,STANDARD,2405,LAAA-Directorate of Resources
RBC Legal Entity,30/05/2022,4681558,319697,REED,ASC Short Term Team,1558.81,Agency Staff,Third Party Supplier,STANDARD,5722,JAAA-Directorate of Social Care and Health Services
RBC Legal Entity,30/05/2022,4681558,319697,REED,Public Health Team Costs,1560.6,Agency Staff,Third Party Supplier,STANDARD,2065,JAAA-Directorate of Social Care and Health Services
RBC Legal Entity,30/05/2022,4681558,319697,REED,Public Health Team Costs,1560.6,Agency Staff,Third Party Supplier,STANDARD,2065,JAAA-Directorate of Social Care and Health Services
RBC Legal Entity,30/05/2022,4681558,319697,REED,Public Health Team Costs,1560.6,Agency Staff,Third Party Supplier,STANDARD,2065,JAAA-Directorate of Social Care and Health Services
RBC Legal Entity,30/05/2022,4681558,319697,REED,Public Health Team Costs,1560.6,Agency Staff,Third Party Supplier,STANDARD,2065,JAAA-Directorate of Social Care and Health Services
RBC Legal Entity,30/05/2022,4681558,319697,REED,Legal Services,1612.83,Agency Staff,Third Party Supplier,STANDARD,2400,LAAA-Directorate of Resources
RBC Legal Entity,30/05/2022,4681558,319697,REED,Legal Services,1622.17,Agency Staff,Third Party Supplier,STANDARD,2400,LAAA-Directorate of Resources
RBC Legal Entity,30/05/2022,4681558,319697,REED,BFFC Agency Staff (Rechargeable),1624.3,Agency Staff,Third Party Supplier,STANDARD,2008,LAAA-Directorate of Resources
RBC Legal Entity,30/05/2022,4681558,319697,REED,ASC Short Term Team,1633.18,Agency Staff,Third Party Supplier,STANDARD,5722,JAAA-Directorate of Social Care and Health Services
RBC Legal Entity,30/05/2022,4681558,319697,REED,ASC Locality Team,1633.18,Agency Staff,Third Party Supplier,STANDARD,5721,JAAA-Directorate of Social Care and Health Services
RBC Legal Entity,30/05/2022,4681558,319697,REED,ASC Short Term Team,1633.18,Agency Staff,Third Party Supplier,STANDARD,5722,JAAA-Directorate of Social Care and Health Services
RBC Legal Entity,30/05/2022,4681558,319697,REED,BFFC Agency Staff (Rechargeable),1686.17,Agency Staff,Third Party Supplier,STANDARD,2008,LAAA-Directorate of Resources
RBC Legal Entity,30/05/2022,4681558,319697,REED,BFFC Agency Staff (Rechargeable),1698.3,Agency Staff,Third Party Supplier,STANDARD,2008,LAAA-Directorate of Resources
RBC Legal Entity,30/05/2022,4681558,319697,REED,ASC Short Term Team,1708.95,Agency Staff,Third Party Supplier,STANDARD,5722,JAAA-Directorate of Social Care and Health Services
RBC Legal Entity,30/05/2022,4681558,319697,REED,Legal Services,1773.45,Agency Staff,Third Party Supplier,STANDARD,2400,LAAA-Directorate of Resources
RBC Legal Entity,30/05/2022,4681558,319697,REED,Legal Services,1806.12,Agency Staff,Third Party Supplier,STANDARD,2400,LAAA-Directorate of Resources
RBC Legal Entity,30/05/2022,4681558,319697,REED,BFFC Agency Staff (Rechargeable),1809.3,Agency Staff,Third Party Supplier,STANDARD,2008,LAAA-Directorate of Resources
RBC Legal Entity,30/05/2022,4681558,319697,REED,BFFC Agency Staff (Rechargeable),1809.3,Agency Staff,Third Party Supplier,STANDARD,2008,LAAA-Directorate of Resources
RBC Legal Entity,30/05/2022,4681558,319697,REED,BFFC Agency Staff (Rechargeable),1809.3,Agency Staff,Third Party Supplier,STANDARD,2008,LAAA-Directorate of Resources
RBC Legal Entity,30/05/2022,4681558,319697,REED,BFFC Agency Staff (Rechargeable),1809.3,Agency Staff,Third Party Supplier,STANDARD,2008,LAAA-Directorate of Resources
RBC Legal Entity,30/05/2022,4681558,319697,REED,BFFC Agency Staff (Rechargeable),1809.3,Agency Staff,Third Party Supplier,STANDARD,2008,LAAA-Directorate of Resources
RBC Legal Entity,30/05/2022,4681558,319697,REED,BFFC Agency Staff (Rechargeable),1809.3,Agency Staff,Third Party Supplier,STANDARD,2008,LAAA-Directorate of Resources
RBC Legal Entity,30/05/2022,4681558,319697,REED,BFFC Agency Staff (Rechargeable),1809.3,Agency Staff,Third Party Supplier,STANDARD,2008,LAAA-Directorate of Resources
RBC Legal Entity,30/05/2022,4681558,319697,REED,BFFC Agency Staff (Rechargeable),1809.3,Agency Staff,Third Party Supplier,STANDARD,2008,LAAA-Directorate of Resources
RBC Legal Entity,30/05/2022,4681558,319697,REED,BFFC Agency Staff (Rechargeable),1809.3,Agency Staff,Third Party Supplier,STANDARD,2008,LAAA-Directorate of Resources
RBC Legal Entity,30/05/2022,4681558,319697,REED,BFFC Agency Staff (Rechargeable),1809.3,Agency Staff,Third Party Supplier,STANDARD,2008,LAAA-Directorate of Resources
RBC Legal Entity,30/05/2022,4681558,319697,REED,BFFC Agency Staff (Rechargeable),1809.3,Agency Staff,Third Party Supplier,STANDARD,2008,LAAA-Directorate of Resources
RBC Legal Entity,30/05/2022,4681558,319697,REED,BFFC Agency Staff (Rechargeable),1809.3,Agency Staff,Third Party Supplier,STANDARD,2008,LAAA-Directorate of Resources
RBC Legal Entity,30/05/2022,4681558,319697,REED,BFFC Agency Staff (Rechargeable),1809.3,Agency Staff,Third Party Supplier,STANDARD,2008,LAAA-Directorate of Resources
RBC Legal Entity,30/05/2022,4681558,319697,REED,BFFC Agency Staff (Rechargeable),1809.3,Agency Staff,Third Party Supplier,STANDARD,2008,LAAA-Directorate of Resources
RBC Legal Entity,30/05/2022,4681558,319697,REED,BFFC Agency Staff (Rechargeable),1809.3,Agency Staff,Third Party Supplier,STANDARD,2008,LAAA-Directorate of Resources
RBC Legal Entity,30/05/2022,4681558,319697,REED,BFFC Agency Staff (Rechargeable),1809.3,Agency Staff,Third Party Supplier,STANDARD,2008,LAAA-Directorate of Resources
RBC Legal Entity,30/05/2022,4681558,319697,REED,BFFC Agency Staff (Rechargeable),1809.3,Agency Staff,Third Party Supplier,STANDARD,2008,LAAA-Directorate of Resources
RBC Legal Entity,30/05/2022,4681558,319697,REED,BFFC Agency Staff (Rechargeable),1809.3,Agency Staff,Third Party Supplier,STANDARD,2008,LAAA-Directorate of Resources
RBC Legal Entity,30/05/2022,4681558,319697,REED,BFFC Agency Staff (Rechargeable),1809.3,Agency Staff,Third Party Supplier,STANDARD,2008,LAAA-Directorate of Resources
RBC Legal Entity,30/05/2022,4681558,319697,REED,BFFC Agency Staff (Rechargeable),1809.3,Agency Staff,Third Party Supplier,STANDARD,2008,LAAA-Directorate of Resources
RBC Legal Entity,30/05/2022,4681558,319697,REED,BFFC Agency Staff (Rechargeable),1818.55,Agency Staff,Third Party Supplier,STANDARD,2008,LAAA-Directorate of Resources
RBC Legal Entity,30/05/2022,4681558,319697,REED,BFFC Agency Staff (Rechargeable),1823,Agency Staff,Third Party Supplier,STANDARD,2008,LAAA-Directorate of Resources
RBC Legal Entity,30/05/2022,4681558,319697,REED,BFFC Agency Staff (Rechargeable),1833.75,Agency Staff,Third Party Supplier,STANDARD,2008,LAAA-Directorate of Resources
RBC Legal Entity,30/05/2022,4681558,319697,REED,Accountancy,1847.55,Agency Staff,Third Party Supplier,STANDARD,2200,LAAA-Directorate of Resources
RBC Legal Entity,30/05/2022,4681558,319697,REED,Test and Trace,1873.44,Agency Staff,Third Party Supplier,STANDARD,2068,JAAA-Directorate of Social Care and Health Services
RBC Legal Entity,30/05/2022,4681558,319697,REED,Accountancy,1916.36,Agency Staff,Third Party Supplier,STANDARD,2200,LAAA-Directorate of Resources
RBC Legal Entity,30/05/2022,4681558,319697,REED,ASC Short Term Team,1927.08,Agency Staff,Third Party Supplier,STANDARD,5722,JAAA-Directorate of Social Care and Health Services
RBC Legal Entity,30/05/2022,4681558,319697,REED,ASC Short Term Team,1927.08,Agency Staff,Third Party Supplier,STANDARD,5722,JAAA-Directorate of Social Care and Health Services
RBC Legal Entity,30/05/2022,4681558,319697,REED,Joint Legal Team,1931.55,Agency Staff,Third Party Supplier,STANDARD,2405,LAAA-Directorate of Resources
RBC Legal Entity,30/05/2022,4681558,319697,REED,ASC Short Term Team,1975.27,Agency Staff,Third Party Supplier,STANDARD,5722,JAAA-Directorate of Social Care and Health Services
RBC Legal Entity,30/05/2022,4681558,319697,REED,Accountancy,2051,Agency Staff,Third Party Supplier,STANDARD,2200,LAAA-Directorate of Resources
RBC Legal Entity,30/05/2022,4681558,319697,REED,BFFC Agency Staff (Rechargeable),2071.64,Agency Staff,Third Party Supplier,STANDARD,2008,LAAA-Directorate of Resources
RBC Legal Entity,30/05/2022,4681558,319697,REED,Valuation,2115.9,Agency Staff,Third Party Supplier,STANDARD,2100,KAAA-Directorate of Economic Growth and Neighbourhood Services
RBC Legal Entity,30/05/2022,4681558,319697,REED,Legal Services,2123.8,Agency Staff,Third Party Supplier,STANDARD,2400,LAAA-Directorate of Resources
RBC Legal Entity,30/05/2022,4681558,319697,REED,Legal Services,2167.36,Agency Staff,Third Party Supplier,STANDARD,2400,LAAA-Directorate of Resources
RBC Legal Entity,30/05/2022,4681558,319697,REED,IT Management,2176,Agency Staff,Third Party Supplier,STANDARD,2300,EAAA-Chief Executive
RBC Legal Entity,30/05/2022,4681558,319697,REED,Joint Legal Team,2196,Agency Staff,Third Party Supplier,STANDARD,2405,LAAA-Directorate of Resources
RBC Legal Entity,30/05/2022,4681558,319697,REED,BFFC Agency Staff (Rechargeable),2276,Agency Staff,Third Party Supplier,STANDARD,2008,LAAA-Directorate of Resources
RBC Legal Entity,30/05/2022,4681558,319697,REED,Contact Centre,2301,Agency Staff,Third Party Supplier,STANDARD,2599,LAAA-Directorate of Resources
RBC Legal Entity,30/05/2022,4681558,319697,REED,IT Management,2408,Agency Staff,Third Party Supplier,STANDARD,2300,EAAA-Chief Executive
RBC Legal Entity,30/05/2022,4681558,319697,REED,Test and Trace,2478.5,Agency Staff,Third Party Supplier,STANDARD,2068,JAAA-Directorate of Social Care and Health Services
RBC Legal Entity,30/05/2022,4681558,319697,REED,IT Management,2478.5,Agency Staff,Third Party Supplier,STANDARD,2300,EAAA-Chief Executive
RBC Legal Entity,30/05/2022,4681558,319697,REED,Accountancy,2574.8,Agency Staff,Third Party Supplier,STANDARD,2200,LAAA-Directorate of Resources
RBC Legal Entity,30/05/2022,4681558,319697,REED,Neighbourhood Services Support,2629.5,Agency Staff,Third Party Supplier,STANDARD,4590,KAAA-Directorate of Economic Growth and Neighbourhood Services
RBC Legal Entity,30/05/2022,4681558,319697,REED,IT Management,2676,Agency Staff,Third Party Supplier,STANDARD,2300,EAAA-Chief Executive
RBC Legal Entity,30/05/2022,4681558,319697,REED,IT Management,2676,Agency Staff,Third Party Supplier,STANDARD,2300,EAAA-Chief Executive
RBC Legal Entity,30/05/2022,4681558,319697,REED,Legal Services,2690.1,Agency Staff,Third Party Supplier,STANDARD,2400,LAAA-Directorate of Resources
RBC Legal Entity,30/05/2022,4681558,319697,REED,IT Management,2691,Agency Staff,Third Party Supplier,STANDARD,2300,EAAA-Chief Executive
RBC Legal Entity,30/05/2022,4681558,319697,REED,Accountancy,2804.8,Agency Staff,Third Party Supplier,STANDARD,2200,LAAA-Directorate of Resources
RBC Legal Entity,30/05/2022,4681558,319697,REED,Accountancy,2821.36,Agency Staff,Third Party Supplier,STANDARD,2200,LAAA-Directorate of Resources
RBC Legal Entity,30/05/2022,4681558,319697,REED,Accountancy,2821.36,Agency Staff,Third Party Supplier,STANDARD,2200,LAAA-Directorate of Resources
RBC Legal Entity,30/05/2022,4681558,319697,REED,Accountancy,2821.36,Agency Staff,Third Party Supplier,STANDARD,2200,LAAA-Directorate of Resources
RBC Legal Entity,30/05/2022,4681558,319697,REED,BFFC Agency Staff (Rechargeable),2852.26,Agency Staff,Third Party Supplier,STANDARD,2008,LAAA-Directorate of Resources
RBC Legal Entity,30/05/2022,4681558,319697,REED,ASC Senior Management Team,2926,Agency Staff,Third Party Supplier,STANDARD,5700,JAAA-Directorate of Social Care and Health Services
RBC Legal Entity,30/05/2022,4681558,319697,REED,BFFC Agency Staff (Rechargeable),3189.96,Agency Staff,Third Party Supplier,STANDARD,2008,LAAA-Directorate of Resources
RBC Legal Entity,30/05/2022,4681558,319697,REED,BFFC Agency Staff (Rechargeable),3196,Agency Staff,Third Party Supplier,STANDARD,2008,LAAA-Directorate of Resources
RBC Legal Entity,30/05/2022,4681558,319697,REED,BFFC Agency Staff (Rechargeable),3218.5,Agency Staff,Third Party Supplier,STANDARD,2008,LAAA-Directorate of Resources
RBC Legal Entity,30/05/2022,4681558,319697,REED,Coroner,3321,Agency Staff,Third Party Supplier,STANDARD,4605,KAAA-Directorate of Economic Growth and Neighbourhood Services
RBC Legal Entity,30/05/2022,4681558,319697,REED,Coroner,3321,Agency Staff,Third Party Supplier,STANDARD,4605,KAAA-Directorate of Economic Growth and Neighbourhood Services
RBC Legal Entity,30/05/2022,4681558,319697,REED,Accountancy,3526.7,Agency Staff,Third Party Supplier,STANDARD,2200,LAAA-Directorate of Resources
RBC Legal Entity,30/05/2022,4681558,319697,REED,Test and Trace,3724.8,Agency Staff,Third Party Supplier,STANDARD,2068,JAAA-Directorate of Social Care and Health Services
RBC Legal Entity,30/05/2022,4681558,319697,REED,Test and Trace,3724.8,Agency Staff,Third Party Supplier,STANDARD,2068,JAAA-Directorate of Social Care and Health Services
RBC Legal Entity,30/05/2022,4681558,319697,REED,Test and Trace,4656,Agency Staff,Third Party Supplier,STANDARD,2068,JAAA-Directorate of Social Care and Health Services
RBC Legal Entity,30/05/2022,4686023,319698,LAUNCHPAD READING,Guaranteed Rent Scheme,880.53,Rents,Third Party Supplier,STANDARD,5872,KAAA-Directorate of Economic Growth and Neighbourhood Services
RBC Legal Entity,30/05/2022,4686160,319698,LAUNCHPAD READING,Guaranteed Rent Scheme,694.59,Rents,Third Party Supplier,STANDARD,5872,KAAA-Directorate of Economic Growth and Neighbourhood Services
RBC Legal Entity,30/05/2022,4686174,319698,LAUNCHPAD READING,Guaranteed Rent Scheme,694.59,Rents,Third Party Supplier,STANDARD,5872,KAAA-Directorate of Economic Growth and Neighbourhood Services
RBC Legal Entity,30/05/2022,4686177,319698,LAUNCHPAD READING,Guaranteed Rent Scheme,694.59,Rents,Third Party Supplier,STANDARD,5872,KAAA-Directorate of Economic Growth and Neighbourhood Services
RBC Legal Entity,30/05/2022,4686230,319698,LAUNCHPAD READING,Guaranteed Rent Scheme,880.53,Rents,Third Party Supplier,STANDARD,5872,KAAA-Directorate of Economic Growth and Neighbourhood Services
RBC Legal Entity,30/05/2022,4686013,319699,MR D GRIFFITHS,Guaranteed Rent Scheme,947.4,Rents,SUPPLIER,STANDARD,5872,KAAA-Directorate of Economic Growth and Neighbourhood Services
RBC Legal Entity,30/05/2022,4686076,319699,MR D GRIFFITHS,Guaranteed Rent Scheme,792.83,Rents,SUPPLIER,STANDARD,5872,KAAA-Directorate of Economic Growth and Neighbourhood Services
RBC Legal Entity,30/05/2022,4686224,319699,MR D GRIFFITHS,Guaranteed Rent Scheme,947.4,Rents,SUPPLIER,STANDARD,5872,KAAA-Directorate of Economic Growth and Neighbourhood Services
RBC Legal Entity,30/05/2022,4686086,319700,JANE MALEY,Guaranteed Rent Scheme,880.53,Rents,SUPPLIER,STANDARD,5872,KAAA-Directorate of Economic Growth and Neighbourhood Services
RBC Legal Entity,30/05/2022,4686603,319700,JANE MALEY,Guaranteed Rent Scheme,1006.72,Rents,SUPPLIER,STANDARD,5872,KAAA-Directorate of Economic Growth and Neighbourhood Services
RBC Legal Entity,30/05/2022,4685906,319701,CHEERENT LTD T/A VANDERPUMP & WELLBELOVE,Guaranteed Rent Scheme,694.59,Rents,Landlord,STANDARD,5872,KAAA-Directorate of Economic Growth and Neighbourhood Services
RBC Legal Entity,30/05/2022,4685916,319701,CHEERENT LTD T/A VANDERPUMP & WELLBELOVE,Guaranteed Rent Scheme,694.59,Rents,Landlord,STANDARD,5872,KAAA-Directorate of Economic Growth and Neighbourhood Services
RBC Legal Entity,30/05/2022,4685960,319701,CHEERENT LTD T/A VANDERPUMP & WELLBELOVE,Guaranteed Rent Scheme,694.59,Rents,Landlord,STANDARD,5872,KAAA-Directorate of Economic Growth and Neighbourhood Services
RBC Legal Entity,30/05/2022,4685961,319701,CHEERENT LTD T/A VANDERPUMP & WELLBELOVE,Guaranteed Rent Scheme,792.83,Rents,Landlord,STANDARD,5872,KAAA-Directorate of Economic Growth and Neighbourhood Services
RBC Legal Entity,30/05/2022,4685965,319701,CHEERENT LTD T/A VANDERPUMP & WELLBELOVE,Guaranteed Rent Scheme,792.83,Rents,Landlord,STANDARD,5872,KAAA-Directorate of Economic Growth and Neighbourhood Services
RBC Legal Entity,30/05/2022,4685968,319701,CHEERENT LTD T/A VANDERPUMP & WELLBELOVE,Guaranteed Rent Scheme,694.59,Rents,Landlord,STANDARD,5872,KAAA-Directorate of Economic Growth and Neighbourhood Services
RBC Legal Entity,30/05/2022,4685974,319701,CHEERENT LTD T/A VANDERPUMP & WELLBELOVE,Guaranteed Rent Scheme,694.59,Rents,Landlord,STANDARD,5872,KAAA-Directorate of Economic Growth and Neighbourhood Services
RBC Legal Entity,30/05/2022,4685980,319701,CHEERENT LTD T/A VANDERPUMP & WELLBELOVE,Guaranteed Rent Scheme,1006.72,Rents,Landlord,STANDARD,5872,KAAA-Directorate of Economic Growth and Neighbourhood Services
RBC Legal Entity,30/05/2022,4685985,319701,CHEERENT LTD T/A VANDERPUMP & WELLBELOVE,Guaranteed Rent Scheme,1006.72,Rents,Landlord,STANDARD,5872,KAAA-Directorate of Economic Growth and Neighbourhood Services
RBC Legal Entity,30/05/2022,4685993,319701,CHEERENT LTD T/A VANDERPUMP & WELLBELOVE,Guaranteed Rent Scheme,947.4,Rents,Landlord,STANDARD,5872,KAAA-Directorate of Economic Growth and Neighbourhood Services
RBC Legal Entity,30/05/2022,4685994,319701,CHEERENT LTD T/A VANDERPUMP & WELLBELOVE,Guaranteed Rent Scheme,792.83,Rents,Landlord,STANDARD,5872,KAAA-Directorate of Economic Growth and Neighbourhood Services
RBC Legal Entity,30/05/2022,4685995,319701,CHEERENT LTD T/A VANDERPUMP & WELLBELOVE,Guaranteed Rent Scheme,1146.86,Rents,Landlord,STANDARD,5872,KAAA-Directorate of Economic Growth and Neighbourhood Services
RBC Legal Entity,30/05/2022,4686045,319701,CHEERENT LTD T/A VANDERPUMP & WELLBELOVE,Guaranteed Rent Scheme,947.4,Rents,Landlord,STANDARD,5872,KAAA-Directorate of Economic Growth and Neighbourhood Services
RBC Legal Entity,30/05/2022,4686056,319701,CHEERENT LTD T/A VANDERPUMP & WELLBELOVE,Guaranteed Rent Scheme,792.83,Rents,Landlord,STANDARD,5872,KAAA-Directorate of Economic Growth and Neighbourhood Services
RBC Legal Entity,30/05/2022,4686065,319701,CHEERENT LTD T/A VANDERPUMP & WELLBELOVE,Guaranteed Rent Scheme,792.83,Rents,Landlord,STANDARD,5872,KAAA-Directorate of Economic Growth and Neighbourhood Services
RBC Legal Entity,30/05/2022,4686069,319701,CHEERENT LTD T/A VANDERPUMP & WELLBELOVE,Guaranteed Rent Scheme,880.53,Rents,Landlord,STANDARD,5872,KAAA-Directorate of Economic Growth and Neighbourhood Services
RBC Legal Entity,30/05/2022,4686119,319701,CHEERENT LTD T/A VANDERPUMP & WELLBELOVE,Guaranteed Rent Scheme,947.4,Rents,Landlord,STANDARD,5872,KAAA-Directorate of Economic Growth and Neighbourhood Services
RBC Legal Entity,30/05/2022,4686161,319701,CHEERENT LTD T/A VANDERPUMP & WELLBELOVE,Guaranteed Rent Scheme,947.4,Rents,Landlord,STANDARD,5872,KAAA-Directorate of Economic Growth and Neighbourhood Services
RBC Legal Entity,30/05/2022,4686169,319701,CHEERENT LTD T/A VANDERPUMP & WELLBELOVE,Guaranteed Rent Scheme,694.59,Rents,Landlord,STANDARD,5872,KAAA-Directorate of Economic Growth and Neighbourhood Services
RBC Legal Entity,30/05/2022,4686187,319701,CHEERENT LTD T/A VANDERPUMP & WELLBELOVE,Guaranteed Rent Scheme,792.83,Rents,Landlord,STANDARD,5872,KAAA-Directorate of Economic Growth and Neighbourhood Services
RBC Legal Entity,30/05/2022,4686211,319701,CHEERENT LTD T/A VANDERPUMP & WELLBELOVE,Guaranteed Rent Scheme,947.4,Rents,Landlord,STANDARD,5872,KAAA-Directorate of Economic Growth and Neighbourhood Services
RBC Legal Entity,30/05/2022,4686213,319701,CHEERENT LTD T/A VANDERPUMP & WELLBELOVE,Guaranteed Rent Scheme,880.53,Rents,Landlord,STANDARD,5872,KAAA-Directorate of Economic Growth and Neighbourhood Services
RBC Legal Entity,30/05/2022,4686251,319701,CHEERENT LTD T/A VANDERPUMP & WELLBELOVE,Guaranteed Rent Scheme,1146.86,Rents,Landlord,STANDARD,5872,KAAA-Directorate of Economic Growth and Neighbourhood Services
RBC Legal Entity,30/05/2022,4686259,319701,CHEERENT LTD T/A VANDERPUMP & WELLBELOVE,Guaranteed Rent Scheme,880.53,Rents,Landlord,STANDARD,5872,KAAA-Directorate of Economic Growth and Neighbourhood Services
RBC Legal Entity,30/05/2022,4686261,319701,CHEERENT LTD T/A VANDERPUMP & WELLBELOVE,Guaranteed Rent Scheme,880.53,Rents,Landlord,STANDARD,5872,KAAA-Directorate of Economic Growth and Neighbourhood Services
RBC Legal Entity,30/05/2022,4686268,319701,CHEERENT LTD T/A VANDERPUMP & WELLBELOVE,Guaranteed Rent Scheme,694.59,Rents,Landlord,STANDARD,5872,KAAA-Directorate of Economic Growth and Neighbourhood Services
RBC Legal Entity,30/05/2022,4686285,319701,CHEERENT LTD T/A VANDERPUMP & WELLBELOVE,Guaranteed Rent Scheme,880.53,Rents,Landlord,STANDARD,5872,KAAA-Directorate of Economic Growth and Neighbourhood Services
RBC Legal Entity,30/05/2022,4686306,319701,CHEERENT LTD T/A VANDERPUMP & WELLBELOVE,Guaranteed Rent Scheme,1146.86,Rents,Landlord,STANDARD,5872,KAAA-Directorate of Economic Growth and Neighbourhood Services
RBC Legal Entity,30/05/2022,4686308,319701,CHEERENT LTD T/A VANDERPUMP & WELLBELOVE,Guaranteed Rent Scheme,792.83,Rents,Landlord,STANDARD,5872,KAAA-Directorate of Economic Growth and Neighbourhood Services
RBC Legal Entity,30/05/2022,4686317,319701,CHEERENT LTD T/A VANDERPUMP & WELLBELOVE,Guaranteed Rent Scheme,792.83,Rents,Landlord,STANDARD,5872,KAAA-Directorate of Economic Growth and Neighbourhood Services
RBC Legal Entity,30/05/2022,4686324,319701,CHEERENT LTD T/A VANDERPUMP & WELLBELOVE,Guaranteed Rent Scheme,694.59,Rents,Landlord,STANDARD,5872,KAAA-Directorate of Economic Growth and Neighbourhood Services
RBC Legal Entity,30/05/2022,4686326,319701,CHEERENT LTD T/A VANDERPUMP & WELLBELOVE,Guaranteed Rent Scheme,880.53,Rents,Landlord,STANDARD,5872,KAAA-Directorate of Economic Growth and Neighbourhood Services
RBC Legal Entity,30/05/2022,4686330,319701,CHEERENT LTD T/A VANDERPUMP & WELLBELOVE,Guaranteed Rent Scheme,694.59,Rents,Landlord,STANDARD,5872,KAAA-Directorate of Economic Growth and Neighbourhood Services
RBC Legal Entity,30/05/2022,4686345,319701,CHEERENT LTD T/A VANDERPUMP & WELLBELOVE,Guaranteed Rent Scheme,694.59,Rents,Landlord,STANDARD,5872,KAAA-Directorate of Economic Growth and Neighbourhood Services
RBC Legal Entity,30/05/2022,4686422,319701,CHEERENT LTD T/A VANDERPUMP & WELLBELOVE,Guaranteed Rent Scheme,947.4,Rents,Landlord,STANDARD,5872,KAAA-Directorate of Economic Growth and Neighbourhood Services
RBC Legal Entity,30/05/2022,4686431,319701,CHEERENT LTD T/A VANDERPUMP & WELLBELOVE,Guaranteed Rent Scheme,1146.86,Rents,Landlord,STANDARD,5872,KAAA-Directorate of Economic Growth and Neighbourhood Services
RBC Legal Entity,30/05/2022,4686439,319701,CHEERENT LTD T/A VANDERPUMP & WELLBELOVE,Guaranteed Rent Scheme,947.4,Rents,Landlord,STANDARD,5872,KAAA-Directorate of Economic Growth and Neighbourhood Services
RBC Legal Entity,30/05/2022,4686443,319701,CHEERENT LTD T/A VANDERPUMP & WELLBELOVE,Guaranteed Rent Scheme,1146.86,Rents,Landlord,STANDARD,5872,KAAA-Directorate of Economic Growth and Neighbourhood Services
RBC Legal Entity,30/05/2022,4686444,319701,CHEERENT LTD T/A VANDERPUMP & WELLBELOVE,Guaranteed Rent Scheme,1545.74,Rents,Landlord,STANDARD,5872,KAAA-Directorate of Economic Growth and Neighbourhood Services
RBC Legal Entity,30/05/2022,4686453,319701,CHEERENT LTD T/A VANDERPUMP & WELLBELOVE,Guaranteed Rent Scheme,792.83,Rents,Landlord,STANDARD,5872,KAAA-Directorate of Economic Growth and Neighbourhood Services
RBC Legal Entity,30/05/2022,4686456,319701,CHEERENT LTD T/A VANDERPUMP & WELLBELOVE,Guaranteed Rent Scheme,792.83,Rents,Landlord,STANDARD,5872,KAAA-Directorate of Economic Growth and Neighbourhood Services
RBC Legal Entity,30/05/2022,4686469,319701,CHEERENT LTD T/A VANDERPUMP & WELLBELOVE,Guaranteed Rent Scheme,694.59,Rents,Landlord,STANDARD,5872,KAAA-Directorate of Economic Growth and Neighbourhood Services
RBC Legal Entity,30/05/2022,4686480,319701,CHEERENT LTD T/A VANDERPUMP & WELLBELOVE,Guaranteed Rent Scheme,694.59,Rents,Landlord,STANDARD,5872,KAAA-Directorate of Economic Growth and Neighbourhood Services
RBC Legal Entity,30/05/2022,4686490,319701,CHEERENT LTD T/A VANDERPUMP & WELLBELOVE,Guaranteed Rent Scheme,880.53,Rents,Landlord,STANDARD,5872,KAAA-Directorate of Economic Growth and Neighbourhood Services
RBC Legal Entity,30/05/2022,4686503,319701,CHEERENT LTD T/A VANDERPUMP & WELLBELOVE,Guaranteed Rent Scheme,880.53,Rents,Landlord,STANDARD,5872,KAAA-Directorate of Economic Growth and Neighbourhood Services
RBC Legal Entity,30/05/2022,4686508,319701,CHEERENT LTD T/A VANDERPUMP & WELLBELOVE,Guaranteed Rent Scheme,694.59,Rents,Landlord,STANDARD,5872,KAAA-Directorate of Economic Growth and Neighbourhood Services
RBC Legal Entity,30/05/2022,4686513,319701,CHEERENT LTD T/A VANDERPUMP & WELLBELOVE,Guaranteed Rent Scheme,880.53,Rents,Landlord,STANDARD,5872,KAAA-Directorate of Economic Growth and Neighbourhood Services
RBC Legal Entity,30/05/2022,4686528,319701,CHEERENT LTD T/A VANDERPUMP & WELLBELOVE,Guaranteed Rent Scheme,1006.72,Rents,Landlord,STANDARD,5872,KAAA-Directorate of Economic Growth and Neighbourhood Services
RBC Legal Entity,30/05/2022,4686558,319701,CHEERENT LTD T/A VANDERPUMP & WELLBELOVE,Guaranteed Rent Scheme,694.59,Rents,Landlord,STANDARD,5872,KAAA-Directorate of Economic Growth and Neighbourhood Services
RBC Legal Entity,30/05/2022,4686564,319701,CHEERENT LTD T/A VANDERPUMP & WELLBELOVE,Guaranteed Rent Scheme,1006.72,Rents,Landlord,STANDARD,5872,KAAA-Directorate of Economic Growth and Neighbourhood Services
RBC Legal Entity,30/05/2022,4686582,319701,CHEERENT LTD T/A VANDERPUMP & WELLBELOVE,Guaranteed Rent Scheme,1006.72,Rents,Landlord,STANDARD,5872,KAAA-Directorate of Economic Growth and Neighbourhood Services
RBC Legal Entity,30/05/2022,4686593,319701,CHEERENT LTD T/A VANDERPUMP & WELLBELOVE,Guaranteed Rent Scheme,880.53,Rents,Landlord,STANDARD,5872,KAAA-Directorate of Economic Growth and Neighbourhood Services
RBC Legal Entity,30/05/2022,4686607,319701,CHEERENT LTD T/A VANDERPUMP & WELLBELOVE,Guaranteed Rent Scheme,694.59,Rents,Landlord,STANDARD,5872,KAAA-Directorate of Economic Growth and Neighbourhood Services
RBC Legal Entity,30/05/2022,4686608,319701,CHEERENT LTD T/A VANDERPUMP & WELLBELOVE,Guaranteed Rent Scheme,880.53,Rents,Landlord,STANDARD,5872,KAAA-Directorate of Economic Growth and Neighbourhood Services
RBC Legal Entity,30/05/2022,4686619,319701,CHEERENT LTD T/A VANDERPUMP & WELLBELOVE,Guaranteed Rent Scheme,880.53,Rents,Landlord,STANDARD,5872,KAAA-Directorate of Economic Growth and Neighbourhood Services
RBC Legal Entity,30/05/2022,4686620,319701,CHEERENT LTD T/A VANDERPUMP & WELLBELOVE,Guaranteed Rent Scheme,694.59,Rents,Landlord,STANDARD,5872,KAAA-Directorate of Economic Growth and Neighbourhood Services
RBC Legal Entity,30/05/2022,4686622,319701,CHEERENT LTD T/A VANDERPUMP & WELLBELOVE,Guaranteed Rent Scheme,792.83,Rents,Landlord,STANDARD,5872,KAAA-Directorate of Economic Growth and Neighbourhood Services
RBC Legal Entity,30/05/2022,4686653,319701,CHEERENT LTD T/A VANDERPUMP & WELLBELOVE,Guaranteed Rent Scheme,947.4,Rents,Landlord,STANDARD,5872,KAAA-Directorate of Economic Growth and Neighbourhood Services
RBC Legal Entity,30/05/2022,4677463,319702,DSI BILLING SERVICES LTD,Council Tax & Business Rates,2156.6,Postage Carriage Stamp Duty,SUPPLIER,STANDARD,2250,LAAA-Directorate of Resources
RBC Legal Entity,30/05/2022,4686247,319703,NIGEL ELKES & KARL FISCHER T/A ATTERBURYS,Guaranteed Rent Scheme,792.83,Rents,SUPPLIER,STANDARD,5872,KAAA-Directorate of Economic Growth and Neighbourhood Services
RBC Legal Entity,30/05/2022,4686280,319703,NIGEL ELKES & KARL FISCHER T/A ATTERBURYS,Guaranteed Rent Scheme,694.59,Rents,SUPPLIER,STANDARD,5872,KAAA-Directorate of Economic Growth and Neighbourhood Services
RBC Legal Entity,30/05/2022,4686347,319703,NIGEL ELKES & KARL FISCHER T/A ATTERBURYS,Guaranteed Rent Scheme,947.4,Rents,SUPPLIER,STANDARD,5872,KAAA-Directorate of Economic Growth and Neighbourhood Services
RBC Legal Entity,30/05/2022,4678316,319704,MR DAMIAN GARRIDO,JLT Disbursements,700,Misc. Legal Expenses,SUPPLIER,STANDARD,2407,LAAA-Directorate of Resources
RBC Legal Entity,30/05/2022,4680772,319705,3D ALUMINIUM PLAS LTD,Thameside Primary,54907.16,External Fees  Misc.,CONTRACTOR,STANDARD,8231,ZZZC-Capital
RBC Legal Entity,30/05/2022,4680772,319705,3D ALUMINIUM PLAS LTD,Thameside Primary,136374.64,External Fees  Misc.,CONTRACTOR,STANDARD,8231,ZZZC-Capital
RBC Legal Entity,30/05/2022,4680605,319707,ACTIVE ASSISTANCE,PS Acquired Community Services,634.34,Purchased Care,SUPPLIER,STANDARD,5771,JAAA-Directorate of Social Care and Health Services
RBC Legal Entity,30/05/2022,4680606,319707,ACTIVE ASSISTANCE,PS Acquired Community Services,952.83,Purchased Care,SUPPLIER,STANDARD,5771,JAAA-Directorate of Social Care and Health Services
RBC Legal Entity,30/05/2022,4678225,319710,NORTH AVS LTD,Corporate Offices,1998.24,Building Works,SUB-CONTRACTOR,STANDARD,8602,ZZZC-Capital
RBC Legal Entity,30/05/2022,4678335,319712,HAMBLIN WATERMAINS,DLO Day to Day Trades,708.34,Subcontractors Labour,SUB-CONTRACTOR,STANDARD,4010,KAAA-Directorate of Economic Growth and Neighbourhood Services
RBC Legal Entity,30/05/2022,4686559,319714,MRS H C UWANNAH & DR E C UWANNAH,Guaranteed Rent Scheme,880.53,Rents,Direct Payments,STANDARD,5872,KAAA-Directorate of Economic Growth and Neighbourhood Services
RBC Legal Entity,30/05/2022,4677444,319715,AGRICULTURAL & ESTATE SERVICES,Parks + Open Spaces,8300,Contractors,SUB-CONTRACTOR,STANDARD,8003,ZZZC-Capital
RBC Legal Entity,30/05/2022,4681174,319716,GLASRITE LTD,DLO Wokingham Trades,550,Subcontractors Labour,SUB-CONTRACTOR,STANDARD,4050,KAAA-Directorate of Economic Growth and Neighbourhood Services
RBC Legal Entity,30/05/2022,4681220,319716,GLASRITE LTD,DLO Voids Trades,640,Subcontractors Labour,SUB-CONTRACTOR,STANDARD,4020,KAAA-Directorate of Economic Growth and Neighbourhood Services
RBC Legal Entity,30/05/2022,4681221,319716,GLASRITE LTD,DLO Voids Trades,540,Subcontractors Labour,SUB-CONTRACTOR,STANDARD,4020,KAAA-Directorate of Economic Growth and Neighbourhood Services
RBC Legal Entity,30/05/2022,4677211,319718,WEST BERKSHIRE COUNCIL,IT Management,40000,Subscriptions,GOVERNMENT,STANDARD,2300,EAAA-Chief Executive
RBC Legal Entity,30/05/2022,4679195,319718,WEST BERKSHIRE COUNCIL,Partnership Equipment Group,202810.79,Aids + Appliances,GOVERNMENT,STANDARD,5110,JAAA-Directorate of Social Care and Health Services
RBC Legal Entity,30/05/2022,4678323,319722,CORE ASSETS GROUP,JLT Disbursements,1230.2,Misc. Legal Expenses,Third Party Supplier,STANDARD,2407,LAAA-Directorate of Resources
RBC Legal Entity,30/05/2022,4686001,319723,MRS B DESAX & MR O ANTILLE,Guaranteed Rent Scheme,1006.72,Rents,SUPPLIER,STANDARD,5872,KAAA-Directorate of Economic Growth and Neighbourhood Services
RBC Legal Entity,30/05/2022,4686333,319724,MARTYN RUSSELL PROPERTY SERVICES LTD,Guaranteed Rent Scheme,694.59,Rents,SUPPLIER,STANDARD,5872,KAAA-Directorate of Economic Growth and Neighbourhood Services
RBC Legal Entity,30/05/2022,4686448,319725,AISHA MALIK,Guaranteed Rent Scheme,880.53,Rents,Landlord,STANDARD,5872,KAAA-Directorate of Economic Growth and Neighbourhood Services
RBC Legal Entity,30/05/2022,4686167,319726,MATTHEW BRAZIL,Guaranteed Rent Scheme,947.4,Rents,SUPPLIER,STANDARD,5872,KAAA-Directorate of Economic Growth and Neighbourhood Services
RBC Legal Entity,30/05/2022,4686383,319727,GILLS ESTATES,Guaranteed Rent Scheme,694.59,Rents,Third Party Supplier,STANDARD,5872,KAAA-Directorate of Economic Growth and Neighbourhood Services
RBC Legal Entity,30/05/2022,4686590,319728,GILLS ESTATES,Guaranteed Rent Scheme,682.98,Rents,Third Party Supplier,STANDARD,5872,KAAA-Directorate of Economic Growth and Neighbourhood Services
RBC Legal Entity,30/05/2022,4686041,319729,MAYA RANI MALHOTRA,Guaranteed Rent Scheme,1545.74,Rents,SUPPLIER,STANDARD,5872,KAAA-Directorate of Economic Growth and Neighbourhood Services
RBC Legal Entity,30/05/2022,4686182,319729,MAYA RANI MALHOTRA,Guaranteed Rent Scheme,1545.74,Rents,SUPPLIER,STANDARD,5872,KAAA-Directorate of Economic Growth and Neighbourhood Services
RBC Legal Entity,30/05/2022,4685988,319730,ELIAS PARIKOS,Guaranteed Rent Scheme,792.83,Rents,SUPPLIER,STANDARD,5872,KAAA-Directorate of Economic Growth and Neighbourhood Services
RBC Legal Entity,30/05/2022,4684653,319731,PARSONS MARSHALL PSYCHOLOGY LTD,JLT Disbursements,873.6,Misc. Legal Expenses,SUPPLIER,STANDARD,2407,LAAA-Directorate of Resources
RBC Legal Entity,30/05/2022,4686183,319732,ANDREW & JACQUELINE FREEBORN,Guaranteed Rent Scheme,694,Rents,SUPPLIER,STANDARD,5872,KAAA-Directorate of Economic Growth and Neighbourhood Services
RBC Legal Entity,30/05/2022,4686266,319732,ANDREW & JACQUELINE FREEBORN,Guaranteed Rent Scheme,694,Rents,SUPPLIER,STANDARD,5872,KAAA-Directorate of Economic Growth and Neighbourhood Services
RBC Legal Entity,30/05/2022,4686630,319733,LUCY CAMERON,Guaranteed Rent Scheme,947.4,Rents,Landlord,STANDARD,5872,KAAA-Directorate of Economic Growth and Neighbourhood Services
RBC Legal Entity,30/05/2022,4677279,319734,DENNIS EAGLE LTD,Fleet Management,73,Unfair Wear + Tear Costs,SUPPLIER,STANDARD,4552,KAAA-Directorate of Economic Growth and Neighbourhood Services
RBC Legal Entity,30/05/2022,4677279,319734,DENNIS EAGLE LTD,Fleet Management,100.56,Unfair Wear + Tear Costs,SUPPLIER,STANDARD,4552,KAAA-Directorate of Economic Growth and Neighbourhood Services
RBC Legal Entity,30/05/2022,4677279,319734,DENNIS EAGLE LTD,Fleet Management,103.7,Unfair Wear + Tear Costs,SUPPLIER,STANDARD,4552,KAAA-Directorate of Economic Growth and Neighbourhood Services
RBC Legal Entity,30/05/2022,4677279,319734,DENNIS EAGLE LTD,Fleet Management,139,Unfair Wear + Tear Costs,SUPPLIER,STANDARD,4552,KAAA-Directorate of Economic Growth and Neighbourhood Services
RBC Legal Entity,30/05/2022,4677279,319734,DENNIS EAGLE LTD,Fleet Management,147,Unfair Wear + Tear Costs,SUPPLIER,STANDARD,4552,KAAA-Directorate of Economic Growth and Neighbourhood Services
RBC Legal Entity,30/05/2022,4677279,319734,DENNIS EAGLE LTD,Fleet Management,158.5,Unfair Wear + Tear Costs,SUPPLIER,STANDARD,4552,KAAA-Directorate of Economic Growth and Neighbourhood Services
RBC Legal Entity,30/05/2022,4677279,319734,DENNIS EAGLE LTD,Fleet Management,305.33,Unfair Wear + Tear Costs,SUPPLIER,STANDARD,4552,KAAA-Directorate of Economic Growth and Neighbourhood Services
RBC Legal Entity,30/05/2022,4677279,319734,DENNIS EAGLE LTD,Fleet Management,362.5,Unfair Wear + Tear Costs,SUPPLIER,STANDARD,4552,KAAA-Directorate of Economic Growth and Neighbourhood Services
RBC Legal Entity,30/05/2022,4677420,319734,DENNIS EAGLE LTD,Fleet Management,1318.83,Unfair Wear + Tear Costs,SUPPLIER,STANDARD,4552,KAAA-Directorate of Economic Growth and Neighbourhood Services
RBC Legal Entity,30/05/2022,4686364,319735,STEPHEN SAUNDERS,Guaranteed Rent Scheme,880.53,Rents,SUPPLIER,STANDARD,5872,KAAA-Directorate of Economic Growth and Neighbourhood Services
RBC Legal Entity,30/05/2022,4686058,319736,PROSPECT HOLDINGS (READING) LTD,Guaranteed Rent Scheme,694.59,Rents,Landlord,STANDARD,5872,KAAA-Directorate of Economic Growth and Neighbourhood Services
RBC Legal Entity,30/05/2022,4686059,319736,PROSPECT HOLDINGS (READING) LTD,Guaranteed Rent Scheme,694.59,Rents,Landlord,STANDARD,5872,KAAA-Directorate of Economic Growth and Neighbourhood Services
RBC Legal Entity,30/05/2022,4686060,319736,PROSPECT HOLDINGS (READING) LTD,Guaranteed Rent Scheme,694.59,Rents,Landlord,STANDARD,5872,KAAA-Directorate of Economic Growth and Neighbourhood Services
RBC Legal Entity,30/05/2022,4686061,319736,PROSPECT HOLDINGS (READING) LTD,Guaranteed Rent Scheme,694.59,Rents,Landlord,STANDARD,5872,KAAA-Directorate of Economic Growth and Neighbourhood Services
RBC Legal Entity,30/05/2022,4677299,319737,DNA LEGAL LTD,JLT Disbursements,519,Misc. Legal Expenses,SUPPLIER,STANDARD,2407,LAAA-Directorate of Resources
RBC Legal Entity,30/05/2022,4686372,319738,WILLIAMS PROPERTY PARTNERSHIP,Guaranteed Rent Scheme,945,Rents,SUPPLIER,STANDARD,5872,KAAA-Directorate of Economic Growth and Neighbourhood Services
RBC Legal Entity,30/05/2022,4686215,319739,WILLIAMS PROPERTY PARTNERSHIP,Guaranteed Rent Scheme,945,Rents,SUPPLIER,STANDARD,5872,KAAA-Directorate of Economic Growth and Neighbourhood Services
RBC Legal Entity,30/05/2022,4686042,319740,PERKINS PROPERTIES ,Guaranteed Rent Scheme,1146.86,Rents,SUPPLIER,STANDARD,5872,KAAA-Directorate of Economic Growth and Neighbourhood Services
RBC Legal Entity,30/05/2022,4686097,319741,OYSTER PROPERTIES,Guaranteed Rent Scheme,865.8,Rents,SUPPLIER,STANDARD,5872,KAAA-Directorate of Economic Growth and Neighbourhood Services
RBC Legal Entity,30/05/2022,4686272,319741,OYSTER PROPERTIES,Guaranteed Rent Scheme,682.98,Rents,SUPPLIER,STANDARD,5872,KAAA-Directorate of Economic Growth and Neighbourhood Services
RBC Legal Entity,30/05/2022,4686436,319742,ALAN BUNKER & ANNE WELSH,Guaranteed Rent Scheme,880.53,Rents,SUPPLIER,STANDARD,5872,KAAA-Directorate of Economic Growth and Neighbourhood Services
RBC Legal Entity,30/05/2022,4686028,319744,LYNX LETTINGS LTD,Guaranteed Rent Scheme,1388.74,Rents,SUPPLIER,STANDARD,5872,KAAA-Directorate of Economic Growth and Neighbourhood Services
RBC Legal Entity,30/05/2022,4686037,319744,LYNX LETTINGS LTD,Guaranteed Rent Scheme,1388.74,Rents,SUPPLIER,STANDARD,5872,KAAA-Directorate of Economic Growth and Neighbourhood Services
RBC Legal Entity,30/05/2022,4686502,319744,LYNX LETTINGS LTD,Guaranteed Rent Scheme,1006.72,Rents,SUPPLIER,STANDARD,5872,KAAA-Directorate of Economic Growth and Neighbourhood Services
RBC Legal Entity,30/05/2022,4686463,319745,MERCEDES SPENCE,Guaranteed Rent Scheme,1006.72,Rents,Landlord,STANDARD,5872,KAAA-Directorate of Economic Growth and Neighbourhood Services
RBC Legal Entity,30/05/2022,4686027,319746,DR MICHAEL YEBOAH,Guaranteed Rent Scheme,1146.86,Rents,SUPPLIER,STANDARD,5872,KAAA-Directorate of Economic Growth and Neighbourhood Services
RBC Legal Entity,30/05/2022,4686254,319747,RAMI MURSI,Guaranteed Rent Scheme,947.4,Rents,SUPPLIER,STANDARD,5872,KAAA-Directorate of Economic Growth and Neighbourhood Services
RBC Legal Entity,30/05/2022,4686007,319748,DANIEL SIMMONS,Guaranteed Rent Scheme,947.4,Rents,SUPPLIER,STANDARD,5872,KAAA-Directorate of Economic Growth and Neighbourhood Services
RBC Legal Entity,30/05/2022,4686274,319749,SEAN HEATH,Guaranteed Rent Scheme,947.4,Rents,Landlord,STANDARD,5872,KAAA-Directorate of Economic Growth and Neighbourhood Services
RBC Legal Entity,30/05/2022,4685953,319750,SEAN HEATH,Guaranteed Rent Scheme,694.59,Rents,Landlord,STANDARD,5872,KAAA-Directorate of Economic Growth and Neighbourhood Services
RBC Legal Entity,30/05/2022,4686014,319750,SEAN HEATH,Guaranteed Rent Scheme,792.83,Rents,Landlord,STANDARD,5872,KAAA-Directorate of Economic Growth and Neighbourhood Services
RBC Legal Entity,30/05/2022,4686136,319750,SEAN HEATH,Guaranteed Rent Scheme,947.4,Rents,Landlord,STANDARD,5872,KAAA-Directorate of Economic Growth and Neighbourhood Services
RBC Legal Entity,30/05/2022,4686197,319750,SEAN HEATH,Guaranteed Rent Scheme,792.83,Rents,Landlord,STANDARD,5872,KAAA-Directorate of Economic Growth and Neighbourhood Services
RBC Legal Entity,30/05/2022,4686401,319750,SEAN HEATH,Guaranteed Rent Scheme,792.83,Rents,Landlord,STANDARD,5872,KAAA-Directorate of Economic Growth and Neighbourhood Services
RBC Legal Entity,30/05/2022,4686514,319750,SEAN HEATH,Guaranteed Rent Scheme,694.59,Rents,Landlord,STANDARD,5872,KAAA-Directorate of Economic Growth and Neighbourhood Services
RBC Legal Entity,30/05/2022,4686610,319750,SEAN HEATH,Guaranteed Rent Scheme,880.53,Rents,Landlord,STANDARD,5872,KAAA-Directorate of Economic Growth and Neighbourhood Services
RBC Legal Entity,30/05/2022,4686021,319751,SEAN HEATH,Guaranteed Rent Scheme,792.83,Rents,Landlord,STANDARD,5872,KAAA-Directorate of Economic Growth and Neighbourhood Services
RBC Legal Entity,30/05/2022,4686175,319751,SEAN HEATH,Guaranteed Rent Scheme,947.4,Rents,Landlord,STANDARD,5872,KAAA-Directorate of Economic Growth and Neighbourhood Services
RBC Legal Entity,30/05/2022,4686209,319752,GURINDER SINGH,Guaranteed Rent Scheme,865.8,Rents,SUPPLIER,STANDARD,5872,KAAA-Directorate of Economic Growth and Neighbourhood Services
RBC Legal Entity,30/05/2022,4686049,319753,ROSS ERLAM,Guaranteed Rent Scheme,840.58,Rents,SUPPLIER,STANDARD,5872,KAAA-Directorate of Economic Growth and Neighbourhood Services
RBC Legal Entity,30/05/2022,4686241,319754,TERESA HARRIS,Guaranteed Rent Scheme,694.59,Rents,SUPPLIER,STANDARD,5872,KAAA-Directorate of Economic Growth and Neighbourhood Services
RBC Legal Entity,30/05/2022,4686180,319755,MR P C BIDGOOD,Guaranteed Rent Scheme,947.4,Rents,SUPPLIER,STANDARD,5872,KAAA-Directorate of Economic Growth and Neighbourhood Services
RBC Legal Entity,30/05/2022,4686263,319757,RAJINDER SOHPAL,Guaranteed Rent Scheme,792.83,Rents,SUPPLIER,STANDARD,5872,KAAA-Directorate of Economic Growth and Neighbourhood Services
RBC Legal Entity,30/05/2022,4686313,319757,RAJINDER SOHPAL,Guaranteed Rent Scheme,947.4,Rents,SUPPLIER,STANDARD,5872,KAAA-Directorate of Economic Growth and Neighbourhood Services
RBC Legal Entity,30/05/2022,4686451,319757,RAJINDER SOHPAL,Guaranteed Rent Scheme,947.4,Rents,SUPPLIER,STANDARD,5872,KAAA-Directorate of Economic Growth and Neighbourhood Services
RBC Legal Entity,30/05/2022,4686455,319757,RAJINDER SOHPAL,Guaranteed Rent Scheme,947.4,Rents,SUPPLIER,STANDARD,5872,KAAA-Directorate of Economic Growth and Neighbourhood Services
RBC Legal Entity,30/05/2022,4686507,319757,RAJINDER SOHPAL,Guaranteed Rent Scheme,694.59,Rents,SUPPLIER,STANDARD,5872,KAAA-Directorate of Economic Growth and Neighbourhood Services
RBC Legal Entity,30/05/2022,4685894,319758,WOODLEYS ESTATE AGENT,Guaranteed Rent Scheme,880.53,Rents,Landlord,STANDARD,5872,KAAA-Directorate of Economic Growth and Neighbourhood Services
RBC Legal Entity,30/05/2022,4686107,319758,WOODLEYS ESTATE AGENT,Guaranteed Rent Scheme,682.98,Rents,Landlord,STANDARD,5872,KAAA-Directorate of Economic Growth and Neighbourhood Services
RBC Legal Entity,30/05/2022,4686166,319758,WOODLEYS ESTATE AGENT,Guaranteed Rent Scheme,1388.74,Rents,Landlord,STANDARD,5872,KAAA-Directorate of Economic Growth and Neighbourhood Services
RBC Legal Entity,30/05/2022,4686312,319758,WOODLEYS ESTATE AGENT,Guaranteed Rent Scheme,1388.74,Rents,Landlord,STANDARD,5872,KAAA-Directorate of Economic Growth and Neighbourhood Services
RBC Legal Entity,30/05/2022,4686449,319758,WOODLEYS ESTATE AGENT,Guaranteed Rent Scheme,880.53,Rents,Landlord,STANDARD,5872,KAAA-Directorate of Economic Growth and Neighbourhood Services
RBC Legal Entity,30/05/2022,4686458,319758,WOODLEYS ESTATE AGENT,Guaranteed Rent Scheme,880.53,Rents,Landlord,STANDARD,5872,KAAA-Directorate of Economic Growth and Neighbourhood Services
RBC Legal Entity,30/05/2022,4686316,319759,GUY BRAZIL,Guaranteed Rent Scheme,694.59,Rents,SUPPLIER,STANDARD,5872,KAAA-Directorate of Economic Growth and Neighbourhood Services
RBC Legal Entity,30/05/2022,4685925,319760,READING LETTINGS,Guaranteed Rent Scheme,694.59,Rents,Landlord,STANDARD,5872,KAAA-Directorate of Economic Growth and Neighbourhood Services
RBC Legal Entity,30/05/2022,4685936,319760,READING LETTINGS,Guaranteed Rent Scheme,694.59,Rents,Landlord,STANDARD,5872,KAAA-Directorate of Economic Growth and Neighbourhood Services
RBC Legal Entity,30/05/2022,4686019,319760,READING LETTINGS,Guaranteed Rent Scheme,865.8,Rents,Landlord,STANDARD,5872,KAAA-Directorate of Economic Growth and Neighbourhood Services
RBC Legal Entity,30/05/2022,4686430,319760,READING LETTINGS,Guaranteed Rent Scheme,1006.72,Rents,Landlord,STANDARD,5872,KAAA-Directorate of Economic Growth and Neighbourhood Services
RBC Legal Entity,30/05/2022,4686483,319760,READING LETTINGS,Guaranteed Rent Scheme,694.59,Rents,Landlord,STANDARD,5872,KAAA-Directorate of Economic Growth and Neighbourhood Services
RBC Legal Entity,30/05/2022,4685954,319761,JEREMY SIMMONS,Guaranteed Rent Scheme,1146.86,Rents,SUPPLIER,STANDARD,5872,KAAA-Directorate of Economic Growth and Neighbourhood Services
RBC Legal Entity,30/05/2022,4686255,319761,JEREMY SIMMONS,Guaranteed Rent Scheme,1146.86,Rents,SUPPLIER,STANDARD,5872,KAAA-Directorate of Economic Growth and Neighbourhood Services
RBC Legal Entity,30/05/2022,4686549,319761,JEREMY SIMMONS,Guaranteed Rent Scheme,880.53,Rents,SUPPLIER,STANDARD,5872,KAAA-Directorate of Economic Growth and Neighbourhood Services
RBC Legal Entity,30/05/2022,4686599,319761,JEREMY SIMMONS,Guaranteed Rent Scheme,880.53,Rents,SUPPLIER,STANDARD,5872,KAAA-Directorate of Economic Growth and Neighbourhood Services
RBC Legal Entity,30/05/2022,4686341,319762,RADHA DHARAMDASS-FORTUNE,Guaranteed Rent Scheme,880.53,Rents,Third Party Supplier,STANDARD,5872,KAAA-Directorate of Economic Growth and Neighbourhood Services
RBC Legal Entity,30/05/2022,4677278,319763,HOARDING DISORDERS UK CIC,ASC Short Term Team,790,Training & Development Costs,SUPPLIER,STANDARD,5722,JAAA-Directorate of Social Care and Health Services
RBC Legal Entity,30/05/2022,4686135,319764,BRIAN SHARP,Guaranteed Rent Scheme,840.58,Rents,SUPPLIER,STANDARD,5872,KAAA-Directorate of Economic Growth and Neighbourhood Services
RBC Legal Entity,30/05/2022,4685933,319765,JAY JONES,Guaranteed Rent Scheme,1006.72,Rents,SUPPLIER,STANDARD,5872,KAAA-Directorate of Economic Growth and Neighbourhood Services
RBC Legal Entity,30/05/2022,4686106,319766,KOFI APPAU,Guaranteed Rent Scheme,947.4,Rents,SUPPLIER,STANDARD,5872,KAAA-Directorate of Economic Growth and Neighbourhood Services
RBC Legal Entity,30/05/2022,4685892,319767,MARK & VENERA YOUNG,Guaranteed Rent Scheme,900,Rents,SUPPLIER,STANDARD,5872,KAAA-Directorate of Economic Growth and Neighbourhood Services
RBC Legal Entity,30/05/2022,4686063,319767,MARK & VENERA YOUNG,Guaranteed Rent Scheme,947.4,Rents,SUPPLIER,STANDARD,5872,KAAA-Directorate of Economic Growth and Neighbourhood Services
RBC Legal Entity,30/05/2022,4685945,319768,MOHAMMED S AHMED,Guaranteed Rent Scheme,1388.74,Rents,SUPPLIER,STANDARD,5872,KAAA-Directorate of Economic Growth and Neighbourhood Services
RBC Legal Entity,30/05/2022,4685890,319769,MARTYN GRANT,Guaranteed Rent Scheme,694.59,Rents,SUPPLIER,STANDARD,5872,KAAA-Directorate of Economic Growth and Neighbourhood Services
RBC Legal Entity,30/05/2022,4686581,319769,MARTYN GRANT,Guaranteed Rent Scheme,694.59,Rents,SUPPLIER,STANDARD,5872,KAAA-Directorate of Economic Growth and Neighbourhood Services
RBC Legal Entity,30/05/2022,4686077,319770,STEPHEN DORSEY,Guaranteed Rent Scheme,1545.74,Rents,Third Party Supplier,STANDARD,5872,KAAA-Directorate of Economic Growth and Neighbourhood Services
RBC Legal Entity,30/05/2022,4686392,319770,STEPHEN DORSEY,Guaranteed Rent Scheme,792.83,Rents,Third Party Supplier,STANDARD,5872,KAAA-Directorate of Economic Growth and Neighbourhood Services
RBC Legal Entity,30/05/2022,4686418,319770,STEPHEN DORSEY,Guaranteed Rent Scheme,694.59,Rents,Third Party Supplier,STANDARD,5872,KAAA-Directorate of Economic Growth and Neighbourhood Services
RBC Legal Entity,30/05/2022,4686018,319771,AQSA QURESHI,Guaranteed Rent Scheme,1146.86,Rents,SUPPLIER,STANDARD,5872,KAAA-Directorate of Economic Growth and Neighbourhood Services
RBC Legal Entity,30/05/2022,4686074,319771,AQSA QURESHI,Guaranteed Rent Scheme,947.4,Rents,SUPPLIER,STANDARD,5872,KAAA-Directorate of Economic Growth and Neighbourhood Services
RBC Legal Entity,30/05/2022,4686643,319771,AQSA QURESHI,Guaranteed Rent Scheme,947.4,Rents,SUPPLIER,STANDARD,5872,KAAA-Directorate of Economic Growth and Neighbourhood Services
RBC Legal Entity,30/05/2022,4685899,319772,EDWARD BATSON,Guaranteed Rent Scheme,1146.86,Rents,SUPPLIER,STANDARD,5872,KAAA-Directorate of Economic Growth and Neighbourhood Services
RBC Legal Entity,30/05/2022,4685937,319773,MICHELLE BOYLAN,Guaranteed Rent Scheme,1146.86,Rents,SUPPLIER,STANDARD,5872,KAAA-Directorate of Economic Growth and Neighbourhood Services
RBC Legal Entity,30/05/2022,4686129,319774,LEE & HANNAH VOCKINS,Guaranteed Rent Scheme,1146.86,Rents,SUPPLIER,STANDARD,5872,KAAA-Directorate of Economic Growth and Neighbourhood Services
RBC Legal Entity,30/05/2022,4686024,319775,JOANNE ASKIN,Guaranteed Rent Scheme,947.4,Rents,SUPPLIER,STANDARD,5872,KAAA-Directorate of Economic Growth and Neighbourhood Services
RBC Legal Entity,30/05/2022,4686044,319776,MICHAEL HUNKA,Guaranteed Rent Scheme,947.4,Rents,SUPPLIER,STANDARD,5872,KAAA-Directorate of Economic Growth and Neighbourhood Services
RBC Legal Entity,30/05/2022,4686200,319776,MICHAEL HUNKA,Guaranteed Rent Scheme,1545.74,Rents,SUPPLIER,STANDARD,5872,KAAA-Directorate of Economic Growth and Neighbourhood Services
RBC Legal Entity,30/05/2022,4686279,319776,MICHAEL HUNKA,Guaranteed Rent Scheme,792.83,Rents,SUPPLIER,STANDARD,5872,KAAA-Directorate of Economic Growth and Neighbourhood Services
RBC Legal Entity,30/05/2022,4686575,319776,MICHAEL HUNKA,Guaranteed Rent Scheme,880.53,Rents,SUPPLIER,STANDARD,5872,KAAA-Directorate of Economic Growth and Neighbourhood Services
RBC Legal Entity,30/05/2022,4686660,319776,MICHAEL HUNKA,Guaranteed Rent Scheme,947.4,Rents,SUPPLIER,STANDARD,5872,KAAA-Directorate of Economic Growth and Neighbourhood Services
RBC Legal Entity,30/05/2022,4686357,319777,LISA & MARTIN PERRIN,Guaranteed Rent Scheme,947.4,Rents,SUPPLIER,STANDARD,5872,KAAA-Directorate of Economic Growth and Neighbourhood Services
RBC Legal Entity,30/05/2022,4685896,319778,E VAN DER KAMP & S BLAKENEY,Guaranteed Rent Scheme,1146.86,Rents,SUPPLIER,STANDARD,5872,KAAA-Directorate of Economic Growth and Neighbourhood Services
RBC Legal Entity,30/05/2022,4685898,319779,AMIT BRAICH,Guaranteed Rent Scheme,880.53,Rents,SUPPLIER,STANDARD,5872,KAAA-Directorate of Economic Growth and Neighbourhood Services
RBC Legal Entity,30/05/2022,4686034,319780,NIGEL & ELIANA SYDES,Guaranteed Rent Scheme,792.83,Rents,SUPPLIER,STANDARD,5872,KAAA-Directorate of Economic Growth and Neighbourhood Services
RBC Legal Entity,30/05/2022,4681829,319781,PILON LTD,DLO Day to Day Trades,60231.44,Subcontractors Labour,SUB-CONTRACTOR,STANDARD,4010,KAAA-Directorate of Economic Growth and Neighbourhood Services
RBC Legal Entity,30/05/2022,4681834,319781,PILON LTD,DLO Kitchen & Bathroom Trades,9647.94,Subcontractors Labour,SUB-CONTRACTOR,STANDARD,4042,KAAA-Directorate of Economic Growth and Neighbourhood Services
RBC Legal Entity,30/05/2022,4685904,319782,MARTIN JOHN PRODGER,Guaranteed Rent Scheme,1388.74,Rents,SUPPLIER,STANDARD,5872,KAAA-Directorate of Economic Growth and Neighbourhood Services
RBC Legal Entity,30/05/2022,4685902,319783,JAMES MILLER,Guaranteed Rent Scheme,947.4,Rents,SUPPLIER,STANDARD,5872,KAAA-Directorate of Economic Growth and Neighbourhood Services
RBC Legal Entity,30/05/2022,4685905,319784,SIOBHAN SANCTUARY,Guaranteed Rent Scheme,1365.52,Rents,SUPPLIER,STANDARD,5872,KAAA-Directorate of Economic Growth and Neighbourhood Services
RBC Legal Entity,30/05/2022,4686128,319784,SIOBHAN SANCTUARY,Guaranteed Rent Scheme,961.09,Rents,SUPPLIER,STANDARD,5872,KAAA-Directorate of Economic Growth and Neighbourhood Services
RBC Legal Entity,30/05/2022,4686321,319785,HADI & MUBARKA MEHTA,Guaranteed Rent Scheme,1146.86,Rents,SUPPLIER,STANDARD,5872,KAAA-Directorate of Economic Growth and Neighbourhood Services
RBC Legal Entity,30/05/2022,4686359,319786,SHAHIN GULAMALI,Guaranteed Rent Scheme,694.59,Rents,SUPPLIER,STANDARD,5872,KAAA-Directorate of Economic Growth and Neighbourhood Services
RBC Legal Entity,30/05/2022,4686181,319787,JASON METHVEN,Guaranteed Rent Scheme,694.59,Rents,SUPPLIER,STANDARD,5872,KAAA-Directorate of Economic Growth and Neighbourhood Services
RBC Legal Entity,30/05/2022,4686381,319787,JASON METHVEN,Guaranteed Rent Scheme,792.83,Rents,SUPPLIER,STANDARD,5872,KAAA-Directorate of Economic Growth and Neighbourhood Services
RBC Legal Entity,30/05/2022,4686498,319787,JASON METHVEN,Guaranteed Rent Scheme,694.59,Rents,SUPPLIER,STANDARD,5872,KAAA-Directorate of Economic Growth and Neighbourhood Services
RBC Legal Entity,30/05/2022,4685909,319788,MICHAEL & PAULINE MILLER,Guaranteed Rent Scheme,947.4,Rents,SUPPLIER,STANDARD,5872,KAAA-Directorate of Economic Growth and Neighbourhood Services
RBC Legal Entity,30/05/2022,4685981,319789,MIKE COTTER,Guaranteed Rent Scheme,1545.74,Rents,SUPPLIER,STANDARD,5872,KAAA-Directorate of Economic Growth and Neighbourhood Services
RBC Legal Entity,30/05/2022,4685907,319790,SHING HEUNG,Guaranteed Rent Scheme,694.59,Rents,SUPPLIER,STANDARD,5872,KAAA-Directorate of Economic Growth and Neighbourhood Services
RBC Legal Entity,30/05/2022,4685910,319791,KAY REEVE,Guaranteed Rent Scheme,1006.72,Rents,SUPPLIER,STANDARD,5872,KAAA-Directorate of Economic Growth and Neighbourhood Services
RBC Legal Entity,30/05/2022,4685912,319792,HANNAH WATSON-TOFT,Guaranteed Rent Scheme,1146.86,Rents,SUPPLIER,STANDARD,5872,KAAA-Directorate of Economic Growth and Neighbourhood Services
RBC Legal Entity,30/05/2022,4685948,319792,HANNAH WATSON-TOFT,Guaranteed Rent Scheme,1146.86,Rents,SUPPLIER,STANDARD,5872,KAAA-Directorate of Economic Growth and Neighbourhood Services
RBC Legal Entity,30/05/2022,4686123,319793,DEBORAH JEFFRIES,Guaranteed Rent Scheme,961.09,Rents,SUPPLIER,STANDARD,5872,KAAA-Directorate of Economic Growth and Neighbourhood Services
RBC Legal Entity,30/05/2022,4685908,319794,JEREMY SIMMONS & STEFAN WASYLCIW,Guaranteed Rent Scheme,1146.86,Rents,Landlord,STANDARD,5872,KAAA-Directorate of Economic Growth and Neighbourhood Services
RBC Legal Entity,30/05/2022,4685952,319794,JEREMY SIMMONS & STEFAN WASYLCIW,Guaranteed Rent Scheme,694.59,Rents,Landlord,STANDARD,5872,KAAA-Directorate of Economic Growth and Neighbourhood Services
RBC Legal Entity,30/05/2022,4685983,319794,JEREMY SIMMONS & STEFAN WASYLCIW,Guaranteed Rent Scheme,947.4,Rents,Landlord,STANDARD,5872,KAAA-Directorate of Economic Growth and Neighbourhood Services
RBC Legal Entity,30/05/2022,4685923,319795,GARRY & TERESA SOUTHERN,Guaranteed Rent Scheme,840.58,Rents,Landlord,STANDARD,5872,KAAA-Directorate of Economic Growth and Neighbourhood Services
RBC Legal Entity,30/05/2022,4685939,319796,TIMOTHY LANGDALE,Guaranteed Rent Scheme,1545.74,Rents,SUPPLIER,STANDARD,5872,KAAA-Directorate of Economic Growth and Neighbourhood Services
RBC Legal Entity,30/05/2022,4685927,319797,VICTORIA EDWARDS,Guaranteed Rent Scheme,663.08,Rents,SUPPLIER,STANDARD,5872,KAAA-Directorate of Economic Growth and Neighbourhood Services
RBC Legal Entity,30/05/2022,4685926,319798,JAMES & TERESA WARD,Guaranteed Rent Scheme,1146.86,Rents,SUPPLIER,STANDARD,5872,KAAA-Directorate of Economic Growth and Neighbourhood Services
RBC Legal Entity,30/05/2022,4685957,319799,ANTHONY ROE,Guaranteed Rent Scheme,1545.74,Rents,SUPPLIER,STANDARD,5872,KAAA-Directorate of Economic Growth and Neighbourhood Services
RBC Legal Entity,30/05/2022,4686079,319799,ANTHONY ROE,Guaranteed Rent Scheme,663.08,Rents,SUPPLIER,STANDARD,5872,KAAA-Directorate of Economic Growth and Neighbourhood Services
RBC Legal Entity,30/05/2022,4686496,319799,ANTHONY ROE,Guaranteed Rent Scheme,880.53,Rents,SUPPLIER,STANDARD,5872,KAAA-Directorate of Economic Growth and Neighbourhood Services
RBC Legal Entity,30/05/2022,4685924,319800,PAUL & BRENDA DOYLE,Guaranteed Rent Scheme,961.09,Rents,SUPPLIER,STANDARD,5872,KAAA-Directorate of Economic Growth and Neighbourhood Services
RBC Legal Entity,30/05/2022,4686050,319801,DR ALAN BULLOCK,Guaranteed Rent Scheme,947.4,Rents,SUPPLIER,STANDARD,5872,KAAA-Directorate of Economic Growth and Neighbourhood Services
RBC Legal Entity,30/05/2022,4685930,319802,MARK WATTON,Guaranteed Rent Scheme,816.1,Rents,SUPPLIER,STANDARD,5872,KAAA-Directorate of Economic Growth and Neighbourhood Services
RBC Legal Entity,30/05/2022,4685932,319803,RAVI MISHRA,Guaranteed Rent Scheme,1545.74,Rents,SUPPLIER,STANDARD,5872,KAAA-Directorate of Economic Growth and Neighbourhood Services
RBC Legal Entity,30/05/2022,4685987,319804,BRIJINDER & SUNITA ARJUNA,Guaranteed Rent Scheme,947.4,Rents,SUPPLIER,STANDARD,5872,KAAA-Directorate of Economic Growth and Neighbourhood Services
RBC Legal Entity,30/05/2022,4686618,319805,IAN BADCOCK & PETER KIDD,Guaranteed Rent Scheme,880.53,Rents,SUPPLIER,STANDARD,5872,KAAA-Directorate of Economic Growth and Neighbourhood Services
RBC Legal Entity,30/05/2022,4685918,319806,POLLY & NIGEL TUCKER,Guaranteed Rent Scheme,947.4,Rents,SUPPLIER,STANDARD,5872,KAAA-Directorate of Economic Growth and Neighbourhood Services
RBC Legal Entity,30/05/2022,4686371,319806,POLLY & NIGEL TUCKER,Guaranteed Rent Scheme,947.4,Rents,SUPPLIER,STANDARD,5872,KAAA-Directorate of Economic Growth and Neighbourhood Services
RBC Legal Entity,30/05/2022,4686577,319807,MEDACCO LTD,Guaranteed Rent Scheme,694.59,Rents,Landlord,STANDARD,5872,KAAA-Directorate of Economic Growth and Neighbourhood Services
RBC Legal Entity,30/05/2022,4686578,319807,MEDACCO LTD,Guaranteed Rent Scheme,694.59,Rents,Landlord,STANDARD,5872,KAAA-Directorate of Economic Growth and Neighbourhood Services
RBC Legal Entity,30/05/2022,4685990,319808,MEDACCO LTD,Guaranteed Rent Scheme,694.59,Rents,Landlord,STANDARD,5872,KAAA-Directorate of Economic Growth and Neighbourhood Services
RBC Legal Entity,30/05/2022,4686132,319808,MEDACCO LTD,Guaranteed Rent Scheme,694.59,Rents,Landlord,STANDARD,5872,KAAA-Directorate of Economic Growth and Neighbourhood Services
RBC Legal Entity,30/05/2022,4686370,319808,MEDACCO LTD,Guaranteed Rent Scheme,694.59,Rents,Landlord,STANDARD,5872,KAAA-Directorate of Economic Growth and Neighbourhood Services
RBC Legal Entity,30/05/2022,4686426,319808,MEDACCO LTD,Guaranteed Rent Scheme,792.83,Rents,Landlord,STANDARD,5872,KAAA-Directorate of Economic Growth and Neighbourhood Services
RBC Legal Entity,30/05/2022,4686547,319808,MEDACCO LTD,Guaranteed Rent Scheme,694.59,Rents,Landlord,STANDARD,5872,KAAA-Directorate of Economic Growth and Neighbourhood Services
RBC Legal Entity,30/05/2022,4686569,319808,MEDACCO LTD,Guaranteed Rent Scheme,694.59,Rents,Landlord,STANDARD,5872,KAAA-Directorate of Economic Growth and Neighbourhood Services
RBC Legal Entity,30/05/2022,4685919,319809,LISA DE BORJA,Guaranteed Rent Scheme,880.53,Rents,SUPPLIER,STANDARD,5872,KAAA-Directorate of Economic Growth and Neighbourhood Services
RBC Legal Entity,30/05/2022,4686257,319809,LISA DE BORJA,Guaranteed Rent Scheme,880.53,Rents,SUPPLIER,STANDARD,5872,KAAA-Directorate of Economic Growth and Neighbourhood Services
RBC Legal Entity,30/05/2022,4686048,319810,JEMP LLP,Guaranteed Rent Scheme,792.83,Rents,Landlord,STANDARD,5872,KAAA-Directorate of Economic Growth and Neighbourhood Services
RBC Legal Entity,30/05/2022,4685976,319811,JEMP LLP,Guaranteed Rent Scheme,947.4,Rents,Landlord,STANDARD,5872,KAAA-Directorate of Economic Growth and Neighbourhood Services
RBC Legal Entity,30/05/2022,4685997,319812,CLIFF WALLER,Guaranteed Rent Scheme,816.1,Rents,SUPPLIER,STANDARD,5872,KAAA-Directorate of Economic Growth and Neighbourhood Services
RBC Legal Entity,30/05/2022,4685917,319813,CHRISTINE O'NEIL,Guaranteed Rent Scheme,840.58,Rents,SUPPLIER,STANDARD,5872,KAAA-Directorate of Economic Growth and Neighbourhood Services
RBC Legal Entity,30/05/2022,4685928,319814,ROSALIND SIMMONS & POLLY TUCKER,Guaranteed Rent Scheme,947.4,Rents,SUPPLIER,STANDARD,5872,KAAA-Directorate of Economic Growth and Neighbourhood Services
RBC Legal Entity,30/05/2022,4685929,319815,JASON & SCOTT LONDON,Guaranteed Rent Scheme,816.1,Rents,SUPPLIER,STANDARD,5872,KAAA-Directorate of Economic Growth and Neighbourhood Services
RBC Legal Entity,30/05/2022,4685935,319817,OAKCOT LTD,Guaranteed Rent Scheme,663.08,Rents,Third Party Supplier,STANDARD,5872,KAAA-Directorate of Economic Growth and Neighbourhood Services
RBC Legal Entity,30/05/2022,4686369,319818,PRIYA SAJU KANNATH,Guaranteed Rent Scheme,1146.86,Rents,SUPPLIER,STANDARD,5872,KAAA-Directorate of Economic Growth and Neighbourhood Services
RBC Legal Entity,30/05/2022,4686185,319819,FINEWAYS PROPERTY LTD,Guaranteed Rent Scheme,1477.36,Rents,Landlord,STANDARD,5872,KAAA-Directorate of Economic Growth and Neighbourhood Services
RBC Legal Entity,30/05/2022,4686226,319819,FINEWAYS PROPERTY LTD,Guaranteed Rent Scheme,694.59,Rents,Landlord,STANDARD,5872,KAAA-Directorate of Economic Growth and Neighbourhood Services
RBC Legal Entity,30/05/2022,4686252,319819,FINEWAYS PROPERTY LTD,Guaranteed Rent Scheme,792.83,Rents,Landlord,STANDARD,5872,KAAA-Directorate of Economic Growth and Neighbourhood Services
RBC Legal Entity,30/05/2022,4686334,319819,FINEWAYS PROPERTY LTD,Guaranteed Rent Scheme,947.4,Rents,Landlord,STANDARD,5872,KAAA-Directorate of Economic Growth and Neighbourhood Services
RBC Legal Entity,30/05/2022,4686408,319819,FINEWAYS PROPERTY LTD,Guaranteed Rent Scheme,694.59,Rents,Landlord,STANDARD,5872,KAAA-Directorate of Economic Growth and Neighbourhood Services
RBC Legal Entity,30/05/2022,4686411,319819,FINEWAYS PROPERTY LTD,Guaranteed Rent Scheme,792.83,Rents,Landlord,STANDARD,5872,KAAA-Directorate of Economic Growth and Neighbourhood Services
RBC Legal Entity,30/05/2022,4686457,319819,FINEWAYS PROPERTY LTD,Guaranteed Rent Scheme,694.59,Rents,Landlord,STANDARD,5872,KAAA-Directorate of Economic Growth and Neighbourhood Services
RBC Legal Entity,30/05/2022,4686495,319819,FINEWAYS PROPERTY LTD,Guaranteed Rent Scheme,880.53,Rents,Landlord,STANDARD,5872,KAAA-Directorate of Economic Growth and Neighbourhood Services
RBC Legal Entity,30/05/2022,4686501,319819,FINEWAYS PROPERTY LTD,Guaranteed Rent Scheme,694.59,Rents,Landlord,STANDARD,5872,KAAA-Directorate of Economic Growth and Neighbourhood Services
RBC Legal Entity,30/05/2022,4686527,319819,FINEWAYS PROPERTY LTD,Guaranteed Rent Scheme,1388.74,Rents,Landlord,STANDARD,5872,KAAA-Directorate of Economic Growth and Neighbourhood Services
RBC Legal Entity,30/05/2022,4686319,319820,SUMANA SEEBORUTH,Guaranteed Rent Scheme,1146.86,Rents,SUPPLIER,STANDARD,5872,KAAA-Directorate of Economic Growth and Neighbourhood Services
RBC Legal Entity,30/05/2022,4686322,319821,ANDREW BYNOE AND DENNY LEWIS-BYNOE,Guaranteed Rent Scheme,947.4,Rents,SUPPLIER,STANDARD,5872,KAAA-Directorate of Economic Growth and Neighbourhood Services
RBC Legal Entity,30/05/2022,4686315,319822,RICHARD GRAHAM AND EMMA GRAHAM,Guaranteed Rent Scheme,947.4,Rents,SUPPLIER,STANDARD,5872,KAAA-Directorate of Economic Growth and Neighbourhood Services
RBC Legal Entity,30/05/2022,4686318,319823,ADAM PERRYMAN,Guaranteed Rent Scheme,792,Rents,SUPPLIER,STANDARD,5872,KAAA-Directorate of Economic Growth and Neighbourhood Services
RBC Legal Entity,30/05/2022,4686114,319824,KAH HOOI LIM,Guaranteed Rent Scheme,694.59,Rents,Landlord,STANDARD,5872,KAAA-Directorate of Economic Growth and Neighbourhood Services
RBC Legal Entity,30/05/2022,4686125,319824,KAH HOOI LIM,Guaranteed Rent Scheme,947.4,Rents,Landlord,STANDARD,5872,KAAA-Directorate of Economic Growth and Neighbourhood Services
RBC Legal Entity,30/05/2022,4686229,319824,KAH HOOI LIM,Guaranteed Rent Scheme,947.4,Rents,Landlord,STANDARD,5872,KAAA-Directorate of Economic Growth and Neighbourhood Services
RBC Legal Entity,30/05/2022,4686416,319824,KAH HOOI LIM,Guaranteed Rent Scheme,947.4,Rents,Landlord,STANDARD,5872,KAAA-Directorate of Economic Growth and Neighbourhood Services
RBC Legal Entity,30/05/2022,4686511,319824,KAH HOOI LIM,Guaranteed Rent Scheme,694.59,Rents,Landlord,STANDARD,5872,KAAA-Directorate of Economic Growth and Neighbourhood Services
RBC Legal Entity,30/05/2022,4686275,319825,LISA CLAIRE BAKER,Guaranteed Rent Scheme,1006.72,Rents,SUPPLIER,STANDARD,5872,KAAA-Directorate of Economic Growth and Neighbourhood Services
RBC Legal Entity,30/05/2022,4686117,319826,SYEDA SAMEENA AHMED,Guaranteed Rent Scheme,1200,Rents,SUPPLIER,STANDARD,5872,KAAA-Directorate of Economic Growth and Neighbourhood Services
RBC Legal Entity,30/05/2022,4687218,319827,PORTALPLANQUEST LTD,Planning,900,Planning Application Fees,SUPPLIER,STANDARD,4700,KAAA-Directorate of Economic Growth and Neighbourhood Services
RBC Legal Entity,30/05/2022,4686009,319828,SUMREEN SHEIKH,Guaranteed Rent Scheme,947.4,Rents,SUPPLIER,STANDARD,5872,KAAA-Directorate of Economic Growth and Neighbourhood Services
RBC Legal Entity,30/05/2022,4685944,319829,ROY & JANET SIMMONDS,Guaranteed Rent Scheme,1545.74,Rents,SUPPLIER,STANDARD,5872,KAAA-Directorate of Economic Growth and Neighbourhood Services
RBC Legal Entity,30/05/2022,4686521,319830,SAMIDHA MALHOTRA,Guaranteed Rent Scheme,1006.72,Rents,Landlord,STANDARD,5872,KAAA-Directorate of Economic Growth and Neighbourhood Services
RBC Legal Entity,30/05/2022,4686038,319831,YASMIN ARMAN,Guaranteed Rent Scheme,1006.72,Rents,SUPPLIER,STANDARD,5872,KAAA-Directorate of Economic Growth and Neighbourhood Services
RBC Legal Entity,30/05/2022,4678305,319832,BRENTWOOD COMMUNICATION LTD,Local Elections,1386.12,Equipment Purchase & Repair,Third Party Supplier,STANDARD,2425,LAAA-Directorate of Resources
RBC Legal Entity,30/05/2022,4686092,319833,FIONA & STEVE HOLLOWAY,Guaranteed Rent Scheme,1146.86,Rents,SUPPLIER,STANDARD,5872,KAAA-Directorate of Economic Growth and Neighbourhood Services
RBC Legal Entity,30/05/2022,4686343,319833,FIONA & STEVE HOLLOWAY,Guaranteed Rent Scheme,947.4,Rents,SUPPLIER,STANDARD,5872,KAAA-Directorate of Economic Growth and Neighbourhood Services
RBC Legal Entity,30/05/2022,4686465,319833,FIONA & STEVE HOLLOWAY,Guaranteed Rent Scheme,694.59,Rents,SUPPLIER,STANDARD,5872,KAAA-Directorate of Economic Growth and Neighbourhood Services
RBC Legal Entity,30/05/2022,4685959,319834,FRANK & GARY HOPE,Guaranteed Rent Scheme,880.53,Rents,SUPPLIER,STANDARD,5872,KAAA-Directorate of Economic Growth and Neighbourhood Services
RBC Legal Entity,30/05/2022,4686396,319834,FRANK & GARY HOPE,Guaranteed Rent Scheme,694.59,Rents,SUPPLIER,STANDARD,5872,KAAA-Directorate of Economic Growth and Neighbourhood Services
RBC Legal Entity,30/05/2022,4686471,319834,FRANK & GARY HOPE,Guaranteed Rent Scheme,880.53,Rents,SUPPLIER,STANDARD,5872,KAAA-Directorate of Economic Growth and Neighbourhood Services
RBC Legal Entity,30/05/2022,4686545,319834,FRANK & GARY HOPE,Guaranteed Rent Scheme,694.59,Rents,SUPPLIER,STANDARD,5872,KAAA-Directorate of Economic Growth and Neighbourhood Services
RBC Legal Entity,30/05/2022,4685941,319835,MAUREEN WHITCHER,Guaranteed Rent Scheme,961.09,Rents,SUPPLIER,STANDARD,5872,KAAA-Directorate of Economic Growth and Neighbourhood Services
RBC Legal Entity,30/05/2022,4686103,319836,RALPH CHANADA,Guaranteed Rent Scheme,694.59,Rents,SUPPLIER,STANDARD,5872,KAAA-Directorate of Economic Growth and Neighbourhood Services
RBC Legal Entity,30/05/2022,4686216,319838,SIMON GROVES,Guaranteed Rent Scheme,694.59,Rents,SUPPLIER,STANDARD,5872,KAAA-Directorate of Economic Growth and Neighbourhood Services
RBC Legal Entity,30/05/2022,4686219,319839,TAIRA CATON,Guaranteed Rent Scheme,947.4,Rents,SUPPLIER,STANDARD,5872,KAAA-Directorate of Economic Growth and Neighbourhood Services
RBC Legal Entity,30/05/2022,4686220,319840,CLIFFORD ALMOND,Guaranteed Rent Scheme,682.98,Rents,SUPPLIER,STANDARD,5872,KAAA-Directorate of Economic Growth and Neighbourhood Services
RBC Legal Entity,30/05/2022,4686466,319840,CLIFFORD ALMOND,Guaranteed Rent Scheme,880.53,Rents,SUPPLIER,STANDARD,5872,KAAA-Directorate of Economic Growth and Neighbourhood Services
RBC Legal Entity,30/05/2022,4686029,319841,TWUMASI OKYERE,Guaranteed Rent Scheme,1146.86,Rents,SUPPLIER,STANDARD,5872,KAAA-Directorate of Economic Growth and Neighbourhood Services
RBC Legal Entity,30/05/2022,4678324,319842,WELCOME TRANSLATION EXPERTS LTD,JLT Disbursements,5390,Misc. Legal Expenses,Third Party Supplier,STANDARD,2407,LAAA-Directorate of Resources
RBC Legal Entity,30/05/2022,4686428,319843,RITA LEE,Guaranteed Rent Scheme,792.83,Rents,SUPPLIER,STANDARD,5872,KAAA-Directorate of Economic Growth and Neighbourhood Services
RBC Legal Entity,30/05/2022,4686565,319844,INFO - SITE LTD,Guaranteed Rent Scheme,1388.74,Rents,Third Party Supplier,STANDARD,5872,KAAA-Directorate of Economic Growth and Neighbourhood Services
RBC Legal Entity,30/05/2022,4686192,319845,GERARD DAVIS,Guaranteed Rent Scheme,1146.86,Rents,Landlord,STANDARD,5872,KAAA-Directorate of Economic Growth and Neighbourhood Services
RBC Legal Entity,30/05/2022,4686235,319846,MR RICHARD GRAHAM,Guaranteed Rent Scheme,1146.86,Rents,SUPPLIER,STANDARD,5872,KAAA-Directorate of Economic Growth and Neighbourhood Services
RBC Legal Entity,30/05/2022,4686195,319848,RUKHSANA BUTT,Guaranteed Rent Scheme,947.4,Rents,SUPPLIER,STANDARD,5872,KAAA-Directorate of Economic Growth and Neighbourhood Services
RBC Legal Entity,30/05/2022,4686344,319849,AMY AND RICHARD GATES,Guaranteed Rent Scheme,947.4,Rents,Third Party Supplier,STANDARD,5872,KAAA-Directorate of Economic Growth and Neighbourhood Services
RBC Legal Entity,30/05/2022,4686497,319850,BOYD RANWELL,Guaranteed Rent Scheme,1006.72,Rents,Landlord,STANDARD,5872,KAAA-Directorate of Economic Growth and Neighbourhood Services
RBC Legal Entity,30/05/2022,4685955,319851,ALEXANDER & YAS BATCHELOR,Guaranteed Rent Scheme,792.83,Rents,SUPPLIER,STANDARD,5872,KAAA-Directorate of Economic Growth and Neighbourhood Services
RBC Legal Entity,30/05/2022,4686096,319853,DANIEL THOMAS GRANT,Guaranteed Rent Scheme,840.58,Rents,SUPPLIER,STANDARD,5872,KAAA-Directorate of Economic Growth and Neighbourhood Services
RBC Legal Entity,30/05/2022,4686412,319855,PATRICK ARTWELL,Guaranteed Rent Scheme,1146.86,Rents,Landlord,STANDARD,5872,KAAA-Directorate of Economic Growth and Neighbourhood Services
RBC Legal Entity,30/05/2022,4685938,319856,EUROCARB LIMITED,Guaranteed Rent Scheme,947.4,Rents,SUPPLIER,STANDARD,5872,KAAA-Directorate of Economic Growth and Neighbourhood Services
RBC Legal Entity,30/05/2022,4686606,319857,DR FARLEY FERNANDO,Guaranteed Rent Scheme,880.53,Rents,Direct Payments,STANDARD,5872,KAAA-Directorate of Economic Growth and Neighbourhood Services
RBC Legal Entity,30/05/2022,4686644,319858,GEORGE HALLMEY,Guaranteed Rent Scheme,947.4,Rents,SUPPLIER,STANDARD,5872,KAAA-Directorate of Economic Growth and Neighbourhood Services
RBC Legal Entity,30/05/2022,4686248,319859,AMAR AZIZ,Guaranteed Rent Scheme,792.83,Rents,SUPPLIER,STANDARD,5872,KAAA-Directorate of Economic Growth and Neighbourhood Services
RBC Legal Entity,30/05/2022,4686267,319859,AMAR AZIZ,Guaranteed Rent Scheme,792.83,Rents,SUPPLIER,STANDARD,5872,KAAA-Directorate of Economic Growth and Neighbourhood Services
RBC Legal Entity,30/05/2022,4686395,319859,AMAR AZIZ,Guaranteed Rent Scheme,792.83,Rents,SUPPLIER,STANDARD,5872,KAAA-Directorate of Economic Growth and Neighbourhood Services
RBC Legal Entity,30/05/2022,4686614,319860,EDWARD MCGREEVY,Guaranteed Rent Scheme,694.59,Rents,SUPPLIER,STANDARD,5872,KAAA-Directorate of Economic Growth and Neighbourhood Services
RBC Legal Entity,30/05/2022,4686305,319861,SHARON AND ROYDEL ROBINSON,Guaranteed Rent Scheme,1146.86,Rents,SUPPLIER,STANDARD,5872,KAAA-Directorate of Economic Growth and Neighbourhood Services
RBC Legal Entity,30/05/2022,4681078,319862,SAFESITE FENCING LTD,Planned Maintenance Trades,8178,Subcontractors Labour,SUB-CONTRACTOR,STANDARD,4040,KAAA-Directorate of Economic Growth and Neighbourhood Services
RBC Legal Entity,30/05/2022,4686100,319863,DAMON GERARD HALL & SARAH ANN ORME,Guaranteed Rent Scheme,694.59,Rents,SUPPLIER,STANDARD,5872,KAAA-Directorate of Economic Growth and Neighbourhood Services
RBC Legal Entity,30/05/2022,4686390,319864,MISS Y C FOSSEY & MR G LUBBOCK,Guaranteed Rent Scheme,1006.72,Rents,Third Party Supplier,STANDARD,5872,KAAA-Directorate of Economic Growth and Neighbourhood Services
RBC Legal Entity,30/05/2022,4686479,319865,ELLEN TOGHER,Guaranteed Rent Scheme,694.59,Rents,SUPPLIER,STANDARD,5872,KAAA-Directorate of Economic Growth and Neighbourhood Services
RBC Legal Entity,30/05/2022,4686475,319866,NORTHWOOD READING,Guaranteed Rent Scheme,880.53,Rents,Landlord,STANDARD,5872,KAAA-Directorate of Economic Growth and Neighbourhood Services
RBC Legal Entity,30/05/2022,4685951,319867,NORTHWOOD READING,Guaranteed Rent Scheme,663.08,Rents,Landlord,STANDARD,5872,KAAA-Directorate of Economic Growth and Neighbourhood Services
RBC Legal Entity,30/05/2022,4686026,319867,NORTHWOOD READING,Guaranteed Rent Scheme,694.59,Rents,Landlord,STANDARD,5872,KAAA-Directorate of Economic Growth and Neighbourhood Services
RBC Legal Entity,30/05/2022,4686191,319867,NORTHWOOD READING,Guaranteed Rent Scheme,865.8,Rents,Landlord,STANDARD,5872,KAAA-Directorate of Economic Growth and Neighbourhood Services
RBC Legal Entity,30/05/2022,4686510,319867,NORTHWOOD READING,Guaranteed Rent Scheme,600,Rents,Landlord,STANDARD,5872,KAAA-Directorate of Economic Growth and Neighbourhood Services
RBC Legal Entity,30/05/2022,4685942,319868,M.S PROPERTY LTD,Guaranteed Rent Scheme,1365.52,Rents,SUPPLIER,STANDARD,5872,KAAA-Directorate of Economic Growth and Neighbourhood Services
RBC Legal Entity,30/05/2022,4685975,319869,ALLAN KEW,Guaranteed Rent Scheme,792.83,Rents,SUPPLIER,STANDARD,5872,KAAA-Directorate of Economic Growth and Neighbourhood Services
RBC Legal Entity,30/05/2022,4686053,319869,ALLAN KEW,Guaranteed Rent Scheme,792.83,Rents,SUPPLIER,STANDARD,5872,KAAA-Directorate of Economic Growth and Neighbourhood Services
RBC Legal Entity,30/05/2022,4686172,319869,ALLAN KEW,Guaranteed Rent Scheme,792.83,Rents,SUPPLIER,STANDARD,5872,KAAA-Directorate of Economic Growth and Neighbourhood Services
RBC Legal Entity,30/05/2022,4686225,319870,JOHN MAYNARD,Guaranteed Rent Scheme,947.4,Rents,SUPPLIER,STANDARD,5872,KAAA-Directorate of Economic Growth and Neighbourhood Services
RBC Legal Entity,30/05/2022,4686509,319870,JOHN MAYNARD,Guaranteed Rent Scheme,694.59,Rents,SUPPLIER,STANDARD,5872,KAAA-Directorate of Economic Growth and Neighbourhood Services
RBC Legal Entity,30/05/2022,4686609,319870,JOHN MAYNARD,Guaranteed Rent Scheme,880.53,Rents,SUPPLIER,STANDARD,5872,KAAA-Directorate of Economic Growth and Neighbourhood Services
RBC Legal Entity,30/05/2022,4677399,319871,F M CONWAY LTD,Highways,618.7,Materials Direct,SUB-CONTRACTOR,STANDARD,4252,KAAA-Directorate of Economic Growth and Neighbourhood Services
RBC Legal Entity,30/05/2022,4679846,319871,F M CONWAY LTD,Highways,436.62,Materials Direct,SUB-CONTRACTOR,STANDARD,4252,KAAA-Directorate of Economic Growth and Neighbourhood Services
RBC Legal Entity,30/05/2022,4680616,319872,SUNLIGHT HOMECARE SERVICES LIMITED,LD Community Services,1197.92,Purchased Care,Third Party Supplier,STANDARD,5741,JAAA-Directorate of Social Care and Health Services
RBC Legal Entity,30/05/2022,4686171,319873,PAULINE CAREY,Guaranteed Rent Scheme,880.53,Rents,Landlord,STANDARD,5872,KAAA-Directorate of Economic Growth and Neighbourhood Services
RBC Legal Entity,30/05/2022,4686244,319874,DANIEL DUNNE & TRUDIE MIDDLETON,Guaranteed Rent Scheme,947.4,Rents,Landlord,STANDARD,5872,KAAA-Directorate of Economic Growth and Neighbourhood Services
RBC Legal Entity,30/05/2022,4681134,319875,WHITLEY COMMUNITY DEVELOPMENT ASSOCIATION,Public Health Team Costs,5000,Contract  Other,Third Party Supplier,STANDARD,2065,JAAA-Directorate of Social Care and Health Services
RBC Legal Entity,30/05/2022,4686269,319876,AF PROPERTY LTD,Guaranteed Rent Scheme,1006.72,Rents,Landlord,STANDARD,5872,KAAA-Directorate of Economic Growth and Neighbourhood Services
RBC Legal Entity,30/05/2022,4686131,319877,MID THAMES AREA QUAKERS,Guaranteed Rent Scheme,880.53,Rents,SUPPLIER,STANDARD,5872,KAAA-Directorate of Economic Growth and Neighbourhood Services
RBC Legal Entity,30/05/2022,4686291,319879,MICHAEL HOLT,Guaranteed Rent Scheme,1545.74,Rents,SUPPLIER,STANDARD,5872,KAAA-Directorate of Economic Growth and Neighbourhood Services
RBC Legal Entity,30/05/2022,4686271,319880,SUCHETA MULLICK,Guaranteed Rent Scheme,947.4,Rents,SUPPLIER,STANDARD,5872,KAAA-Directorate of Economic Growth and Neighbourhood Services
RBC Legal Entity,30/05/2022,4686281,319881,MELODIE CHILD & DANIEL GRIFFITH,Guaranteed Rent Scheme,865.8,Rents,Landlord,STANDARD,5872,KAAA-Directorate of Economic Growth and Neighbourhood Services
RBC Legal Entity,30/05/2022,4686534,319881,MELODIE CHILD & DANIEL GRIFFITH,Guaranteed Rent Scheme,880.53,Rents,Landlord,STANDARD,5872,KAAA-Directorate of Economic Growth and Neighbourhood Services
RBC Legal Entity,30/05/2022,4686287,319882,EURETTA HUTCHINSON,Guaranteed Rent Scheme,947.4,Rents,Landlord,STANDARD,5872,KAAA-Directorate of Economic Growth and Neighbourhood Services
RBC Legal Entity,30/05/2022,4686499,319882,EURETTA HUTCHINSON,Guaranteed Rent Scheme,1006.72,Rents,Landlord,STANDARD,5872,KAAA-Directorate of Economic Growth and Neighbourhood Services
RBC Legal Entity,30/05/2022,4680968,319883,BERKSHIRE ROOMS,Bed and Breakfast,133,Rents,Third Party Supplier,STANDARD,5871,KAAA-Directorate of Economic Growth and Neighbourhood Services
RBC Legal Entity,30/05/2022,4680968,319883,BERKSHIRE ROOMS,Bed and Breakfast,532,Rents,Third Party Supplier,STANDARD,5871,KAAA-Directorate of Economic Growth and Neighbourhood Services
RBC Legal Entity,30/05/2022,4680969,319883,BERKSHIRE ROOMS,Bed and Breakfast,119,Rents,Third Party Supplier,STANDARD,5871,KAAA-Directorate of Economic Growth and Neighbourhood Services
RBC Legal Entity,30/05/2022,4680969,319883,BERKSHIRE ROOMS,Bed and Breakfast,476,Rents,Third Party Supplier,STANDARD,5871,KAAA-Directorate of Economic Growth and Neighbourhood Services
RBC Legal Entity,30/05/2022,4680970,319883,BERKSHIRE ROOMS,Bed and Breakfast,133,Rents,Third Party Supplier,STANDARD,5871,KAAA-Directorate of Economic Growth and Neighbourhood Services
RBC Legal Entity,30/05/2022,4680970,319883,BERKSHIRE ROOMS,Bed and Breakfast,532,Rents,Third Party Supplier,STANDARD,5871,KAAA-Directorate of Economic Growth and Neighbourhood Services
RBC Legal Entity,30/05/2022,4680989,319883,BERKSHIRE ROOMS,Bed and Breakfast,665,Rents,Third Party Supplier,STANDARD,5871,KAAA-Directorate of Economic Growth and Neighbourhood Services
RBC Legal Entity,30/05/2022,4681056,319883,BERKSHIRE ROOMS,Bed and Breakfast,168,Rents,Third Party Supplier,STANDARD,5871,KAAA-Directorate of Economic Growth and Neighbourhood Services
RBC Legal Entity,30/05/2022,4681056,319883,BERKSHIRE ROOMS,Bed and Breakfast,672,Rents,Third Party Supplier,STANDARD,5871,KAAA-Directorate of Economic Growth and Neighbourhood Services
RBC Legal Entity,30/05/2022,4681057,319883,BERKSHIRE ROOMS,Bed and Breakfast,96,Rents,Third Party Supplier,STANDARD,5871,KAAA-Directorate of Economic Growth and Neighbourhood Services
RBC Legal Entity,30/05/2022,4681057,319883,BERKSHIRE ROOMS,Bed and Breakfast,360,Rents,Third Party Supplier,STANDARD,5871,KAAA-Directorate of Economic Growth and Neighbourhood Services
RBC Legal Entity,30/05/2022,4681057,319883,BERKSHIRE ROOMS,Bed and Breakfast,384,Rents,Third Party Supplier,STANDARD,5871,KAAA-Directorate of Economic Growth and Neighbourhood Services
RBC Legal Entity,30/05/2022,4681058,319883,BERKSHIRE ROOMS,Bed and Breakfast,175,Rents,Third Party Supplier,STANDARD,5871,KAAA-Directorate of Economic Growth and Neighbourhood Services
RBC Legal Entity,30/05/2022,4681058,319883,BERKSHIRE ROOMS,Bed and Breakfast,700,Rents,Third Party Supplier,STANDARD,5871,KAAA-Directorate of Economic Growth and Neighbourhood Services
RBC Legal Entity,30/05/2022,4684549,319883,BERKSHIRE ROOMS,Bed and Breakfast,252,Rents,Third Party Supplier,STANDARD,5871,KAAA-Directorate of Economic Growth and Neighbourhood Services
RBC Legal Entity,30/05/2022,4684549,319883,BERKSHIRE ROOMS,Bed and Breakfast,1008,Rents,Third Party Supplier,STANDARD,5871,KAAA-Directorate of Economic Growth and Neighbourhood Services
RBC Legal Entity,30/05/2022,4684561,319883,BERKSHIRE ROOMS,Bed and Breakfast,245,Rents,Third Party Supplier,STANDARD,5871,KAAA-Directorate of Economic Growth and Neighbourhood Services
RBC Legal Entity,30/05/2022,4684561,319883,BERKSHIRE ROOMS,Bed and Breakfast,980,Rents,Third Party Supplier,STANDARD,5871,KAAA-Directorate of Economic Growth and Neighbourhood Services
RBC Legal Entity,30/05/2022,4684562,319883,BERKSHIRE ROOMS,Bed and Breakfast,168,Rents,Third Party Supplier,STANDARD,5871,KAAA-Directorate of Economic Growth and Neighbourhood Services
RBC Legal Entity,30/05/2022,4684562,319883,BERKSHIRE ROOMS,Bed and Breakfast,672,Rents,Third Party Supplier,STANDARD,5871,KAAA-Directorate of Economic Growth and Neighbourhood Services
RBC Legal Entity,30/05/2022,4684566,319883,BERKSHIRE ROOMS,Bed and Breakfast,154,Rents,Third Party Supplier,STANDARD,5871,KAAA-Directorate of Economic Growth and Neighbourhood Services
RBC Legal Entity,30/05/2022,4684566,319883,BERKSHIRE ROOMS,Bed and Breakfast,616,Rents,Third Party Supplier,STANDARD,5871,KAAA-Directorate of Economic Growth and Neighbourhood Services
RBC Legal Entity,30/05/2022,4684567,319883,BERKSHIRE ROOMS,Bed and Breakfast,665,Rents,Third Party Supplier,STANDARD,5871,KAAA-Directorate of Economic Growth and Neighbourhood Services
RBC Legal Entity,30/05/2022,4684568,319883,BERKSHIRE ROOMS,Bed and Breakfast,168,Rents,Third Party Supplier,STANDARD,5871,KAAA-Directorate of Economic Growth and Neighbourhood Services
RBC Legal Entity,30/05/2022,4684568,319883,BERKSHIRE ROOMS,Bed and Breakfast,672,Rents,Third Party Supplier,STANDARD,5871,KAAA-Directorate of Economic Growth and Neighbourhood Services
RBC Legal Entity,30/05/2022,4684570,319883,BERKSHIRE ROOMS,Bed and Breakfast,182,Rents,Third Party Supplier,STANDARD,5871,KAAA-Directorate of Economic Growth and Neighbourhood Services
RBC Legal Entity,30/05/2022,4684570,319883,BERKSHIRE ROOMS,Bed and Breakfast,728,Rents,Third Party Supplier,STANDARD,5871,KAAA-Directorate of Economic Growth and Neighbourhood Services
RBC Legal Entity,30/05/2022,4684572,319883,BERKSHIRE ROOMS,Bed and Breakfast,168,Rents,Third Party Supplier,STANDARD,5871,KAAA-Directorate of Economic Growth and Neighbourhood Services
RBC Legal Entity,30/05/2022,4684572,319883,BERKSHIRE ROOMS,Bed and Breakfast,672,Rents,Third Party Supplier,STANDARD,5871,KAAA-Directorate of Economic Growth and Neighbourhood Services
RBC Legal Entity,30/05/2022,4684573,319883,BERKSHIRE ROOMS,Bed and Breakfast,840,Rents,Third Party Supplier,STANDARD,5871,KAAA-Directorate of Economic Growth and Neighbourhood Services
RBC Legal Entity,30/05/2022,4686201,319884,PHILLIP HILL,Guaranteed Rent Scheme,865.8,Rents,SUPPLIER,STANDARD,5872,KAAA-Directorate of Economic Growth and Neighbourhood Services
RBC Legal Entity,30/05/2022,4686204,319885,ROBERT WATSON & JAMIE HEPBURN,Guaranteed Rent Scheme,694.59,Rents,SUPPLIER,STANDARD,5872,KAAA-Directorate of Economic Growth and Neighbourhood Services
RBC Legal Entity,30/05/2022,4686066,319886,ANDY HILL,Guaranteed Rent Scheme,880.53,Rents,Landlord,STANDARD,5872,KAAA-Directorate of Economic Growth and Neighbourhood Services
RBC Legal Entity,30/05/2022,4686073,319887,PHILIP DALE,Guaranteed Rent Scheme,1545.74,Rents,SUPPLIER,STANDARD,5872,KAAA-Directorate of Economic Growth and Neighbourhood Services
RBC Legal Entity,30/05/2022,4686071,319888,PHILIPPA COLLINGS,Guaranteed Rent Scheme,947.4,Rents,Direct Payments,STANDARD,5872,KAAA-Directorate of Economic Growth and Neighbourhood Services
RBC Legal Entity,30/05/2022,4686072,319889,MORGAN PERRET AND SARAH PERRET,Guaranteed Rent Scheme,947.4,Rents,SUPPLIER,STANDARD,5872,KAAA-Directorate of Economic Growth and Neighbourhood Services
RBC Legal Entity,30/05/2022,4686083,319890,HADRONTA LTD,Guaranteed Rent Scheme,1146.86,Rents,Landlord,STANDARD,5872,KAAA-Directorate of Economic Growth and Neighbourhood Services
RBC Legal Entity,30/05/2022,4686108,319891,KATE & DAVID REES,Guaranteed Rent Scheme,1006.72,Rents,SUPPLIER,STANDARD,5872,KAAA-Directorate of Economic Growth and Neighbourhood Services
RBC Legal Entity,30/05/2022,4685914,319892,HOMES FOR READING LIMITED,Guaranteed Rent Scheme,694.59,Rents,INTERNAL,STANDARD,5872,KAAA-Directorate of Economic Growth and Neighbourhood Services
RBC Legal Entity,30/05/2022,4686020,319892,HOMES FOR READING LIMITED,Guaranteed Rent Scheme,694.59,Rents,INTERNAL,STANDARD,5872,KAAA-Directorate of Economic Growth and Neighbourhood Services
RBC Legal Entity,30/05/2022,4686033,319892,HOMES FOR READING LIMITED,Guaranteed Rent Scheme,1388.74,Rents,INTERNAL,STANDARD,5872,KAAA-Directorate of Economic Growth and Neighbourhood Services
RBC Legal Entity,30/05/2022,4686068,319892,HOMES FOR READING LIMITED,Guaranteed Rent Scheme,1388.74,Rents,INTERNAL,STANDARD,5872,KAAA-Directorate of Economic Growth and Neighbourhood Services
RBC Legal Entity,30/05/2022,4686093,319892,HOMES FOR READING LIMITED,Guaranteed Rent Scheme,1388.74,Rents,INTERNAL,STANDARD,5872,KAAA-Directorate of Economic Growth and Neighbourhood Services
RBC Legal Entity,30/05/2022,4686102,319892,HOMES FOR READING LIMITED,Guaranteed Rent Scheme,880.53,Rents,INTERNAL,STANDARD,5872,KAAA-Directorate of Economic Growth and Neighbourhood Services
RBC Legal Entity,30/05/2022,4686104,319892,HOMES FOR READING LIMITED,Guaranteed Rent Scheme,880.53,Rents,INTERNAL,STANDARD,5872,KAAA-Directorate of Economic Growth and Neighbourhood Services
RBC Legal Entity,30/05/2022,4686109,319892,HOMES FOR READING LIMITED,Guaranteed Rent Scheme,1388.74,Rents,INTERNAL,STANDARD,5872,KAAA-Directorate of Economic Growth and Neighbourhood Services
RBC Legal Entity,30/05/2022,4686133,319892,HOMES FOR READING LIMITED,Guaranteed Rent Scheme,1388.74,Rents,INTERNAL,STANDARD,5872,KAAA-Directorate of Economic Growth and Neighbourhood Services
RBC Legal Entity,30/05/2022,4686138,319892,HOMES FOR READING LIMITED,Guaranteed Rent Scheme,694.59,Rents,INTERNAL,STANDARD,5872,KAAA-Directorate of Economic Growth and Neighbourhood Services
RBC Legal Entity,30/05/2022,4686139,319892,HOMES FOR READING LIMITED,Guaranteed Rent Scheme,694.59,Rents,INTERNAL,STANDARD,5872,KAAA-Directorate of Economic Growth and Neighbourhood Services
RBC Legal Entity,30/05/2022,4686140,319892,HOMES FOR READING LIMITED,Guaranteed Rent Scheme,694.59,Rents,INTERNAL,STANDARD,5872,KAAA-Directorate of Economic Growth and Neighbourhood Services
RBC Legal Entity,30/05/2022,4686155,319892,HOMES FOR READING LIMITED,Guaranteed Rent Scheme,1388.74,Rents,INTERNAL,STANDARD,5872,KAAA-Directorate of Economic Growth and Neighbourhood Services
RBC Legal Entity,30/05/2022,4686159,319892,HOMES FOR READING LIMITED,Guaranteed Rent Scheme,1388.74,Rents,INTERNAL,STANDARD,5872,KAAA-Directorate of Economic Growth and Neighbourhood Services
RBC Legal Entity,30/05/2022,4686206,319892,HOMES FOR READING LIMITED,Guaranteed Rent Scheme,682.98,Rents,INTERNAL,STANDARD,5872,KAAA-Directorate of Economic Growth and Neighbourhood Services
RBC Legal Entity,30/05/2022,4686387,319892,HOMES FOR READING LIMITED,Guaranteed Rent Scheme,1388.74,Rents,INTERNAL,STANDARD,5872,KAAA-Directorate of Economic Growth and Neighbourhood Services
RBC Legal Entity,30/05/2022,4686391,319892,HOMES FOR READING LIMITED,Guaranteed Rent Scheme,694.59,Rents,INTERNAL,STANDARD,5872,KAAA-Directorate of Economic Growth and Neighbourhood Services
RBC Legal Entity,30/05/2022,4686447,319892,HOMES FOR READING LIMITED,Guaranteed Rent Scheme,694.59,Rents,INTERNAL,STANDARD,5872,KAAA-Directorate of Economic Growth and Neighbourhood Services
RBC Legal Entity,30/05/2022,4686459,319892,HOMES FOR READING LIMITED,Guaranteed Rent Scheme,694.59,Rents,INTERNAL,STANDARD,5872,KAAA-Directorate of Economic Growth and Neighbourhood Services
RBC Legal Entity,30/05/2022,4686482,319892,HOMES FOR READING LIMITED,Guaranteed Rent Scheme,694.59,Rents,INTERNAL,STANDARD,5872,KAAA-Directorate of Economic Growth and Neighbourhood Services
RBC Legal Entity,30/05/2022,4686283,319893,ROSE MENEZES,Guaranteed Rent Scheme,1545.74,Rents,Landlord,STANDARD,5872,KAAA-Directorate of Economic Growth and Neighbourhood Services
RBC Legal Entity,30/05/2022,4686005,319894,JIM TOWNSEND & COMPANY,Guaranteed Rent Scheme,792.83,Rents,SUPPLIER,STANDARD,5872,KAAA-Directorate of Economic Growth and Neighbourhood Services
RBC Legal Entity,30/05/2022,4686017,319894,JIM TOWNSEND & COMPANY,Guaranteed Rent Scheme,1146.86,Rents,SUPPLIER,STANDARD,5872,KAAA-Directorate of Economic Growth and Neighbourhood Services
RBC Legal Entity,30/05/2022,4686067,319894,JIM TOWNSEND & COMPANY,Guaranteed Rent Scheme,792.83,Rents,SUPPLIER,STANDARD,5872,KAAA-Directorate of Economic Growth and Neighbourhood Services
RBC Legal Entity,30/05/2022,4686091,319894,JIM TOWNSEND & COMPANY,Guaranteed Rent Scheme,1146.86,Rents,SUPPLIER,STANDARD,5872,KAAA-Directorate of Economic Growth and Neighbourhood Services
RBC Legal Entity,30/05/2022,4686149,319894,JIM TOWNSEND & COMPANY,Guaranteed Rent Scheme,1146.86,Rents,SUPPLIER,STANDARD,5872,KAAA-Directorate of Economic Growth and Neighbourhood Services
RBC Legal Entity,30/05/2022,4686156,319894,JIM TOWNSEND & COMPANY,Guaranteed Rent Scheme,947.4,Rents,SUPPLIER,STANDARD,5872,KAAA-Directorate of Economic Growth and Neighbourhood Services
RBC Legal Entity,30/05/2022,4686264,319894,JIM TOWNSEND & COMPANY,Guaranteed Rent Scheme,792.83,Rents,SUPPLIER,STANDARD,5872,KAAA-Directorate of Economic Growth and Neighbourhood Services
RBC Legal Entity,30/05/2022,4686346,319894,JIM TOWNSEND & COMPANY,Guaranteed Rent Scheme,1146.86,Rents,SUPPLIER,STANDARD,5872,KAAA-Directorate of Economic Growth and Neighbourhood Services
RBC Legal Entity,30/05/2022,4686356,319894,JIM TOWNSEND & COMPANY,Guaranteed Rent Scheme,947.4,Rents,SUPPLIER,STANDARD,5872,KAAA-Directorate of Economic Growth and Neighbourhood Services
RBC Legal Entity,30/05/2022,4686650,319894,JIM TOWNSEND & COMPANY,Guaranteed Rent Scheme,567.13,Rents,SUPPLIER,STANDARD,5872,KAAA-Directorate of Economic Growth and Neighbourhood Services
RBC Legal Entity,30/05/2022,4686651,319894,JIM TOWNSEND & COMPANY,Guaranteed Rent Scheme,1146.86,Rents,SUPPLIER,STANDARD,5872,KAAA-Directorate of Economic Growth and Neighbourhood Services
RBC Legal Entity,30/05/2022,4686002,319895,GERRY SKERRITT,Guaranteed Rent Scheme,663.08,Rents,SUPPLIER,STANDARD,5872,KAAA-Directorate of Economic Growth and Neighbourhood Services
RBC Legal Entity,30/05/2022,4685970,319896,NETHER GREEN LTD,Guaranteed Rent Scheme,1545.74,Rents,SUPPLIER,STANDARD,5872,KAAA-Directorate of Economic Growth and Neighbourhood Services
RBC Legal Entity,30/05/2022,4686122,319896,NETHER GREEN LTD,Guaranteed Rent Scheme,1146.86,Rents,SUPPLIER,STANDARD,5872,KAAA-Directorate of Economic Growth and Neighbourhood Services
RBC Legal Entity,30/05/2022,4686452,319896,NETHER GREEN LTD,Guaranteed Rent Scheme,1545.74,Rents,SUPPLIER,STANDARD,5872,KAAA-Directorate of Economic Growth and Neighbourhood Services
RBC Legal Entity,30/05/2022,4686032,319897,REBECCA FRANKLAND,Guaranteed Rent Scheme,880.53,Rents,SUPPLIER,STANDARD,5872,KAAA-Directorate of Economic Growth and Neighbourhood Services
RBC Legal Entity,30/05/2022,4678276,319898,NECTAR IMPORTS LTD,Hexagon Catering,2450.91,Purchases - Stock Provisions,SUPPLIER,STANDARD,1241,KAAA-Directorate of Economic Growth and Neighbourhood Services
RBC Legal Entity,30/05/2022,4686085,319899,NASEEMA CHAWAMA,Guaranteed Rent Scheme,1146.86,Rents,SUPPLIER,STANDARD,5872,KAAA-Directorate of Economic Growth and Neighbourhood Services
RBC Legal Entity,30/05/2022,4686087,319900,JULIE PROVINO,Guaranteed Rent Scheme,947.4,Rents,SUPPLIER,STANDARD,5872,KAAA-Directorate of Economic Growth and Neighbourhood Services
RBC Legal Entity,30/05/2022,4686098,319901,BILLY LEUNG,Guaranteed Rent Scheme,1006.72,Rents,SUPPLIER,STANDARD,5872,KAAA-Directorate of Economic Growth and Neighbourhood Services
RBC Legal Entity,30/05/2022,4686298,319902,TONI HENDERSON,Guaranteed Rent Scheme,792.83,Rents,SUPPLIER,STANDARD,5872,KAAA-Directorate of Economic Growth and Neighbourhood Services
RBC Legal Entity,30/05/2022,4686299,319902,TONI HENDERSON,Guaranteed Rent Scheme,792.83,Rents,SUPPLIER,STANDARD,5872,KAAA-Directorate of Economic Growth and Neighbourhood Services
RBC Legal Entity,30/05/2022,4681135,319903,IBIS STYLES READING CENTRE,Single Homelessness Grants,46.67,Preventive+SupportiveServ,Third Party Supplier,STANDARD,5860,KAAA-Directorate of Economic Growth and Neighbourhood Services
RBC Legal Entity,30/05/2022,4681135,319903,IBIS STYLES READING CENTRE,Single Homelessness Grants,134.6,Preventive+SupportiveServ,Third Party Supplier,STANDARD,5860,KAAA-Directorate of Economic Growth and Neighbourhood Services
RBC Legal Entity,30/05/2022,4681135,319903,IBIS STYLES READING CENTRE,Single Homelessness Grants,538.48,Preventive+SupportiveServ,Third Party Supplier,STANDARD,5860,KAAA-Directorate of Economic Growth and Neighbourhood Services
RBC Legal Entity,30/05/2022,4686300,319904,JULIE HOGAN,Guaranteed Rent Scheme,682.98,Rents,SUPPLIER,STANDARD,5872,KAAA-Directorate of Economic Growth and Neighbourhood Services
RBC Legal Entity,30/05/2022,4686304,319905,PETER SMITH,Guaranteed Rent Scheme,694.59,Rents,SUPPLIER,STANDARD,5872,KAAA-Directorate of Economic Growth and Neighbourhood Services
RBC Legal Entity,30/05/2022,4686145,319907,JOSEPH SESAY,Guaranteed Rent Scheme,1146.86,Rents,Landlord,STANDARD,5872,KAAA-Directorate of Economic Growth and Neighbourhood Services
RBC Legal Entity,30/05/2022,4686134,319908,MICHELLE CRITTENDEN,Guaranteed Rent Scheme,663.08,Rents,SUPPLIER,STANDARD,5872,KAAA-Directorate of Economic Growth and Neighbourhood Services
RBC Legal Entity,30/05/2022,4686256,319908,MICHELLE CRITTENDEN,Guaranteed Rent Scheme,989.91,Rents,SUPPLIER,STANDARD,5872,KAAA-Directorate of Economic Growth and Neighbourhood Services
RBC Legal Entity,30/05/2022,4686276,319908,MICHELLE CRITTENDEN,Guaranteed Rent Scheme,682.98,Rents,SUPPLIER,STANDARD,5872,KAAA-Directorate of Economic Growth and Neighbourhood Services
RBC Legal Entity,30/05/2022,4677305,319909,SIMON FREDERICK GORDON PURKIS,JLT Disbursements,650,Misc. Legal Expenses,SUPPLIER,STANDARD,2407,LAAA-Directorate of Resources
RBC Legal Entity,30/05/2022,4686233,319910,SMART MOVE ESTATE AGENTS UK LTD,Guaranteed Rent Scheme,694.59,Rents,SUPPLIER,STANDARD,5872,KAAA-Directorate of Economic Growth and Neighbourhood Services
RBC Legal Entity,30/05/2022,4685996,319911,NICOLA FIELDEN,Guaranteed Rent Scheme,947.4,Rents,SUPPLIER,STANDARD,5872,KAAA-Directorate of Economic Growth and Neighbourhood Services
RBC Legal Entity,30/05/2022,4686519,319912,JUAN D'COSTA,Guaranteed Rent Scheme,880.53,Rents,SUPPLIER,STANDARD,5872,KAAA-Directorate of Economic Growth and Neighbourhood Services
RBC Legal Entity,30/05/2022,4686232,319913,MCM REAL ESTATE VENTURES LTD,Guaranteed Rent Scheme,1545.74,Rents,SUPPLIER,STANDARD,5872,KAAA-Directorate of Economic Growth and Neighbourhood Services
RBC Legal Entity,30/05/2022,4686227,319914,STEPHEN ROSE,Guaranteed Rent Scheme,1545.74,Rents,SUPPLIER,STANDARD,5872,KAAA-Directorate of Economic Growth and Neighbourhood Services
RBC Legal Entity,30/05/2022,4687199,319915,MOORGARTH PROPERTY MANAGEMENT LTD,Parking & Enforcement,14900.73,Property Insurance,SUPPLIER,STANDARD,4725,KAAA-Directorate of Economic Growth and Neighbourhood Services
RBC Legal Entity,30/05/2022,4686342,319916,HOMES COUNTRYWIDE LTD,Guaranteed Rent Scheme,1545.74,Rents,SUPPLIER,STANDARD,5872,KAAA-Directorate of Economic Growth and Neighbourhood Services
RBC Legal Entity,30/05/2022,4686368,319917,BHARAT & ANANT THAKRAR,Guaranteed Rent Scheme,947.4,Rents,SUPPLIER,STANDARD,5872,KAAA-Directorate of Economic Growth and Neighbourhood Services
RBC Legal Entity,30/05/2022,4686380,319918,ANDREW SEARS,Guaranteed Rent Scheme,880.53,Rents,SUPPLIER,STANDARD,5872,KAAA-Directorate of Economic Growth and Neighbourhood Services
RBC Legal Entity,30/05/2022,4686348,319919,DEBORAH COURTNAGE,Guaranteed Rent Scheme,1006.72,Rents,SUPPLIER,STANDARD,5872,KAAA-Directorate of Economic Growth and Neighbourhood Services
RBC Legal Entity,30/05/2022,4686329,319920,MARC VAN ACKER + FABRICE GHIOTTO,Guaranteed Rent Scheme,792.83,Rents,SUPPLIER,STANDARD,5872,KAAA-Directorate of Economic Growth and Neighbourhood Services
RBC Legal Entity,30/05/2022,4686327,319921,ZOE WAREHAM,Guaranteed Rent Scheme,694.59,Rents,SUPPLIER,STANDARD,5872,KAAA-Directorate of Economic Growth and Neighbourhood Services
RBC Legal Entity,30/05/2022,4686487,319922,SARDAR HAYAT,Guaranteed Rent Scheme,1388.74,Rents,SUPPLIER,STANDARD,5872,KAAA-Directorate of Economic Growth and Neighbourhood Services
RBC Legal Entity,30/05/2022,4686286,319924,EDMUND AND MARGARET ATKINSON ,Guaranteed Rent Scheme,865.8,Rents,SUPPLIER,STANDARD,5872,KAAA-Directorate of Economic Growth and Neighbourhood Services
RBC Legal Entity,30/05/2022,4686130,319925,AMANDA COLLINS,Guaranteed Rent Scheme,880.53,Rents,SUPPLIER,STANDARD,5872,KAAA-Directorate of Economic Growth and Neighbourhood Services
RBC Legal Entity,30/05/2022,4686242,319926,MEAD PROPERTY MANAGEMENT,Guaranteed Rent Scheme,865.8,Rents,SUPPLIER,STANDARD,5872,KAAA-Directorate of Economic Growth and Neighbourhood Services
RBC Legal Entity,30/05/2022,4678262,319927,BIG BLUE DOOR LTD,IT Management,1245,Contract  Other,SUPPLIER,STANDARD,2300,EAAA-Chief Executive
RBC Legal Entity,30/05/2022,4686250,319928,CHILD AND CO,Guaranteed Rent Scheme,947.4,Rents,SUPPLIER,STANDARD,5872,KAAA-Directorate of Economic Growth and Neighbourhood Services
RBC Legal Entity,30/05/2022,4685963,319929,MARK  PEARCE,Guaranteed Rent Scheme,816.1,Rents,Landlord,STANDARD,5872,KAAA-Directorate of Economic Growth and Neighbourhood Services
RBC Legal Entity,30/05/2022,4685964,319930,ELIZABETH & TOBY WILSON,Guaranteed Rent Scheme,1140,Rents,SUPPLIER,STANDARD,5872,KAAA-Directorate of Economic Growth and Neighbourhood Services
RBC Legal Entity,30/05/2022,4685979,319931,EDWARD KEITH JERROME,Guaranteed Rent Scheme,1388.74,Rents,SUPPLIER,STANDARD,5872,KAAA-Directorate of Economic Growth and Neighbourhood Services
RBC Legal Entity,30/05/2022,4685982,319932,DOUGLAS PUFFETT,Guaranteed Rent Scheme,865.8,Rents,SUPPLIER,STANDARD,5872,KAAA-Directorate of Economic Growth and Neighbourhood Services
RBC Legal Entity,30/05/2022,4685978,319933,NEIL COOKE,Guaranteed Rent Scheme,947.4,Rents,SUPPLIER,STANDARD,5872,KAAA-Directorate of Economic Growth and Neighbourhood Services
RBC Legal Entity,30/05/2022,4686488,319934,SIMON MCNIFFE,Guaranteed Rent Scheme,880.53,Rents,Direct Payments,STANDARD,5872,KAAA-Directorate of Economic Growth and Neighbourhood Services
RBC Legal Entity,30/05/2022,4686064,319935,NATHAN WARD,Guaranteed Rent Scheme,792.83,Rents,SUPPLIER,STANDARD,5872,KAAA-Directorate of Economic Growth and Neighbourhood Services
RBC Legal Entity,30/05/2022,4686384,319936,ENID AND LYNDON MOLLYNEAUX,Guaranteed Rent Scheme,1545.74,Rents,Landlord,STANDARD,5872,KAAA-Directorate of Economic Growth and Neighbourhood Services
RBC Legal Entity,30/05/2022,4685946,319937,BALVER SINGH,Guaranteed Rent Scheme,1545.74,Rents,Landlord,STANDARD,5872,KAAA-Directorate of Economic Growth and Neighbourhood Services
RBC Legal Entity,30/05/2022,4685969,319938,KIM LEWENDON,Guaranteed Rent Scheme,947.4,Rents,SUPPLIER,STANDARD,5872,KAAA-Directorate of Economic Growth and Neighbourhood Services
RBC Legal Entity,30/05/2022,4686474,319939,OJAS ASSOCIATES LTD,Guaranteed Rent Scheme,947.4,Rents,Landlord,STANDARD,5872,KAAA-Directorate of Economic Growth and Neighbourhood Services
RBC Legal Entity,30/05/2022,4685967,319940,JACQUELINE STUBBS,Guaranteed Rent Scheme,880.53,Rents,SUPPLIER,STANDARD,5872,KAAA-Directorate of Economic Growth and Neighbourhood Services
RBC Legal Entity,30/05/2022,4686338,319941,GEMMA & JOE BEAZLEY,Guaranteed Rent Scheme,947.4,Rents,SUPPLIER,STANDARD,5872,KAAA-Directorate of Economic Growth and Neighbourhood Services
RBC Legal Entity,30/05/2022,4686339,319943,SYLVIA AND MICHAEL GEEVES,Guaranteed Rent Scheme,1146.86,Rents,SUPPLIER,STANDARD,5872,KAAA-Directorate of Economic Growth and Neighbourhood Services
RBC Legal Entity,30/05/2022,4687003,319944,YUNEX LTD,Traffic,3188.54,TPP  Contract,SUB-CONTRACTOR,STANDARD,4703,KAAA-Directorate of Economic Growth and Neighbourhood Services
RBC Legal Entity,30/05/2022,4687005,319944,YUNEX LTD,Traffic,2305.37,TPP  Contract,SUB-CONTRACTOR,STANDARD,4703,KAAA-Directorate of Economic Growth and Neighbourhood Services
RBC Legal Entity,30/05/2022,4687009,319944,YUNEX LTD,Traffic,1549.34,TPP  Contract,SUB-CONTRACTOR,STANDARD,4703,KAAA-Directorate of Economic Growth and Neighbourhood Services
RBC Legal Entity,30/05/2022,4687011,319944,YUNEX LTD,Traffic,772.16,TPP  Contract,SUB-CONTRACTOR,STANDARD,4703,KAAA-Directorate of Economic Growth and Neighbourhood Services
RBC Legal Entity,30/05/2022,4687012,319944,YUNEX LTD,Traffic,761.45,TPP  Contract,SUB-CONTRACTOR,STANDARD,4703,KAAA-Directorate of Economic Growth and Neighbourhood Services
RBC Legal Entity,30/05/2022,4686349,319946,QUEEN VICTORIA INSTITUTE,Guaranteed Rent Scheme,792.83,Rents,Landlord,STANDARD,5872,KAAA-Directorate of Economic Growth and Neighbourhood Services
RBC Legal Entity,30/05/2022,4686504,319947,SATISH KOCHHAR,Guaranteed Rent Scheme,694.59,Rents,Direct Payments,STANDARD,5872,KAAA-Directorate of Economic Growth and Neighbourhood Services
RBC Legal Entity,30/05/2022,4686350,319949,KAREN O'LEARY,Guaranteed Rent Scheme,947.4,Rents,SUPPLIER,STANDARD,5872,KAAA-Directorate of Economic Growth and Neighbourhood Services
RBC Legal Entity,30/05/2022,4685992,319950,ASHOK RODA,Guaranteed Rent Scheme,961.09,Rents,SUPPLIER,STANDARD,5872,KAAA-Directorate of Economic Growth and Neighbourhood Services
RBC Legal Entity,30/05/2022,4685989,319951,SALIM & NIMMI AHMED,Guaranteed Rent Scheme,1146.86,Rents,Direct Payments,STANDARD,5872,KAAA-Directorate of Economic Growth and Neighbourhood Services
RBC Legal Entity,30/05/2022,4686365,319953,RATNA GHOSH,Guaranteed Rent Scheme,880.53,Rents,SUPPLIER,STANDARD,5872,KAAA-Directorate of Economic Growth and Neighbourhood Services
RBC Legal Entity,30/05/2022,4686351,319954,RAJENDRA SHAH,Guaranteed Rent Scheme,947.4,Rents,SUPPLIER,STANDARD,5872,KAAA-Directorate of Economic Growth and Neighbourhood Services
RBC Legal Entity,30/05/2022,4686352,319955,CHRISTOPHER DEAN,Guaranteed Rent Scheme,694.59,Rents,SUPPLIER,STANDARD,5872,KAAA-Directorate of Economic Growth and Neighbourhood Services
RBC Legal Entity,30/05/2022,4686126,319956,RAYMOND ALLAN WARD,Guaranteed Rent Scheme,792.83,Rents,SUPPLIER,STANDARD,5872,KAAA-Directorate of Economic Growth and Neighbourhood Services
RBC Legal Entity,30/05/2022,4686121,319957,SANJAY DESAI & INDIRA DESAI,Guaranteed Rent Scheme,1146.86,Rents,SUPPLIER,STANDARD,5872,KAAA-Directorate of Economic Growth and Neighbourhood Services
RBC Legal Entity,30/05/2022,4686289,319958,GRAHAM BYRNE,Guaranteed Rent Scheme,865.8,Rents,SUPPLIER,STANDARD,5872,KAAA-Directorate of Economic Growth and Neighbourhood Services
RBC Legal Entity,30/05/2022,4686290,319959,KRISTINE ALLEN,Guaranteed Rent Scheme,1146.86,Rents,SUPPLIER,STANDARD,5872,KAAA-Directorate of Economic Growth and Neighbourhood Services
RBC Legal Entity,30/05/2022,4686237,319960,DAYLA SINGH,Guaranteed Rent Scheme,682.98,Rents,Landlord,STANDARD,5872,KAAA-Directorate of Economic Growth and Neighbourhood Services
RBC Legal Entity,30/05/2022,4686113,319961,ACUITY ASSETS LIMITED,Guaranteed Rent Scheme,947.4,Rents,SUPPLIER,STANDARD,5872,KAAA-Directorate of Economic Growth and Neighbourhood Services
RBC Legal Entity,30/05/2022,4686016,319962,EDWARD PAUL,Guaranteed Rent Scheme,1006.72,Rents,SUPPLIER,STANDARD,5872,KAAA-Directorate of Economic Growth and Neighbourhood Services
RBC Legal Entity,30/05/2022,4686223,319963,TREVOR FITZPATRICK-BROWNE,Guaranteed Rent Scheme,682.98,Rents,SUPPLIER,STANDARD,5872,KAAA-Directorate of Economic Growth and Neighbourhood Services
RBC Legal Entity,30/05/2022,4686253,319964,MITCHELL AND JOANNE TOWNSEND,Guaranteed Rent Scheme,1146.86,Rents,SUPPLIER,STANDARD,5872,KAAA-Directorate of Economic Growth and Neighbourhood Services
RBC Legal Entity,30/05/2022,4686228,319965,MATILDA MANHARDT,Guaranteed Rent Scheme,1006.72,Rents,SUPPLIER,STANDARD,5872,KAAA-Directorate of Economic Growth and Neighbourhood Services
RBC Legal Entity,30/05/2022,4686580,319966,ANNE BARNES,Guaranteed Rent Scheme,1006.72,Rents,SUPPLIER,STANDARD,5872,KAAA-Directorate of Economic Growth and Neighbourhood Services
RBC Legal Entity,30/05/2022,4686222,319967,SHIRU WU,Guaranteed Rent Scheme,1006.72,Rents,SUPPLIER,STANDARD,5872,KAAA-Directorate of Economic Growth and Neighbourhood Services
RBC Legal Entity,30/05/2022,4686198,319968,ANDREW BOCTOR,Guaranteed Rent Scheme,947.4,Rents,SUPPLIER,STANDARD,5872,KAAA-Directorate of Economic Growth and Neighbourhood Services
RBC Legal Entity,30/05/2022,4686207,319969,PATRICK AND VIVIAN NWEKE,Guaranteed Rent Scheme,1006.72,Rents,Landlord,STANDARD,5872,KAAA-Directorate of Economic Growth and Neighbourhood Services
RBC Legal Entity,30/05/2022,4686186,319970,GEORGE AND JANICE BELL,Guaranteed Rent Scheme,1006.72,Rents,SUPPLIER,STANDARD,5872,KAAA-Directorate of Economic Growth and Neighbourhood Services
RBC Legal Entity,30/05/2022,4686543,319970,GEORGE AND JANICE BELL,Guaranteed Rent Scheme,880.53,Rents,SUPPLIER,STANDARD,5872,KAAA-Directorate of Economic Growth and Neighbourhood Services
RBC Legal Entity,30/05/2022,4686052,319971,CECILIA FRANCESCA COLES,Guaranteed Rent Scheme,947.4,Rents,SUPPLIER,STANDARD,5872,KAAA-Directorate of Economic Growth and Neighbourhood Services
RBC Legal Entity,30/05/2022,4686265,319971,CECILIA FRANCESCA COLES,Guaranteed Rent Scheme,947.4,Rents,SUPPLIER,STANDARD,5872,KAAA-Directorate of Economic Growth and Neighbourhood Services
RBC Legal Entity,30/05/2022,4686057,319972,COLIN JAMES,Guaranteed Rent Scheme,947.4,Rents,SUPPLIER,STANDARD,5872,KAAA-Directorate of Economic Growth and Neighbourhood Services
RBC Legal Entity,30/05/2022,4678341,319973,DR GRANGE & ASSOCIATES,JLT Disbursements,1457.31,Misc. Legal Expenses,Third Party Supplier,STANDARD,2407,LAAA-Directorate of Resources
RBC Legal Entity,30/05/2022,4686382,319974,VOKE PROPERTIES,Guaranteed Rent Scheme,792.83,Rents,Landlord,STANDARD,5872,KAAA-Directorate of Economic Growth and Neighbourhood Services
RBC Legal Entity,30/05/2022,4686432,319975,VOKE PROPERTIES,Guaranteed Rent Scheme,947.4,Rents,Landlord,STANDARD,5872,KAAA-Directorate of Economic Growth and Neighbourhood Services
RBC Legal Entity,30/05/2022,4686152,319976,FRANK MADRAY,Guaranteed Rent Scheme,1006.72,Rents,SUPPLIER,STANDARD,5872,KAAA-Directorate of Economic Growth and Neighbourhood Services
RBC Legal Entity,30/05/2022,4686116,319978,ALDERKEY PROPERTIES,Guaranteed Rent Scheme,694.59,Rents,Third Party Supplier,STANDARD,5872,KAAA-Directorate of Economic Growth and Neighbourhood Services
RBC Legal Entity,30/05/2022,4686335,319978,ALDERKEY PROPERTIES,Guaranteed Rent Scheme,792.83,Rents,Third Party Supplier,STANDARD,5872,KAAA-Directorate of Economic Growth and Neighbourhood Services
RBC Legal Entity,30/05/2022,4686417,319979,ALKA BAHUGUNA,Guaranteed Rent Scheme,947.4,Rents,Landlord,STANDARD,5872,KAAA-Directorate of Economic Growth and Neighbourhood Services
RBC Legal Entity,30/05/2022,4686420,319980,MUHAMMAD USMAN DAR AND FARAH USMAN DAR,Guaranteed Rent Scheme,947.4,Rents,Landlord,STANDARD,5872,KAAA-Directorate of Economic Growth and Neighbourhood Services
RBC Legal Entity,30/05/2022,4686425,319981,RABIA BUTT,Guaranteed Rent Scheme,947.4,Rents,Landlord,STANDARD,5872,KAAA-Directorate of Economic Growth and Neighbourhood Services
RBC Legal Entity,30/05/2022,4686450,319982,LOLA MONICA SMITH,Guaranteed Rent Scheme,694.59,Rents,Landlord,STANDARD,5872,KAAA-Directorate of Economic Growth and Neighbourhood Services
RBC Legal Entity,30/05/2022,4687226,319983,CONTRACT OPTIONS LTD,LEP Projects,1900,Contractors,Third Party Supplier,STANDARD,8806,ZZZC-Capital
RBC Legal Entity,30/05/2022,4686163,319984,KAREN JONES,Guaranteed Rent Scheme,947.4,Rents,SUPPLIER,STANDARD,5872,KAAA-Directorate of Economic Growth and Neighbourhood Services
RBC Legal Entity,30/05/2022,4686022,319985,CELIA HALL,Guaranteed Rent Scheme,1146.86,Rents,SUPPLIER,STANDARD,5872,KAAA-Directorate of Economic Growth and Neighbourhood Services
RBC Legal Entity,30/05/2022,4686393,319986,MICHAEL JONES AND MARY JONES,Guaranteed Rent Scheme,1545.74,Rents,Landlord,STANDARD,5872,KAAA-Directorate of Economic Growth and Neighbourhood Services
RBC Legal Entity,30/05/2022,4686415,319987,CHARLES SINCLAIR LTD,Guaranteed Rent Scheme,792.83,Rents,Landlord,STANDARD,5872,KAAA-Directorate of Economic Growth and Neighbourhood Services
RBC Legal Entity,30/05/2022,4686400,319988,MARTIN BROWN,Guaranteed Rent Scheme,880.53,Rents,Landlord,STANDARD,5872,KAAA-Directorate of Economic Growth and Neighbourhood Services
RBC Legal Entity,30/05/2022,4686413,319989,LAWRENCE TAYLOR,Guaranteed Rent Scheme,947.4,Rents,Landlord,STANDARD,5872,KAAA-Directorate of Economic Growth and Neighbourhood Services
RBC Legal Entity,30/05/2022,4686403,319990,LANGHAMS PARTNERSHIP LTD,Guaranteed Rent Scheme,880.53,Rents,Landlord,STANDARD,5872,KAAA-Directorate of Economic Growth and Neighbourhood Services
RBC Legal Entity,30/05/2022,4686410,319990,LANGHAMS PARTNERSHIP LTD,Guaranteed Rent Scheme,880.53,Rents,Landlord,STANDARD,5872,KAAA-Directorate of Economic Growth and Neighbourhood Services
RBC Legal Entity,30/05/2022,4686530,319990,LANGHAMS PARTNERSHIP LTD,Guaranteed Rent Scheme,694.59,Rents,Landlord,STANDARD,5872,KAAA-Directorate of Economic Growth and Neighbourhood Services
RBC Legal Entity,30/05/2022,4686639,319991,JOHN AND JEAN MEIGHEN,Guaranteed Rent Scheme,694.59,Rents,Landlord,STANDARD,5872,KAAA-Directorate of Economic Growth and Neighbourhood Services
RBC Legal Entity,30/05/2022,4685903,319992,PETER COLLINS,Guaranteed Rent Scheme,792.83,Rents,SUPPLIER,STANDARD,5872,KAAA-Directorate of Economic Growth and Neighbourhood Services
RBC Legal Entity,30/05/2022,4686260,319992,PETER COLLINS,Guaranteed Rent Scheme,947.4,Rents,SUPPLIER,STANDARD,5872,KAAA-Directorate of Economic Growth and Neighbourhood Services
RBC Legal Entity,30/05/2022,4686296,319992,PETER COLLINS,Guaranteed Rent Scheme,947.4,Rents,SUPPLIER,STANDARD,5872,KAAA-Directorate of Economic Growth and Neighbourhood Services
RBC Legal Entity,30/05/2022,4686336,319992,PETER COLLINS,Guaranteed Rent Scheme,792.83,Rents,SUPPLIER,STANDARD,5872,KAAA-Directorate of Economic Growth and Neighbourhood Services
RBC Legal Entity,30/05/2022,4686515,319992,PETER COLLINS,Guaranteed Rent Scheme,880.53,Rents,SUPPLIER,STANDARD,5872,KAAA-Directorate of Economic Growth and Neighbourhood Services
RBC Legal Entity,30/05/2022,4686632,319992,PETER COLLINS,Guaranteed Rent Scheme,792.83,Rents,SUPPLIER,STANDARD,5872,KAAA-Directorate of Economic Growth and Neighbourhood Services
RBC Legal Entity,30/05/2022,4686115,319993,PETER COLLINS,Guaranteed Rent Scheme,947.4,Rents,SUPPLIER,STANDARD,5872,KAAA-Directorate of Economic Growth and Neighbourhood Services
RBC Legal Entity,30/05/2022,4686328,319993,PETER COLLINS,Guaranteed Rent Scheme,792.83,Rents,SUPPLIER,STANDARD,5872,KAAA-Directorate of Economic Growth and Neighbourhood Services
RBC Legal Entity,30/05/2022,4686526,319994,OLUKEMI ILELABOYE,Guaranteed Rent Scheme,880.53,Rents,SUPPLIER,STANDARD,5872,KAAA-Directorate of Economic Growth and Neighbourhood Services
RBC Legal Entity,30/05/2022,4686202,319995,BERYL BANISTER,Guaranteed Rent Scheme,947.4,Rents,SUPPLIER,STANDARD,5872,KAAA-Directorate of Economic Growth and Neighbourhood Services
RBC Legal Entity,30/05/2022,4685958,319996,WINKWORTH ESTATE AGENTS,Guaranteed Rent Scheme,694.59,Rents,SUPPLIER,STANDARD,5872,KAAA-Directorate of Economic Growth and Neighbourhood Services
RBC Legal Entity,30/05/2022,4686240,319996,WINKWORTH ESTATE AGENTS,Guaranteed Rent Scheme,880.53,Rents,SUPPLIER,STANDARD,5872,KAAA-Directorate of Economic Growth and Neighbourhood Services
RBC Legal Entity,30/05/2022,4686377,319996,WINKWORTH ESTATE AGENTS,Guaranteed Rent Scheme,694.59,Rents,SUPPLIER,STANDARD,5872,KAAA-Directorate of Economic Growth and Neighbourhood Services
RBC Legal Entity,30/05/2022,4686419,319997,DORIS TALLON,Guaranteed Rent Scheme,947.4,Rents,SUPPLIER,STANDARD,5872,KAAA-Directorate of Economic Growth and Neighbourhood Services
RBC Legal Entity,30/05/2022,4686143,319999,KATE NEAL,Guaranteed Rent Scheme,989.91,Rents,Landlord,STANDARD,5872,KAAA-Directorate of Economic Growth and Neighbourhood Services
RBC Legal Entity,30/05/2022,4686493,320000,FRANK MCDONAGH,Guaranteed Rent Scheme,880.53,Rents,SUPPLIER,STANDARD,5872,KAAA-Directorate of Economic Growth and Neighbourhood Services
RBC Legal Entity,30/05/2022,4686642,320000,FRANK MCDONAGH,Guaranteed Rent Scheme,694.59,Rents,SUPPLIER,STANDARD,5872,KAAA-Directorate of Economic Growth and Neighbourhood Services
RBC Legal Entity,30/05/2022,4686008,320001,LUKE RICHARDS,Guaranteed Rent Scheme,1146.86,Rents,SUPPLIER,STANDARD,5872,KAAA-Directorate of Economic Growth and Neighbourhood Services
RBC Legal Entity,30/05/2022,4686111,320002,P J CHANCE,Guaranteed Rent Scheme,880.53,Rents,Landlord,STANDARD,5872,KAAA-Directorate of Economic Growth and Neighbourhood Services
RBC Legal Entity,30/05/2022,4686218,320002,P J CHANCE,Guaranteed Rent Scheme,682.98,Rents,Landlord,STANDARD,5872,KAAA-Directorate of Economic Growth and Neighbourhood Services
RBC Legal Entity,30/05/2022,4686517,320002,P J CHANCE,Guaranteed Rent Scheme,694.59,Rents,Landlord,STANDARD,5872,KAAA-Directorate of Economic Growth and Neighbourhood Services
RBC Legal Entity,30/05/2022,4686636,320002,P J CHANCE,Guaranteed Rent Scheme,1545.74,Rents,Landlord,STANDARD,5872,KAAA-Directorate of Economic Growth and Neighbourhood Services
RBC Legal Entity,30/05/2022,4686249,320003,DARYL ALLEYNE,Guaranteed Rent Scheme,792.83,Rents,Direct Payments,STANDARD,5872,KAAA-Directorate of Economic Growth and Neighbourhood Services
RBC Legal Entity,30/05/2022,4686243,320004,JUDRIN PHILLIPS,Guaranteed Rent Scheme,1146.86,Rents,SUPPLIER,STANDARD,5872,KAAA-Directorate of Economic Growth and Neighbourhood Services
RBC Legal Entity,30/05/2022,4686246,320005,GEORGI PRODANOV,Guaranteed Rent Scheme,947.4,Rents,SUPPLIER,STANDARD,5872,KAAA-Directorate of Economic Growth and Neighbourhood Services
RBC Legal Entity,30/05/2022,4686245,320006,ALLEN YOUNG,Guaranteed Rent Scheme,682.98,Rents,SUPPLIER,STANDARD,5872,KAAA-Directorate of Economic Growth and Neighbourhood Services
RBC Legal Entity,30/05/2022,4686301,320007,MARIANNE IBRAHIM,Guaranteed Rent Scheme,1146.86,Rents,Landlord,STANDARD,5872,KAAA-Directorate of Economic Growth and Neighbourhood Services
RBC Legal Entity,30/05/2022,4686485,320008,DAVID AND SUSAN SALMON,Guaranteed Rent Scheme,945,Rents,Landlord,STANDARD,5872,KAAA-Directorate of Economic Growth and Neighbourhood Services
RBC Legal Entity,30/05/2022,4686553,320009,CYRILENE TOLLAFIELD-SMALL,Guaranteed Rent Scheme,880.53,Rents,Landlord,STANDARD,5872,KAAA-Directorate of Economic Growth and Neighbourhood Services
RBC Legal Entity,30/05/2022,4686476,320010,NICOLA BUTLER,Guaranteed Rent Scheme,792.83,Rents,Landlord,STANDARD,5872,KAAA-Directorate of Economic Growth and Neighbourhood Services
RBC Legal Entity,30/05/2022,4686478,320011,GURJOT SIDHU AND RAMANDIP SIDHU,Guaranteed Rent Scheme,1006.72,Rents,Landlord,STANDARD,5872,KAAA-Directorate of Economic Growth and Neighbourhood Services
RBC Legal Entity,30/05/2022,4686611,320012,GURINDER KAUR JUTLAY,Guaranteed Rent Scheme,694.59,Rents,Landlord,STANDARD,5872,KAAA-Directorate of Economic Growth and Neighbourhood Services
RBC Legal Entity,30/05/2022,4686617,320012,GURINDER KAUR JUTLAY,Guaranteed Rent Scheme,694.59,Rents,Landlord,STANDARD,5872,KAAA-Directorate of Economic Growth and Neighbourhood Services
RBC Legal Entity,30/05/2022,4686600,320013,LYNN & ROBERT ELEY,Guaranteed Rent Scheme,694.59,Rents,Direct Payments,STANDARD,5872,KAAA-Directorate of Economic Growth and Neighbourhood Services
RBC Legal Entity,30/05/2022,4686615,320014,ELAINE VAN DER KAMP,Guaranteed Rent Scheme,694.59,Rents,Direct Payments,STANDARD,5872,KAAA-Directorate of Economic Growth and Neighbourhood Services
RBC Legal Entity,30/05/2022,4686532,320015,MRS V C MORRIS AND MRS P J MORRIS,Guaranteed Rent Scheme,880.53,Rents,Landlord,STANDARD,5872,KAAA-Directorate of Economic Growth and Neighbourhood Services
RBC Legal Entity,30/05/2022,4686602,320015,MRS V C MORRIS AND MRS P J MORRIS,Guaranteed Rent Scheme,694.59,Rents,Landlord,STANDARD,5872,KAAA-Directorate of Economic Growth and Neighbourhood Services
RBC Legal Entity,30/05/2022,4686635,320016,H Y ESTATE LTD,Guaranteed Rent Scheme,792.83,Rents,Landlord,STANDARD,5872,KAAA-Directorate of Economic Growth and Neighbourhood Services
RBC Legal Entity,30/05/2022,4686638,320016,H Y ESTATE LTD,Guaranteed Rent Scheme,792.83,Rents,Landlord,STANDARD,5872,KAAA-Directorate of Economic Growth and Neighbourhood Services
RBC Legal Entity,30/05/2022,4677308,320017,ORWAK EASI UK LTD,Refuse Collection,17703.02,Household Waste,Third Party Supplier,STANDARD,4561,KAAA-Directorate of Economic Growth and Neighbourhood Services
RBC Legal Entity,30/05/2022,4686538,320018,JIN YAN HE,Guaranteed Rent Scheme,880.53,Rents,Direct Payments,STANDARD,5872,KAAA-Directorate of Economic Growth and Neighbourhood Services
RBC Legal Entity,30/05/2022,4686658,320019,MR & MRS D FAWZY,Guaranteed Rent Scheme,874.52,Rents,Direct Payments,STANDARD,5872,KAAA-Directorate of Economic Growth and Neighbourhood Services
RBC Legal Entity,30/05/2022,4686659,320019,MR & MRS D FAWZY,Guaranteed Rent Scheme,947.4,Rents,Direct Payments,STANDARD,5872,KAAA-Directorate of Economic Growth and Neighbourhood Services
RBC Legal Entity,30/05/2022,4686546,320020,JENNIFER STAYTE,Guaranteed Rent Scheme,880.53,Rents,Direct Payments,STANDARD,5872,KAAA-Directorate of Economic Growth and Neighbourhood Services
RBC Legal Entity,30/05/2022,4686641,320021,KATHLEEN ARBUCKLE,Guaranteed Rent Scheme,947.4,Rents,Direct Payments,STANDARD,5872,KAAA-Directorate of Economic Growth and Neighbourhood Services
RBC Legal Entity,30/05/2022,4677428,320023,ABRI (THE SWAYTHLING HOUSING SOCIETY LTD),Brighter Futures for Children,853.43,Rent Paid,Third Party Supplier,STANDARD,5430,NAAA-Former Directorate of Education and Childrens Services
RBC Legal Entity,30/05/2022,4686573,320024,RYAN SEWELL,Guaranteed Rent Scheme,880.53,Rents,Direct Payments,STANDARD,5872,KAAA-Directorate of Economic Growth and Neighbourhood Services
RBC Legal Entity,30/05/2022,4686648,320025,MELANIE SAUNDERS,Guaranteed Rent Scheme,968.21,Rents,Landlord,STANDARD,5872,KAAA-Directorate of Economic Growth and Neighbourhood Services
RBC Legal Entity,30/05/2022,4686649,320025,MELANIE SAUNDERS,Guaranteed Rent Scheme,1545.74,Rents,Landlord,STANDARD,5872,KAAA-Directorate of Economic Growth and Neighbourhood Services
RBC Legal Entity,30/05/2022,4686539,320026,BRADLEY HAMBRIDGE,Guaranteed Rent Scheme,880.53,Rents,Direct Payments,STANDARD,5872,KAAA-Directorate of Economic Growth and Neighbourhood Services
RBC Legal Entity,30/05/2022,4686540,320028,NIDA EBRAHIM,Guaranteed Rent Scheme,880.53,Rents,Direct Payments,STANDARD,5872,KAAA-Directorate of Economic Growth and Neighbourhood Services
RBC Legal Entity,30/05/2022,4686541,320029,THE PURPLE PROPERTY ENTERPRISE LLP,Guaranteed Rent Scheme,694.59,Rents,Landlord,STANDARD,5872,KAAA-Directorate of Economic Growth and Neighbourhood Services
RBC Legal Entity,30/05/2022,4686598,320030,HUI JUN YONG AND KAH HOOI LIM,Guaranteed Rent Scheme,694.59,Rents,Landlord,STANDARD,5872,KAAA-Directorate of Economic Growth and Neighbourhood Services
RBC Legal Entity,30/05/2022,4686595,320032,DANIEL SAWYERS,Guaranteed Rent Scheme,1388.74,Rents,Landlord,STANDARD,5872,KAAA-Directorate of Economic Growth and Neighbourhood Services
RBC Legal Entity,30/05/2022,4686592,320033,READING ALMSHOUSE CHARITY,Guaranteed Rent Scheme,642,Rents,Landlord,STANDARD,5872,KAAA-Directorate of Economic Growth and Neighbourhood Services
RBC Legal Entity,30/05/2022,4686563,320034,JON HUNDY,Guaranteed Rent Scheme,880.53,Rents,Landlord,STANDARD,5872,KAAA-Directorate of Economic Growth and Neighbourhood Services
RBC Legal Entity,30/05/2022,4686525,320035,MARK COOMBES,Guaranteed Rent Scheme,694.59,Rents,Landlord,STANDARD,5872,KAAA-Directorate of Economic Growth and Neighbourhood Services
RBC Legal Entity,30/05/2022,4686529,320035,MARK COOMBES,Guaranteed Rent Scheme,694.59,Rents,Landlord,STANDARD,5872,KAAA-Directorate of Economic Growth and Neighbourhood Services
RBC Legal Entity,30/05/2022,4686533,320035,MARK COOMBES,Guaranteed Rent Scheme,694.59,Rents,Landlord,STANDARD,5872,KAAA-Directorate of Economic Growth and Neighbourhood Services
RBC Legal Entity,30/05/2022,4686520,320036,ANDY MEIGHEN,Guaranteed Rent Scheme,694.59,Rents,Landlord,STANDARD,5872,KAAA-Directorate of Economic Growth and Neighbourhood Services
RBC Legal Entity,30/05/2022,4686572,320036,ANDY MEIGHEN,Guaranteed Rent Scheme,694.59,Rents,Landlord,STANDARD,5872,KAAA-Directorate of Economic Growth and Neighbourhood Services
RBC Legal Entity,30/05/2022,4686628,320037,REBECCA TAYNTON,Guaranteed Rent Scheme,947.4,Rents,Landlord,STANDARD,5872,KAAA-Directorate of Economic Growth and Neighbourhood Services
RBC Legal Entity,30/05/2022,4687212,320038,BANNER GROUP LTD,Buildings Payroll,70.83,Stationery  Consumables,Third Party Supplier,STANDARD,3390,KAAA-Directorate of Economic Growth and Neighbourhood Services
RBC Legal Entity,30/05/2022,4687212,320038,BANNER GROUP LTD,Buildings Payroll,783.26,Stationery  Consumables,Third Party Supplier,STANDARD,3390,KAAA-Directorate of Economic Growth and Neighbourhood Services
RBC Legal Entity,30/05/2022,4686468,320039,GVA PROPERTIES LTD,Guaranteed Rent Scheme,792.83,Rents,Landlord,STANDARD,5872,KAAA-Directorate of Economic Growth and Neighbourhood Services
RBC Legal Entity,30/05/2022,4686467,320040,BRIJ BHARATI AND ALKA BAHUGUNA,Guaranteed Rent Scheme,947.4,Rents,Landlord,STANDARD,5872,KAAA-Directorate of Economic Growth and Neighbourhood Services
RBC Legal Entity,30/05/2022,4686522,320040,BRIJ BHARATI AND ALKA BAHUGUNA,Guaranteed Rent Scheme,880.53,Rents,Landlord,STANDARD,5872,KAAA-Directorate of Economic Growth and Neighbourhood Services
RBC Legal Entity,30/05/2022,4686472,320041,VTS SERVICES & CONSULTING LTD,Guaranteed Rent Scheme,880.53,Rents,Landlord,STANDARD,5872,KAAA-Directorate of Economic Growth and Neighbourhood Services
RBC Legal Entity,30/05/2022,4686601,320042,ROSS DALFSEN,Guaranteed Rent Scheme,694.59,Rents,Direct Payments,STANDARD,5872,KAAA-Directorate of Economic Growth and Neighbourhood Services
RBC Legal Entity,30/05/2022,4686594,320043,LISA JONES-ALLEN,Guaranteed Rent Scheme,694.59,Rents,Direct Payments,STANDARD,5872,KAAA-Directorate of Economic Growth and Neighbourhood Services
RBC Legal Entity,30/05/2022,4686621,320044,VX KVA LTD,Guaranteed Rent Scheme,694.59,Rents,Landlord,STANDARD,5872,KAAA-Directorate of Economic Growth and Neighbourhood Services
RBC Legal Entity,30/05/2022,4686623,320044,VX KVA LTD,Guaranteed Rent Scheme,792.83,Rents,Landlord,STANDARD,5872,KAAA-Directorate of Economic Growth and Neighbourhood Services
RBC Legal Entity,30/05/2022,4680152,320045,UNIVERSITY HOSPITALS OF LEICESTER NHS TRUST,Coroner,6958,Medical Fees,Third Party Supplier,STANDARD,4605,KAAA-Directorate of Economic Growth and Neighbourhood Services
RBC Legal Entity,30/05/2022,4680003,320046,UNIQ HEALTHCARE LTD,LD Community Services,12635.7,Purchased Care,Third Party Supplier,STANDARD,5741,JAAA-Directorate of Social Care and Health Services
RBC Legal Entity,30/05/2022,4686492,320047,THAMES VALLEY MOTS,Guaranteed Rent Scheme,880.53,Rents,Third Party Supplier,STANDARD,5872,KAAA-Directorate of Economic Growth and Neighbourhood Services
RBC Legal Entity,30/05/2022,4686489,320048,WASEEM ZAKIR,Guaranteed Rent Scheme,1006.72,Rents,Landlord,STANDARD,5872,KAAA-Directorate of Economic Growth and Neighbourhood Services
RBC Legal Entity,30/05/2022,4686560,320050,TANYA KYNASTON,Guaranteed Rent Scheme,830.53,Rents,Direct Payments,STANDARD,5872,KAAA-Directorate of Economic Growth and Neighbourhood Services
RBC Legal Entity,30/05/2022,4686584,320051,ELIZABETH BEWKETU,Guaranteed Rent Scheme,1006.72,Rents,Direct Payments,STANDARD,5872,KAAA-Directorate of Economic Growth and Neighbourhood Services
RBC Legal Entity,30/05/2022,4686596,320052,CHRIS HARDING,Guaranteed Rent Scheme,880.53,Rents,Landlord,STANDARD,5872,KAAA-Directorate of Economic Growth and Neighbourhood Services
RBC Legal Entity,30/05/2022,4686442,320053,JEFFREY UNSWORTH AND NEENA PATEL,Guaranteed Rent Scheme,947.4,Rents,Landlord,STANDARD,5872,KAAA-Directorate of Economic Growth and Neighbourhood Services
RBC Legal Entity,30/05/2022,4686429,320054,SPENCER CHAPLIN,Guaranteed Rent Scheme,1146.86,Rents,Landlord,STANDARD,5872,KAAA-Directorate of Economic Growth and Neighbourhood Services
RBC Legal Entity,30/05/2022,4686435,320055,JASVIR SINGH,Guaranteed Rent Scheme,947.4,Rents,Landlord,STANDARD,5872,KAAA-Directorate of Economic Growth and Neighbourhood Services
RBC Legal Entity,30/05/2022,4686440,320056,SIMON O'BRIEN,Guaranteed Rent Scheme,1146.86,Rents,Landlord,STANDARD,5872,KAAA-Directorate of Economic Growth and Neighbourhood Services
RBC Legal Entity,30/05/2022,4686438,320057,TIMOTHY PAUL CARTER,Guaranteed Rent Scheme,880.53,Rents,Landlord,STANDARD,5872,KAAA-Directorate of Economic Growth and Neighbourhood Services
RBC Legal Entity,30/05/2022,4686446,320058,MARK PARMENTER,Guaranteed Rent Scheme,792.83,Rents,Landlord,STANDARD,5872,KAAA-Directorate of Economic Growth and Neighbourhood Services
RBC Legal Entity,30/05/2022,4686454,320059,ASHWANI ANAND,Guaranteed Rent Scheme,947.4,Rents,Landlord,STANDARD,5872,KAAA-Directorate of Economic Growth and Neighbourhood Services
RBC Legal Entity,30/05/2022,4686500,320061,SAID KAMAL HASHEMI,Guaranteed Rent Scheme,1006.72,Rents,Landlord,STANDARD,5872,KAAA-Directorate of Economic Growth and Neighbourhood Services
RBC Legal Entity,30/05/2022,4686554,320062,HEATHER GINETTE MILLER SIMPSON,Guaranteed Rent Scheme,694.59,Rents,Direct Payments,STANDARD,5872,KAAA-Directorate of Economic Growth and Neighbourhood Services
RBC Legal Entity,30/05/2022,4687216,320063,EDDISONS,Regeneration projects,15075,Design Fees,Third Party Supplier,STANDARD,8638,ZZZC-Capital
RBC Legal Entity,30/05/2022,4686656,320064,FUMMAN SIDHU,Guaranteed Rent Scheme,567.13,Rents,Direct Payments,STANDARD,5872,KAAA-Directorate of Economic Growth and Neighbourhood Services
RBC Legal Entity,30/05/2022,4686657,320064,FUMMAN SIDHU,Guaranteed Rent Scheme,1146.86,Rents,Direct Payments,STANDARD,5872,KAAA-Directorate of Economic Growth and Neighbourhood Services
RBC Legal Entity,30/05/2022,4686655,320065,SHANE RYAN POWELL,Guaranteed Rent Scheme,792.83,Rents,Direct Payments,STANDARD,5872,KAAA-Directorate of Economic Growth and Neighbourhood Services
RBC Legal Entity,30/05/2022,4690202,320066,EMMA LAULIK-WALTERS,JLT Disbursements,2289.15,Misc. Legal Expenses,INDIVIDUAL,STANDARD,2407,LAAA-Directorate of Resources
RBC Legal Entity,30/05/2022,4690203,320066,EMMA LAULIK-WALTERS,JLT Disbursements,1368.5,Misc. Legal Expenses,INDIVIDUAL,STANDARD,2407,LAAA-Directorate of Resources
RBC Legal Entity,31/05/2022,4690281,321062,MORRIS & BLUNT,Corporate FM - Office Buildings,3813.72,Building Maintenance,SUB-CONTRACTOR,STANDARD,3738,KAAA-Directorate of Economic Growth and Neighbourhood Services
RBC Legal Entity,31/05/2022,4680241,321064,PITNEY BOWES LTD,Post Room,30013.36,Postage Carriage Stamp Duty,Third Party Supplier,STANDARD,2585,KAAA-Directorate of Economic Growth and Neighbourhood Services
RBC Legal Entity,31/05/2022,4690512,321066,ACTIVE ASSISTANCE,PS Acquired Community Services,634.34,Purchased Care,SUPPLIER,STANDARD,5771,JAAA-Directorate of Social Care and Health Services
RBC Legal Entity,31/05/2022,4690513,321066,ACTIVE ASSISTANCE,PS Acquired Community Services,634.34,Purchased Care,SUPPLIER,STANDARD,5771,JAAA-Directorate of Social Care and Health Services
RBC Legal Entity,31/05/2022,4690514,321066,ACTIVE ASSISTANCE,PS Acquired Community Services,634.34,Purchased Care,SUPPLIER,STANDARD,5771,JAAA-Directorate of Social Care and Health Services
RBC Legal Entity,31/05/2022,4690515,321066,ACTIVE ASSISTANCE,PS Acquired Community Services,634.34,Purchased Care,SUPPLIER,STANDARD,5771,JAAA-Directorate of Social Care and Health Services
RBC Legal Entity,31/05/2022,4690516,321066,ACTIVE ASSISTANCE,PS Acquired Community Services,634.34,Purchased Care,SUPPLIER,STANDARD,5771,JAAA-Directorate of Social Care and Health Services
RBC Legal Entity,31/05/2022,4690517,321066,ACTIVE ASSISTANCE,PS Acquired Community Services,634.34,Purchased Care,SUPPLIER,STANDARD,5771,JAAA-Directorate of Social Care and Health Services
RBC Legal Entity,31/05/2022,4690518,321066,ACTIVE ASSISTANCE,PS Acquired Community Services,634.34,Purchased Care,SUPPLIER,STANDARD,5771,JAAA-Directorate of Social Care and Health Services
RBC Legal Entity,31/05/2022,4690519,321066,ACTIVE ASSISTANCE,PS Acquired Community Services,952.83,Purchased Care,SUPPLIER,STANDARD,5771,JAAA-Directorate of Social Care and Health Services
RBC Legal Entity,31/05/2022,4687237,321071,A LANGHAM BUILDERS LIMITED,MRA Account,7647.52,Special Adaptions,Unclassified,STANDARD,5975,HAAA-Housing Revenue Account
RBC Legal Entity,31/05/2022,4690332,321074,RIDGE & PARTNERS,HRA portfolio expansion,7500,External Fees  Misc.,SUPPLIER,STANDARD,8518,ZZZC-Capital
RBC Legal Entity,31/05/2022,4690352,321074,RIDGE & PARTNERS,HRA portfolio expansion,4500,External Fees  Misc.,SUPPLIER,STANDARD,8518,ZZZC-Capital
RBC Legal Entity,31/05/2022,4690354,321074,RIDGE & PARTNERS,HRA portfolio expansion,1806.77,External Fees  Misc.,SUPPLIER,STANDARD,8518,ZZZC-Capital
RBC Legal Entity,31/05/2022,4690356,321074,RIDGE & PARTNERS,HRA portfolio expansion,2000,External Fees  Misc.,SUPPLIER,STANDARD,8518,ZZZC-Capital
RBC Legal Entity,31/05/2022,4690358,321074,RIDGE & PARTNERS,HRA portfolio expansion,1500,External Fees  Misc.,SUPPLIER,STANDARD,8518,ZZZC-Capital
RBC Legal Entity,31/05/2022,4690360,321074,RIDGE & PARTNERS,HRA portfolio expansion,919.77,External Fees  Misc.,SUPPLIER,STANDARD,8518,ZZZC-Capital
RBC Legal Entity,31/05/2022,4690363,321074,RIDGE & PARTNERS,HRA portfolio expansion,461.29,External Fees  Misc.,SUPPLIER,STANDARD,8518,ZZZC-Capital
RBC Legal Entity,31/05/2022,4690365,321074,RIDGE & PARTNERS,HRA portfolio expansion,500,External Fees  Misc.,SUPPLIER,STANDARD,8518,ZZZC-Capital
RBC Legal Entity,31/05/2022,4661231,321076,LISTER WILDER LTD,Grounds Maintenance,225,Uniforms,Third Party Supplier,STANDARD,1306,KAAA-Directorate of Economic Growth and Neighbourhood Services
RBC Legal Entity,31/05/2022,4661231,321076,LISTER WILDER LTD,Grounds Maintenance,255.6,Uniforms,Third Party Supplier,STANDARD,1306,KAAA-Directorate of Economic Growth and Neighbourhood Services
RBC Legal Entity,31/05/2022,4676541,321076,LISTER WILDER LTD,Grounds Maintenance,50,Uniforms,Third Party Supplier,STANDARD,1306,KAAA-Directorate of Economic Growth and Neighbourhood Services
RBC Legal Entity,31/05/2022,4676541,321076,LISTER WILDER LTD,Grounds Maintenance,205.6,Uniforms,Third Party Supplier,STANDARD,1306,KAAA-Directorate of Economic Growth and Neighbourhood Services
RBC Legal Entity,31/05/2022,4676541,321076,LISTER WILDER LTD,Grounds Maintenance,225,Uniforms,Third Party Supplier,STANDARD,1306,KAAA-Directorate of Economic Growth and Neighbourhood Services
RBC Legal Entity,31/05/2022,4679225,321076,LISTER WILDER LTD,Grounds Maintenance,-255.6,Uniforms,Third Party Supplier,CREDIT,1306,KAAA-Directorate of Economic Growth and Neighbourhood Services
RBC Legal Entity,31/05/2022,4679225,321076,LISTER WILDER LTD,Grounds Maintenance,-225,Uniforms,Third Party Supplier,CREDIT,1306,KAAA-Directorate of Economic Growth and Neighbourhood Services
RBC Legal Entity,31/05/2022,4690520,321077,A2 DOMINION GROUP,PS Acquired Community Services,2463.16,Purchased Care,Third Party Supplier,STANDARD,5771,JAAA-Directorate of Social Care and Health Services
RBC Legal Entity,31/05/2022,4690521,321077,A2 DOMINION GROUP,PS Acquired Community Services,1051.01,Purchased Care,Third Party Supplier,STANDARD,5771,JAAA-Directorate of Social Care and Health Services
RBC Legal Entity,31/05/2022,4690522,321077,A2 DOMINION GROUP,PS Acquired Community Services,569.49,Purchased Care,Third Party Supplier,STANDARD,5771,JAAA-Directorate of Social Care and Health Services
RBC Legal Entity,31/05/2022,4690523,321077,A2 DOMINION GROUP,PS Acquired Community Services,1551.05,Purchased Care,Third Party Supplier,STANDARD,5771,JAAA-Directorate of Social Care and Health Services
RBC Legal Entity,31/05/2022,4690524,321077,A2 DOMINION GROUP,PS Acquired Community Services,2430.75,Purchased Care,Third Party Supplier,STANDARD,5771,JAAA-Directorate of Social Care and Health Services
RBC Legal Entity,31/05/2022,4690526,321077,A2 DOMINION GROUP,PS Acquired Community Services,1121.32,Purchased Care,Third Party Supplier,STANDARD,5771,JAAA-Directorate of Social Care and Health Services
RBC Legal Entity,31/05/2022,4690528,321077,A2 DOMINION GROUP,Sensory Support Community Services,543.68,Purchased Care,Third Party Supplier,STANDARD,5711,JAAA-Directorate of Social Care and Health Services
RBC Legal Entity,31/05/2022,4690529,321077,A2 DOMINION GROUP,Mental Health Community Services,594.64,Purchased Care,Third Party Supplier,STANDARD,5731,JAAA-Directorate of Social Care and Health Services
RBC Legal Entity,31/05/2022,4690530,321077,A2 DOMINION GROUP,M&C Acquired Community Services,951.44,Purchased Care,Third Party Supplier,STANDARD,5751,JAAA-Directorate of Social Care and Health Services
RBC Legal Entity,31/05/2022,4690531,321077,A2 DOMINION GROUP,Sensory Support Community Services,530.93,Purchased Care,Third Party Supplier,STANDARD,5711,JAAA-Directorate of Social Care and Health Services
RBC Legal Entity,31/05/2022,4690532,321077,A2 DOMINION GROUP,M&C Acquired Community Services,951.44,Purchased Care,Third Party Supplier,STANDARD,5751,JAAA-Directorate of Social Care and Health Services
RBC Legal Entity,31/05/2022,4690533,321077,A2 DOMINION GROUP,PS Acquired Community Services,1570.15,Purchased Care,Third Party Supplier,STANDARD,5771,JAAA-Directorate of Social Care and Health Services
RBC Legal Entity,31/05/2022,4690534,321077,A2 DOMINION GROUP,PS Acquired Community Services,679.6,Purchased Care,Third Party Supplier,STANDARD,5771,JAAA-Directorate of Social Care and Health Services
RBC Legal Entity,31/05/2022,4690468,321078,DIMENSIONS (UK) LTD,LD Community Services,510.9,Purchased Care,Third Party Supplier,STANDARD,5741,JAAA-Directorate of Social Care and Health Services
RBC Legal Entity,31/05/2022,4684502,321083,GREENWICH LEISURE LIMITED,Leisure Review,17581.7,Contractors,Third Party Supplier,STANDARD,8016,ZZZC-Capital
RBC Legal Entity,31/05/2022,4684503,321083,GREENWICH LEISURE LIMITED,Leisure Review,3642.32,Contractors,Third Party Supplier,STANDARD,8016,ZZZC-Capital
RBC Legal Entity,31/05/2022,4678338,321085,DNA LEGAL LTD,JLT Disbursements,463,Misc. Legal Expenses,SUPPLIER,STANDARD,2407,LAAA-Directorate of Resources
RBC Legal Entity,31/05/2022,4690351,321086,CHRISTINE JULIEN,JLT Disbursements,1000,Misc. Legal Expenses,SUPPLIER,STANDARD,2407,LAAA-Directorate of Resources
RBC Legal Entity,31/05/2022,4681289,321087,PROVIDE SESS LTD,Grounds Maintenance,1186.4,TPP to Others,Third Party Supplier,STANDARD,1306,KAAA-Directorate of Economic Growth and Neighbourhood Services
RBC Legal Entity,31/05/2022,4670389,321089,HOME GROUP LTD (STONHAM),PS Acquired Community Services,136245,Purchased Care,Third Party Supplier,STANDARD,5771,JAAA-Directorate of Social Care and Health Services
RBC Legal Entity,31/05/2022,4680240,321093,HAVERLY CONSULTING LTD,Business Intelligence and Strategy Team,4200,Consultancy Fees,SUPPLIER,STANDARD,5916,HAAA-Housing Revenue Account
RBC Legal Entity,31/05/2022,4690539,321094,SPECTRUM GROUP SERVICES LIMITED,PS Acquired Community Services,1143.76,Purchased Care,Third Party Supplier,STANDARD,5771,JAAA-Directorate of Social Care and Health Services
RBC Legal Entity,31/05/2022,4690542,321094,SPECTRUM GROUP SERVICES LIMITED,PS Acquired Community Services,1183.2,Purchased Care,Third Party Supplier,STANDARD,5771,JAAA-Directorate of Social Care and Health Services
RBC Legal Entity,31/05/2022,4690543,321094,SPECTRUM GROUP SERVICES LIMITED,PS Acquired Community Services,1104.32,Purchased Care,Third Party Supplier,STANDARD,5771,JAAA-Directorate of Social Care and Health Services
RBC Legal Entity,31/05/2022,4690544,321094,SPECTRUM GROUP SERVICES LIMITED,PS Acquired Community Services,552.16,Purchased Care,Third Party Supplier,STANDARD,5771,JAAA-Directorate of Social Care and Health Services
RBC Legal Entity,31/05/2022,4690545,321094,SPECTRUM GROUP SERVICES LIMITED,PS Acquired Community Services,966.28,Purchased Care,Third Party Supplier,STANDARD,5771,JAAA-Directorate of Social Care and Health Services
RBC Legal Entity,31/05/2022,4690546,321094,SPECTRUM GROUP SERVICES LIMITED,PS Acquired Community Services,1400.12,Purchased Care,Third Party Supplier,STANDARD,5771,JAAA-Directorate of Social Care and Health Services
RBC Legal Entity,31/05/2022,4690549,321094,SPECTRUM GROUP SERVICES LIMITED,Mental Health Community Services,1163.48,Purchased Care,Third Party Supplier,STANDARD,5731,JAAA-Directorate of Social Care and Health Services
RBC Legal Entity,31/05/2022,4690551,321094,SPECTRUM GROUP SERVICES LIMITED,PS Acquired Community Services,1242.36,Purchased Care,Third Party Supplier,STANDARD,5771,JAAA-Directorate of Social Care and Health Services
RBC Legal Entity,31/05/2022,4690552,321094,SPECTRUM GROUP SERVICES LIMITED,PS Acquired Community Services,1104.32,Purchased Care,Third Party Supplier,STANDARD,5771,JAAA-Directorate of Social Care and Health Services
RBC Legal Entity,31/05/2022,4690553,321094,SPECTRUM GROUP SERVICES LIMITED,PS Acquired Community Services,1301.52,Purchased Care,Third Party Supplier,STANDARD,5771,JAAA-Directorate of Social Care and Health Services
RBC Legal Entity,31/05/2022,4690554,321094,SPECTRUM GROUP SERVICES LIMITED,M&C Acquired Community Services,631.04,Purchased Care,Third Party Supplier,STANDARD,5751,JAAA-Directorate of Social Care and Health Services
RBC Legal Entity,31/05/2022,4690555,321094,SPECTRUM GROUP SERVICES LIMITED,PS Acquired Community Services,1104.32,Purchased Care,Third Party Supplier,STANDARD,5771,JAAA-Directorate of Social Care and Health Services
RBC Legal Entity,31/05/2022,4690556,321094,SPECTRUM GROUP SERVICES LIMITED,PS Acquired Community Services,1143.76,Purchased Care,Third Party Supplier,STANDARD,5771,JAAA-Directorate of Social Care and Health Services
RBC Legal Entity,31/05/2022,4690557,321094,SPECTRUM GROUP SERVICES LIMITED,PS Acquired Community Services,2760.8,Purchased Care,Third Party Supplier,STANDARD,5771,JAAA-Directorate of Social Care and Health Services
RBC Legal Entity,31/05/2022,4673459,321095,BERKSHIRE ROOMS,Bed and Breakfast,133,Rents,Third Party Supplier,STANDARD,5871,KAAA-Directorate of Economic Growth and Neighbourhood Services
RBC Legal Entity,31/05/2022,4673459,321095,BERKSHIRE ROOMS,Bed and Breakfast,532,Rents,Third Party Supplier,STANDARD,5871,KAAA-Directorate of Economic Growth and Neighbourhood Services
RBC Legal Entity,31/05/2022,4690292,321096,MUSIC BOX PRODUCTIONS,Events & Engagement,970,Special Activities,Third Party Supplier,STANDARD,2080,EAAA-Chief Executive
RBC Legal Entity,31/05/2022,4690293,321096,MUSIC BOX PRODUCTIONS,Events & Engagement,880,Special Activities,Third Party Supplier,STANDARD,2080,EAAA-Chief Executive
RBC Legal Entity,31/05/2022,4687010,321097,YUNEX LTD,Traffic,1327.4,TPP  Contract,SUB-CONTRACTOR,STANDARD,4703,KAAA-Directorate of Economic Growth and Neighbourhood Services
RBC Legal Entity,31/05/2022,4690676,321098,L&T PATIENT TRANSPORT SERVICES,ASC Short Term Team,900,Taxi Fares,Third Party Supplier,STANDARD,5722,JAAA-Directorate of Social Care and Health Services
RBC Legal Entity,31/05/2022,4690270,321099,BINDMANS LLP,JLT Disbursements,15000,Misc. Legal Expenses,Third Party Supplier,STANDARD,2407,LAAA-Directorate of Resources
RBC Legal Entity,06/05/2022,22029,,Johnson's Solicitors,,158662.3,,SUPPLIER,CHAPS,8518,ZZZC-Capital
RBC Legal Entity,05/05/2022,22030,,ASSOCIATION OF UKRAINIANS READING BRANCH ,,10695.08,,SUPPLIER,Faster Payment,2298,MAAA-Corporate Codes
RBC Legal Entity,11/05/2022,22033,,A R Markos,,3900,,SUPPLIER,Faster Payment,2407,LAAA-Directorate of Resources
RBC Legal Entity,11/05/2022,22034,,Post Office Ltd,,10000,,SUPPLIER,Faster Payment,2019,EAAA-Chief Executive
RBC Legal Entity,13/05/2022,22035,,Henley YMCA,,573,,SUPPLIER,Faster Payment,5820,KAAA-Directorate of Economic Growth and Neighbourhood Services
RBC Legal Entity,17/05/2022,22038,,Miss F T Jeavons,,518,,SUPPLIER,Faster Payment,9870,ZZZB-Balance Sheet
RBC Legal Entity,20/05/2022,22044,,Walmsley Lettings and Property Management ,,2296.2,,SUPPLIER,Faster Payment,5820,KAAA-Directorate of Economic Growth and Neighbourhood Services
RBC Legal Entity,23/05/2022,22046,,Mishcon de Reya LLP,,2733.31,,SUPPLIER,Faster Payment,2855,MAAA-Corporate Codes
RBC Legal Entity,25/05/2022,22047,,Oak Housing Group C/O Cedar Housing Solutions,,1750,,SUPPLIER,Faster Payment,5820,KAAA-Directorate of Economic Growth and Neighbourhood Services
RBC Legal Entity,26/05/2022,22049,,Mark Whybrow,,606.77,,SUPPLIER,Faster Payment,2270,MAAA-Corporate Codes
RBC Legal Entity,04/05/2022,,,Britishsafe,,495,,SUPPLIER,Visa Purchasing Card,4065,KAAA-Directorate of Economic Growth and Neighbourhood Services
RBC Legal Entity,12/05/2022,,,Sepd Plc,,1073.95,,SUPPLIER,Visa Purchasing Card,5975,HAAA-Housing Revenue Account
RBC Legal Entity,30/05/2022,,,Hotel At Booking.Com,,959.56,,SUPPLIER,Visa Purchasing Card,5871,KAAA-Directorate of Economic Growth and Neighbourhood Services
RBC Legal Entity,01/06/2022,,,Hotel At Booking.Com,,837,,SUPPLIER,Visa Purchasing Card,5871,KAAA-Directorate of Economic Growth and Neighbourhood Services
RBC Legal Entity,06/05/2022,,,Warnercomm,,529.16,,SUPPLIER,Visa Purchasing Card,4252,KAAA-Directorate of Economic Growth and Neighbourhood Services
RBC Legal Entity,15/05/2022,,,Mailchimp,,576.98,,SUPPLIER,Visa Purchasing Card,2300,EAAA-Chief Executive
RBC Legal Entity,27/05/2022,,,Expedia,,711,,SUPPLIER,Visa Purchasing Card,5871,KAAA-Directorate of Economic Growth and Neighbourhood Services
